80071,3704,بیت فزیه,460093,6
80072,3704,چاه نصراله رحیم خانی,460094,6
80073,3704,چاه 34 قدرت جمشیدی نژاد,460095,6
80074,3704,چاه حسن خرسان,460096,6
80075,3704,چاه 38علیرضاخاکرنگ,460097,6
80076,3704,شهرک مطارفه,460098,6
80077,3704,سادات دانشگر,460099,6
80078,3704,چاه 55فریحه خرسان,460102,6
80079,3704,چاه 76شبیب خرسان,460103,6
80080,3704,شهرک مملح,460185,6
80081,3704,چاه35 گودرزی گودرزرستمی قدرت اله رستمی,460187,6
80082,3704,مزرعه حاج رحیم کمالی شایع درتا,460282,6
80083,3704,ابوقریب,460288,6
80084,3704,روستای والی نسب,460289,6
80085,3704,سلمان آباد,816029,6
80086,3704,تونل انتقال آب کرخه به دشت عباس,816030,6
80087,3704,پلیس راه دشت عباس - اندیمشک,816031,6
80088,3704,نصر 2,816100,6
80089,3704,شاخه,816173,6
80090,3704,مجتمع رفاهی شرکت نفت,816279,6
80091,3705,ابوغویر,224778,6
80092,3705,پاسگاه پیچ انگیز,224780,6
80093,3705,پاسگاه سمیده,224782,6
80094,3705,پاسگاه فکه,224783,6
80095,3705,چم هندی,224785,6
80096,3705,سادات,224787,6
80097,3705,شاخه,224788,6
80098,3705,گوبت هشال,224791,6
80099,3705,واحدبهره برداری شهدای چشمه خوش,460108,6
80100,3705,صالح قندی,460213,6
80101,3705,محوز,460242,6
80102,3705,پاسگاه چم هندی1,460243,6
80103,3705,پاسگاه چم هندی2,460244,6
80104,3705,تاسیسات نفتی سمیده چاه شماره 3,460245,6
80105,3705,تاسیسات وچاههای نفتی سمیده,460246,6
80106,3705,سیبور,460250,6
80107,3705,چای حمر,460251,6
80108,3705,فکه,460252,6
80109,3705,چاه حشمت صفری,460348,6
80110,3705,چاه دانش,460349,6
80111,3705,یادمان شهدای والفجر 1,816294,6
80112,3706,جوب سرخ علیا,225026,6
80113,3706,چمقوله,225032,6
80114,3706,چیتلان,225033,6
80115,3706,جوب شیر علی,225035,6
80116,3706,دراشگفت,225037,6
80117,3706,موشکان,225058,6
80118,3706,هلسم,225059,6
80119,3706,هنرستان شبانه روزی,460133,6
80120,3706,امامزاده قاسم,460135,6
80121,3706,مرغداری گوشتی جمشید زاده,460307,6
80122,3706,پست 63/20 کیلو ولت سرابله,816019,6
80123,3706,سلیندر پرکنی سرابله,816020,6
80124,3707,باغله سفلی,225016,6
80125,3707,باغله علیا,225017,6
80126,3707,برده بل,225018,6
80127,3707,تنگقیر,225023,6
80128,3707,چم کبود,225029,6
80129,3707,دارتوت,225036,6
80130,3707,سنگ سفید,225042,6
80131,3707,قریب,225051,6
80132,3707,لتاب,225056,6
80133,3707,رومیان,816021,6
80134,3707,سنگ شکن آجروآسفالت نجفی,816022,6
80135,3707,مرغداری علیزاده,816058,6
80136,3707,پلیس راه حمیل - ایلام,816090,6
80137,3707,شهرک صنعتی شباب,816091,6
80138,3707,شهرک صنعتی سرابله,816092,6
80139,3707,مرغداری نجفی,816230,6
80140,3707,جایگاه CNG شهرداری سرابله,816281,6
80141,3708,زنجیره سفلی,225038,6
80142,3708,زنجیره علیا,225039,6
80143,3708,گلمه,225055,6
80144,3708,مزرعه خرمه,460237,6
80145,3708,امامزاده پیر حسین,816145,6
80146,3709,برآفتاب بی,224949,6
80147,3709,برآفتاب چالاب زرد,224950,6
80148,3709,تخت بسطام سفلی,224953,6
80149,3709,تخت بسطام علیا,224954,6
80150,3709,چقابلک,224958,6
80151,3709,هرقوش,224959,6
80152,3709,دره چپی,224961,6
80153,3709,دول زرد,224963,6
80154,3709,دول کلان,224964,6
80155,3709,زالوآب,224965,6
80156,3709,زیرتنگ,224967,6
80157,3709,سرچقا,224968,6
80158,3709,کمول,224972,6
80159,3709,کمول محمد زمان,224975,6
80160,3709,نسارچالاب زرد,224978,6
80161,3709,نیدوله علیا,224979,6
80162,3709,نیدوله سفلی,224980,6
80163,3709,هلت,224981,6
80164,3709,بلاوه تره علیا,225020,6
80165,3709,بلاوه خشکه,225021,6
80166,3709,پهنه بر,225022,6
80167,3709,جوب بور,225024,6
80168,3709,جوب سرخ سفلی,225025,6
80169,3709,جوب شله,225027,6
80170,3709,چم پوش,225028,6
80171,3709,چقاسبز,225030,6
80172,3709,چمچرود,225031,6
80173,3709,سعدآباد,225041,6
80174,3709,شورابه مراتع,225044,6
80175,3709,طاق گاورین,225045,6
80176,3709,نورآباد,225046,6
80177,3709,علیمرادخانی سفلی,225047,6
80178,3709,علیمرادخانی علیا,225048,6
80179,3709,قاسم آباد,225050,6
80180,3709,کلنگبر,225052,6
80181,3709,کله قطارسفلی,225053,6
80182,3709,کله قطارعلیا,225054,6
80183,3709,پاسگاه انتظامی مله مازگ,460155,6
80184,3709,بانبور فرخینوند,460309,6
80185,3709,غیب,460310,6
80186,3709,تاسیسات سدسازبن,460350,6
80187,3709,برآفتاب چالاب زرد (جدید),816089,6
80188,3710,باریکه فرخینوند,224948,6
80189,3710,پلکانه,224951,6
80190,3710,پلکیل,224952,6
80191,3710,تنگ زرده فرخینوند,224955,6
80192,3710,چالاب,224956,6
80193,3710,چم بورفرخینوند,224957,6
80194,3710,چقاشفیع,224960,6
80195,3710,دره گنوژ,224962,6
80196,3710,زیچ,224966,6
80197,3710,سرگل فرخینوند,224969,6
80198,3710,شله کش,224970,6
80199,3710,کورگ,224973,6
80200,3710,گیزلان,224974,6
80201,3710,مله شیرخان,224976,6
80202,3710,میان قلعه,224977,6
80203,3710,پشته کبود,224982,6
80204,3710,پلکانه سفلی,460308,6
80205,3710,ایستگاه ال بی وی پتروشیمی ایلام,816304,6
80206,3711,صیدنظری علیا,224919,6
80207,3711,گدمه,224922,6
80208,3711,امامزاده میرحمزه,816013,6
80209,3711,سنگ شکن تعاونی 35,816014,6
80210,3711,مرغداری منت نیا,816015,6
80211,3711,کارخانه ایلام چرم,816109,6
80212,3711,مرغداری حسین سلمانی پور,816120,6
80213,3712,بابامرادی علیا,224909,6
80214,3712,فاطمیه,224910,6
80215,3712,پاسگاه انتظامی قلاجه,224911,6
80216,3712,پشته کل کل,224912,6
80217,3712,پشته وامرز,224913,6
80218,3712,جانجان,224914,6
80219,3712,کل کل علیا,224921,6
80220,3712,میوله سفلی,224925,6
80221,3712,میوله علیا,224926,6
80222,3712,وارگه,224927,6
80223,3712,طهماسب علیا,460137,6
80224,3713,آبگرمه,225580,6
80225,3713,امیرآباد,225581,6
80226,3713,بانروشان,225582,6
80227,3713,پاچه پیازجار,225583,6
80228,3713,چماب,225584,6
80229,3713,درک بان,225586,6
80230,3713,دوانه,225587,6
80231,3713,ریکا,225588,6
80232,3713,سایت نخجیر,225589,6
80233,3713,سرنی,225590,6
80234,3713,سیاهرگه,225593,6
80235,3713,فرهادآباد,225594,6
80236,3713,کره پو,225596,6
80237,3713,کلک,225597,6
80238,3713,گلم زرد,225598,6
80239,3713,گلان,225599,6
80240,3713,لیزن,225600,6
80241,3713,ماربره,225601,6
80242,3713,مزرعه بان شیر,225602,6
80243,3713,مزرعه تخت خان,225603,6
80244,3713,مزرعه دهلبان,225605,6
80245,3713,نرگس,225607,6
80246,3713,پاسگاه انجیره,225608,6
80247,3713,پاسگاه شورشیرین قدیم,225610,6
80248,3713,پاسگاه کانی سخت,225645,6
80249,3713,مزرعه صیدمهدی عبدالهی,460181,6
80250,3713,گره چقا,460230,6
80251,3713,پاسگاه شورشیرین جدید,460371,6
80252,3713,پاسگاه دوچشمه,460372,6
80253,3713,پاسگاه تنگ تاریکه,460373,6
80254,3713,پاسگاه تپه سرخی,460374,6
80255,3713,پاسگاه ایست وبازرسی سه راهی جنداله,460427,6
80256,3713,سنگ شکن دالاهو,460428,6
80257,3713,مقر لشکر11 امیرالمومنین,460430,6
80258,3713,پرواربندی علی رحمانی,460437,6
80259,3713,مجتمع گلخانه ای هیدروپونیک,816000,6
80260,3713,کارخانه آجر نقشینه,816042,6
80261,3713,شرکت مهران آجر غرب,816071,6
80262,3713,کارخانه آجر ارجمندی,816073,6
80263,3713,ایست بازرسی سرنی,816074,6
80264,3713,سایت فرستند ه رادیو یی صالح آباد,816110,6
80265,3713,بقعه متبرکه شیخ الیاس,816111,6
80266,3713,سد مخزنی کنجانچم,816131,6
80267,3713,کارخانه آرد نگین زاگرس,816132,6
80268,3713,غار زینگان,816147,6
80269,3713,پلیس راه ایلام - مهران,816148,6
80270,3713,پست کنترلی شهدای میمک,816149,6
80271,3713,ایست بازرسی سایت نخجیر,816166,6
80272,3713,سنگ شکن شوهانی,816234,6
80273,3713,راهدارخانه تونل راه کربلا,816235,6
80274,3713,مرغداری بقیه الله,816306,6
80275,3713,کمپ شرکت آب منطقه ای,816310,6
80276,3714,بان رحمان,225640,6
80277,3714,بهرام آباد,225641,6
80278,3714,بهین وبهروزان,225642,6
80279,3714,پاسگاه رضااباد,225644,6
80280,3714,جوی جفت,225647,6
80281,3714,جوی جفت ناصرولی,225648,6
80282,3714,چنگوله,225649,6
80283,3714,سیدحسن,225650,6
80284,3714,فیروزآباد,225652,6
80285,3714,کنجان چم,225657,6
80286,3714,مزرعه خسرواباد,225661,6
80287,3714,مجتمع انبارهای سازمانی مهران,225668,6
80288,3714,مزرعه یعقوب وحیدی,225670,6
80289,3714,سدانحرافی شهید ال اسحق,460169,6
80290,3714,جهاد سبز,460170,6
80291,3714,چالاب,460174,6
80292,3714,شهرک اسلامیه,460233,6
80293,3714,پاسگاه فرخ آباد,460235,6
80294,3714,شهرک صنعتی مهران,460352,6
80295,3714,سنگ شکن رحیمی,460355,6
80296,3714,گشتارگاه وکارخانه یخ شهرداری مهران,460356,6
80297,3714,مزرعه اموزشی دانشگاه ایلام,460358,6
80298,3714,تاسیسات شهرداری,460359,6
80299,3714,شرکت کشت وصنعت مهران دشت,460360,6
80300,3714,پارک جنگلی رضااباد,460369,6
80301,3714,مزرعه اذوق وشرکاد,460370,6
80302,3714,پاسگاه گمرگ,460378,6
80303,3714,پاسگاه گرمیشه,460379,6
80304,3714,پاسگاه سالاری,460380,6
80305,3714,پاسگاه امید,460381,6
80306,3714,پاسگاه کنجانچم,460382,6
80307,3714,پاسگاه چنگوله شرقی,460383,6
80308,3714,پاسگاه چک موسی,460384,6
80309,3714,پاسگاه چک قمر,460385,6
80310,3714,پاسگاه آب زیادی 1,460386,6
80311,3714,پاسگاه آب زیادی 2,460387,6
80312,3714,ایستگاه تولید نهال گرمسیری,460420,6
80313,3714,ایستگاه تحقیقاتی محسن,460421,6
80314,3714,مجتمع دامپروری جهادمهران,460422,6
80315,3714,پایگاه خیبر کد751,460423,6
80316,3714,پاسگاه مرزی قلاویزان,460424,6
80317,3714,پاسگاه مرزی بهرام آباد,460425,6
80318,3714,منبع اب اب فاضلاب,460440,6
80319,3714,سد گاوی,816026,6
80320,3714,پایانه مرزی مهران,816043,6
80321,3714,شرکت پرورش مرغ زرین بال,816045,6
80322,3714,مجتمع پرورش گاو میش علی اکبر پیری,816056,6
80323,3714,کرهر,816066,6
80324,3714,امامزاده سید جلیل,816067,6
80325,3714,باغ ارجمند,816068,6
80326,3714,دول گل,816069,6
80327,3714,ایست بازرسی بهرام آباد,816070,6
80328,3714,سرتنگ زعفرانی,816151,6
80329,3714,گنبد خاتون,816155,6
80330,3714,قیطول آباد,816156,6
80331,3714,یادمان شهدای ایل شوهان,816167,6
80332,3714,قلعه کهنه,816168,6
80333,3714,پایانه برکت,816285,6
80334,3714,پایانه صادراتی صدف مهران,816286,6
80335,3714,یادمان شهدای قلاویزان,816287,6
80336,3714,گروهان 102 مرزی مهران,816288,6
80337,3714,ایستگاه پمپاژ آب پردیس 2,816289,6
80338,3714,کمپ اقامتی بهره برداری میدان نفتی آذر,816290,6
80339,3714,مجتمع بهره برداری CPF میدان نفتی آذر,816291,6
80340,3714,پاسگاه مرزی چنگوله غربی,816293,6
80341,3715,آبطاف سفلی,223931,6
80342,3715,آبطاف علیا,223932,6
80343,3715,ایستگاه علوفه,223934,6
80344,3715,تپه حمام سفلی,223936,6
80345,3715,تپه حمام علیا,223937,6
80346,3715,چم شالان,223940,6
80347,3715,چشمه شیرین رشنو,223942,6
80348,3715,کن احمدخان,223953,6
80349,3715,کنارجهانگیر,223954,6
80350,3715,گلهی,223958,6
80351,3715,لرغه,223959,6
80352,3715,مولاب علیا,223963,6
80353,3715,مولابسفلی,223964,6
80354,3715,لرغه سفلی,223967,6
80355,3715,تپه حمام وسطی,460331,6
80356,3715,سد مولاب,816039,6
80357,3715,طرح کشاورزی کلات,816086,6
80358,3715,مصطفایی,816097,6
80359,3715,سایت مخابراتی مورموری,816101,6
80360,3715,جانستان,816102,6
80361,3715,پنج برار,816103,6
80362,3715,گچ راغ,816104,6
80363,3715,ذل زمان دره,816105,6
80364,3715,ایمانی,816129,6
80365,3715,گاوداری سلیمانی,816219,6
80366,3715,مرغداری بهرام تاجمیر,816222,6
80367,3715,چاه نفت شماره 4 دال پری,816296,6
80368,3715,امامزاده بابازید,816301,6
80369,3716,آب انار,223930,6
80370,3716,چپوراست,223939,6
80371,3716,چرمل,223941,6
80372,3716,چشمه شیرین شاه احمد,223943,6
80373,3716,حونگه,223944,6
80374,3716,سیاه گل,223950,6
80375,3716,کوشک,223955,6
80376,3716,هلیوه,223965,6
80377,3716,علی آباد,223966,6
80378,3716,طاق اکبر علیا,816209,6
80379,3716,طاق اکبر سفلی,816210,6
80380,3716,قلعه نو,816211,6
80381,3717,ارادان,223898,6
80382,3717,سیاه خانی,223903,6
80383,3717,شیلاب,223904,6
80384,3717,قدح بالا,223905,6
80385,3717,قدح پایین,223906,6
80386,3717,گنداب,223907,6
80387,3717,انجیره وتیشه کند,224003,6
80388,3717,کله گراز,224005,6
80389,3717,گرازان پایین,224006,6
80390,3717,راهدارخانه کبیرکوه,460329,6
80391,3717,سلیمانی,816128,6
80392,3717,پاسگاه انتظامی کبیرکوه,816300,6
80393,3718,پشت قلعه,223837,6
80394,3718,ایستگاه رادیو تلویزیون,223839,6
80395,3718,منطقه ممنوعه سایت,223840,6
80396,3718,بانکت /شمشیراباد/,223841,6
80397,3718,هفت چشمه,223844,6
80398,3718,ورگر,223846,6
80399,3718,چم کبود,223867,6
80400,3718,شهرک هزارانی,223870,6
80401,3718,طلور,223871,6
80402,3718,ماهوته,223873,6
80403,3718,یخی,223908,6
80404,3718,دستوار,224524,6
80405,3718,دیونه,224526,6
80406,3718,سیاه دول,224529,6
80407,3718,جابرانصار,460318,6
80408,3718,ماکروویوومخابرات,460330,6
80409,3718,فرودگاه نیروی هوایی,816040,6
80410,3718,پادگان قدس,816041,6
80411,3718,مرغداری طهماسبی,816199,6
80412,3718,مرغداری رحمتی,816201,6
80413,3719,بان گنبد,223865,6
80414,3719,چم کبودملک جمشید,223868,6
80415,3719,وچکاب,223874,6
80416,3719,وچکبودسفلی,223875,6
80417,3719,وچکبودعلیا,223876,6
80418,3719,سنگ شکن اناران,816297,6
80419,3720,سرپله,223869,6
80420,3720,ژیور,223929,6
80421,3720,سرابنقل,223947,6
80422,3720,سرکوهه,223948,6
80423,3720,سیاه گاو,223951,6
80424,3720,شلت,223952,6
80425,3720,گل گل سفلی,223956,6
80426,3720,گل گل علیا,223957,6
80427,3720,مژاره,223960,6
80428,3720,قدرتی,460404,6
80429,3720,شهرک صنعتی,816072,6
80430,3720,دریاچه های دو قلوی آبدانان,816126,6
80431,3720,مرغداری غلامی,816203,6
80432,3720,مرغداری رحیمی,816205,6
80433,3720,گاوداری رضایی,816206,6
80434,3720,دامپروری نبی محمدی,816208,6
80435,3721,ژیروزن,223365,6
80436,3721,بان چنار,223368,6
80437,3721,بان علگ,223369,6
80438,3721,پلنگ کنا,223370,6
80439,3721,پلیه,223371,6
80440,3721,تبرک,223372,6
80441,3721,تعل,223374,6
80442,3721,توه سیه,223375,6
80443,3721,جل خور,223376,6
80444,3721,حاجی حاضر,223380,6
80445,3721,دارزلیخا,223381,6
80446,3721,داروندسرتنگ,223382,6
80447,3721,درگ,223383,6
80448,3721,ذیچ شارزول,223387,6
80449,3721,سان نیری,223389,6
80450,3721,سپاه,223390,6
80451,3721,سرتنگ,223391,6
80452,3721,سیاه گل,223392,6
80453,3721,شاله شوری,223393,6
80454,3721,قپه چال,223396,6
80455,3721,کپنه کران,223397,6
80456,3721,کلان,223398,6
80457,3721,کهرسر,223400,6
80458,3721,گاومیشان,223402,6
80459,3721,گیلانه,223404,6
80460,3721,مزرعه بان بکر,223405,6
80461,3721,مزرعه کاژاب,223407,6
80462,3721,ملیه خاتون,223408,6
80463,3721,میرعلمدار,223411,6
80464,3721,ناخوره,223413,6
80465,3721,نهرخان سفلی,223414,6
80466,3721,نهرخان علیا,223415,6
80467,3721,ویله ملاملا,223418,6
80468,3721,سد کنگیر,816009,6
80469,3721,سیستم پمپاژ شماره 1,816135,6
80470,3721,سیستم پمپاژ شماره 2,816136,6
80471,3721,آتشکده سیاه گل,816137,6
80472,3722,روان,053615,6
80473,3722,باباگیر,223366,6
80474,3722,باسکله گرمه,223367,6
80475,3722,ترن,223373,6
80476,3722,چشمه مرو,223377,6
80477,3722,چهارمله,223378,6
80478,3722,چهل زرعی,223379,6
80479,3722,درگه,223384,6
80480,3722,دن خان احمد,223385,6
80481,3722,دیزگران,223386,6
80482,3722,شورابه خوران,223394,6
80483,3722,شیرپناه,223395,6
80484,3722,کوچهر,223399,6
80485,3722,مزرعه گاومهر,223401,6
80486,3722,گرمه,223403,6
80487,3722,مزرعه تیمانه,223406,6
80488,3722,میان,223409,6
80489,3722,میاندارزرنه,223410,6
80490,3722,میوانه,223412,6
80491,3722,ورن سرا,223416,6
80492,3722,ویله,223417,6
80493,3722,کوشک,460026,6
80494,3722,تیپ 71 پیاده مکانیزه ارتش,460201,6
80495,3722,صداقت,816010,6
80496,3722,منطقه نظامی چهل زرعی,816011,6
80497,3722,مجتمع کشتارگاهی سپیدمرغ مانشت,816012,6
80498,3722,شبکه آبرسانی دشت زرنه,816080,6
80499,3722,سنگ شکن امیری,816081,6
80500,3722,سنگ شکن ناصری,816082,6
80501,3722,مرغداری نظری,816095,6
80502,3722,سد مخزنی سومار,816133,6
80503,3722,سایت مخابراتی چهل زرعی,816134,6
80504,3722,طاق شیرین وفرهاد,816146,6
80505,3722,مرغداری صادق حیدری,816280,6
80506,3723,پاسگاه نگهبانی تونل,223474,6
80507,3723,چالانچی سفلی,223475,6
80508,3723,چالانچی علیا,223476,6
80509,3723,چشمه سفید,223477,6
80510,3723,خرابانان سفلی,223478,6
80511,3723,خرابانان علیا,223479,6
80512,3723,داراب,223480,6
80513,3723,سراب /دولت آباد/,223481,6
80514,3723,کاپوره,223482,6
80515,3723,کل کل علیا,223483,6
80516,3723,کلگه جمال,223484,6
80517,3723,گاوسوار,223485,6
80518,3723,گورخرم خرابانان,223486,6
80519,3723,نسارهلشی,223487,6
80520,3723,هلشی علیا,223488,6
80521,3723,مزرعه کشاورزی بانکول,223489,6
80522,3723,دوبیران سفلی,223520,6
80523,3723,دوبیران علیا,223521,6
80524,3723,شیره چقاچالانچی,223526,6
80525,3723,گاوداری غلامی,460009,6
80526,3723,امامزاده سیدعبداله,460279,6
80527,3723,گاوداری صیدعباس,460281,6
80528,3723,گاوداری امامی,816001,6
80529,3723,مرغداری محمد کریمی,816002,6
80530,3723,مجتمع گاوداری فارغ التحصیلان (1),816003,6
80531,3723,مجتمع گاوداری فارغ التحصیلان(2),816004,6
80532,3723,مرغداری شهبازی,816005,6
80533,3723,مرغداری کریمیان,816006,6
80534,3723,شهر تاریخی گم گم,816127,6
80535,3724,اسماعیلی سفلی,223509,6
80536,3724,اسماعیلی علیا,223510,6
80537,3724,بلیین,223511,6
80538,3724,پلنگرد,223512,6
80539,3724,جوب گوهرسفلی,223513,6
80540,3724,جوب گوهرعلیا,223514,6
80541,3724,چفته,223515,6
80542,3724,چقاماهی,223516,6
80543,3724,حصارشاوه,223517,6
80544,3724,خوران سفلی,223518,6
80545,3724,خوران علیا,223519,6
80546,3724,ساتیان,223522,6
80547,3724,شریف,223523,6
80548,3724,شورابه ملک,223524,6
80549,3724,شهرک نبوت,223525,6
80550,3724,علیگه,223527,6
80551,3724,کله جوب,223528,6
80552,3724,لینجاب شریف,223530,6
80553,3724,ماژین,223531,6
80554,3724,ماژین میانه سرخ,223532,6
80555,3724,نرگسی,223534,6
80556,3724,نهرغلام ویس,223535,6
80557,3724,ونیت سفلی,223536,6
80558,3724,ونیت علیا,223537,6
80559,3724,پمپ بنزین,816007,6
80560,3724,برزه خوران,816008,6
80561,3724,شهرک اندیشه,816078,6
80562,3724,سایت لرزه نگاری سایتیان,816079,6
80563,3725,طالقانی,225469,6
80564,3725,پاریاب,225470,6
80565,3725,پل شکسته,225471,6
80566,3725,چم انارسفلی,225472,6
80567,3725,چم انارعلیا,225473,6
80568,3725,درگه,225475,6
80569,3725,شهیدکشوری,225479,6
80570,3725,قرجیلیگان,225480,6
80571,3725,گنبدپیرمحمد,225482,6
80572,3725,میان تنگ,225484,6
80573,3725,میدان پاریاب,225485,6
80574,3725,نیازآباد,225486,6
80575,3725,وری,225487,6
80576,3725,ایستگاه مخابراتی پشمین,460168,6
80577,3725,مرغداری علیرضا قاسمی,816255,6
80578,3725,چشمه بریم,816312,6
80579,3726,سرکلم خلیلوند,225477,6
80580,3726,توتخوشادول,225508,6
80581,3726,توه بان مورتان,225509,6
80582,3726,چشمه پهن,225510,6
80583,3726,چیچال خلیفه,225511,6
80584,3726,دول کبودخوشادول,225513,6
80585,3726,گراب خوشادول,225515,6
80586,3726,مزرعه خان مروان,225516,6
80587,3726,مزرعه کهشولی تیرشرخ,225517,6
80588,3726,مزرعه میدان,225519,6
80589,3726,مناربلوطستان,225520,6
80590,3726,منارعبدالکریم,225521,6
80591,3726,نادرآباد,225522,6
80592,3726,هرکبودخوشادول,225523,6
80593,3726,بلوطستان شوهان,816122,6
80594,3727,چشمه باریک,225474,6
80595,3727,سراب کلک,225476,6
80596,3727,سیابدرویش,225478,6
80597,3727,کلک نقی,225481,6
80598,3727,مزرعه زمیه,225483,6
80599,3727,اما,225544,6
80600,3727,انجیر,225545,6
80601,3727,وری کلک,460368,6
80602,3727,سد ایلام,816023,6
80603,3727,کپریه,816262,6
80604,3727,نرگسه,816313,6
80605,3728,باولگ,225546,6
80606,3728,بوستانه,225547,6
80607,3728,شیرین آبادگچان,225551,6
80608,3728,قلعه جوق,225552,6
80609,3728,گل گل سفلی,225553,6
80610,3728,گل گل علیا,225554,6
80611,3728,ایستگاه پمپاژ3 گل گل,460167,6
80612,3728,مرغداری تعاونی 47 عباس پور,460412,6
80613,3728,مرغداری ابراهیم علی کرمی,460413,6
80614,3728,گاوداری گل مریم تعاونی 221,460414,6
80615,3728,ایستگاه پمپاژ شماره 2,460415,6
80616,3728,مرغداری ناصری(مولوی),816027,6
80617,3728,مرغداری عزیزیان,816038,6
80618,3728,پرورش شتر مرغ کریمی نژاد,816257,6
80619,3728,مرغداری حسین تراویده,816259,6
80620,3728,کارخانه فوم سقفی محکم سازان,816283,6
80621,3728,پست 63/20 کیلو ولت ارکواز,816284,6
80622,3729,ابزار,225229,6
80623,3729,باغله,225231,6
80624,3729,بوژان,225236,6
80625,3729,چم جنگل,225238,6
80626,3729,چم شیر,225239,6
80627,3729,دار بلوط,225241,6
80628,3729,چم روته,225242,6
80629,3729,دوگر,225246,6
80630,3729,سرابگورطوطی,225249,6
80631,3729,سرکان,225252,6
80632,3729,سیاه سیاه,225253,6
80633,3729,شوراب خانعلی,225255,6
80634,3729,ظهیری سفلی,225257,6
80635,3729,ظهیری علیا,225258,6
80636,3729,عمارت,225260,6
80637,3729,قاضی خان سفلی,225261,6
80638,3729,قاضی خان علیا,225262,6
80639,3729,مزرعه کل گه,225270,6
80640,3729,کمان گران,816018,6
80641,3729,سنگ شکن حکمتی,816106,6
80642,3729,امامزاده سیدعباس رودبار,816107,6
80643,3729,بوژان (جدید),816108,6
80644,3729,چم شیر (جدید),816282,6
80645,3730,اسلامیه,225230,6
80646,3730,پانزده خرداد,225237,6
80647,3730,چگنی,225240,6
80648,3730,هیوند,225244,6
80649,3730,فاطمیه,225254,6
80650,3730,عباس آباد,225259,6
80651,3730,گورابسفلی,225264,6
80652,3730,گورابعلیا,225265,6
80653,3730,لرنی سفلی,225266,6
80654,3730,لرنی علیا,225267,6
80655,3730,لالا,225268,6
80656,3730,نگل,225271,6
80657,3730,ورگچ,225273,6
80658,3730,اسلامیه ( جدید),816060,6
80659,3730,امامزاده عباس,816125,6
80660,3730,ایستگاه پمپاژ دشت سیروان,816140,6
80661,3731,باباشمس,225190,6
80662,3731,پهنه بر,225191,6
80663,3731,غسلک,225192,6
80664,3731,سفیدخانی سفلی,225196,6
80665,3731,سفیدخانی علیا,225197,6
80666,3731,شورابه احمدقلی سفلی,225198,6
80667,3731,شورابه احمدقلی علیا,225199,6
80668,3731,شهرک سرتنگ,225200,6
80669,3731,قلندرسفلی,225205,6
80670,3731,کله جوب,225206,6
80671,3731,نسارمله ماران,225207,6
80672,3731,ورمیان,225208,6
80673,3731,برافتاب لرنی,225234,6
80674,3731,برافتاب مله ماران,225235,6
80675,3731,حسن گاوداری,225243,6
80676,3731,سراب کلان,225248,6
80677,3731,سرتنگ سفلی,225250,6
80678,3731,مزرعه چرمین,225269,6
80679,3731,سفیدخانی وسطی,460123,6
80680,3731,قلندرعلیا,460125,6
80681,3731,لرنی سفلی ( جدید ),816044,6
80682,3731,لرنی علیا ( جدید),816059,6
80683,3731,مرغداری تعاونی 2134,816138,6
80684,3731,مجتمع خدمات رفاهی جمشیدی,816139,6
80685,3732,چشمه چای سفلی,225193,6
80686,3732,چشمه چای علیا,225194,6
80687,3732,چشمه چای وسطی,225195,6
80688,3732,علی آباد سفلی,225201,6
80689,3732,علی آباد علیا,225202,6
80690,3732,علی آبادوسطی,225203,6
80691,3732,قلعه وزیر,225204,6
80692,3732,کارزان,225320,6
80693,3732,چشمه خزانه,225321,6
80694,3732,سراب کارزان,225324,6
80695,3732,قنات آباد,225326,6
80696,3732,کله جوب,225327,6
80697,3732,کلی کلی,225328,6
80698,3732,میان تنگ,225329,6
80699,3732,جوب درازمیرزابیگی,225330,6
80700,3732,کارخانه سیمان ایلام,460127,6
80701,3732,پرورش بوقلمون محمدی,816016,6
80702,3732,شهرک کارخانه سیمان ایلام,816017,6
80703,3732,پمپ بنزین,816057,6
80704,3732,پاسگاه انتظامی کارزان,816094,6
80705,3732,گورستان باستانی آهنگران,816164,6
80706,3732,چشمه کمول,816314,6
80707,3733,مزرعه دریزان,224042,6
80708,3733,میان کنان,224046,6
80709,3733,آسیاوله,224067,6
80710,3733,انارهر,224068,6
80711,3733,مزرعه بردسرخه,224071,6
80712,3733,تلخاب بالا,224074,6
80713,3733,چنارجافری,224079,6
80714,3733,خوش قدم,224081,6
80715,3733,مزرعه خیبر,224082,6
80716,3733,شیله,224086,6
80717,3733,کرزا,224087,6
80718,3733,کلم بالا,224088,6
80719,3733,کلم پایین,224089,6
80720,3733,گاوان,224090,6
80721,3733,موسی,224094,6
80722,3733,جابر,224095,6
80723,3733,ترشک,224097,6
80724,3733,انارهر (جدید),816123,6
80725,3733,سنگ شکن مومنی,816176,6
80726,3733,تنگ رازیانه,816177,6
80727,3733,کارخانه آسفالت شهرداری ایلام,816303,6
80728,3734,ابهرپایین,224034,6
80729,3734,بانهلان,224035,6
80730,3734,بان هلان پایین,224036,6
80731,3734,پشت ارشت,224037,6
80732,3734,چشمه ماهی بالا,224038,6
80733,3734,چشمه ماهی پایین,224039,6
80734,3734,چمچه زر,224040,6
80735,3734,داربید,224041,6
80736,3734,ولی عصر,224043,6
80737,3734,مزرعه له لار,224044,6
80738,3734,مله صفرخان,224045,6
80739,3734,کارخانه الکل سازی,816033,6
80740,3734,شن و ماسه شهرداری بدره,816065,6
80741,3734,تنگه کافرین,816162,6
80742,3734,پست 63 کیلو وات برق,816175,6
80743,3734,دامداری موسی بیگی,816302,6
80744,3735,باریک آب,224069,6
80745,3735,بایمله,224070,6
80746,3735,پاگل گراب,224072,6
80747,3735,چال سر,224075,6
80748,3735,چم کبود,224076,6
80749,3735,چمن گل,224077,6
80750,3735,چنارباشی,224078,6
80751,3735,دارحله,224083,6
80752,3735,زیفل,224084,6
80753,3735,گنجه,224091,6
80754,3735,گهواره,224092,6
80755,3735,مله پنجاب,224093,6
80756,3735,رضا آباد,460258,6
80757,3736,اب چشمه,224127,6
80758,3736,آهنگران,224128,6
80759,3736,دامداری,224131,6
80760,3736,دول گلاب,224132,6
80761,3736,فدک,224135,6
80762,3736,گچ کوبان,224136,6
80763,3736,مزرعه برافتاب,224138,6
80764,3736,مزرعه پشته زرانگوش,224139,6
80765,3736,هرانمر,224140,6
80766,3736,سد ونیروگاه سیمره,460407,6
80767,3736,امامزاده پیر محمد,816032,6
80768,3736,کله مرد,816084,6
80769,3736,تاسیسات تصفیه آب دربند,816299,6
80770,3737,تلخاب,224129,6
80771,3737,زرانگوش,224133,6
80772,3737,زید,224134,6
80773,3737,گله دار,224137,6
80774,3737,امامزاده زید بن حمزه,816064,6
80775,3737,سنگ شکن علی آزاد,816178,6
80776,3738,بالادشته,049073,6
80777,3738,پشت تنگ سفلی,225351,6
80778,3738,پشت تنگ علیا,225352,6
80779,3738,پله کبود,225353,6
80780,3738,چناراله قلی,225359,6
80781,3738,دارپروشه,225362,6
80782,3738,شیراوند (جوب شهر ),225370,6
80783,3738,کلاته,225374,6
80784,3738,وربر,225384,6
80785,3738,چم چمه,460351,6
80786,3738,مرغداری زرین چنگ,816024,6
80787,3738,ایستگاه پمپاژ,816025,6
80788,3738,سنگ شکن نوری,816087,6
80789,3738,سنگ شکن درسا سیمره,816088,6
80790,3738,پله کبود وسطی,816117,6
80791,3738,شرکت زرین خوشه هلیلان,816141,6
80792,3738,ناحیه صنعتی هلیلان,816144,6
80793,3738,پارکینگ خودرو توحید,816305,6
80794,3739,تازه آباد,225354,6
80795,3739,تخم بلوطسفلی,225355,6
80796,3739,تخم بلوطعلیا,225356,6
80797,3739,چمزردماهیزان,225358,6
80798,3739,دره باریک,225363,6
80799,3739,زیرخاکی,225364,6
80800,3739,مهدیه,225367,6
80801,3739,شهبازوند,225368,6
80802,3739,ظاهروندسفلی,225372,6
80803,3739,ظاهروندعلیا,225373,6
80804,3739,گراب,225376,6
80805,3739,ماهیزان سفلی,225377,6
80806,3739,ماهیزان علیا,225378,6
80807,3740,بان قلا,225107,6
80808,3740,بان لکان,225108,6
80809,3740,بزان,225109,6
80810,3740,بیشی سفلی,225110,6
80811,3740,بیشی علیا,225111,6
80812,3740,پیازاباد,225112,6
80813,3740,پیامن سفلی,225113,6
80814,3740,پیامن علیا,225114,6
80815,3740,پیامن وسطی,225115,6
80816,3740,تورم,225116,6
80817,3740,تیراندازگه,225117,6
80818,3740,چال خشک,225118,6
80819,3740,چاله چاله,225119,6
80820,3740,رودبره,225123,6
80821,3740,سرچلوسکان سفلی,225125,6
80822,3740,سرچلوسکان علیا,225126,6
80823,3740,سره ویان,225127,6
80824,3740,سول آباد,225128,6
80825,3740,سیره کانه,225129,6
80826,3740,شاهران,225130,6
80827,3740,شهمیار,225131,6
80828,3740,کله گه,225133,6
80829,3740,گلدره,225141,6
80830,3740,گولاب,225142,6
80831,3740,میدرسفلی,225144,6
80832,3740,میدرعلیا,225145,6
80833,3740,ورمله,225146,6
80834,3740,پاتخت,460145,6
80835,3740,چشمه کبود,460146,6
80836,3740,گاو دول,460444,6
80837,3740,ایستگاه تقویت فشار گاز,816142,6
80838,3740,ایستگاه پنجم اتیلن غرب,816143,6
80839,3740,بهاردول,816158,6
80840,3740,چنارآباد,816159,6
80841,3740,باغ,816160,6
80842,3741,چشمه ماهی,225357,6
80843,3741,خرده چشمه,225360,6
80844,3741,داربیدکرنی,225361,6
80845,3741,سرچم,225365,6
80846,3741,شهرک امام,460152,6
80847,3741,سامان,460154,6
80848,3741,پتروشیمی هلیلان (در حال احداث),816309,6
80849,3742,راه سفید,223612,6
80850,3742,سر تنگ حمام,223617,6
80851,3742,لاشکن,223633,6
80852,3742,مورت,223638,6
80853,3742,راهداری تونل,223722,6
80854,3742,پاسگاه راهنمایی ورانندگی چوار,223724,6
80855,3742,سلطان آباد,223733,6
80856,3742,گله جار,223738,6
80857,3742,هرکبودگلزار,223742,6
80858,3742,ندامتگاه دال آب,460060,6
80859,3742,شهرک صنعتی ایلام,460266,6
80860,3742,مرغداری 25000قطعه ای چوار,460268,6
80861,3742,گلزارحداد,460290,6
80862,3742,پالایشگاه پتروشیمی,816028,6
80863,3742,مرغداری محمد حقی,816240,6
80864,3743,انارک,223577,6
80865,3743,آواره (بهارستان),223578,6
80866,3743,آوه زا,223579,6
80867,3743,بان امرود,223580,6
80868,3743,بان زیارت,223581,6
80869,3743,بان سرو,223582,6
80870,3743,بان کل والی,223583,6
80871,3743,بان ویزه,223584,6
80872,3743,بان سوهان,223585,6
80873,3743,برجعلی,223586,6
80874,3743,بگ بگ بان خشگ,223587,6
80875,3743,پارده,223590,6
80876,3743,پلکانه,223593,6
80877,3743,پلک گردل,223594,6
80878,3743,پلک لک,223595,6
80879,3743,تازه آباد مله سیاه,223596,6
80880,3743,چم ژیه,223599,6
80881,3743,چم شاطر,223600,6
80882,3743,چشمه سرخ,223602,6
80883,3743,چقاکبود,223603,6
80884,3743,چگا,223604,6
80885,3743,چنان,223607,6
80886,3743,حاجی بختیار,223608,6
80887,3743,داربید,223609,6
80888,3743,داره میرناصر,223611,6
80889,3743,زمزمان,223615,6
80890,3743,سرکمر,223620,6
80891,3743,سنجاویان,223621,6
80892,3743,طاق تاوی,223624,6
80893,3743,قلعه دولگ,223627,6
80894,3743,شهیدرجایی,460055,6
80895,3743,پالایشگاه گاز,460399,6
80896,3743,چشمه شیرالی,460443,6
80897,3743,چنارگ,816115,6
80898,3743,امامزاده سید عیسی,816116,6
80899,3743,سد شهدای ایلام (گلال),816130,6
80900,3743,مرغداری همایون کرمی,816237,6
80901,3744,پاچم دهارون,223589,6
80902,3744,چمن سیدمحمد,223606,6
80903,3744,ریزه وند,223613,6
80904,3744,سرچم دهارون,223618,6
80905,3744,سرچم لو,223619,6
80906,3744,سر تنگ بیجار,223622,6
80907,3744,کبوترکنا,223628,6
80908,3744,کمانه کبود,223630,6
80909,3744,گنجوان,223632,6
80910,3744,ورحال چشمه رمضان,223641,6
80911,3744,سر پیتک,460202,6
80912,3744,گلال شهدای,460293,6
80913,3744,پاسگاه مرزی هلاله شمالی,460376,6
80914,3744,شرکت گاز تنگ بیجار,816075,6
80915,3744,پاسگاه تنگ بیجار,816093,6
80916,3744,پاسگاه آبشور,816292,6
80917,3744,پاسگاه مرزی تلخاب,816298,6
80918,3745,پاقلعه,223592,6
80919,3745,تلخ آب,223597,6
80920,3745,دارتوت,223610,6
80921,3745,شیرین آب,223623,6
80922,3745,قبله,223625,6
80923,3745,گره چقا,223631,6
80924,3745,میرمکان,223639,6
80925,3745,پاسگاه مرزی هلاله جنوبی,460377,6
80926,3745,پاچه انجیر,460400,6
80927,3745,عبدالرحمن,816051,6
80928,3745,ایست بازرسی میمک- بیجار,816076,6
80929,3746,سادات آباد,085527,6
80930,3746,کوشک علیا,085581,6
80931,3746,گاوبرگ,085588,6
80932,3746,بادام دان کوشک علیا,085603,6
80933,3746,گودبلهی,085604,6
80934,3746,مورگاه کوشک,085624,6
80935,3746,تل بن پراشکفت,225949,6
80936,3746,چال کوب پراشکفت,226006,6
80937,3746,چل محمدباقری پراشکفت,226046,6
80938,3746,چیتاوه پراشکفت,226058,6
80939,3746,دره خانی پراشکفت,226100,6
80940,3746,دره کلگه پراشکفت,226108,6
80941,3746,ده بزرگ پراشکفت,226156,6
80942,3746,گنوسفلی پراشکفت,226332,6
80943,3746,گنوعلیا پراشکفت,226333,6
80944,3746,مرادی پراشکفت,226391,6
80945,3746,امیرابادسفلی,226923,6
80946,3746,امیرابادعلیا,226924,6
80947,3746,چشمه پهن امیرابادنسه,226925,6
80948,3746,امیرابادوسطی کی محمدخان,226926,6
80949,3746,بردخیاری,226929,6
80950,3746,بهاره بردخیاری,226935,6
80951,3746,تنگاری,226946,6
80952,3746,جهادابادچشمه تاگی,226948,6
80953,3746,جهان آبادبرافتاب,226949,6
80954,3746,جهان آباد سفلی گل زردی,226950,6
80955,3746,چال بنیودشت روم,226954,6
80956,3746,چاه پازنان,226956,6
80957,3746,چشمه بلوطک,226957,6
80958,3746,چشمه پهن دشت روم,226958,6
80959,3746,چشمه تاگی,226959,6
80960,3746,چشمه رقات,226960,6
80961,3746,چشمه سرخ,226961,6
80962,3746,حسن آبادتبرقو,226962,6
80963,3746,حسین آبادسفلی مورصفا,226963,6
80964,3746,حسین آبادعلیا,226964,6
80965,3746,دم تنگ تیکاب,226968,6
80966,3746,دوراهی سفیدار,226975,6
80967,3746,دولت آباد,226978,6
80968,3746,سرقنات سرگچینه,227005,6
80969,3746,منصورابادسراب خمزان,227007,6
80970,3746,اب چنارو,227119,6
80971,3746,اب دره جونک,227121,6
80972,3746,ابگردو,227122,6
80973,3746,پیروزگ,227139,6
80974,3746,تل سیاه,227142,6
80975,3746,غلامعلی پیروزگ,227146,6
80976,3746,جونک,227151,6
80977,3746,چشمه تبرقو,227155,6
80978,3746,چشمه خرسی پیروزگ,227159,6
80979,3746,چشمه قنات جونک,227160,6
80980,3746,دوپوت,227180,6
80981,3746,طاوه بادام,227208,6
80982,3746,گودنسه پراشکفت,470572,6
80983,3746,تلخه دان بزرگ امیراباد,470785,6
80984,3746,گرکلاغ نشین امیراباد,470792,6
80985,3746,سراب خمزان کوچک,470799,6
80986,3746,مزرعه تیکاب,470805,6
80987,3746,چات باریک جهان آباد,470811,6
80988,3746,جهان آباد مرکزی ده کهنه,470816,6
80989,3746,وردبردهری تنگاری,470818,6
80990,3746,برافتاب سرگچینه,470830,6
80991,3746,موردله بالاسرگچینه,470831,6
80992,3746,هفت چشمه سرگچینه,470832,6
80993,3746,بردکرسرگچینه,470835,6
80994,3746,تلخه دان میانه,817043,6
80995,3746,تنگ آب سفید,817106,6
80996,3746,مرادآباد دشت روم,817114,6
80997,3746,باباگوشی,817151,6
80998,3747,اله آباد,075907,6
80999,3747,پاسگاه ژاندارمری تنگ سرخ,075914,6
81000,3747,تنگ خشک,075915,6
81001,3747,تنگ مشکان,075916,6
81002,3747,تنگسرخ,075917,6
81003,3747,چشمه چنارتنگ سرخ,075920,6
81004,3747,اسلام آبادتنگ سرخ,075923,6
81005,3747,حسن آبادتنگ سرخ,075925,6
81006,3747,دره ماهینی,075932,6
81007,3747,سه تنگون,075941,6
81008,3747,گردوکنگک,075952,6
81009,3747,گرگو,075953,6
81010,3747,گنجگان سفلی,075954,6
81011,3747,گنجگان علیا,075955,6
81012,3747,محراب آباد,075957,6
81013,3747,احمداباددره هرهر,226921,6
81014,3747,پریکدون,226940,6
81015,3747,علی آبادوزگ,226993,6
81016,3747,وزگ منصوراباد,227016,6
81017,3747,بازرنگ,227129,6
81018,3747,بهاره بیدشاهی,227133,6
81019,3747,بیدشاهی,227136,6
81020,3747,پازنان دلی علی پناه بیگی,227137,6
81021,3747,تل گهی,227143,6
81022,3747,جدول غوره نره گاه,227149,6
81023,3747,جدول دارتامختار,227150,6
81024,3747,وردگودخانی,227152,6
81025,3747,چشمه انجیرفیروزاباد,227154,6
81026,3747,چشمه خانی فیروزاباد,227158,6
81027,3747,چنارستان سفلی,227162,6
81028,3747,چنارستان علیا,227163,6
81029,3747,چنارستان وسطی,227164,6
81030,3747,چهار دره و پرغ انداز ده برآفتاب,227165,6
81031,3747,خادم آبادمختار,227168,6
81032,3747,پادگان قدس,227169,6
81033,3747,خلف آباد,227170,6
81034,3747,داودابادمختار,227173,6
81035,3747,خرم ناز رضا آباد,227174,6
81036,3747,دره گرو فیروزاباد,227177,6
81037,3747,دوآب کالوس,227179,6
81038,3747,ده بزرگ فیروزاباد,227184,6
81039,3747,زردک,227191,6
81040,3747,سرتنگ فیروزاباد,227195,6
81041,3747,سردشت کالوس,227196,6
81042,3747,سنجد کل,227198,6
81043,3747,شاه مختار,227204,6
81044,3747,علی آبادسرتل,227209,6
81045,3747,علی آبادمختار,227210,6
81046,3747,قهوه خانه کورکی مختار,227217,6
81047,3747,کالوس سفلی,227219,6
81048,3747,کالوس علیا,227220,6
81049,3747,کالوس مرکزی,227221,6
81050,3747,کالوس وسطی,227222,6
81051,3747,کردلاغری,227223,6
81052,3747,کریم آباد,227224,6
81053,3747,کهوا,227227,6
81054,3747,گل وبلبل,227230,6
81055,3747,گلشن بزرگ مختار,227231,6
81056,3747,حسین آبادمختار,227232,6
81057,3747,گودکسنی سه ریز,227236,6
81058,3747,مازه خریده,227243,6
81059,3747,محمداباداشورپاشور,227249,6
81060,3747,موردرازرهبر,227253,6
81061,3747,موردرازسفلی,227254,6
81062,3747,موردرازعلیا,227255,6
81063,3747,موردرازوسطی,227256,6
81064,3747,نره گاه مرکزی,227259,6
81065,3747,یوسف آبادمختار,227260,6
81066,3747,کشتارگاه یاسوج,227261,6
81067,3747,زاغه مهمات بیدشاهی,470661,6
81068,3747,سیدمرتضی,470670,6
81069,3747,سرتنگ تنگ سرخ,470673,6
81070,3747,دهنو تنگ سرخ,470674,6
81071,3747,چشمه پهن گنجگان,470675,6
81072,3747,سرداب حاج مهنا,470680,6
81073,3747,گردنه مله شوره,470681,6
81074,3747,ابریزی پریکدان,470682,6
81075,3747,پاکوه موردراز,470684,6
81076,3747,مجتمع عمرانی چم خانی,470700,6
81077,3747,کله گه دهنویاسوج,471865,6
81078,3747,پادگان اموزشی امام جعفرصادق,471897,6
81079,3747,نره گاه مشایخ,817035,6
81080,3747,قوام آباد علیا,817036,6
81081,3747,قلات,817040,6
81082,3747,ده فرامرز فیروز آباد,817053,6
81083,3747,ده حاج مختار فیروز آباد,817088,6
81084,3747,بشار تگ سریز,817111,6
81085,3747,نسه فیروزآباد,817133,6
81086,3747,دره گلابی گنجگان,817145,6
81087,3748,اسلام آباد تنگ سه ریز,227126,6
81088,3748,بیدسردره,227135,6
81089,3748,جدول غوره مختار,227147,6
81090,3748,حبیب آبادمزدک,227166,6
81091,3748,حیدرابادتنگ سه ریز,227167,6
81092,3748,دهنو مزدک/دارتای پایین,227172,6
81093,3748,ده اقاشفیع,227181,6
81094,3748,ده برافتاب سفلی,227182,6
81095,3748,ده برافتاب علیا,227183,6
81096,3748,ده کهنه مزدک,227186,6
81097,3748,دهنویاسوج,227188,6
81098,3748,دینتل حبیب آباد,227189,6
81099,3748,سه ریز,227199,6
81100,3748,سیب مداب سفلی,227200,6
81101,3748,سیب مداب علیا,227201,6
81102,3748,گنجه ای سه ریز,227233,6
81103,3748,گنجه ای کهنه,227234,6
81104,3748,گوشه شاهزاده قاسم,227237,6
81105,3748,آبریز معصوم آباد,227245,6
81106,3748,ماسه شویی کرمی,227247,6
81107,3748,محمدابادتنگ سه ریز,227250,6
81108,3748,محمودابادعلیا,227251,6
81109,3748,گنجه ای شهید راستگو,470741,6
81110,3748,شهیدابادتنگ سه ریز,470760,6
81111,3748,قلعه چه مزدک,471933,6
81112,3748,قادرآباد,817044,6
81113,3748,ضامن آباد گوشه,817075,6
81114,3748,گچسار ده برآفتاب سفلی,817142,6
81115,3749,احمدقلندری,076226,6
81116,3749,شاهزاده محمد,076228,6
81117,3749,پوزه سفید,076234,6
81118,3749,تل خالی کاکان,076235,6
81119,3749,چشمه شیرین کاکان,076244,6
81120,3749,حسین خانی,076247,6
81121,3749,حمزه خانی,076248,6
81122,3749,خنگ,076249,6
81123,3749,ده نوکاکان,076250,6
81124,3749,زردخانی,076252,6
81125,3749,عباسعلی خانی,076256,6
81126,3749,کلیور,076259,6
81127,3749,معدن نمک سیبک,076267,6
81128,3749,منصورخانی,076268,6
81129,3749,مورپریسه,076269,6
81130,3749,مورگاه کاکان,076270,6
81131,3749,راه دارخانه اب نهر,227120,6
81132,3749,چشمه چناریاسوج,227157,6
81133,3749,غضنفرخانی,470708,6
81134,3749,چال کلاغ کاکان,470709,6
81135,3749,چشمه علی میرزایی کاکان,470710,6
81136,3749,حسین آبادکلیور,470711,6
81137,3749,باغ فیلوندی,470712,6
81138,3749,بیدکفته کاکان,470715,6
81139,3749,حاج بهرامی کلیور,471874,6
81140,3749,پیست اسکی کاکان,471917,6
81141,3749,آب معدنی آب نهر,817157,6
81142,3750,اب اسپیدگوزنان,225818,6
81143,3750,اب چندارگوزنان,225828,6
81144,3750,اب سردان تل دراز,225833,6
81145,3750,اب مورددم لوداب,225835,6
81146,3750,ابرودلی تا,225837,6
81147,3750,اب کاسه تل دراز,225841,6
81148,3750,اب گرمک گوزنان,225844,6
81149,3750,ابلمی گوزنان,225846,6
81150,3750,ابلون,225847,6
81151,3750,ابموردتنگیار,225848,6
81152,3750,ازادی دم لوداب,225851,6
81153,3750,اسکندری برمیون,225852,6
81154,3750,اسلام آبادحیدراباد,225854,6
81155,3750,اسلام آبادگرگیان,225856,6
81156,3750,اشکفت سیاه,225858,6
81157,3750,انارک برمیون,225867,6
81158,3750,برمیون,225895,6
81159,3750,پاتاوه دلی تا,225923,6
81160,3750,پاچات دلی تا,225927,6
81161,3750,پاکمرحیدراباد,225928,6
81162,3750,پستوک,225931,6
81163,3750,پورجاوید,225936,6
81164,3750,پی راه دول شیرین,225943,6
81165,3750,تل سیاه لوداب,225948,6
81166,3750,تنگ بوستان زیزی,225969,6
81167,3750,تنگ تلخاب زیزی,225971,6
81168,3750,تنگ رودزیزی,225973,6
81169,3750,چم توت,226011,6
81170,3750,چشمه انجیرحیدراباد,226016,6
81171,3750,چشمه جیوری منتنگون,226023,6
81172,3750,چفتاب برمیون,226043,6
81173,3750,چنگ دم لوداب,226049,6
81174,3750,چهارتنگ قلندری,226052,6
81175,3750,چهل دختران,226056,6
81176,3750,چیت الملک تنگ یار,226059,6
81177,3750,دره دزدان,226105,6
81178,3750,دره گروچنگ,226110,6
81179,3750,دره ناری دم لوداب,226117,6
81180,3750,دلاوری گرگیان,226133,6
81181,3750,دورگ دم لوداب,226146,6
81182,3750,ده انجیردلی تا,226153,6
81183,3750,ده چاتی دلی تا,226158,6
81184,3750,ده چل دم لوداب,226159,6
81185,3750,ده چل دلی تا,226160,6
81186,3750,ده سم لوداب,226162,6
81187,3750,حیدراباد سفلی,226164,6
81188,3750,ده سوخته دم لوداب,226165,6
81189,3750,ده له برمیون,226171,6
81190,3750,دهنولوداب,226181,6
81191,3750,زیزی,226196,6
81192,3750,سرتنگ پیواره,226204,6
81193,3750,سرگردنگاه,226227,6
81194,3750,سرگرساسرگون,226228,6
81195,3750,سلطان,226233,6
81196,3750,سی لارستان سفلی دم لوداب,226244,6
81197,3750,سی لارستان علیادم لوداب,226245,6
81198,3750,کبونه,226289,6
81199,3750,کره دان زیزی,226299,6
81200,3750,کلگه پاتخت,226306,6
81201,3750,کمک خداداد,226313,6
81202,3750,کمک خدارحم,226314,6
81203,3750,کمک راه خدا,226315,6
81204,3750,کمک صفر,226316,6
81205,3750,کمک عزیزاله,226317,6
81206,3750,کمک گرگعلی,226318,6
81207,3750,کمک نادعلی,226319,6
81208,3750,گاودانه لوداب,226331,6
81209,3750,گردکان,226336,6
81210,3750,گردن پرتراج تنگ پیواره,226337,6
81211,3750,گردن تل برمیون,226338,6
81212,3750,گردنگاه,226339,6
81213,3750,گرگیان,226342,6
81214,3750,گسرگ دم لوداب,226345,6
81215,3750,گوزنان,226359,6
81216,3750,لم اب برمیون,226361,6
81217,3750,لیراوک,226378,6
81218,3750,لیرسوخته لوداب,226379,6
81219,3750,مله ابگیر,226398,6
81220,3750,مله سله علیا,226403,6
81221,3750,ملادارا سرتلی,226404,6
81222,3750,من لوا,226406,6
81223,3750,موردی,226410,6
81224,3750,حیدراباد علیا,226420,6
81225,3750,میرزارحیم,226422,6
81226,3750,نده برمیون,226431,6
81227,3750,نرگسی گوزنان,226434,6
81228,3750,نصراله جهان بین,226444,6
81229,3750,هود,226453,6
81230,3750,گراب علیا,226454,6
81231,3750,آب مورد سفلی,470092,6
81232,3750,دره بنگروگردنگاه,470096,6
81233,3750,دورگ برمیون,470102,6
81234,3750,ابگرمودلی تا,470108,6
81235,3750,بن ریزی زیزی,470411,6
81236,3750,برافتاب زیزی,470412,6
81237,3750,زیرنسه زیزی,470413,6
81238,3750,دره سردچنارس,471898,6
81239,3750,میرعباسعلی,817011,6
81240,3750,مله پیر گردنگاه,817085,6
81241,3750,برآفتاب چنگ,817110,6
81242,3750,وحدت لوداب,817160,6
81243,3750,دره دره حیدرآباد,817161,6
81244,3750,شه میری,817162,6
81245,3750,شهرک گوزنان,817163,6
81246,3750,میانتنگان علیا,817180,6
81247,3751,اب بهاره چین,225820,6
81248,3751,اب پوتی گلال,225823,6
81249,3751,اب چنداران سفلی گلال,225826,6
81250,3751,اب چنداران علیاگلال,225827,6
81251,3751,ابدروشه چین,225836,6
81252,3751,اشکفت سفلی گلال,225857,6
81253,3751,اشکفت علیاگلال,225859,6
81254,3751,اوضاع گلال,225871,6
81255,3751,برافتاب تهلیون,225886,6
81256,3751,برافتاب علیاگلال,225888,6
81257,3751,بنارشهدالی,225906,6
81258,3751,بهاره مله نامداران عوض,225913,6
81259,3751,پاتاوه گلال,225925,6
81260,3751,پوزه بلی بلند,225937,6
81261,3751,پوزه تیزاب صفر,225938,6
81262,3751,تنک الک,225968,6
81263,3751,تنگ زردگلال,225974,6
81264,3751,تنگ کلاجیکی تهلیون,225981,6
81265,3751,تنگ ناکمی,225982,6
81266,3751,تهلیون,225987,6
81267,3751,چال سیاه گلال,226002,6
81268,3751,چال شاهین خدابخش,226004,6
81269,3751,چشمه پوتی له فراخ,226019,6
81270,3751,چشمه جفته تنگ الک,226021,6
81271,3751,خیارکال,226068,6
81272,3751,دم اب بهاره چین,226074,6
81273,3751,دروهان گلال,226086,6
81274,3751,دره تی تهلیون,226093,6
81275,3751,دره درازچین,226104,6
81276,3751,دسیری,226121,6
81277,3751,دشتکون کلمک گلال,226127,6
81278,3751,دوراهه سفلی گلال,226144,6
81279,3751,ده سرشک,226163,6
81280,3751,ده نوگلال,226176,6
81281,3751,زیرتوت,226188,6
81282,3751,ساختمان جمشیدچین,226197,6
81283,3751,ساختمان کهیاردره بید,226198,6
81284,3751,سرتنگ سرکهک دم لوداب,226211,6
81285,3751,سروزگ دره بید,226231,6
81286,3751,سه چاه گلال,226236,6
81287,3751,شش برد,226249,6
81288,3751,شهدالی ادریس,226255,6
81289,3751,شهدالی سلبعلی,226256,6
81290,3751,شهدالی عبدی,226257,6
81291,3751,صفرابادچین,226266,6
81292,3751,طوف دره بید,226272,6
81293,3751,طوف فاضل تهلیون,226273,6
81294,3751,ظفرتهلایی,226274,6
81295,3751,فاریاب کلمک,226280,6
81296,3751,کلمک گلال,226309,6
81297,3751,لم اب اب چندار,226360,6
81298,3751,له فراخ مله نامداران,226372,6
81299,3751,نسه کوه علی چین,226439,6
81300,3751,نسه کوه ویسی چین,226440,6
81301,3751,ولی حسین,226449,6
81302,3751,گودخزانه چهارراه,470024,6
81303,3751,وارجمشیدچهارراه,470027,6
81304,3751,چشمه ریزک زیرتوت,470038,6
81305,3751,واردوخونی بنارشهدالی,470043,6
81306,3751,دول زندان گلال,470051,6
81307,3751,ده نسه مذکورگلال,470057,6
81308,3751,قلندری دره بید,817141,6
81309,3751,دولت آباد چین,817149,6
81310,3751,افضل آباد چشمه پوتی,817150,6
81311,3752,بادهواچنار,225877,6
81312,3752,باغ تیلکوچنار,225879,6
81313,3752,بن دره,225901,6
81314,3752,بونه ریزک چنار,225911,6
81315,3752,پس گچ چنار,225933,6
81316,3752,جونک محمدحسن,225995,6
81317,3752,چشمه دزدک سفلی,226026,6
81318,3752,چشمه دزدک علیا,226027,6
81319,3752,چشمه ریزک موگربلهدان,226031,6
81320,3752,دم تنگ شهیددلی بجک,226078,6
81321,3752,دم چنارعزیزی,226079,6
81322,3752,هادی آباد دم چنار,226080,6
81323,3752,دره گرم چنار,226109,6
81324,3752,دلی بجک ساران,226128,6
81325,3752,زنگوای سفلی,226191,6
81326,3752,زنگوای علیا,226192,6
81327,3752,سالارابادچنار,226201,6
81328,3752,سرچنار,226213,6
81329,3752,سرقنات چیتاب,226220,6
81330,3752,سرقنات قبادچنار,226221,6
81331,3752,سرمست,226229,6
81332,3752,شولکش زنگوا,226253,6
81333,3752,شهیددلی بجک,226262,6
81334,3752,علی کرمی علیا,226276,6
81335,3752,برافتاب علی کرمی,226277,6
81336,3752,کبگیون,226288,6
81337,3752,کرکرمرغی دلی بجک,226296,6
81338,3752,گندم کش چیتاب,226350,6
81339,3752,موگر,226415,6
81340,3752,میان چنارمذکور,226418,6
81341,3752,سرتنگ بن دره چنار,470404,6
81342,3752,چشمه سفیدچنار,470586,6
81343,3752,سرکوه شهیددلی بجک,470589,6
81344,3752,آران چنار,817045,6
81345,3752,هفت چشمه سادات چنار,817103,6
81346,3753,اب زالوسفلی نقاره خانه,225830,6
81347,3753,اب زالووسطی نقاره خانه,225831,6
81348,3753,اب زالوعلیانقاره خانه,225838,6
81349,3753,ابگرمک سفلی نقاره خانه,225842,6
81350,3753,ابگرمک علیانقاره خانه,225843,6
81351,3753,ابگرمک وسطی نقاره خانه,225845,6
81352,3753,باوری,225884,6
81353,3753,بطاری,225897,6
81354,3753,بلوطکارون,225898,6
81355,3753,بهزادی نقاره خانه,225916,6
81356,3753,پهنای کی شیخی چیتاب,225940,6
81357,3753,تنگ سهته,225977,6
81358,3753,جوزار,225989,6
81359,3753,چال دال,226000,6
81360,3753,نظراباد,226010,6
81361,3753,چشمه به مله خمسیر,226018,6
81362,3753,چشمه چنارمردخدا,226024,6
81363,3753,چشمه سیب دلی خمسیر,226033,6
81364,3753,چشمه قنات دلی خمسیر,226035,6
81365,3753,چشمه وزگ دلی خمسیر,226042,6
81366,3753,خرتر,226062,6
81367,3753,دم تنگ باوری,226077,6
81368,3753,دروهان نقاره خانه,226087,6
81369,3753,دره گودرزی,226112,6
81370,3753,رهمالی,226185,6
81371,3753,ساران,226200,6
81372,3753,سی لارستان جوزار,226243,6
81373,3753,صالحان,226265,6
81374,3753,کرکرزار,226295,6
81375,3753,کلگه جلیل,226307,6
81376,3753,گاوخوس چیتاب,226330,6
81377,3753,گردوه,226341,6
81378,3753,لیروگردوه,226381,6
81379,3753,لیشکان,226382,6
81380,3753,ماهورسبزنقاره خانه,226388,6
81381,3753,مردخدا,226392,6
81382,3753,میرغضب,226419,6
81383,3753,میرمقیمی چیتاب,226426,6
81384,3753,نادرابادنقاره خانه,226429,6
81385,3753,نقاره خانه,226445,6
81386,3753,وغمی,226447,6
81387,3753,تلخاب گندم کش,470582,6
81388,3753,محمدابادصالحان,470593,6
81389,3753,چم گردرهمالی,471925,6
81390,3753,خهکی چیتاب,817013,6
81391,3753,گل زردی,817087,6
81392,3754,اب هرمون سفیدار,226920,6
81393,3754,اشکفت زرد,226922,6
81394,3754,باجولی,226927,6
81395,3754,بردپهن تنگ تامرادی,226928,6
81396,3754,برقولنگ باجولی,226930,6
81397,3754,برقولنگ سفلی,226931,6
81398,3754,برقولنگ علیا,226932,6
81399,3754,بلوطک خورشید,226933,6
81400,3754,بونه دم سفیدار,226934,6
81401,3754,بیدبرزه سفیدار,226936,6
81402,3754,بیدمیدان,226937,6
81403,3754,پاتاوه,226938,6
81404,3754,پازنان,226939,6
81405,3754,تالیشه سفلی,226941,6
81406,3754,تالیشه علیا,226942,6
81407,3754,تل سیدفخراحمد,226943,6
81408,3754,تمنک سفلی,226944,6
81409,3754,تمنک علیا,226945,6
81410,3754,تنگ اب سردار,226947,6
81411,3754,چات باریک تنگ تامرادی,226951,6
81412,3754,چال انجیر,226953,6
81413,3754,خرون راه,226965,6
81414,3754,خشکدان سفلی,226966,6
81415,3754,خشکدان علیا,226967,6
81416,3754,دم سفیدار,226969,6
81417,3754,دره بیدی سفیدار,226970,6
81418,3754,دره کی صالحی,226971,6
81419,3754,دره کی علی خانی,226972,6
81420,3754,دلی,226973,6
81421,3754,دلی بجک سفیدار,226974,6
81422,3754,دوروه,226976,6
81423,3754,دوریشون,226977,6
81424,3754,ده تاوه مرادی,226979,6
81425,3754,ده سور,226980,6
81426,3754,راجونه کاری,226981,6
81427,3754,زیرکمر,226983,6
81428,3754,سرتنگی,226984,6
81429,3754,سرچات بادهوا,226985,6
81430,3754,سرچاتی علی میرزا,226986,6
81431,3754,سرکورکی سفیدار,226987,6
81432,3754,سیسه گرگ سفلی,226989,6
81433,3754,سیسه گرگ علیا,226990,6
81434,3754,صادقی,226991,6
81435,3754,عسکراباددلی بجک,226992,6
81436,3754,کون سرخو,226996,6
81437,3754,کوه پهن سفلی,226999,6
81438,3754,گرکلاغ نشین,227001,6
81439,3754,گودتاک,227002,6
81440,3754,گوراب,227004,6
81441,3754,مله جی اب باریک,227006,6
81442,3754,نرکلگه,227008,6
81443,3754,نرگسی,227009,6
81444,3754,نسه اله داد,227010,6
81445,3754,نسه سفلی,227011,6
81446,3754,نسه علیا,227012,6
81447,3754,نسه محمدطاهر,227013,6
81448,3754,نسه مذکورونصراله,227014,6
81449,3754,وزگستان,227017,6
81450,3754,دکل مخابرات پازنان,470600,6
81451,3754,اسکان عشایردلی بجک,470602,6
81452,3754,چشمه کی شاهین,817050,6
81453,3754,بوستان سپیدار,817152,6
81454,3754,گلستان سپیدار,817153,6
81455,3755,اب تختک,225824,6
81456,3755,اسلام آباد جلیل,225853,6
81457,3755,امیرابادبابکان,225864,6
81458,3755,امیرشیرخان,225866,6
81459,3755,باغچه جلیل,225873,6
81460,3755,باغ ملک نرماب,225880,6
81461,3755,بردپهن عبداللطیف,225892,6
81462,3755,بردزردنرماب,225894,6
81463,3755,برووبجودیلگان,225896,6
81464,3755,بنستان جلیل,225910,6
81465,3755,بهمن گزلی,225918,6
81466,3755,تنگ ابشور,225966,6
81467,3755,جوگردون تنگ که گاه,225993,6
81468,3755,خشکدان بابکان,226064,6
81469,3755,دالی نرماب,226073,6
81470,3755,دم دیلگون,226081,6
81471,3755,دروهان جلیل,226085,6
81472,3755,دره بیددیلگون,226090,6
81473,3755,دره ماری بابکان,226114,6
81474,3755,دره مومن کشته نرماب,226116,6
81475,3755,دلی تاک,226129,6
81476,3755,دوبندتنگلوبابکان,226137,6
81477,3755,دوبغل نرماب,226149,6
81478,3755,ده شیخ دیلگون,226167,6
81479,3755,سواره بابکان,226235,6
81480,3755,سیوکی جلیل,226242,6
81481,3755,قاسم آبادجلیل,226281,6
81482,3755,مغولی,226389,6
81483,3755,مله باریک بابکان,226399,6
81484,3755,نرماب بامدی,226435,6
81485,3755,نرماب کی مصطفی,226436,6
81486,3755,تنگ گردونرماب,470634,6
81487,3755,دره چویلی نرماب,470635,6
81488,3755,تل تهلایی تنگ ابشور,470643,6
81489,3755,چشمه هرهرتنگ ابشور,470644,6
81490,3755,قلعه باقردیلگون,470645,6
81491,3755,مورشیخ دنیاردیلگون,470646,6
81492,3755,تل سرخ دیلگون,470647,6
81493,3755,گرگراش دون دیلگون,470648,6
81494,3755,چرخ مورشله دیلگون,470649,6
81495,3755,گردودوبنه دیلگان,470650,6
81496,3755,دره بید بابکان,817042,6
81497,3755,رزروباه دون دیلگون,817092,6
81498,3755,گچل دیلگون,817093,6
81499,3755,بونه بردی,817102,6
81500,3755,کی ضامن بابکان,817125,6
81501,3755,گردو خلک دیلگون,817148,6
81502,3755,سرچشمه جلیل,817154,6
81503,3755,برآفتاب جلیل,817155,6
81504,3755,تل باغ جلیل,817156,6
81505,3756,ابزا کلات طیبی,228402,6
81506,3756,احمدسلارکلات طیبی,228403,6
81507,3756,گوراب,228481,6
81508,3756,اب انجیردلیک,228575,6
81509,3756,اب تی مهتاب,228580,6
81510,3756,اب گرازی مهتاب,228586,6
81511,3756,ابگاون بزرگ,228588,6
81512,3756,ابله,228591,6
81513,3756,احمدناصری,228593,6
81514,3756,الگن,228597,6
81515,3756,انجیرسیاه,228599,6
81516,3756,اینه بازارمهتاب,228601,6
81517,3756,بادام گردکی,228602,6
81518,3756,بادره,228603,6
81519,3756,بره گرگ خورده,228608,6
81520,3756,بلویری,228612,6
81521,3756,بمونی دم تنگ دیون مهتاب,228613,6
81522,3756,بنگشتان,228616,6
81523,3756,بیفه زاری,228623,6
81524,3756,پاتاوه چاروسا,228626,6
81525,3756,پاتاوه پی راه,228628,6
81526,3756,پرویزک,228631,6
81527,3756,پوتاب,228636,6
81528,3756,پیرسفید,228637,6
81529,3756,ترکک,228638,6
81530,3756,تلخه زار,228642,6
81531,3756,تنگ مهلاب مهتاب,228644,6
81532,3756,دم تنگ هرمومهتاب,228645,6
81533,3756,جاورده,228646,6
81534,3756,چاه گرگی,228653,6
81535,3756,چل اسمانی مهتاب,228657,6
81536,3756,چم لپه,228659,6
81537,3756,داربری,228667,6
81538,3756,داربلند,228668,6
81539,3756,دم تنگ نعل اشکنان مهتاب,228672,6
81540,3756,دره نارکی,228680,6
81541,3756,دشت ازادی جاورده,228685,6
81542,3756,دلیک طیبی,228688,6
81543,3756,دلی هرمون,228690,6
81544,3756,دوبنداب چاتی مهتاب,228691,6
81545,3756,دوبندزیلو,228692,6
81546,3756,دول دغمه,228695,6
81547,3756,ده نار,228701,6
81548,3756,زیرکل,228711,6
81549,3756,سادات گردلی لاش,228712,6
81550,3756,سردره,228722,6
81551,3756,سردشت عبدالرضا,228724,6
81552,3756,سرگرکوه پنبه,228726,6
81553,3756,سورمورد,228729,6
81554,3756,شوارخانعلی,228735,6
81555,3756,شوارسرتیپ,228736,6
81556,3756,شوارسردار,228737,6
81557,3756,صبوربزرگ,228739,6
81558,3756,صبورکوچک,228740,6
81559,3756,طارب,228741,6
81560,3756,فاریاب توت,228745,6
81561,3756,قاشکمری,228746,6
81562,3756,قصلی اوزا,228747,6
81563,3756,قلعه بنی,228748,6
81564,3756,کمردوغ,228762,6
81565,3756,کوشک غندی,228764,6
81566,3756,کون مسی,228766,6
81567,3756,کون میش,228767,6
81568,3756,گشت یاری,228780,6
81569,3756,گل زدینی زیرکل,228782,6
81570,3756,گودخانی,228785,6
81571,3756,له مورددلیک,228792,6
81572,3756,لیرکاری,228794,6
81573,3756,لیسه ده پاگاره,228795,6
81574,3756,لاش,228798,6
81575,3756,ماهی پوزلاش,228801,6
81576,3756,محمدطلادم تنگ دیون مهتاب,228802,6
81577,3756,مله سفید,228803,6
81578,3756,مله شهال,228804,6
81579,3756,من دره الگن,228805,6
81580,3756,موردریشه,228807,6
81581,3756,موردسیدگمبولی,228808,6
81582,3756,میساون,228815,6
81583,3756,نخودکال,228817,6
81584,3756,هریدون زیرکل,228824,6
81585,3756,تلخه دان مهتاب,228826,6
81586,3756,اب ریزهفت چشمه مهتاب,228827,6
81587,3756,پشته اب بال,228828,6
81588,3756,اب زهلی تارضایی,228829,6
81589,3756,وارچوغندی دلی کما,471253,6
81590,3756,بیدهای قطاری اول دلی کما,471254,6
81591,3756,وارعباس هفت چشمه دلی کما,471256,6
81592,3756,وارخسروهفت چشمه دلی کما,471257,6
81593,3756,بیدنجف هفت چشمه دلی کما,471258,6
81594,3756,وارایرج هفت چشمه دلی کما,471259,6
81595,3756,وارهفت چشمه دلی کما,471260,6
81596,3756,واربه چودلی کما,471264,6
81597,3756,چشمه نام خشودلی کما,471266,6
81598,3756,چشمه سی سن دلی کما,471267,6
81599,3756,وارمحمدحسین اشتران دلی کما,471268,6
81600,3756,مورطویله دلی کما,471269,6
81601,3756,سر چات,817005,6
81602,3756,با تاوه ناجک,817020,6
81603,3757,توگردی برافتاب,227878,6
81604,3757,گودکهنه برافتاب,227935,6
81605,3757,لیلون,227938,6
81606,3757,مورد,227943,6
81607,3757,اب چندار,228574,6
81608,3757,اب باغ بناری,228576,6
81609,3757,اب بلوطبناری,228578,6
81610,3757,ابدره موشمی,228587,6
81611,3757,اب نوک,228592,6
81612,3757,ادرگ,228594,6
81613,3757,المور,228598,6
81614,3757,انجیره,228600,6
81615,3757,برافتاب سفید,228604,6
81616,3757,بردچله,228605,6
81617,3757,بردراسون سفلی,228606,6
81618,3757,بردراسون علیا,228607,6
81619,3757,بلوچستان شوتاور,228611,6
81620,3757,بن طوف محمیدبی سیتون,228615,6
81621,3757,بناری,228617,6
81622,3757,بناری فتحی,228618,6
81623,3757,بی سیتون,228624,6
81624,3757,پس رش,228632,6
81625,3757,پشته اب چندار,228634,6
81626,3757,تل بادام,228640,6
81627,3757,جلو,228647,6
81628,3757,چال کلا,228649,6
81629,3757,چال گرو,228650,6
81630,3757,چال نسه,228652,6
81631,3757,چوبکنی,228661,6
81632,3757,چهارراه,228662,6
81633,3757,حیدرآباد,228663,6
81634,3757,داراسپیدموشمی,228666,6
81635,3757,دارگنجی,228670,6
81636,3757,دالون,228671,6
81637,3757,دره تنگ تی,228676,6
81638,3757,دره خواجه,228677,6
81639,3757,دره سوره,228679,6
81640,3757,دستگرد,228683,6
81641,3757,دولاب تلخ,228696,6
81642,3757,دولاب شیرین,228697,6
81643,3757,ده امامزاده بی سیتون,228698,6
81644,3757,روچک,228705,6
81645,3757,رهه المور,228707,6
81646,3757,سرتل ابدره,228715,6
81647,3757,سرتنگ المجن,228716,6
81648,3757,سرتنگ روچک,228717,6
81649,3757,سرچشمه موشمی,228721,6
81650,3757,سررش,228725,6
81651,3757,سرکون بی سیتون,228727,6
81652,3757,شوتاور,228738,6
81653,3757,کره کره,228752,6
81654,3757,کل بازار,228753,6
81655,3757,کل کلاب,228754,6
81656,3757,کلاب سفلی,228756,6
81657,3757,کلاب احمد,228757,6
81658,3757,کلاب علیا,228758,6
81659,3757,کلاب وسطی,228759,6
81660,3757,کلات,228760,6
81661,3757,کوشک,228763,6
81662,3757,گاوپاشکسته,228772,6
81663,3757,گراب,228773,6
81664,3757,گردنه شهابی,228777,6
81665,3757,گندمکال,228784,6
81666,3757,گوری,228788,6
81667,3757,لوکیره,228790,6
81668,3757,له حوضی,228791,6
81669,3757,لیسه دارگنجی,228796,6
81670,3757,مورسور,228809,6
81671,3757,مهرآباد,228812,6
81672,3757,برافتاب امام رضا,471059,6
81673,3757,شهرخی بناری فتحی,471092,6
81674,3757,وارتاک بیدسرتلپ,471101,6
81675,3757,وارسیدعزیزسرتلپ,471102,6
81676,3757,دهه سیدعلی نقی سرتلپ,471103,6
81677,3757,پاتاوه بردکر,471104,6
81678,3757,واردره بیدبناری فتحی,471842,6
81679,3757,ده دربه موشمی,817019,6
81680,3757,موشمی,817033,6
81681,3757,حوض گل قلعه رییسی,817177,6
81682,3758,ابریزک,228401,6
81683,3758,باشهسوار,228407,6
81684,3758,بالتنگ,228408,6
81685,3758,بنار,228412,6
81686,3758,پاچنگ,228417,6
81687,3758,پازنان ده چل,228418,6
81688,3758,پس چات دلیک,228420,6
81689,3758,پیزک خلیفه ای,228425,6
81690,3758,تاگک,228426,6
81691,3758,تل بایمی,228427,6
81692,3758,جهانبخش,228431,6
81693,3758,داربری دم عباس,228435,6
81694,3758,دم اشکفت کلات,228437,6
81695,3758,دم عباس,228438,6
81696,3758,دره بنگرو,228439,6
81697,3758,دره کل,228440,6
81698,3758,دلیک,228443,6
81699,3758,دورق,228444,6
81700,3758,ده علی رضا,228446,6
81701,3758,زیرنای سفلی,228451,6
81702,3758,زیرنای علیا,228452,6
81703,3758,سرچشمه بن طوف دم عباس,228453,6
81704,3758,سرخون,228454,6
81705,3758,سردره,228455,6
81706,3758,سرطوف دلیک,228456,6
81707,3758,سرکور,228457,6
81708,3758,شیخ ویسی,228462,6
81709,3758,کرکره,228465,6
81710,3758,کل تنگار,228467,6
81711,3758,کلات,228469,6
81712,3758,کنجدزار,228471,6
81713,3758,کوشک,228472,6
81714,3758,لیر طاهر,228475,6
81715,3758,گچی,228477,6
81716,3758,گندک,228478,6
81717,3758,لیرکک,228482,6
81718,3758,لاروب,228483,6
81719,3758,مرغ کش دم عباس,228484,6
81720,3758,وارجعفری گچی,228485,6
81721,3758,واریکشبه,228486,6
81722,3758,برافتاب سفلی,229445,6
81723,3758,بن دره,229447,6
81724,3758,چم مورد,229459,6
81725,3758,داریاب,229461,6
81726,3758,دره نی,229464,6
81727,3758,دشت بن,229465,6
81728,3758,دشت قاضی,229466,6
81729,3758,ده شیخان,229475,6
81730,3758,سراسیاب دشت قاضی,229480,6
81731,3758,عمارت,229487,6
81732,3758,قلعه دختر,229488,6
81733,3758,قلعه گل,229489,6
81734,3758,گاودانه علیرضا,229494,6
81735,3759,کورسای پیرزال,228143,6
81736,3759,دارگنده,228264,6
81737,3759,سرگرلیرتحرک,228284,6
81738,3759,تل چگاه,228288,6
81739,3759,کلایه سفلی,228298,6
81740,3759,لیرتحرک,228301,6
81741,3759,اب بلوطک,229437,6
81742,3759,اب بیدهیگون,229438,6
81743,3759,انجیرسفید,229443,6
81744,3759,غلام,229456,6
81745,3759,خدامرادهیگون,229460,6
81746,3759,ده ابراهیم,229469,6
81747,3759,ده امیدوار,229470,6
81748,3759,ده بردل,229471,6
81749,3759,ده پاکل اله رضا,229472,6
81750,3759,ده رمضان,229474,6
81751,3759,ده منصور,229476,6
81752,3759,سرتنگ هیگون,229481,6
81753,3759,صدراله,229485,6
81754,3759,کابمون علی,229490,6
81755,3759,مشهدی موری,229496,6
81756,3759,میرایاز,229500,6
81757,3759,ادرکان,229580,6
81758,3759,اقاعلی پناه,229583,6
81759,3759,امامزاده پهلوان,229584,6
81760,3759,پوزه خرفتخانه,229612,6
81761,3759,تل زری,229615,6
81762,3759,تل کوچک خیارکار,229617,6
81763,3759,تل مرغ,229618,6
81764,3759,تلمبه خانه گازتمبی,229619,6
81765,3759,طولیان,229620,6
81766,3759,چشمه ریزک حبیب اله,229633,6
81767,3759,چهارراه بهشتی سپو,229638,6
81768,3759,خومکار,229646,6
81769,3759,خیارکاران,229647,6
81770,3759,دم مهد,229651,6
81771,3759,دستگرد,229659,6
81772,3759,ده کابهار,229673,6
81773,3759,ده کبوترپیرزال,229674,6
81774,3759,دهنوتل مرغ,229677,6
81775,3759,سپوسردار,229681,6
81776,3759,شیرخان تنگ سپو,229696,6
81777,3759,شیری,229697,6
81778,3759,صفدر,229698,6
81779,3759,ضرغام آباد,229699,6
81780,3759,کاییدتنگ سپو,229708,6
81781,3759,کلایه علیا,229712,6
81782,3759,کلایه وسطی,229713,6
81783,3759,کندل,229714,6
81784,3759,کوشک,229715,6
81785,3759,محمدخان تنگ سپو,229727,6
81786,3759,مهد,229729,6
81787,3759,عباس تنگ سپو,470867,6
81788,3759,دوبندعبدال دم مهد,470886,6
81789,3759,دوبندسرمست دم مهد,470887,6
81790,3759,شهرک اکبرآباد,817039,6
81791,3759,هجرت,817070,6
81792,3759,سه راهی دم مهد,817098,6
81793,3759,ده پژوهش,817115,6
81794,3759,یوسف آباد کوشک,817147,6
81795,3760,اب پیازی,229571,6
81796,3760,اب تلخ فیلگاه,229572,6
81797,3760,نسه کوه برد,229574,6
81798,3760,اب کاسه,229579,6
81799,3760,اشکفت دژ,229582,6
81800,3760,امامزاده محمد,229585,6
81801,3760,امیرالمومنین,229586,6
81802,3760,امیرحضیرخاییز,229587,6
81803,3760,باغ ذیلو,229588,6
81804,3760,برج بهمنی,229591,6
81805,3760,برج علی شیر,229592,6
81806,3760,برج علی شیر علیا,229593,6
81807,3760,بلربیشه,229595,6
81808,3760,بوای سفلی,229596,6
81809,3760,بوای علیا,229597,6
81810,3760,بویری,229598,6
81811,3760,بیدزرد,229599,6
81812,3760,بی منجگان,229604,6
81813,3760,پاپر,229605,6
81814,3760,پاتاوه دژ,229607,6
81815,3760,پوزه کوهبرد,229613,6
81816,3760,پیربادامی,229614,6
81817,3760,تنگ خوش طوف شیرین,229625,6
81818,3760,چاه بردی,229632,6
81819,3760,چشمه قاسمی,229634,6
81820,3760,چنگلوا,229635,6
81821,3760,چهاب,229637,6
81822,3760,چیر,229641,6
81823,3760,حسین آباد روشن آباد,229642,6
81824,3760,نهضت آباد,229644,6
81825,3760,خشاب,229645,6
81826,3760,دم تنگ سولک,229649,6
81827,3760,دم لااسپید,229650,6
81828,3760,دروازه سیدنگهدار,229652,6
81829,3760,دروازه کرم اله,229653,6
81830,3760,دره کرتیکاب,229655,6
81831,3760,دره کفتاری چیر,229656,6
81832,3760,دره گرده فیلگاه,229657,6
81833,3760,دوپرقبرکیامرث,229668,6
81834,3760,ده بلوط,229670,6
81835,3760,ده بلوطک کوه برد,229671,6
81836,3760,ده ذوالفقارسرپری,229672,6
81837,3760,ده ملاملک,229675,6
81838,3760,رمه چر,229678,6
81839,3760,روشن آباد,229679,6
81840,3760,زیرچیر,229680,6
81841,3760,سرپری,229684,6
81842,3760,سرچهارمه,229685,6
81843,3760,سردوک,229686,6
81844,3760,سرماهور,229688,6
81845,3760,سنگون,229689,6
81846,3760,سولک,229691,6
81847,3760,شاشگه زیرگچ,229693,6
81848,3760,علی آباد اب کاسه,229702,6
81849,3760,فیلگاه,229705,6
81850,3760,قاش پری,229706,6
81851,3760,قلعه دژنرگسی,229707,6
81852,3760,کلگه برون,229709,6
81853,3760,کلگه پهن,229710,6
81854,3760,کلاغارون,229711,6
81855,3760,کوشک امیرالمومیین,229716,6
81856,3760,کوه سرخک,229717,6
81857,3760,گندم کش محمدقلی,229719,6
81858,3760,لااسپیدسیدفاخر,229723,6
81859,3760,محمدآباد,229725,6
81860,3760,میرحجت الله چهارمه,229731,6
81861,3760,نقاره خانه فیلگاه,229735,6
81862,3760,ورداشرفی,229736,6
81863,3760,ورکهک تنگ تکاب,229737,6
81864,3760,چشمه نیزه ای دژنرگسی,470916,6
81865,3760,دیمه کوه خاییز,817032,6
81866,3760,چهارمه علیا,817037,6
81867,3760,چهارمه سفلی,817038,6
81868,3760,گر خواجه,817072,6
81869,3760,تنگ بادله,817073,6
81870,3760,اکبراباد نهضت آباد,817100,6
81871,3760,برافتاب روشن آباد,817170,6
81872,3761,امامزاده میرسالارفارتق,227850,6
81873,3761,امیرابادتلخاب,227851,6
81874,3761,باغ کلک,227852,6
81875,3761,باقلادون,227853,6
81876,3761,باسیتی قارتق,227855,6
81877,3761,برداسپیدموردراز,227857,6
81878,3761,بردله,227858,6
81879,3761,بن گیر,227861,6
81880,3761,بیدستان موردراز,227865,6
81881,3761,پس اسیاب فارتق,227868,6
81882,3761,تلخاب دیشموک,227869,6
81883,3761,تلخه زارسفلی,227870,6
81884,3761,تلخه زارعلیا,227871,6
81885,3761,تنگ انجیردیشموک,227872,6
81886,3761,تنگ تی,227873,6
81887,3761,تنگ سوخته لیراب,227874,6
81888,3761,تنگ گوردالو دیشموک,227875,6
81889,3761,تنگ لا,227877,6
81890,3761,چندار,227880,6
81891,3761,چنگل,227881,6
81892,3761,دروارفارتق,227887,6
81893,3761,دره گروسفلی,227890,6
81894,3761,دره گروعلیا,227891,6
81895,3761,دشتک دیشموک,227893,6
81896,3761,ده احمد,227895,6
81897,3761,ده قاضی,227897,6
81898,3761,ریزک,227905,6
81899,3761,سربس سفلی,227906,6
81900,3761,سربس علیا,227907,6
81901,3761,سربیشه علیا,227909,6
81902,3761,سرپرتلخاب,227911,6
81903,3761,سرپوت فارتق,227912,6
81904,3761,سرتنگ لیراب,227914,6
81905,3761,سرغل,227915,6
81906,3761,سرطوف,227921,6
81907,3761,سرگچ,227922,6
81908,3761,کرنگ موردراز,227927,6
81909,3761,کلات بونه راه دزدان,227929,6
81910,3761,گراب دیشموک,227931,6
81911,3761,گناوه لیراب,227932,6
81912,3761,لیراب,227937,6
81913,3761,لاوه پاتل,227939,6
81914,3761,لای لاشان,227940,6
81915,3761,مورخانی,227942,6
81916,3761,موردراز,227944,6
81917,3761,نسه طاویس,227947,6
81918,3761,نسه تلخه زارگوروک علیا,227948,6
81919,3761,نسه تلخه زارگوروک سفلی,227949,6
81920,3761,ورگرد,227950,6
81921,3761,شرانگ رنگ,228733,6
81922,3761,کولاب فارتق,228765,6
81923,3761,دهه نادرلرزو,471200,6
81924,3761,چشمه پهن کرنگ,471206,6
81925,3761,بنه کلو ده احمد,817165,6
81926,3762,اسفندان,227849,6
81927,3762,پاطاوه رودسمه,227866,6
81928,3762,پای پررودسمه,227867,6
81929,3762,تنگ کوشک,227876,6
81930,3762,چل گاوخوسی رودسمه,227879,6
81931,3762,حیاطی,227883,6
81932,3762,دم رودایوک دارخیاری,227885,6
81933,3762,درغک,227886,6
81934,3762,دره شیرین,227889,6
81935,3762,دره نرزینه,227892,6
81936,3762,دلی,227894,6
81937,3762,ده تل,227896,6
81938,3762,ده قندی,227898,6
81939,3762,دهنودرغک,227899,6
81940,3762,رستم زمانی,227902,6
81941,3762,رودایوک دارخیاری,227903,6
81942,3762,رودسمه,227904,6
81943,3762,سربیشه سفلی,227908,6
81944,3762,سرپر,227910,6
81945,3762,سرتل مله گهر,227913,6
81946,3762,سردوسفلی,227918,6
81947,3762,سردوعلیا,227919,6
81948,3762,سرسررودسمه,227920,6
81949,3762,سرهنگ,227923,6
81950,3762,شه ولی,227924,6
81951,3762,شهسواری,227925,6
81952,3762,کوشک تلخ درغک,227930,6
81953,3762,کنده کوه سردو,227933,6
81954,3762,گودبند,227934,6
81955,3762,مازه فرج اسفندان,227941,6
81956,3762,نرمیرزاعلی رودسمه,227946,6
81957,3763,اب چاتی اجم,228581,6
81958,3763,بشیره ای,228610,6
81959,3763,پاتاوه اجم,228625,6
81960,3763,تنگ اسیاب اجم,228643,6
81961,3763,حیدری اجم,228664,6
81962,3763,داربلنداجم,228669,6
81963,3763,دره زری اجم,228678,6
81964,3763,رودریش,228706,6
81965,3763,کیزه اجم,228769,6
81966,3763,گرده پی اجم,228778,6
81967,3763,لیطون اجم,228797,6
81968,3763,موری اجم,228810,6
81969,3763,سراسیاب اجم,228813,6
81970,3763,میدان,228814,6
81971,3763,سرتنگ اسیاب سبزمیر,471290,6
81972,3763,دم تنگ دویسون اجم,471315,6
81973,3763,ریزک اجم,471316,6
81974,3763,چشمه مزار تک سرب,817028,6
81975,3764,کوه پات,228473,6
81976,3764,برم شیر,229101,6
81977,3764,تراب سفلی,229119,6
81978,3764,تراب وسطی,229121,6
81979,3764,کلاتک,229195,6
81980,3764,اب کره تل,229439,6
81981,3764,تنگ زرد عاشورا,229454,6
81982,3764,چغل,229457,6
81983,3764,درب میان اب,229462,6
81984,3764,دشت مازه,229467,6
81985,3764,دوریزگان,229468,6
81986,3764,ده چل کاعبدل,229473,6
81987,3764,ده میریداله راک,229477,6
81988,3764,راک,229479,6
81989,3764,کوشک ابول,229492,6
81990,3764,کوه راک,229493,6
81991,3764,میراصلان,229499,6
81992,3764,پرکنجی,229501,6
81993,3764,دره لبک,229658,6
81994,3764,خلیفه ای,229915,6
81995,3764,دزدک,229920,6
81996,3764,شیخ جانبازکرباسی,229938,6
81997,3764,کل قیصری,229945,6
81998,3764,پادگان اموزشی دشت مازه,470850,6
81999,3764,ده قباد,817074,6
82000,3764,دهنو دشت مازه,817099,6
82001,3765,اب بید,229081,6
82002,3765,ابکری,229085,6
82003,3765,ابموسفلی,229086,6
82004,3765,ابموعلیا,229087,6
82005,3765,برم سبز,229100,6
82006,3765,بردکشکی,229106,6
82007,3765,بن کبوتری,229109,6
82008,3765,بی بی زلیخایی,229116,6
82009,3765,پشت پرسرداربردکشکی,229118,6
82010,3765,چم علی مردانی,229137,6
82011,3765,طوف خیمه,229180,6
82012,3765,قلعه دژکوه,229187,6
82013,3765,کلگه زری,229192,6
82014,3765,کله بره,229194,6
82015,3765,لیربزرگ,229216,6
82016,3765,لیرکوچک,229217,6
82017,3765,میرزاخانی,229229,6
82018,3765,وارگرو,229232,6
82019,3765,بلوطبنگان,229909,6
82020,3765,موردراز,229949,6
82021,3765,نر دراز,817101,6
82022,3766,پاکوه,230173,6
82023,3766,دشت حاج مرتضی ماهورپاگچ,230213,6
82024,3766,ماهورباشت,230273,6
82025,3766,اب ریگون,230534,6
82026,3766,اب شیرین,230537,6
82027,3766,اب گرمو,230540,6
82028,3766,اسلام آبادباغ نار,230541,6
82029,3766,امامزاده جعفر,230543,6
82030,3766,انبارشاهی,230545,6
82031,3766,بابامحمد,230548,6
82032,3766,باغ انار,230549,6
82033,3766,بیدزرد,230550,6
82034,3766,بیزگه,230551,6
82035,3766,بی بی جان آباد,230552,6
82036,3766,پشه کان,230553,6
82037,3766,پیرسبز,230555,6
82038,3766,تلخاب شیرین,230556,6
82039,3766,پارحوض امامزاده جعفر,230557,6
82040,3766,تنگ بی بی جون,230559,6
82041,3766,جمو,230561,6
82042,3766,جهادابادنارک,230562,6
82043,3766,چم شیر,230563,6
82044,3766,چم گلاب محمدزمان,230564,6
82045,3766,چم گنجشکی محمدزمان,230565,6
82046,3766,چم محمدزمان,230566,6
82047,3766,چم مرادزهره,230567,6
82048,3766,خربل,230571,6
82049,3766,دشت گازال,230576,6
82050,3766,دشت میرزا,230577,6
82051,3766,ریگون,230580,6
82052,3766,سراب ننیز,230582,6
82053,3766,سربیشه,230583,6
82054,3766,شاهزاده محمد,230584,6
82055,3766,شیخ خواجه,230589,6
82056,3766,برافتاب خربل,230593,6
82057,3766,قشلاق خانی بیدزرد,230594,6
82058,3766,قشلاق نجفقلی ماهورپاگچ,230595,6
82059,3766,کرگوگردی,230597,6
82060,3766,کشتارگاه دوگنبدان,230598,6
82061,3766,کمبل,230599,6
82062,3766,کنارسیاه دشت گل,230602,6
82063,3766,کیزبال,230605,6
82064,3766,گناوه,230607,6
82065,3766,مله بیگو,230614,6
82066,3766,میدانک دشت گل,230615,6
82067,3766,نارک,230618,6
82068,3766,هسته کوه,230621,6
82069,3766,هشت پیمان,230622,6
82070,3766,یونیت 1سه قلاتون,230624,6
82071,3766,مله ونگ ابریگون,471523,6
82072,3766,درک زرین تلخاب شیرین,471529,6
82073,3766,پارحوض تلخاب شیرین,471530,6
82074,3766,دم تنگ ملغون,471532,6
82075,3766,کلک سربیشه,471540,6
82076,3766,دشت صنعلی پاکوه,471544,6
82077,3766,دشت سی چانلوپاکوه,471545,6
82078,3766,چم نوری جان بی پاکوه,471549,6
82079,3766,چم بادبزن پاکوه,471557,6
82080,3766,ایسه چشمه,471559,6
82081,3766,نظر آباد,471563,6
82082,3766,تل شکاری فاضل پشه کان,471567,6
82083,3766,مرغداری شریعتی سراب ننیز,471568,6
82084,3766,گچ کراوغلی بابامحمد,471598,6
82085,3766,پاگچ بابامحمد,471600,6
82086,3766,پاگچ پل زهره,471601,6
82087,3766,پلیس راه دوگنبدان,471910,6
82088,3766,گلستان امامزاده جعفر,471911,6
82089,3766,اسکان عشایرکلاغ نشین,471913,6
82090,3766,ناصر آباد,817017,6
82091,3766,پادگان 48 فتح,817034,6
82092,3766,جنگ زدگان,817994,6
82093,3766,خنگ بنار,817996,6
82094,3767,موگ,230285,6
82095,3767,نیمدور,230291,6
82096,3767,دشتک نیمدور,230293,6
82097,3767,ابنارو,230455,6
82098,3767,ارو,230456,6
82099,3767,اسپر,230457,6
82100,3767,اسلام آبادنازمکان,230458,6
82101,3767,پوراژ,230462,6
82102,3767,دیل,230474,6
82103,3767,رودبال,230476,6
82104,3767,سرتیره,230477,6
82105,3767,شامبراکان,230478,6
82106,3767,گبرستان,230482,6
82107,3767,گدارشهری,230483,6
82108,3767,مارین,230485,6
82109,3767,نازمکان سفلی,230489,6
82110,3767,نازمکان علیا,230490,6
82111,3768,اب زالوباباکلان,084138,6
82112,3768,اب گرموباباکلان,084139,6
82113,3768,باباکلان,084148,6
82114,3768,بندعلی چاه وچاه نفت 19,084168,6
82115,3768,چم چرو,084231,6
82116,3768,چم خانقلی,084232,6
82117,3768,چهارتنگ,084241,6
82118,3768,خداقلی,084244,6
82119,3768,دره درازباباکلان,084249,6
82120,3768,دره هرچه,084252,6
82121,3768,قدمگاه,084289,6
82122,3768,محمودبیگی,084323,6
82123,3768,مله حدگاه,084330,6
82124,3768,ینگ دنیا,084351,6
82125,3768,بنه پیر,230627,6
82126,3768,بی بی حکمیه,230628,6
82127,3768,بن انجیرسه راه بی بی حکیمه,230629,6
82128,3768,کاکامبارک بی بی حکیمه,230631,6
82129,3768,گودگل بی بی حکمیه,230632,6
82130,3768,یونیت ابی بی حکمیه,230633,6
82131,3768,نگهبانی پل زهره,471618,6
82132,3768,امامزاده شاه ابوطالب,471621,6
82133,3768,دلوارکل نجف,471623,6
82134,3768,نوروزچم علی زهره,471639,6
82135,3768,جلال بی پل زهره,471640,6
82136,3768,آق دشت,817167,6
82137,3768,دلوار کاظم,817168,6
82138,3768,محمد زمان کشته,817169,6
82139,3769,اب توت,230452,6
82140,3769,اب جیرک,230453,6
82141,3769,اشکفت شیری,230459,6
82142,3769,انجیرسیاه,230460,6
82143,3769,پادوک,230461,6
82144,3769,تصفیه خانه اب خیراباد,230463,6
82145,3769,چهاربیشه سفلی,230466,6
82146,3769,خیرابادخلیفه,230467,6
82147,3769,خیرابادسفلی,230468,6
82148,3769,خیرابادسیف لله,230469,6
82149,3769,خیرابادناصر,230471,6
82150,3769,گردن قلات چهاربیشه,230484,6
82151,3769,مردان معصوم,230488,6
82152,3769,یونیت 4لیشتر,230491,6
82153,3769,اب انجیرسفلی,230532,6
82154,3769,اب انجیرعلیا,230533,6
82155,3769,ابریزی,230536,6
82156,3769,اب کل تاوه شیشه,230538,6
82157,3769,اب کل شیشه,230539,6
82158,3769,امامزاده اسماعیل,230542,6
82159,3769,انبارگاه,230546,6
82160,3769,تنگ باشت چهاربیشه,230558,6
82161,3769,چهار بیشه علیا,230568,6
82162,3769,سعادت آباد لیشتر,230569,6
82163,3769,خلف آبادلیشتر,230572,6
82164,3769,دژسلیمان,230573,6
82165,3769,دکل مخابرات لیشتر,230578,6
82166,3769,چم علی رودخانه پل زهره,230579,6
82167,3769,سادات آباد لیشتر,230585,6
82168,3769,شمس عرب عبدالهی,230586,6
82169,3769,اسلام آباد لیشتر,230592,6
82170,3769,کمپفاسترویلردشت گز,230601,6
82171,3769,محمدابادلیشتر,230608,6
82172,3769,مخابرات نفت لیشتر,230609,6
82173,3769,مرغداری بخشایی چهاربیشه,230610,6
82174,3769,مزرعه گچ هوس,230612,6
82175,3769,مظفر آباد,230613,6
82176,3769,میرعزیز,230617,6
82177,3769,هفت چشمه لیشتر,230623,6
82178,3769,یونیت 2دشت بلوط,230625,6
82179,3769,یونیت 3لیشتر,230626,6
82180,3769,چشمه نخلی,471781,6
82181,3769,مشیل دشت گز,471785,6
82182,3769,علی آباد مشیل دشت گز,471786,6
82183,3769,انبارعلوفه لیشترکوچک,471787,6
82184,3769,خشاب لیشتر,471788,6
82185,3769,ورد گچی محمد آباد,471789,6
82186,3769,پاگچ دشت گز,471790,6
82187,3769,گردنه تل قوچی نادر آباد,471795,6
82188,3769,ماشین سوخته دژسلیمان,471799,6
82189,3769,وردایاض خان دره ابگندی,471801,6
82190,3769,چاه نفت دریلا,471803,6
82191,3769,بمب زده قره گل,471804,6
82192,3769,وردکهتری تل قوچی,471805,6
82193,3769,پوزه گرنگان پل زهره,471806,6
82194,3769,بهمیارچک بزه پا,471807,6
82195,3769,مینی فول 21دژسلیمان,471808,6
82196,3769,سه تلون پرشیر,471812,6
82197,3769,پل زنجیری دشت بلوط,471813,6
82198,3769,گ س 71سه راه دشت بلوط,471820,6
82199,3769,والف گازپکک دوگنبدان,471824,6
82200,3769,مرغ داری سه راه چهار بیشه,471826,6
82201,3769,کارخانه گچ حضرت قایم,471920,6
82202,3769,پاگچ نمک کشی,471931,6
82203,3769,آب حاجت چهار بیشه,471937,6
82204,3769,دره نین کوه سرخ,471938,6
82205,3769,اشکفت گاو میشی کوه سرخ,471939,6
82206,3769,دره بندو کوه سرخ,471940,6
82207,3769,دره برم شیر لیشتر,471941,6
82208,3769,میل دوک آب توت,817143,6
82209,3769,آب زنی,817998,6
82210,3769,آب بید انجیر سیاه,817999,6
82211,3770,اب سپا,225832,6
82212,3770,احمد غریب,225850,6
82213,3770,باباحاجی,225872,6
82214,3770,بادنگان سفلی,225875,6
82215,3770,بادنگان علیا,225876,6
82216,3770,باگ,225882,6
82217,3770,برایی,225889,6
82218,3770,بن زردسفلی,225904,6
82219,3770,بن زردعلیا,225905,6
82220,3770,بهرام بیگی علیاسمندی,225915,6
82221,3770,پس بایار,225932,6
82222,3770,پی زردبهرام بیگی علیا,225944,6
82223,3770,تمنک سفلی,225963,6
82224,3770,تمنک علیا,225964,6
82225,3770,تنگ ارزن شبلیز,225967,6
82226,3770,تنگ سیب شبلیز,225980,6
82227,3770,تنگرواق,225983,6
82228,3770,چاتکوه بهرام بیگی,225996,6
82229,3770,چم عربی پاتاوه,226014,6
82230,3770,چم گردل,226015,6
82231,3770,چشمه ریزک شبلیز,226030,6
82232,3770,چقه سرخ بهرام بیگی,226044,6
82233,3770,چناربرم سفلی,226047,6
82234,3770,چناربرم علیا,226048,6
82235,3770,خونگاه,226066,6
82236,3770,دره بنیاب بهرام بیگی,226092,6
82237,3770,دره ماری شبلیز,226115,6
82238,3770,دشت رز,226123,6
82239,3770,دوراه بهرام بیگی,226142,6
82240,3770,ده امیربهادر,226152,6
82241,3770,ده شیخ پاتاوه,226166,6
82242,3770,ده شیرین بادنگان,226168,6
82243,3770,ده کهنه حمید آباد,226170,6
82244,3770,ده میرخدایار,226172,6
82245,3770,زیرده قنات بهرام بیگی,226193,6
82246,3770,سرتنگ ده کهنه حمیداباد,226207,6
82247,3770,سرتنگ رواق,226208,6
82248,3770,سیرون شبلیز,226237,6
82249,3770,شترخون,226246,6
82250,3770,قنات بهرام بیگی,226285,6
82251,3770,کلگه بهرام بیگی,226305,6
82252,3770,کهله شورشبلیز,226327,6
82253,3770,گزدان,226344,6
82254,3770,گل سرخ شبلیز,226348,6
82255,3770,للی سرخک شبلیز,226364,6
82256,3770,مظفری,226396,6
82257,3770,میرزابهرام بیگی,226421,6
82258,3770,میرزاعلی بهرام بیگی /سرتل /,226423,6
82259,3770,میرزاقلی بهرام بیگی,226424,6
82260,3770,سرتنگ تمنک,470485,6
82261,3770,بکلودون شبلیز,470488,6
82262,3770,دوبندشیرزادمارگون,470529,6
82263,3771,برافتاب جلاله,225887,6
82264,3771,بنستان سادات محمودی,225907,6
82265,3771,بنوا,225908,6
82266,3771,بیژگن,225919,6
82267,3771,پراشکفت درب کلات,225930,6
82268,3771,پشت چاه,225934,6
82269,3771,پل ابزاجلاله,225935,6
82270,3771,چال بادام کتا,225999,6
82271,3771,چشمه میرحسنی,226040,6
82272,3771,چشمه نسه ای بنستان,226041,6
82273,3771,خرسان,226063,6
82274,3771,درب کلات امامزاده محمود,226084,6
82275,3771,دره شور,226106,6
82276,3771,دزدک,226120,6
82277,3771,دشت بز,226122,6
82278,3771,دشتک میمند,226126,6
82279,3771,دوراه غماشکه,226143,6
82280,3771,ده پایین درب کلات,226157,6
82281,3771,دهگاه جلاله,226178,6
82282,3771,رودشتی,226183,6
82283,3771,سرتل دینگو,226203,6
82284,3771,سرسور,226217,6
82285,3771,سینه نمک,226241,6
82286,3771,فاریاب جلاله,226279,6
82287,3771,کتا,226290,6
82288,3771,کت سیاه,226291,6
82289,3771,کتک,226292,6
82290,3771,کله گه,226311,6
82291,3771,کهله حمام,226326,6
82292,3771,گروزه,226343,6
82293,3771,گل چهرابادسادات محمودی,226347,6
82294,3771,گودلون,226356,6
82295,3771,لماسفلی,226365,6
82296,3771,لماعلیا,226366,6
82297,3771,لماکون,226367,6
82298,3771,له سواره,226370,6
82299,3771,مازه کز,226386,6
82300,3771,ماشک کارجلاله,226387,6
82301,3771,مخابرات گازگردنه میمند,226390,6
82302,3771,مرغ چنار,226393,6
82303,3771,مونج,226416,6
82304,3771,میمند,226427,6
82305,3771,والف گازمله اوزنی کتا,470445,6
82306,3771,را هدارخانه گردنه میمند,470453,6
82307,3771,مهدی آبادجلاله,471855,6
82308,3771,شهید دلروز بیژگن,471928,6
82309,3772,پی ابزار,225942,6
82310,3772,تنگ پوتک,225970,6
82311,3772,توت نده,225985,6
82312,3772,دره خشک,226101,6
82313,3772,دیاشم کره,226182,6
82314,3772,سراسیاب کره,226202,6
82315,3772,سرتنگ توتنده,226206,6
82316,3772,سمرون,226234,6
82317,3772,کره سفلی,226300,6
82318,3772,کره علیا,226301,6
82319,3772,کره کرمی,226302,6
82320,3772,گندی خوری سفلی,226351,6
82321,3772,گندی خوری علیا,226352,6
82322,3772,گندی خوری وسطی,226353,6
82323,3772,گورگنجو,226358,6
82324,3772,نده گندی خوری,226432,6
82325,3772,احمد آباد گورگنجو,817014,6
82326,3772,کره جاتو,817046,6
82327,3773,اسلام آباددارشاهی,225855,6
82328,3773,اقبال آبادسی سخت,225862,6
82329,3773,امیرابادسی سخت,225865,6
82330,3773,اندرسا,225870,6
82331,3773,بیاره,225920,6
82332,3773,تل گاوی,225958,6
82333,3773,حسن آبادکریک,226060,6
82334,3773,خمینی آباددارشاهی,226065,6
82335,3773,دارشاهی,226072,6
82336,3773,دره چلی دارشاهی,226097,6
82337,3773,دره چناری کریک,226099,6
82338,3773,دشتک سی سخت,226125,6
82339,3773,دهنوکوخدان,226180,6
82340,3773,سرمورکوخدان,226230,6
82341,3773,علی آبادکوخدان,226275,6
82342,3773,کارگاه گچ پزی امیراباد,226286,6
82343,3773,کریک,226303,6
82344,3773,کل کل عباس آباد,226304,6
82345,3773,کوخدان,226320,6
82346,3773,معدن نمک,226324,6
82347,3773,نیروگاه ابی بیاره,470552,6
82348,3773,مرغداری دشت بازار,471914,6
82349,3773,دکل مخابراتی سی سخت,471923,6
82350,3773,معصوم آباد و علی آباد کریک,817015,6
82351,3773,طرح ماهی جشیدی,817016,6
82352,3773,گردنه بیاره میان کوه,817176,6
82353,3774,بردرچو,227521,6
82354,3774,بردمن,227523,6
82355,3774,پات پات,227531,6
82356,3774,پس باغ شمشیر,227536,6
82357,3774,جهانی آباد,227564,6
82358,3774,چشمه امیری,227569,6
82359,3774,دالون,227583,6
82360,3774,دم تنگ کپ,227586,6
82361,3774,دره لمدره,227593,6
82362,3774,دوراک,227600,6
82363,3774,ده شهید دارش,227611,6
82364,3774,شازیادپس باغ,227621,6
82365,3774,شاه ولی,227623,6
82366,3774,صحراسنجی منگزور,227625,6
82367,3774,گورترک,227660,6
82368,3774,من گزور,227668,6
82369,3774,مورون پس باغ,227669,6
82370,3774,هفت چشمه دالون,227680,6
82371,3774,بنه اخوند,229110,6
82372,3774,بنه سرحدی,229112,6
82373,3774,تنگ نایاب,229128,6
82374,3774,دورق,229153,6
82375,3774,ده بناریوسفی,229159,6
82376,3774,طلاگه سفلی,229181,6
82377,3774,طلاگه علیا,229182,6
82378,3774,تنگ الغر,817012,6
82379,3775,ده موردعلیا,227603,6
82380,3775,اب الوان,229079,6
82381,3775,اشکفت مورد,229094,6
82382,3775,امیرالمومنین,229095,6
82383,3775,بادامدان,229096,6
82384,3775,برم الوان,229099,6
82385,3775,بنه سردار,229113,6
82386,3775,تل گودبند,229124,6
82387,3775,تلخه دان,229125,6
82388,3775,تی تپ ده چل,229129,6
82389,3775,جوله خران,229132,6
82390,3775,چال انجیر,229133,6
82391,3775,دره خرزهله ده چل,229148,6
82392,3775,دره نارنجی,229150,6
82393,3775,دولنگه,229158,6
82394,3775,سیدمرده یوسفی,229172,6
82395,3775,شیلاودون,229178,6
82396,3775,کچلون,229189,6
82397,3775,کیمه,229199,6
82398,3775,گاودانه,229200,6
82399,3775,گچ کنگر,229201,6
82400,3775,گرماشا,229207,6
82401,3775,لپلپو,229214,6
82402,3775,لیشکان دره نارنجی,229218,6
82403,3775,مامازینب,229223,6
82404,3775,تلخه دان علیا,471501,6
82405,3775,تپه محمدعلی آب الوان,471504,6
82406,3775,لعل انجیران آب الوان,817178,6
82407,3776,اسلام آباد بابااحمد,063985,6
82408,3776,بابااحمد,063986,6
82409,3776,شه ولی,064008,6
82410,3776,کارند,064011,6
82411,3776,آب نارو,227515,6
82412,3776,آب گازرون,227516,6
82413,3776,ابهان,227517,6
82414,3776,برکنده,227524,6
82415,3776,بیدزرد,227529,6
82416,3776,بیشه خشکو,227530,6
82417,3776,پاگچ کل جمشید,227535,6
82418,3776,شهرک پشت گچ,227537,6
82419,3776,پشت طاوه سفلی,227538,6
82420,3776,پشت طاوه علیا,227539,6
82421,3776,پیه,227543,6
82422,3776,تل قوچان,227547,6
82423,3776,گردنه ماغر,227549,6
82424,3776,تنگ ابدال,227550,6
82425,3776,تنگ سولک,227551,6
82426,3776,تنگ نایاب,227557,6
82427,3776,تیرداری,227559,6
82428,3776,تیل ماغر,227560,6
82429,3776,تی منی ماغر,227562,6
82430,3776,جولهی,227563,6
82431,3776,چم شرو,227568,6
82432,3776,چهاراشکفت,227572,6
82433,3776,خارستان,227577,6
82434,3776,خاله زار,227578,6
82435,3776,خلیلی,227579,6
82436,3776,دره پیدنی سیاه شیر,227589,6
82437,3776,دشت آهو,227595,6
82438,3776,دوپرنظری,227596,6
82439,3776,دوقلعه نادر,227601,6
82440,3776,زورآزما,227607,6
82441,3776,سایت ماغر,227608,6
82442,3776,سرخونی,227612,6
82443,3776,سرطوف کت,227613,6
82444,3776,سرگرک,227615,6
82445,3776,سیاه شیر,227618,6
82446,3776,طوف چندارماغر,227626,6
82447,3776,قبرقیصر,227630,6
82448,3776,قلات,227633,6
82449,3776,قلات کت,227635,6
82450,3776,کت,227638,6
82451,3776,کل جمشید,227641,6
82452,3776,کنج کنج,227647,6
82453,3776,کوندیده,227648,6
82454,3776,گچ بلند,227652,6
82455,3776,شهرک گودبند,227654,6
82456,3776,گدارتختی,227659,6
82457,3776,لغی زارماغر,227661,6
82458,3776,میرعبداله ماغر,227671,6
82459,3776,نارسون,227673,6
82460,3776,نی کن,227676,6
82461,3776,دوراهی گچ بلند,470946,6
82462,3776,شهرک سادات گچ بلند,470947,6
82463,3776,محمدتقی ماغر,470950,6
82464,3776,تابستان لغی زار,470951,6
82465,3776,گنبدبردی علیا,470954,6
82466,3776,گنبدبردی سفلی,470955,6
82467,3776,تلخاب دشت اهو,470963,6
82468,3776,کلاسور1کارند,470967,6
82469,3776,رگ بلی کارند,470968,6
82470,3776,چاه نفت 8مورشاهی,470970,6
82471,3776,پشت پرماغر,817003,6
82472,3776,سید صفی,817006,6
82473,3776,سر کمر قره خون,817007,6
82474,3776,شهرک سیاه شیر,817047,6
82475,3776,سرلیکک,817048,6
82476,3776,وار کله خنگی,817068,6
82477,3776,پشت گچ آغا شهید چیره نژاد,817069,6
82478,3777,امامزاده عسکر,229906,6
82479,3777,باغ ملک,229907,6
82480,3777,بلوطحصار,229910,6
82481,3777,ده یونس پشت کوه علیا,229911,6
82482,3777,چارکرتور,229912,6
82483,3777,خوشاب شیرین,229916,6
82484,3777,داربلند,229918,6
82485,3777,دوخاوس عباسیه,229921,6
82486,3777,ده اکبر,229922,6
82487,3777,ده امامقلی,229923,6
82488,3777,ده امیرپشتکوه,229924,6
82489,3777,دوپربرزیان,229925,6
82490,3777,ده حاجی محمد,229927,6
82491,3777,ده عبدالمحمد,229928,6
82492,3777,ده علی خان پشتکوه,229929,6
82493,3777,ده مشهدی جعفر,229930,6
82494,3777,ده مشهدی عباس,229931,6
82495,3777,زیرکمر,229932,6
82496,3777,سرکمرباغ ملک,229933,6
82497,3777,سرکمربرزیان,229934,6
82498,3777,کفش کنان,229941,6
82499,3777,کوچکعلی,229943,6
82500,3777,شهرک ولی عصر (عج ),471906,6
82501,3778,باجره,227519,6
82502,3778,پاراه اردشیرجدید,227532,6
82503,3778,پاراه هیرمی,227534,6
82504,3778,تاگنره,227545,6
82505,3778,تل رضاقلی ممبی,227546,6
82506,3778,تنگ کوزی,227552,6
82507,3778,تنگ گور,227554,6
82508,3778,تنگ گوله انجیر,227555,6
82509,3778,تنگ مدول,227556,6
82510,3778,چاه روغنی,227565,6
82511,3778,چهارقاش چری,227573,6
82512,3778,دره بید,227588,6
82513,3778,دره خرزهره,227590,6
82514,3778,دره زری,227591,6
82515,3778,دوراب سفلی جدید,227597,6
82516,3778,دوراب علیاجدید,227598,6
82517,3778,دوراب قدیم,227599,6
82518,3778,سندان پاراه,227617,6
82519,3778,علی عسکری,227628,6
82520,3778,قلاتک,227636,6
82521,3778,گردکوچک,227656,6
82522,3778,هجرت دوراب,227679,6
82523,3778,نربی پیه چهارقاش,471395,6
82524,3778,چهارراه چری,471926,6
82525,3778,ایلی آباد,817001,6
82526,3779,برم سیاه رودتلخ,227520,6
82527,3779,بنه کلومیرحسن,227527,6
82528,3779,بوربادی,227528,6
82529,3779,پهنوک,227541,6
82530,3779,پیرمورد,227542,6
82531,3779,پی خرابه دره نا,227544,6
82532,3779,تنگ کوشک,227553,6
82533,3779,توبردی,227558,6
82534,3779,تیمج,227561,6
82535,3779,چاه زالو,227566,6
82536,3779,چیتاب,227567,6
82537,3779,چل چلک,227570,6
82538,3779,چهتون,227574,6
82539,3779,خلی,227580,6
82540,3779,خنگ ناربنه پیر,227581,6
82541,3779,خوردکی,227582,6
82542,3779,دم تنگ پیرمورد,227584,6
82543,3779,دم تنگ دره نا,227585,6
82544,3779,دم دره گپی,227587,6
82545,3779,دره گپی,227592,6
82546,3779,دزدمدعی,227594,6
82547,3779,رکی,227604,6
82548,3779,رودزیرین,227605,6
82549,3779,سرنگاب بنه پیر,227609,6
82550,3779,سیدصالح,227619,6
82551,3779,شاه نشین,227622,6
82552,3779,شومشال,227624,6
82553,3779,طوف هرمزه,227627,6
82554,3779,قاش کمری بنه پیر,227629,6
82555,3779,قلعه نجف,227632,6
82556,3779,کارون,227637,6
82557,3779,کره توتوبردی,227639,6
82558,3779,کل کوره,227642,6
82559,3779,کل مازادبنه پیر,227643,6
82560,3779,کلاون رودتلخ,227645,6
82561,3779,کوهک دره نا,227650,6
82562,3779,گاومیرو,227651,6
82563,3779,گچ گرد,227653,6
82564,3779,گدوک بنه پیر,227655,6
82565,3779,گردنگه سرطاوه,227657,6
82566,3779,گرمولا,227658,6
82567,3779,لیرسیاه دره نا,227662,6
82568,3779,ماخره,227664,6
82569,3779,مازه رستمی,227665,6
82570,3779,مرومرده,227666,6
82571,3779,مله بادی,227667,6
82572,3779,مونگیره,227670,6
82573,3779,نرمون,227674,6
82574,3779,نره بلند,227675,6
82575,3779,وارمیرشکال فضل علی,227677,6
82576,3779,هماگون دره نا,227681,6
82577,3779,مافه رودتلخ,471406,6
82578,3779,سبیدون خلی,471901,6
82579,3779,چه ریز,817002,6
82580,3779,سه تاب,817004,6
82581,3779,ملا شاهی,817009,6
82582,3780,اب کنارو,228079,6
82583,3780,ارند,228080,6
82584,3780,اسکندری,228081,6
82585,3780,بناری سفلی,228092,6
82586,3780,بناری علیا,228093,6
82587,3780,بندر,228094,6
82588,3780,بونه عمارت طسوج,228095,6
82589,3780,پاپری,228096,6
82590,3780,پرزرد,228097,6
82591,3780,پس پری,228098,6
82592,3780,پوزه دودمه,228100,6
82593,3780,پیرحاجتی,228101,6
82594,3780,تل بابینه,228102,6
82595,3780,تنگ سیاه,228104,6
82596,3780,توگبری,228106,6
82597,3780,چرو,228108,6
82598,3780,چله گه زرچاس,228110,6
82599,3780,خدابخش,228112,6
82600,3780,خواجه فضل اله,228113,6
82601,3780,دره شیری گرداب,228115,6
82602,3780,دوکوهک,228118,6
82603,3780,ده چاتی,228119,6
82604,3780,ده شیخ طسوج,228120,6
82605,3780,رژدون,228121,6
82606,3780,سیدآباد,228125,6
82607,3780,سیمکی,228126,6
82608,3780,شمس آباد,228127,6
82609,3780,شیرازی,228129,6
82610,3780,عباسعلی وقافله به,228130,6
82611,3780,علم,228131,6
82612,3780,فشیان,228132,6
82613,3780,قلات,228133,6
82614,3780,قنبراباد,228134,6
82615,3780,کتل ویسعلی,228136,6
82616,3780,کرجولایی,228137,6
82617,3780,کرشیخ زکی,228139,6
82618,3780,کره شهبازی,228140,6
82619,3780,کلاسغون,228142,6
82620,3780,گرداب سفلی,228144,6
82621,3780,گرداب علیا,228145,6
82622,3780,گری اب کنارو,228147,6
82623,3780,له محمدخانی,228149,6
82624,3780,میرعبداله,228155,6
82625,3780,نصیرآباد,228156,6
82626,3780,والف گازجوخانه,228157,6
82627,3780,گرسواره,228158,6
82628,3780,رودنون,230228,6
82629,3780,لاور,230272,6
82630,3780,ورده,230292,6
82631,3780,خیمند,230472,6
82632,3780,دلی باریک رودبال,230473,6
82633,3780,نیاب اب کنارو,470995,6
82634,3780,تنگ کمدراب کنارو,470996,6
82635,3780,دامورطسوج,471001,6
82636,3780,موروک طسوج,471004,6
82637,3780,چشمه توت جان محمد,471006,6
82638,3780,اب بیدک طسوج,471008,6
82639,3780,برف قدح,471009,6
82640,3780,چال بایار,471018,6
82641,3780,دره کرطسوج,471026,6
82642,3780,طسوج علیا,471027,6
82643,3780,سرکورته طسوج,471030,6
82644,3780,تل گاه لاور,471717,6
82645,3780,ده بال,471721,6
82646,3780,گودرزاباد,471891,6
82647,3780,شهرک بناری,817049,6
82648,3780,تلخاب مشایخ طسوج,817052,6
82649,3780,دره تی طسوج,817056,6
82650,3780,آبشار المون,817064,6
82651,3780,ازگونک,817065,6
82652,3780,تنگ می,817066,6
82653,3780,خنگ فراخ,817067,6
82654,3780,چاسخار,817079,6
82655,3780,سرپری توگبری,817084,6
82656,3780,بلیتک طسوج,817105,6
82657,3781,القچین سفلی,228085,6
82658,3781,القچین علیا,228086,6
82659,3781,امیرشهریار,228087,6
82660,3781,برم مرغابی,228090,6
82661,3781,بلهدان,228091,6
82662,3781,تمبی,228103,6
82663,3781,توبری,228105,6
82664,3781,چشمه زعفران,228109,6
82665,3781,دمدره بی بی رشته,228117,6
82666,3781,سراب موگرم,228123,6
82667,3781,سردره بی بی رشته,228124,6
82668,3781,شیخ حسین,228128,6
82669,3781,موگرم,228153,6
82670,3781,اب گرمون,228238,6
82671,3781,بردیان,228247,6
82672,3781,حسینیه سربردیان,228263,6
82673,3781,سرنهیل میررشید,228285,6
82674,3781,میرزامحمدحسین سرنهیل,228307,6
82675,3782,اب بیدمازه کره,228237,6
82676,3782,اب ناردهنو,228239,6
82677,3782,اسلام آباددهنو,228240,6
82678,3782,امامزاده سادات,228243,6
82679,3782,برافتاب کچلا,228246,6
82680,3782,بره روزجوخانه,228248,6
82681,3782,بهمنیاری,228249,6
82682,3782,پاده,228250,6
82683,3782,پشت بام,228251,6
82684,3782,پشت چنار,228252,6
82685,3782,پهناللی جوخانه,228253,6
82686,3782,تلوندی,228255,6
82687,3782,تنگ بجک سادات,228257,6
82688,3782,تنگ سادات,228258,6
82689,3782,تیرابگون,228259,6
82690,3782,گرگیو,228260,6
82691,3782,داورپناه,228265,6
82692,3782,دره اخوند,228266,6
82693,3782,دره گل زردسادات,228267,6
82694,3782,دره لیر,228268,6
82695,3782,دلیاسیرسفلی,228269,6
82696,3782,دلیاسیرعلیا,228270,6
82697,3782,دلی خلیفه,228272,6
82698,3782,دلی مو,228273,6
82699,3782,دوراه سادات,228274,6
82700,3782,ده خلیفه,228275,6
82701,3782,دهنوتل گپ,228277,6
82702,3782,دهنوتلخاب,228278,6
82703,3782,دهنوسرفاریاب,228279,6
82704,3782,سرزرد,228282,6
82705,3782,سیدعلی,228286,6
82706,3782,شاه حمزه,228287,6
82707,3782,طاوه اسپید,228289,6
82708,3782,عزیزی سفلی,228290,6
82709,3782,عزیزی علیا,228291,6
82710,3782,عزیزی وسطی,228292,6
82711,3782,علی آبادتلخاب,228293,6
82712,3782,فاضل آبادتلخاب,228294,6
82713,3782,شرابگروه,228297,6
82714,3782,کمیان,228299,6
82715,3782,کندال,228300,6
82716,3782,مخابرات گازدمه,228302,6
82717,3782,مزرعه چال گردوسادات,228303,6
82718,3782,مه گردی,228306,6
82719,3782,میرعلی محمد,228308,6
82720,3782,نهم,228310,6
82721,3782,پامله جوخانه,471131,6
82722,3782,برافتاب جوخانه,471133,6
82723,3782,سرکل سادات,471136,6
82724,3782,بره روزگردنه دمه,471141,6
82725,3782,وردگردنه دمه,471144,6
82726,3782,سر پر علامه امینی,817057,6
82727,3782,باغستان سادات,817137,6
82728,3782,گزک میر زینل,817138,6
82729,3783,امامزاده محمود,228244,6
82730,3783,اولک بیت اله,228245,6
82731,3783,دلی جی غلام,228271,6
82732,3783,دهنوامامزاده محمود,228276,6
82733,3783,سرتاوه کابیت اله,228281,6
82734,3783,مندان,228305,6
82735,3783,ناصراباد,228309,6
82736,3783,اب چناربیدانجیر,228400,6
82737,3783,اشکفت دودر,228405,6
82738,3783,اندرون بیدانجیر,228406,6
82739,3783,تل سیاه بیدانجیر,228429,6
82740,3783,چال باغ,228432,6
82741,3783,دشتک ابریز,228442,6
82742,3783,سرکوه شره,228458,6
82743,3783,پاتاوه کری,229450,6
82744,3783,تلخه زار,229452,6
82745,3783,چم اسیاب,229458,6
82746,3783,سه گدار,229484,6
82747,3783,اب ماهی,229575,6
82748,3783,اشکفت سیاه,229581,6
82749,3783,بیدک سالار,229600,6
82750,3783,بیدک سهراب,229601,6
82751,3783,بیگون بیدک,229603,6
82752,3783,پالکی عبدی,229609,6
82753,3783,تنگ انارسفلی,229622,6
82754,3783,تنگ انارعلیا,229623,6
82755,3783,تنگ اناروسطی,229624,6
82756,3783,تنگ درمن,229626,6
82757,3783,جورک نصیب اله,229629,6
82758,3783,جورک نوذر,229630,6
82759,3783,چال سیاه مذکور,229631,6
82760,3783,دره بیدیاری,229654,6
82761,3783,دلگرک,229660,6
82762,3783,دلی جی امامقلی,229662,6
82763,3783,دلی سواری,229664,6
82764,3783,ده منصورپالکی,229676,6
82765,3783,سواری,229690,6
82766,3783,سیلارستان,229692,6
82767,3783,شالی,229694,6
82768,3783,شیخ هابیل,229695,6
82769,3783,گوشه سفلی,229720,6
82770,3783,گوشه علیا,229721,6
82771,3783,نارگون حسن,229733,6
82772,3783,دلی جی زواره,229738,6
82773,3783,دلی جی ماندنی,471424,6
82774,3783,اب قنات اشکفت دودر,471439,6
82775,3783,دشتک علیاابریز,471442,6
82776,3783,خیارکال کوه نور,471884,6
82777,3783,وردهای عشایری کوه نور,471885,6
82778,3783,جابر و ناصر,817029,6
82779,3783,پاچات امامزاده محمود (شیخ ممو),817113,6
82780,3783,کریم آباد شیخ ممو,817124,6
82781,3783,پاچات مشایخ شیخ ممو,817146,6
82782,3784,امیرگپی,230156,6
82783,3784,برغون,230164,6
82784,3784,بیدک علیا,230171,6
82785,3784,پاتاوه بیدک,230172,6
82786,3784,پزین,230174,6
82787,3784,تل مویزی,230182,6
82788,3784,تلخاب علیا,230183,6
82789,3784,تلخاب سفلی بیدک,230184,6
82790,3784,تنگ اب دهک,230185,6
82791,3784,تنگ خل,230186,6
82792,3784,چهارراه گشین,230201,6
82793,3784,دره چاه بیدک,230210,6
82794,3784,ده کهنه ظفری,230225,6
82795,3784,دره نین,230226,6
82796,3784,سراببیز,230231,6
82797,3784,سعادت آباد,230233,6
82798,3784,سلطان آباد,230234,6
82799,3784,صول,230243,6
82800,3784,کوشک ظفری,230259,6
82801,3784,گروس,230264,6
82802,3784,مزک میرمحمدنبی,230278,6
82803,3784,مله تم,230281,6
82804,3784,منصورابادمهدیه,230283,6
82805,3784,نول,230290,6
82806,3784,بادخون باشت,471653,6
82807,3784,سر کوه دهک,817095,6
82808,3785,ابدهگاه,230149,6
82809,3785,اشکفت شاه سفلی,230152,6
82810,3785,انارستان,230157,6
82811,3785,باغ نارکوه سرک,230160,6
82812,3785,بوسنگان,230168,6
82813,3785,پنبه زارابدهگاه,230175,6
82814,3785,پوزه تیورک پیچاب,230176,6
82815,3785,پیچاب,230177,6
82816,3785,تل چگا,230181,6
82817,3785,تنگ همگون,230187,6
82818,3785,چشمه دره,230196,6
82819,3785,چشمه رشته,230197,6
82820,3785,چوبکنم,230200,6
82821,3785,چهل متری همگون,230202,6
82822,3785,خذیون علیا,230204,6
82823,3785,خونی خش,230205,6
82824,3785,دم تنگ میان تنگان,230206,6
82825,3785,درک,230207,6
82826,3785,ده برابر,230220,6
82827,3785,ده توت,230222,6
82828,3785,زیرکوه,230229,6
82829,3785,سراسخانه,230232,6
82830,3785,سیدمحمدباقر,230235,6
82831,3785,شادگان,230236,6
82832,3785,شاه بهرام,230237,6
82833,3785,شاه زینعلی,230238,6
82834,3785,عرف,230245,6
82835,3785,فتح,230248,6
82836,3785,قلعه رییسی,230249,6
82837,3785,کزنگان سفلی,230253,6
82838,3785,کزنگان علیا,230254,6
82839,3785,کلگه امیرشیخی,230255,6
82840,3785,کله گون,230256,6
82841,3785,کنده گوراب,230258,6
82842,3785,کوه سرک سفلی,230260,6
82843,3785,کوه سرک علیا,230261,6
82844,3785,کهله بردکوه شاه بهرام,230262,6
82845,3785,گودمورد,230266,6
82846,3785,لیرونصراله,230270,6
82847,3785,لار,230271,6
82848,3785,محصاتی پیچاب,230274,6
82849,3785,مرزنگون,230276,6
82850,3785,موری کش,230284,6
82851,3785,میان تنگان,230286,6
82852,3785,نارگ موسی,230287,6
82853,3785,نازگون علیا,230289,6
82854,3785,زردسور,230294,6
82855,3785,دم تنگ سرنا,230295,6
82856,3785,ده بیدپیچاب,230297,6
82857,3785,برد دو راه پیچاب,280453,6
82858,3785,سرتنگ بردگادون,280454,6
82859,3785,دره لک پیچاب,471722,6
82860,3785,حزیم,471731,6
82861,3785,میانه,471733,6
82862,3785,دشت انارستان,471736,6
82863,3785,تنگ تیسه کوه سرک,471745,6
82864,3785,کره جارودنه برابر,471894,6
82865,3785,میرجابرپیچاب,471907,6
82866,3785,پهزیر,471908,6
82867,3785,ده ورگ,817008,6
82868,3785,شهرک خیزان,817027,6
82869,3785,گردنه سیمیون,817091,6
82870,3785,درک سرآببیز,817123,6
82871,3785,چشمه مورد برابر,817997,6
82872,3786,اب کنارو,230148,6
82873,3786,اسلام آبادغورک,230151,6
82874,3786,الاکان,230154,6
82875,3786,امام ضامن,230155,6
82876,3786,اهوروک,230158,6
82877,3786,برافتاب پشتکوه,230163,6
82878,3786,برمامیان,230165,6
82879,3786,بوستان کوچک,230167,6
82880,3786,بیدستان,230170,6
82881,3786,غضنفری خان احمدسفلی,230188,6
82882,3786,غورک سفلی,230189,6
82883,3786,غورک علیا,230190,6
82884,3786,غورک وسطی,230191,6
82885,3786,جهان آبادغورک,230192,6
82886,3786,چم بلبل,230198,6
82887,3786,چمخون,230199,6
82888,3786,حاج قلندر,230203,6
82889,3786,دره دره علیا,230212,6
82890,3786,دشت موردغورک,230214,6
82891,3786,ده کند,230224,6
82892,3786,ساختمان درویش غورک,230230,6
82893,3786,شوش سفلی,230239,6
82894,3786,شوش علیا,230240,6
82895,3786,شیخ ها,230242,6
82896,3786,دیمکوه شوش,230246,6
82897,3786,کته باشت,230252,6
82898,3786,گشتاسب خان احمدسفلی,230265,6
82899,3786,لیراب,230269,6
82900,3786,محمد آباد بیدستان,230275,6
82901,3786,مله برفی,230280,6
82902,3786,ملاسرتیپ,230282,6
82903,3786,درک پشتکوه خان احمد,471656,6
82904,3786,خوبیاربرافتاب پشتکوه,471671,6
82905,3786,تنگ اب شوش,471680,6
82906,3786,کلگه شوش,471683,6
82907,3786,تلخاب احمدزاده,471692,6
82908,3786,دول بزرگ خان احمد,471905,6
82909,3786,مهدی آباد خان احمد,471929,6
82910,3786,تفرج گاه شلالدون,817010,6
82911,3786,تلخاب خالویی,817054,6
82912,3786,تلخاب رویین تن,817055,6
82913,3786,عباس آباد غورک,817076,6
82914,3786,دلی نعل کوچک,817077,6
82915,3786,اسلام آباد تیموری,817078,6
82916,3786,چم بن,817080,6
82917,3786,چم خل,817081,6
82918,3786,چم بلوطک سفلی,817082,6
82919,3786,چم یلوطک علیا,817083,6
82920,3786,جلال آباد برافتاب پشتکوه,817094,6
82921,3786,چال بنیو پشتکوه باشت,817096,6
82922,3786,درک دنبه شهرک خان احمد,817097,6
82923,3786,اسلام آباد مله برفی,817116,6
82924,3786,پردیس برآفتاب پشتکوه,817118,6
82925,3786,جنت آباد شوش,817136,6
82926,3786,حسین آباد چمخون,817171,6
82927,3786,کلات چمخون,817172,6
82928,3787,بال چکوپیچاب,230161,6
82929,3787,بهره عنا,230169,6
82930,3787,پی کل اب انجیرپیچاب,230178,6
82931,3787,تکیه,230180,6
82932,3787,چال موره,230193,6
82933,3787,چاه تلخاب علیا,230195,6
82934,3787,دره باشت,230208,6
82935,3787,دلی رباط,230215,6
82936,3787,دمیه,230217,6
82937,3787,ده بزرگ,230221,6
82938,3787,ده جلیل,230223,6
82939,3787,شهدای چنارپیچاپ,230241,6
82940,3787,عنا,230247,6
82941,3787,گوهرگان سفلی,230267,6
82942,3787,گوهرگان علیا,230268,6
82943,3787,چاه چنارعنا,471710,6
82944,3787,گوهرگان قدیم,471712,6
82945,3787,چنارگوهرگان قدیم,471713,6
82946,3787,مورتی گوهرگان,471714,6
82947,3787,شهرک پاقلات,471922,6
82948,3787,چاه تلخاب سفلی,817128,6
82949,3788,اب دره,229083,6
82950,3788,اب نو,229088,6
82951,3788,اتشگاه بزرگ,229091,6
82952,3788,بهشت آباد,229114,6
82953,3788,تل گنج گه,229123,6
82954,3788,خوش چرو,229143,6
82955,3788,دم تنگ عروه,229146,6
82956,3788,دره زنگ,229149,6
82957,3788,ذوالفقاری,229160,6
82958,3788,سراسیاب لنده,229164,6
82959,3788,سرپراتشگاه,229167,6
82960,3788,سرخلون,229169,6
82961,3788,ایدنک,229186,6
82962,3788,گودسرخ مال اخوند,229209,6
82963,3788,گه گه احمد,229213,6
82964,3788,مال اخوند,229220,6
82965,3788,مال شیخ,229221,6
82966,3788,مال ملا,229222,6
82967,3788,سه گشه مال اخوند,471471,6
82968,3788,تلخاب لنده,817058,6
82969,3788,آتشگاه شهید مرادی,817059,6
82970,3789,اب چندار,229078,6
82971,3789,اب بهاره,229080,6
82972,3789,بادامستان,229097,6
82973,3789,برافتاب چهارگودقیام,229098,6
82974,3789,بردزرد,229104,6
82975,3789,بردسفیدسرطوس,229105,6
82976,3789,بره مال,229107,6
82977,3789,بیشه ای,229115,6
82978,3789,پاطاوه,229117,6
82979,3789,تنگ راستگون,229126,6
82980,3789,تنگ زردقیام,229127,6
82981,3789,جان خانی,229130,6
82982,3789,چال پیر,229134,6
82983,3789,چال کنارقیام,229135,6
82984,3789,چاه کاردقیام,229136,6
82985,3789,چل تاگ,229138,6
82986,3789,چلی,229139,6
82987,3789,چندارقوی,229140,6
82988,3789,چهارراه سلیمان,229141,6
82989,3789,چهارراه عالی طیب,229142,6
82990,3789,دم تنگ چاهن,229145,6
82991,3789,دره بنگ,229147,6
82992,3789,دلیک,229151,6
82993,3789,دوک,229154,6
82994,3789,دوکوه,229155,6
82995,3789,دول ابزا,229156,6
82996,3789,روچ سفلی,229162,6
82997,3789,سرسوره,229170,6
82998,3789,سکده,229171,6
82999,3789,سیم کوتاه,229173,6
83000,3789,صفی خانی,229179,6
83001,3789,عروه سفلی,229183,6
83002,3789,عروه علیا,229184,6
83003,3789,عروه وسطی,229185,6
83004,3789,کتج,229188,6
83005,3789,کل,229190,6
83006,3789,کل شور,229191,6
83007,3789,کون اسپید,229197,6
83008,3789,گردن گرد,229204,6
83009,3789,گرده روچ,229205,6
83010,3789,گرک,229206,6
83011,3789,گندمزارروج,229208,6
83012,3789,گورابادی دره بنگ,229210,6
83013,3789,لاروب,229219,6
83014,3789,موگر,229227,6
83015,3789,نرگسی دره بنگ,229231,6
83016,3789,تسرم رودقلاتی,471484,6
83017,3789,دول برفی بردسفید,471486,6
83018,3789,تنگ ابی بردسفید,471487,6
83019,3789,کمال آباد,817018,6
83020,3790,اب رزگه,229082,6
83021,3790,اب زالوکنده,229084,6
83022,3790,بنه بلوط,229111,6
83023,3790,تراب علیا,229120,6
83024,3790,دم اشکفت مونه,229144,6
83025,3790,سرتنگ لنده,229168,6
83026,3790,شیتاب,229176,6
83027,3790,کهناب,229198,6
83028,3790,گوردالوابرزگه,229211,6
83029,3790,مله شیتاب,229224,6
83030,3790,مونه,229228,6
83031,3790,دم تنگ لنده,471932,6
83032,3790,دشت بن,817060,6
83033,3790,بنه آبزا,817061,6
83034,3791,اب رزگه مله عیوضی,228582,6
83035,3791,اب گاون کوچک,228589,6
83036,3791,بنه علی یاری,228619,6
83037,3791,تک شیرویی,228639,6
83038,3791,تل قلعه موگرمون,228641,6
83039,3791,چال گروموگرمون,228651,6
83040,3791,دره جفتی دشت,228684,6
83041,3791,دشت ناصری,228686,6
83042,3791,دلکون,228687,6
83043,3791,دلی مهره,228689,6
83044,3791,نهضت علیا,228699,6
83045,3791,ده نارراوک,228702,6
83046,3791,راوک,228704,6
83047,3791,نهضت سفلی,228710,6
83048,3791,سراسیاب موگرمون,228713,6
83049,3791,سرتنگ موگرمون,228718,6
83050,3791,علیرضاگرداب,228744,6
83051,3791,گرداب علیا,228774,6
83052,3791,گرداب کبیر,228775,6
83053,3791,گردکلات,228776,6
83054,3791,مالب,228800,6
83055,3791,موردباغ راوک,228806,6
83056,3791,نرسیاه دشت ناصری,228818,6
83057,3791,وحدت آبادموگرمون,228823,6
83058,3791,یکشبه گرداب,228825,6
83059,3791,مورجن,228837,6
83060,3791,تل قوچان,229122,6
83061,3791,خیارکال,471113,6
83062,3792,اب بید دلی ریچ علیا,225821,6
83063,3792,اب سفیدسقاوه,225834,6
83064,3792,اب سردان سفلی جوکار,225839,6
83065,3792,اب سردان علیاجوکار,225840,6
83066,3792,بیلوخر,225921,6
83067,3792,بی بی خاتون,225922,6
83068,3792,تاک زری,225945,6
83069,3792,تاکسیسه سفلی,225946,6
83070,3792,تاکسیسه علیا,225947,6
83071,3792,تل خاری بندردلی گردو,225950,6
83072,3792,تل خاری دم دلی گردو,225951,6
83073,3792,تل خاری عباس دلی گردو,225952,6
83074,3792,تمداری,225962,6
83075,3792,تنگ سیب داربری,225978,6
83076,3792,جوبریز,225990,6
83077,3792,جوش سقاوه,225991,6
83078,3792,چشمه جیوری سرسقاوه,226022,6
83079,3792,چشمه سفیدمارگون,226032,6
83080,3792,چشمه سیب دلی گردوسفلی,226034,6
83081,3792,چشمه گری دلی گردو,226036,6
83082,3792,چشمه گلی شهنیز,226037,6
83083,3792,سرقنات شهید خشنود,226054,6
83084,3792,داربری تامرادی علیا,226069,6
83085,3792,دم بیل دون دلی ریچ علیا,226075,6
83086,3792,دم سقاوه عزیز,226082,6
83087,3792,دره بیددلی گردو,226089,6
83088,3792,دره خونبازی دم سقاوه,226103,6
83089,3792,دلی تنگوسفلی,226130,6
83090,3792,دلی ریچ سفلی,226131,6
83091,3792,دلی گردوعلیا,226132,6
83092,3792,دواب بیلوخر,226134,6
83093,3792,دوبندبیدگره,226136,6
83094,3792,دوبندچشمه پوتی,226139,6
83095,3792,دوبندشهنیز,226140,6
83096,3792,دوبندشیخ سرکه,226141,6
83097,3792,ده بردل دم سقاوه,226155,6
83098,3792,ده چل دلی ریچ علیا,226161,6
83099,3792,ده میرقمصوردلی ریچ علیا,226173,6
83100,3792,ده نسه دلی گردوسفلی,226175,6
83101,3792,سرتنگ ابولی جوبریز,226205,6
83102,3792,سرچال,226212,6
83103,3792,سرسقاوه قبرستان,226216,6
83104,3792,سرکورکی دلی ریچ علیا,226223,6
83105,3792,شهنک سقاوه,226260,6
83106,3792,شهنیز,226261,6
83107,3792,شیجونی سقاوه,226263,6
83108,3792,شیخ سرکه,226264,6
83109,3792,قلعه سقاوه,226284,6
83110,3792,کلگه دلی ریچ علیا,226308,6
83111,3792,گرداب سقاوه,226335,6
83112,3792,گردنه چهارمورون مارگون,226340,6
83113,3792,له فراخ ابسردان جوکار,226371,6
83114,3792,نسه بریان دلی ریچ علیا,226438,6
83115,3792,هفت چشمه,226452,6
83116,3792,باغ اسکندرجوبریز,470196,6
83117,3792,وارمحمدنبی مورزرد,470223,6
83118,3792,کپرهای تنگ خشک مله بیابان,470251,6
83119,3792,تنگ خشک شیخ سرکه,470252,6
83120,3792,دم تنگ شیخ سرکه,470262,6
83121,3792,دوبندگل گلک شیخ سرکه,470263,6
83122,3792,دلی تنگوعلیا,470290,6
83123,3792,شیرینی سقاه,470392,6
83124,3792,وردسیسه مارگون,470396,6
83125,3792,چشمه رشیدمله بهرام بیگی,470397,6
83126,3792,حسین آبادبرد بزرگ,817041,6
83127,3792,کوه زر سقاوه کارخانه سیمان,817062,6
83128,3792,ده آذرپندار مارگون,817089,6
83129,3792,پا راه شیخ سرکه,817090,6
83130,3792,کلتین کا حسینعلی سقاوه,817107,6
83131,3792,تل دراز مارگون,817108,6
83132,3792,سرکورکی مارگون,817109,6
83133,3792,تمداری سفلی,817121,6
83134,3792,سرتنگ چهارمورون,817139,6
83135,3792,هفت چشمه سفلی,817166,6
83136,3793,برج جوکار,225890,6
83137,3793,پاچات جوکار,225926,6
83138,3793,تلخه دان جوکار,225959,6
83139,3793,گنج بسیار,225976,6
83140,3793,تنگریس,225984,6
83141,3793,جوکار,225992,6
83142,3793,چال سیاه من چاتون جوکار,226003,6
83143,3793,چشمه دره امیراباد,226025,6
83144,3793,چشمه لشه ای جوکار,226038,6
83145,3793,چهارانگج جوکار,226050,6
83146,3793,چهارمورون جوکار,226055,6
83147,3793,داربری جوکار,226070,6
83148,3793,دره بیدجوکار,226088,6
83149,3793,دره چپی جوکار,226096,6
83150,3793,ده برافتاب ولی جوکار,226154,6
83151,3793,له مله وسطی جوکار,226179,6
83152,3793,زرنگلی رون,226189,6
83153,3793,سردودم رون,226214,6
83154,3793,سردورون,226215,6
83155,3793,طلعه زارسفلی,226268,6
83156,3793,طلعه زارعلیا,226269,6
83157,3793,کلایه رون,226312,6
83158,3793,لم اب گل اسپید,226362,6
83159,3793,له بن رون,226368,6
83160,3793,له ماری جوکار,226375,6
83161,3793,له مله سفلی جوکار,226376,6
83162,3793,له مله علیاجوکار,226377,6
83163,3793,مورجوکار,226409,6
83164,3793,نخجیر,226430,6
83165,3793,نسه گودولی خان جوکار,226441,6
83166,3793,نسه گودهرمون جوکار,226442,6
83167,3793,ابگل,228590,6
83168,3793,بورک سفلی,228621,6
83169,3793,بورک علیا,228622,6
83170,3793,خرم راه,228665,6
83171,3793,سیلاب,228730,6
83172,3793,شاه غالب,228731,6
83173,3793,عدور,228743,6
83174,3793,کلوار,228755,6
83175,3793,کلاغ خورده سفلی,228761,6
83176,3793,گل دیگ سیلاب,228781,6
83177,3793,گهورمرده سیلاب,228789,6
83178,3793,لیربورک,228793,6
83179,3793,ده بنیاب چربیون,228830,6
83180,3793,پاچات چربیون,228831,6
83181,3793,ده قنات چربیون,228832,6
83182,3793,ده بیدچربیون,228833,6
83183,3793,برافتاب سیلاب,228834,6
83184,3793,ده فاضل آبادرون,470311,6
83185,3793,بونه بن رون,470312,6
83186,3793,لچه ای رون,470314,6
83187,3793,گردنه رون,470315,6
83188,3793,تلخه دان رون,470316,6
83189,3793,میراصلان دم رون,470318,6
83190,3793,چشمه محمدبیگی دم رون,470320,6
83191,3793,سیدمحمدکاظمی دالون,470326,6
83192,3793,چشمه تی دالون,470328,6
83193,3793,مورخانی دالون,470330,6
83194,3793,اب ریزک گل اسپید,470339,6
83195,3793,اب بهاره گل اسپید,470341,6
83196,3793,چشمه تاگ گل اسپید,470342,6
83197,3793,تنگ سهالی بلوطی,470343,6
83198,3793,بیدهای مشهدی علیاگل اسپید,470345,6
83199,3793,بیدهای مشهدی سفلی گل اسپید,470346,6
83200,3793,میان دره جوکار,470352,6
83201,3793,بیدبجی پیران دالون,470364,6
83202,3793,له گاوی دالون,470369,6
83203,3793,کل مله ای جوکار,470381,6
83204,3793,وارهای سردفون شاغالب,471105,6
83205,3793,سرتنگ مهلاب ابگل,471106,6
83206,3793,ابساکی سیلاب,471209,6
83207,3793,واراب پوت سیلاب,471210,6
83208,3793,ابله مرده سیلاب,471211,6
83209,3793,چال خرسی سیلاب,471213,6
83210,3793,گودهلی کلاغ خورده,471219,6
83211,3793,وارمله کلاغ خورده,471221,6
83212,3793,کلاغ خورده علیا,471222,6
83213,3793,سرگری کلاغ خورده,471223,6
83214,3793,چشمه بمونی چربیون,471335,6
83215,3793,چشمه زری چربیون,471337,6
83216,3793,چشمه محمدچربیون,471338,6
83217,3793,بردگپی چربیون,471351,6
83218,3793,چشمه پهن چربیون,471353,6
83219,3793,ابرش سیلاب,471846,6
83220,3793,وارخلیل دالون,471853,6
83221,3793,دهنوجوکار,471888,6
83222,3793,کبوتران,817031,6
83223,3793,تهدلی چیربیون,817086,6
83224,3793,مله دالون جوکار,817122,6
83225,3793,آبمورد بورک,817140,6
83226,3794,اب بلی زیلایی,225819,6
83227,3794,اب رش دره صحه,225829,6
83228,3794,اشکفت قاطری مورزرد,225860,6
83229,3794,انجمه,225869,6
83230,3794,بالرود,225883,6
83231,3794,بردجفته میرفیض اله,225893,6
83232,3794,بهسون موشمی,225917,6
83233,3794,پوله,225939,6
83234,3794,تنگ خشک طلعه زار,225972,6
83235,3794,چهارتل میرمحمدفصیح,226051,6
83236,3794,داربری محمدحسین ذیلایی,226071,6
83237,3794,دره بیدمورزرد,226091,6
83238,3794,دره جوجق طلعه زار,226094,6
83239,3794,دره صحه,226107,6
83240,3794,زیرنا,226195,6
83241,3794,سادات چاهن,226199,6
83242,3794,شرانگ رنگ مورزرد,226247,6
83243,3794,کتوزارمورزرد,226293,6
83244,3794,گله خورموشمی,226349,6
83245,3794,مزرعه سیاه کوه,226394,6
83246,3794,مله خویش سفلی,226401,6
83247,3794,مورزردنصراله,226411,6
83248,3794,مله خویش علیا,470139,6
83249,3794,بردکلنگ علیاچهارتل,470187,6
83250,3794,واراب مندیلی کتوزار,470227,6
83251,3794,واردم برم مورزرد,470234,6
83252,3794,ده دم برم مورزرد,470235,6
83253,3794,پس چات شرانگ رنگ,470241,6
83254,3794,دو آخور طلعه زاز,817995,6
83255,3795,اب بیدک زیلایی,225822,6
83256,3795,باغ انجیرک,225878,6
83257,3795,برد پهن زیلایی,225891,6
83258,3795,بنه درازموشمی,225909,6
83259,3795,چال باغچه زیلایی,225998,6
83260,3795,دوبندتیم دار,226138,6
83261,3795,زتین سفلی,226186,6
83262,3795,زتین علیا,226187,6
83263,3795,زرین دوتو,226190,6
83264,3795,شهرونی,226258,6
83265,3795,قباسوخته,226282,6
83266,3795,قلعه بنی موشمی,226283,6
83267,3795,کاهدونکی موشمی,226287,6
83268,3795,کول ارزن,226322,6
83269,3795,کولندزیلایی,226323,6
83270,3795,کیمه سفلی,226328,6
83271,3795,کیمه علیا,226329,6
83272,3795,گودتلخدان زیلایی,226355,6
83273,3795,لعل مینا,226363,6
83274,3795,له فراخ موشمی,226373,6
83275,3795,لال شهرونی کی محمدخان,226383,6
83276,3795,لال علی محمدزرین,226384,6
83277,3795,مورغم علیشاه,226407,6
83278,3795,مورغم وسطی,226408,6
83279,3795,موشمی سفلی,226412,6
83280,3795,موشمی علیا,226413,6
83281,3795,موشمی وسطی,226414,6
83282,3795,نسه مورغم,226443,6
83283,3795,گشور زیلایی,226457,6
83284,3795,له وارحسین علیا,470170,6
83285,3795,اسلام آباد برد پهن زیلایی,817051,6
83286,3796,زردکی سفلی,231004,6
83287,3796,جزیره شیف,231066,6
83288,3796,جزیره عباسک,231067,6
83289,3796,بن حماد,232773,6
83290,3796,حمود,232775,6
83291,3796,رستمی,232776,6
83292,3796,عسکری,232778,6
83293,3796,فراکه,232779,6
83294,3796,قلعه سوخته,232781,6
83295,3796,کره بند,232782,6
83296,3796,محرزی,232785,6
83297,3796,نودرار,232787,6
83298,3797,بندرگاه,231061,6
83299,3797,نیروگاه اتمی,231072,6
83300,3797,هلیله,231073,6
83301,3797,جزیره فارسی,818000,6
83302,3797,شهرک صنعتی 2 بوشهر,818001,6
83303,3797,مرغداری توهک,818036,6
83304,3798,احمدی,231035,6
83305,3798,دویره,231039,6
83306,3798,تل سیاه,231228,6
83307,3799,احشام حسن,230998,6
83308,3799,احشام شمالی,230999,6
83309,3799,احشام شیخی,231000,6
83310,3799,تل بهی,231001,6
83311,3799,حسن نظام,231002,6
83312,3799,حیدری,231003,6
83313,3799,زردکی علیا,231005,6
83314,3799,زندان,231006,6
83315,3799,سهیلی,231007,6
83316,3799,کربلایی مراد,231008,6
83317,3799,محمدشاهی,231009,6
83318,3799,نوکارگزی,231010,6
83319,3799,نوکارمخی,231011,6
83320,3799,هپولو,231012,6
83321,3799,هفت جوش,231013,6
83322,3799,آبطویل,231034,6
83323,3799,تل اشکی,231036,6
83324,3799,چاه کوتاه,231037,6
83325,3799,حسینکی,231038,6
83326,3799,کنارآبادی,231253,6
83327,3799,سرمل,231667,6
83328,3799,قلعه چاه کوتاه,480977,6
83329,3800,بربو,231104,6
83330,3800,بنجو,231105,6
83331,3800,بوالخیر,231106,6
83332,3800,بوجیکدو,231107,6
83333,3800,چاه پهن,231110,6
83334,3800,خورشهابی,231113,6
83335,3800,رستمی,231117,6
83336,3800,سالم آباد,231119,6
83337,3800,عامری,231121,6
83338,3800,کری,231122,6
83339,3800,کلات,231124,6
83340,3800,گاهی,231130,6
83341,3800,هدکان,231135,6
83342,3800,بریکان,232152,6
83343,3800,زیراهک,232155,6
83344,3800,خواجه خضر,480117,6
83345,3800,ایستگاه رادیو تلویزیون,480976,6
83346,3800,کارخانه آسفالت راه گشایان دشتی,818046,6
83347,3801,احشام جمال,231100,6
83348,3801,سرتل,231101,6
83349,3801,دهنو,231102,6
83350,3801,باشی,231103,6
83351,3801,پهلوان کشی,231108,6
83352,3801,جایینگ,231109,6
83353,3801,چاه تلخ جنوبی,231111,6
83354,3801,چاه تلخ شمالی,231112,6
83355,3801,خیش اشکن,231114,6
83356,3801,دلارام / دلارمدئ/,231116,6
83357,3801,زایرابراهیمی,231118,6
83358,3801,عالی چنگی,231120,6
83359,3801,گورک کله بندی,231123,6
83360,3801,گرگور,231125,6
83361,3801,گورک دژگاه,231126,6
83362,3801,گورک سادات,231127,6
83363,3801,گورک سلیمانی,231128,6
83364,3801,گورک محمدرحیمی,231129,6
83365,3801,لیلک,231131,6
83366,3801,محمدعامری,231132,6
83367,3801,مزار حسینی,231133,6
83368,3801,مل گپ,231134,6
83369,3801,گورک خورشیدی,480050,6
83370,3801,رستمی,480059,6
83371,3801,حاجی آباد,480069,6
83372,3801,علی آباد,480070,6
83373,3802,اشکالی( محمدحاجی),231179,6
83374,3802,آشور,231180,6
83375,3802,آمار,231181,6
83376,3802,بازوئی,231182,6
83377,3802,جمالی زایرحسین,231183,6
83378,3802,چاه پیر,231184,6
83379,3802,حیدری,231185,6
83380,3802,دمروباه دان,231186,6
83381,3802,کناربنی,231187,6
83382,3802,کناری,231188,6
83383,3802,منصوری جنوبی,231190,6
83384,3802,منصوری شمالی,231191,6
83385,3802,منصوری وسطی,231192,6
83386,3802,آشی,231310,6
83387,3802,بابائی,231311,6
83388,3802,باغ اسکی,231312,6
83389,3802,باغ خشکو,231313,6
83390,3802,بنیان,231314,6
83391,3802,پنبه کار,231315,6
83392,3802,تلخ آبیه,231316,6
83393,3802,چم مزرعه,231317,6
83394,3802,دوبیلی,231318,6
83395,3802,زردکی,231319,6
83396,3802,گشی,231320,6
83397,3802,گلنار,231321,6
83398,3802,مخدان,231322,6
83399,3802,نیدان,231323,6
83400,3802,یخ,231324,6
83401,3802,تکون,231346,6
83402,3802,تنگ توگه,231347,6
83403,3802,سمل جنوبی,231348,6
83404,3802,شیرمرد,231349,6
83405,3802,کیدی,231351,6
83406,3802,گندعلی,231353,6
83407,3802,سمل شمالی,480124,6
83408,3802,گلنگون,480125,6
83409,3802,تلخ آبریز,480168,6
83410,3802,مدکان,818009,6
83411,3802,امامزاده شاه زاده محمد,818037,6
83412,3802,مزرعه-باغ,818038,6
83413,3803,آب بوئی,231213,6
83414,3803,احشام حاج خورشید,231214,6
83415,3803,احشام عبدالحسین,231217,6
83416,3803,احشام مشهدی,231219,6
83417,3803,احمد آباد,231220,6
83418,3803,انبارک,231221,6
83419,3803,باغچه جنوبی,231222,6
83420,3803,باغچه شمالی,231223,6
83421,3803,بنه گز,231226,6
83422,3803,چاه گاه,231229,6
83423,3803,چهارتل,231231,6
83424,3803,حسین سادنی,231232,6
83425,3803,خورموجی,231234,6
83426,3803,خیاری,231235,6
83427,3803,زیادمال,231240,6
83428,3803,سربستی,231241,6
83429,3803,سه چاه,231242,6
83430,3803,شورکی,231244,6
83431,3803,عالی حسینی,231245,6
83432,3803,علی محمدی,231247,6
83433,3803,قایدابراهیمی,231248,6
83434,3803,قباکلکی,231249,6
83435,3803,قنبری,231250,6
83436,3803,کاکلی,231251,6
83437,3803,کنارنرو,231254,6
83438,3803,کنگری,231255,6
83439,3803,گلکی,231256,6
83440,3803,محمدطاهری,231257,6
83441,3803,محمدعبدی,231258,6
83442,3803,منگلی,231260,6
83443,3803,گادوئی,231261,6
83444,3803,محمد جمالی,480104,6
83445,3803,مشکوئی,480112,6
83446,3803,سمیل علی,480113,6
83447,3803,باغک شمالی,818006,6
83448,3803,باغک جنوبی,818007,6
83449,3804,آل یوسفی سفلی,231396,6
83450,3804,آل یوسفی علیا,231397,6
83451,3804,برمک,231398,6
83452,3804,بشیر آباد,231399,6
83453,3804,بنه فارسی,231400,6
83454,3804,تل سرکوه,231404,6
83455,3804,تل قاتل,231405,6
83456,3804,جتوط,231406,6
83457,3804,درودگاه,231407,6
83458,3804,زیرراه,231408,6
83459,3804,سربست,231410,6
83460,3804,نظر آقا,231413,6
83461,3804,هلپه ای,231414,6
83462,3804,سرکوردان,231746,6
83463,3804,اسلام آباد,480915,6
83464,3805,بنه فرامرز,231401,6
83465,3805,سده,231409,6
83466,3805,سرقنات,231411,6
83467,3805,برنگ بزرگ,231435,6
83468,3805,برنگ کوچک,231436,6
83469,3805,بی من,231440,6
83470,3805,جره سفلی,231442,6
83471,3805,جره علیا,231443,6
83472,3805,جره میان,231444,6
83473,3805,چوگرگ,231445,6
83474,3805,دره چاه,231446,6
83475,3805,سیاه منصورسفلی,231449,6
83476,3805,سیاه منصورعلیا,231450,6
83477,3805,شاه قاسم,231451,6
83478,3805,شول,231452,6
83479,3805,سبا/دکان سرخ /,231454,6
83480,3805,ماردون,231455,6
83481,3805,گلی ماردون,480192,6
83482,3805,مجتمع دامپروری وکشاورزی,480931,6
83483,3805,ایستگاه بهره برداری نرگسی,818002,6
83484,3806,بنه رضا,231437,6
83485,3806,بنه عباس,231438,6
83486,3806,بنه محمدوخانعلی,231439,6
83487,3806,پلنگی,231441,6
83488,3806,گلدشت,231447,6
83489,3806,سر دشتک,231448,6
83490,3806,طاوه سیاه,231453,6
83491,3806,میلک,231457,6
83492,3806,بنه حاج غلام,231491,6
83493,3806,بنه حاج نعمت,231492,6
83494,3806,بویری,231493,6
83495,3806,بهر,231495,6
83496,3806,چاه دول,231498,6
83497,3806,چاه زنگی,231499,6
83498,3806,چهل زرعی عجم,231504,6
83499,3806,چهل زرعی عرب,231505,6
83500,3806,خلیفه ای,231506,6
83501,3806,خیار زار,231508,6
83502,3806,دهداران سفلی,231513,6
83503,3806,دهداران علیا,231514,6
83504,3806,ذکریایی,231515,6
83505,3806,سراج آباد/سرخره /,231516,6
83506,3806,سر رود,231517,6
83507,3806,سمیعی,231518,6
83508,3806,شاه فیروز,231520,6
83509,3806,شلدان و باغی,231521,6
83510,3806,عطیبه,231522,6
83511,3806,لایپه,231526,6
83512,3806,محمد جمالی,231527,6
83513,3806,بنه محمد علی,480184,6
83514,3806,بنه محمد,480188,6
83515,3807,ابوالفیروز,231345,6
83516,3807,گندم ریز,231352,6
83517,3807,باغ حصار,231652,6
83518,3807,بنداروز,231653,6
83519,3807,حسن آباد,231658,6
83520,3807,خوشاب,231659,6
83521,3807,خوش مکان,231660,6
83522,3807,دره چیتو,231662,6
83523,3807,سرکره,231666,6
83524,3807,گزبلند,231687,6
83525,3807,مرغداری دشتستان,231689,6
83526,3807,نی نیزک,231695,6
83527,3807,لرده,231811,6
83528,3807,جنوبگاز,480255,6
83529,3807,رجب آباد /رجو آباد/,480327,6
83530,3807,ناحیه صنعتی برازجان,818014,6
83531,3807,دانشکده کشاورزی,818029,6
83532,3808,بنه جابری,231654,6
83533,3808,دهقاید,231664,6
83534,3808,راهدار,231665,6
83535,3808,قراول خانه,231671,6
83536,3808,آب میخک,231743,6
83537,3808,خیرآباد,231744,6
83538,3808,قلعه سفید,231747,6
83539,3808,ایستگاه شهید صلاحی,480195,6
83540,3808,مجتمع صنایع غذایی دبش,480201,6
83541,3808,بارگاهی,480216,6
83542,3808,معدن سنگ گچو,480933,6
83543,3808,معدن مورگ چر,480934,6
83544,3808,معدن گچ تنگ توسه /معدن سنگ شوسه /,480935,6
83545,3808,شرکت تیرسازان دشتستان,480937,6
83546,3808,گچ پزی شاه حسینی,480939,6
83547,3808,تنگ گورآب,818026,6
83548,3808,کارخانه سیمان دشتستان,818030,6
83549,3809,چاه خانی,231656,6
83550,3809,چاه عربی,231657,6
83551,3809,ده نو,231663,6
83552,3809,عیسوند,231670,6
83553,3809,بناراب شیرین,231768,6
83554,3809,جرافی,231769,6
83555,3809,جیمه,231770,6
83556,3809,زیارت,231771,6
83557,3809,صفی آباد,231772,6
83558,3809,کلل,231773,6
83559,3809,مزرعه علی پیشاهنگ,480262,6
83560,3810,بزپر,231584,6
83561,3810,بیدو,231586,6
83562,3810,سناوین سنا,231592,6
83563,3810,مزرعه آب شیرین,231613,6
83564,3810,آب گرمو,231794,6
83565,3810,آب مارو,231795,6
83566,3810,انارستان,231796,6
83567,3810,باغ تاج,231797,6
83568,3810,تلخ آب,231798,6
83569,3810,تنگ درکش,231799,6
83570,3810,تنگ سوک,231800,6
83571,3810,تنگ فاریاب,231801,6
83572,3810,چراب,231802,6
83573,3810,جمغاری,231803,6
83574,3810,جمیله,231804,6
83575,3810,حسین آباد پناهی /اخره /,231805,6
83576,3810,خیرک,231806,6
83577,3810,رودفاریاب,231807,6
83578,3810,شکرک,231808,6
83579,3810,گشنی,231810,6
83580,3810,ناخا,231812,6
83581,3810,مزرعه امان الله-بهرام نیکنام,818018,6
83582,3811,آقا میراحمد,231581,6
83583,3811,پرگانک,231587,6
83584,3811,چاوک,231593,6
83585,3811,دهرود سفلی,231597,6
83586,3811,دهرود علیا,231598,6
83587,3811,ساختمان طاهر,231600,6
83588,3811,سوک,231602,6
83589,3811,کفترو,231608,6
83590,3811,کم زرد,231611,6
83591,3811,مرده خیر,231612,6
83592,3811,نصاد,480969,6
83593,3811,ساختمان جهانگیر,480970,6
83594,3811,بنگ تر,480971,6
83595,3811,بنگ خشک ( سه تل ),480972,6
83596,3811,چای,480973,6
83597,3811,رونی,480974,6
83598,3812,احمدی,231580,6
83599,3812,امامزاده بده,231582,6
83600,3812,تنگ رود,231591,6
83601,3812,نورآباد- خون,231595,6
83602,3812,شلدان,231605,6
83603,3812,ایلشهر,480965,6
83604,3812,حاجی آباد,480966,6
83605,3812,حسین آباد,480967,6
83606,3812,منصور آباد,480968,6
83607,3812,تنگ خون,818015,6
83608,3813,آبپای ارغوان,231579,6
83609,3813,پل اشکن,231588,6
83610,3813,تنگ زرد,231590,6
83611,3813,درنگ,231596,6
83612,3813,زیرمله,231599,6
83613,3813,سرمله,231601,6
83614,3813,شاه پسرمرد,231603,6
83615,3813,شاهی جانی,231604,6
83616,3813,طلحه,231606,6
83617,3813,فاریاب,231607,6
83618,3813,کله گرگی,231610,6
83619,3813,کمرزرد,480387,6
83620,3813,هفت مله,480388,6
83621,3813,غنچه بگی,480405,6
83622,3813,بیشه نر,480406,6
83623,3814,بنار آزادگان,231489,6
83624,3814,تل سبز,231497,6
83625,3814,میان دشت /چاه موشی /,231500,6
83626,3814,چم درواهی,231502,6
83627,3814,چهار برج,231503,6
83628,3814,گرو گزی,231524,6
83629,3814,گناوه کان,231525,6
83630,3814,مشفق آباد,818012,6
83631,3815,بصری,231487,6
83632,3815,بنارسلیمانی,231488,6
83633,3815,بند محمد عبداله,231490,6
83634,3815,چم تنگ,231501,6
83635,3815,خمیسی,231507,6
83636,3815,دشتی اسماعیل خانی,231511,6
83637,3815,سه کنار,231519,6
83638,3815,مکابری,231529,6
83639,3815,دره دون,480864,6
83640,3816,آب سبز,231863,6
83641,3816,برید,231864,6
83642,3816,چم کور,231865,6
83643,3816,حسین زایری,231866,6
83644,3816,امام آباد,231867,6
83645,3816,دهداری,231868,6
83646,3816,طویل دراز,231869,6
83647,3816,فقیه احمدان,231870,6
83648,3816,فقیه صالحی,231871,6
83649,3816,گز دراز,231872,6
83650,3816,مرحوای,231873,6
83651,3816,مقاتل,231874,6
83652,3816,ناصری,231875,6
83653,3816,بامنیر,231901,6
83654,3816,بیکسان,231903,6
83655,3816,خانی,231908,6
83656,3816,سالی,231911,6
83657,3816,اسماعیل محمودی,232019,6
83658,3816,درگوشمالی,232030,6
83659,3816,درگوجنوبی,480469,6
83660,3816,چغاپور,480489,6
83661,3816,دولت آباد,480492,6
83662,3816,زیدون,480926,6
83663,3816,ماندو,480927,6
83664,3816,سرکمر,480928,6
83665,3816,باغ علی باقر,480940,6
83666,3816,مله خرگ,480941,6
83667,3816,لوکی,480942,6
83668,3816,گزدراز میرک,818024,6
83669,3816,گزدراز شمالی-باغ کوشک,818045,6
83670,3817,باغ خره,231899,6
83671,3817,باغ شور,231900,6
83672,3817,بنیاد,231902,6
83673,3817,تلخو,231904,6
83674,3817,حاجی محمد,231906,6
83675,3817,زارقندی,231910,6
83676,3817,شعری,231913,6
83677,3817,گزک,231916,6
83678,3817,گنخک شیخی,231919,6
83679,3817,گورکی,231921,6
83680,3817,مسیله بهمنی,231923,6
83681,3817,مسیله عبدی,231924,6
83682,3817,مسیله فخری,231925,6
83683,3817,مسیله کشوری,231926,6
83684,3817,مسیله کلو,231927,6
83685,3817,مله گرده,231928,6
83686,3817,منگه زار,231929,6
83687,3817,نوشاد,231930,6
83688,3817,هلالی حاج عوض,231931,6
83689,3817,هلالی منصور,231932,6
83690,3817,باغ شلی,231933,6
83691,3817,گنخک رئیسی,480463,6
83692,3817,علی آباد,480466,6
83693,3817,گنخک کورا,480907,6
83694,3817,حیدر عبدالحسین,480929,6
83695,3818,بالنگستان / گلستان/,232150,6
83696,3818,برمصار,232151,6
83697,3818,چاه حسین جمال,232153,6
83698,3818,زیارت,232154,6
83699,3818,شیخیان سلنجی,232157,6
83700,3818,کبگان,232158,6
83701,3818,کردوان سفلی,232159,6
83702,3818,کردوان علیا,232160,6
83703,3818,کلبیا محمودی,232161,6
83704,3818,لاورساحلی,232162,6
83705,3818,مرده شوری,232163,6
83706,3818,اسماعیل محمودی,280657,6
83707,3818,باغ پیر,480467,6
83708,3818,شیخیان ماری,480661,6
83709,3818,کلات,480670,6
83710,3818,تل-مل چاه,480671,6
83711,3818,شیخیان شهاب,480676,6
83712,3818,میته,480692,6
83713,3818,میدری,480693,6
83714,3818,تل قلعه,480694,6
83715,3818,کوری,480697,6
83716,3818,کلبیا حاجی پور,480698,6
83717,3818,کلبیا میراحمد,480699,6
83718,3818,کلبیا کوچک,480700,6
83719,3818,کلبیا امامزاده,480701,6
83720,3818,کردوان رئیسی,480943,6
83721,3818,زایر ابول,480944,6
83722,3819,جبری,231977,6
83723,3819,چارک,231978,6
83724,3819,چاووشی,231979,6
83725,3819,چهله,231980,6
83726,3819,حیدری,231981,6
83727,3819,درازی,231982,6
83728,3819,زیزار,231984,6
83729,3819,فقیه حسنان,231986,6
83730,3819,کلل,231987,6
83731,3819,میان خره بالا,231994,6
83732,3819,وراوی,231995,6
83733,3819,احشام قائدها,480567,6
83734,3819,زایر عباسی,480579,6
83735,3819,باغ بهشت,480584,6
83736,3820,بادام زار,231975,6
83737,3820,بوحیری,231976,6
83738,3820,زرگری,231983,6
83739,3820,عربی,231985,6
83740,3820,گوری,231988,6
83741,3820,لاور رزمی,231989,6
83742,3820,محمد آباد,231990,6
83743,3820,مل گاودان,231991,6
83744,3820,مل گل,231992,6
83745,3820,منقل,231993,6
83746,3820,مزرعه شیربنو,480946,6
83747,3820,بنگه,480947,6
83748,3820,بندو,480948,6
83749,3820,مزرعه تیموری ها,818025,6
83750,3820,ناحیه صنعتی روستایی دشتی,818043,6
83751,3820,مزرعه علی نجفی,818044,6
83752,3821,اسلام آباد,232018,6
83753,3821,باغان,232020,6
83754,3821,بن بید,232021,6
83755,3821,بشک,232023,6
83756,3821,چاه گاه,232026,6
83757,3821,حمویی,232027,6
83758,3821,خروک,232029,6
83759,3821,درویشی,232031,6
83760,3821,دشت زال حسین آباد,232033,6
83761,3821,دشت زال شمالی,232034,6
83762,3821,دشت زال نرگسی,232035,6
83763,3821,رزم آباد,232037,6
83764,3821,سنا,232039,6
83765,3821,کاردانه,232043,6
83766,3821,کردلان,232044,6
83767,3821,گرازی,232046,6
83768,3821,کشتو,232047,6
83769,3821,مزرعه حاج احمدئ,232049,6
83770,3821,دشت زال حاج مراد,480413,6
83771,3821,آب نیلو,818016,6
83772,3821,گرمه,818019,6
83773,3822,اژدرخوس,232017,6
83774,3822,بنو,232022,6
83775,3822,تنگ باغ,232024,6
83776,3822,چاه بالا,232025,6
83777,3822,حناشور,232028,6
83778,3822,دشت پلنگ,232032,6
83779,3822,دهوک,232036,6
83780,3822,سرمک,232038,6
83781,3822,سهو,232040,6
83782,3822,سیل گاه,232041,6
83783,3822,کناربندک,232045,6
83784,3822,محمدریز,232048,6
83785,3822,صحبتی,480945,6
83786,3822,مجتمع چاههای نفت دالان,818020,6
83787,3822,منطقه عشایری,818021,6
83788,3822,مجتمع چاههای نفت کوه سیاه,818022,6
83789,3822,آسمانک,818023,6
83790,3823,سجادیه,232098,6
83791,3823,اشکوری,232099,6
83792,3823,بردخون کهنه,232101,6
83793,3823,برید,232103,6
83794,3823,چاه پهن,232104,6
83795,3823,حاجی مهدی,232105,6
83796,3823,درود احمد,232106,6
83797,3823,دمی گز,232107,6
83798,3823,دوپلنگو,232108,6
83799,3823,زیدون,232109,6
83800,3823,زیرود,232110,6
83801,3823,شیبرم,232112,6
83802,3823,کالی,232113,6
83803,3823,کمال احمدی,232114,6
83804,3823,کورک,232115,6
83805,3823,گزخون,232116,6
83806,3823,مل کوری,232118,6
83807,3823,مل گنزه,232119,6
83808,3823,مل سوخته,232120,6
83809,3823,میرزا حبیب,232121,6
83810,3823,نرکو,232122,6
83811,3823,نودرار,232123,6
83812,3824,آبکش,231896,6
83813,3824,احشام منواحمدی,231897,6
83814,3824,کناری,231915,6
83815,3824,برام حسن,232100,6
83816,3824,شهنیا,232111,6
83817,3824,مخدان,232117,6
83818,3824,وحدت آباد,480453,6
83819,3824,مجمبو,480949,6
83820,3824,غذاخوری زائری,480950,6
83821,3824,امام زاده امیر دیوان,818042,6
83822,3825,احشام احمد,232189,6
83823,3825,باغ عالی,232194,6
83824,3825,باغ ناصر,232195,6
83825,3825,بنای راشد,232199,6
83826,3825,پشت آسمان,232201,6
83827,3825,تلمبه حاتمی,232203,6
83828,3825,تل رئیس,232204,6
83829,3825,جمرگ شمالی,232207,6
83830,3825,خره خرگی,232210,6
83831,3825,لمبدان بالایی /لمبدان مجید/,232227,6
83832,3825,لمبدان حاجی آباد,232228,6
83833,3825,لمبدان شیخ احمد,232229,6
83834,3825,لمبدان پایین,232230,6
83835,3825,محمد علی درویشی,232232,6
83836,3825,مخدان,232233,6
83837,3825,مل خرک جنوبی,232234,6
83838,3825,مل خرک شمالی,232235,6
83839,3825,سنگ شکن بنیاد مسکن,480615,6
83840,3825,پادگان انصارالمهدی,480629,6
83841,3825,الخشی,480630,6
83842,3825,مرگی,480634,6
83843,3825,جمرک جنوبی,480952,6
83844,3825,سایت پرورش میگو بردستان,818040,6
83845,3825,باغ محمد صفر,818041,6
83846,3826,بطانه,232198,6
83847,3826,بی بی خاتون,232200,6
83848,3826,جبرانی,232206,6
83849,3826,گزنک,232223,6
83850,3826,اشکو,280655,6
83851,3826,اولی شمالی(علیا),480635,6
83852,3826,اولی جنوبی(سفلی),480636,6
83853,3827,جاشک,231905,6
83854,3827,احشام نو,232190,6
83855,3827,احشام نو,232191,6
83856,3827,بحردن,232196,6
83857,3827,تل سنگ,232202,6
83858,3827,چاه قد,232208,6
83859,3827,احمداباد/خرگونه /,232209,6
83860,3827,راهدار,232213,6
83861,3827,زعفرانی,232214,6
83862,3827,زیبا,232215,6
83863,3827,سهول,232217,6
83864,3827,فاریاب,232219,6
83865,3827,قلیل,232220,6
83866,3827,کنارترشان,232221,6
83867,3827,گشی,232224,6
83868,3827,گله زنی,232225,6
83869,3827,مل گاه,232236,6
83870,3827,ملا سالمی,232237,6
83871,3827,نوکن,232238,6
83872,3827,تنگ نخل,232473,6
83873,3827,کروا,280654,6
83874,3827,مردابه,480638,6
83875,3828,تنگ خوش,232205,6
83876,3828,خمه دان,232211,6
83877,3828,سرمستان,232216,6
83878,3828,شطررود,232218,6
83879,3828,گچوی مظفر آباد,232222,6
83880,3828,گنوی,232226,6
83881,3828,لوهک,232231,6
83882,3828,سورو,280651,6
83883,3828,آسیاب مظفر,480951,6
83884,3829,اختر(دامداران),232575,6
83885,3829,برکه چوپان,232579,6
83886,3829,تمبک,232587,6
83887,3829,لاورد,232598,6
83888,3829,نخل غانم,232603,6
83889,3829,لودر,480729,6
83890,3829,هاکون,480730,6
83891,3829,ناحیه صنعتی بنک,818013,6
83892,3830,قلعه میان,232601,6
83893,3830,منطقه ویژه پارس جنوبی 3,818010,6
83894,3830,هنویز,818032,6
83895,3830,سایت اختر,818033,6
83896,3831,هفت چاه,232380,6
83897,3831,باغ شیخ,232576,6
83898,3831,باغ کم کوداغ,232577,6
83899,3831,برپهن,232578,6
83900,3831,بنو,232582,6
83901,3831,پرک,232584,6
83902,3831,پشت تنگ,232585,6
83903,3831,چاه درویشان,232590,6
83904,3831,چاه مجنون,232591,6
83905,3831,مل گیوه,480771,6
83906,3831,سه چاه,480778,6
83907,3832,لاور گل,480774,6
83908,3832,لاور ده,480775,6
83909,3832,شصت پیچ,818031,6
83910,3833,حاج حجی,232774,6
83911,3833,رمله,232777,6
83912,3833,قلعه سرهان,232780,6
83913,3833,گوابین,232783,6
83914,3833,مجنون,232784,6
83915,3833,محمدی,232786,6
83916,3833,انجیرو,232809,6
83917,3833,بیدو,232810,6
83918,3833,پوزگاه,232811,6
83919,3833,جزیره شمالی,232812,6
83920,3833,چهار برج,232813,6
83921,3833,چهار روستایی,232814,6
83922,3833,چهار محل,232815,6
83923,3833,رود شور,232816,6
83924,3833,سمندکی,232817,6
83925,3833,عرش,232818,6
83926,3833,کوهک کوچک,232819,6
83927,3833,گاو سفید بزرگ,232820,6
83928,3833,گاو سفید کوچک,232821,6
83929,3833,گاو سفید وسط,232822,6
83930,3833,گدائی,232823,6
83931,3833,مال محمود,232824,6
83932,3833,جمولی,480806,6
83933,3833,امامزاده میرحاج,480862,6
83934,3833,کوهک بزرگ,480863,6
83935,3833,جزیره جنوبی,480888,6
83936,3833,احشام احمد,480908,6
83937,3834,احمدحسین,232845,6
83938,3834,بقعه,232846,6
83939,3834,بهمنیار غربی,232847,6
83940,3834,بهمنیار شرقی,232848,6
83941,3834,بینک,232849,6
83942,3834,تاج ملکی,232850,6
83943,3834,تل تل,232851,6
83944,3834,چاه بردی,232852,6
83945,3834,چاه شور,232853,6
83946,3834,چاهک,232854,6
83947,3834,چم شهاب,232855,6
83948,3834,چشمه,232856,6
83949,3834,شول,232857,6
83950,3834,عباسی,232858,6
83951,3834,فخرآوری,232859,6
83952,3834,قلعه حیدر,232860,6
83953,3834,کلر,232861,6
83954,3834,کمالی,232862,6
83955,3834,گشویی,232863,6
83956,3834,گمارون,232864,6
83957,3834,مال خلیفه,232865,6
83958,3834,مال قاید,232866,6
83959,3834,مال محمد عبدالعلی,232867,6
83960,3834,محمد صالحی,232868,6
83961,3834,سربست,232869,6
83962,3834,تل کلات,480813,6
83963,3834,کنار سیاه,480815,6
83964,3834,کوکرئ,480816,6
83965,3834,تل پرون,480821,6
83966,3834,تل برج,480822,6
83967,3834,بزئ,480824,6
83968,3834,مینی فیلد,480826,6
83969,3834,شرکت بینک,480841,6
83970,3834,بنکی سیدحسین,480958,6
83971,3834,بنکی صدرالدین,480959,6
83972,3834,غولکل - اسلام آباد,480960,6
83973,3834,گنجشکی,480961,6
83974,3834,میلک,480962,6
83975,3834,مرغدارئ حسین زاده /مرغداری صنعتی /,480963,6
83976,3834,بنکی سید عباس,480975,6
83977,3835,بنه احمدان,232688,6
83978,3835,بوالفتح,232691,6
83979,3835,چاه تلخ,232695,6
83980,3835,حصار,232699,6
83981,3835,شیرینک,232708,6
83982,3835,قنات,232710,6
83983,3835,گاودار,232713,6
83984,3835,لیلتین,232718,6
83985,3835,مال سنان,232719,6
83986,3835,مال میر,232721,6
83987,3836,اسفندیاری,232682,6
83988,3836,بازتین,232686,6
83989,3836,چاه شیرین,232696,6
83990,3836,شهر ویران,232706,6
83991,3836,والفجر /گربه ای /,232715,6
83992,3836,گره,232716,6
83993,3836,مالکی,232722,6
83994,3836,حسن آباد بوالفتح,480843,6
83995,3836,شرکت گره,480964,6
83996,3837,باباحسن جنوبی,232684,6
83997,3837,باباحسن شمالی,232685,6
83998,3837,بنه احمد,232687,6
83999,3837,بنه اسماعیل,232689,6
84000,3837,بویرات,232692,6
84001,3837,خواجه گیر,232701,6
84002,3837,دهک,232702,6
84003,3837,سیاه مکان بزرگ,232703,6
84004,3837,سیاه مکان کوچک,232704,6
84005,3837,شیخ زنگی,232707,6
84006,3837,گاو زرد,232714,6
84007,3837,گز لوری,232717,6
84008,3837,مال شهاب,232720,6
84009,3837,مظفری جنوبی,232723,6
84010,3837,مظفری شمالی,232724,6
84011,3838,بنه خاطر,232690,6
84012,3838,بیدو,232693,6
84013,3838,تنوب سید,232694,6
84014,3838,حاج حیدری,232697,6
84015,3838,عامری,232709,6
84016,3838,کنارکوه,232712,6
84017,3838,حیدر آباد,818017,6
84018,3839,اهنجت,232466,6
84019,3839,حرمی ناری,232479,6
84020,3839,سرچشمه,232484,6
84021,3839,سورگو,232485,6
84022,3839,سرکوه دوچاه,232486,6
84023,3839,ماخو,232490,6
84024,3839,موردی,232491,6
84025,3839,نورد,232492,6
84026,3839,بیدو / بیدو موردی /,480783,6
84027,3839,کمه,480784,6
84028,3839,تل حاج نوشاد,480978,6
84029,3840,پس گلی,232470,6
84030,3840,پشتو,232471,6
84031,3840,قلعه کهنه,232488,6
84032,3840,گلی بردگان,232489,6
84033,3840,حسین آباد,480785,6
84034,3841,دوتوولی,232341,6
84035,3841,گندمزار,232369,6
84036,3841,اسفندیار,232462,6
84037,3841,انارک,232464,6
84038,3841,بیدو,232469,6
84039,3841,تشان,232472,6
84040,3841,تنگمان /جمال آباد/,232474,6
84041,3841,چاله,232476,6
84042,3841,چرموک,232477,6
84043,3841,حرمیک,232478,6
84044,3841,دره بان,232481,6
84045,3841,بنگو,480789,6
84046,3841,رازیانه,480794,6
84047,3842,اربانه باغ,232305,6
84048,3842,اکبرآباد,232306,6
84049,3842,بابامبارکی,232307,6
84050,3842,بندانو,232311,6
84051,3842,بهرباغ,232312,6
84052,3842,بهر حاج نوشاد,232313,6
84053,3842,بیدان,232314,6
84054,3842,بید بلند,232315,6
84055,3842,بیدخوار,232316,6
84056,3842,پاتوه,232317,6
84057,3842,پایه,232319,6
84058,3842,پدری,232320,6
84059,3842,پهکو,232321,6
84060,3842,تل قلعه,232324,6
84061,3842,غربه,232326,6
84062,3842,چاهه,232327,6
84063,3842,چم برکه,232328,6
84064,3842,چم دره,232331,6
84065,3842,حاجی آباد,232332,6
84066,3842,حرمی,232333,6
84067,3842,دایو,232338,6
84068,3842,دوگلی,232342,6
84069,3842,دومیتی,232344,6
84070,3842,ذکی علمداری,232345,6
84071,3842,زیبا مکان,232346,6
84072,3842,کوچو خر زهره,232347,6
84073,3842,سرخ کوه,232348,6
84074,3842,سینه زری,232350,6
84075,3842,صیدی,232352,6
84076,3842,طاقو,232353,6
84077,3842,طالانه,232354,6
84078,3842,طوف ماهیخوار,232355,6
84079,3842,علی آباد,232356,6
84080,3842,عوض مرد,232357,6
84081,3842,فرامرزی,232358,6
84082,3842,قایدی,232359,6
84083,3842,قصاب,232360,6
84084,3842,قلعه گرگ,232362,6
84085,3842,کربیزو,232363,6
84086,3842,کنارشیب,232364,6
84087,3842,کوری,232365,6
84088,3842,گرگلان,232368,6
84089,3842,گود-گور خان,232370,6
84090,3842,گودله,232371,6
84091,3842,گیر قلات,232372,6
84092,3842,مکو,232375,6
84093,3842,میرمعما,232377,6
84094,3842,نیلاب,232378,6
84095,3842,هنگدان,232381,6
84096,3842,هنود,232382,6
84097,3842,پلنگی,232383,6
84098,3842,منظر,232384,6
84099,3842,نرگسی,232385,6
84100,3842,احمد آباد,480756,6
84101,3842,کلاتو,480757,6
84102,3842,محمدئ آباد,480758,6
84103,3842,پارگاوه,480761,6
84104,3842,خانیچه,480762,6
84105,3842,بس ملخی,480767,6
84106,3842,کوری بلوچ,480773,6
84107,3842,بید پایه باغ,480953,6
84108,3842,قره چناق,480954,6
84109,3843,آبگرمک,232304,6
84110,3843,باریکان,232308,6
84111,3843,باغ میان رود,232309,6
84112,3843,کوه چر / بنائ هادئ /,232310,6
84113,3843,پیر بیراهه,232322,6
84114,3843,تاک پوک,232323,6
84115,3843,تنگ حنا,232325,6
84116,3843,چم چشمه,232329,6
84117,3843,حسین آباد,232334,6
84118,3843,دره چاه,232339,6
84119,3843,دوتوسورو,232340,6
84120,3843,سمدان,232349,6
84121,3843,شهرخاص,232351,6
84122,3843,کوری حیاتی,232366,6
84123,3843,مالورد,232373,6
84124,3843,موردستان,232376,6
84125,3844,بو تنگ,232537,6
84126,3844,بزباز,232580,6
84127,3844,تنگ بیدخون,232588,6
84128,3844,دروک,232592,6
84129,3844,گللوز,232597,6
84130,3844,منطقه ویژه پارس جنوبی 1,818004,6
84131,3844,منطقه ویژه پارس جنوبی 2,818005,6
84132,3845,اخند,232535,6
84133,3845,ده نو,232544,6
84134,3845,عسکری,232549,6
84135,3845,کلات,232551,6
84136,3845,گود اخند,232552,6
84137,3845,فرودگاه بین اللملی خلیج فارس,818039,6
84138,3846,بساتین,232633,6
84139,3846,بنود,232634,6
84140,3846,خره,232635,6
84141,3846,زبار,232636,6
84142,3846,صفیه,232637,6
84143,3846,کنارخیمه,232638,6
84144,3846,نای بند,232639,6
84145,3846,هاله,232640,6
84146,3847,بندو,232536,6
84147,3847,بستانو,232538,6
84148,3847,تنگ وج وج,232539,6
84149,3847,جلالات,232540,6
84150,3847,خیارو,232542,6
84151,3847,دزدانه,232543,6
84152,3847,زمینو,232545,6
84153,3847,سواحل,232546,6
84154,3847,سهموی جنوبی,232547,6
84155,3847,سهموی شمالی,232548,6
84156,3847,عین الساده,232550,6
84157,3847,مروع,232553,6
84158,3847,نحیر,232554,6
84159,3847,تنگ نخیلات,232555,6
84160,3848,چالچوق,233077,6
84161,3848,زره باش,233087,6
84162,3848,گل بلاغ /شاه بلاغی,233088,6
84163,3848,عباس‌آبادسفلی,233091,6
84164,3848,عباس‌آباد علیا,233092,6
84165,3848,قره‌آغاج,233096,6
84166,3848,قزلجه,233099,6
84167,3848,قشلاق مردعلی,233101,6
84168,3848,قفس‌آباد,233102,6
84169,3848,کینه ورس,233109,6
84170,3848,میموندره,233117,6
84171,3848,اسپاس,233180,6
84172,3848,فونش‌آباد,233200,6
84173,3848,قلعه حسن‌آباد,233201,6
84174,3849,اسدآباد,233068,6
84175,3849,اهک محمدآباد,233072,6
84176,3849,برزابیل,233075,6
84177,3849,حصارقاجار,233081,6
84178,3849,علی‌آباد,233093,6
84179,3849,قارلوق,233094,6
84180,3849,قروه,233095,6
84181,3849,مزرعه قره‌بلاغ,233097,6
84182,3849,قره تپه,233098,6
84183,3849,قمچ‌آباد,233104,6
84184,3849,قویوجوق,233106,6
84185,3849,گلجه,233111,6
84186,3849,نورین,233119,6
84187,3849,مزرعه وازده,233120,6
84188,3849,حسین‌آباد قارقالو,233188,6
84189,3849,حصار عبدالکریم,233189,6
84190,3849,داودگر,233192,6
84191,3849,علی بلاغی,233198,6
84192,3849,امیرآباد,233911,6
84193,3849,قشلاق مرشون,233972,6
84194,3849,کله خانه,233982,6
84195,3849,کماجین,233984,6
84196,3849,ینگجه جدید,234026,6
84197,3849,ییلاق مرشون,234028,6
84198,3849,بهاور,238292,6
84199,3849,شهرک صنعتی نورین,491661,6
84200,3849,شهرک صنعتی افق ابهر,819043,6
84201,3849,شهرک صنعتی شریف ابهر,819076,6
84202,3849,مزرعه شناط,819095,6
84203,3849,باریک آب,819096,6
84204,3850,ارکین,233066,6
84205,3850,ازناب,233067,6
84206,3850,اقچه کند,233070,6
84207,3850,جندحسین/ جندسین,233076,6
84208,3850,خلیفه حصار میلان,233082,6
84209,3850,درسجین,233084,6
84210,3850,رازمجین,233086,6
84211,3850,کوی نیک,233105,6
84212,3850,کلنگرز,233108,6
84213,3850,مزرعه بالغلو,233113,6
84214,3850,مزرعه زرکوبند,233115,6
84215,3850,توده بین,233761,6
84216,3850,شیورین,233775,6
84217,3850,قزل بلاغ,233785,6
84218,3850,مرکز آموزشی رزمی مقدماتی شهید زینالدین,491649,6
84219,3850,مزرعه ابوالحسنی,819046,6
84220,3851,اغور,233065,6
84221,3851,امیربستاق,233071,6
84222,3851,ایوانک,233074,6
84223,3851,چشمه بار,233078,6
84224,3851,چشین,233079,6
84225,3851,چنگ الماس,233080,6
84226,3851,خوشنام,233083,6
84227,3851,دولت‌آباد,233085,6
84228,3851,شکر چشمه,233090,6
84229,3851,قشلاق حسنعلی باباخانی,233100,6
84230,3851,قلعه شیخ چریک,233103,6
84231,3851,گل تپه,233110,6
84232,3851,کلی,233112,6
84233,3851,نایجوک,233118,6
84234,3851,ینگی کند,233121,6
84235,3852,ارهان,232989,6
84236,3852,الگزیر,232991,6
84237,3852,امامزاده یعقوب,233255,6
84238,3852,پیر سقا,233257,6
84239,3852,جداقیه,233258,6
84240,3852,چرگر,233259,6
84241,3852,خراسانلو,233260,6
84242,3852,داشبلاغ,233261,6
84243,3852,سروجهان,233263,6
84244,3852,عمیداباد,233264,6
84245,3852,کبودچشمه,233266,6
84246,3852,کوه زین,233267,6
84247,3852,مهستان (گاودره),233268,6
84248,3852,مزرعه زرنگول,233269,6
84249,3852,مزرعه سردره قاشقچی,233270,6
84250,3853,رستم‌آباد,202341,6
84251,3853,خلیفه قشلاق,234261,6
84252,3853,قره ولی,234274,6
84253,3853,اولی بیک,234329,6
84254,3853,بختی,234330,6
84255,3853,تاتارده,234331,6
84256,3853,حصارشیوان,234332,6
84257,3853,دینی بیک,234333,6
84258,3853,مزرعه شوراب,234334,6
84259,3853,فریدون,234335,6
84260,3853,قمشلو,234336,6
84261,3853,گوگر چینک,234337,6
84262,3853,گونای,234338,6
84263,3853,مصطفی لو,234339,6
84264,3853,ینگی‌آباد,234340,6
84265,3853,شورجا,234393,6
84266,3853,قاجار,234398,6
84267,3853,قازقلوی سفلی,234400,6
84268,3853,قازقلوی علیا,234401,6
84269,3853,کند تاتار/چشمه تاتار,234414,6
84270,3853,محمدشاه لو,234421,6
84271,3853,مسگر,234423,6
84272,3853,یوزباشی,234432,6
84273,3853,حصار سفلی,234506,6
84274,3853,حصارعلیا,234507,6
84275,3853,سوله,234508,6
84276,3853,قمچقای,234509,6
84277,3853,قویی,234510,6
84278,3853,مصراباد,234512,6
84279,3853,نریمان قشلاق,234513,6
84280,3853,بورون,234776,6
84281,3853,اقچه گنبد,490538,6
84282,3853,مزرعه تیتال,490540,6
84283,3854,آجی کهریز,234363,6
84284,3854,اصلانلو,234365,6
84285,3854,افشارلو,234366,6
84286,3854,آق قویی,234367,6
84287,3854,اقاچقلو,234368,6
84288,3854,باغلوجه,234370,6
84289,3854,باش قشلاق,234371,6
84290,3854,تازه قشلاق,234375,6
84291,3854,توتورقان,234376,6
84292,3854,توحیدلو,234377,6
84293,3854,تیمورلو,234378,6
84294,3854,جمعه لو,234379,6
84295,3854,چریکلو,234381,6
84296,3854,چقلوی سفلی,234382,6
84297,3854,چقلوی علیا,234383,6
84298,3854,حسن لو,234384,6
84299,3854,خلیفه لو,234385,6
84300,3854,مزرعه سوت حصاری,234391,6
84301,3854,پیغمبرلو,234392,6
84302,3854,طاهرلو,234394,6
84303,3854,علی مردان,234396,6
84304,3854,عیسی بیگلو,234397,6
84305,3854,قره دوراخلو علیا,234403,6
84306,3854,قلیچ قیه,234406,6
84307,3854,قویجوق علیا,234409,6
84308,3854,کچل الو,234410,6
84309,3854,کردلو,234411,6
84310,3854,کشگنلو,234412,6
84311,3854,کملر,234413,6
84312,3854,کینه درلو,234415,6
84313,3854,گل بلاغی,234416,6
84314,3854,گنداب,234418,6
84315,3854,گوگجه گز,234420,6
84316,3854,محمدلو,234422,6
84317,3854,منداق,234424,6
84318,3854,مهدیلو,234425,6
84319,3854,ورمانلو,234426,6
84320,3854,وکیل قشلاق,234427,6
84321,3854,یساول,234430,6
84322,3854,یقین لو,234431,6
84323,3854,مزرعه باباقلعه سی,491650,6
84324,3855,اراغول,234244,6
84325,3855,استرود,234247,6
84326,3855,بزین,234249,6
84327,3855,توزلو,234255,6
84328,3855,غلام ویس,234256,6
84329,3855,حی,234259,6
84330,3855,خانلار,234260,6
84331,3855,شرور,234269,6
84332,3855,مزرعه کهریز دره,234279,6
84333,3855,کهلا,234280,6
84334,3855,محمدخلج,234282,6
84335,3855,اورگنجه,236876,6
84336,3855,داش تپه,236890,6
84337,3856,آغوزلو,234243,6
84338,3856,اردهین,234245,6
84339,3856,ارقین بلاغ,234246,6
84340,3856,امیرلو,234248,6
84341,3856,بصرک,234250,6
84342,3856,بولدوق,234251,6
84343,3856,پنبه زبان,234252,6
84344,3856,پیرمرزبان,234253,6
84345,3856,امام کهریز,234257,6
84346,3856,حسام‌آباد,234258,6
84347,3856,داشبلاغ,234262,6
84348,3856,دربند,234263,6
84349,3856,زاغه لو,234264,6
84350,3856,سراب,234266,6
84351,3856,سریین,234267,6
84352,3856,سرشبار,234268,6
84353,3856,عموکندی,234270,6
84354,3856,قجور,234271,6
84355,3856,قره کهریز,234272,6
84356,3856,قره محمد,234273,6
84357,3856,قزل بلاغ,234275,6
84358,3856,قشقجه,234276,6
84359,3856,شهیدآباد,234277,6
84360,3856,قیاس‌کندی,234278,6
84361,3856,گل تپه,234281,6
84362,3856,مزرعه چهارباغ,234283,6
84363,3856,یاستی بولاغ,234285,6
84364,3856,دوراخلو,234561,6
84365,3856,زاغج,234564,6
84366,3856,سقرچین,236895,6
84367,3857,ابی سفلی,234547,6
84368,3857,اقبلاغ علیا,234548,6
84369,3857,اینچه خدابنده لو,234550,6
84370,3857,پیرگاوگل,234553,6
84371,3857,تورپاخلو,234555,6
84372,3857,حسین آباد,234556,6
84373,3857,خالق آباد,234557,6
84374,3857,دولاب,234562,6
84375,3857,زرین گل,234565,6
84376,3857,سازین,234566,6
84377,3857,سعید آباد/سعد آباد,234567,6
84378,3857,سعید محمد/سید محمد,234568,6
84379,3857,شعبان,234569,6
84380,3857,مزرعه شور کهریز,234570,6
84381,3857,علی آباد,234572,6
84382,3857,قینرجه,234574,6
84383,3857,کوچ تپه,234575,6
84384,3857,کوسج آباد,234576,6
84385,3857,کهریز,234577,6
84386,3857,کهل آباد,234578,6
84387,3857,گنگک,234579,6
84388,3857,گوگجه ییلاق,234580,6
84389,3857,گیل,234582,6
84390,3857,محمودآباد,234584,6
84391,3857,منطش,234586,6
84392,3857,هیراباد,234590,6
84393,3857,ینگی کند,234591,6
84394,3857,جرین,234641,6
84395,3858,اوشتانیان,234369,6
84396,3858,سنگده,234390,6
84397,3858,چوخوریورد,234780,6
84398,3858,گوشتین,234797,6
84399,3858,ماداباد,234798,6
84400,3858,ابدالر,490572,6
84401,3859,ابراهیم‌آباد,234361,6
84402,3859,بیوک قشلاق,234373,6
84403,3859,چپقلو,234380,6
84404,3859,داشالتو,234386,6
84405,3859,دوغانلو,234389,6
84406,3859,عباسلو,234395,6
84407,3859,محمدلو,234404,6
84408,3859,گوگشلو,234419,6
84409,3859,یاراحمدلو,234428,6
84410,3859,یارمجا,234429,6
84411,3859,گوندرق/گوندره,234581,6
84412,3859,لاچوان,234583,6
84413,3859,نظرقلی,234587,6
84414,3859,زواجر,234700,6
84415,3859,بیگم اقا,234777,6
84416,3859,پسکوهان,234778,6
84417,3859,مزرعه تخت,234779,6
84418,3859,حصار,234781,6
84419,3859,دلایرسفلی,234782,6
84420,3859,دلایرعلیا,234783,6
84421,3859,دلایروسطی,234784,6
84422,3859,صالح آباد,234787,6
84423,3859,عینجیک,234788,6
84424,3859,قره محمد,234789,6
84425,3859,قلعلی/گلعلی,234790,6
84426,3859,قلعه جوق,234791,6
84427,3859,کره چال,234794,6
84428,3859,کسیک,234795,6
84429,3859,گمش تپه,234796,6
84430,3859,مزرعه نیازقلی,234800,6
84431,3859,شهیدچمنی,234802,6
84432,3860,ارقین,234673,6
84433,3860,النچه,234677,6
84434,3860,باریک آب,234679,6
84435,3860,چراغ حصاری,234682,6
84436,3860,چراغ مزرعه,234683,6
84437,3860,نصرت‌آباد,234689,6
84438,3860,مهدی‌آباد,234690,6
84439,3860,زرند,234699,6
84440,3860,شیخ موسی,234707,6
84441,3860,شین,234708,6
84442,3860,قره گل,234710,6
84443,3860,گوران,234713,6
84444,3860,ممقان,234719,6
84445,3860,اقبلاغ سفلی,234774,6
84446,3860,اوچ بلاغ,234775,6
84447,3860,سرین دره,234785,6
84448,3860,قمشلو,234792,6
84449,3860,مزرعه قبله بلاغی,234799,6
84450,3860,مهرین آباد,234803,6
84451,3861,اسپرین,234674,6
84452,3861,آقاجری,234676,6
84453,3861,بولاماجی,234680,6
84454,3861,پابند,234681,6
84455,3861,چلاخور,234684,6
84456,3861,چنگور,234685,6
84457,3861,چنگوری,234686,6
84458,3861,چوزک,234687,6
84459,3861,حسن‌آباد,234688,6
84460,3861,خمارک,234691,6
84461,3861,خنداب,234692,6
84462,3861,خوش,234693,6
84463,3861,دابانلو,234694,6
84464,3861,دولجین,234695,6
84465,3861,ده جلال,234696,6
84466,3861,ذوینق,234697,6
84467,3861,زرزر,234698,6
84468,3861,سرخه دیزج,234702,6
84469,3861,اسلام آباد,234703,6
84470,3861,سیامان,234704,6
84471,3861,امام کندی,234705,6
84472,3861,شوراب,234706,6
84473,3861,کبوترک,234711,6
84474,3861,کشک‌آباد,234712,6
84475,3861,مجیدآباد,234714,6
84476,3861,محمدآباد,234715,6
84477,3861,مزیداباد,234718,6
84478,3861,نهاویس,234720,6
84479,3861,نهروان,234721,6
84480,3861,ینگجه,234722,6
84481,3861,شهرک صنعتی خدابنده,819002,6
84482,3862,اهارمشکین,234549,6
84483,3862,بلگه شیر,234551,6
84484,3862,بیجقین/بجقین,234552,6
84485,3862,توپ قره,234554,6
84486,3862,رحمت آباد,234563,6
84487,3862,شیخ الو/شیخلو,234571,6
84488,3862,قوشه کند,234573,6
84489,3862,نعلبندان,234588,6
84490,3862,ورجوشان,234589,6
84491,3862,پرچین,234640,6
84492,3862,ده شیر,234645,6
84493,3862,گلمکان,234650,6
84494,3863,چپقلو,233187,6
84495,3863,قانلی,233265,6
84496,3863,مزرعه خان آباد,234558,6
84497,3863,داشلوجه,234559,6
84498,3863,دوتپه,234560,6
84499,3863,اقچه قیا,234639,6
84500,3863,مزرعه خان کندی,234642,6
84501,3863,دوتپه علیا,234644,6
84502,3863,رباط,234646,6
84503,3863,شهرستانک,234647,6
84504,3863,قطاربلاغی,234649,6
84505,3863,مزرعه بابالر/مزرعه بابالو,234651,6
84506,3864,شکر بلاغی,235858,6
84507,3864,عزیزلو,235860,6
84508,3864,قره اوغلانلو,235861,6
84509,3864,قره بوطه,235862,6
84510,3864,قیطول,235864,6
84511,3864,گوگ تپه,235865,6
84512,3864,ایلن,236188,6
84513,3864,چوروک علیا,236201,6
84514,3864,گوگلر,236236,6
84515,3865,باش سیز,036365,6
84516,3865,حماملو پایین/حماملو سفلی,036380,6
84517,3865,حماملو بالا/حماملو علیا,036381,6
84518,3865,الوارلو,235852,6
84519,3865,اسفناج,236179,6
84520,3865,آلمالو,236181,6
84521,3865,ایده لو,236183,6
84522,3865,باغلوجه اقا,236189,6
84523,3865,باغلوجه سردار,236190,6
84524,3865,بلوغ,236192,6
84525,3865,تازه کند,236193,6
84526,3865,تلخاب,236195,6
84527,3865,چاور,236198,6
84528,3865,چپ چپ,236199,6
84529,3865,چوروک سفلی,236200,6
84530,3865,حسن آباد,236204,6
84531,3865,دره لیک,236205,6
84532,3865,دلکی,236206,6
84533,3865,دولاناب,236207,6
84534,3865,رجعین,236208,6
84535,3865,زنگی حاج اصغر,236210,6
84536,3865,سرچم سفلی,236211,6
84537,3865,سر چم علیا,236212,6
84538,3865,سردهات بیات جعفر/سر دهات پایین,236213,6
84539,3865,سر دهات شیخ,236214,6
84540,3865,سیف آباد,236216,6
84541,3865,صو فی لر,236217,6
84542,3865,عربچه,236218,6
84543,3865,فیله خاصه,236219,6
84544,3865,قاهران,236220,6
84545,3865,قره آغاج,236221,6
84546,3865,قره چریان,236223,6
84547,3865,قو لی قصه /سلطان آباد,236227,6
84548,3865,قیطور,236229,6
84549,3865,کزبر,236230,6
84550,3865,کهاب /قهاب /,236232,6
84551,3865,گمش آباد,236234,6
84552,3865,گوالان,236235,6
84553,3865,نجی,236246,6
84554,3865,اوینادان,236331,6
84555,3865,دولک,236340,6
84556,3865,قلایچی,236350,6
84557,3865,قره آقاجلو,236418,6
84558,3866,انجمن سفلی,235473,6
84559,3866,انجمن علیا,235474,6
84560,3866,ایلجاق,235476,6
84561,3866,ساری کندعلیا,235495,6
84562,3866,ساری کند سفلی,235496,6
84563,3866,قره اغاج سفلی,235504,6
84564,3866,قره اغاج علیا,235505,6
84565,3866,چپر,235853,6
84566,3866,حصار,235855,6
84567,3866,شکورچی,235859,6
84568,3866,مشمپا,235866,6
84569,3866,نوروزآباد,235867,6
84570,3867,ابراهیم آباد,235571,6
84571,3867,احمدآباد,235572,6
84572,3867,اربط,235573,6
84573,3867,اندابادسفلی,235574,6
84574,3867,اندابادعلیا,235575,6
84575,3867,اوزج,235576,6
84576,3867,بزوشا,235577,6
84577,3867,تقی کندی,235578,6
84578,3867,چهره آباد,235579,6
84579,3867,حبش,235580,6
84580,3867,حسین آباد,235581,6
84581,3867,حمزه لو,235582,6
84582,3867,خرابه آغبلاغ,235583,6
84583,3867,دگرمان درسی,235584,6
84584,3867,رضااباد,235586,6
84585,3867,سنگبین,235587,6
84586,3867,علی آباد,235588,6
84587,3867,قاضی کندی,235589,6
84588,3867,قالیچه بلاغ,235590,6
84589,3867,قره کول,235591,6
84590,3867,قزلجه علیا,235592,6
84591,3867,کنگرلو,235593,6
84592,3867,لولک آباد,235594,6
84593,3867,ملک باغی-قدیم,235596,6
84594,3867,مهرآباد,235597,6
84595,3867,میاندره,235598,6
84596,3867,میرجان,235599,6
84597,3867,مینان,235600,6
84598,3867,نصیرآباد,235601,6
84599,3867,جنت اولنگ,235641,6
84600,3867,زنگین,235648,6
84601,3867,قزلاربلاغی,235656,6
84602,3867,چر لانقوش,235854,6
84603,3867,قزلجه سفلی,235863,6
84604,3868,ابراهیم آباد,234877,6
84605,3868,امام,234883,6
84606,3868,ییلاق اولن دلبر,234888,6
84607,3868,بابالنگ,234891,6
84608,3868,بادامستان,234893,6
84609,3868,جورین ده,234918,6
84610,3868,چال,234922,6
84611,3868,سولی چای,234934,6
84612,3868,ریچه خوره,234946,6
84613,3868,طرازوج,234975,6
84614,3868,علی آبادشرقی,234977,6
84615,3868,قزل داش,234984,6
84616,3868,قلعه,234993,6
84617,3868,قوزلجا,234997,6
84618,3868,گلیجه علیا(گلیجه امام ),235019,6
84619,3868,لار,235026,6
84620,3868,ناصراباد,235035,6
84621,3868,یحیی آباد,235052,6
84622,3868,اردین,235892,6
84623,3868,اسکند,235896,6
84624,3868,امند,235900,6
84625,3868,بناب,235916,6
84626,3868,بولاماجی,235917,6
84627,3868,پا یین کوه,235926,6
84628,3868,جارچی,235930,6
84629,3868,چوره ناب,235935,6
84630,3868,دواسب,235949,6
84631,3868,دیزج آباد,235952,6
84632,3868,ذاکر,235954,6
84633,3868,زرنان,235958,6
84634,3868,کج کلاه,235990,6
84635,3868,کرده ناب,235992,6
84636,3868,کهناب,235996,6
84637,3868,گلستانه,235997,6
84638,3868,گلیجه سفلی,235999,6
84639,3868,گوالی,236003,6
84640,3868,مروارید,236006,6
84641,3868,نقطه بندی,236018,6
84642,3868,نیماور,236024,6
84643,3868,شهرک صنعتی آی تی کهناب/شهرک صنعتی زنجان 3,819114,6
84644,3869,اق کند,235721,6
84645,3869,بوغداکندی,235724,6
84646,3869,تلخاب,235727,6
84647,3869,جشن سرا,235730,6
84648,3869,حسین آباد,235735,6
84649,3869,دهشیر علیا,235742,6
84650,3869,سعیدکندی,235747,6
84651,3869,سنقر,235749,6
84652,3869,گل بداغ,235750,6
84653,3869,گل بلاغی,235751,6
84654,3869,کاوند,235771,6
84655,3869,گل تپه,235774,6
84656,3869,گلیجه,235775,6
84657,3869,مرصع,235777,6
84658,3869,شهرک جدید مرصع,819115,6
84659,3870,کلکش,235004,6
84660,3870,گمان,235020,6
84661,3870,تهم,235929,6
84662,3870,چلگان,235933,6
84663,3870,خشکه رود,235943,6
84664,3870,شیلاندر,235971,6
84665,3870,طاهراباد,235972,6
84666,3870,علی آبادمعینی,235975,6
84667,3870,گلهرود,235998,6
84668,3870,همایون,236027,6
84669,3870,تیپ 36 مردم پایه انصار المهدی/سپاه انصار المهدی (عج) استا,280755,6
84670,3870,پادگان حضرت امام حسن عسگری(ع),819100,6
84671,3871,اسفجین,235895,6
84672,3871,محسن آباد,235897,6
84673,3871,کوی سازمانی آمادگاه ولایت زنجان/آمادگاه مهماتی ولایت ز,235899,6
84674,3871,امین آباد,235902,6
84675,3871,باغلوجه بیات,235910,6
84676,3871,بیات لر,235919,6
84677,3871,چیر,235936,6
84678,3871,داش کسن,235944,6
84679,3871,دانشگاه زنجان,235945,6
84680,3871,علی ابا د,235974,6
84681,3871,کوشکن,235995,6
84682,3871,مجینه,236005,6
84683,3871,ملالر,236014,6
84684,3871,مهتر,236015,6
84685,3871,نظام آباد,236017,6
84686,3871,والارود/باری /,236025,6
84687,3871,یامچی,236029,6
84688,3871,ینگیجه,236030,6
84689,3871,ابدال,236178,6
84690,3871,اقبلاغ حومه,236180,6
84691,3871,تازه کندضیااباد,236194,6
84692,3871,حاج آرش,236202,6
84693,3871,حاجی کندی,236203,6
84694,3871,رحیم آباد,236209,6
84695,3871,قره بولاغ,236222,6
84696,3871,قزل تپه بیات,236224,6
84697,3871,قزل تپه علیقلی,236225,6
84698,3871,کناوند,236231,6
84699,3871,گلجیک,236233,6
84700,3871,شهرک صنعتی شماره یک شهرستان زنجان,490850,6
84701,3871,مجتمع صنعتی دولابار,819022,6
84702,3872,اژدهاتو,235888,6
84703,3872,ازادسفلی,235893,6
84704,3872,ازادعلیا,235894,6
84705,3872,اقچه پیره,235898,6
84706,3872,باروت آغاجی,235911,6
84707,3872,بایندر,235915,6
84708,3872,پاپایی,235921,6
84709,3872,پنبه جوق,235927,6
84710,3872,چورزق,235934,6
84711,3872,حسن ابدالی,235938,6
84712,3872,دوران,235950,6
84713,3872,دیزج بالا,235953,6
84714,3872,رازبین,235955,6
84715,3872,رامین,235956,6
84716,3872,ریحان,235957,6
84717,3872,زنگل آباد,235960,6
84718,3872,سقل طولی,235964,6
84719,3872,سلمانلو,235965,6
84720,3872,سهله,235967,6
84721,3872,قاضی آباد,235977,6
84722,3872,قره تپه,235978,6
84723,3872,قلی کندی,235983,6
84724,3872,سورمعلی,235984,6
84725,3872,قینرجه,235986,6
84726,3872,گوگجه قیا,236004,6
84727,3872,شهرک صنعتی روی,491656,6
84728,3872,شهرک صنعتی نو آوران,819054,6
84729,3872,شرکت شهرک صنعتی ناجی زنجان,819068,6
84730,3873,حاجی بچه,235645,6
84731,3873,کلتکه,235657,6
84732,3873,چایرلو,235732,6
84733,3873,خاتون کندی,235737,6
84734,3873,دهشیر سفلی,235741,6
84735,3873,شیخ جابر,235757,6
84736,3873,علی آباد,235758,6
84737,3873,قره گوزلو,235760,6
84738,3873,قلتوق,235762,6
84739,3873,قوزلو,235769,6
84740,3873,گوگجه قیا,235776,6
84741,3874,پازوکی/دروشتا ن,234901,6
84742,3874,کلاسر,235009,6
84743,3874,گلچین,235018,6
84744,3874,ماری,236238,6
84745,3874,اسلام آباد,236326,6
84746,3874,اق کند,236327,6
84747,3874,اوچ بلاغ,236329,6
84748,3874,اوراچی,236330,6
84749,3874,باغ,236332,6
84750,3874,بهرامبیک,236333,6
84751,3874,تیکمه داش,236334,6
84752,3874,جلیل آباد,236335,6
84753,3874,جوره کندی,236336,6
84754,3874,داش تپه,236338,6
84755,3874,دوسران,236339,6
84756,3874,زریک,236341,6
84757,3874,زنگی کوه,236342,6
84758,3874,طاق کندی,236344,6
84759,3874,قارقاقولون,236345,6
84760,3874,قارلوق,236346,6
84761,3874,قاشقاتپه,236347,6
84762,3874,قره تپه,236349,6
84763,3874,کردقشلاق,236351,6
84764,3874,گلجه,236353,6
84765,3874,مزرعه بیگ بلاغی,236355,6
84766,3874,مزرعه قارباسان,236357,6
84767,3874,مشکین,236361,6
84768,3874,یله قارشان,236363,6
84769,3875,ام‌آباد,036348,6
84770,3875,بیرونده,036367,6
84771,3875,جزیمق/ جزیمن,036372,6
84772,3875,حاج سیران,036375,6
84773,3875,حبش,036378,6
84774,3875,رشت آباد,036393,6
84775,3875,سالاراباد,036398,6
84776,3875,سلیمان بلاغی,036399,6
84777,3875,شهراباد,036408,6
84778,3875,طیرستان,036413,6
84779,3875,قره حصارلو,036421,6
84780,3875,قندرقالو,036431,6
84781,3875,کبریک,036435,6
84782,3875,ورمزیار سفلی,036461,6
84783,3875,ورمزیار علیا,036462,6
84784,3875,جزوان,234915,6
84785,3875,احمدآباد,236324,6
84786,3875,اقجه قلعه,236328,6
84787,3875,داش بلاغ,236337,6
84788,3875,قبله بلاغی,236348,6
84789,3875,کلهین,236352,6
84790,3875,لهرگین,236354,6
84791,3875,مزرعه سوشبلاغ /مزرعه سویوخ بلاغ,236356,6
84792,3875,مزرعه گرولی,236359,6
84793,3875,مزرعه البین,264016,6
84794,3875,مزرعه ماتوز,264019,6
84795,3875,توغای,490656,6
84796,3875,مزرعه خلیل بلاغی,490657,6
84797,3875,چومالو,490658,6
84798,3875,مزرعه روملو,490661,6
84799,3875,مزرعه دمیردرق,491678,6
84800,3875,مزرعه چاخماق کندی,491679,6
84801,3876,پالتلو,235925,6
84802,3876,دگاهی,235948,6
84803,3876,سارمساقلو/سارمساخلو,235961,6
84804,3876,کردکندی,235991,6
84805,3876,اورتا بلاغ,236182,6
84806,3876,سهرین,236215,6
84807,3876,قشلاق,236226,6
84808,3876,لگاهی,236237,6
84809,3876,محمودآباد,236239,6
84810,3876,مزرعه گل تپه,236244,6
84811,3876,مزرعه یاقمردرق,236245,6
84812,3876,ولیاران,236249,6
84813,3876,وننق,236250,6
84814,3876,پادگان مالک اشتر,819020,6
84815,3876,شهرک جدید پالتلو/شهرک سبز,819117,6
84816,3877,ابوجانلو,234362,6
84817,3877,بهمن,234372,6
84818,3877,تاج الدین,234374,6
84819,3877,دایدار سفلی,234387,6
84820,3877,دایدار علیا,234388,6
84821,3877,قادرلو,234399,6
84822,3877,قره دوراخلو سفلی,234402,6
84823,3877,قره گونی,234405,6
84824,3877,قوشچی,234407,6
84825,3877,قویجوق سفلی,234408,6
84826,3877,گنبد,234417,6
84827,3877,آرمتلو,235282,6
84828,3877,جهان قبیر,235306,6
84829,3877,قراقیه,235332,6
84830,3877,پاشاچای,235638,6
84831,3877,پالچه قشلاقی,235639,6
84832,3877,چولچه,235643,6
84833,3877,حاج قشلاق,235644,6
84834,3877,صایین,235651,6
84835,3877,قره بوته,235654,6
84836,3877,کهریزسیاه منصور,235660,6
84837,3877,ارکویین,235720,6
84838,3877,بلوبین,235723,6
84839,3877,جانقاجار,235729,6
84840,3877,چسب,235733,6
84841,3877,چولچه قشلاق,235734,6
84842,3877,خویین,235740,6
84843,3877,ساری قیا,235744,6
84844,3877,سفیدکمر,235748,6
84845,3877,قنبرلک,235764,6
84846,3877,قندی بلاغ,235765,6
84847,3877,قوجالو,235766,6
84848,3877,قوریه,235767,6
84849,3877,گرنه,235773,6
84850,3877,نجم الشیخان,235781,6
84851,3877,ینگی کندجامع السرا,235784,6
84852,3877,قلقاتی,235982,6
84853,3877,نکتو,236019,6
84854,3877,آق قیه,491674,6
84855,3878,آقبلاغ,234675,6
84856,3878,الاچمن,234678,6
84857,3878,اغلبیک سفلی,235889,6
84858,3878,اغلبیک علیا,235890,6
84859,3878,احمدکندی,235891,6
84860,3878,اوچ تپه,235904,6
84861,3878,اینچه رهبری,235909,6
84862,3878,باریک اب,235912,6
84863,3878,باغ کندی,235913,6
84864,3878,چتز,235932,6
84865,3878,خاکریز,235940,6
84866,3878,یارکندی,235946,6
84867,3878,دورمشقان,235951,6
84868,3878,قارختلو,235976,6
84869,3878,قره سعید,235981,6
84870,3878,کوسه لر,235994,6
84871,3878,مزرعه قوشه گل,236010,6
84872,3879,شیوه,234709,6
84873,3879,ایج,235722,6
84874,3879,بیدگینه,235725,6
84875,3879,تازه کند,235726,6
84876,3879,تله جرد,235728,6
84877,3879,چاپوق,235731,6
84878,3879,خانجین,235738,6
84879,3879,خانقاه,235739,6
84880,3879,قمچقای,235763,6
84881,3879,قوزان,235768,6
84882,3879,یدی بلاغ,235782,6
84883,3879,ینکی کندمیرزاالماسی,235783,6
84884,3879,ینگی کندسیدلر,235785,6
84885,3879,بیزین,235920,6
84886,3879,جوقین,235931,6
84887,3879,سراب,235963,6
84888,3879,سها,235966,6
84889,3879,قره داغ,235979,6
84890,3879,قره درق,235980,6
84891,3879,گلیجه,236000,6
84892,3879,گلابرسفلی,236001,6
84893,3879,هلیل آباد,236026,6
84894,3879,سدگلابر,491666,6
84895,3880,سعید آباد سفلی,235745,6
84896,3880,سعید آباد علیا,235746,6
84897,3880,شوراب,235755,6
84898,3880,شهرک,235756,6
84899,3880,قره بلاغ,235759,6
84900,3880,قزلجه,235761,6
84901,3880,ملاپیری,235780,6
84902,3881,الوند,233181,6
84903,3881,پلاس,233185,6
84904,3881,خلیفه لو,233191,6
84905,3881,اسلام‌آباد,233204,6
84906,3881,ارانج,238264,6
84907,3881,انجلین,238279,6
84908,3882,اردجین,233179,6
84909,3882,باغ دره,233184,6
84910,3882,خلج,233190,6
84911,3882,رحمت‌آباد,233193,6
84912,3882,سوکهریز,233195,6
84913,3882,شویر,233197,6
84914,3882,فلج,233199,6
84915,3882,قلعه حسینیه,233202,6
84916,3882,کلوچ/کوچ,233203,6
84917,3882,نصیرآباد,233214,6
84918,3882,ویستان بالا,233215,6
84919,3882,ویستان پایین,233216,6
84920,3882,شهرک صنعتی خرمدره,491675,6
84921,3883,ارشت,234878,6
84922,3883,انذر قدیم,234887,6
84923,3883,ایچ,234889,6
84924,3883,تازه کند,234908,6
84925,3883,جزلا,234913,6
84926,3883,جوزرگان(جوجورگان/جوجرگان),234919,6
84927,3883,جیا,234920,6
84928,3883,زاچکان,234947,6
84929,3883,زرنی,234950,6
84930,3883,سرخ آباد,234955,6
84931,3883,سرخه میشه,234956,6
84932,3883,شقاقی انذر/شقاق انذر,234965,6
84933,3883,شقاقی جزلا,234966,6
84934,3883,شقاقی چورزق,234967,6
84935,3883,شیت,234970,6
84936,3883,شیرمیشه(شیرمشه),234972,6
84937,3883,علارود,234978,6
84938,3883,کمر کوه/کره مالیم,235000,6
84939,3883,کسران,235001,6
84940,3883,کلوج آباد,235003,6
84941,3883,(کلوییم)کلوییم,235007,6
84942,3883,کله سیران,235008,6
84943,3883,گوهر,235021,6
84944,3883,مزرعه نیاب,235038,6
84945,3883,ولیدر,235042,6
84946,3883,ولیس,235043,6
84947,3883,ولی آباد,235044,6
84948,3883,مزرعه مند چال,819009,6
84949,3883,انذر جدید,819065,6
84950,3884,دستجرده,234940,6
84951,3884,دهنه,234942,6
84952,3884,رزه بند,234945,6
84953,3884,سانسیز(سانسز),234954,6
84954,3884,قاضی بلاغی,234980,6
84955,3884,قلات,234995,6
84956,3884,کهیا,235015,6
84957,3884,مورستانه,235032,6
84958,3884,ونی سر,235047,6
84959,3885,استاکول/آستاکل,234880,6
84960,3885,باکلور,234894,6
84961,3885,جمال آباد,234917,6
84962,3885,کرد ابا د,234932,6
84963,3885,عزیزآباد,234976,6
84964,3885,قانقلی سفلی/قانقلی چای سفلی,234982,6
84965,3885,قانقلی علیا/قانقلی چای علیا,234983,6
84966,3885,کوهکن سفلی,235012,6
84967,3885,کوهکن علیا,235013,6
84968,3885,هزاررود سفلی,235017,6
84969,3885,هارون آباد سفلی,235048,6
84970,3885,هارون آباد علیا,235049,6
84971,3885,هزاررود علیا,235050,6
84972,3885,ییلاق وجر گاه,819011,6
84973,3886,ییلاق بابارود,234890,6
84974,3886,بالاکوه,234896,6
84975,3886,بنارود,234899,6
84976,3886,بندرگاه,234900,6
84977,3886,ته دره,234911,6
84978,3886,غلام چم,234912,6
84979,3886,جزلاندشت,234914,6
84980,3886,چنار,234928,6
84981,3886,خساره,234936,6
84982,3886,درام,234939,6
84983,3886,ییلاق زنزیل,234952,6
84984,3886,سرخه سنگ,234958,6
84985,3886,سیاهورود,234962,6
84986,3886,شیرین سو,234973,6
84987,3886,قشلاق پاورود,234988,6
84988,3886,قشلاق درگه دره/درگه دره,234991,6
84989,3886,قوهیجان,234998,6
84990,3886,کلتان,235002,6
84991,3886,کلوبین,235005,6
84992,3886,کلوچ,235006,6
84993,3886,گماندشت/کماندشت,235010,6
84994,3886,گاوخس,235016,6
84995,3886,میر زا خانلو,235033,6
84996,3886,میناب,235034,6
84997,3886,نوکیان/شهرک نوکیان,235037,6
84998,3886,وزنه سر,235039,6
84999,3886,وناب,235045,6
85000,3886,ییلاق سوره خانی,235059,6
85001,3886,ییلاق دزو,819014,6
85002,3886,شهرک پاوه رود(روستای پاوه رود),819066,6
85003,3886,قشلاق خساره,819074,6
85004,3886,قشلاق بنارود,819112,6
85005,3886,گاوخس جدید,819113,6
85006,3887,انارستان,234886,6
85007,3887,پیر چم قدیم,234902,6
85008,3887,پسار(پاسار),234905,6
85009,3887,جیش آباد,234921,6
85010,3887,چرزه,234924,6
85011,3887,چوقور,234931,6
85012,3887,خرم آبادکهریز,234935,6
85013,3887,زهتراباد,234953,6
85014,3887,میدان مطهری,234963,6
85015,3887,ده بهار,234964,6
85016,3887,صومعه بر,234974,6
85017,3887,قارقلی چم,234979,6
85018,3887,لارجدید,235027,6
85019,3887,مامالان,235028,6
85020,3887,بلوار/ویلوار/والوار,235041,6
85021,3887,ییلاق نمک رود,596055,6
85022,3887,ییلاق خان بلاغی,819013,6
85023,3887,زرشکی,819029,6
85024,3888,الزین,234882,6
85025,3888,بابامرغوز,234892,6
85026,3888,پرچینه,234903,6
85027,3888,تسکین/تسکین سفلی,234909,6
85028,3888,تشویر,234910,6
85029,3888,جزونق,234916,6
85030,3888,چمله,234926,6
85031,3888,چوبدرشاهی/چوبدر چا هی,234929,6
85032,3888,زاچکان,234944,6
85033,3888,زرده,234949,6
85034,3888,سرخه دیزج,234957,6
85035,3888,سرداب,234959,6
85036,3888,شندستان,234968,6
85037,3888,شورزگاه,234969,6
85038,3888,شیراب,234971,6
85039,3888,قمیشک/قمشک,234996,6
85040,3888,کویان,235014,6
85041,3888,گیلانکشه,235024,6
85042,3888,لهنه,235025,6
85043,3888,محمداباد خواجه بیگلو,235029,6
85044,3888,نقل آباد,235036,6
85045,3888,هندی کندی قدیم,235051,6
85046,3888,هندی کندی جدید,819067,6
85047,3888,تسکین علیا,819110,6
85048,3888,شهرک قار قلی چم,819111,6
85049,3889,ابراق,235279,6
85050,3889,استی گل,235283,6
85051,3889,آقبلاغ حسن آباد(حسن خان),235284,6
85052,3889,اقبلاغ سردار,235285,6
85053,3889,اکیز قشلاق,235286,6
85054,3889,امیرآباد,235287,6
85055,3889,انگوران,235288,6
85056,3889,ایالو,235290,6
85057,3889,اینچه سفلی,235294,6
85058,3889,اینچه علیا,235295,6
85059,3889,بلندپرچین,235297,6
85060,3889,تازه کند,235300,6
85061,3889,حاجی اینک,235310,6
85062,3889,حسن آباد چایکند,235311,6
85063,3889,خایینک,235315,6
85064,3889,خضرآباد,235318,6
85065,3889,خورجهان,235319,6
85066,3889,زماین,235323,6
85067,3889,ساغرچی,235324,6
85068,3889,سیاه خانه,235327,6
85069,3889,شیخ لر,235330,6
85070,3889,قرقان سفلی,235333,6
85071,3889,قرقان علیا,235334,6
85072,3889,قره زکی,235337,6
85073,3889,قراگل /طومار خان,235339,6
85074,3889,قره نا س,235340,6
85075,3889,قزلجه قشلاق,235341,6
85076,3889,قشلاق جوق سفلی,235342,6
85077,3889,قشلاق جوق علیا,235343,6
85078,3889,قلعه جوق سادات,235344,6
85079,3889,قواق سفلی,235346,6
85080,3889,قواق علیا,235347,6
85081,3889,قوزلو,235348,6
85082,3889,قوزیجاق سفلی,235349,6
85083,3889,قوزیجاق علیا,235350,6
85084,3889,کاروانسرا,235351,6
85085,3889,کاکا,235352,6
85086,3889,کپز,235353,6
85087,3889,کش آباد,235354,6
85088,3889,کوسج سفلی,235355,6
85089,3889,کوسج علیا,235356,6
85090,3889,گلابلو,235358,6
85091,3889,گنج آباد,235359,6
85092,3889,نصیرآباد,235360,6
85093,3889,مراش,235363,6
85094,3889,مزرعه,235364,6
85095,3889,میانج,235368,6
85096,3889,یاستی قلعه,235371,6
85097,3889,ینگجه,235372,6
85098,3889,یوسف آباد,235373,6
85099,3889,شهرک حلب,491673,6
85100,3889,شهرک حسن آباد چای کند,596142,6
85101,3890,ابراهیم آباد,235280,6
85102,3890,ادینه چمی,235281,6
85103,3890,اوچ تاش,235289,6
85104,3890,ایده لو,235291,6
85105,3890,ایمیر/ایمر,235293,6
85106,3890,توت اغاجی,235303,6
85107,3890,تودار,235304,6
85108,3890,جداقیه,235305,6
85109,3890,چوخ بلاغ,235307,6
85110,3890,چهارطاق,235308,6
85111,3890,حمزه آباد(حمزه خان),235314,6
85112,3890,امام کندی,235316,6
85113,3890,مزرعه خجالو,235317,6
85114,3890,زرگر,235321,6
85115,3890,زرگران,235322,6
85116,3890,سونتو,235326,6
85117,3890,قاسم آباد,235331,6
85118,3890,قره دره,235336,6
85119,3890,قره قشلاق,235338,6
85120,3890,قلعه جوق سیاه منصور,235345,6
85121,3890,کاوکل,235357,6
85122,3890,محمودآباد,235362,6
85123,3890,مغانلو,235367,6
85124,3890,وزمک,235370,6
85125,3890,تبریزک,235640,6
85126,3890,دوزکند,235647,6
85127,3890,سرچم,235649,6
85128,3890,قره آیی,235653,6
85129,3890,کلی,235658,6
85130,3890,کهریزبیک,235659,6
85131,3890,اوغلبیک علیا,490704,6
85132,3890,کوهول,491672,6
85133,3890,شهرک صنعتی انگوران,819064,6
85134,3891,ارزه خوران,037021,6
85135,3891,اورجک,037034,6
85136,3891,خیرآباد,037070,6
85137,3891,کلیسا,037123,6
85138,3891,احمد آباد,235469,6
85139,3891,بیانلو,235479,6
85140,3891,پری,235481,6
85141,3891,تات قشلاق,235483,6
85142,3891,تازه کند(داغ مالوداش,235484,6
85143,3891,تازه کندفخرلو(تازه کندفخریلو),235485,6
85144,3891,تخته یورد,235486,6
85145,3891,توزلار,235487,6
85146,3891,چای قشلاقی,235488,6
85147,3891,حسن آبادجدید,235489,6
85148,3891,حسن آبادقدیم,235490,6
85149,3891,خضرچوپان,235491,6
85150,3891,خندق لو,235492,6
85151,3891,خویین,235493,6
85152,3891,سعیدکندی,235499,6
85153,3891,علم کندی,235502,6
85154,3891,قاضی کندی,235503,6
85155,3891,قره داش,235507,6
85156,3891,قزلجه,235508,6
85157,3891,قلعه جوق,235509,6
85158,3891,لرده شور,235512,6
85159,3891,لهجبین,235513,6
85160,3891,میانج,235517,6
85161,3891,قلعه ارزه خوران,490615,6
85162,3892,امیرآباد,235633,6
85163,3892,اینچه سعیدنظام,235635,6
85164,3892,برون قشلاق,235636,6
85165,3892,بکتاش,235637,6
85166,3892,چتز,235642,6
85167,3892,چناقبلاغ,235652,6
85168,3892,قره گل,235655,6
85169,3892,گادل,235661,6
85170,3892,گونی(گونای),235662,6
85171,3892,مغانلو,235664,6
85172,3893,ایلی بلاغ,235292,6
85173,3893,بک آباد,235296,6
85174,3893,بهستان,235298,6
85175,3893,پیرقشلاق,235299,6
85176,3893,تک اغاج,235302,6
85177,3893,چهره تپه,235309,6
85178,3893,ساری اغل,235325,6
85179,3893,مزرعه لیلان,235361,6
85180,3893,مزرعه تک آغاج /چپ چپ,235366,6
85181,3893,سرپل /میر آخور,235369,6
85182,3893,اق کند,235471,6
85183,3893,آلمالو,235472,6
85184,3893,عوج موسی,235475,6
85185,3893,باغچه,235477,6
85186,3893,بیاملو,235480,6
85187,3893,پشتک,235482,6
85188,3893,سریک,235498,6
85189,3893,سهندسفلی,235500,6
85190,3893,سهندعلیا,235501,6
85191,3893,کردی,235510,6
85192,3893,گندی,235511,6
85193,3893,سرین دره(وایخر),235518,6
85194,3893,ینگجه سینار,235519,6
85195,3893,رز,235585,6
85196,3893,خلج,235646,6
85197,3893,ماداباد,235663,6
85198,3893,وهران,235665,6
85199,3893,سیدلر,490623,6
85200,3893,قره باطلاق,490626,6
85201,3893,شهرک صنعتی ماهنشا ن,819021,6
85202,3894,اسدآباد,232990,6
85203,3894,بویین,232995,6
85204,3894,ترکانده,232996,6
85205,3894,حسین‌آباد,232998,6
85206,3894,دوسنگان,233000,6
85207,3894,سنبل‌آباد,233004,6
85208,3894,چشمه سار,233006,6
85209,3894,قیاسیه,233012,6
85210,3894,ویر,233023,6
85211,3894,والایش,233271,6
85212,3894,ویک,233272,6
85213,3894,دربندخرابه,491602,6
85214,3894,شهرک صنعتی سلطانیه,819085,6
85215,3895,ارجین,232988,6
85216,3895,المکی,232992,6
85217,3895,اولنگ,232993,6
85218,3895,چپ دره,232997,6
85219,3895,طهماسب‌آباد,233007,6
85220,3895,عباس‌آباد,233008,6
85221,3895,قلعه,233011,6
85222,3895,کبودگنبد,233014,6
85223,3895,مشک‌آباد,233020,6
85224,3895,ندیرآباد,233022,6
85225,3895,زندان عباس آباد,491668,6
85226,3896,ساریجالو,233001,6
85227,3896,سلمان کندی,233003,6
85228,3896,شکورآباد,233005,6
85229,3896,کردرق,233015,6
85230,3896,کردناب,233016,6
85231,3896,گوزلدره علیا/ باش کند,233018,6
85232,3896,خرمدرق,235942,6
85233,3896,سبزدرق,235973,6
85234,3897,خیرآباد,232999,6
85235,3897,سرخه دیزج,233002,6
85236,3897,علی‌آباد,233009,6
85237,3897,قره بلاغ,233010,6
85238,3897,کاکاآباد,233013,6
85239,3897,یوسف‌آباد,233024,6
85240,3897,اقزوج,234881,6
85241,3897,امیرآباد,234884,6
85242,3897,برنقور,234898,6
85243,3897,پرنگین,234904,6
85244,3897,چمرود,234925,6
85245,3897,چمه,234927,6
85246,3897,قشلاق,234985,6
85247,3897,کنگه,235011,6
85248,3897,ونونان,235046,6
85249,3897,بوجی,238290,6
85250,3897,پاسگاه انتظامی قره بلاغ,819088,6
85251,3898,اقبالیه,239492,6
85252,3898,کلاتو,239544,6
85253,3898,ابراهیم آباد یزدانی,239890,6
85254,3898,احمد آباد,239891,6
85255,3898,اقبال آباد,239892,6
85256,3898,انباروچاه منابع طبیعی,239893,6
85257,3898,ایستگاه سرخده,239896,6
85258,3898,بحرآباد,239897,6
85259,3898,بهاء الدین آباد,239898,6
85260,3898,مزرعه تقی آباد,239900,6
85261,3898,غیاث آباد,239901,6
85262,3898,جعفر آباد,239902,6
85263,3898,جنت آباد,239903,6
85264,3898,چاه حسین خان,239905,6
85265,3898,چاه علی مخبر,239907,6
85266,3898,چاه کشاورزی همت آباد,239908,6
85267,3898,حاجی آباد موسویان,239913,6
85268,3898,حسن آباد,239914,6
85269,3898,مزرعه حسن آبادو,239915,6
85270,3898,حیدرآباد,239917,6
85271,3898,مزرعه خرگوشی,239918,6
85272,3898,خورزان,239919,6
85273,3898,خورس,239920,6
85274,3898,ده قاضی,239921,6
85275,3898,ذیل آباد,239922,6
85276,3898,رومنان,239923,6
85277,3898,سبحان,239925,6
85278,3898,سرخ ده,239926,6
85279,3898,سلطانیه,239927,6
85280,3898,سیدآبادو,239928,6
85281,3898,شریف آباد,239929,6
85282,3898,شریفیه,239930,6
85283,3898,شوکت آباد,239931,6
85284,3898,صلح آباد,239932,6
85285,3898,صالح آبادو/ صلح آباد,239933,6
85286,3898,علیان,239934,6
85287,3898,علی آبادو,239935,6
85288,3898,علی آباد خرگوشی,239936,6
85289,3898,فاضل آباد,239937,6
85290,3898,فخر آباد,239938,6
85291,3898,فرات,239939,6
85292,3898,قاسم آباد,239940,6
85293,3898,کاظم آباد,239942,6
85294,3898,کامران آباد,239943,6
85295,3898,کبوترخان,239944,6
85296,3898,کلا,239945,6
85297,3898,کلاته شور,239946,6
85298,3898,کلاتو,239947,6
85299,3898,کوره اجرسیدعلی حسینی,239948,6
85300,3898,کوشکو,239949,6
85301,3898,گروه مشاعی حمزه,239951,6
85302,3898,گروه مشاعی شهید رجب بیگی,239952,6
85303,3898,گروه مشاعی طباطبایی,239953,6
85304,3898,گروه مشاعی شهیدمدنی,239954,6
85305,3898,گروه مشاعی قدس,239956,6
85306,3898,گروه مشاعی شهیدبهشتی,239958,6
85307,3898,مجیدآباد,239959,6
85308,3898,مجیداباداراسته,239960,6
85309,3898,محمد آبادو,239961,6
85310,3898,مزرعه سیدها,239962,6
85311,3898,مزرعه شهیدچمران,239963,6
85312,3898,مزرعه شهیدشمسی پور,239964,6
85313,3898,مزرعه مهدی آباد,239967,6
85314,3898,مسیح آبادو,239968,6
85315,3898,مشغله,239969,6
85316,3898,معبد,239970,6
85317,3898,معصوم آباد,239972,6
85318,3898,معین آباد,239973,6
85319,3898,مزرعه مهدی آبادو,239974,6
85320,3898,میل,239975,6
85321,3898,نیم ایستگاه شریفیه,239976,6
85322,3898,امامزاده هفت تن,239977,6
85323,3898,یزدان آباد,239978,6
85324,3898,امرو,242096,6
85325,3898,مزرعه باغو,242098,6
85326,3898,پینند/پینن,242103,6
85327,3898,تلخوی,242104,6
85328,3898,توچاه,242108,6
85329,3898,چناران,242115,6
85330,3898,حسینان,242117,6
85331,3898,حصار,242118,6
85332,3898,حصارو,242119,6
85333,3898,ده نو,242122,6
85334,3898,دیان,242123,6
85335,3898,دیزو,242124,6
85336,3898,رشم,242126,6
85337,3898,سلم آباد,242133,6
85338,3898,سنجوعلینقیان,242134,6
85339,3898,سوسن وار,242137,6
85340,3898,سینگ/سی انگ,242139,6
85341,3898,شوراب,242144,6
85342,3898,شیمی,242145,6
85343,3898,کلاته عباس آباد,242147,6
85344,3898,علی خان/علی خواه,242148,6
85345,3898,کلو,242151,6
85346,3898,کلاته تنگه/تنگه,242153,6
85347,3898,کلاته جعفر,242154,6
85348,3898,کلاته حاج صادق,242155,6
85349,3898,کلاته حاج علی,242156,6
85350,3898,کلاته رباعی,242158,6
85351,3898,کلاته سلطان حسن,242159,6
85352,3898,کلاته سینه بند,242160,6
85353,3898,مزرعه کلارشم,242164,6
85354,3898,کوشاهی,242166,6
85355,3898,مزرعه کوکه,242167,6
85356,3898,کوه زر,242168,6
85357,3898,مزرعه گلوکی,242169,6
85358,3898,مزرعه مظفرآباد,242173,6
85359,3898,معدن آهک,242174,6
85360,3898,معدن باغو,242175,6
85361,3898,معدن خانه جار,242179,6
85362,3898,معدن سفیدلتو,242181,6
85363,3898,معدن کلوت,242184,6
85364,3898,معلمان,242186,6
85365,3898,نوا,242190,6
85366,3898,ایستگاه اصلاح نژادگوسفندسنگسری,500073,6
85367,3898,چاه حسین آبادکلا,500081,6
85368,3898,چاه سلمان بانی,500082,6
85369,3898,گروه مشاعی سلمان فارسی,500116,6
85370,3898,گروه مشاعی مصطفی خمینی,500121,6
85371,3898,انبرته,500145,6
85372,3898,باقر آباد,500146,6
85373,3898,چاه موسویان,500151,6
85374,3898,حاج آباد حاج علی محمد,500152,6
85375,3898,گروه حسین سبحانی,500156,6
85376,3898,گروه مشاعی فلسطین,500159,6
85377,3898,گروه مشاعی محمدخلیل نژاد,500160,6
85378,3898,محمدآباد,500161,6
85379,3898,مراد آباد,500162,6
85380,3898,مزرعه جوادالایمه,500163,6
85381,3898,معدن کوه زر,500164,6
85382,3898,گروه مشاعی 13 آبان,500939,6
85383,3898,دهو,500940,6
85384,3898,محمود آباد,500973,6
85385,3898,مرغداری گوشتی ابراهیم آبادی,501080,6
85386,3898,گروه مشاعی شهیدپریمی,501085,6
85387,3898,گروه مشاعی شهیدسیدحسن شاهچراغی,501086,6
85388,3898,مزرعه اندکی,501319,6
85389,3898,شرکت کشت و صنعت حجاجی شماره 1,501320,6
85390,3898,پادگان شهید هاشمی دامغانی,501321,6
85391,3898,گنداب,501322,6
85392,3898,گروه مشاعی اسلام آباد,501323,6
85393,3898,مرغداری روشن فکر,820064,6
85394,3898,شرکت تعاونی امیر صد دروازه,820065,6
85395,3898,رحمت آباد,820066,6
85396,3899,احمد آباد,239284,6
85397,3899,اسماعیل آباد,239286,6
85398,3899,آسیاب فیخار,239287,6
85399,3899,اله آباد,239288,6
85400,3899,ایستگاه تحقیقاتی جهاد,239291,6
85401,3899,بخش آباد,239296,6
85402,3899,حاجی آباد رضوه,239299,6
85403,3899,حجاجی,239301,6
85404,3899,دولت آباد,239304,6
85405,3899,رضی آباد,239306,6
85406,3899,سعد آباد,239308,6
85407,3899,سلیمان آباد,239309,6
85408,3899,شرکت تعاونی کشاورزی شماره 8,239310,6
85409,3899,شیراشیان,239313,6
85410,3899,صید آباد,239314,6
85411,3899,عبداله آباد,239315,6
85412,3899,علی آباد مطلب خان,239316,6
85413,3899,عمروان/امروان,239317,6
85414,3899,عوض آباد,239318,6
85415,3899,فیروز آباد,239319,6
85416,3899,قاسم آباد موقوفه,239320,6
85417,3899,قدرت آباد,239321,6
85418,3899,شرکت تولیدی ابزارمهدی,239323,6
85419,3899,کلاته حسین مظلومیان,239325,6
85420,3899,گروه مشاعی اسلام آباد,239328,6
85421,3899,گروه مشاعی امام رضا,239330,6
85422,3899,گروه شهیداشرفی اصفهانی,239332,6
85423,3899,مزرع مبارک آباد,239336,6
85424,3899,معدن اهک فیخار,239339,6
85425,3899,منصور آباد,239342,6
85426,3899,نیم ایستگاه عمروان,239344,6
85427,3899,یحیی آباد,239346,6
85428,3899,مزرعه جوان شماره 6,239566,6
85429,3899,مزرعه دانش,239567,6
85430,3899,جلال آباد,500054,6
85431,3899,شرکت شیلات مروارید,500059,6
85432,3899,گروه امام سجاد,500064,6
85433,3899,گروه شهیدامیراحمدی,500065,6
85434,3899,گروه شهیدصادقچه,500066,6
85435,3899,مجتمع صنعتی صحرا,500067,6
85436,3899,مزرعه امینیان,500069,6
85437,3899,مزرعه محمدخلیل نژاد,500071,6
85438,3899,مزرعه شریفی /سمنانی /,500130,6
85439,3899,حسین آباد چراغعلی,500153,6
85440,3899,گروه مشاعی شهیدفلاحی,500158,6
85441,3899,مرغداری فکور,500974,6
85442,3899,چاه کشاورزی هنرستان,500977,6
85443,3899,مرغداری حاج منصورصادقی,501081,6
85444,3899,کوره اجراتحاد,501082,6
85445,3899,چاه کشاورزی عیش آباد,501185,6
85446,3899,چاه کشاورزی تیموری,501186,6
85447,3899,شرکت مرغداری سحر,501187,6
85448,3899,مرغداری گوشتی تاجگل,501188,6
85449,3899,مزرعه فیروز آباد,501256,6
85450,3899,پرواربندی 50راسی علی دارابیان,501330,6
85451,3899,مرغداری بعثت,501331,6
85452,3899,مرغداری تاجیران(حسن صادقی),501332,6
85453,3899,شرکت کشت و صنعت طیورافق,501333,6
85454,3899,کارخانه خودرو سازی دامغان (متین خودرو),820067,6
85455,3899,کارخانه بسته بندب پسته نوبر,820068,6
85456,3899,مزرعه شتر مرغ نوبری,820069,6
85457,3899,کارخانه,820070,6
85458,3900,احمد آباد,239285,6
85459,3900,ایستگاه بنوار/ایستگاه بناور,239290,6
85460,3900,ایستگاه هفت خوان,239292,6
85461,3900,ایستگاه لارستان,239294,6
85462,3900,خیرآباد,239303,6
85463,3900,رضا آباد,239305,6
85464,3900,کلاته زراوه,239307,6
85465,3900,شوراب,239312,6
85466,3900,قوشه,239322,6
85467,3900,کلاته لارستان,239327,6
85468,3900,گروه قومش,239335,6
85469,3900,محمدآباد,239337,6
85470,3900,معدن ظروفچیان,239341,6
85471,3900,نیم ایستگاه چاه شیرین,239343,6
85472,3900,نیم ایستگاه لارستان,239345,6
85473,3900,باقر آباد,239417,6
85474,3900,بیدستان,239418,6
85475,3900,تولم نو,239420,6
85476,3900,تویه,239421,6
85477,3900,چمبل آب,239422,6
85478,3900,مزرعه حاج غلامعلی,239423,6
85479,3900,کلاته حاج تقی,239424,6
85480,3900,حسین آباد,239425,6
85481,3900,ددحسن,239426,6
85482,3900,دروار,239427,6
85483,3900,دشتبو,239428,6
85484,3900,دهخدا,239429,6
85485,3900,رومه سفلی,239430,6
85486,3900,رومه علیا,239431,6
85487,3900,سکریکلا,239432,6
85488,3900,صح,239433,6
85489,3900,کربلایی ابول,239435,6
85490,3900,مزرعه کردنان,239436,6
85491,3900,کلاته اربابی,239437,6
85492,3900,کلاته چراغ,239438,6
85493,3900,کلاته داود,239439,6
85494,3900,سلطان آباد رییسیان,239440,6
85495,3900,کلاته نورمحمد,239441,6
85496,3900,گانو,239442,6
85497,3900,کیوتنگه,239443,6
85498,3900,مزرعه محمدآباد,239444,6
85499,3900,مراد آباد,239445,6
85500,3900,مزرعه افضلی,239447,6
85501,3900,معدن سرب غربی,239448,6
85502,3900,معدن خاک نسوز چمبل آب,239449,6
85503,3900,معدن ذغال سنگ گانو,239450,6
85504,3900,معدن میلاکو,239452,6
85505,3900,تبریزی,239899,6
85506,3900,چشمه چاه حسینی,239911,6
85507,3900,چشمه کل حسن,239912,6
85508,3900,قلعه عبدل,239941,6
85509,3900,معدن گل سفید,239971,6
85510,3900,ارسک,500027,6
85511,3900,ایستگاه تقویت تلویزیون,500028,6
85512,3900,خرمادار,500029,6
85513,3900,رحمت آباد سیاهکو,500030,6
85514,3900,مزرعه رومه,500031,6
85515,3900,سرتنگه,500032,6
85516,3900,شهنستان,500033,6
85517,3900,کلاته تقی,500038,6
85518,3900,کلاته حاج علی اکبر,500039,6
85519,3900,کلاته حسین آباد,500040,6
85520,3900,کلاته محمدحسین,500041,6
85521,3900,کهو,500042,6
85522,3900,گروه امام جعفرصادق,500043,6
85523,3900,گروه امام موسی کاظم,500044,6
85524,3900,گروه حسن بیگی,500045,6
85525,3900,مزرعه گشنیزاب,500046,6
85526,3900,مزرعه پرچم,500047,6
85527,3900,مزرعه حاجی آباد,500048,6
85528,3900,مزرعه گت هامن ده,500049,6
85529,3900,معدن آلومینیم,500050,6
85530,3900,معدن خاک چینی قوشه,500051,6
85531,3900,معصوم آباد,500052,6
85532,3900,میانار,500053,6
85533,3900,چاه شیرین,500149,6
85534,3900,اسلام آباد/زرشک آب,500319,6
85535,3900,مزرعه امیدوار,500321,6
85536,3900,عبیدیه /شرکت کشت وصنعت تویه دروار/,500334,6
85537,3900,کلاته حاج اسحق علی,500339,6
85538,3900,احداث چرم آسیا,500978,6
85539,3900,کارخانه آهک آهوان,501079,6
85540,3900,شرکت کشت و صنعت آبشرف,501326,6
85541,3900,کارخانه سمنان تصفیه,820071,6
85542,3900,ایستگاه فشار شکن گاز,820072,6
85543,3900,مزرعه صد دروازه,820073,6
85544,3900,مرغداری,820074,6
85545,3900,پمپ و چاه آب,820075,6
85546,3900,مجتمع خدماتی رفاهی آهوان,820076,6
85547,3900,مزرعه محمد آباد,820077,6
85548,3900,پمپ بنزین آهوان,820078,6
85549,3901,ابوالبق,239490,6
85550,3901,اسماعیل‌آباد,239491,6
85551,3901,امامزاده ابراهیم,239493,6
85552,3901,مزرعه امین‌آباد,239496,6
85553,3901,ایستگاه فرستنده رادیو,239497,6
85554,3901,باقرآباد,239499,6
85555,3901,بغدادو,239500,6
85556,3901,بق,239501,6
85557,3901,بهاآباد,239502,6
85558,3901,توکل‌آباد,239503,6
85559,3901,غنی‌آباد,239504,6
85560,3901,جزن,239505,6
85561,3901,جعفرآباد,239506,6
85562,3901,جیران قلعه,239507,6
85563,3901,حاجی‌آباد بستیجیان,239508,6
85564,3901,حسین‌آباد حاجی علی‌نقی,239509,6
85565,3901,حسین‌آباد قائمی,239510,6
85566,3901,مزرعه حسینی,239511,6
85567,3901,حیدرآباد,239512,6
85568,3901,خیرآباد,239513,6
85569,3901,دهنو,239514,6
85570,3901,مزرعه دهو,239515,6
85571,3901,زرگرآباد,239516,6
85572,3901,زون,239517,6
85573,3901,سعدآباد,239518,6
85574,3901,شامان,239519,6
85575,3901,شجاع‌آباد,239520,6
85576,3901,شمس‌آباد,239523,6
85577,3901,شهرک صنعتی,239524,6
85578,3901,مزرعه شیربند,239525,6
85579,3901,طاق,239526,6
85580,3901,مزرعه طالو,239527,6
85581,3901,عباسان,239529,6
85582,3901,عباس‌آباد,239530,6
85583,3901,عبداله‌آباد,239531,6
85584,3901,عبدیا,239532,6
85585,3901,عبیرآباد,239533,6
85586,3901,علی‌آباد,239534,6
85587,3901,علی‌آباد بابای,239535,6
85588,3901,مزرعه عیسی‌آباد,239536,6
85589,3901,فیروزآباد,239537,6
85590,3901,قلعه بالابرم,239538,6
85591,3901,قلعه پایین برم,239539,6
85592,3901,قلعه نو,239540,6
85593,3901,کلاته یعقوب,239545,6
85594,3901,گروه مشاعی اسلام آباد شرق,239551,6
85595,3901,گروه مشاعی شهید دستغیب,239554,6
85596,3901,گروه مشاعی مهدی,239559,6
85597,3901,معدن ماسه جهادسازندگی,239560,6
85598,3901,مایان,239561,6
85599,3901,محمدآباد,239562,6
85600,3901,مزرعه محمدیه,239563,6
85601,3901,مزرعه دکتر عالمی,239568,6
85602,3901,مزرعه محمدآباد,239570,6
85603,3901,معدن زغال سنگ تموزاع,239576,6
85604,3901,موسی‌آباد,239579,6
85605,3901,مهدی‌آباد,239580,6
85606,3901,نریشم,239581,6
85607,3901,نصرآباد,239582,6
85608,3901,مزرعه نصرت‌آباد,239583,6
85609,3901,نظام‌آباد,239584,6
85610,3901,وامرزان,239587,6
85611,3901,ورکیان,239588,6
85612,3901,باداب,500074,6
85613,3901,باغ کلامان,500076,6
85614,3901,گاوداری فرجی زاده,500086,6
85615,3901,شرکت کشاورزی شماره 3,500089,6
85616,3901,مزرعه مظهری وشرکا,500091,6
85617,3901,کورچشمه,500100,6
85618,3901,کوره دستی علی‌اصغر کشاورزیان,500110,6
85619,3901,گروه مشاعی 22 بهمن,500115,6
85620,3901,مزرعه صفدری,500117,6
85621,3901,مزرعه فتحعلیان,500119,6
85622,3901,گروه مشاعی ولیعصر,500122,6
85623,3901,مرغداری علی ناهیدی,500126,6
85624,3901,مزرعه آستان قدس,500127,6
85625,3901,مزرعه احمدآباد,500128,6
85626,3901,معدن زغال‌سنگ طالو,500135,6
85627,3901,معدن ماسه بنیادمسکن,500136,6
85628,3901,منبع آب شهرسازی طزره,500137,6
85629,3901,نیم ایستگاه حسین‌آباد,500138,6
85630,3901,رضاآباد,500142,6
85631,3901,فرحزاد/کلاتو,500849,6
85632,3901,مزرعه دره رضا,500938,6
85633,3901,کوره حاج حسین معمارزاده,500942,6
85634,3901,مرکزتحقیقات پسته دامغان,500943,6
85635,3901,زائرسرا,500981,6
85636,3901,مرغداری یحیایی,501155,6
85637,3901,چاه منابع طبیعی,501191,6
85638,3901,شرکت کشت و صنعت دامغان جوجه,501193,6
85639,3901,کارخانه جوجه‌کشی,501195,6
85640,3901,شرکت تعاونی فافاشن,501198,6
85641,3901,گاوداری رضا گلابی,501200,6
85642,3901,مرغداری شایان جوجه (محمدرضا فتحی ),501357,6
85643,3901,اردوگاه آموزشی سپاه,820003,6
85644,3901,سازمان حمل و نقل و پایانه,820079,6
85645,3901,مجتمع ورزشی فرهنگی دامغان,820080,6
85646,3901,دانشگاه پیام نور,820081,6
85647,3901,پست برق دامغان,820082,6
85648,3901,کارخانه آسفالت شهرداری,820083,6
85649,3902,طزره,239528,6
85650,3902,مزرعه رزمه چاه,239569,6
85651,3902,منطقه معدنی طرزه,239578,6
85652,3902,ابراهیم آباد,239688,6
85653,3902,کلاته حاج اکبر,239690,6
85654,3902,امام آباد,239691,6
85655,3902,ایستگاه زرین,239692,6
85656,3902,باباولی,239693,6
85657,3902,مزرعه جعفر آباد,239694,6
85658,3902,جلیو,239695,6
85659,3902,حداده,239696,6
85660,3902,حسین آباد دولاب,239697,6
85661,3902,حشمت آباد,239698,6
85662,3902,حمزه خان,239699,6
85663,3902,دزدغلامان,239700,6
85664,3902,رباط سلطان,239702,6
85665,3902,رزنو,239703,6
85666,3902,زرین آباد,239704,6
85667,3902,سعد آباد,239705,6
85668,3902,شرکت سنگواره کربن شرق,239706,6
85669,3902,شهرسازی طزره,239707,6
85670,3902,عبدل آباد,239708,6
85671,3902,کلاته علی رضا,239709,6
85672,3902,فری آباد,239710,6
85673,3902,خیرقادر آباد,239711,6
85674,3902,کلوان,239712,6
85675,3902,کلاته ملا,239713,6
85676,3902,مراد آباد,239715,6
85677,3902,مرگ در,239716,6
85678,3902,مزرعه اولنگ,239717,6
85679,3902,مزرعه فدک/عشرت آباد,239718,6
85680,3902,مهماندویه,239719,6
85681,3902,معدن زغال سنگ معیری,239720,6
85682,3902,مومن آباد,239721,6
85683,3902,مهماندوست,239722,6
85684,3902,نعیم آباد,239724,6
85685,3902,نیم ایستگاه حداده,239725,6
85686,3902,هرت,239726,6
85687,3902,مزرعه همت آباد,239727,6
85688,3902,مزرعه پشتکلاته,500079,6
85689,3902,کلامرک,500098,6
85690,3902,کلمدر,500099,6
85691,3902,ذغالشویی معدن مهماندویه,500141,6
85692,3902,حسین آباد,500173,6
85693,3902,دولاب,500174,6
85694,3902,مزرعه کلاتو,500181,6
85695,3902,گاوداری جاویدزاد,500456,6
85696,3902,مزرعه حداده /شهیدمدرس,500465,6
85697,3902,مزرعه دامدار,501154,6
85698,3902,طرح مرتعداری هرت,501177,6
85699,3903,اگره,019091,6
85700,3903,کارگاه اسفالت اداره راه,239324,6
85701,3903,مزرعه اسپروزیان,239338,6
85702,3903,معدن سنگ بالاست راه آه,239340,6
85703,3903,ابرندان,239768,6
85704,3903,سپیدار/سفیدار/,239769,6
85705,3903,آستانه,239770,6
85706,3903,اسکند,239771,6
85707,3903,اشپزنی,239772,6
85708,3903,اهوانو,239773,6
85709,3903,باباحافظ,239774,6
85710,3903,باریک اب,239775,6
85711,3903,تموزاع,239777,6
85712,3903,تویه,239778,6
85713,3903,تویه تنگه,239779,6
85714,3903,چشمه علی,239780,6
85715,3903,چنگی,239781,6
85716,3903,خامه نو,239782,6
85717,3903,خانامه,239783,6
85718,3903,خوش آب,239784,6
85719,3903,دزدراه,239785,6
85720,3903,دنبوبالا,239786,6
85721,3903,دنبوپایین,239787,6
85722,3903,راس کشته,239788,6
85723,3903,مزرعه رباط,239789,6
85724,3903,زمتان آباد بالا,239791,6
85725,3903,زونجن,239792,6
85726,3903,سردزدو,239793,6
85727,3903,شاه تپه,239794,6
85728,3903,شورتنگه,239796,6
85729,3903,مزرعه قلعه چه,239798,6
85730,3903,کارخانه ریخته گری آلدا,239799,6
85731,3903,کله بونه بالا,239800,6
85732,3903,کله بونه پایین,239801,6
85733,3903,کله بونه وسط,239802,6
85734,3903,کلاریز,239804,6
85735,3903,کهنه کلاته,239805,6
85736,3903,کهنه ملک بالا,239806,6
85737,3903,مزرعه لبرود,239807,6
85738,3903,لوان بالا,239808,6
85739,3903,لوان پایین,239809,6
85740,3903,کارخانه گچ زمرد,239810,6
85741,3903,مزرعه پشیمان دشت,239811,6
85742,3903,پل سر,239812,6
85743,3903,کشت دشت بالا,239813,6
85744,3903,کشت دشت پایین,239814,6
85745,3903,معدن ذغال سنگ دنبو,239816,6
85746,3903,معدن ذغال سنگ سراب,239817,6
85747,3903,معدن ذغالسنگ سالدره,239821,6
85748,3903,معدن ذغال یزدانی شماره 1,239822,6
85749,3903,معدن سنگ لاشه,239823,6
85750,3903,مزرعه منصورکوه,239825,6
85751,3903,منگاس,239826,6
85752,3903,گنداب,239829,6
85753,3903,ایستگاه ماکرویوانبان کوه,500002,6
85754,3903,پادگان اموزشی بسیج سپاه قدس,500003,6
85755,3903,تلخ آب,500004,6
85756,3903,سرخده,500006,6
85757,3903,سیاه پره,500007,6
85758,3903,کلاته گوش,500008,6
85759,3903,مزرعه رییسی,500009,6
85760,3903,مرکزاموزش علمی کاربردی رسول اکرم (ص ),500010,6
85761,3903,شرکت گلچین غنچه,500013,6
85762,3903,حسن آباد,500014,6
85763,3903,حسین آباد,500015,6
85764,3903,عباس آباد,500016,6
85765,3903,عباس آباد,500017,6
85766,3903,علی آباد,500018,6
85767,3903,نوکلاته,500019,6
85768,3903,ولیگا,500020,6
85769,3903,معدن بشم,500021,6
85770,3903,بادله کوه,500891,6
85771,3903,معدن ذغال سنگ یزدانی شماره 2,500893,6
85772,3903,کارخانه گچ صدف دامغان,500894,6
85773,3903,اسماعیل آباد,500895,6
85774,3903,کک پزی پیشنماززاده,500944,6
85775,3903,رضا آباد,500946,6
85776,3903,مزرعه محمدعلی کوشا,500947,6
85777,3903,مزرعه مسجدپل,500948,6
85778,3903,مزرعه تحت آباد,500949,6
85779,3903,مزرعه سرخ آب,500950,6
85780,3903,مزرعه پلنگ دره,500951,6
85781,3903,نمکه,500953,6
85782,3903,مزرعه نصر آباد,500954,6
85783,3903,مزرعه لارکوه,500955,6
85784,3903,مزرعه توی رودبار,500956,6
85785,3903,مزرعه سنگ استانه,500957,6
85786,3903,مطان,500985,6
85787,3903,حسن کلا,500986,6
85788,3903,هفدرخان,500987,6
85789,3903,شروا,500988,6
85790,3903,مزرعه نرم بالا,500989,6
85791,3903,مزرعه نرم پایین,500990,6
85792,3903,شرکت کانی معدنی صبا کلین پشته,501074,6
85793,3903,معدن خاک رس صبا,501075,6
85794,3903,مزرعه لاپقده,501076,6
85795,3903,معدن ذغالسنگ چهارده کلاته,501078,6
85796,3903,چشمه اوشک,501089,6
85797,3903,کک پزی یزدانی /بیدستان /,501091,6
85798,3903,بندانحرافی چشمه چنگی,501092,6
85799,3903,معدن ذغالسنگ اسب نال,501093,6
85800,3903,معدن ذغال سنگ باریک آب,501094,6
85801,3903,معدن ذغال سنگ گرمه کش,501095,6
85802,3903,معدن ذغالسنگ علی آبادی,501096,6
85803,3903,معدن ذغال سنگ رزچال,501097,6
85804,3903,معدن ذغالسنگ میتکان /جلالی /,501098,6
85805,3903,مزرعه مهرنگار,501099,6
85806,3903,سدمخزنی شهید شاهچراغی,501196,6
85807,3903,کک پزی قربانی,501197,6
85808,3903,پرورش ماهی دیباج گستر,501293,6
85809,3903,شرکت کشاورزی دامداری میرعماد,501356,6
85810,3903,امیران دشت,501358,6
85811,3904,مزرعه آبشرف,240138,6
85812,3904,ابراهیم آباد,240139,6
85813,3904,مزرعه احمداباد/کلاته امیر/,240140,6
85814,3904,انجیلبان,240141,6
85815,3904,ایستگاه مخابراتی اهوان پارس,240143,6
85816,3904,ایستگاه مخابراتی ریونکوه,240144,6
85817,3904,بایان,240145,6
85818,3904,مزرعه برو,240146,6
85819,3904,مزرعه بهشتیه,240147,6
85820,3904,پیغمبران,240148,6
85821,3904,مزرعه تلیستان,240149,6
85822,3904,مزرعه جماران,240150,6
85823,3904,چاشخوران بالا,240151,6
85824,3904,چاشخوران پایین,240152,6
85825,3904,حسن آباد,240153,6
85826,3904,حشمت آباد,240154,6
85827,3904,حمیدیه,240155,6
85828,3904,مزرعه خیر آباد فروغی,240156,6
85829,3904,مزرعه رحمت آباد,240157,6
85830,3904,رضا آباد,240158,6
85831,3904,مزرعه رضا آباد,240159,6
85832,3904,رضی آباد,240160,6
85833,3904,رویان,240161,6
85834,3904,زرشکوه,240162,6
85835,3904,مزرعه زمانیه,240163,6
85836,3904,سلدری,240164,6
85837,3904,سید آباد,240166,6
85838,3904,صیدوان,240167,6
85839,3904,ضامن آهو,240168,6
85840,3904,مزرعه طاق ملک,240169,6
85841,3904,عباس آباد,240170,6
85842,3904,مزرعه عبدالله آباد/مزرعه عبدل آباد/,240171,6
85843,3904,مزرعه عطاری,240172,6
85844,3904,علی آباد,240173,6
85845,3904,مزرعه علی آباد عطار,240174,6
85846,3904,مزرعه عمروان,240175,6
85847,3904,عوض آباد,240176,6
85848,3904,مزرعه فرح بخش,240177,6
85849,3904,مزرعه فضل آباد,240178,6
85850,3904,فیض آباد,240179,6
85851,3904,مزرعه قدرت آباد,240180,6
85852,3904,چال قهوه خانه,240181,6
85853,3904,کنز,240182,6
85854,3904,گردگنبد,240184,6
85855,3904,مزرعه کردوان,240185,6
85856,3904,للو,240187,6
85857,3904,مزرعه محمد آباد,240189,6
85858,3904,معدن سنگ دریان,240190,6
85859,3904,میان آب,240192,6
85860,3904,نوکلاته,240193,6
85861,3904,شرکت دشت سبز,240194,6
85862,3904,هادیه,240195,6
85863,3904,سوراخو,240196,6
85864,3904,آبخوری,240254,6
85865,3904,پرپای بالا,240256,6
85866,3904,پرپای پایین,240257,6
85867,3904,جام,240258,6
85868,3904,دوزهیر,240260,6
85869,3904,شیخ آب/رضا آباد,240263,6
85870,3904,مزرعه عبدالله آباد,240265,6
85871,3904,ویراب,240266,6
85872,3904,همیرد,240267,6
85873,3904,ابرهه,240532,6
85874,3904,احمد آباد,240534,6
85875,3904,اسماعیل آباد,240535,6
85876,3904,انجیل آب,240538,6
85877,3904,ایستگاه آبگرم,240539,6
85878,3904,ایستگاه گرداب,240542,6
85879,3904,ایستگاه میاندره,240543,6
85880,3904,بداق آب,240545,6
85881,3904,مزرعه بستانه,240546,6
85882,3904,بلو,240547,6
85883,3904,بهار آباد,240548,6
85884,3904,پایگاه هوایی /منطقه نظامی,240550,6
85885,3904,مزرعه پشته,240552,6
85886,3904,مزرعه ترشه کلا,240553,6
85887,3904,تقی آباد,240555,6
85888,3904,مزرعه تقی آباد,240556,6
85889,3904,چشمه علی اصغر,240566,6
85890,3904,چشمه نظر,240568,6
85891,3904,حاجی آباد خوریان,240569,6
85892,3904,مزرعه حاجی آباد,240570,6
85893,3904,مزرعه حاجی آباد میاندره,240571,6
85894,3904,حسن آباد,240572,6
85895,3904,مزرعه همدانی,240574,6
85896,3904,خرم آباد,240575,6
85897,3904,خوریان,240576,6
85898,3904,خیرآباد,240577,6
85899,3904,دلازیان,240578,6
85900,3904,مزرعه دیکتاش,240579,6
85901,3904,رکن آباد,240581,6
85902,3904,مزرعه زردکمر,240582,6
85903,3904,زرطول,240583,6
85904,3904,مزرعه سارو,240584,6
85905,3904,مزرعه سرند,240585,6
85906,3904,شرکت تعاونی مرغداران سمنان,240586,6
85907,3904,مزرعه سوکان,240587,6
85908,3904,مزرعه شورون /شاهوران /,240588,6
85909,3904,شرکت تعاونی کشاورزی شماره 18,240590,6
85910,3904,شرکت تعاونی کهنه دژ,240591,6
85911,3904,شرکت تولیدی ماسه سرا,240592,6
85912,3904,شرکت دامداری اعتضادیه,240594,6
85913,3904,شرکت کشاورزی بش دلبر,240595,6
85914,3904,شرکت کشاورزی جهادیه (کردیان ),240596,6
85915,3904,شرکت تعاونی کشاورزی فردوس,240599,6
85916,3904,شرکت تعاونی قمچه کلاهی,240600,6
85917,3904,شرکت کشاورزی کساییان,240601,6
85918,3904,شرکت کشاورزی واشینگ,240603,6
85919,3904,مزرعه شریعت آباد,240604,6
85920,3904,شهرک افاغنه,240605,6
85921,3904,شهرک صنعتی,240606,6
85922,3904,صدرآباد,240607,6
85923,3904,صفاییه,240608,6
85924,3904,طبقه,240609,6
85925,3904,علی آباد مسجد,240611,6
85926,3904,علا,240613,6
85927,3904,علاف,240614,6
85928,3904,مزرعه فرج آباد,240615,6
85929,3904,فردوگاه,240616,6
85930,3904,قاسم آباد,240617,6
85931,3904,قاضی آباد,240618,6
85932,3904,قدرت آباد,240619,6
85933,3904,کارخانه آجر سفالی,240620,6
85934,3904,کارخانه آسفالت شهرداری,240623,6
85935,3904,کارخانه تیرچه بلوک سمنان,240625,6
85936,3904,کشتارگاه,240628,6
85937,3904,مزرعه کلاته بزرگ /حاجی آباد/,240629,6
85938,3904,کلاته کوچک,240630,6
85939,3904,کندو/یوسف آباد/,240631,6
85940,3904,کوره آجر پهلوان,240632,6
85941,3904,کوره آجر بنیاد,240634,6
85942,3904,کوره آجر پایه,240636,6
85943,3904,کوره جهاد,240639,6
85944,3904,کوره آجر سمنان,240642,6
85945,3904,گاونا,240647,6
85946,3904,مزرعه گلوکی,240651,6
85947,3904,مجتمع تولیدی شن وماسه,240653,6
85948,3904,مجید آباد همدان,240654,6
85949,3904,محمود آباد,240655,6
85950,3904,شرکت گوشت سفیدشماره 1,240657,6
85951,3904,مزرعه کشاورزی اعتضادیه,240659,6
85952,3904,مزرعه مرنو,240660,6
85953,3904,مزرعه تعاونی انقلاب شماره 2,240662,6
85954,3904,مزرعه شریعت پناهی(شهدا انقلاب),240663,6
85955,3904,مزرعه تعاونی مدرس,240664,6
85956,3904,مزرعه چاه کریمی,240665,6
85957,3904,مزرعه چاه 22بهمن,240666,6
85958,3904,مزرعه 17شهریور,240667,6
85959,3904,مزرعه محمد آباد,240668,6
85960,3904,مزرعه تعاونی انقلاب شماره 1,240669,6
85961,3904,مزرعه تعاونی کشاورزی محمدرسول الله,240670,6
85962,3904,مزرعه مشیریه,240671,6
85963,3904,معدن آهن شماره یک,240672,6
85964,3904,معدن آهن شماره,240673,6
85965,3904,معدن سنگ باریت,240674,6
85966,3904,معدن گوگردخوریان,240675,6
85967,3904,معدن گوگرددلازیان,240676,6
85968,3904,معدن مس زرشوران,240677,6
85969,3904,معدن مس مهران,240678,6
85970,3904,معدن نفت خوریان,240679,6
85971,3904,معدن نمک سیف نهاجا,240680,6
85972,3904,مقصود آباد,240681,6
85973,3904,منبع اب پایگاه هوایی,240682,6
85974,3904,مزرعه مهران,240683,6
85975,3904,مزرعه میان دره,240685,6
85976,3904,ناحیه صنعتی علا,240687,6
85977,3904,نارکن,240688,6
85978,3904,مزرعه نوقنات,240689,6
85979,3904,مزرعه نوکلاته,240690,6
85980,3904,نوکه,240691,6
85981,3904,نیم ایستگاه علی آباد,240692,6
85982,3904,نیم ایستگاه علا,240693,6
85983,3904,نیم ایستگاه گرداب آبگرم,240694,6
85984,3904,مزرعه ونکان,240697,6
85985,3904,مزرعه ترخستان,241302,6
85986,3904,جلیلان,241303,6
85987,3904,جهازبان بالا,241304,6
85988,3904,چایسم,241305,6
85989,3904,مرغداری زرشکوه,241306,6
85990,3904,مزرعه سم طالقان,241307,6
85991,3904,شیخ گله,241308,6
85992,3904,معدن آهن شیخ آب,241310,6
85993,3904,معدن ترخستان,241311,6
85994,3904,نایینک بالا,241312,6
85995,3904,نایینک پایین,241313,6
85996,3904,ایستگاه تحقیقات 140هکتاری جهاد,500346,6
85997,3904,مزرعه مالان زربهار/بهاریه /,500350,6
85998,3904,پادگان قدس,500351,6
85999,3904,جهازبان پایین,500353,6
86000,3904,چشمه سرهنگ,500354,6
86001,3904,مزرعه خواجه,500356,6
86002,3904,دامداری اعرابی,500361,6
86003,3904,راهدارخانه اداره راه,500366,6
86004,3904,شرکت توسار,500367,6
86005,3904,سالن غذاخوری آهوان,500368,6
86006,3904,شرکت کشاورزی /برون /,500371,6
86007,3904,صاحبیه,500372,6
86008,3904,نیم ایستگاه گرداب,500375,6
86009,3904,رحمت آباد/کلاته انارکی نجفی /,500376,6
86010,3904,کلاته خالد,500377,6
86011,3904,کلاته سید آقا,500378,6
86012,3904,گرماب /نیم ایستگاه گرماب /,500384,6
86013,3904,گرنتول,500385,6
86014,3904,گینو,500386,6
86015,3904,پادگان ولی عصر تیپ حضرت قایم,500387,6
86016,3904,مزرعه چاه اب پایگاه هوایی شماره 4,500389,6
86017,3904,مزرعه ذوالفقاری,500392,6
86018,3904,مزرعه طولارم,500393,6
86019,3904,میدان تیرصنایع نظامی,500394,6
86020,3904,نوقنات,500854,6
86021,3904,کارخانه کابل پارس,500869,6
86022,3904,احمد آباد,500870,6
86023,3904,رستوران کوهپایه(چوتا),500886,6
86024,3904,گمرک,500897,6
86025,3904,کارخانه آهک هیدرات(آبندر),500898,6
86026,3904,شرکت جوجه یکروزه دهرویه,500932,6
86027,3904,مزرعه قیطک,500934,6
86028,3904,مزرعه چشموپریان,500935,6
86029,3904,پارک جنگلی کومش,500991,6
86030,3904,مرکزکنترل ترافیک نیروی انتظامی,500995,6
86031,3904,مرغداری افاقی,500996,6
86032,3904,کشتارگاه طیور,500997,6
86033,3904,مزرعه دامداری جهادخودکفایی,501147,6
86034,3904,کوره آجر فجر,501148,6
86035,3904,پادگان 27 آبان,501349,6
86036,3904,پست 400کیلو وات برق (نیروگاه گازی ),501350,6
86037,3904,مرغداری علی مجیدی,501351,6
86038,3904,حسین آباد کهن,820011,6
86039,3904,معدن مشیریه,820012,6
86040,3904,پایگاه اورژانس و مجتمع رفاهی,820013,6
86041,3904,شرکت مرغ قرن,820014,6
86042,3904,شرکت معدنی همراه تولید,820015,6
86043,3904,مجتمع رفاهی بین راهی,820016,6
86044,3904,شرکت کربن گستر,820017,6
86045,3904,شرکت فرآورده معدنی سپید پودر,820018,6
86046,3904,محل دفن بهداشتی پسماند سمنان,820019,6
86047,3904,نیروگاه سیکل ترکیبی شهید باکری,820020,6
86048,3904,مرغداری ایثارگران اعلاء,820021,6
86049,3904,شهرک بازیافت سمنان,820022,6
86050,3904,شرکت مرغ مهاجر سمنان,820023,6
86051,3904,شرکت سنگواره آهوان,820024,6
86052,3904,مزرعه و مدامداری پیشانی سفید,820025,6
86053,3904,مرغ گوشتی کاظمی,820026,6
86054,3904,مرغداری کیلی,820027,6
86055,3904,کارگاه تیرچه بلوک,820028,6
86056,3904,شرکت نگین پودر البرز,820029,6
86057,3904,زندان جدید سمنان,820030,6
86058,3905,تاش علیا,021569,6
86059,3905,مزرعه فرحزاد,021574,6
86060,3905,ابر,241391,6
86061,3905,ابرسیج,241393,6
86062,3905,مزرعه استالو,241395,6
86063,3905,نصیرآباد,241396,6
86064,3905,مزرعه اقبالیه,241397,6
86065,3905,اکبر آباد,241398,6
86066,3905,امیریه,241399,6
86067,3905,ایستگاه تلویزیون کوه قاسم,241400,6
86068,3905,ایستگاه راهدارشرکت نفت,241401,6
86069,3905,باغ سینه,241402,6
86070,3905,باغ طهماسب,241403,6
86071,3905,باغ کمالو,241404,6
86072,3905,باغ کمالوسفلی,241405,6
86073,3905,باغ کمالوعلیا,241406,6
86074,3905,ترنی,241408,6
86075,3905,تقی آباد,241409,6
86076,3905,چشمه عیسی,241410,6
86077,3905,حسین آبادزنده,241413,6
86078,3905,دره کی گو,241414,6
86079,3905,دولت آباد,241415,6
86080,3905,ده خیر,241416,6
86081,3905,دهانه سلیمان,241417,6
86082,3905,دهنه کلاته,241419,6
86083,3905,دهی,241420,6
86084,3905,رضوان آباد,241422,6
86085,3905,روان آباد,241423,6
86086,3905,زرگر,241424,6
86087,3905,سرخ دره,241425,6
86088,3905,شرف آباد,241426,6
86089,3905,شرکت کشت و. صنعت توحید/احمد آباد,241427,6
86090,3905,مزرعه شوراب,241429,6
86091,3905,علی آباد,241430,6
86092,3905,علی کاهی,241431,6
86093,3905,قاسم آبادحاج اسماعیل خان,241433,6
86094,3905,قاسم آباد میر هاش,241435,6
86095,3905,مزرعه قاقستان,241436,6
86096,3905,قلعه قربانعلی بیگ,241437,6
86097,3905,قطارزرشک,241438,6
86098,3905,قلعه آقا,241439,6
86099,3905,قلعه بلوچ,241440,6
86100,3905,قلعه حاج یعقوب,241441,6
86101,3905,شوراب,241443,6
86102,3905,قلعه کمالی,241445,6
86103,3905,قلعه محمد آقا,241446,6
86104,3905,قلعه نوخرقان,241447,6
86105,3905,قهیج پایین,241448,6
86106,3905,قهیج بالا,241449,6
86107,3905,مزرعه کلودر,241452,6
86108,3905,کلاته آقا احمد,241453,6
86109,3905,کلاته جعفر,241454,6
86110,3905,کلاته حاج مهدی,241455,6
86111,3905,قطری,241457,6
86112,3905,کلامو,241458,6
86113,3905,مزرعه گراب,241459,6
86114,3905,گرجی,241460,6
86115,3905,مزرعه گرگان بیطرف,241461,6
86116,3905,گرمن,241462,6
86117,3905,گنده پلی,241463,6
86118,3905,مجید آباد,241464,6
86119,3905,میان آباد,241467,6
86120,3905,میقان,241469,6
86121,3905,نگارمن,241471,6
86122,3905,نمدمال,241472,6
86123,3905,یوسف آباد,241473,6
86124,3905,کشتو,500180,6
86125,3905,ارودگاه اموزشی 02شاهرود,500411,6
86126,3905,تیپ 10 محرم,500412,6
86127,3905,تاسیسات شرکت ملی گاز,500413,6
86128,3905,تاش سفلی,500414,6
86129,3905,مزرعه زولبری,500418,6
86130,3905,ساختمان کارخانه سیمان شاهرود,500422,6
86131,3905,سنگ شکن جهاد,500424,6
86132,3905,شرکت کشت وصنعت هدف,500426,6
86133,3905,کارگاه سنگ شکن ذوالفقار,500432,6
86134,3905,کارگاه آسفالت شهردار,500433,6
86135,3905,مرتع حق علی,500435,6
86136,3905,مرتع سورخان,500436,6
86137,3905,منبع اب شماره 3شهرشاهرود,500439,6
86138,3905,مزرعه میشی,500440,6
86139,3905,مرتع مرغزار,500902,6
86140,3905,تجر,500903,6
86141,3905,راهدارخانه اداره راه ابراهیم آباد,500905,6
86142,3905,گوش هاجر,501009,6
86143,3905,اریس چال,501010,6
86144,3905,چری,501011,6
86145,3905,سرچمن,501012,6
86146,3905,سنگ سله,501013,6
86147,3905,اسکه دری,501014,6
86148,3905,کمچال,501015,6
86149,3905,شهنستان,501016,6
86150,3905,خانه سردار,501017,6
86151,3905,جلاجل,501018,6
86152,3905,خواجه عبدل,501019,6
86153,3905,سیاه کمر,501020,6
86154,3905,بندخرپا,501021,6
86155,3905,گوره چاله,501022,6
86156,3905,تیغ رعنا,501025,6
86157,3905,تغرچال,501026,6
86158,3905,فرش چال,501029,6
86159,3905,مزرعه کلاته نوروزعلی,501031,6
86160,3905,سنگ شکن شهرداری بسطام,501062,6
86161,3905,کارخانه آرد,501066,6
86162,3905,سنگ شکن شهرداری مجن,501224,6
86163,3905,گاوداری کوهسار,501226,6
86164,3905,گاوداری علی اکبر متحدی,501227,6
86165,3905,منطقه چاه های مجن,501340,6
86166,3905,گروه مشاعی امام خمینی,501341,6
86167,3905,گروه مشاعی رزمندگان,501342,6
86168,3905,حسن آباد,501343,6
86169,3905,گروه مشاعی شهید بهشتی,501344,6
86170,3905,چاه قره تپه (شماره 4),501345,6
86171,3905,گروه مشاعی صاحب الزمان,501346,6
86172,3905,شرکت مام جوجه,501347,6
86173,3905,گروه مشاعی امام رضا(ع ),501348,6
86174,3905,پلیس راه,820004,6
86175,3905,درخوانیاب,820006,6
86176,3905,سد مجن,820007,6
86177,3905,روستای گلستان,820009,6
86178,3906,مزرعه امین آباد,241557,6
86179,3906,ایستگاه جیلان,241558,6
86180,3906,ایستگاه شیرین چشمه,241559,6
86181,3906,مزرعه باغستان,241560,6
86182,3906,مزرعه بزی کل,241561,6
86183,3906,پادگان چهل دختر,241562,6
86184,3906,جیلان,241564,6
86185,3906,مزرعه چشمه چغول,241565,6
86186,3906,حسین آباد,241567,6
86187,3906,حسین آباد گورخان,241568,6
86188,3906,خیج,241569,6
86189,3906,راهدارخانه شماره 2گورخان,241570,6
86190,3906,شرکت سهامی زراعی مزج,241572,6
86191,3906,گروه مشاعی شهیدبهشتی,241573,6
86192,3906,گروه مشاعی شهیدرجایی,241574,6
86193,3906,شیرین چشمه,241575,6
86194,3906,قلعه آخوند/اسلام آباد,241577,6
86195,3906,مزرعه وقهوه خانه زاهدی,241578,6
86196,3906,مزرعه کانی کلاته,241579,6
86197,3906,کلاته بیرجندی,241580,6
86198,3906,کلاته حاج علی اصغر,241581,6
86199,3906,کلاته حاج کاظم,241582,6
86200,3906,کلاته سید,241584,6
86201,3906,مزرعه کلایی,241586,6
86202,3906,گورخان پایین,241587,6
86203,3906,گورخان بالا,241588,6
86204,3906,مزج,241589,6
86205,3906,مزرعه موشی کل,241590,6
86206,3906,نیم ایستگاه جیلان,241591,6
86207,3906,نیم ایستگاه نمکزار,241592,6
86208,3906,همت آباد,241593,6
86209,3906,فرودگاه چهل دختر,500396,6
86210,3906,مجتمع مرغداری و دامداری اکبرآباد,500398,6
86211,3906,گروه مشاعی ابوالفضل,500399,6
86212,3906,گروه مشاعی شهیدباهنر,500400,6
86213,3906,گروه مشاعی شهیدفلاح,500401,6
86214,3906,گروه مشاعی محمدباقرصدر,500402,6
86215,3906,گروه مشاعی مسلم بن عقیل,500403,6
86216,3906,مرغداری میر مجیدی,500404,6
86217,3906,مرغداری وحدت,500405,6
86218,3906,کارخانه پودر زرین,500409,6
86219,3906,سودخری,501032,6
86220,3906,مزرعه سرخ چشمه,501033,6
86221,3906,گروه مشاعی شهید عبدالرحیمی,501236,6
86222,3906,گروه مشاعی شهید باهنر,501237,6
86223,3906,گروه مشاعی شهید هاشمی نزاد,501327,6
86224,3906,مرکز اطلاعات اورزانس خوش ییلاق,501328,6
86225,3906,نمازخانه حضرت علی ابن ابیطالب (ع ),501329,6
86226,3906,راهدارخانه چهل دختر,820005,6
86227,3907,مزرعه زماهه/علی آباد,241644,6
86228,3907,مزرعه امین آباد,241646,6
86229,3907,مزرعه تشنو,241649,6
86230,3907,تلخاب,241650,6
86231,3907,غزازان,241651,6
86232,3907,چاه منابع طبیعی شماره 1,241653,6
86233,3907,خانخودی,241658,6
86234,3907,دزیان,241659,6
86235,3907,دستجرد,241660,6
86236,3907,کلاته دلبر,241661,6
86237,3907,کلاته دوچاه,241662,6
86238,3907,شرکت زراعی اسلام آباد,241663,6
86239,3907,شرکت زراعی ثاراله,241664,6
86240,3907,شرکت زراعی میثم,241665,6
86241,3907,شرکت زراعی وحدت,241666,6
86242,3907,مزرعه شیخ آباد,241667,6
86243,3907,مزرعه طاهر آباد,241668,6
86244,3907,کلاته عنابو,241669,6
86245,3907,قلعه احمد,241670,6
86246,3907,قلعه بالا,241671,6
86247,3907,کلاته بقال,241672,6
86248,3907,کلاته سید,241673,6
86249,3907,کلاته شور,241674,6
86250,3907,کلاته شیخ,241675,6
86251,3907,کلاته اکبر,241678,6
86252,3907,مزرعه کی کی,241679,6
86253,3907,گروه مشاعی ابوذر,241680,6
86254,3907,گروه مشاعی انقلاب,241681,6
86255,3907,گروه مشاعی پیروخطامام,241682,6
86256,3907,گروه مشاعی شهیداحمدی,241683,6
86257,3907,گروه مشاعی شهیدبهشتی,241684,6
86258,3907,گروه مشاعی شهیدرجایی,241685,6
86259,3907,گروه مشاعی شهیدشیرودی,241686,6
86260,3907,گروه مشاعی صدوقی,241687,6
86261,3907,گروه مشاعی فتح آباد,241688,6
86262,3907,گروه مشاعی مهدی آباد,241689,6
86263,3907,گروه مشاعی ولی عصر,241690,6
86264,3907,گیور,241691,6
86265,3907,کلاته ماجرا,241692,6
86266,3907,معدن مس گورخان,241694,6
86267,3907,مزرعه وره,241695,6
86268,3907,کلاته دوژه,241696,6
86269,3907,یزدو,241697,6
86270,3907,شرکت زراعی شهیدنامجو,500645,6
86271,3907,گروه مشاعی بیت المقدس,500646,6
86272,3907,گروه مشاعی جهان ارا,500647,6
86273,3907,گروه مشاعی شاهد,500648,6
86274,3907,گروه مشاعی قدر,500649,6
86275,3907,منبع آب خانخودی,500650,6
86276,3907,چاه روی گران,500906,6
86277,3907,کلاته طالب آباد,500915,6
86278,3907,گروه مشاعی کوثر,500968,6
86279,3907,گروه مشاعی امام حسن مجتبی,500969,6
86280,3907,سازمان کشاورزی کرم ابریشم,500970,6
86281,3907,گروه مشاع جانبازان,500971,6
86282,3907,گروه مشاع صاحب الزمان,500972,6
86283,3907,چاه حبیب بهلول,501352,6
86284,3908,ابوالحسنی,241753,6
86285,3908,احمد آباد,241754,6
86286,3908,اسبکشان,241755,6
86287,3908,امین آباد,241757,6
86288,3908,باغستان,241758,6
86289,3908,برم,241759,6
86290,3908,تغمر,241762,6
86291,3908,تجور,241763,6
86292,3908,تلخاب,241764,6
86293,3908,توچال,241765,6
86294,3908,جعفرآباد,241767,6
86295,3908,چاه مری,241772,6
86296,3908,حجاج,241778,6
86297,3908,درازآب/دراز,241779,6
86298,3908,رباطزنگ,241782,6
86299,3908,رضا آباد,241783,6
86300,3908,کلاته زرخت,241784,6
86301,3908,زمان آباد,241785,6
86302,3908,زیور,241786,6
86303,3908,سلمرود,241787,6
86304,3908,سوهلک,241788,6
86305,3908,کلاته شیخ آباد,241790,6
86306,3908,شیربها/شیروا/,241791,6
86307,3908,صالح آباد,241792,6
86308,3908,عشقوان,241793,6
86309,3908,مزرعه علی آباد,241794,6
86310,3908,فریدر,241795,6
86311,3908,فرینوبالا,241796,6
86312,3908,کلاته فرینو پایین,241797,6
86313,3908,کاریز,241798,6
86314,3908,کلاته تخت,241799,6
86315,3908,کلاته رضاقلی,241800,6
86316,3908,کلاته ری,241801,6
86317,3908,کلاته مطهری,241803,6
86318,3908,کلاته هیزمی,241804,6
86319,3908,کلاغ زیلی,241805,6
86320,3908,پژگرد,241806,6
86321,3908,گرماب بالا,241807,6
86322,3908,گرماب پایین,241808,6
86323,3908,گروه مشاعی هفت تیر,241809,6
86324,3908,گروه مشاعی 12فروردین,241810,6
86325,3908,گروه مشاعی 22بهمن,241811,6
86326,3908,گروه مشاعی 15خرداد,241812,6
86327,3908,گروه مشاعی 17شهریور,241813,6
86328,3908,مری,241815,6
86329,3908,منبع چاه احمد آباد,241816,6
86330,3908,ناهر,241818,6
86331,3908,نور,241819,6
86332,3908,نووه,241820,6
86333,3908,مزرعه یکه ریگ,241821,6
86334,3908,مزرعه فتح آباد/فتحو,500651,6
86335,3908,کلاته باغو,500652,6
86336,3908,کلاته پشت اسمان بالا,500653,6
86337,3908,کلاته سنجد,500654,6
86338,3908,کلاته یعقوبی,500656,6
86339,3908,مزرعه قنات بزرگ باغستان,500916,6
86340,3908,معدن کویر توران ( سنگ ساختمانی),501059,6
86341,3908,گروه شهید دستغیب,501353,6
86342,3908,کلاته محمد آباد,501354,6
86343,3908,سازمان کشاورزی دادالله درخشانی,501359,6
86344,3909,اردیان,241904,6
86345,3909,مزرعه اسد آباد,241905,6
86346,3909,مزرعه امیر آباد,241906,6
86347,3909,ایستگاه بسطام,241907,6
86348,3909,بدشت,241910,6
86349,3909,تپه دوقی,241914,6
86350,3909,تقی آباد,241915,6
86351,3909,تل,241916,6
86352,3909,جعفر آباد,241918,6
86353,3909,چاه کمیته امام,241919,6
86354,3909,قلعه حاج طاهر,241920,6
86355,3909,حسین آباد ساغر,241921,6
86356,3909,خیر آباد,241922,6
86357,3909,دیزج,241923,6
86358,3909,سعد آباد,241925,6
86359,3909,گروه مشاعی اجدادی,241928,6
86360,3909,شرکت زراعی پیشرو,241929,6
86361,3909,شرکت زراعی کویرشماره 1,241930,6
86362,3909,شرکت زراعی کویرشماره 2,241931,6
86363,3909,شرکت زراعی موحدین,241932,6
86364,3909,مزرعه شکارآباد,241933,6
86365,3909,شهرک صنعتی شاهرود,241934,6
86366,3909,قربان بیک,241936,6
86367,3909,قلعه اسفندیار,241937,6
86368,3909,قلعه حاجی محمداقاصدیق /احمدیه /,241938,6
86369,3909,قلعه زندانی,241940,6
86370,3909,قلعه شوکت,241941,6
86371,3909,قلعه صدیق (شهرک نوین ),241942,6
86372,3909,قلعه صفری,241943,6
86373,3909,قلعه عضدی,241944,6
86374,3909,قلعه نوخالصه,241945,6
86375,3909,کارخانه گچ بهادان,241947,6
86376,3909,کلاه آباد,241948,6
86377,3909,گروه مشاعی توحیداردیان,241951,6
86378,3909,گروه مشاعی استقلال,241952,6
86379,3909,گروه مشاعی امام رضا,241953,6
86380,3909,گروه مشاعی شهیدبهشتی,241956,6
86381,3909,گروه مشاعی شهیدچمران,241957,6
86382,3909,گروه مشاعی شهیدرجایی,241958,6
86383,3909,شرکت کویرسبز,241960,6
86384,3909,گروه مشاعی محمدمنتظری,241961,6
86385,3909,گروه مشاعی موسی ابن جعفر,241962,6
86386,3909,گروه مشاعی نواب صفوی,241963,6
86387,3909,گروه مشاعی هجرت,241964,6
86388,3909,مغان,241965,6
86389,3909,مرغداری جهادسازندگی,241966,6
86390,3909,میدان تیر2,241968,6
86391,3909,یونس آباد,241972,6
86392,3909,فرح آباد,242052,6
86393,3909,پرورش مرغ گوشتی شماره 1,242061,6
86394,3909,پرورش مرغ گوشتی شماره 2,242062,6
86395,3909,پرورش مرغ گوشتی شماره 3,242063,6
86396,3909,ایستگاه مخابرات خط لوله نفت,500527,6
86397,3909,ایستگاه مخابراتی ماکرویوشهیدتیموری,500528,6
86398,3909,باسکول استقلال,500529,6
86399,3909,سردخانه خراسانی,500537,6
86400,3909,کارخانه سنگ شکن,500547,6
86401,3909,منطقه نظامی,500563,6
86402,3909,وادی السلام,500565,6
86403,3909,رستوران صدف,501034,6
86404,3909,کارخانه گچ شاهرودشرق,501069,6
86405,3909,قلعه حسن رحمان,501134,6
86406,3909,شرکت شن و ماسه نفیس زر,501296,6
86407,3909,شرکت شن و ماسه شاهرود,501297,6
86408,3909,شرکت تعاونی مرغداری وخوراک دام وطیور,501298,6
86409,3909,مجتمع ورزشی فرهنگی کارگران,501299,6
86410,3909,خوابگاه دانشجویان علوم پزشکی,501300,6
86411,3909,مرکز معاینه فنی خودرو,820008,6
86412,3910,ایستگاه کلاته خان,242043,6
86413,3910,ایستگاه مخابراتی ماکرویو,242044,6
86414,3910,خوریان,242045,6
86415,3910,دهملا,242046,6
86416,3910,راهنجان,242047,6
86417,3910,صالح آباد,242049,6
86418,3910,عباس آباد,242050,6
86419,3910,علی آباد,242051,6
86420,3910,قلعه حاجی,242053,6
86421,3910,کلاته خان,242054,6
86422,3910,گروه مشاعی اندرزگو,242055,6
86423,3910,گروه مشاعی انقلاب,242056,6
86424,3910,گروه مشاعی بعثت,242057,6
86425,3910,گروه مشاعی دستغیب,242058,6
86426,3910,معدن اموزشی دهملا,242064,6
86427,3910,معدن سنگ بالاست راه آهن,242065,6
86428,3910,جتمع تولیدمصالح ساختمانی مازند,242066,6
86429,3910,بیدک,500442,6
86430,3910,چاه مقصودلو,500454,6
86431,3910,معدن پریخان,500466,6
86432,3910,شرکت راسن شیمی,501229,6
86433,3910,نیروگاه برق شاهرود,501230,6
86434,3910,مجتمع گاوداریهای شاهرود,501301,6
86435,3910,معدن همگام تلاش,501302,6
86436,3911,ابگاره,242091,6
86437,3911,ابوالحسنی,242092,6
86438,3911,استانه امروز,242093,6
86439,3911,اسلام آباد,242094,6
86440,3911,امامزاده پیرمردان,242095,6
86441,3911,مزرعه با با حافظ,242097,6
86442,3911,باغ دوست,242099,6
86443,3911,بن آب,242100,6
86444,3911,بیدستان,242101,6
86445,3911,معدن پوسیده,242102,6
86446,3911,مزرعه تنگ قلی,242105,6
86447,3911,تنوره,242106,6
86448,3911,توتو,242107,6
86449,3911,توت دهانه/تودها,242109,6
86450,3911,جوزبان,242110,6
86451,3911,چاه علا/چاه علا پایین,242111,6
86452,3911,چاه موسی,242112,6
86453,3911,چجام /چاه جام /,242113,6
86454,3911,مزرعه چشمه سفید,242114,6
86455,3911,مزرعه حسین آباد,242116,6
86456,3911,دست مشک,242120,6
86457,3911,مزرعه دله,242121,6
86458,3911,رزه/رزو,242125,6
86459,3911,زردابیه,242127,6
86460,3911,زرکی,242128,6
86461,3911,مزرعه سالاران,242129,6
86462,3911,سراوجی/سروج,242130,6
86463,3911,سرتخت,242131,6
86464,3911,سطوه,242132,6
86465,3911,سنجوطباطبایی,242135,6
86466,3911,مزرعه سندار,242136,6
86467,3911,سهل,242138,6
86468,3911,شاه اولیا,242140,6
86469,3911,شش پایین,242141,6
86470,3911,شش بالا,242142,6
86471,3911,شش وسط,242143,6
86472,3911,طرود,242146,6
86473,3911,علی آباد,242149,6
86474,3911,مزرعه عیش آباد,242150,6
86475,3911,مزرعه کلوی,242152,6
86476,3911,کلاته درویش,242157,6
86477,3911,کلاته عباس,242161,6
86478,3911,کلاته میرزا,242162,6
86479,3911,کلاته میرعلی,242163,6
86480,3911,گندی,242170,6
86481,3911,گزدره/گوددر,242171,6
86482,3911,معدن چشمه آب,242177,6
86483,3911,معدن زرشکوه/معدن زرشک,242180,6
86484,3911,معدن شرکت فارسی,242183,6
86485,3911,معدن گندی,242185,6
86486,3911,مهابیاد,242187,6
86487,3911,مهدی آباد,242188,6
86488,3911,نبی یا,242189,6
86489,3911,مزرعه واجارو,242191,6
86490,3911,ونرگ,242192,6
86491,3911,ونرگ توت دار,242193,6
86492,3911,ونرگه عوض,242194,6
86493,3911,معدن توت بنه,501060,6
86494,3911,چشمه سفید,501152,6
86495,3911,گرگاب,501231,6
86496,3911,چاه فراق/چاه فرا,501232,6
86497,3911,معدن قاسم جانی,501233,6
86498,3911,معدن قله سوخته,501234,6
86499,3911,شرکت کشت و صنعت جماران,501307,6
86500,3911,شرکت نگین سبز,501308,6
86501,3911,شرکت ماهر کشت,501309,6
86502,3911,شرکت تعاونی ماه اندام,501310,6
86503,3912,احمد آباد / گل تپ,243097,6
86504,3912,امامزاده خوش نام,243098,6
86505,3912,مزرعه دانش,243100,6
86506,3912,بهشت آباد,243101,6
86507,3912,بهورد,243102,6
86508,3912,پنبه لق,243104,6
86509,3912,مزرعه جعفرخانی,243106,6
86510,3912,جنت آباد,243107,6
86511,3912,جهاد آباد شماره 1,243108,6
86512,3912,چشمه نادی,243111,6
86513,3912,حسین آباد کروس,243112,6
86514,3912,مزرعه دزک,243113,6
86515,3912,مزرعه سلم تور,243115,6
86516,3912,سنگاب,243116,6
86517,3912,شرکت شن پاش,243117,6
86518,3912,شورقاضی,243118,6
86519,3912,مزرعه سیاه لک,243120,6
86520,3912,کارخانه سولفات سدیم ایران کویر,243121,6
86521,3912,کارخانه سولفات سدیم کیان خاکسارتهران,243122,6
86522,3912,کارخانه گچ تحریران,243123,6
86523,3912,کارخانه گچ ساران,243124,6
86524,3912,شرکت گچ برگ,243125,6
86525,3912,کرک,243126,6
86526,3912,کلاته حسین آباد,243127,6
86527,3912,کروس بالا,243128,6
86528,3912,گاوداری مهندس هادی,243129,6
86529,3912,چند اب / گنداب,243131,6
86530,3912,مرغداری پرستو,243132,6
86531,3912,مرغداری همت اله سعیدی,243133,6
86532,3912,مرغ داری یزدان پناهی,243134,6
86533,3912,مرغداری شماره یک,243135,6
86534,3912,شرکت تعاونی اباذر,243137,6
86535,3912,مزرعه حاج لطف اله قاسمی,243138,6
86536,3912,مزرعه سیاه آفتاب,243139,6
86537,3912,مزرعه زمرد(رهبران,243140,6
86538,3912,مرغداری حاج رضااشتری,243141,6
86539,3912,مزرعه یخچال,243142,6
86540,3912,مزرعه همند,243143,6
86541,3912,مزرعه حاج همت اشتری,290005,6
86542,3912,مزرعه باغ کهنه,500657,6
86543,3912,جهاد آباد شماره 15,500660,6
86544,3912,جهاد آباد شماره 12,500661,6
86545,3912,جهاد آباد شماره 10,500662,6
86546,3912,جهاد آباد شماره 2,500663,6
86547,3912,جهادابادشماره 20,500664,6
86548,3912,جهاد آباد شماره 3,500665,6
86549,3912,جهاد آباد شماره 13,500666,6
86550,3912,جهاد آباد شماره 4,500667,6
86551,3912,جهاد آباد شماره 5,500668,6
86552,3912,جهاد آباد شماره 6,500669,6
86553,3912,جهاد آباد شماره 15,500670,6
86554,3912,جهاد آباد شماره 7,500671,6
86555,3912,جهاد آباد شماره 8,500672,6
86556,3912,جهاد آباد شماره 21,500673,6
86557,3912,جهاد آباد شماره 9,500674,6
86558,3912,زور آباد,500675,6
86559,3912,شرکت تولیدی بنی,500676,6
86560,3912,کشتارگاه,500679,6
86561,3912,شهرک صنعتی علی آباد,500680,6
86562,3912,مراد آباد,500681,6
86563,3912,مزرعه کروس,500682,6
86564,3912,مزرعه جعفری,500684,6
86565,3912,معدن سنگ لاشه ساختمانی,500685,6
86566,3912,ناهارخوران,500686,6
86567,3912,کارخانه سولفات سدیم (عباس کارخانه ),500859,6
86568,3912,مزرعه حسین چال,500860,6
86569,3912,انبارمیوه کیانپور زارع,501058,6
86570,3912,منطقه بشمک,501158,6
86571,3912,شهرک صنعتی ایوانکی,501252,6
86572,3912,شهرک صنعتی جنت آباد,501253,6
86573,3912,مسجدالزهرا,501254,6
86574,3912,شرکت نیکان نمک,501317,6
86575,3912,کارخانه عرش ماکارون,501318,6
86576,3912,مزرعه و مرغداری رضایی,596126,6
86577,3912,مجتمع دامداری,596127,6
86578,3912,کاروانسرای شاه عباسی,596128,6
86579,3912,شهر جدید ایوانکی( مسکن مهر),820001,6
86580,3913,چهارقشلاق,243313,6
86581,3913,سنرد,243317,6
86582,3913,کهک,243324,6
86583,3913,ارجلان پایین,243365,6
86584,3913,امامزاده سرباز,243371,6
86585,3913,جواد آباد,243375,6
86586,3913,رشمه,243377,6
86587,3913,ریکان,243378,6
86588,3913,سراسیاب کردوان,243380,6
86589,3913,سعد آباد,243381,6
86590,3913,سیدصادق خان,243382,6
86591,3913,انتن مخابراتی علی آباد,243384,6
86592,3913,قاطول,243385,6
86593,3913,قشلاق نفر,243386,6
86594,3913,قلعه چک,243387,6
86595,3913,قندرقه اربابی,243388,6
86596,3913,کردوان,243390,6
86597,3913,گهریه,243392,6
86598,3913,محمد آباد,243394,6
86599,3913,محمود آباد اسد,243395,6
86600,3913,محمود آباد بهادر,243396,6
86601,3913,محمود آباد جعفری,243397,6
86602,3913,ملیجان پایین,243400,6
86603,3913,ملیجان بالا,243401,6
86604,3913,مندولک,243402,6
86605,3913,نیم ایستگاه یاتری,243405,6
86606,3913,امامزاده قوشه,243450,6
86607,3913,پنج تن,243457,6
86608,3913,تقی رستم,243460,6
86609,3913,حسن آبادموقوفه,243465,6
86610,3913,مزرعه ده نقش,243473,6
86611,3913,سلمان,243475,6
86612,3913,شه سفید,243477,6
86613,3913,فند,243479,6
86614,3913,قشلاق اقااسماعیل,243480,6
86615,3913,محمود آباد موقوفه,243485,6
86616,3913,مزرعه مهندس زراعی,243489,6
86617,3913,نورالدین آباد,243492,6
86618,3913,مزرعه هادی آباد,243493,6
86619,3913,قلعه اسلامی ( اسدی),500688,6
86620,3913,گروه مشاعی 17شهریور,500740,6
86621,3913,گروه مشاعی خیبر,500745,6
86622,3913,گروه سلمان فارسی,500746,6
86623,3913,گروه مشاعی فلسطین,500754,6
86624,3913,محمود آباد خانه,500764,6
86625,3913,محمود آباد کردها,500765,6
86626,3914,ایستگاه کویر,243099,6
86627,3914,ابه نو,243310,6
86628,3914,امامزاده اسماعیل,243311,6
86629,3914,حصارک,243315,6
86630,3914,ساروزن پایین,243316,6
86631,3914,شاهبلاغ بالا(شاهبداغ ),243318,6
86632,3914,فرور,243319,6
86633,3914,کرند,243321,6
86634,3914,کوشک خالصه بالا,243322,6
86635,3914,کوشک خالصه پایین,243323,6
86636,3914,لجران,243325,6
86637,3914,محله باغ حاج صادق,243326,6
86638,3914,معدن گچ سردره,243327,6
86639,3914,معدن نمک ذوب فلزات,243328,6
86640,3914,معدن نمک راه راهک,243329,6
86641,3914,معدن نمک سیالک,243330,6
86642,3914,معدن نمک سیالک ایوانکی,243331,6
86643,3914,نوحصار,243333,6
86644,3914,نوده اربابی,243334,6
86645,3914,همت آباد,243336,6
86646,3914,الله وردی آباد,243369,6
86647,3914,امامزاده شاهزاده حسین,243370,6
86648,3914,ایستگاه بنکوه,243372,6
86649,3914,بنکوه,243373,6
86650,3914,تصفیه خانه آب گرمسار,243374,6
86651,3914,حاجی آباداتشگاه,243376,6
86652,3914,ناروهه,243403,6
86653,3914,انتن مخابرات شرکت نفت,243565,6
86654,3914,ایستگاه مایکروویو,243566,6
86655,3914,ایستگاه تثبیت شن,243567,6
86656,3914,بنی ادمی,243568,6
86657,3914,سه برار,243571,6
86658,3914,شاه بلاغ پایین قلعه ارباب حسنی (شاهبداغ),243572,6
86659,3914,شهرک صنعتی حاجی آباد,243575,6
86660,3914,فسکان,243576,6
86661,3914,قصربهرام,243577,6
86662,3914,قلعه محمدهاشم,243578,6
86663,3914,مزرعه کریم,243580,6
86664,3914,کوره آجر اسلام,243581,6
86665,3914,محله باغ جدید,243583,6
86666,3914,مرغداری کاشی,243584,6
86667,3914,مرغداری علی بیگی,243585,6
86668,3914,مرزی آباد,243586,6
86669,3914,معدن گچ کرند,243588,6
86670,3914,ملک آباد,243589,6
86671,3914,نیم ایستگاه کویر,243590,6
86672,3914,کوشک اربابی,500689,6
86673,3914,پارک جنگلی,500692,6
86674,3914,چاه صفاخواه,500693,6
86675,3914,دامداری صفرعلی میرزایی,500699,6
86676,3914,غول آباد,500710,6
86677,3914,غیاث آباد ( نوده خالصه),500711,6
86678,3914,قصرعین الرشید,500717,6
86679,3914,قلعه خالدی,500719,6
86680,3914,کارخانه نمک زهره,500721,6
86681,3914,گروه ابراهیم قاسمی,500726,6
86682,3914,گروه افراسیابی,500727,6
86683,3914,گروه ایزدبخش,500728,6
86684,3914,گروه بلوچی,500729,6
86685,3914,گروه جمهوری اسلامی,500730,6
86686,3914,گروه دام کشت(دشت نیکو),500731,6
86687,3914,گروه سرسبز,500733,6
86688,3914,گروه شهدای گمنام,500734,6
86689,3914,گروه شهیدقندی,500735,6
86690,3914,گروه علی بیگی,500736,6
86691,3914,گروه قلی زاده,500737,6
86692,3914,گروه گلدشت,500738,6
86693,3914,گروه محمدرسول الله,500739,6
86694,3914,گروه حسین نگهبان,500744,6
86695,3914,گروه موسی ابولی,500757,6
86696,3914,گروه ناصری,500758,6
86697,3914,گروه یزدی,500759,6
86698,3914,محله باغ بالا,500761,6
86699,3914,معدن نمک متروکه,500767,6
86700,3914,نیم ایستگاه 135,500773,6
86701,3914,معدن نمک رنگین سهیل,500924,6
86702,3914,معدن نمک میلاد,500925,6
86703,3914,معدن نمک کوهدشت,500926,6
86704,3914,شهرک صنعتی فجر,500927,6
86705,3914,پاسگاه پلیس راه,500928,6
86706,3914,ایستگاه ایوانکی,501116,6
86707,3914,معدن نمک خیرالله ساقی,501123,6
86708,3914,معدن نمک سالارنظری,501126,6
86709,3914,معدن نمک کیمیا,501127,6
86710,3914,پست 230کیلووات,501128,6
86711,3914,مرغداری درخشانی,501129,6
86712,3914,ویفرسبوس,501130,6
86713,3914,چوب بری شهریاری,501131,6
86714,3914,باسکول میلاد,501132,6
86715,3914,معدن نمک سپیده صادقی,501133,6
86716,3914,معدن نمک کهلرز,501159,6
86717,3914,معدن نمک نوآور,501160,6
86718,3914,معدن نمک زمردکوثر,501161,6
86719,3914,گروه محمد مسعود نیا,501250,6
86720,3914,مجتمع پذیرایی قایم,501251,6
86721,3914,گروه قدس,501311,6
86722,3914,شرکت حشمت رود(وابسته به اداره راه ),501312,6
86723,3914,معدن نمک غرب قایم,501313,6
86724,3914,گروه شهید غفاری,501314,6
86725,3914,دانشگاه گرمسار,596144,6
86726,3914,دانشگاه ادبیات,820002,6
86727,3914,شهرک صنعتی گرمسار,820010,6
86728,3915,اورتکوه,240901,6
86729,3915,سیاه رودباربالا زاتنگه,240903,6
86730,3915,بنفش دره,240904,6
86731,3915,پرور,240906,6
86732,3915,تلاجیم,240910,6
86733,3915,تم,240911,6
86734,3915,تم کوه,240912,6
86735,3915,چه سر/چاه سر,240914,6
86736,3915,چپگره,240915,6
86737,3915,خرند/سفیدکهریز,240919,6
86738,3915,رسم رودبار,240920,6
86739,3915,رمنده کوه,240921,6
86740,3915,رودبارک,240922,6
86741,3915,سراور,240925,6
86742,3915,سرتنگه,240926,6
86743,3915,سرم,240929,6
86744,3915,سرخ ده,240930,6
86745,3915,سنگ چشمه,240933,6
86746,3915,سنگ خانی,240934,6
86747,3915,مزرعه سیب بن,240936,6
86748,3915,مزرعه شاه زمین,240938,6
86749,3915,شلی,240939,6
86750,3915,شن چاله,240940,6
86751,3915,مزرعه شورستان,240941,6
86752,3915,فنسک,240943,6
86753,3915,فولادمحله,240944,6
86754,3915,کاورد,240946,6
86755,3915,کپز,240947,6
86756,3915,مزرعه کترنو,240948,6
86757,3915,سیاه رودبارپایین کلوسر,240949,6
86758,3915,کلیم,240950,6
86759,3915,مزرعه کلاته,240951,6
86760,3915,گردکلا,240954,6
86761,3915,گرمکش,240955,6
86762,3915,مزرعه گنداب,240957,6
86763,3915,گنوسر,240960,6
86764,3915,گوشوارک,240961,6
86765,3915,مرکک,240964,6
86766,3915,ملاده,240968,6
86767,3915,میلو,240969,6
86768,3915,ورازیان,240970,6
86769,3915,مزرعه ورگو,240971,6
86770,3915,هسکوه,240975,6
86771,3915,هفت خانی,240976,6
86772,3915,احمدیه /کلاته علیوک,241056,6
86773,3915,مزرعه الیک,241063,6
86774,3915,بشم,241066,6
86775,3915,ده صوفیان,241088,6
86776,3915,رضاآباد پایین,241089,6
86777,3915,مزرعه صیرفت,241100,6
86778,3915,مزرعه کهره,241112,6
86779,3915,قهوه‌خانه سنگی /علی‌آباد,241123,6
86780,3915,مزرعه وروار,241129,6
86781,3915,ایرت,500322,6
86782,3915,پاسگاه محیطزیست سرتنگه,500323,6
86783,3915,تلاجیم کوه,500324,6
86784,3915,دنباله,500325,6
86785,3915,زرشک آب,500328,6
86786,3915,زرشک چال,500329,6
86787,3915,زرما,500330,6
86788,3915,سپاه رودباروسط,500333,6
86789,3915,فینسک کوه,500338,6
86790,3915,کورمیش علیا,500341,6
86791,3915,مزرعه گندی آب,500342,6
86792,3915,مرکم,500343,6
86793,3915,مزرعه هیرو,500344,6
86794,3915,مزرعه صیدآباد,500959,6
86795,3915,باغچه,501004,6
86796,3915,مرکز تحقیقات جهاد کشاورزی,820060,6
86797,3915,پایگاه اطفاء حریق منابع طبیعی,820061,6
86798,3916,پاقلعه,020125,6
86799,3916,زرشک دره,020135,6
86800,3916,روانه /رحمانه /,240290,6
86801,3916,اطلاق سر,240900,6
86802,3916,اوپرت,240902,6
86803,3916,باری کوه /بهاره کوه /,240905,6
86804,3916,مزرعه کلاته تالیا,240909,6
86805,3916,چاشم,240913,6
86806,3916,ریزسر,240923,6
86807,3916,سفیدرود,240931,6
86808,3916,سیاه کوه,240935,6
86809,3916,شاه پسند/کوثر/,240937,6
86810,3916,کت بزنگاه,240953,6
86811,3916,گلرد,240956,6
86812,3916,بیجارم /وی جارم /,240974,6
86813,3916,هیکو,240977,6
86814,3916,ارتت,241057,6
86815,3916,مزرعه ارشک,241058,6
86816,3916,اژگوی,241059,6
86817,3916,اساران,241060,6
86818,3916,اشکش,241061,6
86819,3916,مزرعه الچله,241062,6
86820,3916,اورپلنگ,241064,6
86821,3916,آهو,241065,6
86822,3916,بشم بن,241067,6
86823,3916,پروس,241068,6
86824,3916,پشت طول,241069,6
86825,3916,پشتینه کوه /پشتکوه /,241070,6
86826,3916,پوستین دوز,241071,6
86827,3916,مزرعه تالاچ,241072,6
86828,3916,تلستان,241073,6
86829,3916,مزرعه تندور,241074,6
86830,3916,تنگه ملااحمد,241075,6
86831,3916,جوچال,241077,6
86832,3916,مزرعه جوکاره,241078,6
86833,3916,خربرون,241079,6
86834,3916,خشک لو,241080,6
86835,3916,خوریه بالا,241081,6
86836,3916,خوریه پایین,241082,6
86837,3916,خوریه وسط,241083,6
86838,3916,خینگ,241084,6
86839,3916,درویشو,241087,6
86840,3916,ذیلوس,241091,6
86841,3916,دشت سفید,241092,6
86842,3916,مزرعه سیاه خانی,241096,6
86843,3916,سیاه دره,241097,6
86844,3916,شیخ آب,241099,6
86845,3916,عباس آباد,241101,6
86846,3916,مزرعه کافردره,241102,6
86847,3916,کاهش پایین,241103,6
86848,3916,کلاته بابااحمد,241107,6
86849,3916,کلاته حیدر,241108,6
86850,3916,کلاته ملاعباس,241109,6
86851,3916,کندوان بالا,241110,6
86852,3916,کندوان پایین,241111,6
86853,3916,مزرعه کینه کوه,241113,6
86854,3916,گرم چشمه,241114,6
86855,3916,گداربن,241117,6
86856,3916,مزرعه لابدار,241118,6
86857,3916,مرغک,241120,6
86858,3916,مینو,241128,6
86859,3916,مزرعه میاندر,241131,6
86860,3916,هومند( آبمند),241132,6
86861,3916,ادت,500231,6
86862,3916,ازمابند,500232,6
86863,3916,مزرعه استل سر,500233,6
86864,3916,بندبن خطیرکوه,500236,6
86865,3916,پنو,500238,6
86866,3916,تله,500239,6
86867,3916,چالار,500240,6
86868,3916,چپرد,500242,6
86869,3916,حسن تنگه,500243,6
86870,3916,حمیدیه,500244,6
86871,3916,خطیرکوه /کمرود/,500246,6
86872,3916,دزگره افشارپایین,500254,6
86873,3916,دشت گنبد,500255,6
86874,3916,مزرعه ده پشت,500256,6
86875,3916,رودبار,500258,6
86876,3916,مزرعه زردلو,500260,6
86877,3916,سرکه بول,500261,6
86878,3916,مزرعه سنگلت,500262,6
86879,3916,مزرعه سولا,500263,6
86880,3916,سی روزک,500264,6
86881,3916,شرکت معدن دربندکنار,500267,6
86882,3916,شهزوار,500270,6
86883,3916,طارو,500272,6
86884,3916,کارا,500273,6
86885,3916,کاهش بالا,500275,6
86886,3916,مزرعه کتلیم,500276,6
86887,3916,کشت وصنعت شهمیرزاد,500277,6
86888,3916,کلاته چاسر /چهسر,500279,6
86889,3916,کلیس,500281,6
86890,3916,کنکودر,500282,6
86891,3916,گردن سر,500284,6
86892,3916,لاپرت,500285,6
86893,3916,لجیمرت,500287,6
86894,3916,لرد,500288,6
86895,3916,مرتع چال میش,500291,6
86896,3916,مزرعه و سید حمزه کیانی,500304,6
86897,3916,سرلش,500901,6
86898,3916,مزرعه چشمه بند,500914,6
86899,3916,شرکت شن وماسه شهرداری شهمیرزاد,501141,6
86900,3916,علیم,501336,6
86901,3916,شن دره,501337,6
86902,3916,کشتارگاه (زمین کشاورزی ),501339,6
86903,3916,مزرعه پرورش بوقلمون,820056,6
86904,3916,پست برق 63 کیلو ولت چاشم,820057,6
86905,3916,ایستگاه تلمبه خانه شماره 3,820058,6
86906,3916,رستوران مزرعه و استخر کوهپایه,820059,6
86907,3917,دربند,241086,6
86908,3917,شرکت سمنان آهک,241098,6
86909,3917,مرگسر,241121,6
86910,3917,مزرعه سردربند,241122,6
86911,3917,ازاورک,241211,6
86912,3917,امامزاده زینعلی,241212,6
86913,3917,حسین آباد,241220,6
86914,3917,مزرعه ریگاب,241222,6
86915,3917,مزرعه شوراب,241223,6
86916,3917,عباس آباد,241224,6
86917,3917,علی آباد,241225,6
86918,3917,کارخانه گچ جواهر,241226,6
86919,3917,کلاته استادمحمد,241228,6
86920,3917,کلاته شاه محمد,241229,6
86921,3917,مزرعه عوض محمد,241230,6
86922,3917,مجتمع صنعتی,241233,6
86923,3917,مزرعه فتحی,241236,6
86924,3917,معدن حیدراباد,241237,6
86925,3917,معدن رحمانی,241238,6
86926,3917,معدن سرب,241240,6
86927,3917,معدن سنگ حاشیه خشک,241241,6
86928,3917,سازمان همیاری شهرداری ها,241242,6
86929,3917,معدن دولومیت کرکوه,241243,6
86930,3917,مزرعه ولوونک,241245,6
86931,3917,گاوداری سیاوش صفاخواه /الوندکوه /,500235,6
86932,3917,خرگوشی,500245,6
86933,3917,شرکت تولیدی سمن دام,500266,6
86934,3917,شرکت عایق سازان,500268,6
86935,3917,شرکت حمل ونقل کامیونداران,500269,6
86936,3917,کارخانه گچ ستاره,500274,6
86937,3917,گاوداری نبی الله صفاخواه,500283,6
86938,3917,مزرعه لاچ,500286,6
86939,3917,پادگان شهید حیدری,500289,6
86940,3917,مرغداری بینایی,500293,6
86941,3917,مرغداری اسکندریان,500294,6
86942,3917,شرکت تعاونی مرغداری,500298,6
86943,3917,لارک,500315,6
86944,3917,شرکت کایولن سمنان (سنگ کوبی ),501140,6
86945,3917,دانشکده تربیت دبیر,501338,6
86946,3917,شهرک گلخانه ای درجزین,820031,6
86947,3917,شرکت کود شیمیایی البرز مهدیشهر,820032,6
86948,3917,شرکت ملات خشک,820033,6
86949,3917,کارخانه آسفالت مهدیشهر,820034,6
86950,3917,باغ انار ملا اشعاری,820035,6
86951,3917,مرغداری ذوالفقاری,820036,6
86952,3917,جایگاه دومنظوره گل نرگس,820037,6
86953,3917,مزرعه گل محمد شاه ورانی,820038,6
86954,3917,گاوذاری شیری شاهورانی,820039,6
86955,3917,گاو شیری زارعی,820040,6
86956,3917,گاوداری عابدین خواه,820041,6
86957,3917,شن وماسه پهلوانی,820042,6
86958,3917,مرغداری غزال صفایی,820043,6
86959,3917,مرغداری اربعه,820044,6
86960,3917,مرغداری حسین نیر,820045,6
86961,3917,مرغداری اسماعیل صفاییان,820046,6
86962,3917,مرغداری عباس نیر,820047,6
86963,3917,شرکت الوند سنگسر,820048,6
86964,3917,مزرعه محمد آباد,820049,6
86965,3917,شرکت پرنده طلایی قومس,820050,6
86966,3917,مزرعه مریم زا,820051,6
86967,3917,مرغداری,820052,6
86968,3917,میدان دام سنگسر,820053,6
86969,3917,دامداری,820054,6
86970,3917,مجتمع گاوداری,820055,6
86971,3918,قلعه اکبر آباد,243200,6
86972,3918,ده سراب,243216,6
86973,3918,ده قاضی,243217,6
86974,3918,هشت آباد,243252,6
86975,3918,کارخانه چکه ساز,243253,6
86976,3918,سرابرود,243379,6
86977,3918,شن وماسه حبله رود,243383,6
86978,3918,مرغداری جیک جیک,243398,6
86979,3918,الویک,243449,6
86980,3918,امامزاده علی اکبر,243453,6
86981,3918,امیر آباد,243454,6
86982,3918,باقر آباد,243456,6
86983,3918,داورآباد,243468,6
86984,3918,مزرعه دزماران,243469,6
86985,3918,سوداغلان,243476,6
86986,3918,کارخانه تاوان سیلیس,243481,6
86987,3918,مگس تپه,243491,6
86988,3918,هاشم آباد,243494,6
86989,3918,هفت چشمه,243495,6
86990,3918,یاتری پایین,243496,6
86991,3918,یاتری بالا,243497,6
86992,3918,آنتن مخابرات,500777,6
86993,3918,شرکت تولیدی شن وماسه گرمسار,500792,6
86994,3918,شرکت تعاونی اقایی 157,500793,6
86995,3918,کارخانه کمپوت سازی,500804,6
86996,3918,کارگاه سازمان آب 20,500807,6
86997,3918,کارگاه ماشین آلات اداره راه,500808,6
86998,3918,کوره آجر پزی هاشم,500812,6
86999,3918,مرغداری ادینه,500828,6
87000,3918,معدن چهل گدار,500913,6
87001,3918,کارخانه آراگاز,500919,6
87002,3918,کارخانه پارس وندیک,500922,6
87003,3918,کارخانه نیوپان شموشک,500960,6
87004,3918,شرکت نیکان شیمی ارس,501135,6
87005,3918,ناحیه صنعتی یاتری روستایی,501139,6
87006,3918,تلمبه خانه گازجلیل آباد,501176,6
87007,3918,مرکز توزیع برق 63 کیلو وات آرادان,501240,6
87008,3918,شرکت تعاونی چینه کا,501245,6
87009,3919,امامزاده ذوالفقار,243451,6
87010,3919,امامزاده عبداله,243452,6
87011,3919,چهارطاقی,243462,6
87012,3919,حسین آبادسهراب خانی,243466,6
87013,3919,حسین‌آباد کردها,243467,6
87014,3919,دولت آباد,243470,6
87015,3919,ده پیران,243471,6
87016,3919,ده سلطان,243472,6
87017,3919,رستم آباد,243474,6
87018,3919,عدل آباد,243478,6
87019,3919,کویر آباد,243482,6
87020,3919,کبوتر آباد,500809,6
87021,3920,اسماعیل طلایی,243199,6
87022,3920,قلعه خرابه / اسلام آباد,243234,6
87023,3920,قهرمانی,243237,6
87024,3920,کندقلیخان,243239,6
87025,3920,معدن نمک مقصود آباد,243249,6
87026,3920,امامزاده خلیل الله,500778,6
87027,3921,ابسرک,243197,6
87028,3921,احمد آباد,243198,6
87029,3921,امامزاده جعفر,243202,6
87030,3921,ایستگاه ده نمک,243205,6
87031,3921,باغستان,243206,6
87032,3921,پاده,243207,6
87033,3921,پنجهزاری,243208,6
87034,3921,تلمبه خانه ده نمک,243209,6
87035,3921,مزرعه چاه قل قل,243211,6
87036,3921,چشمه ملک,243212,6
87037,3921,چهارطاق پایین,243213,6
87038,3921,حسین آباد,243214,6
87039,3921,خلخالیه,243215,6
87040,3921,ده نمک,243218,6
87041,3921,رامه بالا,243219,6
87042,3921,رامه پایین,243220,6
87043,3921,راهدارهواپیمایی,243221,6
87044,3921,رمضان قره,243222,6
87045,3921,مزرعه سرآسیاب,243224,6
87046,3921,شترچشمه,243226,6
87047,3921,عباس آباد,243229,6
87048,3921,عبدالصمد,243230,6
87049,3921,فروان,243231,6
87050,3921,قالیباف,243233,6
87051,3921,قلعه شهروا,243235,6
87052,3921,محمد آباد,243243,6
87053,3921,حاجی آباد,243245,6
87054,3921,معدن گزوشک,243246,6
87055,3921,معدن نمک حسین آباد,243247,6
87056,3921,معدن شهر آباد,243248,6
87057,3921,نیم ایستگاه ده نمک,243250,6
87058,3921,هادی آباد,243251,6
87059,3921,ارجنه,258927,6
87060,3921,آب برچینه,500199,6
87061,3921,طاق بستانک,500208,6
87062,3921,باسکول امید,500780,6
87063,3921,چاه شهید هاشمی نژاد,500781,6
87064,3921,چهارطاق بالا,500782,6
87065,3921,شرکت معدنی املاح ایران,500789,6
87066,3921,کارخانه بهمن شیمی,500790,6
87067,3921,سالن پذیرایی محمد,500791,6
87068,3921,کهنه ده,500811,6
87069,3921,گروه مشاعی خوشه شماره 7,500815,6
87070,3921,گروه مشاعی دانه شماره 6,500816,6
87071,3921,کهن تل,500825,6
87072,3921,لزوره,500826,6
87073,3921,مراد آباد,500827,6
87074,3921,مزرعه دودره,500834,6
87075,3921,مزرعه شهر آباد,500835,6
87076,3921,مزرعه شهیدمسروری 18,500836,6
87077,3921,مزرعه کونک,500837,6
87078,3921,مزرعه گراب,500838,6
87079,3921,معدن شرکت معدنی املاح /شوره /,500840,6
87080,3921,قاسم آباد,500911,6
87081,3921,ناحیه صنعتی صید آباد,500961,6
87082,3921,کارخانه گچ زمرد,500963,6
87083,3921,مرغداری طاووسی,501136,6
87084,3921,شرکت تاوک گرمسار,501137,6
87085,3921,شرکت کشت وصنعت کویرارادان,501162,6
87086,3921,شرکت فرخنده کویر,501163,6
87087,3921,شرکت امداد,501164,6
87088,3921,شرکت پارس طیور,501165,6
87089,3921,پاسگاه سرمحیط چهارطاق,501166,6
87090,3921,مرغداری پردیسان,501167,6
87091,3921,شرکت توحیدشوراب,501168,6
87092,3921,شرکت تعاونی خوش اوا,501239,6
87093,3921,شرکت تعاونی پرطلادشت لاری,501241,6
87094,3921,شرکت تعاونی مرغ زرین پر,501242,6
87095,3921,شرکت تعاونی مرغ لاری کوهپایه,501243,6
87096,3921,شرکت تعاونی مرغداران آرادان,501244,6
87097,3921,شرکت مرغ صداقت کاران,501246,6
87098,3921,شرکت عدالت بعثت,501247,6
87099,3922,ایستگاه تقویت مخابرات,242325,6
87100,3922,چکاو,242332,6
87101,3922,عباس آباد,242349,6
87102,3922,کلاته الهاک,242354,6
87103,3922,چشمه سفید,242368,6
87104,3922,معدن درخت توت,242383,6
87105,3922,معدن کوچک مس,242385,6
87106,3922,معدن مس چغندرسر,242386,6
87107,3922,معدن آب مرجان,242554,6
87108,3922,ابراهیم آباد سفلا,242555,6
87109,3922,ابراهیم‌آباد علیا,242556,6
87110,3922,ارمیان,242559,6
87111,3922,ایستگاه تلویزیونی غزازا,242562,6
87112,3922,مزرعه تنگه,242565,6
87113,3922,جودانه,242566,6
87114,3922,مزرعه جهان آباد,242567,6
87115,3922,سازمان ابوذر,242573,6
87116,3922,سازمان کشاورزی اتحاد,242574,6
87117,3922,سازمان انقلاب,242578,6
87118,3922,سازمان سعیدی وپورعلی,242582,6
87119,3922,چاه ده اینچ,242584,6
87120,3922,سازمان زاهدی وشرکا,242586,6
87121,3922,سازمان سعیدی وشرکا,242587,6
87122,3922,سازمان شهیدهاشمی نژاد,242592,6
87123,3922,سازمان شهید طاهری شماره,242593,6
87124,3922,سازمان شهیدسیدکاظم موسوی,242594,6
87125,3922,چاه قاسم بالا,242600,6
87126,3922,چاه قاسم دومی,242603,6
87127,3922,چاه قره سقر,242605,6
87128,3922,چاه کال,242606,6
87129,3922,سازمان اخوت/فیروزخلخال,242607,6
87130,3922,سازمان مالک اشتر,242609,6
87131,3922,سازمان شماره 1باقری,242616,6
87132,3922,مزرعه حسین آباد,242621,6
87133,3922,مزرعه خاندر پایین,242622,6
87134,3922,خرطوت,242623,6
87135,3922,مزرعه خلخال,242624,6
87136,3922,رحمت آباد,242627,6
87137,3922,ایستگاه مخابراتی شرکت نفت میاندشت,242633,6
87138,3922,مزرعه ساران,242634,6
87139,3922,سازمان رضااجدادی,242635,6
87140,3922,سرگدار,242640,6
87141,3922,مزرعه سفید کمر بالا,242642,6
87142,3922,مزرعه سفید کمر پایین,242643,6
87143,3922,مزرعه سیاهو,242647,6
87144,3922,عشق آباد,242654,6
87145,3922,مزرعه علی آباد,242655,6
87146,3922,مزرعه قاسم آباد,242656,6
87147,3922,قدس,242657,6
87148,3922,چاهک,242661,6
87149,3922,کال سفیدار,242673,6
87150,3922,مزرعه کلاتو,242675,6
87151,3922,کلاته الو,242677,6
87152,3922,کلاته ابراهیم شکاری,242678,6
87153,3922,کلاته اسد,242679,6
87154,3922,کلاته سیداباد,242689,6
87155,3922,کلاته شوراب,242690,6
87156,3922,طالع زار,242691,6
87157,3922,کلاته عباسقلی,242692,6
87158,3922,مزرعه کلاته نو,242696,6
87159,3922,مزرعه کلاغ شوم بالا,242698,6
87160,3922,مزرعه کلاچون,242700,6
87161,3922,کوکی بالا,242706,6
87162,3922,کوکی پایین,242707,6
87163,3922,کوکی محمدولی,242708,6
87164,3922,محمد آباد,242709,6
87165,3922,مزرعه مقاتلان,242711,6
87166,3922,مزرعه ولگوبالا,242715,6
87167,3922,مزرعه حاج سوخته/هات سوخت,242717,6
87168,3922,همت آباد,242718,6
87169,3922,مزرعه اصغر آباد,500570,6
87170,3922,ایستگاه ماکرویومیاندشت,500572,6
87171,3922,مزرعه چاه بوستان,500574,6
87172,3922,چاه عنایت,500575,6
87173,3922,مزرعه دزی,500580,6
87174,3922,دوچیله,500581,6
87175,3922,سازمان 50نفری,500582,6
87176,3922,سازمان احمدافتخاری,500583,6
87177,3922,سازمان توحید,500586,6
87178,3922,سازمان جزیره(حاج حسن قربانی,500587,6
87179,3922,مزرعه حاج عزیزنعیمی,500589,6
87180,3922,سازمان سیدجعفرموسوی,500596,6
87181,3922,سازمان شهید باهنر/فدایی و شرک,500597,6
87182,3922,سازمان شهیدرجایی,500599,6
87183,3922,سازمان غلامرضا قربانی,500600,6
87184,3922,سازمان علی گیلانی /کرموت /,500602,6
87185,3922,سازمان کشاورزی چاله بن گز,500605,6
87186,3922,سازمان محمدعلی عابدینی,500606,6
87187,3922,سرخ چاه,500607,6
87188,3922,سنگ آباد,500608,6
87189,3922,شرکت تعاونی زیدر,500610,6
87190,3922,شرکت توکل طوسی /علیزاده /,500611,6
87191,3922,سازمان حاج اسدالله پورعلی,500613,6
87192,3922,عباس آباد,500616,6
87193,3922,مزرعه عبدالله آباد,500617,6
87194,3922,سازمان نوروزی,500618,6
87195,3922,قهوه خانه عرب اسدی,500619,6
87196,3922,قهوه خانه میاندشت /کاروانسرای شاه عباس,500621,6
87197,3922,قهوه خانه زیدر,500622,6
87198,3922,کارخانه آسفالت صبا,500623,6
87199,3922,کلاته آباد/کلاهی /,500625,6
87200,3922,کلاته حاج موسی /حسین آباد/,500626,6
87201,3922,کلاته شیرخان,500627,6
87202,3922,کلاته صالحی,500628,6
87203,3922,کلاته غنوی پایین,500629,6
87204,3922,کلاته نو/ارمیان /,500630,6
87205,3922,کلاته نو/سکون /,500631,6
87206,3922,کوره آجر دستی,500633,6
87207,3922,محمد آباد قدس,500636,6
87208,3922,مزرعه کشاورزی زیراب /کارخانه قند/,500637,6
87209,3922,مهدی آباد,500638,6
87210,3922,وزدر,500642,6
87211,3922,سنجوان پایین,500964,6
87212,3922,مرغداری سنچولی,501039,6
87213,3922,شهرک صنعتی میامی,501040,6
87214,3922,مزرعه کال گزی پایین,501041,6
87215,3922,کلاته حاج یعقوب,501235,6
87216,3922,سازمان حاج محمد رضایی,501355,6
87217,3923,استربند,242318,6
87218,3923,مزرعه اسکندر آباد,242319,6
87219,3923,مزرعه امجدیه,242322,6
87220,3923,مزرعه بشتاوز,242326,6
87221,3923,مزرعه پهنستان,242328,6
87222,3923,مزرعه چهار طیب,242334,6
87223,3923,حسین آباد,242335,6
87224,3923,مزرعه خر تیزان,242338,6
87225,3923,مزرعه خرم آباد,242339,6
87226,3923,مزرعه سرابی,242343,6
87227,3923,مزرعه سرنو,242344,6
87228,3923,مزرعه سلطان آباد,242346,6
87229,3923,مزرعه سوخته در,242347,6
87230,3923,مزرعه سید آباد,242348,6
87231,3923,فرومد,242351,6
87232,3923,فیروز آباد بالا,242352,6
87233,3923,فیروز آباد پایین,242353,6
87234,3923,کلاته بدر,242355,6
87235,3923,کلاته بیرون,242356,6
87236,3923,کلاته چنار,242357,6
87237,3923,کلاته چنگ,242358,6
87238,3923,کلاته حسینی,242359,6
87239,3923,کلاته دلیری,242360,6
87240,3923,کلاته سادات بالا,242361,6
87241,3923,کلاته سادات پایین,242362,6
87242,3923,کلاته سنگاب,242363,6
87243,3923,کلاته صالح,242365,6
87244,3923,کلاته عبدالله,242366,6
87245,3923,کلاته عبدل,242367,6
87246,3923,کلاته قلیچ,242369,6
87247,3923,کلاته ملا,242373,6
87248,3923,کلاته نهر,242376,6
87249,3923,مزرعه محمد آباد,242377,6
87250,3923,مزرعه محمد آباد,242378,6
87251,3923,مزرعه محمدنظر,242380,6
87252,3923,مسیح آباد,242381,6
87253,3923,معدن بزرگ مس,242382,6
87254,3923,مزرعه مفتستان پایی,242388,6
87255,3923,کلاته میر اعلم,242391,6
87256,3923,میرحاج,242392,6
87257,3923,مزرعه نصرتی,242393,6
87258,3923,ایستگاه تقویت مخابراتی,500468,6
87259,3923,مزرعه جوزک,500469,6
87260,3923,مزرعه صدرآباد,500472,6
87261,3923,معدن پهنستان,500478,6
87262,3923,معدن سرور,500479,6
87263,3923,معدن سکرومیت,500480,6
87264,3923,معدن گندابور,500481,6
87265,3923,کلاته میرمحمود,500855,6
87266,3923,کاروانسرای شاه عباسی,596151,6
87267,3924,ایستگاه ابریشم,242324,6
87268,3924,چاه شیرین,242329,6
87269,3924,چاه فرش,242330,6
87270,3924,حسین آباد پل ابریشم,242336,6
87271,3924,خانه گلی,242337,6
87272,3924,محمد آباد پل ابریشم,242379,6
87273,3924,نیم ایستگاه چاه فرش,242394,6
87274,3924,نیم ایستگاه سوزو,242395,6
87275,3924,استرخو,242474,6
87276,3924,ایستگاه بکران,242476,6
87277,3924,ایستگاه جهان آباد,242477,6
87278,3924,بکران,242478,6
87279,3924,پویه,242479,6
87280,3924,مزرعه تقی آباد,242480,6
87281,3924,مزرعه جوزبان,242481,6
87282,3924,جهان آباد,242482,6
87283,3924,مزرعه چشمه بسیار,242483,6
87284,3924,حسین آباد,242484,6
87285,3924,ریسو,242486,6
87286,3924,ری آباد,242487,6
87287,3924,مزرعه سروخی,242488,6
87288,3924,سوق آباد,242489,6
87289,3924,شریف آباد,242491,6
87290,3924,کرد آباد,242493,6
87291,3924,سازمان حاج محمد نوروزی,242495,6
87292,3924,کوهان,242498,6
87293,3924,کلاته مرادی,242501,6
87294,3924,مزرعه حاج محمدعبادی,242502,6
87295,3924,مزرعه حسن میرزایی,242503,6
87296,3924,مزرعه شهیدچمران,242504,6
87297,3924,مزرعه شهیدنادعلی,242505,6
87298,3924,مه روشن,242507,6
87299,3924,مهدی آباد,242508,6
87300,3924,نجف آباد,242510,6
87301,3924,نیم ایستگاه بکران,242511,6
87302,3924,نیم ایستگاه سوق آباد,242512,6
87303,3924,هونستان,242513,6
87304,3924,چاه منابع طبیعی,500493,6
87305,3924,مزرعه شهرنو,500498,6
87306,3924,کلاته نو,500500,6
87307,3924,گروه مشاعی آزاد,500501,6
87308,3924,گروه مشاعی جهادگران,500502,6
87309,3924,گروه مشاعی شهید همت,500503,6
87310,3924,کلاته گزی,500504,6
87311,3924,کلاته نوکوهان,501038,6
87312,3924,مزرعه محمدعبداللهی,501063,6
87313,3924,مزرعه عیدی میرزایی,501064,6
87314,3924,سازمان یحیی صادقی,501204,6
87315,3924,سازمان لطفعلی مقدسی زاده,501205,6
87316,3924,مزرعه شیر افکن مقیمی,501206,6
87317,3924,سازمان حسین ربیعی,501207,6
87318,3924,سازمان موسی ربیعی,501209,6
87319,3924,سازمان علی علیپور,501238,6
87320,3924,گروه مشاعی امام حسین,501305,6
87321,3924,چاه ترکمانی,501306,6
87322,3925,باغچه,242885,6
87323,3925,ترکمن کاریزلی,242886,6
87324,3925,چهلستان,242892,6
87325,3925,حسین‌آباد کالپوش,242893,6
87326,3925,دانیال پیغمبر,242896,6
87327,3925,دشت شاد,242897,6
87328,3925,سازمان محمدعلی اقایی,242910,6
87329,3925,سازمان محمدقلی نبی زاده,242911,6
87330,3925,سایت خطلوله شرکت ملی گاز,242915,6
87331,3925,شورتپه,242918,6
87332,3925,قوشه دگرمان,242921,6
87333,3925,کرنگ,242923,6
87334,3925,کلاته استادمحمد,242924,6
87335,3925,کمردار,242925,6
87336,3925,نام نیک,242932,6
87337,3925,سازمان سلطانی,500909,6
87338,3925,مزرعه درازی,501055,6
87339,3925,مزرعه چشمه چانو,501056,6
87340,3925,مزرعه الالی,501057,6
87341,3925,سازمان رضوانی (حسن ومیرزا),501215,6
87342,3925,سازمان حاج یوسف ندیمی 2,501220,6
87343,3925,سازمان علی اکبراحمدی وبرادران,501276,6
87344,3926,الملی,242884,6
87345,3926,تلوین,242887,6
87346,3926,تواز,242888,6
87347,3926,چشمه نی,242891,6
87348,3926,حق الخواجه,242894,6
87349,3926,خان علی خان,242895,6
87350,3926,مزرعه دشتیان,242899,6
87351,3926,سازمان پرویزملاخانی شماره 1,242902,6
87352,3926,سازمان حاج علی اصغرندیمی,242903,6
87353,3926,سازمان حاج محمدحسن وشرکا,242904,6
87354,3926,سازمان پرویزملاخانی شماره 2,242907,6
87355,3926,سازمان جغتاییها,242909,6
87356,3926,سنجه ای,242917,6
87357,3926,قوری دره پایین,242920,6
87358,3926,کاریزلی,242922,6
87359,3926,گزه سویی,242927,6
87360,3926,گلستان,242928,6
87361,3926,گمیش,242929,6
87362,3926,مزرعه رجبی,242930,6
87363,3926,نادان تپه,242933,6
87364,3926,نردین,242934,6
87365,3926,مزرعه بسته,500519,6
87366,3926,مزرعه حاج محموداسماعیلی,500521,6
87367,3926,مزرعه شیخ سعیدصادق زاده,500522,6
87368,3926,مزرعه محمدسجادی,500523,6
87369,3926,میدانجیق,500525,6
87370,3926,سازمان پرویز ملاخانی شماره 2,500965,6
87371,3926,سازمان فرخ مقصودی,500966,6
87372,3926,سازمان رضوانی,500967,6
87373,3926,سازمان محمدرضوانی,501044,6
87374,3926,سازمان قاهری,501045,6
87375,3926,سازمان حاج علی نوروزی,501048,6
87376,3926,سازمان دکتر حسینی,501049,6
87377,3926,سازمان محمدرجب زاده,501050,6
87378,3926,سازمان رجبعلی محمدیان,501212,6
87379,3926,سازمان مرادعلی حمیدی,501315,6
87380,3927,اسد آباد,240292,6
87381,3927,اسفرزنه,240293,6
87382,3927,آل دره,240296,6
87383,3927,امامزاده محمدبن زید,240300,6
87384,3927,امامزاده مصیب,240301,6
87385,3927,امیر آباد,240302,6
87386,3927,ایچ,240303,6
87387,3927,ایستگاه سرخدشت,240305,6
87388,3927,ایستگاه لاهورد,240307,6
87389,3927,بخش آباد,240309,6
87390,3927,برکیان,240310,6
87391,3927,بیابانک,240311,6
87392,3927,بیدان,240312,6
87393,3927,بی سیم شماره 3مخابرات,240316,6
87394,3927,غیاث آباد,240319,6
87395,3927,جمشید آباد,240320,6
87396,3927,رضا آباد,240321,6
87397,3927,جوین,240322,6
87398,3927,جهان آباد,240323,6
87399,3927,چالدان,240324,6
87400,3927,حاجی آباد,240325,6
87401,3927,حاجی آباد,240326,6
87402,3927,مزرعه حسین آباد/صادق آباد/,240327,6
87403,3927,دامداری سفیددشت,240329,6
87404,3927,دوروان,240330,6
87405,3927,دهاقین,240331,6
87406,3927,مزرعه حسین آباد/ صادق آبا,240332,6
87407,3927,رامه دره,240333,6
87408,3927,سفیدمیدان,240336,6
87409,3927,مزرعه سعادت آبا,240338,6
87410,3927,سنجده,240340,6
87411,3927,سید آباد,240341,6
87412,3927,سینک چال,240343,6
87413,3927,شاه مرگ,240344,6
87414,3927,کوره آجر قد,240345,6
87415,3927,کوره آجر وحدت,240346,6
87416,3927,شوراب,240347,6
87417,3927,مزرعه صفاییه,240348,6
87418,3927,صوفی آباد,240349,6
87419,3927,طالب آباد,240350,6
87420,3927,عبداله آباد بالا,240351,6
87421,3927,عبداله آباد پایین,240352,6
87422,3927,عربه چال,240353,6
87423,3927,عطیه,240354,6
87424,3927,علی آباد,240356,6
87425,3927,قادر آباد,240357,6
87426,3927,کارخانه سمنان گچ,240359,6
87427,3927,مزرعه کچال,240364,6
87428,3927,گزه بن,240366,6
87429,3927,کارخانه گچ لاسجرد,240370,6
87430,3927,کهنه ده,240371,6
87431,3927,گیوه,240374,6
87432,3927,مزرعه لهرد,240376,6
87433,3927,لاسجرد,240377,6
87434,3927,محمد آباد,240381,6
87435,3927,محمد آباد,240382,6
87436,3927,محمود آباد,240383,6
87437,3927,مراد آباد,240384,6
87438,3927,ونه مرگ,240385,6
87439,3927,مسیح آباد,240387,6
87440,3927,مظفر آباد,240389,6
87441,3927,معدن گچ زیوان,240392,6
87442,3927,مه آباد,240398,6
87443,3927,مزرعه مهدی آباد,240399,6
87444,3927,نصر آباد,240400,6
87445,3927,نصردره,240401,6
87446,3927,نظامی,240402,6
87447,3927,نیم ایستگاه سفیدمیدان,240405,6
87448,3927,هفت چشمه,240407,6
87449,3927,همت آباد,240408,6
87450,3927,کوره آجر سرخه دژ,240411,6
87451,3927,تلخ آب,500203,6
87452,3927,خردره,500205,6
87453,3927,رستوران لقمه سرا,500206,6
87454,3927,کارخانه گچ رنگین کمان,500210,6
87455,3927,کارخانه سیم و کابل شاهین,500211,6
87456,3927,دامداری مجیدی,500213,6
87457,3927,کوله,500214,6
87458,3927,مرغداری سیه چشم,500221,6
87459,3927,مرغداری شفق,500222,6
87460,3927,مرغداری عزت پیوندی,500223,6
87461,3927,مرغداری محمدعرب شماره 1,500224,6
87462,3927,مرغداری شرکت تعاونی شماره 7,500226,6
87463,3927,مزرعه ابراهیم پیوندی,500227,6
87464,3927,رستوران جمشید آباد,500228,6
87465,3927,ناحیه صنایع روستایی جهاد,500229,6
87466,3927,شرکت مرغ گوشتی کاشو,500899,6
87467,3927,ناحیه صنعتی سرخه,500900,6
87468,3927,شرکت کشاورزی دامپروری دیمه,500929,6
87469,3927,شرکت تولیدی کشاورزی دشت,500930,6
87470,3927,گروه مشاعی ثارالله,500931,6
87471,3927,گروه مشاعی کوثر,501000,6
87472,3927,شرکت مرغداری سپیدکالکی,501101,6
87473,3927,شرکت تعاونی مرغ گوشتی گروه یک افق,501103,6
87474,3927,شرکت تعاونی مرغداران سمنان نوین,501105,6
87475,3927,جواد آباد,501107,6
87476,3927,مرغداری شرکت تعاونی شماره 4رمضان,501109,6
87477,3927,مرغداری چاووش,501145,6
87478,3927,مرغداری کیمیانصر,501257,6
87479,3927,مرغداری افق کویر,501258,6
87480,3927,مرغداری مرغ ریز,501259,6
87481,3927,شرکت مرغ سپیدبال وطن,501261,6
87482,3927,مرغداری احسانی,501263,6
87483,3927,شرکت تعاونی مرغ توکل,501266,6
87484,3927,شرکت سمنان جوجه,501267,6
87485,3927,گاوداری اسیری,501270,6
87486,3927,مرغداری جهان آباد سرخه,501279,6
87487,3927,کارخانه پودر میکرو نیزه صنعتی,501281,6
87488,3927,شرکت سمنان تیهو(کشتارگاه ),501282,6
87489,3927,شرکت تعاونی سور مرغ,501286,6
87490,3927,کشتارگاه صنعتی طیور,501287,6
87491,3927,مرغداری سرخه کویر,501288,6
87492,3927,شرکت کشت و صنعت کومش گستر,501289,6
87493,3927,شرکت تعاونی مرغداری فرداد,501290,6
87494,3927,گاوداری عربیان,501303,6
87495,3927,دامپروری گوهردشت,501304,6
87496,3927,شرکت کربنات سدیم,501334,6
87497,3927,مزرعه آب برچی,501335,6
87498,3927,مرغداری سپید بال سرخه,596122,6
87499,3927,شرکت حمل و نقل آبتین بار,596123,6
87500,3927,شرکت حمل و نقل طلوع سمنان,596124,6
87501,3927,شرکت زرین سپاهان,596125,6
87502,3928,آب دلواد,240288,6
87503,3928,اروانه,240289,6
87504,3928,استالی,240291,6
87505,3928,اشنی,240294,6
87506,3928,افتر,240295,6
87507,3928,امامزاده عبداله,240299,6
87508,3928,پسکاردره,240318,6
87509,3928,خونار,240328,6
87510,3928,علی آباد,240355,6
87511,3928,کارخانه گچ سمنان پارس,240360,6
87512,3928,کارخانه گچ سمنان ساری,240361,6
87513,3928,گرده لش,240365,6
87514,3928,کارخانه گچ کوه سفید,240369,6
87515,3928,شرکت گچ فرشاد,240373,6
87516,3928,لوبره,240375,6
87517,3928,مجتمع صنعتی پایپوش,240378,6
87518,3928,مجتمع کوره گچ عدل,240379,6
87519,3928,معدن گچ امید,240390,6
87520,3928,معدن گچ سمنان,240393,6
87521,3928,معدن گل سرشور,240395,6
87522,3928,مومن آباد,240397,6
87523,3928,وی,240406,6
87524,3928,هواخورسو,240409,6
87525,3928,کارخانه گچ سیمین,240410,6
87526,3928,آبگرم,241210,6
87527,3928,چناران,241219,6
87528,3928,مزرعه کلیاب,241227,6
87529,3928,قرارگاه راهنمایی و رانندگی,500306,6
87530,3928,شرکت گچ سحر,500308,6
87531,3928,شرکت گچ کویر,500311,6
87532,3928,کارخانه گچ صدف,500312,6
87533,3928,کارخانه گچ مومن آباد,500313,6
87534,3928,گروه صنعتی,500314,6
87535,3928,موزاییک فردوس,500316,6
87536,3928,کارخانه گچ سمنان شمال,500851,6
87537,3928,معدن سرب,500853,6
87538,3928,کارخانه گچ صالح,501111,6
87539,3928,کارخانه گچ ایینه,501112,6
87540,3928,کارخانه پودر صنعتی,501143,6
87541,3928,کارخانه گچ امید,501178,6
87542,3928,شرکت مرغ کوه سفید سمنان,501180,6
87543,3928,شرکت مرغ نگاه صبا,501181,6
87544,3928,شرکت پرورش طیورسمنان,501183,6
87545,3928,کارخانه گچ کومش سمنان,501184,6
87546,3928,شرکت تعاونی معدنی اسکدر,501272,6
87547,3928,پلیس راه افتر,501273,6
87548,3928,مرغداری سمن توفان,501274,6
87549,3928,مرغداری سمنان کشاورز,501324,6
87550,3928,مجتمع گاوداری,596120,6
87551,3929,حسن آباد,182147,6
87552,3929,همت آباد,182150,6
87553,3929,علی آباد,182195,6
87554,3929,آب انبار حوض بلند,243849,6
87555,3929,آب انبار ربیع,243851,6
87556,3929,احمد آباد,243858,6
87557,3929,مزرعه آسمان,243862,6
87558,3929,الله آباد,243865,6
87559,3929,انارک,243867,6
87560,3929,انجیره نو/ دهکده توریستی فروردین,243870,6
87561,3929,بادامو,243871,6
87562,3929,بندر باشی,243875,6
87563,3929,بندر,243876,6
87564,3929,بید میان,243879,6
87565,3929,ثغوربند,243884,6
87566,3929,جهان شیر,243886,6
87567,3929,چامگو,243887,6
87568,3929,چاه بن رود,243888,6
87569,3929,چاه سر بالا,243891,6
87570,3929,چاه متک,243894,6
87571,3929,چاه ناصر,243895,6
87572,3929,چاه نرگس,243896,6
87573,3929,مرغداری حاجی آباد,243901,6
87574,3929,حسین آباد,243909,6
87575,3929,حوض هفت,243914,6
87576,3929,خشومین,243916,6
87577,3929,درچاهو,243923,6
87578,3929,درند,243925,6
87579,3929,دوکالی,243929,6
87580,3929,ده حالت,243931,6
87581,3929,ده سفید,243932,6
87582,3929,دهوک,243934,6
87583,3929,رباط پشت بادام,243937,6
87584,3929,رباط ریز آب,243939,6
87585,3929,رحمت آباد,243941,6
87586,3929,رودشور,243943,6
87587,3929,رهنشک,243944,6
87588,3929,زاجات,243945,6
87589,3929,زرک,243946,6
87590,3929,زمان آباد,243949,6
87591,3929,زیرکوه,243952,6
87592,3929,ساغند,243953,6
87593,3929,ساربان,243954,6
87594,3929,سنجد,243959,6
87595,3929,شفیع آباد,243966,6
87596,3929,شوراب,243967,6
87597,3929,شهرنو,243968,6
87598,3929,قاسم آباد,243980,6
87599,3929,کاهو,243982,6
87600,3929,گزستان,243989,6
87601,3929,گلریز,243990,6
87602,3929,مغستان اکبر,243996,6
87603,3929,مروک,244003,6
87604,3929,مزرعه احمد,244004,6
87605,3929,مزرعه احمد,244005,6
87606,3929,مزرعه آقا,244007,6
87607,3929,مزرعه بالا,244010,6
87608,3929,مزرعه بزرگ,244012,6
87609,3929,مزرعه حاج لطفعلی,244016,6
87610,3929,مزرعه حاجی,244017,6
87611,3929,مزرعه حاجی آقا,244018,6
87612,3929,مزرعه حاجی باقر,244019,6
87613,3929,مزرعه حاجی حسن,244020,6
87614,3929,حاجی علی بیک,244022,6
87615,3929,مزرعه حیدر,244024,6
87616,3929,مزرعه خوش,244025,6
87617,3929,مزرعه سلیمان,244027,6
87618,3929,مزرعه شهید محمد حسن رجبی,244028,6
87619,3929,مزرعه محمد رحیم,244029,6
87620,3929,مزرعه اکبر,244032,6
87621,3929,مزرعه نو,244034,6
87622,3929,مجتمع آهن چادرملو,244038,6
87623,3929,معدن چاه رمضان,244042,6
87624,3929,معدن سرب انجیره,244046,6
87625,3929,مهدی آباد,244054,6
87626,3929,میل سفید,244057,6
87627,3929,نفیس آباد,244060,6
87628,3929,نیوک,244061,6
87629,3929,هامانه,244063,6
87630,3929,آب انبار سورک,244069,6
87631,3929,مزرعه خیرآبادیها,290201,6
87632,3929,آب انبار کارگر,510037,6
87633,3929,حوض رضا,510038,6
87634,3929,حوض اسکمبیلو,510039,6
87635,3929,سازمان انرژی اتمی,510040,6
87636,3929,حوض سینه لردنبه شورو,510041,6
87637,3929,چاه آب آشامیدنی رباط پشت بادام,510042,6
87638,3929,چاه شمسی,510043,6
87639,3929,حوض چهار,510046,6
87640,3929,مزرعه پائین,510048,6
87641,3929,مزرعه قاسم آباد,510049,6
87642,3929,حوض اداره راه,510050,6
87643,3929,حوض حاجی علی اکبر,510051,6
87644,3929,آب انبار حوض نه,510053,6
87645,3929,حوض محمود,510054,6
87646,3929,کارگاه شرکت توسعه راهها,510056,6
87647,3929,مزرعه علی شمسی,510063,6
87648,3929,کارگاه شرکت راهسازی توسعه راهها,511215,6
87649,3929,ایستگاه راه آهن نی باد,511801,6
87650,3929,مجتمع پرواربندی شترداران,511802,6
87651,3929,شرکت معدن رباط سنگ معدن آهن,511803,6
87652,3929,ایستگاه تقویت تلویزیون خورشید رباط,511804,6
87653,3929,حوض سفید,511806,6
87654,3929,رباط ساغند,511807,6
87655,3929,شرکت تعاونی معدن صدف زرین یزد,511808,6
87656,3929,ایستگاه راه آهن ساغند,511809,6
87657,3929,پرورش یوز ایرانی,511810,6
87658,3929,همت اباد,511811,6
87659,3929,آب انبار بنیاد مسکن,511812,6
87660,3929,آب بالا,511857,6
87661,3929,معدن قانع,511858,6
87662,3929,مزرعه سفیدان,511869,6
87663,3929,ایستگاه راه آهن جندق,821036,6
87664,3929,مزرعه شهید حسین مؤمنی زاده,821037,6
87665,3929,مرغداری خبیری,821038,6
87666,3929,لاشه آهکی تختی,821335,6
87667,3929,مجتمع صنعتی پایا فولاد کویر,821457,6
87668,3929,معدن بالکلی,821741,6
87669,3929,مزرعه عباسعلی مومنی,821742,6
87670,3929,مرغداری احمد آباد,821743,6
87671,3929,گیلور,821744,6
87672,3929,شرکت خزر آسیا چانتک,821854,6
87673,3929,معدن فلدسپات سدیک هاتفی,821855,6
87674,3929,دکل مخابراتی,821856,6
87675,3929,معدن گل کاشی,821857,6
87676,3929,کارگاه شرکت توسعه راهها,821858,6
87677,3929,شرکت شن سازی ریبار,821859,6
87678,3929,دکل مخابرات,821860,6
87679,3929,مرغداری احمد مظفری,821861,6
87680,3929,مرغداری مهدی فتحی,821862,6
87681,3929,شترداری جلال مظفری,821863,6
87682,3929,بوکن کال اشکف,821864,6
87683,3929,حوض اول,821865,6
87684,3929,آب انبار,821866,6
87685,3929,چاه شور,821867,6
87686,3929,شرکت سیمین سپاهان,821869,6
87687,3929,ایستگاه فیبر نوری ساغند,821871,6
87688,3929,چاه آب آشامیدنی قدیم,821872,6
87689,3929,آب انبار ریز آب,821874,6
87690,3929,چاه نور,821875,6
87691,3929,معدن تنگه زرین اردکان فولادی,821876,6
87692,3929,خاک صنعتی نفیس آباد 2,821877,6
87693,3929,معدن سنگ آهن درند,821878,6
87694,3929,مزرعه علی احمدزاده,821879,6
87695,3929,معدن آهن نفیس آباد,821881,6
87696,3929,مرغداری شرکت تعاونی 90 یزد,821882,6
87697,3929,کارخانه گندله سازی ( در حال ساخت ),921303,6
87698,3929,آب انبار کلوت سیاه,921630,6
87699,3929,چاه زیربان,921631,6
87700,3929,خاک صنعتی نفیس آباد,921632,6
87701,3929,سنگ آهن خرانق 2,921633,6
87702,3929,سنگ آهن هامون,921634,6
87703,3929,خاک صنعتی تلخک,921635,6
87704,3929,نمک صنعتی داعی,921636,6
87705,3929,پاسگاه رباط پشت بادام,921640,6
87706,3929,مرغ گوشتی معصومه آباد,921641,6
87707,3929,مرغداری عابدین فتحی,921642,6
87708,3929,شتر مرغ یاسایی,921643,6
87709,3929,مرغداری محمود طاهری,921644,6
87710,3929,مرغداری عباس طاهری,921645,6
87711,3929,ایستگاه راه آهن رباط پشت بادام,921646,6
87712,3929,ایستگاه راه آهن خنج,921647,6
87713,3929,ایستگاه راه آهن رمل,921648,6
87714,3929,سایت ترویج گونه های بیابانی,921649,6
87715,3929,فلدسپات چاه نتک,921650,6
87716,3929,ایستگاه محیط زیست,921651,6
87717,3929,سنگ شکن سیمون پارس جنوب,921652,6
87718,3929,مزرعه محمد حسن افخمی,921653,6
87719,3929,مرغداری اسدی پور,921654,6
87720,3929,مزرعه شهید ناظمی,921655,6
87721,3929,خاک صنعتی میل سفید,921656,6
87722,3929,مزرعه عبدی,921657,6
87723,3929,خاک صنعتی سنگرد خرانق,921658,6
87724,3929,خاک صنعتی چک چک,921659,6
87725,3929,آب انبار شهید بهجتی,921660,6
87726,3929,مرمریت رزماری چک چک,921662,6
87727,3929,کلسیت چک چک,921663,6
87728,3929,مرغداری هاشمیان,921664,6
87729,3929,کارخانه آهک ایساتیس,921665,6
87730,3929,بوکسیت چک چک,921666,6
87731,3929,خاک صنعتی رحمان,921730,6
87732,3930,حاجی آباد زرین,182145,6
87733,3930,مزرعه حسین قلی,182149,6
87734,3930,آب انبار حاج احمد,243846,6
87735,3930,آب انبار حاج عبدالوهاب,243847,6
87736,3930,آب انبار چقا سفید,243850,6
87737,3930,اشتونک,243863,6
87738,3930,انجیراوند,243868,6
87739,3930,بوش کوهان,243877,6
87740,3930,بونشک,243878,6
87741,3930,بیشه دمکوه,243880,6
87742,3930,پتکستان,243881,6
87743,3930,توت,243883,6
87744,3930,چاهوک,243897,6
87745,3930,چنارک,243900,6
87746,3930,حسن اباد,243904,6
87747,3930,حسین اباد,243908,6
87748,3930,حوض ولی,243913,6
87749,3930,داربند,243918,6
87750,3930,ددشک,243920,6
87751,3930,دربستگان,243921,6
87752,3930,دمدک,243928,6
87753,3930,رنجقان,243942,6
87754,3930,زرین,243947,6
87755,3930,زهره مهر,243951,6
87756,3930,سرتمک,243955,6
87757,3930,سرشک,243957,6
87758,3930,شرکت هفت تیر,243965,6
87759,3930,عباس آباد,243970,6
87760,3930,عباس آباد,243971,6
87761,3930,علی قلی,243978,6
87762,3930,فیض آباد,243979,6
87763,3930,کپو,243983,6
87764,3930,کرمین,243984,6
87765,3930,گروه کشاورزی شهید رجائی,243987,6
87766,3930,گزستان,243988,6
87767,3930,محمد آباد,243998,6
87768,3930,مزرعه غلامعلی/ عمو غلام,244015,6
87769,3930,مزرعه مفیدی,244031,6
87770,3930,مزرعه میرها,244033,6
87771,3930,مزرعه نو,244035,6
87772,3930,معدن باریت آبشور,244039,6
87773,3930,معدن نمک,244052,6
87774,3930,نارستان,244058,6
87775,3930,آب انبار جنگلبانی,244068,6
87776,3930,آب انبار و آغل قدمعلی,510031,6
87777,3930,حوض حاجی خان,510032,6
87778,3930,گروه کشاورزی فجر,510033,6
87779,3930,کارحانه تولید اکسید اورانیوم شهید رضایی نژاد,510034,6
87780,3930,سرخوک,510069,6
87781,3930,نوران کشت,511279,6
87782,3930,چر,511442,6
87783,3930,معدن باریت کوه دگمه,511443,6
87784,3930,معدن باریت کالمارو,511444,6
87785,3930,معدن باریت کوه احیاء,511445,6
87786,3930,آب انبار جلال رنجغانی,511814,6
87787,3930,حوض حاجی آباد,511815,6
87788,3930,شرکت تعاونی معدنی فلورین اشرف,511816,6
87789,3930,معدن گل گدار شور/ یاقوت ظفر,511817,6
87790,3930,معدن گل کاشی میبد,511861,6
87791,3930,مزرعه سرلای کوه,821039,6
87792,3930,فلدسپات کریستال/ چقا سفید,821379,6
87793,3930,معدن سیلیس زاغو,821740,6
87794,3930,سکمورز,821868,6
87795,3930,کارگاه شرکت جهاد نصر,821883,6
87796,3930,آب انبار میرها,821884,6
87797,3930,یادبود شهید محمد رضا فتاحی,821885,6
87798,3930,حوض شکوهی,821886,6
87799,3930,آب انبار بنیاد مسکن,821887,6
87800,3930,معدن سرب و روی,821888,6
87801,3930,ایستگاه راه آهن زرین,821889,6
87802,3930,آب انبار مجید,921601,6
87803,3930,معدن فلدسپات رفیعی,921605,6
87804,3930,خاک صنعتی مروارید اردکان,921606,6
87805,3930,معدن فلدسپات بهجتی/عربون,921607,6
87806,3930,خاک صنعتی مهدیه,921608,6
87807,3930,معدن دشتک دالمه,921609,6
87808,3930,نمازخانه معدن فاطمیه,921610,6
87809,3930,خاک صنعتی کوه گاره,921611,6
87810,3930,فلدسپات فلات اردکان,921612,6
87811,3930,معدن فاطمیه اردکان,921613,6
87812,3930,خاک صنعتی غرب گدار شور,921614,6
87813,3930,سنگ شکن مروتی,921615,6
87814,3930,آغل و آب انبار حیدری,921616,6
87815,3930,خاک صنعتی الماس کویر توت,921617,6
87816,3930,فلدسپات پارس اردکان,921618,6
87817,3930,خاک صنعتی یاس,921619,6
87818,3930,آب انبار شهدای جنت آباد,921620,6
87819,3930,فلدسپات کوه چقات,921621,6
87820,3930,سیلیس و خاک صنعتی کوه دندانه,921622,6
87821,3930,چاه و آغل غلام رضا,921623,6
87822,3930,آغل علی قلی,921624,6
87823,3930,گچ کریستال سالاری,921625,6
87824,3930,معدن فلدسپات ناصر/ زاغو,921626,6
87825,3930,معدن فلدسپات زرین,921627,6
87826,3930,معدن فلدسپات مزرعه علی قلی,921628,6
87827,3930,ایستگاه ریگ,921629,6
87828,3931,آب انبار اسماعیل,243845,6
87829,3931,آب انبار رمضان شورکی,243852,6
87830,3931,چک چک,243899,6
87831,3931,حوض شهریار,243912,6
87832,3931,دالمه,243919,6
87833,3931,رباط انبار حوض گور و مسجدالحسین,243936,6
87834,3931,شرکت شهید بهشتی/ احمدآبادیها,243962,6
87835,3931,شرکت کشاورزی و دامپروری واحد,243963,6
87836,3931,عشق آباد/ چاه دلاور,243973,6
87837,3931,مزرعه بمانعلی افخمی,244013,6
87838,3931,مزرعه سادات,244026,6
87839,3931,آب انبار معدن سولاخو,244048,6
87840,3931,معدن شن و ماسه بنیاد مسکن,244049,6
87841,3931,آب انبار جعفر,244315,6
87842,3931,آب انبار عمر شیخ,244316,6
87843,3931,بهاءالدین آباد,244320,6
87844,3931,ترک اباد,244321,6
87845,3931,شرکت تعاونی کبیر خودرو دیزل اردکان,244322,6
87846,3931,پارک جنگلی شهید پایدار,244323,6
87847,3931,چهار بازار,244325,6
87848,3931,خلیل آباد,244327,6
87849,3931,زردوک,244328,6
87850,3931,شورابه,244331,6
87851,3931,صالح آباد,244334,6
87852,3931,علی آباد حاجی صفر,244336,6
87853,3931,علی آباد حاجی هاشم,244337,6
87854,3931,علی آباد وزیر,244339,6
87855,3931,فیض آباد,244340,6
87856,3931,کاظم آباد,244345,6
87857,3931,کمال آباد,244348,6
87858,3931,شرکت آجر سفید زار,244350,6
87859,3931,کوره آجر صدف نو,244353,6
87860,3931,شهرک صنعتی اردکان,244355,6
87861,3931,مرغداری فتوحی مقدم,244358,6
87862,3931,مرغداری گوشتی والفجر,244361,6
87863,3931,مرغداری ولی عصر,244362,6
87864,3931,مزرعه سید علی,244366,6
87865,3931,مزرعه عبداله,244368,6
87866,3931,معدن سنگ آهک طلاورزان,244370,6
87867,3931,مهدی آباد,244374,6
87868,3931,میرک آباد,244375,6
87869,3931,شرکت میلشبار,244376,6
87870,3931,نظام آباد میرشاه,244378,6
87871,3931,هاشم آباد,244379,6
87872,3931,هریشت,244380,6
87873,3931,الله آباد,244472,6
87874,3931,ایستگاه راه آهن,244482,6
87875,3931,ایستگاه راه آهن پا گنده,244483,6
87876,3931,ایستگاه راه آهن چاه افضل,244484,6
87877,3931,ایستگاه سرو,244487,6
87878,3931,ایستگاه کویر زدایی شهید صدوقی,244490,6
87879,3931,ایستگاه ماکروویو هفتادر,244491,6
87880,3931,چاه افضل,244507,6
87881,3931,حجت آباد,244525,6
87882,3931,حسن آباد انارکی,244527,6
87883,3931,مزرعه حاجی آباد چاه افضل,244619,6
87884,3931,دخمه,244917,6
87885,3931,مهدی آباد,290202,6
87886,3931,نیم ایستگاه چاه نو,510030,6
87887,3931,خیر آباد رجایی,510035,6
87888,3931,مهدی جعفری,510036,6
87889,3931,آب انبار حوض سفید,510070,6
87890,3931,علی آباد گلزار,510075,6
87891,3931,شرکت پیروزی,510076,6
87892,3931,آب انبار دق/ دو انباری,510077,6
87893,3931,مزرعه آب انبار حاج احمد,510078,6
87894,3931,آب انبار گله,510081,6
87895,3931,آب انبار دم کفتار,510082,6
87896,3931,آب انبار عالی,510083,6
87897,3931,آب انبار فرهاد,510085,6
87898,3931,شرکت آهک ره نیاز,510086,6
87899,3931,مجتمع گاوداری اردکان,510088,6
87900,3931,دامپروری سبحان,511262,6
87901,3931,چاه احرار/ چاه ولی عصر,511266,6
87902,3931,چاه عبدالهی,511267,6
87903,3931,چاه شهید بابایی,511268,6
87904,3931,چاه اردکان امید,511269,6
87905,3931,شرکت شاطری و محمودی,511270,6
87906,3931,شرکت کشاورزی و دامپروری شمال 1,511271,6
87907,3931,چاه عابد,511274,6
87908,3931,چاه میرزا حسینی,511275,6
87909,3931,چاه ثقفی,511276,6
87910,3931,چاه مختاری/ جلیل آباد,511277,6
87911,3931,احسان دشت,511278,6
87912,3931,چاه اشکذریها,511280,6
87913,3931,چاه ایثارگران,511281,6
87914,3931,چاه شیخ زاده,511282,6
87915,3931,مزرعه یاران,511605,6
87916,3931,سنگ شکن بعثت اردکان,511606,6
87917,3931,شرکت باریت اردکان,511607,6
87918,3931,چاه کشاورزی نمونه,511753,6
87919,3931,چاه حاج حسین اسلامی,511754,6
87920,3931,چاه چهل نفره,511756,6
87921,3931,مزرعه فجر آباد,511818,6
87922,3931,مجتمع ایثارگران,511819,6
87923,3931,شرکت ماکیان و آبزیان نمونه یزد ( زارع ),511862,6
87924,3931,ایستگاه رادیویی آیت اله خاتمی,511863,6
87925,3931,مزرعه ضیایی,524436,6
87926,3931,چاه کابل آباد,821048,6
87927,3931,کارخانه آسفالت میثاق,821049,6
87928,3931,مزرعه چهل گدا,821050,6
87929,3931,مزرعه تقی آباد,821051,6
87930,3931,ایستگاه راه آهن گلدانه,821052,6
87931,3931,شرکت ثمین مواد آریا,821053,6
87932,3931,چاه زارع,821055,6
87933,3931,ورزشگاه چند منظوره شهید سلیمانی,821441,6
87934,3931,مجتمع تولیدی ایزودژ,821745,6
87935,3931,شرکت پودر سازان اردکان,821746,6
87936,3931,مرغداری کمال شاکری,821747,6
87937,3931,چاه کشاورزی کرمان زمین ( علی آباد کوثر ),821748,6
87938,3931,چاه مجنون ( سبزه چاه ),821749,6
87939,3931,چاه داوود,821750,6
87940,3931,محمد آباد/ چاه آیت الهی,821751,6
87941,3931,چاه کشاورزی گلشید یزد,821752,6
87942,3931,چاه امام جمعه/ علی پهن,821753,6
87943,3931,چهل نفره شهید اکبری,821754,6
87944,3931,چاه دکتر اقبالی (چاه احباب 3 ),821755,6
87945,3931,چاه تعاونی 19 احمد محمدی احمد آبادی,821756,6
87946,3931,شرکت زراعی و دامپروری الماس کویر,821757,6
87947,3931,چاه عبداللهی,821758,6
87948,3931,چاه کوثر 1 معروف به حبیب شاکر,821759,6
87949,3931,چاه قادری,821760,6
87950,3931,آب انبار ثقفی,821890,6
87951,3931,معدن بالکلی,821892,6
87952,3931,تصفیه خانه فاضلاب اردکان,921269,6
87953,3931,کشت و صنعت مصیبی/ اکبر آباد,921576,6
87954,3931,مرغداری مجاهدین,921577,6
87955,3931,شهرک صنفی فنی کاران اردکان,921578,6
87956,3931,مجتمع دامداری چاه افضل,921581,6
87957,3931,پارک کوهستان اردکان,921583,6
87958,3931,پیست موتور سواری,921584,6
87959,3931,پرورش اسب یکتای اردکان,921585,6
87960,3931,خاک صنعتی حوض گور/ پورحسینی,921586,6
87961,3931,لاشه آهکی مهدی آباد,921587,6
87962,3931,لاشه آهکی کوهستان,921588,6
87963,3931,پرورش دام اوقاف,921589,6
87964,3931,مزار افاغنه,921590,6
87965,3931,کارخانه گچ حاجی ده آبادی,921591,6
87966,3931,محل تخلیه زباله,921592,6
87967,3931,زباله شهرداری,921593,6
87968,3931,سنگ شکن و دانه بندی هاتفی,921594,6
87969,3931,معدن متیری,921595,6
87970,3931,خاک صنعتی نگین اردکان,921596,6
87971,3931,خاک صنعتی دالمه,921597,6
87972,3931,خاک صنعتی و باریت گاریگون,921598,6
87973,3931,سیلیس و خاک صنعتی غزال,921599,6
87974,3931,ایستگاه منطقه حفاظت شده سیاه کوه,921600,6
87975,3931,پودر گستران حسام,921602,6
87976,3931,سنگ شکن نوین,921603,6
87977,3931,معدن مهندس فراست,921604,6
87978,3931,مزرعه شاه ویر,921661,6
87979,3932,مزرعه تقی,243844,6
87980,3932,ابراهیم‌آباد,244454,6
87981,3932,ارجنان,244459,6
87982,3932,ارموده,244461,6
87983,3932,ازرا قدیم,244463,6
87984,3932,آشتیانه,244464,6
87985,3932,افیک,244470,6
87986,3932,امامزاده سید نورالدین احمد,244473,6
87987,3932,امین‌آباد,244475,6
87988,3932,ایستگاه راه‌آهن اردکان,244480,6
87989,3932,ایستگاه راه‌آهن عقدا,244489,6
87990,3932,بکه,244495,6
87991,3932,بلیل,244496,6
87992,3932,پازر,244501,6
87993,3932,پولاب,244502,6
87994,3932,پینه کوه,244504,6
87995,3932,جعفر خان,244505,6
87996,3932,چاه حسینی,244511,6
87997,3932,چاه منتظر قائم,244521,6
87998,3932,چاه نو,244522,6
87999,3932,چفته,244524,6
88000,3932,مزرعه حسین‌آباد,244529,6
88001,3932,خواص کوه,244536,6
88002,3932,دوگان,244542,6
88003,3932,رحمت‌آباد,244543,6
88004,3932,زرآباد,244545,6
88005,3932,زرجوع,244548,6
88006,3932,سرچاه وراعون,244550,6
88007,3932,سرو سفلی,244551,6
88008,3932,شرکت عایق الهام,244558,6
88009,3932,شمس آباد,244560,6
88010,3932,شوره بالا,244564,6
88011,3932,شهر آباد,244566,6
88012,3932,عطرآباد,244574,6
88013,3932,فخرآباد,244575,6
88014,3932,شرکت آماکا,244582,6
88015,3932,کذابچه,244583,6
88016,3932,کورمیز,244585,6
88017,3932,مرغداری بناپور,244599,6
88018,3932,مرغداری چاه,244600,6
88019,3932,مرغداری چهارده جوانمرد,244601,6
88020,3932,مرغداری سید عباس فلاح,244605,6
88021,3932,مرغ میان,244607,6
88022,3932,مزرعه پاگنده,244614,6
88023,3932,مزرعه جنت‌آباد,244615,6
88024,3932,مزرعه حاجی‌آباد,244617,6
88025,3932,حسین‌آباد,244621,6
88026,3932,دگ دگ‌آباد,244623,6
88027,3932,مزرعه زایون,244624,6
88028,3932,مزرعه سلطان,244625,6
88029,3932,حجت آباد,244627,6
88030,3932,مزرعه شیخون,244628,6
88031,3932,مزرعه صدرآباد,244629,6
88032,3932,مزرعه عین علی,244634,6
88033,3932,مزرعه فیروزآباد,244635,6
88034,3932,امین‌آباد,244638,6
88035,3932,مزرعه میرزا حکیم,244639,6
88036,3932,مزرعه میرزا شفیع,244640,6
88037,3932,مزرعه نورآباد,244642,6
88038,3932,مزرعه هاشم‌آباد,244643,6
88039,3932,ولوسک,244658,6
88040,3932,هفتادر,244659,6
88041,3932,آب انبار معدن گچ,510016,6
88042,3932,بوکن ریزآب,510020,6
88043,3932,آب انبار سید مهدی,510021,6
88044,3932,آب انبار حاجی حسین,510022,6
88045,3932,آب انبار محمد خان,510023,6
88046,3932,بوکن اشک,510024,6
88047,3932,مزرعه محمدآباد,510025,6
88048,3932,مهرو,510026,6
88049,3932,ابراهیم آباد,510029,6
88050,3932,شرکت دامداری کوه دشت,511447,6
88051,3932,پادگان ولی عصر,511548,6
88052,3932,شرکت سیس وی,511604,6
88053,3932,مجتمع مرغداری ایثارگران,511859,6
88054,3932,مجتمع صتعتی گندله سازی چادرملو,511860,6
88055,3932,پارس بانو ( زیارتگاه زرتشتیان ),821042,6
88056,3932,مجتمع فولاد اردکان,821043,6
88057,3932,علی آباد کمالی,821044,6
88058,3932,کشتارگاه طیور,821045,6
88059,3932,شرکت الکتروگرانیتی اردکان,821046,6
88060,3932,مجتمع مرغداری های جاده فخر آباد ( فاز 1 ),821054,6
88061,3932,مرغداری علیرضا کریمی,821170,6
88062,3932,نیروگاه خورشیدی سدید,821440,6
88063,3932,مجتمع باربری های اردکان,821718,6
88064,3932,موتور خانه آب آشامیدنی عقدا,821719,6
88065,3932,مرغداری احمد مرادی,821720,6
88066,3932,مرغداری یدالله شیری,821761,6
88067,3932,کارگاه شن و ماسه عماد,821762,6
88068,3932,مجتمع مرغداریهای جاده فخر آباد( فاز 2 ),821817,6
88069,3932,چاه تحقیقاتی,821853,6
88070,3932,کاشی عرفان عقدا,821873,6
88071,3932,ایستگاه تنظیم فشار گاز عقدا,821880,6
88072,3932,معدن شن و ماشه بیکی,921543,6
88073,3932,دامداری مهدی جلیلی,921544,6
88074,3932,مصالح فروشی جواد رجال,921545,6
88075,3932,چاه قنات کوشک آباد,921546,6
88076,3932,مجتمع تعویض روغن آذرخش,921547,6
88077,3932,مرغداری سید عباس طباطبایی,921548,6
88078,3932,فلدسپات در عقدا,921549,6
88079,3932,معدن گچ کمکوه,921550,6
88080,3932,مرغداری روح ا.. موسوی,921556,6
88081,3932,سنگ آهن ارجنان,921557,6
88082,3932,سیلیس فرازکوه اردکان,921558,6
88083,3932,مخزن 3000 ارفع,921559,6
88084,3932,یکتا سرام,921560,6
88085,3932,فولاد حدید,921561,6
88086,3932,پتروشیمی میرجانی,921562,6
88087,3932,مجتمع باربری همیاران,921563,6
88088,3932,کاشی ایفا سرام,921564,6
88089,3932,کاشی ارم,921565,6
88090,3932,کاشی برج,921566,6
88091,3932,سها سرام,921567,6
88092,3932,راد شیمی,921568,6
88093,3932,کاشی بهمن,921569,6
88094,3932,آرمان سرام,921570,6
88095,3932,کاشی تندیس,921571,6
88096,3932,کارخانه آهک صنعتی دهیاریها,921572,6
88097,3932,فولاد تارا شمش,921573,6
88098,3932,فولاد هلال,921574,6
88099,3932,پست برق فولاد,921575,6
88100,3932,چاه منابع طبیعی,921579,6
88101,3932,مجتمع خدماتی باغ ایرانی,921580,6
88102,3932,صنایع فولاد نگین اردکان,921725,6
88103,3933,آب انبار صالحی,244452,6
88104,3933,آبگاه,244456,6
88105,3933,ارکان,244460,6
88106,3933,اشتیجه,244465,6
88107,3933,انارستان,244477,6
88108,3933,ایستگاه اشک,244481,6
88109,3933,ایستگاه ساسان,244486,6
88110,3933,ایستگاه شبنم,244488,6
88111,3933,ایستگاه هما,244492,6
88112,3933,بی سیم نو گنبد,244500,6
88113,3933,چاه باشه,244509,6
88114,3933,چاه زرجوع,244512,6
88115,3933,چاه نیوک,244523,6
88116,3933,حسن اباد,244526,6
88117,3933,چاه ریگ,244530,6
88118,3933,خانی آباد,244533,6
88119,3933,خلیل آباد,244535,6
88120,3933,دستگرد,244540,6
88121,3933,رد,244544,6
88122,3933,زاوه,244547,6
88123,3933,زینل آباد,244549,6
88124,3933,سرو علیا,244552,6
88125,3933,سفید کوه,244553,6
88126,3933,سفید کوه,244554,6
88127,3933,علی اباد,244572,6
88128,3933,قلعه خرگوشی,244579,6
88129,3933,کمکوه,244584,6
88130,3933,کی کوه,244587,6
88131,3933,گزستان,244588,6
88132,3933,محمد آباد,244592,6
88133,3933,مزرعه اسلام آباد,244595,6
88134,3933,مزرعه ملا,244637,6
88135,3933,ملکوه,244648,6
88136,3933,میر آباد,244652,6
88137,3933,وریسک,244657,6
88138,3933,یاغ میش,244662,6
88139,3933,پادگان آموزشی غدیر,401332,6
88140,3933,ماهان,510001,6
88141,3933,آغل سبز میشین,510003,6
88142,3933,آب انبار حاجی میرجم,510005,6
88143,3933,آب انبار میربمان,510006,6
88144,3933,آب انبار حاجی محمود,510010,6
88145,3933,والو,510011,6
88146,3933,اشکوه,510017,6
88147,3933,مرغداری تل سیاه/ شهید خوش جهان,511260,6
88148,3933,معدن سنگ رو باز گرانیت سبز,821047,6
88149,3933,بلدرچین فاتحی,821169,6
88150,3933,معدن سنگ شبنم یزد,821717,6
88151,3933,مرغداری محمد رضا مرادی,821763,6
88152,3933,مرغداری علی بابایی,821764,6
88153,3933,مرغداری طباطبایی,821765,6
88154,3933,مرغداری احمد نخعی,821766,6
88155,3933,شرکت معدنی آذرین یزد/گرانیت قرمز,821768,6
88156,3933,معدن سنگ گرانیت حضرت ابوالفضل,821769,6
88157,3933,معدن گرانیت قرمز سعیدی/ مینیاتوری,821770,6
88158,3933,مرغداری محمد علی سلیمی,821771,6
88159,3933,مرغداری محمد رضا خوان پایه,821772,6
88160,3933,مرغداری حسین یوسفی,821773,6
88161,3933,مرغداری محمد علی بمانی,821774,6
88162,3933,مرغداری حسین امینی,821775,6
88163,3933,مرغداری طحانی/ طبایی,821776,6
88164,3933,معدن خاک صنعتی یاس عقدا,921368,6
88165,3933,خاک صنعتی پرکوه عقدا,921378,6
88166,3933,خاک صنعتی چاه ریگ,921400,6
88167,3933,خاک صنعتی کوه سرخ عقدا,921401,6
88168,3933,فلدسپات سدیک صدف عقدا,921410,6
88169,3933,سنگ آهن چاه باشه 1,921431,6
88170,3933,خاک صنعتی پارسیان چاه ریگ,921432,6
88171,3933,فلدسپات خلیل آباد,921437,6
88172,3933,ایستگاه گاز نایین,921439,6
88173,3933,خاک صنعتی چاه باشه 3,921440,6
88174,3933,سرب و روی بهرام تاج,921443,6
88175,3933,آب انبار عزیزا... شیان,921456,6
88176,3933,فلدسپات زاوه,921496,6
88177,3933,معدن باریت محمدی,921511,6
88178,3933,دامداری مجتبی کریمیان,921516,6
88179,3933,چاه علی سوری,921530,6
88180,3933,سنگ آهن عقدا,921531,6
88181,3933,فلدسپات کوه ریگی,921532,6
88182,3933,پرورش شتر مرغ شاکری,921533,6
88183,3933,مرغداری سید مرتضی شاکری,921534,6
88184,3933,دامداری سید عیسی طبایی,921535,6
88185,3933,دامداری طباطبایی,921536,6
88186,3933,آب انبار و آغل حیدری,921537,6
88187,3933,آب انبار و آغل نامداری,921538,6
88188,3933,آغل دام رمضان ویسی,921539,6
88189,3933,آغل دام عباسعلی شکاری,921540,6
88190,3933,چشمه زرغاب,921541,6
88191,3933,آب انبار شاه یوسفی,921542,6
88192,3933,فلدسپات دشت هما,921552,6
88193,3933,خاک صنعتی قلعه خرگوشی,921553,6
88194,3933,مرغداری هادی باصری,921554,6
88195,3933,فلدسپات زینبیه هفتهر,921555,6
88196,3934,چاه چشمه/ چشمه مرتضی علی,244616,6
88197,3934,آغل حاجی حسین طالبی پور,245420,6
88198,3934,آغل حاجی محمد طالبی,245421,6
88199,3934,احمدآباد,245425,6
88200,3934,اسلام‌آباد,245426,6
88201,3934,اله‌آباد,245431,6
88202,3934,ایستگاه بهرام گور,245433,6
88203,3934,ایستگاه طبرکوه,245434,6
88204,3934,ایستگاه تلویزیون,245435,6
88205,3934,ایستگاه چاه خاور,245436,6
88206,3934,ایستگاه دره ریگ,245437,6
88207,3934,ایستگاه کاوه,245438,6
88208,3934,ایستگاه مهرداد,245439,6
88209,3934,باقرآباد,245442,6
88210,3934,پتکستان,245444,6
88211,3934,تراب‌آباد,245446,6
88212,3934,جمالیه,245450,6
88213,3934,جوادیه,245451,6
88214,3934,چاه اسلام‌آباد,245461,6
88215,3934,چاه الهیه,245463,6
88216,3934,چاه شماره یک,245467,6
88217,3934,چاه شهید بهشتی,245473,6
88218,3934,چاه صفائیه,245474,6
88219,3934,حاجی آباد,245481,6
88220,3934,حسن‌آباد/ اسمال‌آباد,245483,6
88221,3934,حسین‌آباد حاجی حسین,245487,6
88222,3934,حوض دیمه,245494,6
88223,3934,حوض میاندشت,245495,6
88224,3934,درند,245500,6
88225,3934,دشت خان,245502,6
88226,3934,رحمت‌آباد,245518,6
88227,3934,رستم‌آباد سفلی,245520,6
88228,3934,رضاییه,245522,6
88229,3934,رکن‌آباد,245523,6
88230,3934,سیف الدین,245532,6
88231,3934,شادکام,245533,6
88232,3934,شاه ولی,245534,6
88233,3934,شهرآباد,245540,6
88234,3934,صادق‌آباد,245542,6
88235,3934,صدرآباد,245543,6
88236,3934,آب ریز,245544,6
88237,3934,عباس‌آباد,245546,6
88238,3934,فاضلیه,245548,6
88239,3934,فیروزآباد,245550,6
88240,3934,قطرم,245553,6
88241,3934,گزو,245559,6
88242,3934,مبارکه,245561,6
88243,3934,محمدآباد,245562,6
88244,3934,محمدآباد,245563,6
88245,3934,محمدآباد قائمیه,245564,6
88246,3934,مرکز تقسیم آب ذوب آهن,245566,6
88247,3934,مزرعه گلستان,245568,6
88248,3934,معدن چغارت,245570,6
88249,3934,نورآباد,245582,6
88250,3934,نیو,245583,6
88251,3934,نیزارو,245585,6
88252,3934,وحدت‌آباد,245586,6
88253,3934,چاه شهدا,245591,6
88254,3934,عباس آباد,510092,6
88255,3934,کریم آباد,510096,6
88256,3934,مزرعه انقلاب,510098,6
88257,3934,شرکت تولیدی جبال بافق,510103,6
88258,3934,معدن مرمریت بیشه در,510104,6
88259,3934,پادگان قدس,510108,6
88260,3934,آغل گله,510110,6
88261,3934,آب انبار نفتو,510113,6
88262,3934,آغل غلامرضا دهقان,510116,6
88263,3934,دکل مخابرات,510117,6
88264,3934,آغل ابوالقاسم غلام زاده,510121,6
88265,3934,چشمه گوشین,510123,6
88266,3934,آغل عباس دهقان,510127,6
88267,3934,آغل اسکندر,510129,6
88268,3934,ایستگاه مانی,510131,6
88269,3934,چاه شرکت قدیری,511293,6
88270,3934,شرکت امکان ماسه شویی,511295,6
88271,3934,حسن آباد بخشی,511296,6
88272,3934,چاه فرهنگیان بافق,511304,6
88273,3934,محمد آباد چاه زرکش,511305,6
88274,3934,نخلستان یزد چاه سوزنی,511306,6
88275,3934,چاه فرهنگیان یزد,511307,6
88276,3934,چاه شرکت گوشت شماره 1,511309,6
88277,3934,چاه انصار,511310,6
88278,3934,چاه شرکت نخل کاران,511311,6
88279,3934,ایستگاه تحقیقات شتر,511317,6
88280,3934,ایستگاه تحقیقات شیلاتی,511318,6
88281,3934,سیمان سفید همگامان,511319,6
88282,3934,شرکت ذوب روی بافق,511320,6
88283,3934,دانشگاه آزاد اسلامی بافق,511321,6
88284,3934,منبع آب شهرداری,511543,6
88285,3934,شرکت کیمیا سنگ زاگرس,511544,6
88286,3934,چاه کارمندان دولت,511550,6
88287,3934,چاه پیشتازان/ محمدآباد احمدیه,511551,6
88288,3934,مهدی آباد,511593,6
88289,3934,چاه کشاورزی فرودس 6,511729,6
88290,3934,بوستان شهدای بافق,511730,6
88291,3934,مسجد ابوالفضل,511731,6
88292,3934,چاه گلدشت,511732,6
88293,3934,چاه قویدل,511733,6
88294,3934,مجتمع چاه های کشاورزی,511734,6
88295,3934,چاه های آب و فاضلاب,511735,6
88296,3934,پادگان قدس سپاه,511736,6
88297,3934,شهرک صنعتی بافق,511843,6
88298,3934,مجتمع چاه بیکاران,511844,6
88299,3934,عربون,511854,6
88300,3934,شرکت کاشی و سرامیک زمرد بافق,511867,6
88301,3934,عادل آباد,511868,6
88302,3934,مزرعه باقری,821168,6
88303,3934,چاه لادن کویر,821382,6
88304,3934,چاه کشاورزی فتح آباد,821383,6
88305,3934,صحرای رحیم آباد,821384,6
88306,3934,گردان 1 آموزشی,821385,6
88307,3934,آهن و فولاد دشت خوشرنگ,821436,6
88308,3934,فولاد مهرگان سهیل,821437,6
88309,3934,کارخانه آسفالت فرزاد برادران,821438,6
88310,3934,ایستگاه گاز ذوب و روی,821439,6
88311,3934,مجتمع مرغداری ایثارگران,821777,6
88312,3934,چاه زمزم,821778,6
88313,3934,مزرعه وحدت,821779,6
88314,3934,چاه شترداران,821780,6
88315,3934,چاه نیروی انتظامی,821781,6
88316,3934,چاه جنت آباد,821782,6
88317,3934,شرکت تعاونی شن و ماسه صدف کویر,821783,6
88318,3934,مجتمع پرورش ماهی بافق,821784,6
88319,3934,معدن زاغیا,821893,6
88320,3934,مزرعه حجت آباد,821894,6
88321,3934,پست 400 کیلو واتی بافق,921279,6
88322,3934,معدن آنومالی شمالی,921280,6
88323,3934,آب مرغان,921281,6
88324,3934,معدن مرمریت بافق,921282,6
88325,3934,چاه خاکی,921289,6
88326,3934,حاجی آباد,921295,6
88327,3934,پارک کوهستان بافق,921302,6
88328,3934,ایستگاه دکل رادیویی,921307,6
88329,3934,چاه خاور,921308,6
88330,3934,معدن سنگ آهن و خاک صنعتی طبرکوه,921309,6
88331,3934,چاه شماره 1 شرکت طلوع شمس شرافت,921310,6
88332,3934,کوره آجر فشاری زرین بافق,921311,6
88333,3934,مرغداری سید حسین میرمحمدی,921312,6
88334,3934,چاه منابع طبیعی,921313,6
88335,3934,تصفیه خانه فاضلاب بافق,921314,6
88336,3934,چاه شماره 1 شرکت ذوب آهن,921315,6
88337,3934,اراضی شرکت تعاونی دهیاریها,921316,6
88338,3934,مجموعه حمل و نقلی بافق,921317,6
88339,3934,چاه ادوری,921318,6
88340,3934,مخزن انتقال آب بهاباد,921319,6
88341,3934,پارک وحشی بافقی,921320,6
88342,3934,ایستگاه راه آهن بیشه در,921321,6
88343,3934,معدن آنومالی 2A,921322,6
88344,3934,مخزن انتقال آب بهاباد,921323,6
88345,3934,کمپ کویری شن و شادن,921324,6
88346,3934,مجتمع گاو شیری بافق,921325,6
88347,3934,پمپ بنزین,921326,6
88348,3934,سنگ آهن ستاره کویر دربید,921729,6
88349,3934,ایستگاه راه آهن اضطراری 25,921794,6
88350,3934,فلدسپات آراد خاک بافق,921795,6
88351,3934,موقعیت شهید محسن حججی,921796,6
88352,3934,خاک صنعتی تل بهرام گور,921797,6
88353,3934,سنگ آهن آرتین,921798,6
88354,3934,چشمه درویش,921799,6
88355,3934,محل دفن زباله,921800,6
88356,3935,احمد آباد,101966,6
88357,3935,برکوییه,101998,6
88358,3935,بساب,101999,6
88359,3935,بشگان,102000,6
88360,3935,بید بشکون/ ده احمدی,102010,6
88361,3935,تاشکوییه,102019,6
88362,3935,ترشی شوییه,102020,6
88363,3935,جعفر آباد,102029,6
88364,3935,جلال آباد,102032,6
88365,3935,جوزوییه سفلی,102036,6
88366,3935,جوزوییه علیا,102037,6
88367,3935,چناروییه,102044,6
88368,3935,حسین آباد,102056,6
88369,3935,حکیم آباد,102062,6
88370,3935,خوسف,102067,6
88371,3935,ده ملک,102113,6
88372,3935,دهنوییه,102128,6
88373,3935,سعید آباد,102149,6
88374,3935,سمباتو,102151,6
88375,3935,شریف آباد,102157,6
88376,3935,علی آباد بساب,102174,6
88377,3935,فیروز آباد,102181,6
88378,3935,کبیروئیه,102184,6
88379,3935,کبوییه,102185,6
88380,3935,کرمانی,102188,6
88381,3935,گرگین آباد,102204,6
88382,3935,لطف آباد,102217,6
88383,3935,محمود آباد,102219,6
88384,3935,منصوری,102230,6
88385,3935,موری آباد,102232,6
88386,3935,مومن آباد,102233,6
88387,3935,نصرت آباد,102237,6
88388,3935,همت آباد,102242,6
88389,3935,اکبر آباد,245430,6
88390,3935,باجگان,245441,6
88391,3935,پای یکه بنه,245443,6
88392,3935,چاه صفائی,245475,6
88393,3935,دولت آباد,245503,6
88394,3935,ده کوچک,245508,6
88395,3935,دهک علیا,245513,6
88396,3935,دهنو رضویه,245516,6
88397,3935,شرکت طلوع,245536,6
88398,3935,شیطور,245541,6
88399,3935,فرح آباد,245549,6
88400,3935,مزرعه آخوند,245567,6
88401,3935,حوض آقا سید محمد,510132,6
88402,3935,آغل سید حسن حسینی,510133,6
88403,3935,آغل حسین آقائی,510134,6
88404,3935,آغل کریم,510136,6
88405,3935,مجتمع آب آشامیدنی سبز دشت,510138,6
88406,3935,آغل افطار,510140,6
88407,3935,کوشکوئیه,510144,6
88408,3935,رسول آباد,510147,6
88409,3935,ده محمدزینل,510149,6
88410,3935,دشتی خان,510150,6
88411,3935,محمد آباد گودگینستان,510151,6
88412,3935,ریگ آباد,510173,6
88413,3935,بیدوییه,511162,6
88414,3935,کوثرریز,511163,6
88415,3935,ده ولایت,511164,6
88416,3935,خرم آباد,511166,6
88417,3935,اسپیداران,511219,6
88418,3935,علی حسینا,511224,6
88419,3935,حسین آباد گودگینستان,511225,6
88420,3935,عزیز آباد,511226,6
88421,3935,رضوان,511227,6
88422,3935,چرمیز,511228,6
88423,3935,اکبر آباد,511229,6
88424,3935,ده لردو,511230,6
88425,3935,علی آباد گودگینستان,511231,6
88426,3935,بیدان پنج,511552,6
88427,3935,بهجت آباد,511845,6
88428,3935,پایگاه حفاظتی ارستان,821380,6
88429,3935,معدن سرب و روی کوه قلعه,821962,6
88430,3935,چاه آب بساب,921331,6
88431,3935,پرواربندی اصغر کرمانی نسب,921332,6
88432,3935,مرغداری حمید محمودی,921333,6
88433,3936,سندو,245152,6
88434,3936,مهدی آباد,245210,6
88435,3936,آب سنگ,245419,6
88436,3936,باغدر,245440,6
88437,3936,تلخ آب,245447,6
88438,3936,جلال آباد,245449,6
88439,3936,جوزی,245452,6
88440,3936,چاه آب معدن کوشک,245460,6
88441,3936,چاهو,245478,6
88442,3936,چشمه پیروزی,245480,6
88443,3936,حسین آباد,245485,6
88444,3936,هرمزان بالا,245491,6
88445,3936,خودیان,245497,6
88446,3936,دارستان,245498,6
88447,3936,دره گزین,245501,6
88448,3936,ده مزرعه,245509,6
88449,3936,ده میرزا احمد,245510,6
88450,3936,دهنو,245515,6
88451,3936,سردروزی,245525,6
88452,3936,سید آباد,245530,6
88453,3936,سیروس آباد,245531,6
88454,3936,ده شمس الدین,245538,6
88455,3936,شوراب,245539,6
88456,3936,عباس آباد رستگار,245547,6
88457,3936,قاسم آباد,245551,6
88458,3936,کوشک,245557,6
88459,3936,گزستان,245558,6
88460,3936,گله گرد,245560,6
88461,3936,مزرعه محمد حسین لنگ,245569,6
88462,3936,معدن سه چاهون,245571,6
88463,3936,معدن کوشک,245572,6
88464,3936,ناریگان,245577,6
88465,3936,ندکوه علیا,245579,6
88466,3936,ندگان,245580,6
88467,3936,نگنگون,245581,6
88468,3936,همسک,245588,6
88469,3936,منطقه اکتشافی ناریگان,245592,6
88470,3936,چشمه سه چاهون,510176,6
88471,3936,آغل علی مهدوی,510177,6
88472,3936,چشمه اسفوری,510178,6
88473,3936,آغل میرزا محمد,510179,6
88474,3936,آغل محمد آقابابا,510180,6
88475,3936,مجتمع فسفات آسفوردی,510181,6
88476,3936,چاه پاراف,510182,6
88477,3936,مرغداری حسین آباد برادری ( شرکت سفید مرغ کوهستان ),510187,6
88478,3936,مزرعه چاه تی روز,510188,6
88479,3936,آغل سرته,510189,6
88480,3936,محمد آباد خالق دادی,510192,6
88481,3936,هریسک علیا,510196,6
88482,3936,آغل میرزا تقی شریعتی,510197,6
88483,3936,آغل خاله خدیجه,510198,6
88484,3936,آغل خان بادام,510199,6
88485,3936,آغل دره سیاه,510201,6
88486,3936,آغل ملا محمد,510203,6
88487,3936,آغل استاد علی اکبر شریعتی,510204,6
88488,3936,آغل علی بابائی,510205,6
88489,3936,آغل نصراله,510207,6
88490,3936,حوض تنگل دررائین,510208,6
88491,3936,چاه میر,510209,6
88492,3936,نیروگاه برق معدن کوشک,511329,6
88493,3936,مجتمع معدنی احمدی روشن,596111,6
88494,3936,ده عبدالله شمس الدینی/ سنجدو,821098,6
88495,3936,ده مهدی علیخان,821100,6
88496,3936,سنگ آهن چاه شوری,821381,6
88497,3936,شرکت سامان ماسه,821785,6
88498,3936,معدن سنگ آهن میشدوان,921283,6
88499,3936,امداد جاده ای,921284,6
88500,3936,معدن آنومالی گزستان,921285,6
88501,3936,ایستگاه پیروزی/ شهید پوراکبری,921286,6
88502,3936,ایستگاه محیط بانی,921287,6
88503,3936,معدن سنگ آهن کاوه دماوند,921327,6
88504,3936,معدن آهن چشمه فیروزی,921328,6
88505,3936,معدن توسن 1,921329,6
88506,3936,ایستگاه راه آهن کوشک,921330,6
88507,3937,اسپیدر,245822,6
88508,3937,اسلامیه,245823,6
88509,3937,مزرعه و مرغداری اکبرآباد,245828,6
88510,3937,امیرآباد,245833,6
88511,3937,اهرک,245837,6
88512,3937,بادامستان,245839,6
88513,3937,مجتمع الماس کوهستان,245841,6
88514,3937,باغ خاتون,245843,6
88515,3937,باغ کهله,245844,6
88516,3937,باغ مهدی,245846,6
88517,3937,بردستان,245848,6
88518,3937,پلنگان,245859,6
88519,3937,تنگله,245868,6
88520,3937,چم,245877,6
88521,3937,چشمه تامهر,245878,6
88522,3937,چنگ سراوان,245882,6
88523,3937,حجت‌آباد,245886,6
88524,3937,حجت‌آباد,245888,6
88525,3937,حسن‌آباد,245890,6
88526,3937,مرغداری نفیسی,245895,6
88527,3937,حسین‌آباد نواب,245905,6
88528,3937,حیدرآباد بادگز,245909,6
88529,3937,خسکک,245917,6
88530,3937,خلیل‌آباد,245919,6
88531,3937,خلیل آباد,245920,6
88532,3937,در چنارک,245931,6
88533,3937,دره سیر,245932,6
88534,3937,دره شیر,245933,6
88535,3937,در هادی,245934,6
88536,3937,دستگرد,245935,6
88537,3937,دشتک سفلی,245936,6
88538,3937,دشتک علیا,245937,6
88539,3937,زین آباد,245949,6
88540,3937,سانیج,245953,6
88541,3937,سفیل‌آباد,245962,6
88542,3937,سلطانب,245964,6
88543,3937,سیخوری,245970,6
88544,3937,سیف الدین,245971,6
88545,3937,شرکت آسفالت جهادسازندگی,245973,6
88546,3937,شمس‌آباد,245979,6
88547,3937,صادق‌آباد,245982,6
88548,3937,عباس‌آباد,245991,6
88549,3937,علی‌آباد/ مزرعه زینل,245996,6
88550,3937,علی‌آبادک,246003,6
88551,3937,علی‌آباد نوابی,246004,6
88552,3937,علی قلی,246005,6
88553,3937,فیض‌آباد,246013,6
88554,3937,قلعه خان,246016,6
88555,3937,کاه دانک,246018,6
88556,3937,کوره آهک پزی ناز,246023,6
88557,3937,مزرعه کرشمنی,246034,6
88558,3937,لای بید بزرگ,246039,6
88559,3937,لای بید کوچک,246042,6
88560,3937,لای احمد,246048,6
88561,3937,لای پیاز,246052,6
88562,3937,لای تاریک,246053,6
88563,3937,لای دال/ لای دار,246058,6
88564,3937,مزرعه لای راه,246060,6
88565,3937,لای زرد,246061,6
88566,3937,لای سدر سفلی,246062,6
88567,3937,لای سدر علیا,246063,6
88568,3937,لا سنجد,246064,6
88569,3937,لای شورونه,246067,6
88570,3937,لای فراشاهی,246068,6
88571,3937,لای لندر,246069,6
88572,3937,شهرک فردوس,246070,6
88573,3937,لای مهدی,246071,6
88574,3937,مبارکه,246073,6
88575,3937,محمدآباد,246078,6
88576,3937,مرغداری عدل اسلامی/ آبشوره,246088,6
88577,3937,مزرعه اکبر کریم,246093,6
88578,3937,مزرعه اکبر کوه گرد,246094,6
88579,3937,مرغداری سپید مرغ,246098,6
88580,3937,مرغداری حاج حسین جوکار,246100,6
88581,3937,مزرعه حاجی محمدکریم,246105,6
88582,3937,مزرعه حسن,246106,6
88583,3937,مزرعه درغار,246110,6
88584,3937,مزرعه سید/ بافورآباد,246113,6
88585,3937,مزرعه شیخ,246117,6
88586,3937,مزرعه قبله,246123,6
88587,3937,مزرعه قمی,246124,6
88588,3937,مزرعه گدار سنگ,246126,6
88589,3937,مزرعه خالقیه,246127,6
88590,3937,مزرعه مرتضی/گاوداری رنجبر,246130,6
88591,3937,مزرعه ملامهدی,246134,6
88592,3937,مزرعه قانعی/ شیخ جلال,246135,6
88593,3937,مزرعه نواب,246139,6
88594,3937,مزرعه نیک‌پور,246142,6
88595,3937,مزرعه و مرغداری لاسیاه,246143,6
88596,3937,مزرعه و مرغداری میر,246144,6
88597,3937,معدن دره زنجیر,246151,6
88598,3937,معدن سفید کوه تفت,246152,6
88599,3937,اردوگاه امام حسین (ع),246160,6
88600,3937,مهرآباد,246166,6
88601,3937,میاسی,246167,6
88602,3937,پرورش مرغ گوشتی امیرآباد,246176,6
88603,3937,وقفک,246177,6
88604,3937,همت‌آباد,246181,6
88605,3937,سادات‌آباد,246190,6
88606,3937,مزرعه دهقانی نژاد,246194,6
88607,3937,مجتمع گاوداریهای تفت,510232,6
88608,3937,دره گاهان,510235,6
88609,3937,مرغداری میر کریمی,510240,6
88610,3937,گاوداری پگاه,510243,6
88611,3937,لای کره,510249,6
88612,3937,نصرت آباد,510250,6
88613,3937,حسن آباد,510252,6
88614,3937,لاانجیر,510253,6
88615,3937,مرغداری حاجی محمود احمدی,510254,6
88616,3937,مزرعه رضا علی احمد علی,510257,6
88617,3937,مزرعه محمد کریم,510258,6
88618,3937,مزرعه مشکات,510259,6
88619,3937,اکبر آباد لای بید,510260,6
88620,3937,جره بیدک,510261,6
88621,3937,مجتمع سنگبری های سفید کوه تفت,511506,6
88622,3937,اردوگاه افغانی ها,511706,6
88623,3937,کارخانه مرکب سازی میرعلی,511707,6
88624,3937,مجتمع تولیدی سفید کوه,511708,6
88625,3937,مجتمع گاو شیری چم,511709,6
88626,3937,شن و ماسه سازمان همیاری شهرداری,511711,6
88627,3937,شن و ماسه سید کاظم صادقیان,821430,6
88628,3937,شرکت مرغ گوشتی یونس,921148,6
88629,3937,مزرعه لای آدر,921149,6
88630,3937,مرغداری سید علی محمد دهقانی,921150,6
88631,3937,مزرعه اکبر شاه,921151,6
88632,3937,مزرعه جهاد,921152,6
88633,3937,راهدارخانه بردستان,921153,6
88634,3937,مخزن آب فیض آباد,921154,6
88635,3937,مرغداری حسینی نسب,921155,6
88636,3937,مرغداری بابایی,921156,6
88637,3937,مرغداری جوکار,921157,6
88638,3937,مرغداری دهقانپور,921158,6
88639,3937,دامداری میرحسینی,921159,6
88640,3937,مرغداری کوه گلی,921160,6
88641,3937,مرغداری فلاح,921161,6
88642,3937,مزرعه انجیره ای,921162,6
88643,3937,گاوداری میرحسینی,921163,6
88644,3937,مرغداری عباس دهقان پور,921164,6
88645,3937,گاوداری دوست حسینی/ شرکت یزد قیماق,921165,6
88646,3937,مرغداری تعاونی 15,921166,6
88647,3937,معدن گرانیت,921167,6
88648,3937,گلخانه شرکت تعاونی انقلاب,921168,6
88649,3937,منطقه گردشگری بام تفت,921169,6
88650,3937,منطقه نظامی,921170,6
88651,3937,مجتمع پرواربندی زرین,921172,6
88652,3937,معدن سنگ آهن اسلامیه,921173,6
88653,3937,مجتمع گلخانه ای سبزه کاران,921174,6
88654,3937,شرکت مقوا سازی فجر تفت,921175,6
88655,3937,شهرک صنعتی سفید کوه تفت,921176,6
88656,3937,مجتمع سوارکاری پرتو سبز,921177,6
88657,3937,تصفیه خانه فاضلاب تفت,921178,6
88658,3937,باشگاه پرورش اسب سالار,921301,6
88659,3938,حسین آباد,248878,6
88660,3938,احمد خان,249453,6
88661,3938,آشنایی,249454,6
88662,3938,باغستان,249458,6
88663,3938,باقی آباد,249459,6
88664,3938,بشری,249460,6
88665,3938,بنستان,249464,6
88666,3938,تقی آباد,249470,6
88667,3938,جان برازان,249473,6
88668,3938,حجت آباد,249475,6
88669,3938,زیر باغ شاه,249486,6
88670,3938,شیخ علیشاه,249490,6
88671,3938,طزر جان,249491,6
88672,3938,قرق,249496,6
88673,3938,لرد بانیان,249500,6
88674,3938,لا درک,249505,6
88675,3938,مزرعه آخوند,249515,6
88676,3938,مزرعه امحسن,249517,6
88677,3938,مزرعه مستوفی/ مهدی آباد,249532,6
88678,3938,معدن سنگ چینی ده بالا,249535,6
88679,3938,مور ترک,249538,6
88680,3938,توده,249539,6
88681,3938,دیده بانی محیط زیست,249544,6
88682,3938,مزرعه مختاری,511710,6
88683,3938,معدن چینی باقی آباد,921101,6
88684,3938,مزرعه حسنک,921102,6
88685,3938,قدمگاه,921103,6
88686,3938,برزین,921104,6
88687,3938,دکل رادیو و تلویزیون,921105,6
88688,3939,آبدر سرخ,245815,6
88689,3939,ابراهیم آباد,245816,6
88690,3939,ابک,245818,6
88691,3939,آبگردو,245819,6
88692,3939,آبگردو,245820,6
88693,3939,احمد آباد,245821,6
88694,3939,عباس دستگردی,245827,6
88695,3939,اله آباد,245829,6
88696,3939,اله آباد,245830,6
88697,3939,امیر آباد,245831,6
88698,3939,انجیرانه,245835,6
88699,3939,ایزد آباد,245838,6
88700,3939,برخون,245847,6
88701,3939,بل حسنی,245849,6
88702,3939,بهچین,245850,6
88703,3939,بید شغنی,245851,6
88704,3939,بید عباس,245852,6
88705,3939,بیدک,245855,6
88706,3939,بیده سرک,245856,6
88707,3939,ترصنقر,245860,6
88708,3939,ترلا,245861,6
88709,3939,تقی آباد,245862,6
88710,3939,تقی آباد,245863,6
88711,3939,تنگاه,245865,6
88712,3939,توتک,245869,6
88713,3939,غفور آباد,245870,6
88714,3939,جلال آباد,245871,6
88715,3939,جنت آباد,245872,6
88716,3939,چاه فشنگ,245875,6
88717,3939,چاه سرخ,245876,6
88718,3939,حاجی آباد بالا,245883,6
88719,3939,اردوگاه امام رضا (ع),245884,6
88720,3939,مزرعه دکتر رازقی,245885,6
88721,3939,حجت آباد صدری,245889,6
88722,3939,حسن خوصی,245896,6
88723,3939,حسین آباد/ مزرعه خان,245897,6
88724,3939,حسین آباد,245899,6
88725,3939,حسین آباد جنگل,245901,6
88726,3939,حکیم آباد,245908,6
88727,3939,خامس آباد,245910,6
88728,3939,خرمهره,245915,6
88729,3939,خشک آباد,245918,6
88730,3939,خوسیوک,245923,6
88731,3939,اردوگاه فدک,245926,6
88732,3939,دادو پائین/ دادو اسماعیل,245927,6
88733,3939,دامک علی آباد,245928,6
88734,3939,دربه,245930,6
88735,3939,دیزبندان,245939,6
88736,3939,رضا آباد,245944,6
88737,3939,روشن آباد,245946,6
88738,3939,زردستان,245947,6
88739,3939,سرتل,245954,6
88740,3939,کارخانه شیر کوه یزد,245956,6
88741,3939,سعید آباد,245959,6
88742,3939,سلطان آباد,245963,6
88743,3939,سنگلسون,245967,6
88744,3939,سنگک,245968,6
88745,3939,سورک,245969,6
88746,3939,شریف آباد,245977,6
88747,3939,شوراب مور,245981,6
88748,3939,صدر آباد,245984,6
88749,3939,عباس آباد,245990,6
88750,3939,عباس آباد,245993,6
88751,3939,عزیز آباد,245994,6
88752,3939,عسکریه,245995,6
88753,3939,علی آباد,245999,6
88754,3939,علی آباد جناب زاده,246000,6
88755,3939,علی آباد صدری,246001,6
88756,3939,شرکت بوقلمون تارا,246006,6
88757,3939,فاطمیه,246008,6
88758,3939,فرح آباد,246010,6
88759,3939,قعرلا,246015,6
88760,3939,کریم آباد,246019,6
88761,3939,کشاورزی و مرغداری چلچله,246020,6
88762,3939,اردوگاه هلال احمر,246028,6
88763,3939,گاه وارگون,246029,6
88764,3939,گومی یسون,246035,6
88765,3939,لعل آباد/ مسعودیه,246036,6
88766,3939,لابید بالا,246037,6
88767,3939,لای خومه زار,246044,6
88768,3939,لای سرخ,246045,6
88769,3939,لای کش,246046,6
88770,3939,محمد آباد سعید آباد/ محمد آباد صدری,246082,6
88771,3939,محمد آباد نیلچی,246083,6
88772,3939,مرغداری امید,246084,6
88773,3939,مرغداری یزد طیور/ رضا رجبی,246091,6
88774,3939,مزرعه آسیاب,246092,6
88775,3939,مزرعه الویی,246095,6
88776,3939,مزرعه غلام,246099,6
88777,3939,عباس آباد/ جناب زاده,246108,6
88778,3939,مزرعه درویش,246111,6
88779,3939,مزرعه شیخ,246116,6
88780,3939,مزرعه مرغ مادر,246131,6
88781,3939,مزرعه ملا,246132,6
88782,3939,مزرعه میرزا جواد,246136,6
88783,3939,مزرعه نو,246137,6
88784,3939,مزرعه نو علی آباد,246140,6
88785,3939,مزرعه و مرغداری نظری,246145,6
88786,3939,مزنگ,246146,6
88787,3939,معدن خارکو,246150,6
88788,3939,مور,246156,6
88789,3939,مهدی آباد,246162,6
88790,3939,نیم فرسخی,246175,6
88791,3939,ولی آباد,246178,6
88792,3939,هاشم آباد,246179,6
88793,3939,همت آباد دشتی,246182,6
88794,3939,آب شیر بیکی,246197,6
88795,3939,مزرعه اکبر/ ناتقی,246198,6
88796,3939,مزرعه کاشانی,510338,6
88797,3939,خانی آباد,510340,6
88798,3939,ادرو بلندون,510341,6
88799,3939,مزرعه کوهی,510345,6
88800,3939,مزرعه دکتر علی فتاحی,510348,6
88801,3939,اسپیدرک,510349,6
88802,3939,لطف آباد,510351,6
88803,3939,شمس لوت,510353,6
88804,3939,سرچشمه,510358,6
88805,3939,لای انگور/ مرغداری امینی,510360,6
88806,3939,لای تنگ,511345,6
88807,3939,اردوگاه نظامی قدس,511714,6
88808,3939,مرغداری محمد شاهدی,921135,6
88809,3939,مرغداری برادران حسینی نسب,921136,6
88810,3939,مجتمع خدمات بین راهی,921137,6
88811,3939,گاوداری لاله نصر,921138,6
88812,3939,دام گستران کویر یزد,921139,6
88813,3939,شرکت پرند,921140,6
88814,3939,پرورش شتر مرغ چاووش,921141,6
88815,3939,مزرعه جوکار,921142,6
88816,3939,مرغداری جوکار,921143,6
88817,3939,شرکت کویر جوجه,921144,6
88818,3939,لای حسنعلی/ لای عسلی,921145,6
88819,3939,مزرعه شیرازی,921146,6
88820,3939,مشادون,921147,6
88821,3939,مزرعه حسین هادی,921768,6
88822,3939,شرکت شیر کوه لعاب,921769,6
88823,3939,امامزاده سید اسماعیل,921770,6
88824,3939,مزرعه شیخ انوری,921771,6
88825,3939,عباس کولی,921772,6
88826,3939,زمان حسینی,921773,6
88827,3940,اشکفت,245825,6
88828,3940,اکبر آباد,245826,6
88829,3940,مرغداری گل ماکیان,245832,6
88830,3940,بادامک,245840,6
88831,3940,باغ موروده,245845,6
88832,3940,بید هریم,245857,6
88833,3940,پراخویز,245858,6
88834,3940,تل چاه,245864,6
88835,3940,مرغداری دشت بهشت,245866,6
88836,3940,چشمه سار زین آباد,245879,6
88837,3940,چمنک,245880,6
88838,3940,چنارک,245881,6
88839,3940,حجت آباد,245887,6
88840,3940,حسن آباد,245892,6
88841,3940,حسن آباد,245893,6
88842,3940,حسین آباد,245898,6
88843,3940,حسین آباد شورابه,245903,6
88844,3940,حسین آباد گلو سرخ,245904,6
88845,3940,خدا آباد بالا,245911,6
88846,3940,خدا آباد پائین,245912,6
88847,3940,خریسک,245916,6
88848,3940,خود بالا,245921,6
88849,3940,خود پایین,245922,6
88850,3940,خوسیوک,245924,6
88851,3940,خیرآباد,245925,6
88852,3940,دولت آباد,245938,6
88853,3940,رحمت آباد,245940,6
88854,3940,رمه کوه,245945,6
88855,3940,سانک,245952,6
88856,3940,سرداب,245955,6
88857,3940,سعد آباد,245958,6
88858,3940,سفیدک بالا,245960,6
88859,3940,شاه مکان,245972,6
88860,3940,شکرآباد,245978,6
88861,3940,شمس آباد,245980,6
88862,3940,صالح آباد,245983,6
88863,3940,صمد آباد,245986,6
88864,3940,صمصام آباد,245987,6
88865,3940,عباس آباد,245988,6
88866,3940,علی آباد,245997,6
88867,3940,علی آباد فتوحی,246002,6
88868,3940,فرح آباد,246009,6
88869,3940,فرح آباد,246011,6
88870,3940,مزرعه فردوس,246012,6
88871,3940,کاظم آباد,246017,6
88872,3940,مزرعه اکبر چهل مرد,246021,6
88873,3940,همت آباد,246025,6
88874,3940,کوره آهک گل,246027,6
88875,3940,گلیچه,246030,6
88876,3940,گلویک علیا,246032,6
88877,3940,گود قاسم,246033,6
88878,3940,لای بیدک,246041,6
88879,3940,شرکت کشاورزی و دامپروری کبیر,246043,6
88880,3940,لای کلات,246047,6
88881,3940,لای پست,246051,6
88882,3940,لای تلخه زار/ مرغداری حاج محمد رضا جعفری,246054,6
88883,3940,لای خوسی,246057,6
88884,3940,لای نخود,246072,6
88885,3940,محمد آباد,246077,6
88886,3940,محمد آباد,246080,6
88887,3940,محمد آباد,246081,6
88888,3940,مزرعه آخوند,246090,6
88889,3940,مزرعه امین,246096,6
88890,3940,مزرعه حاجی زینل,246102,6
88891,3940,مزرعه حاجی علی عسگر,246104,6
88892,3940,مزرعه خواجه,246109,6
88893,3940,مزرعه سید,246114,6
88894,3940,مرغداری همتی,246118,6
88895,3940,مزرعه قاضی,246122,6
88896,3940,مزرعه محمد ابراهیم,246128,6
88897,3940,مزرعه ملا علی نقی,246133,6
88898,3940,مزرعه نو,246138,6
88899,3940,مسیر,246148,6
88900,3940,معین آباد,246153,6
88901,3940,موروک بالا,246158,6
88902,3940,موروک پائین,246159,6
88903,3940,مهدی آباد,246161,6
88904,3940,مهدی آباد,246163,6
88905,3940,مهدی آباد سفلی,246164,6
88906,3940,میشینوک بالا,246168,6
88907,3940,نصر آباد,246171,6
88908,3940,نصرت آباد,246173,6
88909,3940,همت آباد,246180,6
88910,3940,هوش,246183,6
88911,3940,یوردک بالا,246185,6
88912,3940,آب پر کریم,246597,6
88913,3940,اسپیداروک,246621,6
88914,3940,استارج,246624,6
88915,3940,اشکالکو,246633,6
88916,3940,اصغرآباد,246636,6
88917,3940,بندازون,246661,6
88918,3940,بید لرزان,246675,6
88919,3940,پودونه,246685,6
88920,3940,غلام آباد/ حسین آباد,246699,6
88921,3940,چاه سفید/ مرغداری رحیمی,246732,6
88922,3940,حاجی آباد,246746,6
88923,3940,دره بید,246802,6
88924,3940,رحیم آباد/ محمد رعیتی,246818,6
88925,3940,شمس آباد,246849,6
88926,3940,شواز,246850,6
88927,3940,شواز کهنه,246851,6
88928,3940,شویرک,246854,6
88929,3940,شیخ حسین,246855,6
88930,3940,قره قوز,246905,6
88931,3940,گیریچه,246923,6
88932,3940,گلویک سفلی,246924,6
88933,3940,گیدستان,246934,6
88934,3940,محمد آباد/ عده,246957,6
88935,3940,محمود آباد,246972,6
88936,3940,مزرعه آخوند,246984,6
88937,3940,مزرعه بیدوک,247000,6
88938,3940,مزرعه حسن,247008,6
88939,3940,مزرعه حسین شعبانی,247014,6
88940,3940,مزرعه عباس,247030,6
88941,3940,ملوس,247066,6
88942,3940,مورک,247072,6
88943,3940,هسبخته پائین,247099,6
88944,3940,هیلکی,247110,6
88945,3940,رضا آباد,510362,6
88946,3940,قورت آباد,510363,6
88947,3940,محسن آباد,510364,6
88948,3940,حسین آباد,510369,6
88949,3940,هاشم آباد,510370,6
88950,3940,غار نباتی,510374,6
88951,3940,مزرعه تل سفید,510375,6
88952,3940,رحمت آباد,511712,6
88953,3940,مجتمع پرواربندی شورابه,511849,6
88954,3940,آبیک,511850,6
88955,3940,زردستان,511851,6
88956,3940,مرغداری آب حیات,511852,6
88957,3940,مزرعه بیهو,921058,6
88958,3940,معدن سنگ تراورتن ملوس,921109,6
88959,3940,معدن سنگ هاشمی نسب,921110,6
88960,3940,شرکت مرغداری یگانه,921111,6
88961,3940,مرغداری حسن جعفری,921112,6
88962,3940,مزرعه گیلاس,921113,6
88963,3940,معدن مرمریت رز پرشیا,921114,6
88964,3940,مرغداری محمد اکبری,921115,6
88965,3940,مرغداری محمد علی مراد بیکی,921116,6
88966,3940,مرغداری جعفر اصغرزاده,921117,6
88967,3940,مزرعه و گاوداری شریف,921118,6
88968,3940,مرغداری طایفی,921119,6
88969,3940,مجتمع گاوداری نصر آباد,921120,6
88970,3940,معدن باریت پگاه کوشان سپاهان,921121,6
88971,3940,مرغداری طایفی 2,921122,6
88972,3940,مزرعه قادری,921123,6
88973,3940,مزرعه و مرغداری سید میری,921124,6
88974,3940,کوره آهک البرز,921125,6
88975,3940,کوره آهک شاهدی,921126,6
88976,3940,مرغداری سید عباس میری,921127,6
88977,3940,گاوداری حاج حسین جوکار,921128,6
88978,3940,مرغداری مایده,921129,6
88979,3940,مرغداری حسینی نسب,921130,6
88980,3940,مرغداری حاج رجب همتی,921131,6
88981,3940,مرغداری تقی جوکار/ رضا پهلوان,921132,6
88982,3940,مرغداری مجاهد/ حسین جوکار,921133,6
88983,3940,مرغداری صالحی فر,921134,6
88984,3940,مرغداری طباطبایی,921198,6
88985,3940,کوه بونه,921199,6
88986,3940,بید میرزا جواد,921200,6
88987,3940,سالار آباد پایین,921775,6
88988,3940,آغل شرف الدین,921776,6
88989,3940,آغل مادری,921777,6
88990,3940,تراورتن قنبر زمستان,921778,6
88991,3941,محمد آباد آب ترش,246598,6
88992,3941,آب چک,246599,6
88993,3941,آب لری,246605,6
88994,3941,آبشورک,246607,6
88995,3941,احمد آباد آبشاهی,246611,6
88996,3941,احمد آباد رضوی,246615,6
88997,3941,اردان,246617,6
88998,3941,اردونک,246618,6
88999,3941,ازبک,246619,6
89000,3941,اسد آباد/ گودلر,246625,6
89001,3941,اسد آباد,246626,6
89002,3941,مالگا,246628,6
89003,3941,اکبر آباد,246640,6
89004,3941,اکبر آباد/ بیشه کم خردون,246644,6
89005,3941,انجیره/ آخوندیان,246650,6
89006,3941,باغستان,246651,6
89007,3941,باز,246654,6
89008,3941,برزوک,246657,6
89009,3941,بورق,246662,6
89010,3941,بیدستان,246668,6
89011,3941,بیدستان,246669,6
89012,3941,بیشه,246678,6
89013,3941,بیشه,246679,6
89014,3941,بیشه بلند,246680,6
89015,3941,پای بنا,246681,6
89016,3941,پشم,246683,6
89017,3941,تقی آباد,246689,6
89018,3941,تنگا دهانه,246692,6
89019,3941,تنگ آسیاب,246693,6
89020,3941,توران پشت,246695,6
89021,3941,حسین آباد تیشک,246696,6
89022,3941,غلام برات,246700,6
89023,3941,ثلات,246708,6
89024,3941,جرکبکان,246709,6
89025,3941,جلیل آباد,246710,6
89026,3941,جلیل آباد,246716,6
89027,3941,چاه شماره 3 جهاد,246723,6
89028,3941,چاه شماره 2 جهاد,246724,6
89029,3941,چاه شماره 1 جهاد,246725,6
89030,3941,چاه آب استانداری,246727,6
89031,3941,چاه بیکی,246728,6
89032,3941,مزرعه مرتاضیه,246730,6
89033,3941,امیر آباد لغوی,246734,6
89034,3941,حسین آباد,246740,6
89035,3941,حاجی آباد,246741,6
89036,3941,حاجی آباد,246742,6
89037,3941,حاجی آباد,246745,6
89038,3941,حسن آباد,246754,6
89039,3941,حسن آباد دره زرشک,246758,6
89040,3941,حسین آباد,246771,6
89041,3941,حسین آباد,246772,6
89042,3941,مزرعه حسین,246785,6
89043,3941,حسین آباد کلاگوشی,246786,6
89044,3941,خانمی,246791,6
89045,3941,خسروی,246794,6
89046,3941,خوره سفلی,246795,6
89047,3941,خیرآباد,246797,6
89048,3941,دره گازه,246801,6
89049,3941,دره زرشک,246803,6
89050,3941,دستجرد,246806,6
89051,3941,دستگرد علیا,246809,6
89052,3941,دولت آباد,246812,6
89053,3941,ده شیر,246813,6
89054,3941,ده شیر کهنه,246814,6
89055,3941,رحیم آباد عرب,246819,6
89056,3941,میر زینل,246827,6
89057,3941,مزرعه سنجدی,246830,6
89058,3941,سورمه چشمه سفلی,246838,6
89059,3941,سورمه چشمه علیا,246839,6
89060,3941,شاه نشین,246841,6
89061,3941,شرکت برکه,246842,6
89062,3941,شریف آباد,246843,6
89063,3941,شریف آباد,246844,6
89064,3941,صادق آباد/ مزرعه نو,246856,6
89065,3941,عباس آباد,246860,6
89066,3941,عباس آباد اطهمی,246866,6
89067,3941,عبدالعلی,246870,6
89068,3941,عبداله,246871,6
89069,3941,عشق آباد,246876,6
89070,3941,عصمت آباد,246879,6
89071,3941,علی آباد,246892,6
89072,3941,مزرعه اسماعیل,246906,6
89073,3941,کرد آباد,246908,6
89074,3941,کلیتان,246911,6
89075,3941,کوه میان,246914,6
89076,3941,کویرک,246915,6
89077,3941,کهد نارون,246916,6
89078,3941,گزدان,246919,6
89079,3941,گود بید,246928,6
89080,3941,گود زردون,246930,6
89081,3941,لا خواجه,246935,6
89082,3941,محمد آباد,246952,6
89083,3941,محمد آباد,246956,6
89084,3941,محمد آباد,246958,6
89085,3941,محمد آباد/ رضا حسین,246968,6
89086,3941,محمود آباد,246975,6
89087,3941,مختار آباد,246979,6
89088,3941,مرغداری جام جوجه,246980,6
89089,3941,مزرعه آبخشی,246983,6
89090,3941,مزرعه استاد جعفری,246989,6
89091,3941,مزرعه اصغر,246990,6
89092,3941,مزرعه اکبر آقا جلیلی,246995,6
89093,3941,مزرعه امیرآباد/ بیشه تلمب,246997,6
89094,3941,مزرعه انجیره,246998,6
89095,3941,مزرعه حاجی سبزه علی,247004,6
89096,3941,مزرعه حاجی اکبر,247005,6
89097,3941,مزرعه حسن آسیابان,247009,6
89098,3941,مزرعه حسن عباس,247011,6
89099,3941,مزرعه سید تقی,247019,6
89100,3941,مزرعه سید جواد,247020,6
89101,3941,مزرعه سید حسین/ مزرعه سید مصطفی,247021,6
89102,3941,مزرعه شاطر,247023,6
89103,3941,مزرعه شرکت آبشار,247024,6
89104,3941,مزرعه شیخ,247026,6
89105,3941,مزرعه عباس,247031,6
89106,3941,مزرعه عبدالحسین,247033,6
89107,3941,مزرعه کمال آباد,247042,6
89108,3941,گلیچه,247043,6
89109,3941,گور صیاد,247044,6
89110,3941,مزرعه لطفعلی,247045,6
89111,3941,مزرعه محمد علی جعفر,247047,6
89112,3941,مزرعه میر,247050,6
89113,3941,مزرعه میرزا,247051,6
89114,3941,مزرعه میرزا محمد علی,247054,6
89115,3941,معدن سرب منصور آباد,247059,6
89116,3941,معدن سنگ مرمر عمران یزدباف,247061,6
89117,3941,معدن سنگ مرمر بیشه,247062,6
89118,3941,معدن گل چینی,247063,6
89119,3941,منصور آباد,247068,6
89120,3941,نجف آباد,247086,6
89121,3941,هاونگ,247097,6
89122,3941,همت آباد/ بیشه هندی,247104,6
89123,3941,هنگره,247108,6
89124,3941,گودگیر,247113,6
89125,3941,زگاخانه,247114,6
89126,3941,علی آباد,247118,6
89127,3941,محمد آباد,247119,6
89128,3941,چاه محمدی و دکتر کارگر,510323,6
89129,3941,چاه شرکت احرار 1,510324,6
89130,3941,احمد آباد,510325,6
89131,3941,زیارتگاه عباس علی,510331,6
89132,3941,امیریه,510333,6
89133,3941,چاه مزیدی,510334,6
89134,3941,حجت آباد,510335,6
89135,3941,شرکت کشاورزی و دامپروری سر سبز,510336,6
89136,3941,مزرعه نو,511211,6
89137,3941,تقی آباد جهان آبادی,511349,6
89138,3941,خورشید نام,511351,6
89139,3941,سبز وحدت,511352,6
89140,3941,چاه شهید نعمت الهی/ پسته سفیدی,511353,6
89141,3941,چاه شهید رجایی,511354,6
89142,3941,چاه شهید باهنر,511355,6
89143,3941,گروه کشاورزی جمهوری چاه بیکی,511356,6
89144,3941,چاه مهندس اخوان,511357,6
89145,3941,گروه کشاورزی عابدی,511358,6
89146,3941,فاطمیه,511360,6
89147,3941,گروه کشاورزی ایوبیه/ شمسایی,511361,6
89148,3941,چاه کهدویی ها/ شهید طالبی,511520,6
89149,3941,مزرعه مشترک عبداله/ چاه کوثر,511665,6
89150,3941,معدن سنگ مرمر توران پشت,511666,6
89151,3941,خورشیدیه,511667,6
89152,3941,کوره آجر سینا,511668,6
89153,3941,داوودیه,511669,6
89154,3941,شرکت شایان,511670,6
89155,3941,مجتمع دامپروری دهشیر,511671,6
89156,3941,شرکت تعاونی کشاورزی و دامپروری طلای سبز,511672,6
89157,3941,شرکت تعاونی کشاورزی 22 تفت,511674,6
89158,3941,چاه میرزا حسین آبادی/ چاه محبی 18 تفت,511675,6
89159,3941,چاه حاج حسین خبیری/ سید مورتی,511677,6
89160,3941,چاه جانبازان/ علقمه,511678,6
89161,3941,مزرعه محمود دشتی,511680,6
89162,3941,اکبر آباد/ قدمعلی,511681,6
89163,3941,مزرعه شهید سجادی,511715,6
89164,3941,چاه مهندس وارسته,511716,6
89165,3941,چاه نیریها,511717,6
89166,3941,چاه ذوالفقاری,511719,6
89167,3941,چاه شرکت احرار 2,511720,6
89168,3941,چاه شیخ زاده,511721,6
89169,3941,چاه شماره 15 کهدوییها,511722,6
89170,3941,مجتمع پرورش ماهی ستار,511723,6
89171,3941,مزرعه رضایی/ مرتاض,821097,6
89172,3941,چاه پیام نور/ شمسایی,821374,6
89173,3941,کارگاه شرکت فرش راه,821375,6
89174,3941,مزرعه حسن آسیابان,821428,6
89175,3941,چاه سید حسین,921033,6
89176,3941,مزرعه چاه زنگی/ ریکگ,921034,6
89177,3941,مزرعه صبح پیروزی,921035,6
89178,3941,چاه ایوبی/ شمسایی,921036,6
89179,3941,کوره آجرپزی الماس کویر,921037,6
89180,3941,سایت پرورش ماهی سینا,921038,6
89181,3941,پرورش ماهی,921039,6
89182,3941,پرورش ماهی عارف,921040,6
89183,3941,پرورش ماهی عباسی,921041,6
89184,3941,کارگاه شن و ماسه فجر,921042,6
89185,3941,مزرعه چاه برقی,921043,6
89186,3941,مرغداری آقای حداد,921044,6
89187,3941,نور آباد,921045,6
89188,3941,پرورش شتر مرغ بیکی/ مزرعه میرزا بیک,921046,6
89189,3941,مرغداری دیوارک,921047,6
89190,3941,کوره آجر فشاری امین اردان,921048,6
89191,3941,سنگ بری عسکری,921049,6
89192,3941,دامداری دشت دهشیر,921050,6
89193,3941,مجتمع پرواربندی ناظم,921051,6
89194,3941,شرکت آسفالت ناودیس راه,921052,6
89195,3941,معدن تراورتن شکلاتی عادل,921053,6
89196,3941,کارخانه سرب و روی منصور آباد,921054,6
89197,3941,معدن سنگ تراورتن حاجی آباد,921055,6
89198,3941,مرغداری عباسی,921056,6
89199,3941,قطبک علی جعفر,921057,6
89200,3941,معدن سنگ خاتم,921059,6
89201,3941,مزرعه عباس محمد,921060,6
89202,3941,شرکت تعاونی آرا مرغ,921061,6
89203,3941,معدن کوه عظیم,921062,6
89204,3941,معدن سنگ تراورتن عبداله,921063,6
89205,3941,معدن سنگ تراورتن سنمار,921064,6
89206,3941,معدن سنگ قربانی 1,921065,6
89207,3941,معدن سنگ ثامن الحجج,921066,6
89208,3941,معدن نما سنگ دلاوری,921067,6
89209,3941,معدن سنگ قربانی 2,921068,6
89210,3941,ایستگاه باروری ابر بشقابی,921069,6
89211,3941,معدن سنگ ریاحی فر,921070,6
89212,3941,معدن سنگ احمد دهشیری,921071,6
89213,3941,معدن سنگ بعثت,921072,6
89214,3941,معدن سنگ محمد دره زرشکی,921073,6
89215,3941,معدن سنگ سرلک,921074,6
89216,3941,پرورش گاو شیری محمدی,921075,6
89217,3941,مرغداری مهدی دره زرشکی,921076,6
89218,3941,رستوران آفتاب,921077,6
89219,3941,بوستان مریم,921078,6
89220,3941,معدن سنگ تراورتن بابایی,921079,6
89221,3941,معدن تراورتن سجاد/ سربازی,921080,6
89222,3941,معدن سنگ صالحی,921081,6
89223,3941,معدن سنگ ابراهیم پور,921082,6
89224,3941,آغل آشتیان,921083,6
89225,3941,ایستگاه تقلیل فشار گاز,921084,6
89226,3941,چاه رعیتی,921085,6
89227,3941,چاه ابوالفضل,921086,6
89228,3941,چاه ماندگاری,921087,6
89229,3941,چاه اصفهانیها / محبی,921088,6
89230,3941,شرکت همیاری شهرداریها,921089,6
89231,3941,معدن سنگ قربانی 3,921090,6
89232,3941,معدن سنگ اسماعیلی,921091,6
89233,3941,تراورتن چشمه شور/ حمید رضا سالاری,921744,6
89234,3941,تراورتن فرا کوه شرق,921745,6
89235,3941,تراورتن سل اردان,921746,6
89236,3941,تراورتن سل اردان 3 / ایزدی,921747,6
89237,3941,تراورتن سل کوچک / نبوی زاده,921748,6
89238,3941,تراورتن نگین دهشیر,921749,6
89239,3941,نیروگاه خورشیدی دهشیر,921750,6
89240,3941,مهدی آباد,921751,6
89241,3941,انبار اداره راه,921752,6
89242,3941,تراورتن فرسنگ دهشیر/ صفوی پور,921753,6
89243,3941,رز سنگ/ فاطمه دره زرشکی,921754,6
89244,3941,تراورتن پاسارگاد,921755,6
89245,3941,تراورتن آب پودونک,921756,6
89246,3941,تراورتن آیتی,921757,6
89247,3941,باربری دهشیر,921766,6
89248,3941,باغ الگویی زیتون حسین علمدار,921790,6
89249,3942,آب رحمانی,246600,6
89250,3942,آب زیر سنگ,246601,6
89251,3942,آب گردو,246602,6
89252,3942,آب گردو,246603,6
89253,3942,ابراهیم‌آباد,246606,6
89254,3942,آغل افضل پایین,246609,6
89255,3942,احمدآباد,246614,6
89256,3942,مزرعه احمد کر,246616,6
89257,3942,اسپیدارک نجار,246620,6
89258,3942,استاد خلیل بالا,246622,6
89259,3942,اسدالهی,246627,6
89260,3942,اسفنون,246629,6
89261,3942,اشکفت,246634,6
89262,3942,اکبرآباد غلامعلی,246639,6
89263,3942,اکبرآباد نجار,246642,6
89264,3942,اله‌آباد,246645,6
89265,3942,امیرآباد,246647,6
89266,3942,بامسار,246652,6
89267,3942,بادامستان,246653,6
89268,3942,باغ صاحب,246655,6
89269,3942,برنجک پایین,246659,6
89270,3942,بنادکوک دیزه,246660,6
89271,3942,بهمنان,246663,6
89272,3942,بید آخوید,246664,6
89273,3942,بید خون,246665,6
89274,3942,بیدر ملک,246667,6
89275,3942,بید سوخته,246670,6
89276,3942,بید صالح,246671,6
89277,3942,بید کجمون,246672,6
89278,3942,بیدک,246673,6
89279,3942,بید گلیچ,246674,6
89280,3942,بید نوادان,246676,6
89281,3942,پشت کمر,246682,6
89282,3942,پشمک,246684,6
89283,3942,تران,246687,6
89284,3942,توران,246688,6
89285,3942,تنباکو,246691,6
89286,3942,غاری‌آباد,246697,6
89287,3942,غضنفرآباد,246698,6
89288,3942,غلامحسین تفتی,246701,6
89289,3942,غلامرضا اکبر,246702,6
89290,3942,غلامرضا حاجی مهدی,246703,6
89291,3942,غوزآباد,246704,6
89292,3942,غیاث‌آباد,246707,6
89293,3942,جلیل‌آباد,246711,6
89294,3942,جلیل‌آباد,246712,6
89295,3942,جلیل‌آباد بید دوبنه,246713,6
89296,3942,جواد کریم سفلی,246720,6
89297,3942,جواد کریم علیا,246721,6
89298,3942,جوادی,246722,6
89299,3942,چشمه خضری,246735,6
89300,3942,چمنک,246737,6
89301,3942,حاجی‌آباد,246743,6
89302,3942,حاجی غفور,246747,6
89303,3942,حجت‌آباد,246750,6
89304,3942,حجت‌آباد,246751,6
89305,3942,حجت‌آباد بالا,246752,6
89306,3942,حسن‌آباد,246756,6
89307,3942,حسن‌آباد سیف‌الدینی,246760,6
89308,3942,حسن‌آباد علیا,246761,6
89309,3942,حسن‌آباد کافی,246762,6
89310,3942,حسن‌آباد لای گز,246763,6
89311,3942,دهانه سنگ آتش,246764,6
89312,3942,حسنقلی,246765,6
89313,3942,حسین‌آباد,246767,6
89314,3942,ریگوک,246769,6
89315,3942,حسین‌آباد,246773,6
89316,3942,حسین‌آباد,246774,6
89317,3942,مزرعه حسین نانوا,246775,6
89318,3942,حسین‌آباد,246776,6
89319,3942,حسین‌آباد بالا,246778,6
89320,3942,حسین‌آباد برزگر,246780,6
89321,3942,حسین‌آباد پایین,246781,6
89322,3942,حسین‌آباد تل چنار,246782,6
89323,3942,حسین‌آباد جنگل دراز,246783,6
89324,3942,حسین‌آباد خضری,246784,6
89325,3942,حیدرآباد,246789,6
89326,3942,خالق‌آباد,246790,6
89327,3942,خانه کبکان سفلی,246792,6
89328,3942,خانه کبکان علیا,246793,6
89329,3942,داویان,246799,6
89330,3942,دراز بادام,246800,6
89331,3942,دستگرد سفلی,246807,6
89332,3942,دستگرد علیا,246810,6
89333,3942,دوکله,246811,6
89334,3942,رحمت‌آباد,246817,6
89335,3942,رزکس,246820,6
89336,3942,ریگوک,246822,6
89337,3942,زرداخوید,246823,6
89338,3942,زرگرآباد,246824,6
89339,3942,زرگین,246825,6
89340,3942,زنبل,246826,6
89341,3942,سنجدی,246831,6
89342,3942,سنجدی حاجی رجب,246833,6
89343,3942,سنجدی,246834,6
89344,3942,سنگ آب بالا,246836,6
89345,3942,سنگ سفید,246837,6
89346,3942,مزرعه امراله آهنگر (دولت‌آباد),246840,6
89347,3942,شریف‌آباد,246845,6
89348,3942,شریف‌آباد,246846,6
89349,3942,شعبان رمضان,246847,6
89350,3942,شعبان مانده,246848,6
89351,3942,شورک,246852,6
89352,3942,شورونه,246853,6
89353,3942,صادق‌آباد,246857,6
89354,3942,صادق‌آباد,246858,6
89355,3942,مزرعه محمد صادق/ لا انجیر,246859,6
89356,3942,عباس‌آباد,246861,6
89357,3942,عباس‌آباد,246862,6
89358,3942,عباس‌آباد,246863,6
89359,3942,عباس‌آباد بنادکوک,246867,6
89360,3942,عباس‌آباد طاهری,246868,6
89361,3942,عباس‌آباد نجار,246869,6
89362,3942,عبدل,246872,6
89363,3942,عزیز جوهری,246874,6
89364,3942,عشق‌آباد,246877,6
89365,3942,علی‌آباد,246881,6
89366,3942,علی‌آباد,246882,6
89367,3942,علی‌آباد,246884,6
89368,3942,علی‌آباد,246885,6
89369,3942,علی‌آباد,246887,6
89370,3942,علی‌آباد زرگر,246894,6
89371,3942,علی کری,246899,6
89372,3942,فتح آباد,246901,6
89373,3942,فخرآباد,246902,6
89374,3942,قاسم‌آباد,246903,6
89375,3942,قپه,246904,6
89376,3942,کریم‌آباد,246910,6
89377,3942,کوره آهک گل,246913,6
89378,3942,گزومه,246920,6
89379,3942,گل اشکن,246921,6
89380,3942,گلاب زار,246925,6
89381,3942,گنبد,246926,6
89382,3942,گودال میشان,246927,6
89383,3942,حسین‌آباد گود داربند,246929,6
89384,3942,گود شاطر,246931,6
89385,3942,گود گدار,246932,6
89386,3942,لای بید,246937,6
89387,3942,لای بیدک,246938,6
89388,3942,لای خومه زار سفلی,246940,6
89389,3942,لای رجن,246942,6
89390,3942,لای سنگ آسیاب,246943,6
89391,3942,اکبرآباد لای سیاه,246944,6
89392,3942,لای شمش,246945,6
89393,3942,لای کوارین,246946,6
89394,3942,لای متکوک,246947,6
89395,3942,لامتکی,246948,6
89396,3942,مجیدآباد,246950,6
89397,3942,محمدآباد,246954,6
89398,3942,محمدآباد,246960,6
89399,3942,محمدآباد,246962,6
89400,3942,محمدآباد,246964,6
89401,3942,محمدآباد,246965,6
89402,3942,مزرعه حسین صادق,246966,6
89403,3942,محمدآباد/ مزرعه پنجعلی,246967,6
89404,3942,محمدجعفر,246971,6
89405,3942,محمودآباد,246973,6
89406,3942,محمودآباد,246976,6
89407,3942,محمودآباد خضری,246977,6
89408,3942,محمودآباد ناصری,246978,6
89409,3942,مرغ‌آباد,246981,6
89410,3942,مزرعه آخوند,246985,6
89411,3942,مزرعه استاد احمد/حسین‌آباد,246986,6
89412,3942,مزرعه استاد غلامحسین,246987,6
89413,3942,مزرعه آقا,246994,6
89414,3942,علی آباد غلامعلی,247002,6
89415,3942,مزرعه جعفر,247003,6
89416,3942,مزرعه حجت‌آباد,247007,6
89417,3942,مزرعه حیدر,247015,6
89418,3942,مزرعه شریف,247025,6
89419,3942,مزرعه شیخی,247028,6
89420,3942,علی‌آباد سفلی (صفر),247029,6
89421,3942,مزرعه عباس مرشد,247032,6
89422,3942,مزرعه علی کری,247036,6
89423,3942,مزرعه علی حاجی زینل,247037,6
89424,3942,مزرعه قنبر,247039,6
89425,3942,مزرعه کدخدا,247040,6
89426,3942,مزرعه محمد سیف الدینی,247046,6
89427,3942,مزرعه محمود پژوفر,247048,6
89428,3942,مزرعه میرزا,247052,6
89429,3942,مستوفی,247057,6
89430,3942,معدن گل کاشی,247064,6
89431,3942,مورک,247069,6
89432,3942,مورنم سفلی,247070,6
89433,3942,مورنم علیا,247071,6
89434,3942,سیاه چوب,247073,6
89435,3942,مهدی آباد,247075,6
89436,3942,مهدی آباد سنجدی,247076,6
89437,3942,میرزا بالا,247077,6
89438,3942,میرزا تقی,247079,6
89439,3942,نازکستان پایین,247080,6
89440,3942,نازکستان بالا,247081,6
89441,3942,ناصرآباد عسگری,247082,6
89442,3942,ناصری,247083,6
89443,3942,نجف‌آباد/ مزرعه پایین,247084,6
89444,3942,نصرآباد,247087,6
89445,3942,نظر علی,247090,6
89446,3942,نورآباد,247094,6
89447,3942,نیم برجو,247095,6
89448,3942,هله میان بالا,247100,6
89449,3942,هله میان پایین,247101,6
89450,3942,همت آباد,247106,6
89451,3942,همت آباد,247107,6
89452,3942,هوشنگ آباد,247109,6
89453,3942,یادگاری,247111,6
89454,3942,یازده بنه,247112,6
89455,3942,جنگل دراز,247115,6
89456,3942,مزرعه علی حاجی عبدالله,247120,6
89457,3942,گلویک,510302,6
89458,3942,لا زردک,510303,6
89459,3942,غفور آباد,510304,6
89460,3942,گردو سوخته,510307,6
89461,3942,آغل افضل بالا,510309,6
89462,3942,لای کلاری,510311,6
89463,3942,توتیوک,510312,6
89464,3942,سنجدی پایین,510314,6
89465,3942,حسین آباد انجیرک,510315,6
89466,3942,سیاه چوب,510316,6
89467,3942,سنگ آب پایین,510317,6
89468,3942,عباس آباد,510321,6
89469,3942,حسین آباد یادگاری,511519,6
89470,3942,علی آباد سرگدار,821970,6
89471,3942,مهدی آباد سرگدار,821971,6
89472,3942,اسپیدارک,821972,6
89473,3942,سیاه چوب,821973,6
89474,3942,باربد,821974,6
89475,3942,مزرعه محمد علی داروغه (آلمان),821975,6
89476,3942,گنبد بالا,821976,6
89477,3942,سیفک,821977,6
89478,3942,گود موکل,821978,6
89479,3942,احمد آباد,821979,6
89480,3942,مزرعه اسداله تقی,821980,6
89481,3942,مزرعه کریمی,821981,6
89482,3942,مزرعه محمدآباد,821982,6
89483,3942,مزرعه دکتر,821983,6
89484,3942,کمر انجیرک (حاج علی),821984,6
89485,3942,مزرعه نو,821985,6
89486,3942,اکبر آباد لای گز ( موقوفه),821986,6
89487,3942,جعفر آباد,821987,6
89488,3942,جعفر آباد سفلی,821988,6
89489,3942,جعفر آباد علیا,821989,6
89490,3942,مزرعه حسینعلی,821990,6
89491,3942,محمود آباد طاهری,821991,6
89492,3942,حسین آباد,821992,6
89493,3942,همت آباد,821993,6
89494,3942,لای کبکان,821994,6
89495,3942,مزرعه رییس,821995,6
89496,3942,اکبر آباد,821996,6
89497,3942,غمبک,821997,6
89498,3942,محمود آباد پایین,821998,6
89499,3942,حیدری,821999,6
89500,3942,توتیوک,921002,6
89501,3942,باغ رضا,921003,6
89502,3942,مرغداری محمود فلاح,921004,6
89503,3942,مرغداری عباس زارع,921005,6
89504,3942,کارخانه نمک پویا,921006,6
89505,3942,تراورتن و مرمر غیاث آباد,921007,6
89506,3942,شرکت مرغ مزرعه سفید,921008,6
89507,3942,مجتمع گاو شیری بنادکوک,921010,6
89508,3942,مرغداری حاج احمد زارع,921011,6
89509,3942,عصمت آباد,921012,6
89510,3942,مزرعه حاجی محمد علی,921013,6
89511,3942,مزرعه چمن,921293,6
89512,3942,لای تنوره,921294,6
89513,3942,تراورتن نسیم,921742,6
89514,3942,پرورش مرغ گوشتی ثامن,921743,6
89515,3943,ابراهیم آباد,248253,6
89516,3943,مزرعه آقا بزرگی,248259,6
89517,3943,باغ میان,248266,6
89518,3943,پای تل,248271,6
89519,3943,پندر,248272,6
89520,3943,تاج آباد,248274,6
89521,3943,تخته ریگ,248276,6
89522,3943,چاهوک,248281,6
89523,3943,حاجی آباد,248283,6
89524,3943,حاجی مراد,248287,6
89525,3943,حسن خانی,248298,6
89526,3943,حسین آباد چاهوک,248300,6
89527,3943,حسین آباد کروغلی,248305,6
89528,3943,خرگوشی,248310,6
89529,3943,خومه زار,248313,6
89530,3943,دربباغ,248314,6
89531,3943,دره گل,248320,6
89532,3943,ربیع آباد,248325,6
89533,3943,رحمت آباد,248326,6
89534,3943,زردین,248330,6
89535,3943,سنجدک,248334,6
89536,3943,سنگ دراز,248336,6
89537,3943,شیخی,248341,6
89538,3943,عباس آباد,248343,6
89539,3943,عبدالرضا خانی/ مرشد,248345,6
89540,3943,چاه کشاورزی قایم دشت,248353,6
89541,3943,قسمت آباد,248355,6
89542,3943,کرمک,248359,6
89543,3943,گل گودر,248364,6
89544,3943,محمود آباد,248370,6
89545,3943,حاج محمد جعفر,248378,6
89546,3943,مزرعه رییس,248382,6
89547,3943,مزرعه علی اکبر خانی,248385,6
89548,3943,مزرعه مشیری,248387,6
89549,3943,مزرعه نو چاهوک,248390,6
89550,3943,مودرک,248393,6
89551,3943,موردونگاه,248394,6
89552,3943,مورلاک,248396,6
89553,3943,مهدی آباد,248397,6
89554,3943,میر هاشم,248398,6
89555,3943,نجفقلی,248401,6
89556,3943,ایستگاه تحقیقاتی مرتع نیر,510283,6
89557,3943,آغل عباس بلیل/ حسین زینل,510285,6
89558,3943,اکبر آباد محمد حسین,510289,6
89559,3943,حجت آباد زردین,511511,6
89560,3943,شرکت تعاونی مرغداران,511512,6
89561,3943,ایستگاه گاز زردین,821431,6
89562,3943,مرغداری جواد دهقان,821432,6
89563,3943,مرغداری انتظاری,821433,6
89564,3943,منبع آب و فاضلاب,821434,6
89565,3943,شهرک صنعتی نیر,921092,6
89566,3943,معدن گرانیت حاجی حسینی,921094,6
89567,3943,مرغداری هاشمیه,921095,6
89568,3943,مرغداری رمضان دهقان,921096,6
89569,3943,مرغداری زارع زردینی,921097,6
89570,3943,تاسیسات آب آشامیدنی زردین,921098,6
89571,3943,مزرعه قطره ای نوین,921099,6
89572,3943,ایستگاه صدا و سیما,921100,6
89573,3943,مجتمع گاو شیری زردین,921179,6
89574,3943,مزرعه حاجی حسین رضایی,921180,6
89575,3944,ابراهیم آباد,247737,6
89576,3944,احمد آباد,247738,6
89577,3944,احمد آباد,247739,6
89578,3944,اربه زار,247740,6
89579,3944,استریج,247741,6
89580,3944,بازوک ارباب,247745,6
89581,3944,بازوک ملک,247746,6
89582,3944,باغ بید,247747,6
89583,3944,باغ خوش,247748,6
89584,3944,تانک چشمه نو,247752,6
89585,3944,توده,247754,6
89586,3944,غفوری,247758,6
89587,3944,جعفرآباد,247759,6
89588,3944,جلیل آباد,247760,6
89589,3944,جلال آباد,247761,6
89590,3944,جوزستان,247763,6
89591,3944,چاه سرخ,247764,6
89592,3944,چشمه نو,247765,6
89593,3944,مزرعه حاجی یوسف,247766,6
89594,3944,حاجی آباد,247767,6
89595,3944,حاجی آباد,247768,6
89596,3944,حجت آباد,247769,6
89597,3944,حجت آباد,247770,6
89598,3944,حجت آباد,247774,6
89599,3944,حسین آباد,247775,6
89600,3944,حسین آباد,247776,6
89601,3944,حسین قناد ( رحمت آباد ),247777,6
89602,3944,حیدر آباد,247778,6
89603,3944,خسکک,247780,6
89604,3944,خضرآباد,247781,6
89605,3944,دلال تقی,247783,6
89606,3944,راستی,247785,6
89607,3944,رحمت آباد,247786,6
89608,3944,رحیم آباد,247788,6
89609,3944,رکن آباد,247789,6
89610,3944,رودبزان,247790,6
89611,3944,سید آباد,247791,6
89612,3944,شرافت آباد,247793,6
89613,3944,صادق آباد,247795,6
89614,3944,صدیق آباد,247796,6
89615,3944,ضیاء آباد,247797,6
89616,3944,عباس آباد,247800,6
89617,3944,فرهنگ آباد,247804,6
89618,3944,فریدون آباد,247805,6
89619,3944,فهیم آباد,247806,6
89620,3944,مزرعه علی نانوا,247807,6
89621,3944,قلندری,247809,6
89622,3944,کلبعلی,247810,6
89623,3944,گویجک,247811,6
89624,3944,لای شیرین,247812,6
89625,3944,لاله زار,247813,6
89626,3944,محب علی,247814,6
89627,3944,محله بغل,247815,6
89628,3944,محمد آباد,247816,6
89629,3944,محمود آباد,247818,6
89630,3944,محمود حسین,247819,6
89631,3944,مزرعه اسداله,247820,6
89632,3944,مزرعه بالا,247821,6
89633,3944,مزرعه پسند,247822,6
89634,3944,مزرعه حبیب,247824,6
89635,3944,مزرعه خسرو,247825,6
89636,3944,مزرعه سفید,247827,6
89637,3944,مزرعه سنگ,247829,6
89638,3944,مزرعه شمس,247830,6
89639,3944,مزرعه علی,247831,6
89640,3944,مشغله زار,247834,6
89641,3944,مصطفی آباد,247835,6
89642,3944,ملا زمان,247836,6
89643,3944,مورک,247837,6
89644,3944,نجف آباد,247840,6
89645,3944,نجف آباد,247842,6
89646,3944,نجم الدین,247843,6
89647,3944,نصرت آباد,247844,6
89648,3944,نور آباد,247847,6
89649,3944,احمد آباد,248255,6
89650,3944,احمد آباد,248256,6
89651,3944,امامزاده سید محمد,248261,6
89652,3944,بازیتوک/ بایزید,248263,6
89653,3944,بیتوک,248268,6
89654,3944,بیستون,248270,6
89655,3944,پوزه,248273,6
89656,3944,ترکان آباد,248277,6
89657,3944,تیرآباد,248279,6
89658,3944,حاجی علی بمان,248286,6
89659,3944,حجت آباد,248288,6
89660,3944,حریص سفلی,248291,6
89661,3944,حریص علیا (کهله),248292,6
89662,3944,حسن آباد بالا,248293,6
89663,3944,حسن آباد,248294,6
89664,3944,حسین آباد,248302,6
89665,3944,حسین آباد میر احمدی,248306,6
89666,3944,خدومه,248309,6
89667,3944,خضرآباد,248312,6
89668,3944,درک آخوندی ( نورانیان ),248317,6
89669,3944,دستگرد,248322,6
89670,3944,دماکوه,248323,6
89671,3944,دهچاک,248324,6
89672,3944,ریگ آباد,248329,6
89673,3944,زور آباد,248331,6
89674,3944,سنجدی,248335,6
89675,3944,سور آباد,248337,6
89676,3944,علی خانی,248348,6
89677,3944,علابین عرب,248350,6
89678,3944,علابین کهنه,248351,6
89679,3944,فیس آباد,248352,6
89680,3944,کاظم آباد,248357,6
89681,3944,مزرعه کاظم,248358,6
89682,3944,کلاه دوز,248360,6
89683,3944,کوره آهک پزی,248362,6
89684,3944,کوهک,248363,6
89685,3944,گلین آباد,248365,6
89686,3944,گویجک,248366,6
89687,3944,مزرعه ابرقویی,248372,6
89688,3944,مزرعه گلشن,248375,6
89689,3944,مزرعه حاجی احمد,248376,6
89690,3944,مزرعه خشک,248379,6
89691,3944,مزرعه خواجه,248380,6
89692,3944,مزرعه رییس,248383,6
89693,3944,مزرعه سیدها,248384,6
89694,3944,مزرعه حاجی سید علی,248386,6
89695,3944,منصور آباد,248391,6
89696,3944,منگو,248392,6
89697,3944,مورگاوان,248395,6
89698,3944,ولی آباد,248402,6
89699,3944,هلال آباد,248403,6
89700,3944,محمد آباد,510264,6
89701,3944,حسن آباد,510267,6
89702,3944,حاجی آباد,510268,6
89703,3944,انجیرک بالا,510269,6
89704,3944,اصغر آباد,510270,6
89705,3944,بریموک,510271,6
89706,3944,سعادت آباد,510272,6
89707,3944,بنستان,510273,6
89708,3944,مزرعه آقا,510274,6
89709,3944,قصر شیرین,510280,6
89710,3944,کشتارگاه نیر,510281,6
89711,3944,لرزدوکلاه,510288,6
89712,3944,موزی,511336,6
89713,3944,مزرعه نو باغ بید,511509,6
89714,3944,باغ نو,511648,6
89715,3944,نجف آباد,511649,6
89716,3944,معدن بنیاد سپاه,921014,6
89717,3944,حسن آباد پایین,921015,6
89718,3944,مزرعه قربون,921016,6
89719,3944,علی آباد,921017,6
89720,3944,اردوگاه بهزیستی,921025,6
89721,3944,شهرک گلخانه ای نیر,921093,6
89722,3944,کارخانه شمش فولاد کوهستان,921762,6
89723,3944,نیروگاه خورشیدی شمس نیر,921763,6
89724,3944,ایستگاه گاز نیر,921764,6
89725,3944,دامداری دهقان,921765,6
89726,3945,آب شفا,247963,6
89727,3945,ابراهیم آباد,247964,6
89728,3945,احمد آباد رشتی,247970,6
89729,3945,احمد آباد رجبعلی,247971,6
89730,3945,اسلام آباد,247975,6
89731,3945,آسیاب علیا,247977,6
89732,3945,اقبال آباد,247979,6
89733,3945,اکبر آباد علیا,247980,6
89734,3945,امیر آباد,247982,6
89735,3945,باقر آباد,247986,6
89736,3945,باقر آباد,247987,6
89737,3945,بزگ آباد,247990,6
89738,3945,بین آباد,247994,6
89739,3945,جلال آباد,247999,6
89740,3945,جهان آباد,248000,6
89741,3945,چاه آب آشامیدنی فخر آباد,248002,6
89742,3945,چاه صدیق آباد,248010,6
89743,3945,حاجی آباد,248014,6
89744,3945,حجت آباد,248015,6
89745,3945,حجت آباد کوار,248016,6
89746,3945,حسن آباد,248018,6
89747,3945,حسن آباد کوار,248019,6
89748,3945,حسن آباد مرشد,248020,6
89749,3945,حسین آباد پشمی,248021,6
89750,3945,حسین آباد تل زرد,248022,6
89751,3945,حسین آباد شفیع پور,248023,6
89752,3945,حسین آباد کوار,248024,6
89753,3945,حیدر آباد,248027,6
89754,3945,دستگرد سفلی,248029,6
89755,3945,دشت آباد,248031,6
89756,3945,دولت آباد,248032,6
89757,3945,رحیم آباد,248035,6
89758,3945,رشکوئیه,248036,6
89759,3945,رضا آباد,248037,6
89760,3945,رعد آباد,248038,6
89761,3945,ریزآب,248040,6
89762,3945,اشک آباد,248046,6
89763,3945,شرکت کشاورزی الخیر,248052,6
89764,3945,صدیق آباد,248057,6
89765,3945,عباس آباد کوار,248058,6
89766,3945,عزیز آباد,248060,6
89767,3945,علی آباد,248062,6
89768,3945,فخر آباد,248064,6
89769,3945,قادر آباد,248066,6
89770,3945,کریم آباد,248071,6
89771,3945,کفیر,248072,6
89772,3945,کمال آباد,248074,6
89773,3945,گاریز سفلی,248077,6
89774,3945,گاریز علیا,248078,6
89775,3945,گوراب,248079,6
89776,3945,محمد آباد,248081,6
89777,3945,محمد آباد,248082,6
89778,3945,محمد آباد,248083,6
89779,3945,محمد آباد حاجی حسین,248085,6
89780,3945,محمد جانی,248086,6
89781,3945,مرشدی,248088,6
89782,3945,مریم آباد,248089,6
89783,3945,مزرعه حاجی علی بابا,248090,6
89784,3945,مزرعه حسین,248091,6
89785,3945,مزرعه علی عبداله,248092,6
89786,3945,محمد آباد غفاری,248093,6
89787,3945,معدن سنگ تراورتن هوشنگ آباد,248096,6
89788,3945,منصوری,248097,6
89789,3945,مهدی آباد,248098,6
89790,3945,میر احمدی,248100,6
89791,3945,نجف آباد,248101,6
89792,3945,وزیری,248103,6
89793,3945,هادی خانی,248104,6
89794,3945,هوشنگ آباد,248106,6
89795,3945,کاظم آباد,248112,6
89796,3945,وکیل آباد,510291,6
89797,3945,ناحیه صنعتی گاریزات,510292,6
89798,3945,مزرعه رضایی,511339,6
89799,3945,شرکت احرار,511340,6
89800,3945,خیرآباد,511341,6
89801,3945,باغ سر آسیاب,511514,6
89802,3945,معدن سنگ چینی معلا,511516,6
89803,3945,حاجی آباد,821073,6
89804,3945,تراورتن دشت آباد,921009,6
89805,3945,مزرعه سیدا ( اسحقوا ),921027,6
89806,3945,گاوداری کلانتری,921028,6
89807,3945,مرغداری عباس رعد آبادی,921029,6
89808,3945,مرغداری رعد آبادی/ گوهر دشت,921030,6
89809,3945,مجتمع دامداری گاریزات,921031,6
89810,3945,شرکت مرغ گوشتی صالح دشت,921032,6
89811,3945,نقره و طلا چاه زرد,921758,6
89812,3945,کاشی و سرامیک عرشیا سرام,921759,6
89813,3945,دامداری سلیمان پور,921760,6
89814,3945,دامداری قشقایی,921761,6
89815,3946,باقر آباد,246656,6
89816,3946,حسن آباد اکبری,246757,6
89817,3946,حسین آباد,246779,6
89818,3946,دیزران,246816,6
89819,3946,سنجدی,246832,6
89820,3946,فتح آباد,246900,6
89821,3946,کهدوئیه,246917,6
89822,3946,محمد آباد فلاح,246970,6
89823,3946,مزرعه حاجی صادق,247006,6
89824,3946,مزرعه سفید,247018,6
89825,3946,منصور آباد,247067,6
89826,3946,مهدی آباد,247074,6
89827,3946,نصر آباد,247088,6
89828,3946,آغل چاه سرخ,510298,6
89829,3946,آبشخور جهاد,510299,6
89830,3946,مزرعه آقا,511240,6
89831,3946,علی آباد,511586,6
89832,3946,حسین آباد اکبری,921026,6
89833,3947,ابراهیم آباد چهل گزی,247965,6
89834,3947,احمد آباد,247967,6
89835,3947,ارچلون,247972,6
89836,3947,ارنان,247973,6
89837,3947,اسلام آباد,247974,6
89838,3947,اشرف,247978,6
89839,3947,امان مغمع,247981,6
89840,3947,انقلاب کاذه,247983,6
89841,3947,بغدی,247991,6
89842,3947,بهجت آباد,247992,6
89843,3947,چاه بازرگان,248003,6
89844,3947,چاه باهنر,248004,6
89845,3947,نیوک,248006,6
89846,3947,چاه حسن آباد ارنان,248007,6
89847,3947,چاه شکر,248008,6
89848,3947,چاه میل,248011,6
89849,3947,چشمه شکر,248012,6
89850,3947,حکیم باشی,248026,6
89851,3947,خطا,248028,6
89852,3947,رحمت آباد,248033,6
89853,3947,ریزآب,248039,6
89854,3947,سرو,248041,6
89855,3947,شاهزاده,248043,6
89856,3947,شرقیان,248044,6
89857,3947,شرکت ابوالفضل,248045,6
89858,3947,شرکت جان آباد,248047,6
89859,3947,شرکت شیرکوه,248048,6
89860,3947,شرکت عقاب,248049,6
89861,3947,شرکت علی جانی,248050,6
89862,3947,شرکت کشاورزی پیروزآباد ارنان,248051,6
89863,3947,شرکت نورآباد سرو,248053,6
89864,3947,شوراب,248055,6
89865,3947,عبداله آباد,248059,6
89866,3947,علی آباد,248061,6
89867,3947,فتح آباد,248063,6
89868,3947,قدمگاه,248067,6
89869,3947,کرد آباد,248070,6
89870,3947,کوره آهک پزی,248076,6
89871,3947,محمد آباد,248084,6
89872,3947,معدن سنگ مرمر محمود آباد,248094,6
89873,3947,مرمر سبز علی آباد/ صالح المهدی,248095,6
89874,3947,نور آباد,248102,6
89875,3947,همت آباد,248105,6
89876,3947,چاه شهید بهشتی,248108,6
89877,3947,حاجی آباد,248109,6
89878,3947,آغل کنجک سیاه,510677,6
89879,3947,چاه ترش,510711,6
89880,3947,قنات حاجی گونیان,510712,6
89881,3947,معدن سنگ مرمر آهنگ,510713,6
89882,3947,چشمه نیم برزون,510714,6
89883,3947,اقبال آباد/ چاه کشفی پور,510715,6
89884,3947,آبشخور عمومی احمد آباد,510716,6
89885,3947,شهرک صنعتی دشت ارنان,510717,6
89886,3947,اشگفت راه,511379,6
89887,3947,چاه آب آشامیدنی علی آباد چهل,511388,6
89888,3947,چاه آب آشامیدنی ارنان,511406,6
89889,3947,چاه آب آشامیدنی تنگ چنار,511407,6
89890,3947,چاه آب آشامیدنی احمد آباد,511408,6
89891,3947,مجتمع دامداریهای عبداله آباد,511652,6
89892,3947,مرغداری قانع دشت شیرکوه,821208,6
89893,3947,مزرعه مرغ مادر ایساتیس,821209,6
89894,3947,چاه آب آشامیدنی,821210,6
89895,3947,کارخانه کاشی و سرامیک میکاسرام,821899,6
89896,3947,شرکت سیمرغ یزد,821900,6
89897,3947,مزرعه حسین آباد ابریشمی,821905,6
89898,3947,ایستگاه مایکروویو ارچلون,821926,6
89899,3947,کمال آباد,921299,6
89900,3947,مرغداری پردیس/ ابوالقاسم زارع,921398,6
89901,3947,مرمر عسلی آتنا,921787,6
89902,3947,دیده بانی محیط زیست,921788,6
89903,3947,ایستگاه راه آهن,921789,6
89904,3948,ابراهیم آباد,247513,6
89905,3948,احمد آباد,247514,6
89906,3948,آخوند بالا,247516,6
89907,3948,آخوند پایین,247517,6
89908,3948,ادرو,247518,6
89909,3948,اردشکن,247519,6
89910,3948,اکبر آباد,247520,6
89911,3948,اکبر آباد,247521,6
89912,3948,امیر آباد,247522,6
89913,3948,بادامک,247523,6
89914,3948,بنافتی,247524,6
89915,3948,بوجرو,247525,6
89916,3948,بید سوخته بالا,247526,6
89917,3948,بید سوخته پایین,247527,6
89918,3948,پهلوان حسینی,247529,6
89919,3948,توتوک,247531,6
89920,3948,چاه بنه,247532,6
89921,3948,چاه گلیمه,247533,6
89922,3948,چنار,247534,6
89923,3948,حاجی حسن حکیم,247535,6
89924,3948,حاجی سید علی اصغر,247537,6
89925,3948,حاجی شمس,247538,6
89926,3948,حاجی محمد علی,247539,6
89927,3948,حجت آباد,247541,6
89928,3948,حسن آباد,247542,6
89929,3948,حسن آباد,247543,6
89930,3948,حسن آباد,247544,6
89931,3948,حسن آباد,247545,6
89932,3948,حسین آباد,247547,6
89933,3948,حسین آباد کریزان,247548,6
89934,3948,حسین آباد کنج کوه,247550,6
89935,3948,حسین آباد لا زرد,247551,6
89936,3948,حیدر آباد,247555,6
89937,3948,خلیل آباد,247556,6
89938,3948,دره ارزنی,247557,6
89939,3948,دکونوک,247558,6
89940,3948,رحمت آباد,247559,6
89941,3948,رحیم آباد,247560,6
89942,3948,رضا آباد,247562,6
89943,3948,رضا آباد بوکان,247563,6
89944,3948,زردآلو,247564,6
89945,3948,سید آباد,247568,6
89946,3948,سید آقایی,247569,6
89947,3948,سید جواد,247570,6
89948,3948,طباف,247571,6
89949,3948,عباس آباد,247572,6
89950,3948,عباس آباد,247574,6
89951,3948,عباس آباد,247575,6
89952,3948,علی آباد,247578,6
89953,3948,علی آباد,247579,6
89954,3948,علی آباد دم تنگ,247581,6
89955,3948,علی آباد سرگدار,247582,6
89956,3948,علی مرادی,247583,6
89957,3948,فیض آباد,247586,6
89958,3948,قاسم آباد,247587,6
89959,3948,کریزان,247589,6
89960,3948,کریم آباد,247590,6
89961,3948,کوری جهاز,247591,6
89962,3948,کوکک,247592,6
89963,3948,گود آغل,247593,6
89964,3948,گودالک,247594,6
89965,3948,محمد آباد رحیمیان,247596,6
89966,3948,مروزین پایین,247597,6
89967,3948,مروزین بالا,247598,6
89968,3948,مزرعه حاجی غلام رضا دهقان,247600,6
89969,3948,مزرعه حاجی سید محمد نور,247602,6
89970,3948,مزرعه حاجی باقری,247603,6
89971,3948,مزرعه خردمند,247604,6
89972,3948,مزرعه قادری,247605,6
89973,3948,مزرعه سید,247606,6
89974,3948,مزرعه سید محمد نور,247607,6
89975,3948,مزرعه عطار,247608,6
89976,3948,مزرعه نانوا,247612,6
89977,3948,مزرعه نو,247613,6
89978,3948,ملک آباد,247614,6
89979,3948,مهدی آباد,247617,6
89980,3948,میرزا جعفر/ هاجر,247618,6
89981,3948,نصرت آباد,247619,6
89982,3948,مزرعه کرباسیان,247620,6
89983,3948,ولی آباد/ مضطر,247621,6
89984,3948,هاشم آباد,247622,6
89985,3948,همت آباد,247623,6
89986,3948,یوسف آباد,247624,6
89987,3948,مزرعه علی مسیح,510679,6
89988,3948,منبع آب آشامیدنی تنگ چنار,511378,6
89989,3948,وحیدآباد,511796,6
89990,3948,معدن سنگ اصغر زارع,821902,6
89991,3948,اورژانس بین جاده ای تنگ چنار,821903,6
89992,3948,منبع آب آشامیدنی 2 تنگ چنار,921399,6
89993,3949,حق آباد شرکاء,247554,6
89994,3949,آب انبار تنگ,248801,6
89995,3949,اردوگاه شهید جعفرزاده/ آدرشک,248802,6
89996,3949,اکبر آباد,248807,6
89997,3949,ایستگاه 53 قدیر آباد,248813,6
89998,3949,باغ دهوک,248814,6
89999,3949,پشه آباد,248820,6
90000,3949,تقی آباد عطار,248822,6
90001,3949,تقی آباد,248823,6
90002,3949,چاه مورتونی,248866,6
90003,3949,حسین آباد کوهپایه,248880,6
90004,3949,خورمیز سفلی,248886,6
90005,3949,خورمیز علیا,248887,6
90006,3949,خیر آباد جلیلی,248888,6
90007,3949,خیر آباد شرکاء,248889,6
90008,3949,چلوکبابی صحرا,248892,6
90009,3949,رضائیه,248894,6
90010,3949,سریزد,248896,6
90011,3949,شمس آباد,248904,6
90012,3949,شهرک صنعتی,248905,6
90013,3949,عشق آباد,248914,6
90014,3949,عصمت آباد,248915,6
90015,3949,علی آباد زارع,248918,6
90016,3949,قادرآباد,248921,6
90017,3949,کالمند,248927,6
90018,3949,کوره آهک جلال خباز,248930,6
90019,3949,دامگاهان,248935,6
90020,3949,محمد آباد جلیلی,248937,6
90021,3949,محمد آباد طباطبایی,248938,6
90022,3949,محمود آباد,248941,6
90023,3949,مخلصون,248944,6
90024,3949,مدوار,248945,6
90025,3949,مرغ گوشتی مهریز,248948,6
90026,3949,مزرعه احمد,248949,6
90027,3949,مزرعه استادان,248951,6
90028,3949,مزرعه تبریزی,248953,6
90029,3949,مزرعه حاجی حسین,248954,6
90030,3949,مزرعه حاجی عبداله,248955,6
90031,3949,مزرعه حاجی محمد علی,248956,6
90032,3949,مزرعه خشک,248957,6
90033,3949,مزرعه سید,248958,6
90034,3949,مزرعه شریف,248959,6
90035,3949,عباس آباد,248960,6
90036,3949,مزرعه کمال,248962,6
90037,3949,مزرعه کمال آباد,248963,6
90038,3949,مزرعه نواب/ مرغداری هدهد,248965,6
90039,3949,مزرعه وزیر,248966,6
90040,3949,مسجد سیدالشهداء,248969,6
90041,3949,معدن سنگ دامگاهان,248972,6
90042,3949,میرک آباد,248976,6
90043,3949,نعمت آباد,248977,6
90044,3949,نور آباد,248978,6
90045,3949,هرفته,248980,6
90046,3949,کارخانه آسفالت شرکت حریتاشی,510655,6
90047,3949,پاسگاه پلیس راه یزد کرمان,510657,6
90048,3949,تعویض روغنی فیاضی,510658,6
90049,3949,کارگاه سریشم سازی,510659,6
90050,3949,سیمان تجارت یزد,510660,6
90051,3949,شرکت ماسه و شن دانه بندی مهریز (بنیاد بتن ),510661,6
90052,3949,ایستگاه صدا و سیما,510663,6
90053,3949,پاسگاه ویژه شهید مدنی,510664,6
90054,3949,کوره آهک پزی اکبر کمالیان,510665,6
90055,3949,آب انبار فرسخ,510666,6
90056,3949,هاشم آباد,510669,6
90057,3949,شرکت دام گستر یزد,510670,6
90058,3949,عباس آباد خوشنویس,510671,6
90059,3949,مزرعه حیدر,510672,6
90060,3949,برج دیده بانی کالمند,510674,6
90061,3949,مزرعه چادری,510675,6
90062,3949,مزرعه اسلام آباد,510676,6
90063,3949,پادگان آموزشی بسیج صاحب الزمان مهریز,510680,6
90064,3949,حسین آباد,511169,6
90065,3949,سالن غذاخوری پردیس کویر,511368,6
90066,3949,مجتمع تعویض روغن جنوب شرق,511369,6
90067,3949,سالن پذیرایی ستاره کویر یزد,511370,6
90068,3949,شهرک سنگ و کاشی مهریز,511371,6
90069,3949,فاز دوم شهرک صنعتی مهریز,511451,6
90070,3949,مجتمع پروار بندی گرده کوه,511558,6
90071,3949,کارگاه آسفالت نداف,511650,6
90072,3949,شرکت مرغ هوبره,511791,6
90073,3949,مرغداری تعاونی چهار,511792,6
90074,3949,شرکت راهسازی راهکاران,511793,6
90075,3949,شرکت شرق گاز,511794,6
90076,3949,صنایع کاغذ مهر,511795,6
90077,3949,شرکت تعاونی عایق بام سهند یزد,511800,6
90078,3949,مزرعه لابید,511839,6
90079,3949,مجتمع مرغداریهای هرفته,511840,6
90080,3949,مزرعه لابید,821059,6
90081,3949,مجتمع مرغداریها ی مهریز,821061,6
90082,3949,کارگاه مجتمع تولید سریشم سریزد,821062,6
90083,3949,شرکت فرش راه یزد,821063,6
90084,3949,سایت 196 هکتاری مهریز,821064,6
90085,3949,ایستگاه گاز سی ان جی امام علی (ع),821065,6
90086,3949,پمپ بنزین و ایستگاه گاز سی ان جی خورشیدی,821066,6
90087,3949,پایانه بار دوم,821242,6
90088,3949,مخزن آب,821243,6
90089,3949,معدن شن و ماسه امین,821244,6
90090,3949,ایستگاه پمپاژ گاز,821245,6
90091,3949,پایانه باربری و حمل و نقل,821246,6
90092,3949,شرکت آسفالت گستر نصر یزد,821247,6
90093,3949,سنگ شکن پارس گرما,821248,6
90094,3949,آهک آزادی ( حاجی بحری ),821249,6
90095,3949,کوره آهک زارع,821250,6
90096,3949,شن و ماسه درستکار,821251,6
90097,3949,شرکت کشت و صنعت نار مهریز,821252,6
90098,3949,دامداری حسن اکبری,821253,6
90099,3949,کارگاه خاتم الانبیاء,821254,6
90100,3949,بوستان جنگلی گلستان,821257,6
90101,3949,معدن سه دارون,821456,6
90102,3949,دانشگاه امام صادق (ع),821911,6
90103,3949,منبع آب,821912,6
90104,3949,ایستگاه پمپاژ آب,821914,6
90105,3949,دامداری علی اکبری,821915,6
90106,3949,مرکز مکانیزه معاینه فنی هوای پاک مهریز,821918,6
90107,3949,شرکت زمرد سبز ( پسته ),821919,6
90108,3949,مخزن 5000 متر مکعبی جاده میانکوه,821920,6
90109,3949,معدن شن و ماسه همیاری شهرداریها,821921,6
90110,3949,شن و ماسه سیمای مصالح,821922,6
90111,3949,مجتمع خدمات رفاهی آتنا,821923,6
90112,3949,مزرعه گبر,921290,6
90113,3949,ایستگاه تقلیل گاز,921387,6
90114,3949,ایستگاه راه آهن مهریز,921388,6
90115,3949,محمد آباد/ مزرعه مدرسی,921389,6
90116,3949,مزرعه ناصری,921390,6
90117,3949,مجتمع کشتارگاهی معین دام,921391,6
90118,3949,پست برق مهرگان,921392,6
90119,3949,مجتمع آهن اسفنجی ایساتیس,921393,6
90120,3949,بندرخشک پیشگامان,921394,6
90121,3949,شهرک صنعتی یزدمهر,921395,6
90122,3949,شرکت اطلس گرانول,921396,6
90123,3949,مجتمع گاوداریهای شهرداری,921397,6
90124,3949,پرورش شتر مرغ هزار پرنده,921409,6
90125,3949,قطبک,921529,6
90126,3949,فولاد سامان یزد,921793,6
90127,3950,ابراهیم آباد,249451,6
90128,3950,انجیره,249456,6
90129,3950,بابا میر,249457,6
90130,3950,اردوگاه قایم آل محمد,249461,6
90131,3950,بن رنگ,249462,6
90132,3950,بنادک سادات,249463,6
90133,3950,پیرنارکی,249469,6
90134,3950,ثانی آباد,249472,6
90135,3950,جعفر آباد,249474,6
90136,3950,حسین آباد مشیری,249480,6
90137,3950,حیدرآباد,249481,6
90138,3950,دره,249483,6
90139,3950,سیدآباد,249488,6
90140,3950,طزنج,249492,6
90141,3950,فخر آباد,249495,6
90142,3950,گل افشان,249497,6
90143,3950,گهور,249499,6
90144,3950,لای زردی,249506,6
90145,3950,لاسوته,249507,6
90146,3950,لاگردو,249508,6
90147,3950,مرغداری ایران مرغ,249512,6
90148,3950,گاو شیری بوستان کویر مهریز/ مزرعه احمد,249514,6
90149,3950,مزرعه پاگدار علی خطی,249519,6
90150,3950,مزرعه جودی,249521,6
90151,3950,مرغداری حسین دهقان ( مزرعه عبد الرحیم ),249528,6
90152,3950,منشاد,249536,6
90153,3950,نادیوک,249540,6
90154,3950,هنزا,249541,6
90155,3950,یوسف آباد,249542,6
90156,3950,حسن آباد,510649,6
90157,3950,اکبر آباد,510668,6
90158,3950,مزرعه گور,511788,6
90159,3950,معدن سنگ تادر,511789,6
90160,3950,ایستگاه تحقیقاتی بخش سیلاب,511790,6
90161,3950,مرغداری مدرسی,511837,6
90162,3950,کوره آهک علی نصیریان,511838,6
90163,3950,گاوداری حسن ابویی,821230,6
90164,3950,مجتمع دام و طیور ابراهیم آباد,821231,6
90165,3950,شرکت خوراک دام,821232,6
90166,3950,مرغداری شرکت بهاور ( نوروز پور),821233,6
90167,3950,مرغداری شاهین دشت,821234,6
90168,3950,گاوداری دامگاهان,821235,6
90169,3950,شرکت امید کوهستان,821236,6
90170,3950,مرغداری پاطلایی,821237,6
90171,3950,مرغداری پیمان,821238,6
90172,3950,مرغداری سحر,821239,6
90173,3950,مرغداری عباس دهقان,821240,6
90174,3950,آب انبار,821901,6
90175,3950,مجتمع گاو شیری ثانی آباد,821906,6
90176,3950,اورژانس جاده ای میانکوه,821907,6
90177,3950,شرکت دامپروری ناز مهریز,821908,6
90178,3950,گاوداری عباس زاغ ( زارع ),821913,6
90179,3950,معدن سنگ چینی تادور,921382,6
90180,3950,شرکت مهریز طیور کیا,921383,6
90181,3951,معدن مهدی آباد,245573,6
90182,3951,اسد آباد,248803,6
90183,3951,اسلام آباد پور فلاح,248804,6
90184,3951,ایستگاه ماکروویو شمش,248812,6
90185,3951,باقر آباد,248815,6
90186,3951,برج حاجی محمد تقی,248816,6
90187,3951,بهادران,248817,6
90188,3951,بهارستان,248818,6
90189,3951,توکل آباد بهادران,248824,6
90190,3951,توکل آباد,248825,6
90191,3951,جعفر آباد گرده کوه,248826,6
90192,3951,چاه احمدآباد,248828,6
90193,3951,چاه احمد آباد خمینی,248829,6
90194,3951,چاه ارباب شهریاری,248830,6
90195,3951,چاه اسد آباد/ جعفر آباد,248831,6
90196,3951,چاه اکبر اربابی,248832,6
90197,3951,چاه الهیه/ چاه خویدکیها,248833,6
90198,3951,امیر آباد ابولی زاده و شرکاء,248834,6
90199,3951,چاه امیر آباد,248835,6
90200,3951,چاه امین آباد,248836,6
90201,3951,چاه ترش,248837,6
90202,3951,حکمت آباد ( چاه غلامرضا حکیمی ),248838,6
90203,3951,چاه حاجی آباد شهید بهشتی,248841,6
90204,3951,چاه حاجی آباد پورحسینی,248842,6
90205,3951,حسین آباد خمینی,248844,6
90206,3951,چاه همت آباد ( چاه هاشم ),248845,6
90207,3951,چاه رضا خاموشی (چاه قناد),248848,6
90208,3951,حسن آباد گرده کوه ( زور آباد ),248849,6
90209,3951,چاه ملا باشی ها,248851,6
90210,3951,چاه گله,248855,6
90211,3951,مجید آباد دلبر,248856,6
90212,3951,چاه محمد آباد اسلامی,248858,6
90213,3951,چاه محمدآباد بهشتی و شرکاء,248859,6
90214,3951,چاه محمدآباد دلبر,248860,6
90215,3951,چاه محمدآباد شیر محمدی,248861,6
90216,3951,مراد آباد گرده کوه,248864,6
90217,3951,چاه مروج,248865,6
90218,3951,چاه مهدی آباد گرده کوه,248867,6
90219,3951,چاه میرزا محمد شاکری,248868,6
90220,3951,چاه ناصر ملک زاده,248869,6
90221,3951,چاه ناصری,248870,6
90222,3951,چاه نجف آباد,248871,6
90223,3951,چاه همت آباد گرده کوه (شورک),248874,6
90224,3951,چشمه پرپا,248875,6
90225,3951,چاه حسن آباد اسلامی (شیشه بر و شرکاء),248877,6
90226,3951,حسین آباد محمود,248881,6
90227,3951,چاه حمیدیه,248882,6
90228,3951,کاظم آباد,248883,6
90229,3951,خمینی آباد شرکاء,248884,6
90230,3951,رحمت آباد,248891,6
90231,3951,رضا آباد شمسائی,248893,6
90232,3951,رباط زین الدین,248895,6
90233,3951,سعید آباد,248897,6
90234,3951,شرکت داس,248901,6
90235,3951,شکر آباد,248903,6
90236,3951,صالحی,248906,6
90237,3951,صفه قاسم صفر,248907,6
90238,3951,عباس آباد,248909,6
90239,3951,عباس آباد,248910,6
90240,3951,مزرعه عسگر آباد,248912,6
90241,3951,عشق آباد,248913,6
90242,3951,علی آباد,248916,6
90243,3951,علی آباد گرده کوه,248917,6
90244,3951,مزرعه علیرضا ( فیض آباد),248920,6
90245,3951,قاضی آباد شمسایی,248922,6
90246,3951,قلعه نو محمودآباد,248923,6
90247,3951,قهوه خانه عباس آباد,248924,6
90248,3951,کرمانشاهان,248928,6
90249,3951,کریم آباد,248929,6
90250,3951,محمد آباد علیزاده,248936,6
90251,3951,محمد آباد منصوری,248940,6
90252,3951,محمود آباد,248942,6
90253,3951,مراد آباد ابوالقاسم,248946,6
90254,3951,مزرعه احمدی,248950,6
90255,3951,مزرعه الهیه,248952,6
90256,3951,مزرعه علیرضا خان,248961,6
90257,3951,مزرعه وقف آباد,248967,6
90258,3951,مجتمع خدمات رفاهی مسجد ابوالفضل,248968,6
90259,3951,مزرعه مسعودیه/ چاه جلیلیان,248971,6
90260,3951,معدن مرمریت مسجد ابوالفضل,248973,6
90261,3951,مهدی آباد,248974,6
90262,3951,خرم آباد,248981,6
90263,3951,چشمه باغ بیدمشک,510093,6
90264,3951,چاه کشاورزی اسلام آباد,510682,6
90265,3951,آبشخور عمومی بندزرد گرده کوه,510683,6
90266,3951,چاه کشاورزی محمد آباد شرکاء,510684,6
90267,3951,چاه علی آباد فیاض,510685,6
90268,3951,امیر آباد شرکاء,510686,6
90269,3951,چاه عصمت آبادیها,510687,6
90270,3951,چاه الهیه,510689,6
90271,3951,انقلاب آباد بهادران/ چاه انگوری,510690,6
90272,3951,چاه شرکت مه شهر پژرام,510691,6
90273,3951,چاه مهدی آبادیها,510692,6
90274,3951,چاه حجت آباد,510693,6
90275,3951,ناحیه صنعتی بهادران,510695,6
90276,3951,کارخانه چرم سازی,510698,6
90277,3951,گذر دوازده امام,510702,6
90278,3951,آب انبار مرتع در استان,510703,6
90279,3951,آب انبار تنگ حنا,510704,6
90280,3951,مزرعه سادات آباد,510706,6
90281,3951,ابراهیم آباد جدیدی ( چشمه نظر ),510707,6
90282,3951,مزرعه شمس,510709,6
90283,3951,چاه شیر,510710,6
90284,3951,مرغ تخمگذار سالار یزد,511380,6
90285,3951,چاه تلمبه آب آشامیدنی مسجد ابوالفضل,511381,6
90286,3951,مرغداری ساحل,511382,6
90287,3951,دامداری اصغر صدوقی,511385,6
90288,3951,مرکز طرح هوبره,511386,6
90289,3951,دیده بانی محیط زیست,511387,6
90290,3951,چاه شمش,511411,6
90291,3951,چاه جلال مکانیک و شرکاء,511412,6
90292,3951,چاه میرزا آقا خانی,511413,6
90293,3951,چاه علی آباد ظروفچی,511414,6
90294,3951,چاه عبدالله حاجی حسینی,511415,6
90295,3951,چاه رضائیه,511416,6
90296,3951,چاه شهدا مهریز,511562,6
90297,3951,مجتمع دام و طیور شرکت مرصوص,511653,6
90298,3951,مرکز تکثیر گورخر ایرانی,511799,6
90299,3951,مزرعه حاجی حسین انتظاری,511842,6
90300,3951,چاه گلدشت,821056,6
90301,3951,مزرعه اسلام آباد,821057,6
90302,3951,مرغداری,821211,6
90303,3951,مرغداری نوک طلا,821212,6
90304,3951,مجتمع تولید و بسته بندی (سرد خانه),821213,6
90305,3951,مرغ گوشتی فخرا,821214,6
90306,3951,چاه آب آشامیدنی مهدی آباد بهادران,821215,6
90307,3951,حمید آباد اسلامی,821216,6
90308,3951,چاه حاج علی نجار زاده,821217,6
90309,3951,شرکت خشکبار نگین سبز,821218,6
90310,3951,گاوداری رشیدی,821220,6
90311,3951,گاوداری محمد حسین جعفرپور,821221,6
90312,3951,چاه کشاورزی محمود آباد,821222,6
90313,3951,چاه کوثر 3,821223,6
90314,3951,چاه کوثر 4,821224,6
90315,3951,چاه کوثر 2,821225,6
90316,3951,چاه ایزد آباد,821226,6
90317,3951,کاظم آباد گزوییه,821227,6
90318,3951,چاه ده حیدر,821228,6
90319,3951,چاه محمدیه دشتی,821229,6
90320,3951,پاسگاه سرمحیط بانی سرگدار مهریز,821435,6
90321,3951,پمپ آب شماره 1 معدن سرب و روی مهدی آباد,821455,6
90322,3951,چاه آب کارخانه سیمان بهروک مهریز,821895,6
90323,3951,پایگاه امداد و نجات,821898,6
90324,3951,آنتن مخابرات,821909,6
90325,3951,چاه آب آشامیدنی,821910,6
90326,3951,چاه حاجی مختار,921291,6
90327,3951,سرمحیط بانی تنگ حنا,921402,6
90328,3951,دامداری ناصر,921403,6
90329,3951,مرغداری حاج عباس خراسانی,921404,6
90330,3951,مرغداری مهدی خراسانی,921405,6
90331,3951,پرورش شتر مرغ پرناز,921406,6
90332,3951,مرغداری محسن محسنی,921407,6
90333,3951,مرغداری هادی دهقان,921408,6
90334,3951,پرورش شتر مرغ صحرا,921785,6
90335,3951,پرورش کبک دهقان,921786,6
90336,3952,پادگان شهید آیت الله بهشتی,250703,6
90337,3952,پادگان شهید صدوقی,250706,6
90338,3952,کارخانه سنگ کوبی زنبق,250727,6
90339,3952,شحنه,250729,6
90340,3952,شرکت سیمرغ,250732,6
90341,3952,شهرک صنعتی یزد,250736,6
90342,3952,فرودگاه یزد,250743,6
90343,3952,پارک کوهستان,250747,6
90344,3952,کارگاه شرکت حریتاش,250752,6
90345,3952,کوره آهک شکوفه,250759,6
90346,3952,مرکز تحقیقات کشاورزی و منابع طبیعی,250788,6
90347,3952,کارخانه آسفالت اداره موحدین,510983,6
90348,3952,شرکت بنیاد بتن جنوب شرق,510984,6
90349,3952,شرکت توربین های صنعتی غدیر,510985,6
90350,3952,آغل گوسفند,510988,6
90351,3952,گروه تولیدی و صنعتی فولاد یزد,510993,6
90352,3952,شرکت صنایع لاستیک,510996,6
90353,3952,گاوداری,511254,6
90354,3952,پایانه بار یزد,511457,6
90355,3952,ایستگاه صدا و سیما برون مرزی,511458,6
90356,3952,شرکت هوشمند کویر یزد,511459,6
90357,3952,کمپ توریست درمانی,821040,6
90358,3952,موقعیت شهید محمد حسن رشیدی,821041,6
90359,3952,پارک علم و فناوری استان یزد,821103,6
90360,3952,آمادگاه شهید الله دادی,821131,6
90361,3952,کارخانه آسفالت برادران,821132,6
90362,3952,مرغ مادر,821137,6
90363,3952,دانشگاه آزاد علوم و تحقیقات,821138,6
90364,3952,شرکت نمایشگاه های تجاری بین المللی یزد,821139,6
90365,3952,میدان مرکزی میوه و تره بار,821147,6
90366,3952,شرکت فولاد گستر,821165,6
90367,3952,شرکت تعاونی دامداران,821171,6
90368,3952,انبار مرکزی آب و فاضلاب استان یزد,821172,6
90369,3952,ایستگاه گاز,821173,6
90370,3952,تصفیه خانه آب یزد,821174,6
90371,3952,مجتمع معدنی شن و ماسه,821175,6
90372,3952,دانشگاه پیام نور مرکز یزد,821176,6
90373,3952,حوزه علمیه حضرت زینب (س),821177,6
90374,3952,ایستگاه آتش نشانی حافظ,821178,6
90375,3952,نیروگاه برق شهید سامعی,821179,6
90376,3952,جایگاه اختصاصی موسوی,821180,6
90377,3952,اداره کل گمرک یزد,821181,6
90378,3952,منطقه ویژه اقتصادی یزد,821182,6
90379,3952,صنایع دفاع,821183,6
90380,3952,ساختمان اداری گمرک,821184,6
90381,3952,مجموعه ورزشی طلائیه یزد,821930,6
90382,3952,مجتمع تفریحی فرهنگی گردشگری کوثر یزد,921298,6
90383,3952,معدن سنگ,921376,6
90384,3952,کارخانه آسفالت ناورود,921377,6
90385,3953,احمد آباد مشیر,250692,6
90386,3953,ایستگاه رخش,250700,6
90387,3953,ایستگاه یزدگرد,250701,6
90388,3953,چاه سید احمد دشتی,250711,6
90389,3953,علی آباد دشتی,250715,6
90390,3953,خویدک,250719,6
90391,3953,شهدا,250734,6
90392,3953,ایستگاه رادیویی شهید امیری,250742,6
90393,3953,فهرج,250744,6
90394,3953,محمد آباد,250776,6
90395,3953,چاه محمد آباد یزدانی,250778,6
90396,3953,مجتمع کوره های آجر فهرج,511076,6
90397,3953,ایستگاه 132 کیلو وات فهرج,821200,6
90398,3953,باشگاه سوارکاری افشین,821201,6
90399,3953,چاه اولیه خویدک,821202,6
90400,3953,مرغداری طلوع شمس,821203,6
90401,3953,چاه آب شرکت ذوب روی,821204,6
90402,3953,مرغداری خواجه پور,821205,6
90403,3953,تعاونی 62 فهرج,821206,6
90404,3953,مرغداری سیمین فهرج,821207,6
90405,3953,مخزن گاز,821929,6
90406,3953,منبع و چاه آب آشامیدنی فهرج,921371,6
90407,3953,شرکت تعاونی 95 یزد,921372,6
90408,3953,گاوداری شرکاء,921373,6
90409,3953,مرغداری کرمی,921374,6
90410,3953,مجتمع دامداری جهاد,921375,6
90411,3953,کمپ طبیعت گردی بادیه,921384,6
90412,3953,کمپ کویر نوردی,921385,6
90413,3953,پیشرو کاغذ,921386,6
90414,3954,ده نو,250723,6
90415,3954,سید میرزا,250728,6
90416,3954,چاه حاجی اصغر لطف آبادی,821402,6
90417,3954,چاه شماره 26 قاسم آباد دهنو,821924,6
90418,3954,مخازن و تاسیسات جانبی مجتمع ولایت یزد,821925,6
90419,3955,اکرم آباد,250696,6
90420,3955,چاه اکرمی,250697,6
90421,3955,چاه مدرسی,250712,6
90422,3955,حسین آباد ریسمانی,250717,6
90423,3955,دولت آباد امانت,250722,6
90424,3955,عسکریه,250740,6
90425,3955,محمدیه,250779,6
90426,3955,محمودی,250781,6
90427,3955,نارستانه,250793,6
90428,3955,حوض جعفر,511032,6
90429,3955,آب انبار گلو دروازه,511039,6
90430,3955,کارگاه شن و ماسه نگین,511041,6
90431,3955,ماسه شویی علمدار,821192,6
90432,3955,ماسه شویی کوثر کویر,821193,6
90433,3955,کارخانه سیمان آزادگان یزد,821194,6
90434,3955,کوره آهک عارف,821195,6
90435,3955,کارخانه 250 تنی تولید کمپوست,821196,6
90436,3955,باسکول شهرداری,821197,6
90437,3955,ماسه شویی مظفری,821198,6
90438,3955,مجتمع گاوداری,821199,6
90439,3955,سایت پارا گلایدر,921369,6
90440,3955,مجتمع دامداری,921370,6
90441,3955,اتحادیه تعاونی نساجی شمیم,921726,6
90442,3955,دهکده سوارکاری,921727,6
90443,3955,مخزن انتقال آب شماره 5,921732,6
90444,3955,پرورش بلدرچین میرحسینی,921733,6
90445,3955,کمپ گردشگری هفت سنگ,921736,6
90446,3955,فرودگاه توریستی پردیسان,921738,6
90447,3955,کمپ طبیعت گردی باران,921739,6
90448,3955,کمپ ورزشی مهر کویر,921740,6
90449,3955,کمپ کویر نوردی شباهنگ,921741,6
90450,3956,آب انبار,243843,6
90451,3956,رباط حوض پای سنگ,243938,6
90452,3956,بدر آباد,244910,6
90453,3956,جمشید آباد,244914,6
90454,3956,رفیع آباد,244919,6
90455,3956,رکن آباد,244920,6
90456,3956,سعید آباد,244921,6
90457,3956,شادآباد,244922,6
90458,3956,شرکت آجر وحدت,244926,6
90459,3956,قاسم آباد,244932,6
90460,3956,مزرعه کلانتر,244941,6
90461,3956,موسی آباد,244942,6
90462,3956,مهر آباد,244943,6
90463,3956,ولی آباد,244944,6
90464,3956,ایستگاه ماکروویو میبد دیجیت,250086,6
90465,3956,ایستگاه شمسی,250088,6
90466,3956,جهان آباد,250097,6
90467,3956,چاه آب کشاورزی ده شیخی,250105,6
90468,3956,چاه آب کشاورزی مجید آباد شهیدیه,250110,6
90469,3956,حجت آباد سفلی,250119,6
90470,3956,شهرک صنعتی جهان آباد میبد,250133,6
90471,3956,فیض آباد,250147,6
90472,3956,محمد آباد,250168,6
90473,3956,هلاک آباد,511136,6
90474,3956,چاه فیروز آباد,511138,6
90475,3956,کاظم آباد,511141,6
90476,3956,فرودگاه قدیم,511153,6
90477,3956,سردخانه جدید,511154,6
90478,3956,چاه آب شماره 1 مزرعه کلانتر,511287,6
90479,3956,چاه شماره 2 مزرعه کلانتر,511288,6
90480,3956,دانشگاه آزاد اسلامی میبد,511496,6
90481,3956,کوره آجر ماشینی میبد,511497,6
90482,3956,ایمن بتن,821312,6
90483,3956,شهرکت صنعتگران,821444,6
90484,3956,مجتمع صنعتی کشتارگاه میبد,821450,6
90485,3956,مرغ گوشتی حجت,821786,6
90486,3956,آجر زرنما ( خبیری),821787,6
90487,3956,آسیاب دو سنگی محمد آباد,821936,6
90488,3956,کارگاههای جنوب شهرک صنعتی جهان آباد,921513,6
90489,3956,ستاد فرماندهی انتظامی شهرستان میبد,921514,6
90490,3956,چاه آب منابع طبیعی,921515,6
90491,3956,مجموعه حمل و نقل برون شهری,921517,6
90492,3956,پرورش اسب سید مهدی آتشی,921518,6
90493,3956,مجتمع گاوداری مسلمی,921519,6
90494,3956,کارخانه آسفالت قدیم شهرداری,921520,6
90495,3956,سنگ آهک دم هفت,921521,6
90496,3956,معدن آهک برزیک,921522,6
90497,3956,مرمریت چک چک,921523,6
90498,3956,معدن آهک بنیاد بتن,921524,6
90499,3956,کارگاههای شمال شهرک صنعتی جهان آباد,921525,6
90500,3956,کاشی امین,921526,6
90501,3956,روکا سرام,921527,6
90502,3956,پرورش اسب نوین,921528,6
90503,3957,آب انبار هفت هر,250490,6
90504,3957,بنستان,250495,6
90505,3957,مزرعه بهرام تاج,250496,6
90506,3957,بیدک بالا,250498,6
90507,3957,تلخستان,250502,6
90508,3957,جلال آباد,250506,6
90509,3957,چاه آب آشامیدنی ندوشن,250507,6
90510,3957,حاجی آباد انقلاب,250509,6
90511,3957,حسین آباد ته گود,250514,6
90512,3957,حسین آباد وقفی,250515,6
90513,3957,خسرت,250517,6
90514,3957,خوشاب بالا,250520,6
90515,3957,آب انبار رجو,250525,6
90516,3957,رزاق آباد,250526,6
90517,3957,زاهنگ,250527,6
90518,3957,سورک سفلی,250531,6
90519,3957,سورک علیا,250532,6
90520,3957,عباس آباد انقلاب,250537,6
90521,3957,علویه,250539,6
90522,3957,لای طایین,250545,6
90523,3957,محمدآباد,250548,6
90524,3957,ابراهیم سوخته,250556,6
90525,3957,مزرعه علی شفیع,250562,6
90526,3957,مزرعه محمد جعفر,250563,6
90527,3957,معدن سرب,250566,6
90528,3957,معدن گچ,250567,6
90529,3957,ندوک,250571,6
90530,3957,نیوک سفلی,250572,6
90531,3957,نیوک علیا,250573,6
90532,3957,هفت هر,250577,6
90533,3957,هلت آباد,250578,6
90534,3957,آغل بزرکوه,511077,6
90535,3957,بوکن لاری/ دهنه گله,511080,6
90536,3957,آغل برفخانه,511081,6
90537,3957,گاو حمام,511090,6
90538,3957,کوره آجرپزی دستی,511091,6
90539,3957,چاه سرخ,511092,6
90540,3957,کایون,511093,6
90541,3957,چاه بادام,511094,6
90542,3957,چاه رضا علی,511095,6
90543,3957,برنه چاه,511112,6
90544,3957,مرغداری یوسف جعفری,511465,6
90545,3957,بلکا,511469,6
90546,3957,دامداری محمد حسین نظری,511493,6
90547,3957,مسجد صاحب الزمان,511749,6
90548,3957,آغل سرلا,511750,6
90549,3957,شرکت نشاسته و گلوتن هدیه,511751,6
90550,3957,شرکت خوراک دام و طیور ماکیان ندوشن,511752,6
90551,3957,شرکت شن و ماسه زر شن,511865,6
90552,3957,کم گنجی,821067,6
90553,3957,مرغداری اسلامی,821068,6
90554,3957,آغل سفید گرد,821069,6
90555,3957,چاه دنبه,821070,6
90556,3957,چاه عوده,821071,6
90557,3957,چاه سارشکو/ چاه سارشکان,821072,6
90558,3957,تراورتن سیلور ندوشن,821259,6
90559,3957,خاک سرخ ندوشن,821260,6
90560,3957,تراورتن بالکان,821261,6
90561,3957,تراورتن شیردشت,821262,6
90562,3957,تراورتن سنمار ندوشن,821263,6
90563,3957,گرانیت مرجان ندوشن,821267,6
90564,3957,آغل حسین جعفری,821276,6
90565,3957,فلدسپات خوشاب میبد,821277,6
90566,3957,ایستگاه گاز 3,821278,6
90567,3957,فلدسپات و خاک صنعتی نگین ندوشن,821279,6
90568,3957,سنگ آهن سورک,821280,6
90569,3957,کردون,821281,6
90570,3957,ایستگاه تقلیل فشار گاز,821282,6
90571,3957,ایستگاه پمپاژ 4 آبرسانی ندوشن,821284,6
90572,3957,آغل بوکندگ,821285,6
90573,3957,خاک صنعتی هفتهر,821286,6
90574,3957,چاه گزک هفتهر,821287,6
90575,3957,باریت و مرمریت امینی کوه گوهر,821288,6
90576,3957,معدن سامان,821289,6
90577,3957,سنگ آهن گهر/ کمالی,821290,6
90578,3957,آغل سرخکین,821291,6
90579,3957,آغل گلیگا,821292,6
90580,3957,سیلیس سورک,821293,6
90581,3957,مرغداری حسن قاسمی محمد علی,821294,6
90582,3957,معدن مرمریت هادی هفتهر/ برزگر دهجی,821295,6
90583,3957,معدن آهن گود بونگا,821296,6
90584,3957,مرغداری ماشا اله یوسفی,821297,6
90585,3957,مرغداری حسین بمانی,821298,6
90586,3957,مرغداری عباسعلی یوسفی,821299,6
90587,3957,گرانیت چاه گردو/ شاکر,821304,6
90588,3957,چاه کلند,821305,6
90589,3957,خاک صنعتی کایون,821306,6
90590,3957,معدن سیلیس نیوک,821331,6
90591,3957,مرغداری ابراهیم شیرخانی,821386,6
90592,3957,مرغداری سید حسین موسوی,821387,6
90593,3957,مرغداری قاسم جعفری,821388,6
90594,3957,مرغداری رضا عربی,821389,6
90595,3957,مرغداری یوسف جعفری,821390,6
90596,3957,مرغداری عابدینی,821391,6
90597,3957,مرغداری محمد رضا جعفری,821392,6
90598,3957,دامداری محمد علی جعفری,821393,6
90599,3957,مرغداری حسین فلاح,821394,6
90600,3957,مرغداری احمد جعفری,821395,6
90601,3957,دامداری رحمان جعفری,821396,6
90602,3957,گاوداری غلام حسین زارعی,821397,6
90603,3957,مزرعه سیدعلی ترک,821398,6
90604,3957,پاسگاه محیط بانی بنستان,821790,6
90605,3957,مزرعه جوادی,821796,6
90606,3957,سرگاه,821797,6
90607,3957,مزرعه هفت بر,821798,6
90608,3957,مرغداری غلام و فتح اله شیرخانی,821799,6
90609,3957,آب انبار غدیر اژدر,821800,6
90610,3957,آغل و مرغداری گود بونگا,821801,6
90611,3957,مرغداری سید یوسف موسوی,821802,6
90612,3957,مرغداری اکبر منصوری,821803,6
90613,3957,مرغداری جلال امامی,821804,6
90614,3957,مرغداری احمد جعفری,821805,6
90615,3957,مرغداری علی اکبر کوچکی نژاد,821806,6
90616,3957,مرغداری حسین کوچکی نژاد,821807,6
90617,3957,مرغداری حسن بمانی,821808,6
90618,3957,مرغداری حسن یوسفی,821809,6
90619,3957,مرغداری محسن علیپور,821816,6
90620,3957,فشارسنج و تقویت فشار,821967,6
90621,3958,تلخوک سفلی,250503,6
90622,3958,حسن آباد,250511,6
90623,3958,حسن آباد انقلاب,250512,6
90624,3958,زررو,250528,6
90625,3958,صدر آباد,250534,6
90626,3958,معدن ذووه,250565,6
90627,3958,معدن نیه,250568,6
90628,3958,اسلام آباد رودشتگان,511087,6
90629,3958,مرغداری سالاری,511463,6
90630,3958,سنگ آهن خیبر,821264,6
90631,3958,خاک صنعتی و فلدسپات درسا میبد,821265,6
90632,3958,خاک صنعتی ندوشن خدایی,821266,6
90633,3958,مزرعه محمود آباد,821268,6
90634,3958,مرتع دامداری نیوک عسکر,821269,6
90635,3958,آغل کالی,821270,6
90636,3958,آغل چغاد بن,821271,6
90637,3958,آغل سل پایین,821272,6
90638,3958,آغل نوعونه,821273,6
90639,3958,خاک صنعتی نیلوفر ندوشن,821274,6
90640,3958,خاک صنعتی منظور ندوشن,821275,6
90641,3958,مرغداری سید حسین موسوی,821283,6
90642,3958,آغل و مزرعه قلاتگ قصابها,821401,6
90643,3958,آغل هاشم آبادی,821451,6
90644,3958,معدن سرب و روی مورگاریس,821452,6
90645,3958,معدن بوکسیت صدر آباد,821791,6
90646,3958,پرورش مرغ گوشتی رضا جعفری,821792,6
90647,3958,گرگودی,821793,6
90648,3958,چغارسیا,821794,6
90649,3958,معدن سنگ آهن ندوشن/ خاک سرخ,821795,6
90650,3958,معدن سنگ آهن طاقستان,921106,6
90651,3958,معدن سنگ آهن شواز,921107,6
90652,3958,آغل,921108,6
90653,3959,آبخونه,244447,6
90654,3959,آب انبار عریان,244453,6
90655,3959,آبشوره اشنیز بالا,244455,6
90656,3959,اشنیز بالا,244466,6
90657,3959,اشنیز پایین,244467,6
90658,3959,ایستگاه راه‌آهن میبد,244485,6
90659,3959,مرور,244608,6
90660,3959,مزرعه بیده,244912,6
90661,3959,تعاونی شماره 7,244913,6
90662,3959,حسن آباد,244915,6
90663,3959,شرکت تولیدی کوره آهک میبد,244937,6
90664,3959,آب انبار بالا,511118,6
90665,3959,مرکز ترک اعتیاد شهرستان میبد,511246,6
90666,3959,اردوگاه قدس,511501,6
90667,3959,کشتارگاه صنعتی میبد زر بال,511502,6
90668,3959,مجتمع فولاد میبد,511579,6
90669,3959,مجتمع مرغداری ایثارگران,511609,6
90670,3959,کارخانه قند میبد,511702,6
90671,3959,ایده آل شمش میبد,821307,6
90672,3959,گرانول شفیعیان,821308,6
90673,3959,شهرک صنعتی 2 میبد,821309,6
90674,3959,ایستگاه خط انتقال نفت,821310,6
90675,3959,شهرک تلاشگران میبد,821311,6
90676,3959,نان صنعتی حنانه,821313,6
90677,3959,موسسه خیریه محبت,821314,6
90678,3959,پتروشیمی فتاحی,821315,6
90679,3959,داروسازی دی,821316,6
90680,3959,پارک غدیر,821317,6
90681,3959,کمپینگ مصلا,821318,6
90682,3959,باشگاه هوایی آسمان دهقانی,821319,6
90683,3959,مرغداری سید مصطفی امامی,821320,6
90684,3959,مرغداری علیرضا کارگر,821321,6
90685,3959,مرغداری مسلم صدری,821322,6
90686,3959,مرغداری شاه حسینی,821323,6
90687,3959,مرغداری علی تراب,821324,6
90688,3959,مرغداری جواد کارگر بیده,821325,6
90689,3959,معدن سیلیس مجتبی قاسمی,821326,6
90690,3959,پمپ خانه شماره دو ذوب آهن,821327,6
90691,3959,معدن آهن کهروبی,821328,6
90692,3959,معدن قاسمی,821329,6
90693,3959,فلدسپات و باریت امپراتور,821330,6
90694,3959,پارک حیات وحش محیط زیست,821442,6
90695,3959,معدن سیلیس مرور,821443,6
90696,3959,مجتمع دامداری دام سبک میبد,821445,6
90697,3959,کارگاه شن و ماسه ولیعصر,821446,6
90698,3959,مرغداری حمید رضا کارگر,821447,6
90699,3959,مرغ گوشتی حسین کارگر,821448,6
90700,3959,مرغ نگین کویر,821449,6
90701,3959,پایانه باربری,821931,6
90702,3959,پمپ خانه آب مشترک میبد و اردکان,821934,6
90703,3959,ناحیه صنعتی شمس آباد,821935,6
90704,3959,مجتمع گاوداری بفروییه,921300,6
90705,3960,امین آباد,244476,6
90706,3960,انجیره,244478,6
90707,3960,بوکن نو,244499,6
90708,3960,سید آباد,244520,6
90709,3960,حشم,244531,6
90710,3960,خیر آباد,244537,6
90711,3960,درین,244538,6
90712,3960,مرغداری سید آباد,244555,6
90713,3960,شاه تقی,244556,6
90714,3960,فیض آباد,244576,6
90715,3960,هنو,244660,6
90716,3960,هودر,244661,6
90717,3960,مجد آباد,511117,6
90718,3960,چشمه محمد حسن,511125,6
90719,3960,علی آباد,511284,6
90720,3960,چاه گروه,511290,6
90721,3960,مزرعه ابوالحسن,511291,6
90722,3960,مرکز آموزش نبی اکرم (ص),511498,6
90723,3960,معدن کاظم آباد/ باریت هودر,511500,6
90724,3960,بوکن چیتکین,821300,6
90725,3960,قرق بانی حیات وحش هودر,821301,6
90726,3960,یورد گدار,821302,6
90727,3960,معدن آرمان,821303,6
90728,3960,معدن هماتیت درین,821332,6
90729,3960,مرغداری مصدق,821333,6
90730,3960,سنگ آهن افرا میبد,821334,6
90731,3960,مرغداری زرافشان,821932,6
90732,3960,مرغداری حراس جبال,821933,6
90733,3960,معدن سنگ آهن پدیده,921306,6
90734,3961,اسد آباد,070416,6
90735,3961,اسفند آباد,070417,6
90736,3961,بژدانه,070418,6
90737,3961,تقی آباد,070419,6
90738,3961,تلمبه قنات حسن آباد,070421,6
90739,3961,تلمبه قنات حشمت آباد,070422,6
90740,3961,تلمبه قنات یوسف آباد,070423,6
90741,3961,چاه حاج علی اکبر عوضی/ پرهام,070425,6
90742,3961,چاه روح اله شمس,070426,6
90743,3961,چاه سید علی جلال زاده,070427,6
90744,3961,مزرعه علی‌آباد شمس,070430,6
90745,3961,چاه عباس کارگر و شرکاء,070431,6
90746,3961,تلمبه حسین اکبری,070433,6
90747,3961,هارونی,070436,6
90748,3961,همت آباد,070437,6
90749,3961,چاه محمدعلی رحیمی یزدی,070563,6
90750,3961,جلیل‌آباد امامی,070565,6
90751,3961,خرم آباد,070574,6
90752,3961,چاه خضرآباد,070575,6
90753,3961,رحمت آباد,070579,6
90754,3961,چاه حسین‌آباد,070600,6
90755,3961,حجت آباد,510563,6
90756,3961,چاه حاج محمد علی ناظم پور,510565,6
90757,3961,خضر آباد اعتمادی,510566,6
90758,3961,مزرعه علی اصغر راجی,510569,6
90759,3961,پارک کویر اسفندآباد,510572,6
90760,3961,تلمبه حسین پور صباغیان و شرکاء,510573,6
90761,3961,تلمبه بابا جعفری,510578,6
90762,3961,چاه روح اله سلمانیان,510579,6
90763,3961,چاه میرزا علی آقا شمس,510580,6
90764,3961,چاه اسدالله زارع,510586,6
90765,3961,چاه شهید مهدی راجی,510587,6
90766,3961,عادل آباد,510588,6
90767,3961,مزرعه محمدآباد روحی,510589,6
90768,3961,چاه مهدی آباد/ قلی اکبری,510590,6
90769,3961,محمود آباد روحی,510591,6
90770,3961,چاه آب آشامیدنی رحمت آباد و خرم آباد,510592,6
90771,3961,چاه صادق آباد,510593,6
90772,3961,جلیل آباد سید محمد صحافی,510594,6
90773,3961,چاه حاج عباس زمانی,510596,6
90774,3961,مهدی آباد زمانی,510597,6
90775,3961,چاه سعادت کارگر,510598,6
90776,3961,چاه حسین شمس,510600,6
90777,3961,چاه سرور آزادگان,510602,6
90778,3961,چاه حاج امان فلاح/ زمانی,510603,6
90779,3961,چاه حاجی آباد,510604,6
90780,3961,چاه حاجی آباد بالا شماره 2,510605,6
90781,3961,سعادت آباد بالایی,510606,6
90782,3961,حجت آباد مهرآباد,510607,6
90783,3961,رضا آباد/ چاه مرتضی عشقی,510608,6
90784,3961,جعفر آباد رضائی,510609,6
90785,3961,حاج عباس حق شناس,510610,6
90786,3961,چاه خیر آباد/ اسدا.. نادی,510611,6
90787,3961,چاه علی آباد,510612,6
90788,3961,موتور چاه کشاورزی احمدآباد,510613,6
90789,3961,چاه محمد اکبری,510614,6
90790,3961,چاه جعفر احمدی,510615,6
90791,3961,کشت و صنعت زرین,510617,6
90792,3961,حاجی آباد,510646,6
90793,3961,تلمبه آزادی,511232,6
90794,3961,مزرعه حسن راجی,511390,6
90795,3961,چاه علی سربازی,511391,6
90796,3961,چاه حسین استواری,511392,6
90797,3961,مزرعه سلمانیان,511393,6
90798,3961,چاه هیبت امیدی,511394,6
90799,3961,محمد آباد کارگر,511396,6
90800,3961,رضا آباد روحی,511397,6
90801,3961,مجتمع دامداری اسفندآباد,511538,6
90802,3961,چاه کیومرث امیدواری,511540,6
90803,3961,چاه سید محمد مرتضوی,511541,6
90804,3961,چاه عباس شمس,511542,6
90805,3961,چاه هاشم دهستانی,511580,6
90806,3961,چاه قدرت طهماسبی,511581,6
90807,3961,چاه درخشی,511594,6
90808,3961,مزرعه علی ناجی رفسنجانی,511595,6
90809,3961,چاه همت علی مطیعی,511598,6
90810,3961,چاه غلامحسین سلمانی,511599,6
90811,3961,مزرعه عنایت اله شمس,511636,6
90812,3961,چاه رحیم شمس و شرکاء,511637,6
90813,3961,چاه علی باقری,511639,6
90814,3961,چاه علی اکبر حسینی,511640,6
90815,3961,چاه علی کیهانی,511641,6
90816,3961,چاه محمد رضا برزگر,511642,6
90817,3961,چاه رضا باقری,511643,6
90818,3961,چاه غلامرضا برزگر/ همگام کشت,511644,6
90819,3961,چاه رضا فرهمند,511645,6
90820,3961,چاه نور محمد شمس,511646,6
90821,3961,چاه منصور صادقی,511647,6
90822,3961,شرکت طلای سبز,511697,6
90823,3961,شرکت مرسوس,511698,6
90824,3961,چاه نصرت آباد بالا,821001,6
90825,3961,چاه ولی آباد,821002,6
90826,3961,چاه موسسه الزهراء,821003,6
90827,3961,مرغداری نصرت شمس,821941,6
90828,3961,مجتمع دامداری اسدآباد,821944,6
90829,3961,چاه آب آشامیدنی هارونی,821952,6
90830,3961,چاه اختر آباد,821953,6
90831,3961,مرغداری اشکان شمس,821954,6
90832,3961,مزرعه امام علی ( سید جواد هدایتی),821955,6
90833,3961,مجتمع بهداشتی بین راهی جهانگردی,821958,6
90834,3961,چاه 26 رحمت آباد,921228,6
90835,3961,چاه گل نی,921229,6
90836,3961,مزرعه محمودی پناه,921230,6
90837,3961,چاه رضا قدیرزاده,921231,6
90838,3961,مزرعه علی آباد روحی,921232,6
90839,3961,چاه علی مروجی/ عباس روحی,921233,6
90840,3961,چاه بهروز رضایی/ خداد زینلی,921234,6
90841,3961,مزرعه امیر و جمال کارگر,921235,6
90842,3961,مرغداری اسد پور,921236,6
90843,3961,چاه حسن آباد پایینی,921237,6
90844,3961,چاه حشمت آباد پایینی,921238,6
90845,3961,گاوداری مهر آباد,921239,6
90846,3961,چاه آبرسانی مهر آباد,921240,6
90847,3961,چاه 2 تاج آباد/ حسن شریف,921241,6
90848,3961,چاه امیر آخوند پور,921242,6
90849,3961,مزرعه ولی آباد,921243,6
90850,3961,مزرعه علی آباد,921244,6
90851,3961,چاه امام قلی زمانی,921245,6
90852,3961,مزرعه سید جواد طباطبایی,921246,6
90853,3961,دا مداری ابراهیم خسروانی,921247,6
90854,3961,دامداری عوض کریمی,921248,6
90855,3961,چاه شیون جدید,921249,6
90856,3961,مزرعه عسکر اولادی/ میر رکنی,921250,6
90857,3961,مرغ گوشتی نوک حنایی,921251,6
90858,3961,معدن سنگ آهن هارونی,921252,6
90859,3961,چاه بهزیستی/ شهید چمران,921253,6
90860,3961,بنیاد شهید فارس,921254,6
90861,3961,مزرعه سادات آباد,921255,6
90862,3961,چاه رضا غلام زاده,921256,6
90863,3961,چاه عباس ذوالفقاری,921257,6
90864,3961,مهدی آباد,921258,6
90865,3961,مزرعه شهید بهشتی,921259,6
90866,3961,مزرعه کشاورزی همگام کشت,921260,6
90867,3961,چاه سید هاشم احمدی,921278,6
90868,3961,چاه قنات یوسف آباد,921457,6
90869,3961,ایستگاه گاز هنشک,921458,6
90870,3961,معدن سنگ متروکه,921459,6
90871,3961,افتخار آباد,921460,6
90872,3961,چاه شمس,921461,6
90873,3961,معدن حدید هارونی,921462,6
90874,3961,چاه حسن راجی,921463,6
90875,3961,چاه شتردار/ محمد رضا بابایی,921686,6
90876,3961,پاسگاه محیط زیست دره باغ,921767,6
90877,3961,مزرعه نصرت آباد,921791,6
90878,3962,چاه عزیز اله یادگار زاده و شرکاء/ مهدی آباد,070183,6
90879,3962,شهر آباد,070190,6
90880,3962,عالی آباد,070193,6
90881,3962,عبداله آباد,070194,6
90882,3962,مزرعه هوشنگ زارع,070281,6
90883,3962,نور آباد,070288,6
90884,3962,هک,070291,6
90885,3962,مزرعه حاج میرزا حسن فلاح,070294,6
90886,3962,اسد آباد پایین,070549,6
90887,3962,اسد آباد بالا,070550,6
90888,3962,تلمبه اصغر کارگر,070552,6
90889,3962,بداف,070553,6
90890,3962,چاه حاج امیر پور باقری,070556,6
90891,3962,تلمبه تقی دهستانی,070557,6
90892,3962,تلمبه ذبیح اله کارگر,070559,6
90893,3962,جشیر,070566,6
90894,3962,رضا آباد,070568,6
90895,3962,تلمبه شهید اسماعیلی/ علی رمضانی,070569,6
90896,3962,حسین آباد,070572,6
90897,3962,حسین آباد پایینی,070573,6
90898,3962,سعادت آباد/ چاه صفار یزدی,070583,6
90899,3962,عبدل آباد,070585,6
90900,3962,فرح آباد/ چاه عطاپوری,070587,6
90901,3962,فیض آباد,070588,6
90902,3962,تلمبه حاج کرم منصوری,070589,6
90903,3962,تلمبه محمد مرادیان,070590,6
90904,3962,علی آباد قدرت اله فلاح و شرکاء,070592,6
90905,3962,هراتی,070596,6
90906,3962,احمد آباد,070597,6
90907,3962,مزرعه علی آباد,070599,6
90908,3962,مزرعه محمود ابراهیمی,510484,6
90909,3962,رضا آباد,510499,6
90910,3962,مزرعه نوین,510501,6
90911,3962,مزرعه ابراهیم کارگر/ غلام زاده,510502,6
90912,3962,مزرعه بهروز میرزا زاده,510504,6
90913,3962,چاه حاج عزیز ا../ حاج احمد عباسی,510505,6
90914,3962,چاه آقا سراج زمانی,510508,6
90915,3962,مزرعه علی زارع و شرکاء,510509,6
90916,3962,تلمبه حسن میرزا زاده,510512,6
90917,3962,تلمبه عباس فلاح و شرکاء,510513,6
90918,3962,تلمبه احمد بقائی و احمد زارع,510514,6
90919,3962,تلمبه نجات و نوروز علی پور طالبی,510519,6
90920,3962,اسلام آباد/ چاه مراد طالبی,510520,6
90921,3962,چاه نجف پوربراتی,510523,6
90922,3962,چاه حسن واعظ,510524,6
90923,3962,چاه اله قلی دهستانی,510525,6
90924,3962,حسن آباد نامجو,510527,6
90925,3962,چاه ناصر فلاح زاده,510528,6
90926,3962,چاه ابوالقاسم فلاح زاده,510529,6
90927,3962,چاه محمد علی فرهمند,510530,6
90928,3962,مزرعه شاهد,510531,6
90929,3962,چاه روستایی/ غلامی,510532,6
90930,3962,مزرعه علی کارگر,510535,6
90931,3962,چاه بشیر کارگر و شرکاء,510536,6
90932,3962,تلمبه حسن کارگران,510539,6
90933,3962,چاه جعفر آباد/ احمد نیکخواه,510541,6
90934,3962,چاه شماره 2 یوسف آباد,510542,6
90935,3962,چاه شماره 1 یوسف آباد,510544,6
90936,3962,مزرعه محمدیه/ کاووسی,510545,6
90937,3962,رضا آباد/ر ضا قلی انصاری,510546,6
90938,3962,چاه اسلام آباد,510548,6
90939,3962,چاه حاج محمود نیکخواه و شرکاء,510549,6
90940,3962,چاه ابراهیم کارگر و شرکاء/ همت آباد,510550,6
90941,3962,چاه بدافیها,510562,6
90942,3962,چاه اصغر امامی,510601,6
90943,3962,تلمبه حاج نصراله غلامی و شرکاء,511236,6
90944,3962,چاه کلمراد و شرکاء,511251,6
90945,3962,مزرعه ناصر کاووسی و شرکاء,511362,6
90946,3962,مزرعه فتح اله کارگرو شرکاء,511363,6
90947,3962,چاه محمدعلی فرهمند,511364,6
90948,3962,چاه رسول فرهمند,511365,6
90949,3962,چاه زینل یادگاری,511366,6
90950,3962,چاه جنگلبانی,511534,6
90951,3962,رسول آباد/ چاه شریفی,511535,6
90952,3962,چاه عمیق مهندس قوامی,511582,6
90953,3962,چاه رفیع رفیعی,511628,6
90954,3962,چاه رسول رفیعی/اسکندر کارگر,511630,6
90955,3962,چاه حاج علی زارع و شرکاء,511632,6
90956,3962,چاه سید رضا احمدی و شرکاء,511634,6
90957,3962,چاه حاج ابراهیم یادگاری,511635,6
90958,3962,مزرعه حاج حسین,821004,6
90959,3962,چاه بخشداری,821005,6
90960,3962,مزرعه علی آباد/ موسوی,821006,6
90961,3962,دشت مهر آباد,821412,6
90962,3962,شهرک صنعتی بهمن,821939,6
90963,3962,مزرعه کرامت غلامی,921226,6
90964,3962,چاه حسن پارساییان,921263,6
90965,3962,چاه میرزاحسین نعمتی زاده,921264,6
90966,3962,چاه محمد علی زارع,921265,6
90967,3962,چاه اله آباد,921266,6
90968,3962,چاه غلامحسین غلامی پور,921267,6
90969,3962,احمد آباد/ علی احمدی,921268,6
90970,3962,چاه دولت آباد,921270,6
90971,3962,چاه حسن آباد,921271,6
90972,3962,چاه میان دو قنات,921272,6
90973,3962,مزرعه حقدوست,921273,6
90974,3962,علی تاجی/ درب قلعه,921274,6
90975,3962,مزرعه حاج اسماعیل زارع,921275,6
90976,3962,چاه گنبد صفه,921276,6
90977,3962,چاه یزدیها/ بنز,921277,6
90978,3962,چاه محمد زرنگار,921444,6
90979,3962,چاه عمیق شهر آباد,921445,6
90980,3962,چاه صحرای هک,921446,6
90981,3962,چاه آب آشامیدنی روستاها,921447,6
90982,3962,چاه جواد رضایی,921448,6
90983,3962,کارگاه پنبه زنی کارگران,921449,6
90984,3962,حسین آباد بالایی,921450,6
90985,3962,حسین آباد میانی,921451,6
90986,3962,چاه رضا دشتی,921452,6
90987,3962,چاه علی امیری نژاد,921453,6
90988,3962,چاه محمد رضا جاهدی,921454,6
90989,3962,چاه رسول رفیعی 2,921455,6
90990,3962,چاه اصغر محمود پناه,921687,6
90991,3962,صحرای اردی,921688,6
90992,3962,چاه حاج حسین کارگران/ منصور آباد,921689,6
90993,3962,چاه حمید نیک خواه,921690,6
90994,3962,مجتمع گاوداری مهردشت,921691,6
90995,3962,مجتمع دامداری مهردشت,921692,6
90996,3962,چاه بالایی,921693,6
90997,3962,چاه حاجی علی تقی نژاد,921694,6
90998,3962,چاه حاج احمد حیدری,921792,6
90999,3963,احمدآباد,070168,6
91000,3963,اسطح,070169,6
91001,3963,اکبرآباد,070171,6
91002,3963,آهک‌پزی ضرابی,070172,6
91003,3963,برکت‌آباد,070174,6
91004,3963,بهجت‌آباد,070175,6
91005,3963,تیجرد نو,070179,6
91006,3963,تیزوک,070180,6
91007,3963,حسام‌آباد,070181,6
91008,3963,حیدرآباد,070182,6
91009,3963,رییس‌آباد,070184,6
91010,3963,سنه ای,070186,6
91011,3963,شرکت کشت و صنعت ابرکوه فارس,070188,6
91012,3963,شمس آباد,070189,6
91013,3963,شهر اسب,070191,6
91014,3963,صفی‌آباد,070192,6
91015,3963,عزیزآباد,070195,6
91016,3963,عزآباد,070196,6
91017,3963,فیروزآباد,070198,6
91018,3963,فیض‌آباد کهنه,070199,6
91019,3963,فیض‌آباد نو,070200,6
91020,3963,کلپه,070201,6
91021,3963,چاه حاجی محمود ضرابی و شرکاء,070203,6
91022,3963,چاه مجیدآباد,070206,6
91023,3963,محمودآباد,070207,6
91024,3963,مدوئیه,070208,6
91025,3963,مرادآباد,070209,6
91026,3963,مرغداری الیاس افضلی,070210,6
91027,3963,مریم آباد,070212,6
91028,3963,مزرعه حسین مشتاقیان,070213,6
91029,3963,مزرعه حیدری,070214,6
91030,3963,مزرعه احمد ستار و شرکاء,070215,6
91031,3963,اسلام‌آباد,070217,6
91032,3963,مزرعه اکبر صدری و شرکاء,070219,6
91033,3963,مزرعه جلیل داودی,070227,6
91034,3963,چاه جمهوری,070228,6
91035,3963,مزرعه حاج باقر اکرمی و شرکاء,070231,6
91036,3963,مزرعه حاجی رضا سالاری,070232,6
91037,3963,مزرعه حاج محمود هاشمی,070235,6
91038,3963,مزرعه حسن‌آباد,070236,6
91039,3963,مزرعه حسن صالحی زاده,070237,6
91040,3963,مزرعه حمیدآباد حاج محمد جعفری و شرکاء,070241,6
91041,3963,مزرعه خلیل روحی,070242,6
91042,3963,مزرعه زینل شریفی و شرکاء,070246,6
91043,3963,مزرعه حسن شرافت و شرکاء,070248,6
91044,3963,مزرعه شهید محمد علی صالحی,070250,6
91045,3963,چاه شیخ آباد,070251,6
91046,3963,مزرعه طرح ربذه,070252,6
91047,3963,مزرعه عباس,070253,6
91048,3963,مزرعه علی افضلی,070256,6
91049,3963,مزرعه علی اکبر اکرمی و شرکاء,070257,6
91050,3963,مزرعه علی اکبر نعمت زاده,070259,6
91051,3963,مزرعه علی اکرمی,070260,6
91052,3963,مزرعه علی بابا غیب الهی,070261,6
91053,3963,حاج مصطفی نعمتی زاده,070263,6
91054,3963,مزرعه قاسمعلی همتی پور,070266,6
91055,3963,مزرعه حکیم آباد,070267,6
91056,3963,مزرعه محمد اسحاق پناه و شرکاء,070268,6
91057,3963,مزرعه غلام رضا اکرمی و شرکاء,070269,6
91058,3963,مزرعه محمود زارع و شرکاء,070273,6
91059,3963,مزرعه محمود محمدی پور,070274,6
91060,3963,مزرعه احمد مسلمی,070275,6
91061,3963,مزرعه مهدی آباد,070276,6
91062,3963,مزرعه علی اکبر اکرمی و شرکاء,070277,6
91063,3963,چاه نعمت اله حسینی پور,070278,6
91064,3963,مزرعه نوازاله شفیعی,070279,6
91065,3963,چاه ولیعصر/ اسدا.. صادقی,070280,6
91066,3963,چاه حاجی حسین مژده پور و شرکاء,070282,6
91067,3963,نعمت‌آباد,070285,6
91068,3963,نورآباد ابطحی,070287,6
91069,3963,مزرعه مشاع احمد روحی پناه,070289,6
91070,3963,هروک,070290,6
91071,3963,مزرعه اسماعیل,070296,6
91072,3963,معدن گدار سوز/ قاسم ذغالی,510378,6
91073,3963,مرادآباد,510380,6
91074,3963,چاه گل محمد,510381,6
91075,3963,چاه حاجی محمد امید پناه,510385,6
91076,3963,چاه حبیب فیروز آبادی و شرکاء,510386,6
91077,3963,چاه احمد فیروز آبادی و شرکاء,510387,6
91078,3963,چاه محمد علی باغبان و شرکاء,510388,6
91079,3963,چاه محمد تقی قوامی,510389,6
91080,3963,نقی آباد,510390,6
91081,3963,چاه حاجی حسین رستگار,510392,6
91082,3963,چاه امان اله رستگاه و شرکاء,510393,6
91083,3963,چاه نعمت اله امیدوار پناه و شرکاء,510394,6
91084,3963,چاه حاج محمود یزدی,510395,6
91085,3963,چاه عزیز داوری,510399,6
91086,3963,همت آباد,510400,6
91087,3963,نورآباد مطهری,510401,6
91088,3963,مزرعه سهراب,510402,6
91089,3963,مزرعه شمس آباد,510403,6
91090,3963,چاه آب آشامیدنی شمس آباد,510404,6
91091,3963,چاه حاج میرزا محمد اکرمی و شرکاء,510406,6
91092,3963,ملک آباد,510417,6
91093,3963,مزرعه بابک,510438,6
91094,3963,مزرعه محمد حسین صالحی و شرکاء,510442,6
91095,3963,حمیدآباد,510500,6
91096,3963,معدن سنگ فرخی,511521,6
91097,3963,معدن مرمریت هادی باریجانی,511522,6
91098,3963,معدن مرمریت تندیس,511523,6
91099,3963,معدن سورنای نوین,511524,6
91100,3963,معدن تراورتن دکتر طایی,511525,6
91101,3963,معدن سنگ احمد ابراهیم پور تیزوکی,511527,6
91102,3963,معدن سنگ سعید صمیمی,511528,6
91103,3963,فتح آباد,511529,6
91104,3963,معدن سنگ علیرضا صمیمی/ صبا,511531,6
91105,3963,معدن سنگ اسفندیار صمیمی,511584,6
91106,3963,مرمریت عمران,511613,6
91107,3963,چاه حسین زارع و شرکاء,511619,6
91108,3963,چاه نعمت الله سالاری,511620,6
91109,3963,مزرعه برزن,511689,6
91110,3963,چاه صفی آباد,511692,6
91111,3963,مجتمع رفاهی بین راهی امام خمینی,511693,6
91112,3963,چاه اسفندیار سالاری,511835,6
91113,3963,مرغداری سید خلیل عظیمی,821007,6
91114,3963,معدن سنگ موسوی,821008,6
91115,3963,مرمریت باغبان,821009,6
91116,3963,معدن سنگ اصغر حیدری,821010,6
91117,3963,معدن سنگ هاشمی/ نعمت الهی,821012,6
91118,3963,چاه غلامحسین امید پناه,821014,6
91119,3963,چاه قاسم آباد,821015,6
91120,3963,چاه سنگی,821016,6
91121,3963,چاه حاج علی اکبر,821017,6
91122,3963,چاه کبریتی,821018,6
91123,3963,چاه مریم امیدوار/ امیر غلامی,821019,6
91124,3963,چاه رکن آباد,821022,6
91125,3963,شرکت صنعتی معدنی سجاد میبد,821023,6
91126,3963,تراورتن شهر سفید/ الوان,821024,6
91127,3963,تراورتن حمید کیماسی,821025,6
91128,3963,معدن سنگ حمید ایرجی,821027,6
91129,3963,معدن سنگ جلال باغبان/ نمازی,821028,6
91130,3963,شرکت الواح سازان/ آیت الهی,821029,6
91131,3963,شرکت فولاد بهنورد,821411,6
91132,3963,مزرعه بمانعلی صالحی و شرکاء,821938,6
91133,3963,گنبد عالی,821942,6
91134,3963,مزرعه حاج محمد فلاح زاده و شرکاء,821946,6
91135,3963,آهک پزی جعفری/ والفجر,821947,6
91136,3963,تراورتن آریا سنگ/ عابدی,821950,6
91137,3963,معدن سنگ سلسالی / سپاهان,921181,6
91138,3963,معدن سنگ شیاسی,921182,6
91139,3963,معدن سنگ شرکت نوید/ابراهیم پور,921183,6
91140,3963,چاه صمد جلوداری,921184,6
91141,3963,چاه علیخانی/ غیاثی,921185,6
91142,3963,چاه ایرجی/ قلندری,921186,6
91143,3963,چاه محمد رضا نفر/ زارع یزدی,921187,6
91144,3963,معدن سید عزت حسینی,921188,6
91145,3963,عرشیا سنگ/ علیزاده,921189,6
91146,3963,معدن سنگ صادقی 2,921190,6
91147,3963,معدن سنگ چاه سری,921191,6
91148,3963,چاه حسین امید پناه,921192,6
91149,3963,چاه ایازقلی محمودی,921193,6
91150,3963,گلخانه ایلیا/ مزرعه زر نگار,921194,6
91151,3963,چاه حسین قاسمی,921195,6
91152,3963,چاه علی قاسمی,921196,6
91153,3963,معدن سنگ پردیس پرهام,921197,6
91154,3963,مجتمع گاو شیری ابرکوه,921201,6
91155,3963,مزرعه غلامرضا عمیقی,921202,6
91156,3963,چاه حاج حسین رستگار و شرکاء,921203,6
91157,3963,چاه عباس اکرمی,921204,6
91158,3963,مجتمع گاوشیری حسام آباد,921205,6
91159,3963,پتروشیمی ابرکوه,921206,6
91160,3963,شرکت فولاد سرمد,921207,6
91161,3963,چاه سالاری پناه و شرکاء,921218,6
91162,3963,مزرعه حاجی رضا سالاری,921219,6
91163,3963,چاه مدرس زاده/ تیجرد کهنه,921220,6
91164,3963,مرغداری جلیل عظیمی/ شهر سفید,921221,6
91165,3963,گاوداری یوسفیان,921222,6
91166,3963,کمپ ترک اعتیاد صبح امید,921223,6
91167,3963,چاه آب آشامیدنی مریم آباد,921224,6
91168,3963,مجتمع خدماتی کامیون داران,921225,6
91169,3963,سیمان صدف پارس,921262,6
91170,3963,صحرای همبر,921413,6
91171,3963,چاه قنات عز آباد,921414,6
91172,3963,ابر جامه,921415,6
91173,3963,مجتمع تعمیرگاهی محمدیان,921416,6
91174,3963,صحرای نصیر آباد,921417,6
91175,3963,نیروگاه برق,921418,6
91176,3963,چاه حسودی,921419,6
91177,3963,چاه خان احمد,921420,6
91178,3963,چاه پایینی رییس آباد,921421,6
91179,3963,چاه بالایی رییس آباد,921422,6
91180,3963,مزرعه صدر آباد,921423,6
91181,3963,مزرعه و مرغداری عابدی,921424,6
91182,3963,چاه رضا قلی اکرمی,921425,6
91183,3963,امیر آباد,921426,6
91184,3963,مرغداری حسینی,921427,6
91185,3963,چاه حاج محمد زارع,921428,6
91186,3963,چاه علی شتری,921429,6
91187,3963,چاه عباس هارونی پور و شرکاء,921430,6
91188,3963,چاه آبرسانی 4 کشت و صنعت,921433,6
91189,3963,مجتمع گلخانه هروک,921434,6
91190,3963,چاه نجف زارع,921435,6
91191,3963,مجتمع دامداری,921436,6
91192,3963,چاه مرتضی رستگار,921438,6
91193,3963,چاه حاج خلیل,921441,6
91194,3963,چاه رضا قلی زارع زاده,921442,6
91195,3963,دامداری غلامرضا احمدی,921464,6
91196,3963,چاه آب منطقه ای,921465,6
91197,3963,معدن مرمریت باغبان,921466,6
91198,3963,معدن مرمریت صمیمی,921467,6
91199,3963,معدن مرمریت کاظمی,921468,6
91200,3963,تراورتن قرمز چاه بلاغ,921469,6
91201,3963,مرمریت قایم,921470,6
91202,3963,مرمریت کسری,921471,6
91203,3963,مرمریت پاییز/ مسعود عشقی,921472,6
91204,3963,مرمریت خاموشی,921473,6
91205,3963,مرمریت کرم آرین/ دانا,921474,6
91206,3963,مرمریت آناهیتا,921475,6
91207,3963,تراورتن کیان,921476,6
91208,3963,تراورتن دانیال مولایی,921477,6
91209,3963,آریا تراورتن,921478,6
91210,3963,تراورتن اعلاء/ دانشور,921479,6
91211,3963,تراورتن یشم خارا,921480,6
91212,3963,تراورتن احمد زاهد پناه,921481,6
91213,3963,تراورتن حمید احمدی,921482,6
91214,3963,مرمریت میلاد,921483,6
91215,3963,مرمریت هلال/ ایساتیس,921484,6
91216,3963,چشمه شتر,921485,6
91217,3963,مرمریت پرشین,921486,6
91218,3963,مرمریت ماهور/ الوند,921487,6
91219,3963,مرمریت پر طلایی,921488,6
91220,3963,مرمریت باختر کوه,921489,6
91221,3963,مرمریت مهر/ مجید زارع,921490,6
91222,3963,مرمریت حسینی,921491,6
91223,3963,مرمریت سلطانیان,921492,6
91224,3963,مرمریت یکتا سنگ اعلاء,921493,6
91225,3963,مرمریت ایلیت/ دانشور,921494,6
91226,3963,مرمریت چنار دشت/ یزدانی,921495,6
91227,3963,مرمریت فردوس/ ا نصاری,921497,6
91228,3963,معدن اسفند هاشمی,921498,6
91229,3963,معدن سنگ ذغالی,921499,6
91230,3963,مرمریت سید حبیب هاشمی,921500,6
91231,3963,مرمریت حرا/ عدل,921501,6
91232,3963,مرمریت عظیمی,921502,6
91233,3963,مرمریت علی اصغر امیدوار پناه,921503,6
91234,3963,مرمریت انسانیت,921504,6
91235,3963,مرمریت حامد سنگ,921505,6
91236,3963,مینیاتور سنگ صادقیان,921506,6
91237,3963,مرمریت هادی بارجانی,921507,6
91238,3963,مرمریت رخ سنگ,921508,6
91239,3963,مرمریت سپهر,921509,6
91240,3963,خاک صنعتی پرسپولیس,921510,6
91241,3963,مرمریت پرنیا,921512,6
91242,3963,مخزن آبرسانی فولاد سرمد,921802,6
91243,3964,پادگان قدس,070176,6
91244,3964,حمید آباد/ سعد آباد,070185,6
91245,3964,علوی,070197,6
91246,3964,مزرعه بمانعلی رشیدی,070222,6
91247,3964,مزرعه حسن آباد,070238,6
91248,3964,مزرعه حاتمی,070239,6
91249,3964,مزرعه حسین کریمی,070240,6
91250,3964,مزرعه قاسم کریمی و شرکاء,070255,6
91251,3964,مزرعه علی بابا کریمی,070262,6
91252,3964,مزرعه علی محمد عبدالغفاری,070265,6
91253,3964,چاه محمد علی افضلی,070270,6
91254,3964,چاه محمد علی فتاحی,070271,6
91255,3964,مزرعه اکبر خیراندیش,070460,6
91256,3964,امیر آباد,070461,6
91257,3964,مزرعه ایرج خشنود,070462,6
91258,3964,برکو,070463,6
91259,3964,بند میان,070464,6
91260,3964,مزرعه علی اکبر و محمد علی فلاح زاده,070466,6
91261,3964,مزرعه حسین حسن زاده و آقا صدر عظیمی,070467,6
91262,3964,مزرعه محمدصادقی,070468,6
91263,3964,مزرعه تلاش 1,070470,6
91264,3964,جلال آباد,070474,6
91265,3964,مزرعه جوادمهرزاد,070475,6
91266,3964,چاه بلند,070476,6
91267,3964,علی آباد تل گرد,070477,6
91268,3964,مزرعه حسن علی رنجبر,070479,6
91269,3964,مزرعه همیشه بهار,070480,6
91270,3964,تلمبه حسین محمدیان و شرکاء,070481,6
91271,3964,خسرو آباد,070482,6
91272,3964,مزرعه تلاش 2,070483,6
91273,3964,مزرعه خلیل روشن و امیر خاموشی,070484,6
91274,3964,ده عرب,070485,6
91275,3964,رستم آباد,070487,6
91276,3964,مزرعه رضا قلی دهقان زاده,070488,6
91277,3964,شهر آباد,070490,6
91278,3964,صادق آباد,070491,6
91279,3964,صفی آباد,070492,6
91280,3964,چاه سید محمد طباطبایی,070493,6
91281,3964,فراغه,070495,6
91282,3964,عباس آباد,070496,6
91283,3964,مزرعه مجتبی فلاح زاده و شرکاء,070497,6
91284,3964,مزرعه صفدر رنجبر,070498,6
91285,3964,چاه بحرینی و شرکاء,070499,6
91286,3964,مزرعه مسیح درخشان,070500,6
91287,3964,مزرعه نجات علی زارع پور,070501,6
91288,3964,مزرعه نصرت اله دهقان/ خدامی,070502,6
91289,3964,مزرعه یعقوب اکبری/ دهقان زاده,070503,6
91290,3964,کریم آباد,070504,6
91291,3964,مجتمع چاه های شماره 1 شهرداری,070505,6
91292,3964,رحیم آباد,070506,6
91293,3964,ادین آباد,510446,6
91294,3964,محمدآباد,510447,6
91295,3964,مجتمع چاه های شماره 2 شهرداری,510450,6
91296,3964,مزرعه علی فلاح زاده,510451,6
91297,3964,مزرعه مهدی,510452,6
91298,3964,مزرعه ناصر زارع,510453,6
91299,3964,چاه مظلوم,510454,6
91300,3964,عنایت آباد,510456,6
91301,3964,قاسم آباد,510457,6
91302,3964,گل فروزان,510458,6
91303,3964,دولت آباد,510459,6
91304,3964,خیرآباد,510460,6
91305,3964,علی آباد,510461,6
91306,3964,گزوک,510462,6
91307,3964,مزرعه کیومرث کرم نژاد,510463,6
91308,3964,مزرعه علی اکبر عظیمی,510464,6
91309,3964,تقی آباد,510465,6
91310,3964,چشمه چاهک,510466,6
91311,3964,چاه صمدعسکری و شرکاء,510472,6
91312,3964,مزرعه نجات و بهروز حیدری,510476,6
91313,3964,مزرعه خلیل روشن,510477,6
91314,3964,مزرعه محمد علی عمیقی,510478,6
91315,3964,علی آباد چاه بلاغ,510479,6
91316,3964,مزرعه رضا اکرمی و شرکاء/ حاج علی موجودی,510483,6
91317,3964,چاه داود فاتحی,511622,6
91318,3964,بوستان فراغه,511626,6
91319,3964,منبع آب ابرکوه,511627,6
91320,3964,مرغداری آرتین,511686,6
91321,3964,شرکت تعاونی ایثار,511687,6
91322,3964,مجتمع پرواربندی گاو و گوساله فراغه,511688,6
91323,3964,قنات سنگی,511690,6
91324,3964,مرغداری سید کمال حسینی/ شرکت سفید بال,511691,6
91325,3964,چاه آبرسانی روستاهای ابرکوه,511831,6
91326,3964,چاه نازی آباد,511832,6
91327,3964,مزرعه علی محمد نازوری و شرکاء,511833,6
91328,3964,کشتارگاه صنعتی ماکیان فراغه ابرکوه,511834,6
91329,3964,مزرعه چاه شوری,821020,6
91330,3964,قلعه گاشار,821031,6
91331,3964,مزرعه حسین آباد,821033,6
91332,3964,اکبر آباد,821034,6
91333,3964,آریا آباد,821035,6
91334,3964,مرغداری سید علی عظیمی,821413,6
91335,3964,شرکت کاشی آرین سرام ابرکوه,821940,6
91336,3964,کارخانه آسفالت و سنگ شکن شهرداری,821959,6
91337,3964,سنگ شکن زرین سنگ,921208,6
91338,3964,صنایع سنگ چکاوک/ الماس,921209,6
91339,3964,شرکت ناورود راه,921210,6
91340,3964,چاه سید علی حسینی,921211,6
91341,3964,چاه محمد رضا,921212,6
91342,3964,مرغداری سرچاه حسن زاده,921213,6
91343,3964,چاه جمشید دهقانی,921214,6
91344,3964,مجتمع مرغداری ده عرب,921215,6
91345,3964,مجتمع دامداری ده عرب,921216,6
91346,3964,شن و ماسه شهاب سنگ,921217,6
91347,3964,بوستان گلدشت فراغه,921261,6
91348,3964,مجتمع خدمات رفاهی سبحان,921411,6
91349,3964,خلیل آباد,921412,6
91350,3964,آغل حسن کارگر,921695,6
91351,3964,مرمریت چاه بلاغ جنوبی/ حمید رضا ایرجی,921696,6
91352,3965,علی‌آباد,244571,6
91353,3965,آب انبار,250297,6
91354,3965,آب انبار,250298,6
91355,3965,آب گود,250301,6
91356,3965,اتابک,250303,6
91357,3965,استاد علی اکبر,250305,6
91358,3965,اشکفت,250307,6
91359,3965,اشکوه,250308,6
91360,3965,بامکان,250311,6
91361,3965,بن کر,250312,6
91362,3965,بوز,250313,6
91363,3965,بیراخانه سفلی,250314,6
91364,3965,تقویه,250317,6
91365,3965,تلیستان,250318,6
91366,3965,حجت آباد,250320,6
91367,3965,حسن آباد آبکورک,250321,6
91368,3965,حسن آباد بوقی,250322,6
91369,3965,حسین آباد تل سیاه,250323,6
91370,3965,حسین آباد,250324,6
91371,3965,حسین آباد بید سوخته,250327,6
91372,3965,حسین آباد لای تجن,250330,6
91373,3965,درب حص,250333,6
91374,3965,درب رز,250334,6
91375,3965,رستم آباد گور,250335,6
91376,3965,زربند,250336,6
91377,3965,سده,250337,6
91378,3965,شاه اسحاق,250338,6
91379,3965,شرب العین,250339,6
91380,3965,طاحونه,250341,6
91381,3965,عباس آباد,250342,6
91382,3965,علی آباد کلانتری,250344,6
91383,3965,فارسه کوه,250345,6
91384,3965,قاسم آباد,250347,6
91385,3965,قوام آباد,250349,6
91386,3965,کارخانه آسفالت اماکا,250350,6
91387,3965,کافی آباد,250351,6
91388,3965,کذاب,250352,6
91389,3965,کشتارگاه صنعتی یزد طیور,250353,6
91390,3965,کمال آباد,250354,6
91391,3965,گرماب,250357,6
91392,3965,گزشک,250358,6
91393,3965,لااشکالگا,250359,6
91394,3965,لای انار,250360,6
91395,3965,حسن آباد لا انار,250361,6
91396,3965,لاتفتیون,250362,6
91397,3965,لاهوک,250364,6
91398,3965,لای بیدک بالا,250367,6
91399,3965,لای پده,250368,6
91400,3965,مزرعه لا گردو,250371,6
91401,3965,لای گوشه,250372,6
91402,3965,محمود آباد,250376,6
91403,3965,مرزانک,250377,6
91404,3965,قوام آباد علیا,250378,6
91405,3965,مزرعه خسرو,250381,6
91406,3965,مزرعه عبدالحسین نقی,250383,6
91407,3965,مزرعه علی,250384,6
91408,3965,مزرعه نظر,250385,6
91409,3965,مزرعه میان طاحونه,250386,6
91410,3965,نعمت آباد,250389,6
91411,3965,هامانه,250392,6
91412,3965,کوره آهک یحیی قوام آباد,250395,6
91413,3965,کوره آهک قاسم حکیمیان,250396,6
91414,3965,آب انبار بزرگی,250489,6
91415,3965,احمد آباد اتابکی,250491,6
91416,3965,بلبل,250493,6
91417,3965,پناه کوه,250500,6
91418,3965,ترشک,250501,6
91419,3965,خمسیان,250518,6
91420,3965,خمسیان پائین,250519,6
91421,3965,دولاب,250524,6
91422,3965,سنجدک,250530,6
91423,3965,سه دانگ,250533,6
91424,3965,محمد آباد جدید,250549,6
91425,3965,میل سفید,250569,6
91426,3965,آب انبار علی وش,510997,6
91427,3965,آب انبار محمد,510998,6
91428,3965,آب انبار هارون,510999,6
91429,3965,آب انبار ته برا,511000,6
91430,3965,شرکت طرح فولاد آلیاژی یزد,511004,6
91431,3965,چهار انبار,511005,6
91432,3965,آب انبار خانه سفید,511006,6
91433,3965,آب انبار جهاد,511007,6
91434,3965,آب انبار اصیلون,511008,6
91435,3965,آب انبار جهاد,511009,6
91436,3965,مزرعه موزی آباد,511011,6
91437,3965,آب انبار ابوطالب,511012,6
91438,3965,آب انبار کم رود,511014,6
91439,3965,مزرعه حسن آخوند,511017,6
91440,3965,آب انبار شرب العین,511023,6
91441,3965,چاه حسین,511024,6
91442,3965,چاه مور,511025,6
91443,3965,آب انبار,511026,6
91444,3965,آب انبار,511028,6
91445,3965,آب انبار حاجی حسین,511030,6
91446,3965,پادگان آموزشی آیت اله خاتمی,511255,6
91447,3965,کوره آهک مشعل,511460,6
91448,3965,گاوداری اکرمیه,511461,6
91449,3965,مزرعه مهدی آباد,511744,6
91450,3965,مزرعه بی بی جان,511745,6
91451,3965,شرکت نگین نوار کویر یزد,511746,6
91452,3965,شرکت یزد جوجه,511747,6
91453,3965,مزرعه خلیل,511748,6
91454,3965,مرغداری میر حسینی,511846,6
91455,3965,مرغداری کریمی,511847,6
91456,3965,مرغداری سینه سیاه,511848,6
91457,3965,شن و ماسه صدف,821788,6
91458,3965,شرکت تعاونی تولیدی بی نظیر پرورش پولت تخم پذار,821789,6
91459,3965,کارخانه آسفالت سازان عمران شهرداری یزد,821966,6
91460,3965,آغل کم عباس,921779,6
91461,3966,ابراهیم آباد,250083,6
91462,3966,انبار و تغلیظ قیر,250085,6
91463,3966,ایستگاه نظر آباد,250091,6
91464,3966,بندر آباد,250092,6
91465,3966,بهرام آباد,250093,6
91466,3966,جلال آباد دزک,250095,6
91467,3966,جمال آباد,250096,6
91468,3966,چرخاب,250117,6
91469,3966,حاجی آباد,250118,6
91470,3966,حجت آباد علیا,250120,6
91471,3966,حسن آباد,250121,6
91472,3966,حسین آباد,250122,6
91473,3966,حسین آباد پور اکبری,250123,6
91474,3966,شرف آباد,250126,6
91475,3966,شرکت آجر آرارات,250127,6
91476,3966,شرکت کشتارگاه صنعتی مرغ کویر,250134,6
91477,3966,شمسی,250141,6
91478,3966,صدر آباد,250142,6
91479,3966,عز آباد,250143,6
91480,3966,عصر آباد,250144,6
91481,3966,علی آباد,250145,6
91482,3966,فتح آباد,250146,6
91483,3966,مجتمع کوره های آجرپزی علی آباد,250148,6
91484,3966,مرغ گوشتی شاهین,250172,6
91485,3966,معدن گچ عصر آباد,250178,6
91486,3966,مهدی آباد,250180,6
91487,3966,میمونه/ اسلام آباد,250182,6
91488,3966,نیم ایستگاه بین شمسی و نظرآباد,250183,6
91489,3966,همت آباد,250184,6
91490,3966,ایستگاه رادیو و تلویزیون حاجی آباد,510945,6
91491,3966,کریم آباد,510967,6
91492,3966,آجر پلاک زرنگار,511737,6
91493,3966,مجتمع کشتارگاه صنعتی دام یزد,511739,6
91494,3966,سنگ شکن زاویه ساز یزد,821336,6
91495,3966,لاشه آهکی کوه دم هفت اشکذر,821337,6
91496,3966,لاشه آهکی نصر,821338,6
91497,3966,پمپ بنزین بید مشکی,821716,6
91498,3966,کشتارگاه مرغ پرناز,821810,6
91499,3966,کاشی در سرام,821811,6
91500,3966,شرکت حمل و نقل جهان بار,821812,6
91501,3966,گاوداری پور رضوی,821813,6
91502,3966,تن ماهی اشکذر,821814,6
91503,3966,رستوران برادران عسکری,821815,6
91504,3966,دانشگاه آزاد اسلامی اشکذر,821965,6
91505,3967,برویه,070893,6
91506,3967,بند چنار,070896,6
91507,3967,حسن آباد خوانسار,070946,6
91508,3967,خوانسار,070951,6
91509,3967,دره بید,070954,6
91510,3967,طویله چمن,070974,6
91511,3967,نیستان,071019,6
91512,3967,خیر آباد,086986,6
91513,3967,احمد آباد,249637,6
91514,3967,چاه منگولی/ تعاونی 18,249641,6
91515,3967,امیر آباد,249643,6
91516,3967,بورمیشی,249647,6
91517,3967,بوروئیه,249648,6
91518,3967,پده,249649,6
91519,3967,جعفر آباد,249654,6
91520,3967,چاکری,249656,6
91521,3967,چاه ابوعلی,249658,6
91522,3967,امیر آباد,249662,6
91523,3967,چاه آیت اله سعیدی,249663,6
91524,3967,چاه آیت اله صدوقی,249664,6
91525,3967,چاه تنوره/ آرتزین نوروزی,249668,6
91526,3967,چاه جماران 2,249671,6
91527,3967,مجتمع شرکت گوشت یزد,249672,6
91528,3967,چاه خامنه ای,249676,6
91529,3967,چاه سلمان,249680,6
91530,3967,چاه شهید رجایی,249682,6
91531,3967,چاه صادقی,249683,6
91532,3967,چاه عباس آباد,249687,6
91533,3967,چاه عربها/ پاکوهی,249689,6
91534,3967,چاه فیروز آباد,249690,6
91535,3967,چاه گروه امام خمینی,249691,6
91536,3967,چاه گروه بعثت,249692,6
91537,3967,چاه گروه مقداد,249695,6
91538,3967,چاه مهدی آباد,249703,6
91539,3967,چاه میان دشت,249704,6
91540,3967,چاه ولی عصر,249705,6
91541,3967,هنرستان کشاورزی,249706,6
91542,3967,چشمه سربره,249709,6
91543,3967,حاجی آباد,249711,6
91544,3967,حسن آباد,249714,6
91545,3967,حسین آباد,249717,6
91546,3967,رحمت آباد,249728,6
91547,3967,زین آباد,249731,6
91548,3967,ساغین,249732,6
91549,3967,سلیم آباد سفلی,249734,6
91550,3967,سلیم آباد علیا,249735,6
91551,3967,چاه گروه منتظری سلیم آباد حسن قرائی,249736,6
91552,3967,سیاهوییه,249737,6
91553,3967,سیف آباد,249740,6
91554,3967,شیخ آباد,249742,6
91555,3967,طالب آباد,249744,6
91556,3967,عباس آباد,249746,6
91557,3967,عباس آباد,249747,6
91558,3967,علی آباد,249748,6
91559,3967,علی آباد,249749,6
91560,3967,فتح آباد,249753,6
91561,3967,اسلام آباد,249754,6
91562,3967,قاسم آباد,249756,6
91563,3967,قم آباد,249757,6
91564,3967,قدمگاه,249758,6
91565,3967,قلعه لشکری,249759,6
91566,3967,قنات آخوند,249760,6
91567,3967,قنات آقا علی,249761,6
91568,3967,قنات غفوری,249764,6
91569,3967,قنات رحیمی,249766,6
91570,3967,قنات سفید,249767,6
91571,3967,کوشک,249772,6
91572,3967,گروه کشاورزی آزادی,249775,6
91573,3967,گروه کشاورزی بهشتی/ محمود تیموری,249776,6
91574,3967,گروه کشاورزی غفاری,249777,6
91575,3967,گروه کشاورزی فرخی,249778,6
91576,3967,گروه کشاورزی مفتح,249779,6
91577,3967,گروه کشاورزی منتظر قایم,249780,6
91578,3967,مبارکه,249783,6
91579,3967,محمدآباد مشروطه / باغ آباد,249789,6
91580,3967,محمود آباد,249791,6
91581,3967,مهدی آباد,249795,6
91582,3967,هاشم آباد,249799,6
91583,3967,گز آباد,510770,6
91584,3967,چاه ده زهرا,510771,6
91585,3967,چاه سید هاشم/ حسن آباد,510776,6
91586,3967,گروه کشاورزی شهید رحیمی,510778,6
91587,3967,چاه مورو,510780,6
91588,3967,چاه گلشن/ حسینی,510781,6
91589,3967,چاه تقی زاده,510782,6
91590,3967,چاه محمود فروزان,510783,6
91591,3967,چاه سپاه/ مجتمع کشاورزی شهید رفیعیان,510784,6
91592,3967,منبع آب آشامیدنی هرات,510785,6
91593,3967,چاه ابوالفضل,510786,6
91594,3967,گروه کشاورزی کوثر,510789,6
91595,3967,گروه کشاورزی قدس,510801,6
91596,3967,گروه کشاورزی باهنر,510802,6
91597,3967,گروه کشاورزی شهید مطهری,510803,6
91598,3967,چاه کشاورزی و دامپروری فدائی,510804,6
91599,3967,چاه سجاد,510806,6
91600,3967,چاه طالقانی,510825,6
91601,3967,چشمه چاه سنجد,510830,6
91602,3967,چاه فاطمیه شماره 1,511398,6
91603,3967,چاه وکیلی,511399,6
91604,3967,چاه حسنی,511400,6
91605,3967,چاه رضا آباد,511663,6
91606,3967,شهرک صنعتی هرات,821079,6
91607,3967,اکبر آباد/ سید حاجی,821080,6
91608,3967,چاه گز,821093,6
91609,3967,نمک مروارید خاتم,821368,6
91610,3967,کاشی طاووس,821369,6
91611,3967,معدن مرتضایی,821417,6
91612,3967,مرمریت بیات هرات,821418,6
91613,3967,مزرعه سازمان آب,821419,6
91614,3967,معدن سنگ خوانسار/ غلامی,821420,6
91615,3967,خانه شیر,821421,6
91616,3967,تاج آباد,821453,6
91617,3967,چاه بند گلویی امام حسین,821735,6
91618,3967,چاه همتی/ هفت تیر,921000,6
91619,3967,چاه خادم رضوی,921001,6
91620,3967,چاه آب آشامیدنی شماره 2,921669,6
91621,3967,شن و ماسه خاتم راه,921672,6
91622,3967,کارخانه آسفالت بسترسازان,921673,6
91623,3967,قنات نصیر آباد,921674,6
91624,3967,چاه محیط زیست,921675,6
91625,3967,مرغداری فروزان,921676,6
91626,3967,ایستگاه بازرسی هرات,921677,6
91627,3967,کارخانه کاشی ایساتیس,921678,6
91628,3967,محل احداث شرکت برلیان سفال,921679,6
91629,3967,مجتمع باربری هرات,921680,6
91630,3967,شرکت راهسازی مکران,921681,6
91631,3967,آلیاژ شمش خاتم,921682,6
91632,3967,وصی آباد,921683,6
91633,3967,چاه اکبر سالاری,921684,6
91634,3967,چاه جهاد,921685,6
91635,3967,چشمه شور,921701,6
91636,3967,چاه منابع طبیعی شماره 1,921702,6
91637,3967,مزرعه ابوالفضل,921703,6
91638,3967,مرغ گوشتی علی اکبر کشاورز,921704,6
91639,3967,چاه محمد رسول الله,921705,6
91640,3967,چاه زینلی,921719,6
91641,3967,چاه شایق,921720,6
91642,3967,چاه تعاونی 9,921721,6
91643,3967,چاه جوزمی ها,921722,6
91644,3967,چاه تیموری,921723,6
91645,3967,چاه حسینی زاده,921724,6
91646,3967,سلیم آباد وسطی,921801,6
91647,3967,منطقه گردشگری سرچشمه,921803,6
91648,3967,مرکز معاینه فنی خاتم,921805,6
91649,3967,چاه مهدی,921806,6
91650,3967,پرورش شتر مرغ برهانی,921807,6
91651,3967,چاه سپاه,921808,6
91652,3967,چاه خشک,921809,6
91653,3967,چاه نصیری,921810,6
91654,3967,چاه رضا قانع,921811,6
91655,3967,چاه محمد خراسانی,921812,6
91656,3968,کندر,070992,6
91657,3968,چاه اسلام‌آباد کندر,071005,6
91658,3968,باغ معدن,086949,6
91659,3968,بختیاری,086952,6
91660,3968,چالمه,086976,6
91661,3968,چاهک,086981,6
91662,3968,سعدویه,086995,6
91663,3968,شورویه,086999,6
91664,3968,قناتو,087005,6
91665,3968,گروه چاه وحدت,087016,6
91666,3968,هاشم آباد,087026,6
91667,3968,چاه سید مهدی طباطبایی,510791,6
91668,3968,چاه رضا قلی ملایی,510792,6
91669,3968,محسن آباد مثقالی,510793,6
91670,3968,چاه امیر آغاز,510795,6
91671,3968,چاه محمد رضا کوهی,510796,6
91672,3968,چاه عبدالحسین خان جانی,510797,6
91673,3968,چاه کیومرث متوسل,510798,6
91674,3968,چاه نصرت اله حیدری,510812,6
91675,3968,چاه ملایی 2,510816,6
91676,3968,چاه بنز احمد فرج زاده,510818,6
91677,3968,چاه حسین جانی,510819,6
91678,3968,چاه حسین احمدزاده/ محمد دهقان,510821,6
91679,3968,چاه سینه مرغی,510823,6
91680,3968,چاه درمن,510824,6
91681,3968,باغ شادی وسطی,510826,6
91682,3968,چاه ولی عصر کندر,510828,6
91683,3968,چاه فخر آباد ریحان رستمی,510833,6
91684,3968,چاه آزاد,510834,6
91685,3968,چاه لیلاند حسن آغاز,510842,6
91686,3968,چاه حاج بهمن حیدری,510843,6
91687,3968,چاه لیلاند احمد آغاز,510846,6
91688,3968,چاه بنز ده تن حاج عباس ملایی,510864,6
91689,3968,چاه بنز هشت تن حاج عباس ملایی,510865,6
91690,3968,چاه سهراب حیدری یک,510874,6
91691,3968,چاه سبز کوه محمود فرج زاده,510892,6
91692,3968,چاه جهانشاه حیدری,510893,6
91693,3968,چاه تل گردی,510894,6
91694,3968,چاه شولات,510912,6
91695,3968,چاه جت محمد فرج زاده,510916,6
91696,3968,چاه عباس برادران,510917,6
91697,3968,چاه محمد بهفر,510920,6
91698,3968,چاه صیاد حیدری,510925,6
91699,3968,چاه دکتر علی شریعتی,511564,6
91700,3968,مجتمع دامداری های چاهک,511699,6
91701,3968,مزرعه چاه تل صفر,821075,6
91702,3968,مزرعه چاه گود قلعه,821076,6
91703,3968,چاه حیدر خاکسار,821422,6
91704,3968,چاه هیبتی حاج محمد فرج زاده,821423,6
91705,3968,چاه خرده مالکی,821424,6
91706,3968,چاه آسیابی,821425,6
91707,3968,چاه عمیق هاشم آباد,821426,6
91708,3968,خیر آباد,821427,6
91709,3968,چاه جورابی/ رضا علیزاده,921292,6
91710,3968,مرغداری محمد حسینی,921670,6
91711,3968,نیروگاه 10 مگاواتی چاهک,921671,6
91712,3968,دامداری طباطبایی,921700,6
91713,3969,اسلام آباد چاه منج,086943,6
91714,3969,تلمبه سربرزی,086965,6
91715,3969,تلمبه شاه میرزا بیگ,086966,6
91716,3969,چاه جلال کیوان,086972,6
91717,3969,شهریاری سفلی,087000,6
91718,3969,شهریاری علیا,087001,6
91719,3969,چاه محمد علی عسگری چهل گزی,087017,6
91720,3969,چاه ابوالفضل,249657,6
91721,3969,چاه غنچعلی بقری,510835,6
91722,3969,چاه محمد بافتی / نو بهار بند علی,510836,6
91723,3969,چاه بهزاد ضرغامی,510837,6
91724,3969,چاه گلستانی,510839,6
91725,3969,چاه احمد غلامحسینی,510847,6
91726,3969,چاه علی ناز رستمی,510848,6
91727,3969,چاه ریحان رستمی شماره 1,510849,6
91728,3969,چاه غلامحسین ریحانی,510851,6
91729,3969,چاه اکبر یوسفیان/ محمد عسکری,510852,6
91730,3969,چاه محمد علی لشکری,510855,6
91731,3969,چاه مهدی قلی اکبری/ شریفی,510856,6
91732,3969,چاه نیمه عمیق علی چوب تراش,510857,6
91733,3969,چاه چهل گزی احمد دهقان,510858,6
91734,3969,چاه اکبر یوسفیان,510859,6
91735,3969,یحیی آباد,510860,6
91736,3969,چاه سبز علی بقری,510862,6
91737,3969,چاه سید جواد حسینی,510877,6
91738,3969,چاه محمد حکیم پور,510878,6
91739,3969,چاه غلامرضا فریدونی,510879,6
91740,3969,چاه خدا مراد بابری,510881,6
91741,3969,چاه حاج رضا علی جعفری,510882,6
91742,3969,چاه مهدی بقری,510883,6
91743,3969,چاه حسینی,510884,6
91744,3969,چاه احمدی,510885,6
91745,3969,چاه سبز کوه,510887,6
91746,3969,چاه طهمورث حیدری,510889,6
91747,3969,چاه غلامرضا حسینی,510890,6
91748,3969,چاه هفت دانگی,510895,6
91749,3969,چاه لنده ای,510896,6
91750,3969,چاه شهید فقیه,510897,6
91751,3969,چاه خورمیزی,510898,6
91752,3969,چاه ایبگی میرزا غلامعلی,510899,6
91753,3969,چاه بنز حاجی کیومرث حیدری,510900,6
91754,3969,چاه محمد گرگین,510903,6
91755,3969,چاه 1 عباس حیدری,510904,6
91756,3969,چاه باقر جعفری,510905,6
91757,3969,چاه علی حیدری 1/ عرب,510909,6
91758,3969,چاه حاج عزیز حسینی,510915,6
91759,3969,خدا مراد حیدری,510921,6
91760,3969,چاه غلامحسین قره چاهی,510922,6
91761,3969,چاه حاج عزیز حیدری,510923,6
91762,3969,چاه مراد حاصل حیدری,510924,6
91763,3969,چاه عزت اله حیدری,510926,6
91764,3969,تل پارسی,510927,6
91765,3969,قنات چاه منج,510928,6
91766,3969,آغل کوه سفید,510929,6
91767,3969,چاه درویش آزادی,510932,6
91768,3969,چاه احمد کیوان,510933,6
91769,3969,آغل گوسفند گل منگو ایرج حیدری,510935,6
91770,3969,چاه ولو چهل نفری,510936,6
91771,3969,چاه درویش حیدری,510937,6
91772,3969,تلمبه کمنز حاجی کیومرث و شرکاء,510938,6
91773,3969,چاه ولود غلامرضا حیدری,510942,6
91774,3969,چاه آقا رضا حیدری/ یزدی ها,511404,6
91775,3969,چاه محمود قرایی,511565,6
91776,3969,چاه منابع طبیعی,821000,6
91777,3969,فیض آباد,821074,6
91778,3969,مزرعه مرتضوی/ چاه حاج اکبری,821077,6
91779,3969,چاه سید علی فقیهی,821728,6
91780,3969,ناصر قره چاهی,921667,6
91781,3969,چاه محمد غلامحسینی,921668,6
91782,3969,آبشخور عمومی منابع طبیعی,921697,6
91783,3969,کارخانه آسفالت مهدی شجاعی,921698,6
91784,3969,چاه بشیر جعفری,921699,6
91785,3970,آسفیج,101971,6
91786,3970,بنه گردو,102003,6
91787,3970,ده نو اکبرآباد,102022,6
91788,3970,تیتو حمزه,102025,6
91789,3970,تیتو زینل,102026,6
91790,3970,جعفرآباد,102030,6
91791,3970,جلیل‌آباد,102031,6
91792,3970,جنت,102033,6
91793,3970,چشمه زیرو,102040,6
91794,3970,حاجی آباد کمکوییه,102045,6
91795,3970,حسینیه,102061,6
91796,3970,ده علی اسفیج,102106,6
91797,3970,ده علی حسن,102107,6
91798,3970,دهنو تیتوسر,102123,6
91799,3970,وحدت‌آباد,102143,6
91800,3970,ده سنجدی,102152,6
91801,3970,سنجدوئیه,102153,6
91802,3970,سیمکوئیه,102156,6
91803,3970,گود کج,102201,6
91804,3970,اریج,245042,6
91805,3970,حسین‌آباد ده عسکر,245102,6
91806,3970,ده ریزوئیه,245127,6
91807,3970,ده عسکر,245133,6
91808,3970,ده ملا,245136,6
91809,3970,محمودآباد رضویه,245193,6
91810,3970,کمکوئیه,510164,6
91811,3970,ده خان,510166,6
91812,3970,ده شیخ,510167,6
91813,3970,ده غلامرضا,510170,6
91814,3970,فردوسیه,511181,6
91815,3970,خالق آباد,511216,6
91816,3970,جنگلو علیا,511220,6
91817,3970,عبدل آباد,511250,6
91818,3970,گود باریکه,511325,6
91819,3970,گردوکج,511587,6
91820,3970,ده جمال,562614,6
91821,3970,ده ذبیح اله عباس,821376,6
91822,3970,معدن زغال محبوب,821377,6
91823,3970,آب انبار مرتع سه چاهون,921353,6
91824,3970,مزرعه ده گورو,921354,6
91825,3970,مرغ گوشتی اطهران کهن پارس,921355,6
91826,3970,معدن سرب و روی ده عسگر/ سنجدو,921356,6
91827,3970,معدن زغال سنگ حاجی نعمت,921358,6
91828,3970,معدن سرب و روی زاغو,921359,6
91829,3970,معدن سرب و روی تپه سرخ,921360,6
91830,3970,معدن سرب و روی چاه درویش,921361,6
91831,3970,کارخانه چسب سیلیکات سدیم,921780,6
91832,3970,پرورش شتر مرغ هیواد,921781,6
91833,3971,النگوییه,101984,6
91834,3971,بنیز,102004,6
91835,3971,بهشت آباد,102006,6
91836,3971,پتگیگان,102014,6
91837,3971,پرگان,102015,6
91838,3971,حسن آباد,102048,6
91839,3971,ده گتو,102110,6
91840,3971,کهنوج,102197,6
91841,3971,استخروییه,245044,6
91842,3971,اشترک,245047,6
91843,3971,اکبر آباد,245048,6
91844,3971,امیر آباد,245050,6
91845,3971,بنستان,245054,6
91846,3971,بهدان,245056,6
91847,3971,پتیگان,245062,6
91848,3971,تقی آباد,245067,6
91849,3971,تک باغستان,245068,6
91850,3971,حسین آباد سر آستانه,245103,6
91851,3971,حسین آباد سرکازه,245104,6
91852,3971,خرمتک,245109,6
91853,3971,درب دهنه بهدان,245116,6
91854,3971,دو قله,245122,6
91855,3971,ده ریزه,245129,6
91856,3971,ده محمد,245134,6
91857,3971,ده نو,245138,6
91858,3971,دیدرک,245143,6
91859,3971,زراشک,245148,6
91860,3971,صادق آباد,245157,6
91861,3971,صباحیه,245158,6
91862,3971,عباس آباد,245159,6
91863,3971,عظیم آباد,245161,6
91864,3971,علی آباد جنگل,245163,6
91865,3971,فخر آباد,245166,6
91866,3971,فردوس,245167,6
91867,3971,فودیج,245170,6
91868,3971,کوثر,245179,6
91869,3971,کویجان,245180,6
91870,3971,گزچین,245186,6
91871,3971,گن گاو,245187,6
91872,3971,همیجان,245217,6
91873,3971,باب دهوئیه پایین,510156,6
91874,3971,ده زینل,510158,6
91875,3971,ببروئیه,510159,6
91876,3971,خودآفرین حسین آباد باقری,511545,6
91877,3971,معدن سرب و روی ریگ کلاغی,921340,6
91878,3971,معدن سرب و روی گیچرکوه,921341,6
91879,3971,معدن باریت فرجو,921342,6
91880,3971,معدن زغال سنگ چهار چشمه,921343,6
91881,3971,معدن زغال چاه زرد دهستانی,921344,6
91882,3971,مرغداری سیمرغ بهاباد,921345,6
91883,3971,مرغداری پنجه طلا/ علیزاده,921346,6
91884,3971,مرغداری حسین جلیلی,921347,6
91885,3971,مانگان,921348,6
91886,3971,مرغداری اکبر دهستانی,921349,6
91887,3971,معدن یکتا سیلیس حاتمی زاده,921350,6
91888,3971,معدن انگوران,921351,6
91889,3971,پرورش کبک ببروییه,921352,6
91890,3971,معدن زغال سنگ چاه بادامو,921357,6
91891,3972,آب انبار سید علی آقا,245038,6
91892,3972,آبدوغی علیا,245040,6
91893,3972,احمد آباد,245041,6
91894,3972,ازبنگوییه,245043,6
91895,3972,اسفنگ,245045,6
91896,3972,بموییه,245052,6
91897,3972,بوئی‌آباد,245055,6
91898,3972,بیدرو,245058,6
91899,3972,پرک,245063,6
91900,3972,پرکوشک,245064,6
91901,3972,تی توییه,245075,6
91902,3972,جعفرآباد,245076,6
91903,3972,جنت‌آباد,245078,6
91904,3972,جوادیه,245080,6
91905,3972,چاه سید محمود رضوی,245083,6
91906,3972,چوگان,245091,6
91907,3972,حاجی‌آباد,245092,6
91908,3972,حسن بیکی,245097,6
91909,3972,حسین‌آباد,245099,6
91910,3972,خارنگان,245107,6
91911,3972,خارنگ,245108,6
91912,3972,خلیل‌آباد,245110,6
91913,3972,خوش خوش‌آباد,245111,6
91914,3972,خیرآباد,245112,6
91915,3972,درب هنز,245119,6
91916,3972,درند علیا,245121,6
91917,3972,مزرعه اکبر ولی‌نژاد/ دهو بالا,245124,6
91918,3972,ده غلام,245126,6
91919,3972,ده طوطی,245132,6
91920,3972,ده محمد رفیع,245135,6
91921,3972,ده نودشت,245139,6
91922,3972,دهنو ملا اسماعیل,245142,6
91923,3972,رحیم‌آباد,245145,6
91924,3972,رضویه,245146,6
91925,3972,زارکوییه,245147,6
91926,3972,زریگان,245150,6
91927,3972,سنجدک,245151,6
91928,3972,شرکت کشاورزی مکا,245155,6
91929,3972,شمال‌آباد,245156,6
91930,3972,عباس‌آباد,245160,6
91931,3972,علی‌آباد,245162,6
91932,3972,علی‌آباد ملا علیرضا,245165,6
91933,3972,فضل‌آباد سفلی,245168,6
91934,3972,کریم‌آباد,245178,6
91935,3972,کهوئیه,245182,6
91936,3972,گاشکوییه,245183,6
91937,3972,گرگین‌آباد,245185,6
91938,3972,مزرعه اکبر زینلی,245194,6
91939,3972,دو روز جنگ,245198,6
91940,3972,مزرعه علی مهدی,245201,6
91941,3972,ندن سفلی,245213,6
91942,3972,ندن علیا,245214,6
91943,3972,سنجداب,245527,6
91944,3972,آب انبار جنگلبانی,510174,6
91945,3972,موتورخانه رله تلویزیونی بهاباد,510210,6
91946,3972,فرستنده رادیوئی بهاباد,510211,6
91947,3972,چاه آب آشامیدنی,510212,6
91948,3972,شرکت آجر فشاری آزادی بهاباد,510219,6
91949,3972,مجتمع مزرعه چادرملو,510220,6
91950,3972,گروه کشاورزی اسلام آباد,510222,6
91951,3972,آغل زیر پیرعلی,510223,6
91952,3972,آب انبار جهاد,510224,6
91953,3972,معدن چاه گز,510225,6
91954,3972,چاه حیدرو,510226,6
91955,3972,چاه عزیز زینلی,511549,6
91956,3972,مزرعه کشاورزی همت آباد,511725,6
91957,3972,شهرک صنعتی بهاباد,511727,6
91958,3972,شرکت بهاباد صنعت,821166,6
91959,3972,تلمبه خانه آب چادرملو 1,821167,6
91960,3972,ده محمد باقر,821378,6
91961,3972,سرب و روی پودان بهاباد,821403,6
91962,3972,معدن سیلیس چشمه ابرو,821404,6
91963,3972,پاسگاه محیط بانی کم کی,821405,6
91964,3972,مهدی آباد پرک,821406,6
91965,3972,مجتمع دامداری گرگین آباد,821407,6
91966,3972,مرمریت پر طاووسی سپیدان,821408,6
91967,3972,مجتمع دامداری کریم آباد,821409,6
91968,3972,مجتمع دامداری علی آباد,821410,6
91969,3972,پارک,821961,6
91970,3972,مزرعه کشاورزی ذوب آهن احمد آباد,821963,6
91971,3972,اقامتگاه بوم گردی ده عروس,821964,6
91972,3972,کوره آجر جنت,921288,6
91973,3972,گاوداری دهقان,921334,6
91974,3972,پارک تفریحی طوبی,921335,6
91975,3972,معدن مرمریت پرطاووسی/ شهاب سنگ,921337,6
91976,3972,معدن سامانه سنگ,921338,6
91977,3972,معدن مرمریت یادمان,921339,6
91978,3972,کایولن و فلدسپات اله آباد,921782,6
91979,3972,مجتمع گندله سازی بهاباد,921783,6
91980,3972,منطقه نظامی جلگه,921784,6
91981,3972,چاه فرهنگیان,921813,6
91982,3972,مجتمع دامداریهای بهاباد,921814,6
91983,3972,چاه رضوی,921815,6
91984,3972,ایستگاه سی جی اس,921816,6
91985,3973,مزرعه برزگر,070894,6
91986,3973,بهار خیز,070898,6
91987,3973,تل سیاه,070905,6
91988,3973,جرمق سفلی,070931,6
91989,3973,جرمق علیا,070932,6
91990,3973,چنار ناز,070942,6
91991,3973,خانه سرخ,070949,6
91992,3973,سربره سفلی,070962,6
91993,3973,سربره علیا,070963,6
91994,3973,کرخنگان,070990,6
91995,3973,مارپیچ,071002,6
91996,3973,چاه خرم کل کت,510765,6
91997,3973,کت آباد,510767,6
91998,3973,مزرعه ولی عصر,510769,6
91999,3973,مزرعه کر,511576,6
92000,3973,مزرعه تیه,511662,6
92001,3973,مزرعه خان کان,821081,6
92002,3973,مزرعه دیوبری,821082,6
92003,3973,مزرعه میرزا,821083,6
92004,3973,پاسگاه حفاظتی منابع طبیعی,821343,6
92005,3973,چشمه لری,821344,6
92006,3974,توتک,070691,6
92007,3974,توتک باز,070692,6
92008,3974,قنات تل سیاه,511561,6
92009,3974,قنات کت و پت,511566,6
92010,3974,محمد آباد تنگ ماهور,511567,6
92011,3974,چاه اصغر تقی زاده و شرکاء,511568,6
92012,3974,خلیون,511569,6
92013,3974,رضا آباد,511570,6
92014,3974,احمد بیگی,511571,6
92015,3974,سنجدو,511572,6
92016,3974,سه چاه,511575,6
92017,3974,حسین آباد,821084,6
92018,3974,حیدر آباد,821085,6
92019,3974,یافت آباد,821086,6
92020,3974,قنات عوض,821258,6
92021,3974,معدن رهنما/ تالک شیست توتک,821339,6
92022,3974,چاه بید,821340,6
92023,3974,چشمه دزدان,821341,6
92024,3974,چاه رستگاری,821342,6
92025,3975,چاه بهشتی,249199,6
92026,3975,چاه صدوقی,249201,6
92027,3975,مهدی آباد,249291,6
92028,3975,امید آباد,249642,6
92029,3975,انجیره بالا,249644,6
92030,3975,باغ حاجی محمد علی,249646,6
92031,3975,ترکان,249651,6
92032,3975,چاه تل سیاه,249667,6
92033,3975,چاه جانعلی,249670,6
92034,3975,چاه طالقانی,249686,6
92035,3975,چاه مطهری,249700,6
92036,3975,حجت آباد,249713,6
92037,3975,گاو چاه حسین آباد,249715,6
92038,3975,حسین آباد,249716,6
92039,3975,حسین آباد شوراب,249718,6
92040,3975,چاه رامین آباد,249726,6
92041,3975,رحمت آباد,249727,6
92042,3975,رضاآباد بالا/ اسکندر,249729,6
92043,3975,رضا آباد پایین/ استوار,249730,6
92044,3975,سید آباد خمینی,249739,6
92045,3975,علی آباد شور شوری,249752,6
92046,3975,چاه محمد آباد پایین/ بیدو,249788,6
92047,3975,محمود آباد,249790,6
92048,3975,هرابرجان,249800,6
92049,3975,قنات سید بحیی,290207,6
92050,3975,چاه شرکت موفق کشت,510752,6
92051,3975,دکل تلویزیون,510753,6
92052,3975,چاه شهید یزادنی,510754,6
92053,3975,چاه انجیره,510755,6
92054,3975,چاه شمس آباد,510756,6
92055,3975,گز آباد,510757,6
92056,3975,اکبرآباد بنو,510758,6
92057,3975,چاه آب کشاورزی حاجی آباد ناصری,510762,6
92058,3975,باغ سید خلیل حسینی,510763,6
92059,3975,مجتمع دامپروری مروست,511661,6
92060,3975,شمس آباد چهارده معصوم,511829,6
92061,3975,حاجی آباد فلاح,821087,6
92062,3975,مرغداری کارگران/ صحرا,821346,6
92063,3975,مرغداری کویر,821347,6
92064,3975,شرکت راهسازی ناورود,821366,6
92065,3975,چاه محمدآباد رایگان,821415,6
92066,3975,مسیله,821729,6
92067,3976,ایستگاه شترداری,248853,6
92068,3976,احمد آباد بالا,249161,6
92069,3976,احمد آباد پایین,249162,6
92070,3976,احمد آباد دکتر,249163,6
92071,3976,آذر مکان,249164,6
92072,3976,اسلام آباد آخوندی,249165,6
92073,3976,اسلام آباد بالا,249168,6
92074,3976,امیر آباد,249172,6
92075,3976,امین آباد چلپایی,249173,6
92076,3976,باغ گزستانک,249175,6
92077,3976,باقر آباد بالا,249177,6
92078,3976,باقر آباد پایین,249178,6
92079,3976,چاه تقی آباد,249180,6
92080,3976,جلال آباد بالا,249182,6
92081,3976,جلال آباد میان,249184,6
92082,3976,چاه جمال آباد,249185,6
92083,3976,چاه ثاراله,249190,6
92084,3976,چاه جواد آباد,249191,6
92085,3976,چاه جهاد,249192,6
92086,3976,چاه خامنه ای,249193,6
92087,3976,چاه رجایی,249195,6
92088,3976,چاه باهنر,249198,6
92089,3976,چاه صفاییه,249202,6
92090,3976,چاه کافی,249203,6
92091,3976,چاه مصدق,249206,6
92092,3976,چاه والفجر,249208,6
92093,3976,چاه ولی عصر,249209,6
92094,3976,حاجی آباد,249210,6
92095,3976,حسن آباد,249213,6
92096,3976,حسین آباد,249214,6
92097,3976,حمید آباد,249215,6
92098,3976,خرمی خورشیدی,249217,6
92099,3976,خسرو آباد/ چاه حاج محمد صادقیان,249218,6
92100,3976,خضر آباد,249219,6
92101,3976,خلیل آباد,249220,6
92102,3976,چاه خیر آباد,249221,6
92103,3976,خیر آباد,249222,6
92104,3976,دشت خمینی,249224,6
92105,3976,دشت خمینی/ کریم آباد,249225,6
92106,3976,دولت آباد,249226,6
92107,3976,دهنو,249228,6
92108,3976,رحمت آباد بلو,249229,6
92109,3976,زرگر آباد,249231,6
92110,3976,سعادت آباد,249234,6
92111,3976,سید آباد,249235,6
92112,3976,سهم آباد کافی,249236,6
92113,3976,سهم آباد بالا,249237,6
92114,3976,سهم آباد پایین,249238,6
92115,3976,سید آباد,249239,6
92116,3976,چاه صدر آباد,249241,6
92117,3976,عباس آباد,249242,6
92118,3976,عباس آباد خیریها,249244,6
92119,3976,عباس آباد قدیم,249245,6
92120,3976,عشرت آباد,249247,6
92121,3976,علی آباد,249248,6
92122,3976,علی آباد ملکوتی,249249,6
92123,3976,علاءالدین,249252,6
92124,3976,حسین آباد آذر مکان,249257,6
92125,3976,فتح آباد جنوبی,249258,6
92126,3976,چاه فرح آباد,249259,6
92127,3976,فیروز آباد,249260,6
92128,3976,قاسم آباد,249261,6
92129,3976,قنات بلند,249263,6
92130,3976,قنات گود,249264,6
92131,3976,کریم آباد,249266,6
92132,3976,کوشک,249267,6
92133,3976,گل آباد جدید,249269,6
92134,3976,گلستانک,249270,6
92135,3976,گلستانک جدید,249271,6
92136,3976,گود خودرو دودانگی,249274,6
92137,3976,مبارکه,249275,6
92138,3976,مجید آباد,249276,6
92139,3976,محمد آباد علیا,249277,6
92140,3976,محمد آباد,249278,6
92141,3976,چاه محمد آباد گرداب,249279,6
92142,3976,محمود آباد قاسم آبادی ها,249281,6
92143,3976,محمود آباد سفلی,249282,6
92144,3976,مراد آباد,249283,6
92145,3976,مزد آباد هوشمند,249284,6
92146,3976,مزرعه صاحب,249285,6
92147,3976,مسجد ابوالفضل,249286,6
92148,3976,مهدی آباد تقویه,249289,6
92149,3976,مهدی آباد خاکپور,249292,6
92150,3976,مهدی آباد قاسمی ها,249293,6
92151,3976,نجف آباد,249298,6
92152,3976,چاه نعمت آباد,249299,6
92153,3976,نور آباد,249300,6
92154,3976,هاشم آباد,249301,6
92155,3976,هاشم آباد بالا,249303,6
92156,3976,همت آباد,249304,6
92157,3976,همدان,249305,6
92158,3976,حسین آباد 24 نفره,249306,6
92159,3976,چاه شهید صدوقی,249685,6
92160,3976,چاه یادگار,249707,6
92161,3976,فاطی آباد,249712,6
92162,3976,خیر آباد,249722,6
92163,3976,علی آباد خبریها,249750,6
92164,3976,چاه جعفر بیگی 2,249793,6
92165,3976,مهدی آباد کل حاجی,249796,6
92166,3976,مهدی آباد سرچشمه,249797,6
92167,3976,چاه مس,510719,6
92168,3976,چاه کامران,510720,6
92169,3976,مزرعه محسن آباد,510721,6
92170,3976,چاه حاجی میرزا حسن/ گلدشت,510722,6
92171,3976,شرکت تعاونی دشت سیفال کار,510725,6
92172,3976,کشت و صنعت بهار دشت,510726,6
92173,3976,مزرعه محمد آباد هیبتی,510727,6
92174,3976,چاه گروه وحدت / علی اکبر فخری,510728,6
92175,3976,چاه شرکت یزد کجاوه,510730,6
92176,3976,چاه شرکت ایثار,510732,6
92177,3976,شرکت گرجین,510734,6
92178,3976,چاه شهید محلاتی,510735,6
92179,3976,چاه رهبرآباد,510736,6
92180,3976,چاه رضاییه/ رضا آباد گرداب,510737,6
92181,3976,چاه دشت طالقانی,510739,6
92182,3976,چاه سپاه,510740,6
92183,3976,چاه مسلم آباد,510743,6
92184,3976,چاه جلال آباد,510746,6
92185,3976,ولی آباد/ فلاحتی,510747,6
92186,3976,علی آباد,510748,6
92187,3976,چاه شهید قدوسی,510749,6
92188,3976,دریاچه ماهی پرورشی مهندس وحید,510751,6
92189,3976,مزرعه محمد آباد,511244,6
92190,3976,چاه بواناتیها 1/ بهاران 1,511417,6
92191,3976,چاه عربها/ چاه گروه موسوی,511419,6
92192,3976,چاه خلیل براتی/ چاه حاج میرزا حسن,511420,6
92193,3976,چاه بهنام/ برومند,511421,6
92194,3976,چاه برخورداری,511422,6
92195,3976,جعفر آباد,511423,6
92196,3976,عباس آباد مروست,511424,6
92197,3976,چاه باهنر مروست,511425,6
92198,3976,چاه امام موسی صدر,511426,6
92199,3976,خرم دشت,511429,6
92200,3976,چاه صالح آباد/ چاه ردایی,511430,6
92201,3976,چاه شماره 2 شرکت احرار,511431,6
92202,3976,چاه قاسم آبادیها / علی پلیس,511432,6
92203,3976,دشت آزادگان,511433,6
92204,3976,چاه بابایی,511434,6
92205,3976,چاه غلامحسین یاوری,511435,6
92206,3976,چاه شماره 4 باغ گزستانک,511436,6
92207,3976,شرکت کشت و صنعت کویر,511437,6
92208,3976,شاهین دشت,511438,6
92209,3976,اکبر آباد,511440,6
92210,3976,ناحیه صنعتی مروست,511452,6
92211,3976,گوهردشت,511654,6
92212,3976,طلوع شمس 2 شماره 1,511655,6
92213,3976,چاه شاهدان سبز,511657,6
92214,3976,شرکت پیشتازان,511658,6
92215,3976,چاه نیروی انتظامی,511659,6
92216,3976,شرکت تعاونی مرغ گوشتی 15 مهریز و مروست,511660,6
92217,3976,چاه حاج حسن یاوری,511820,6
92218,3976,چاه سپاه یزد,511821,6
92219,3976,چاه سید جلال سبز/ عباس آباد,511822,6
92220,3976,چاه ایثارگران,511823,6
92221,3976,کاظم آباد,511824,6
92222,3976,چاه شهدای مروست,511825,6
92223,3976,دهنو دشت,511826,6
92224,3976,شرکت طوبی کشت,511827,6
92225,3976,چاه بهشتی,511828,6
92226,3976,چاه مبارکه,821089,6
92227,3976,چاه سردشت/ چاه شتر دار,821090,6
92228,3976,چاه و تاسیسات آب آشامیدنی مروست,821091,6
92229,3976,چاه کوهدشت گلیمه/ دهقان چناری,821092,6
92230,3976,مرغداری پیروزی,821348,6
92231,3976,رضاییه,821349,6
92232,3976,دشت باغ نو,821350,6
92233,3976,کارخانه کربن فعال,821351,6
92234,3976,باغستان,821352,6
92235,3976,قنات نفس القریه,821353,6
92236,3976,بیمارستان مروست,821354,6
92237,3976,مزرعه غلامحسین کارگریان,821355,6
92238,3976,حاجی آباد جنوبی,821356,6
92239,3976,نجم آباد,821358,6
92240,3976,چاه علی آباد کوثر/ علی صاحبی,821359,6
92241,3976,چاه کویر زدایی 1,821360,6
92242,3976,چاه کویر زدایی 2,821361,6
92243,3976,چاه مشاع مزرعه صاحب,821362,6
92244,3976,چاه مشاع 2/ ابوالفضل,821363,6
92245,3976,چاه مشاع 3,821364,6
92246,3976,چاه شماره 4 شاهد,821365,6
92247,3976,منگنز رحیم خاتم,821367,6
92248,3976,چاه مجید ردایی,821370,6
92249,3976,چاه شهید صدوقی,821371,6
92250,3976,چاه عشق الملک,821372,6
92251,3976,چاه علیزاده,821373,6
92252,3976,چاه آب مبارکه,821414,6
92253,3976,امین آباد فلاح,821738,6
92254,3976,چاه رهنما,821739,6
92255,3976,معدن اسمالون مروست,921305,6
92256,3976,چاه جوادیه,921715,6
92257,3976,پرورش بوقلمون عشق الملک,921716,6
92258,3976,مزرعه کوهدشت گلیمه,921717,6
92259,3976,مزرعه والفجر,921718,6
92260,3977,چاه آب شماره 2 زارچ,250101,6
92261,3977,چاه آب شماره 3 زارچ,250103,6
92262,3977,چرخاب دهستانی,250136,6
92263,3977,مزرعه علی شیبانی,250137,6
92264,3977,گاوداری سعیدی,250166,6
92265,3977,مرغ گوشتی بهار,250170,6
92266,3977,مرغداری خبیری,250171,6
92267,3977,چرخاب کهنه,250174,6
92268,3977,چرخاب رضوی,250176,6
92269,3977,چاه جنگلبانی,510972,6
92270,3977,چاه آب شماره 4 زارچ,510973,6
92271,3977,محمد آباد,511682,6
92272,3977,شرکت شهاب یزد,821185,6
92273,3977,پرورش شتر مرغ,821186,6
92274,3977,ایستگاه تقلیل فشار گاز,821187,6
92275,3977,مرغداری و گلخانه موسوی,821188,6
92276,3977,مجتمع گاو شیری زارچ,821189,6
92277,3977,چاه آب شماره 5 زارچ,821190,6
92278,3977,همت آباد,821400,6
92279,3977,چاه مجتمع دامداری,921379,6
92280,3977,قطعات بتونی سعیدی,921380,6
92281,3977,پست برق چرخاب,921381,6
92282,3978,مجتمع کوره های آجر فشاری زارچ,250165,6
92283,3978,اله آباد,511683,6
92284,3978,تصفیه خانه فاضلاب شهر یزد,821094,6
92285,3978,شهرک صنعتی ولی عصر زارچ,821399,6
92286,3978,ماسه شویی مهدی علمدار,921734,6
92287,3978,کارگاه شن و ماسه نخل کش,921735,6
92288,3978,کمپ گردشگری سندباد,921737,6
92289,3979,آبخانه,243841,6
92290,3979,اشکالون,243864,6
92291,3979,امیر آباد/ ریزو,243866,6
92292,3979,تنوره,243882,6
92293,3979,چاه سید,243892,6
92294,3979,حجت آباد,243903,6
92295,3979,حسین آباد,243907,6
92296,3979,خورشید آباد,243917,6
92297,3979,دربید,243922,6
92298,3979,درگزینه,243924,6
92299,3979,دره بید,243926,6
92300,3979,دشت ده,243927,6
92301,3979,ده بالا,243930,6
92302,3979,سنجدک,243960,6
92303,3979,طامهر,243969,6
92304,3979,علی آباد,243974,6
92305,3979,کوره آهک پزی,243986,6
92306,3979,کلمند کمال,243991,6
92307,3979,مزرعه اسلام آباد جدید,244006,6
92308,3979,معدن باریت نیوک,244040,6
92309,3979,معدن باریت دشت ده,244041,6
92310,3979,منصور آباد,244053,6
92311,3979,نیوک,244062,6
92312,3979,همت آباد,244066,6
92313,3979,آب پون,510057,6
92314,3979,چشمه آب امام رضا,510058,6
92315,3979,آب زردو,510060,6
92316,3979,آب بی بی جان,510066,6
92317,3979,کلمند گلو,510067,6
92318,3979,کال آبزه,510068,6
92319,3979,مزرعه حسن شخصی ( حسن آباد ),511853,6
92320,3979,مزرعه آب بید,511855,6
92321,3979,مزرعه متکستان/ هاتفی,511856,6
92322,3979,چاه دق,821095,6
92323,3979,آب انبار چاه کبکی,821096,6
92324,3979,صادق آباد/ آب شور پایین,821191,6
92325,3979,مزرعه امیر,921362,6
92326,3979,معدن بوکسیت دربید,921363,6
92327,3979,معدن سنگ آهن چاهک,921364,6
92328,3979,مزرعه حاجی آباد تنگل,921365,6
92329,3979,مزرعه لای تلخ,921366,6
92330,3979,معدن سنگ آهن شمال کوه سفید,921367,6
92331,3979,معدن آهن و باریت چشمه زرد,921728,6
92332,3980,تنب کوچک,251307,6
92333,3980,فارور بزرگ,251328,6
92334,3980,فارور کوچک,251349,6
92335,3981,سیری,251391,6
92336,3982,اردان,252575,6
92337,3982,باغستان,252576,6
92338,3982,برکه شیخ,252579,6
92339,3982,بگود,252580,6
92340,3982,پرزین,252581,6
92341,3982,تربکستان,252585,6
92342,3982,تربوییه,252586,6
92343,3982,تنغت,252587,6
92344,3982,تیزج,252590,6
92345,3982,تیکو,252591,6
92346,3982,غایب,252592,6
92347,3982,جونگان,252593,6
92348,3982,چاکرتو,252594,6
92349,3982,چاهو,252596,6
92350,3982,چهل سواران,252597,6
92351,3982,خایین,252600,6
92352,3982,خورخورست,252601,6
92353,3982,دازان,252602,6
92354,3982,درمغ,252603,6
92355,3982,دشت مارم,252604,6
92356,3982,دم تنگ مصری,252605,6
92357,3982,دمیلو,252606,6
92358,3982,دوستانق,252607,6
92359,3982,رضوان,252608,6
92360,3982,سرزه,252610,6
92361,3982,سله کو,252611,6
92362,3982,سوتغان,252612,6
92363,3982,شغو,252613,6
92364,3982,شیخ عالی,252614,6
92365,3982,علی آباد,252615,6
92366,3982,کوران,252621,6
92367,3982,کهتک,252623,6
92368,3982,کهن بالا,252624,6
92369,3982,گاونیز,252625,6
92370,3982,گرو سیاه,252629,6
92371,3982,گلدنو,252632,6
92372,3982,سربند,252634,6
92373,3982,لومائی,252636,6
92374,3982,لاور,252637,6
92375,3982,مزرا,252639,6
92376,3982,مزرا,252640,6
92377,3982,مزراء پائین,252641,6
92378,3982,منگو,252642,6
92379,3982,هورمودر بالا,252644,6
92380,3982,هورمودر پائین,252645,6
92381,3982,تنگ بازگران,252646,6
92382,3982,اوین سفلی,253302,6
92383,3982,اوین علیا,253303,6
92384,3982,پروزک,253312,6
92385,3982,گرد سیاه,253339,6
92386,3982,بست بیخ,520083,6
92387,3982,کم گرمه,520084,6
92388,3982,مهدی آباد ( ختنه سوری ),520086,6
92389,3982,پابند,520482,6
92390,3982,آبکهور,520486,6
92391,3982,گل اندام,520491,6
92392,3982,قلمان,520492,6
92393,3982,تشکن,520493,6
92394,3982,بنگرسو,520495,6
92395,3982,شیاری,520499,6
92396,3982,سودرو,520515,6
92397,3982,کم رودان,520516,6
92398,3982,خورجل بالا,520544,6
92399,3982,درمیشان,520545,6
92400,3982,خورجل زیر,520549,6
92401,3982,بندر,520550,6
92402,3982,مازغ کوارو,521894,6
92403,3982,تنگ تربوئیه,522033,6
92404,3983,آب شیرین,252395,6
92405,3983,آبماه,252399,6
92406,3983,ارنگان,252401,6
92407,3983,بنو,252406,6
92408,3983,پشته برنگ,252413,6
92409,3983,پاگرد,252414,6
92410,3983,چاه کل,252419,6
92411,3983,چلو گهره,252421,6
92412,3983,خوش هنگام,252425,6
92413,3983,درانار,252427,6
92414,3983,دوین,252436,6
92415,3983,زرتو بالا,252443,6
92416,3983,زیارت,252446,6
92417,3983,قطب آباد گهره,252457,6
92418,3983,گوچین,252470,6
92419,3983,گهره,252471,6
92420,3983,گیشان غربی,252472,6
92421,3983,ناتردان,252480,6
92422,3983,نارنگان,252481,6
92423,3983,باغون,252577,6
92424,3983,پشت تنگ,252582,6
92425,3983,پیشدان,252583,6
92426,3983,تتکوه,252584,6
92427,3983,چاه مهکو,252595,6
92428,3983,کملشت,252619,6
92429,3983,گرو,252630,6
92430,3983,گنگیگان,252633,6
92431,3983,مورک,252643,6
92432,3983,گرگ,520393,6
92433,3983,زرتو پائین,520395,6
92434,3983,چاله,520408,6
92435,3983,چاه شور,520409,6
92436,3983,بیخو,520410,6
92437,3984,شهرک درجتان ابراهیمی,252396,6
92438,3984,آب زمینو,252397,6
92439,3984,آب قلمون,252398,6
