28522,2485,چشمه آب نیا,066643,6
28523,2485,حیدرآباد,066657,6
28524,2485,دارنروک,066662,6
28525,2485,دره باریک,066665,6
28526,2485,دره علیخون,066668,6
28527,2485,دل,066672,6
28528,2485,دوروده,066674,6
28529,2485,ده دی,066677,6
28530,2485,سربند ده دی,066687,6
28531,2485,سربی,066689,6
28532,2485,سرتنگ,066690,6
28533,2485,سرمه,066697,6
28534,2485,سلطان آباد,066698,6
28535,2485,سنگ آب,066702,6
28536,2485,سوزپبده,066703,6
28537,2485,سیلاچوله,066708,6
28538,2485,شکراب,066712,6
28539,2485,علی آباد سفلی,066722,6
28540,2485,علی آباد علیا,066723,6
28541,2485,فاریاب مسجد,066725,6
28542,2485,فرج آباد,066728,6
28543,2485,قلعه حرته,066733,6
28544,2485,قلعه میدان,066735,6
28545,2485,کریم آباد,066737,6
28546,2485,کفت گله دوک,066740,6
28547,2485,کول خداداد,066749,6
28548,2485,کهناب,066754,6
28549,2485,کیروه,066756,6
28550,2485,گچستان,066762,6
28551,2485,گله چندار,066768,6
28552,2485,لودن,066775,6
28553,2485,لیرسرخی,066776,6
28554,2485,لارزندان,066779,6
28555,2485,ماه نو,066783,6
28556,2485,مراد آباد,066787,6
28557,2485,مرادباور,066789,6
28558,2485,مورد,066793,6
28559,2485,نثارسیپه,066799,6
28560,2485,نیدوند,066805,6
28561,2485,هارگزی,066810,6
28562,2485,هتی,066817,6
28563,2485,شهرک دژمیدان,806381,6
28564,2486,امامزاده عبداله,060310,6
28565,2486,بوطاهری,060312,6
28566,2486,ده نو,060318,6
28567,2486,رگ سفید,060319,6
28568,2486,زلقی,060320,6
28569,2486,باغل بند,060348,6
28570,2486,بدرانی,060349,6
28571,2486,پاسگاه ژاندارمری کپرها,060351,6
28572,2486,چم تنگ,060359,6
28573,2486,چم تنگو,060360,6
28574,2486,چم رحمان,060361,6
28575,2486,چم شعبان,060363,6
28576,2486,چم مراد,060366,6
28577,2486,چهل منی,060367,6
28578,2486,کره پا,060372,6
28579,2486,مزرعه گزالی,060374,6
28580,2486,میررحمان,060375,6
28581,2486,پاسگاه میرمحمد,364747,6
28582,2486,گاوداری علی شکاری,806454,6
28583,2486,پرواربندی شهباز شعبانی,806455,6
28584,2486,دامپروری خزعل خزایی,806456,6
28585,2486,پرواربندی گوسفند شهناز گشتیل,806515,6
28586,2486,تولید پودر صدف بهمن کوگرد,806516,6
28587,2486,یخ سازی کیمیا,806517,6
28588,2486,بزخیزات,806518,6
28589,2486,چتله حسینیه,806519,6
28590,2486,چتله,806520,6
28591,2486,انبار علوفه کشاورزی,806521,6
28592,2486,دکل بی سیم شرکت نفت,806579,6
28593,2487,دوب,060245,6
28594,2487,گزحلیل,060253,6
28595,2487,میال,060254,6
28596,2487,پاسگاه نیروی انتظامی سجافی,060350,6
28597,2487,پوزسفید,060352,6
28598,2487,غرابی بزرگ,060354,6
28599,2487,غرابی کوچک,060355,6
28600,2487,جبرآباد,060356,6
28601,2487,چم سید کریم,060362,6
28602,2487,چم کلگه,060364,6
28603,2487,چم کنار,060365,6
28604,2487,حسین آباد,060368,6
28605,2487,صاحب آباد,060370,6
28606,2487,ظلم آباد,060371,6
28607,2487,مزرعه عبادالهی,060373,6
28608,2487,پایگاه سپاه پاسداران,362176,6
28609,2487,عگل سوار,362179,6
28610,2487,مرغداری سپیدمرغ,364681,6
28611,2487,فریج,364771,6
28612,2487,شهرک صنعتی هندیجان,806457,6
28613,2487,کشتی سازی رحمانی,806458,6
28614,2487,مرغداری شهباز مسیحی,806459,6
28615,2487,مرغداری حجت الله شهبازی,806460,6
28616,2487,مرغداری برادران نکویی,806461,6
28617,2487,مجتمع دامپروری هندیجان,806462,6
28618,2487,گمرک قدیم,806523,6
28619,2487,نخل بیشه,806524,6
28620,2487,پمپ بنزین صیادان,806525,6
28621,2487,تلمبه خانه مجید حیاتی,806526,6
28622,2488,توول خانلی,060237,6
28623,2488,توول ریفه,060238,6
28624,2488,غرگانه,060239,6
28625,2488,جیری سفلی,060240,6
28626,2488,جیری علیا,060241,6
28627,2488,چم خرنوب,060242,6
28628,2488,خیط شلیش,060244,6
28629,2488,فیروز آباد,060251,6
28630,2488,کریم آباد,060252,6
28631,2488,ناصر آباد,060255,6
28632,2488,غوله سفلی,060314,6
28633,2488,دریهک,060316,6
28634,2488,سرخره علیا,060321,6
28635,2488,فیلی,060325,6
28636,2488,سرخره سفلی,060369,6
28637,2488,کارگاه تولید کانال بتنی,806453,6
28638,2488,بهره برداری شماره 1,806528,6
28639,2488,رومیله,806529,6
28640,2488,جایگاه سوخت صاحب الزمان,806530,6
28641,2489,ده ملا بزرگ,060249,6
28642,2489,سویره,060284,6
28643,2489,طلاگه سفلی,060285,6
28644,2489,طلاگه علیا,060286,6
28645,2489,بزی,060311,6
28646,2489,غوله علیا,060315,6
28647,2489,شیری,060323,6
28648,2489,شیری علیا,060324,6
28649,2489,کوت مهنا,060326,6
28650,2489,مشراگه,060327,6
28651,2489,ده ملاکوچک,362192,6
28652,2489,تلمبه خانه سویره,362213,6
28653,2489,گاوداری سعید راشدی,362217,6
28654,2489,مجتمع سنگ شکن های مشرآگه,806452,6
28655,2489,بی بی علیه,806531,6
28656,2490,باطولی,060173,6
28657,2490,ابدبیان,063678,6
28658,2490,ابدبیان قدیم,063679,6
28659,2490,ام الغزلان,063681,6
28660,2490,بطلیه,063682,6
28661,2490,بوخامه سفلی,063685,6
28662,2490,بوخامه علیا,063686,6
28663,2490,بی سیم مخابرات,063688,6
28664,2490,پیروزآباد,063689,6
28665,2490,تاسیسات تلمبه خانه امیدیه,063690,6
28666,2490,تلتلیه,063692,6
28667,2490,ریحانه,063705,6
28668,2490,سن,063710,6
28669,2490,محمدباقر,063723,6
28670,2490,مستوفی آباد,063725,6
28671,2490,منیشد آباد,063728,6
28672,2490,نوشادی,063729,6
28673,2490,ابوالفلوس,063784,6
28674,2490,ابوعلیمه,063788,6
28675,2490,ابوفیلی,063789,6
28676,2490,ابویلیل,063790,6
28677,2490,ام الخثی سفلی,063792,6
28678,2490,ام الخثی علیا,063793,6
28679,2490,ام الخثی وسطی,063794,6
28680,2490,غضیلات,063806,6
28681,2490,حب الریح,063808,6
28682,2490,حفیره سفلی,063815,6
28683,2490,حفیره علیا,063816,6
28684,2490,حفیره وسطی,063817,6
28685,2490,خضیریات,063818,6
28686,2490,خیط سبیان سفلی,063820,6
28687,2490,خیط سبیان علیا,063821,6
28688,2490,رومیات,063824,6
28689,2490,دهیلی,063825,6
28690,2490,رضوان,063827,6
28691,2490,رمله سفلی,063828,6
28692,2490,رمله علیا,063829,6
28693,2490,سدره صویلات,063831,6
28694,2490,سراوین سفلی,063832,6
28695,2490,سراوین علیا,063833,6
28696,2490,طبره سفلی,063840,6
28697,2490,طبره علیا,063841,6
28698,2490,عبدلیه,063843,6
28699,2490,عدسوادی,063844,6
28700,2490,عدقمیس,063845,6
28701,2490,عوده سفلی,063847,6
28702,2490,عوده علیا,063848,6
28703,2490,فرهودیه,063849,6
28704,2490,قلعه شرهان,063850,6
28705,2490,لحمیر سفلی,063853,6
28706,2490,لحمیر علیا,063854,6
28707,2490,لحمیر وسطی,063855,6
28708,2490,مرزه,063856,6
28709,2490,مرغداری سید یعقوب,063858,6
28710,2490,مزلاگه سفلی,063860,6
28711,2490,مزلاگه علیا,063861,6
28712,2490,مثینیه سفلی,063863,6
28713,2490,مثینیه علیا,063864,6
28714,2490,مشلشه سفلی,063865,6
28715,2490,مشلشه علیا,063866,6
28716,2490,مطبگ,063867,6
28717,2490,مطبگ سفلی,063868,6
28718,2490,مطبگ علیا,063869,6
28719,2490,مطبگ وسطی,063870,6
28720,2490,نیزار سفلی,063875,6
28721,2490,نیزار علیا,063876,6
28722,2490,مهر آباد,363142,6
28723,2490,بوخامه وسطی,363143,6
28724,2490,غضیلات سفلی,363144,6
28725,2490,مرغداری رحمان درویشی,363145,6
28726,2490,مرغداری موسی راشدی,363146,6
28727,2490,شرکت قطعات پیش ساخته زاهدان,364601,6
28728,2490,تاسیسات نفتی میل 19,364602,6
28729,2490,جهاد نصر آذربایجان,596153,6
28730,2490,تلمبه خانه گاز اتیلن,596154,6
28731,2490,ناحیه صنعتی رامشیر(شهرک صنعتی),596155,6
28732,2490,مرغداری مرادی,596156,6
28733,2490,مرغداری خفایی,806447,6
28734,2491,غدیرسبع,055435,6
28735,2491,ایستگاه تفکیک نفت,055437,6
28736,2491,چای سودان,055438,6
28737,2491,دوهیه,055445,6
28738,2491,عسیف,055452,6
28739,2491,فرهه,055456,6
28740,2491,زنات,059987,6
28741,2491,ابوتویج,063680,6
28742,2491,بلاد مطلب سفلی,063683,6
28743,2491,بلاد مطلب علیا,063684,6
28744,2491,بویرده,063687,6
28745,2491,تل اسود,063691,6
28746,2491,چم اسحاگ,063694,6
28747,2491,چم صبی,063695,6
28748,2491,چم عنایه,063696,6
28749,2491,خرفریح سفلی,063698,6
28750,2491,خرفریح علیا,063699,6
28751,2491,رشیده,063701,6
28752,2491,رویضات سفلی,063703,6
28753,2491,رویضات علیا,063704,6
28754,2491,سبع اگتای سفلی,063707,6
28755,2491,سبع اگتای علیا,063708,6
28756,2491,سید حسن,063712,6
28757,2491,شهرک آزادی,063715,6
28758,2491,صفحه,063716,6
28759,2491,عکسه سفلی,063717,6
28760,2491,عکسه علیا,063718,6
28761,2491,عگله زویهد,063719,6
28762,2491,گزلی سفلی,063720,6
28763,2491,گزلی علیا,063721,6
28764,2491,لحمیر,063722,6
28765,2491,مکینه خرفریح,063727,6
28766,2491,چاه های شماره 2 شادگان,596157,6
28767,2491,مجتمع چاه های شماره 24شادگان,596158,6
28768,2492,مریبی,063724,6
28769,2492,ابوشنان سفلی,063786,6
28770,2492,ابوشنان علیا,063787,6
28771,2492,ام الحیل,063791,6
28772,2492,ام الطرفه سفلی,063796,6
28773,2492,ام الطرفه علیا,063797,6
28774,2492,ام الطرفه وسطی,063799,6
28775,2492,اسلام آباد,063800,6
28776,2492,پایگاه پنجم شکاری,063802,6
28777,2492,انجیل 500,063804,6
28778,2492,واحد بهره برداری نفت مارون 2,063805,6
28779,2492,جابرآباد,063807,6
28780,2492,حسینیه علیا,063809,6
28781,2492,حسینیه چاسب,063810,6
28782,2492,حسینیه مشکور,063813,6
28783,2492,حسینیه میرشنان,063814,6
28784,2492,خیط ام الحیل,063819,6
28785,2492,رمیله سفلی,063822,6
28786,2492,رمیله علیا,063823,6
28787,2492,شعیطه,063837,6
28788,2492,شکریات,063838,6
28789,2492,عباس,063842,6
28790,2492,عگله بچای,063846,6
28791,2492,کریم آباد,063852,6
28792,2492,مزیبله لفته,063857,6
28793,2492,مزرعه حاج حمد,063859,6
28794,2492,مزیبله سفلی,063862,6
28795,2492,مویلحه سفلی,063871,6
28796,2492,مویلحه علیا,063872,6
28797,2492,مویلحه وسطی,063873,6
28798,2492,ایستگاه گاز شهید دستیاری,363098,6
28799,2492,پاسگاه انتظامی عبدلیه,363101,6
28800,2492,حسینیه خضیر,363105,6
28801,2492,حسینیه حمد,363108,6
28802,2492,شملان,363110,6
28803,2492,مجتمع کارخانجات نقی زاده,596159,6
28804,2492,کارخانه نمکزدایی مارون2,596160,6
28805,2492,پست برق 132 کیلووات رامشیر,596161,6
28806,2492,شرکت تعاونی گندم طلایی تقی زاده,596162,6
28807,2492,مرغداری جواد حمید,596163,6
28808,2492,شرکت کشاورزی تعاونی استقلال جنوب(مزرعه تقی زاده),596164,6
28809,2492,قرارگاه پدافند هوایی خاتم الانبیا (آجا),596165,6
28810,2492,شیرخانه کیلومتر 1 دره عباس,596166,6
28811,2492,مخازن بتنی ذخیره نفت خام,806285,6
28812,2492,مجتمع سنگ شکن های مریبی,806443,6
28813,2492,سایت رامشیر,806444,6
28814,2492,مجتمع سنگ شکن های مشراگه,806445,6
28815,2492,سد تنظیمی رامشیر,806446,6
28816,2493,چارات,063693,6
28817,2493,چم منیع,063697,6
28818,2493,ربزه,063700,6
28819,2493,رومیس,063702,6
28820,2493,سعید,063709,6
28821,2493,کارخانه آسفالت سازی مهدی زارعی,063713,6
28822,2493,واحد بهره برداری نفت,063730,6
28823,2493,بیت باوی,064430,6
28824,2493,بیت خلاف,064431,6
28825,2493,بیت سوادی,064432,6
28826,2493,بیت سیوان,064433,6
28827,2493,چای عوفی,064436,6
28828,2493,خویسه,064439,6
28829,2493,شاوه بیت حمید,064444,6
28830,2493,شاوه بیت منصور,064445,6
28831,2493,عبداله عموری,064453,6
28832,2493,علوان عشاره,064454,6
28833,2493,علوان مسلم,064455,6
28834,2493,عودتقی,064456,6
28835,2493,عین یباره,064457,6
28836,2493,مارون سه,064461,6
28837,2493,مزنده,064464,6
28838,2493,معیدله علیا,064466,6
28839,2493,معیدله سفلی,064467,6
28840,2493,صنایع آجر خوزستان,363057,6
28841,2493,کم پسای پم,363059,6
28842,2493,پادگان شهید خیاط ویس,363099,6
28843,2493,پروژه تزریق گاز مارون 1 و 3,363102,6
28844,2493,چایراد,363103,6
28845,2493,سنگ شکن جلیل خالدی,363112,6
28846,2493,تلمبه خانه نفت رامشیر,363113,6
28847,2493,معدن کوپال نریمانی,364590,6
28848,2493,مجتمع چاه نفت مارون 3 (چاه های شماره 362، 372، 264، 95),596167,6
28849,2493,شهرک سمیه 1,596168,6
28850,2493,دکل مخابرات,806448,6
28851,2493,کارخانه گل روغنی,806449,6
28852,2493,مراد آباد,806450,6
28853,2493,شاوه بیت شلش,806451,6
28854,2494,بردلا,065286,6
28855,2494,بنه کاظم جمال,065288,6
28856,2494,بنه مرتضی,065290,6
28857,2494,چم عربان 2,065296,6
28858,2494,دشت بزرگ,065297,6
28859,2494,دهلران,065298,6
28860,2494,رودنی,065299,6
28861,2494,سیدان,065301,6
28862,2494,محمدی,065302,6
28863,2494,کایدان,065303,6
28864,2494,موندنی,065308,6
28865,2494,ویسی,065309,6
28866,2494,چال بتون,067450,6
28867,2494,چال خرسون,067451,6
28868,2494,کوشک خلف سفلی,067480,6
28869,2494,ایستگاه گاز عقیلی (CGS/ LTBS),806603,6
28870,2494,مجتمع آبرسانی شهدای عقیلی,806656,6
28871,2495,ایستادگی,065284,6
28872,2495,بدیل,065285,6
28873,2495,بنه حیدر,065287,6
28874,2495,بنه کاظم حاج سلطان,065289,6
28875,2495,پشت درب علیا,065291,6
28876,2495,پشت درب وسطی,065292,6
28877,2495,پشت درب سفلی,065293,6
28878,2495,محمدصفیه,065307,6
28879,2495,سد گتوند علیا,364703,6
28880,2495,گاوداری علی رحمانی,806616,6
28881,2495,باغ مرکبات شیرالی,806617,6
28882,2495,ایستگاه برق 132 ولت عقیلی,806618,6
28883,2495,دامداری سجاد ترکالکی,806619,6
28884,2495,گلخانه حسن رحمانی,806620,6
28885,2495,تاسیسات آبرسانی شهر ترکالکی,806621,6
28886,2495,شهرک مسکونی شهرداری ترکالکی,806657,6
28887,2495,ورزشگاه شهدای شهر ترکالکی,806658,6
28888,2496,بندبادلو,065091,6
28889,2496,کوشکک,065099,6
28890,2496,چغامله,065339,6
28891,2496,دوپیران,065340,6
28892,2496,سله چین سفلی,065342,6
28893,2496,سله چین علیا,065343,6
28894,2496,امامزاده امیر,363286,6
28895,2496,امامزاده علی,363291,6
28896,2496,پادگان شهید باغبانی,363296,6
28897,2496,کارگاه شن و ماسه شویی جهاد,363302,6
28898,2496,کارگاه شن وماسه شویی عزیز عسکری,363303,6
28899,2496,کارگاه شن و ماسه مرتضی چراغی,363304,6
28900,2496,ماسه شویی وکارخانه آسفالت نظری,363305,6
28901,2496,کارگاه شن و ماسه ماضی چراغی,363306,6
28902,2496,کارگاه شن و ماسه شعبانی,363307,6
28903,2496,کارگاه شن و ماسه سرهنگ عسکری,363308,6
28904,2496,کارخانه خوراک دام امور عشایر,363309,6
28905,2496,مجتمع تولیدی شن و ماسه گمار,363311,6
28906,2496,موسسه کشاورزی چینی و شریفی,363312,6
28907,2496,دامپروری دیمچه,363381,6
28908,2496,شهرک پنجم,363387,6
28909,2496,کارگاه شن و ماسه جزایری,364500,6
28910,2496,ایستگاه برق,364523,6
28911,2496,شهرک صنعتی,364529,6
28912,2496,شرکت لاستیک سازی خوزستان,364701,6
28913,2496,مرغداری سحر,364702,6
28914,2496,طرح علوفه کاری غلامعلی کرمی,806622,6
28915,2496,مرغداری عبدالکریم کوچکی,806623,6
28916,2496,مرغداری شهاب شیروی زاده,806624,6
28917,2496,مرغداری نورعلی خواجوی اورکی,806625,6
28918,2496,ایستگاه پمپاژ گاز و شرکت حمل و نقل گلشن گتوند,806626,6
28919,2496,پمپ بنزین دوستان گتوند (نژاد نصرالهی ، فتاحی),806627,6
28920,2496,مرغداری بابک بارانی و بختیاروند,806628,6
28921,2496,انبار ادوات کشاورزی فاضل اسدی (موسسه کشاورزی),806629,6
28922,2496,دامداری سید بهرام حسینی و برادران,806630,6
28923,2496,گلخانه نعمت اله مهدی زاده,806631,6
28924,2496,باغ مرکبات 1,806632,6
28925,2496,دامداری احمدنژاد و میرزایی,806633,6
28926,2496,موسسه دامپروری فراز (حاج جواد کایدانی),806634,6
28927,2496,دامداری علی اکبر عسکری,806635,6
28928,2496,مرغداری عبدالخالق بهزادی,806636,6
28929,2496,باغ مرکبات حبیبی نیا,806637,6
28930,2496,مرغداری شعبان بهزادی,806638,6
28931,2496,اداره حمل و نقل جاده ی شهرستان گتوند,806640,6
28932,2496,مجتمع باغات کاجوند و حسین پور,806641,6
28933,2496,مرغداری محمد قلی جافری,806642,6
28934,2496,دامداری اکبر سباک,806643,6
28935,2496,ماسه شویی شرکت کارون,806644,6
28936,2496,ایستگاه پمپ آب پارشال,806645,6
28937,2496,شرکت ایزراه,806646,6
28938,2496,موسسه کشاورزی خاکی بختیاروند,806647,6
28939,2496,باغ مرکبات امامی,806648,6
28940,2496,موسسه کشاورزی صولت رییسی,806649,6
28941,2496,اداره یکم کشت و صنعت کارون,806650,6
28942,2496,موسسه کشاورزی ضیا مقتدا,806652,6
28943,2496,موسسه کشاورزی شکرخدا فتاحی,806653,6
28944,2496,امامزاده علی پهونده,806654,6
28945,2496,موسسه کشاورزی صالح شهر,806655,6
28946,2496,مرغداری20 هزار قطعه ای گوشتی عضنفر بهزادی,806663,6
28947,2497,آب بید حاجی بابا,065336,6
28948,2497,آب بید علی باز,065337,6
28949,2497,ساختمانهای سدانحرافی گتوند,065341,6
28950,2497,شهرک شهید محسن بنی نجار,065344,6
28951,2497,آبجدان قلی آباد,066548,6
28952,2497,آهنگری,066570,6
28953,2497,بنه اسماعیل,066582,6
28954,2497,بوتنگ,066590,6
28955,2497,جگاه,066631,6
28956,2497,چاله شه,066637,6
28957,2497,چم چیت,066638,6
28958,2497,چینولک,066652,6
28959,2497,درب,066663,6
28960,2497,دره اشگفت,066664,6
28961,2497,سردول,066692,6
28962,2497,سرقلعه ها,066694,6
28963,2497,سلامگاه,066701,6
28964,2497,سید غلام شاه,066706,6
28965,2497,عباس آباد,066720,6
28966,2497,فرج آباد,066727,6
28967,2497,کنارباغچه,066744,6
28968,2497,مهدی آباد,066794,6
28969,2497,میان پیلون,066796,6
28970,2497,ناصر بلیوند,066798,6
28971,2497,امامزاده پیربداق,363287,6
28972,2497,امامزاده شیخ سلیمان,363290,6
28973,2497,ایستگاه پمپ کانال 7,363294,6
28974,2497,ایستگاه پمپ کانال گتوند,363295,6
28975,2497,آب توصله,364520,6
28976,2497,امامزاده پیراحمد,364521,6
28977,2497,پل پرزین,806008,6
28978,2497,بنه عباس آباد,806604,6
28979,2497,گاوداری سلطانی,806605,6
28980,2497,کارخانه آسفالت شهرداری گتوند,806606,6
28981,2497,پرواربندی گوساله زاهدی,806607,6
28982,2497,موسسه کشاورزی هیبت اله سلیمانی,806608,6
28983,2497,ماسه شویی اردیبهشت اساس,806609,6
28984,2497,حوضچه ماهی روزعلی امامی,806610,6
28985,2497,مرغداری نگهداری و عسکرزاده,806611,6
28986,2497,شستشوی محصولات کشاورزی عبدی زاده,806612,6
28987,2497,دامداری صنعتی غلامعلی جمالپور,806613,6
28988,2497,مرغداری گودرز رییسی,806614,6
28989,2497,موسسه کشاورزی علی نقی زاده,806615,6
28990,2497,باغ مرکبات یونس نجفی فرد,806639,6
28991,2497,مرغداری مولایی,806651,6
28992,2497,موسسه کشاورزی محمداله,806659,6
28993,2497,تاسیسات آبرسانی آب شرب شهرستان گتوند,806660,6
28994,2497,چم حوله,806661,6
28995,2497,امیرآباد,806662,6
28996,2497,مرغداری پسران رضایی,806664,6
28997,2497,موسسه کشاورزی خدا رحم عسکرپور,806665,6
28998,2497,کارخانه گچ گتوند خوزستان,806666,6
28999,2497,مجتمع تفریحی باغ لیمو,806667,6
29000,2498,آبژدان ملمولیل,065701,6
29001,2498,آب انار,065703,6
29002,2498,آب بادام,065704,6
29003,2498,آب بید گله بادی,065707,6
29004,2498,آب چندار,065712,6
29005,2498,آب چهرو,065713,6
29006,2498,آب قلعه,065718,6
29007,2498,آب مژگان,065721,6
29008,2498,احمدآباد,065726,6
29009,2498,احمدآباد سرتنگ,065730,6
29010,2498,احمدآقا,065731,6
29011,2498,اسفندیار,065742,6
29012,2498,الیاس,065753,6
29013,2498,امیرالمومنین,065758,6
29014,2498,اندیکایی,065760,6
29015,2498,اولاد,065761,6
29016,2498,باپیرا,065763,6
29017,2498,باقرآباد,065767,6
29018,2498,بگسی,065782,6
29019,2498,بنه بندر,065786,6
29020,2498,تلخ آب,065813,6
29021,2498,تلخاب نظر,065818,6
29022,2498,غلامحسین حافظی,065826,6
29023,2498,غلامعلی,065828,6
29024,2498,چال بتن,065835,6
29025,2498,چال گل,065843,6
29026,2498,چزی علیا,065849,6
29027,2498,حاجی آباد,065868,6
29028,2498,حسین قلی,065877,6
29029,2498,حسین ویسی,065878,6
29030,2498,حسینقلی,065879,6
29031,2498,حفیظ اله,065880,6
29032,2498,حفیظ اله,065881,6
29033,2498,خدارحم علی رحم,065892,6
29034,2498,خیمه جا,065897,6
29035,2498,دره قلعه,065907,6
29036,2498,دره مدولی چل شهی,065909,6
29037,2498,دو بلوطان,065913,6
29038,2498,دوستی,065914,6
29039,2498,دولگان,065915,6
29040,2498,دولیجان,065916,6
29041,2498,دیمو,065923,6
29042,2498,رحیم نیازعلی,065929,6
29043,2498,رضاچال کنار,065931,6
29044,2498,سرتلیها,065949,6
29045,2498,سرتنگ گدارخانی,065952,6
29046,2498,سرگچ,065961,6
29047,2498,سرمورد عیسی,065962,6
29048,2498,سوارآباد,065969,6
29049,2498,سورآباد,065971,6
29050,2498,سیم بند,065972,6
29051,2498,شوکل,065978,6
29052,2498,شهرک طالقانی,065981,6
29053,2498,شهرک محمدرضا اسدپور,065982,6
29054,2498,صالح کوتاه,065992,6
29055,2498,طاقا,065997,6
29056,2498,عبدالمحمد,066004,6
29057,2498,سید رجب,066008,6
29058,2498,علی آباد,066012,6
29059,2498,علی بنده,066014,6
29060,2498,علی داد,066016,6
29061,2498,علی نجات,066018,6
29062,2498,فیض اله,066030,6
29063,2498,قلعه لوت,066040,6
29064,2498,کلبعلی عرب,066052,6
29065,2498,گچوار,066075,6
29066,2498,گرگعلی حسن,066082,6
29067,2498,گرگه,066083,6
29068,2498,محمدذکی,066105,6
29069,2498,مزارنده,066110,6
29070,2498,مورد,066117,6
29071,2498,مهدی قلی,066122,6
29072,2498,مهراب,066123,6
29073,2498,نرگسی شاه محمد,066131,6
29074,2498,نیازعلی,066134,6
29075,2498,سد و نیروگاه مسجد سلیمان,067317,6
29076,2498,ابوالفضل داراب پور,363625,6
29077,2498,حسین ورناصری,363626,6
29078,2498,شهرک شهید محمود محمدی,363631,6
29079,2498,تنگ شاه جلیلی,363632,6
29080,2498,اسحاق لاهواره,363637,6
29081,2498,شهرک میثم,363638,6
29082,2498,علی اصغرکوتکی,363640,6
29083,2498,علی جان خیبری,363641,6
29084,2498,کهشور موری,363642,6
29085,2498,محمدرسول,363643,6
29086,2498,میرزا آباد,363644,6
29087,2498,شهرک امام حسین (ع ),364693,6
29088,2499,آبریزکی,058375,6
29089,2499,دره قیلا اکبر,058411,6
29090,2499,دره قیلا طهماسبی,058412,6
29091,2499,دره قیلا علی محمد,058413,6
29092,2499,دره قیلا عوض,058414,6
29093,2499,دره قیلا محمدعلی,058415,6
29094,2499,دره قیلا هادی,058416,6
29095,2499,دره گچی آب ببینه,058417,6
29096,2499,دره گچی آب بیدی,058418,6
29097,2499,دره گچی آب دیفه,058419,6
29098,2499,دره گچی شیرین آب,058420,6
29099,2499,آب بید,065705,6
29100,2499,آب چندار,065711,6
29101,2499,آب زهلی,065717,6
29102,2499,آب قنات,065719,6
29103,2499,آب کولک,065720,6
29104,2499,ابکره,065723,6
29105,2499,احمدآباد,065728,6
29106,2499,اسلام آباد,065744,6
29107,2499,الگاسه,065747,6
29108,2499,باقر صفی خون,065768,6
29109,2499,برآفتاب,065772,6
29110,2499,بردگپ,065779,6
29111,2499,بن آب تیمور,065783,6
29112,2499,بنه آب,065784,6
29113,2499,بنه قلی,065788,6
29114,2499,بهرام آباد,065793,6
29115,2499,پاطوف نگین,065797,6
29116,2499,پشتپر,065800,6
29117,2499,پشتپر خدیجه,065801,6
29118,2499,تاقوله,065806,6
29119,2499,تخت مشکون,065809,6
29120,2499,تخت ملک,065810,6
29121,2499,تختکبود,065811,6
29122,2499,تلخ دان,065814,6
29123,2499,تلخاب حمزه علی,065816,6
29124,2499,تلخاب خونعلی,065817,6
29125,2499,تنگ جولان,065820,6
29126,2499,تنگ گندا,065821,6
29127,2499,چال بلوطک,065836,6
29128,2499,چالیوس,065845,6
29129,2499,چشمه زنان,065853,6
29130,2499,چهارقاش,065860,6
29131,2499,چهل شبه باران,065861,6
29132,2499,چیره زنان,065864,6
29133,2499,حمزه علی جمالپور,065882,6
29134,2499,حمزه علی زمانپور,065883,6
29135,2499,خداداد,065891,6
29136,2499,خدارحم,065893,6
29137,2499,درب شش آب,065899,6
29138,2499,دره اشکفت علیخون,065901,6
29139,2499,دره پیر,065902,6
29140,2499,دره عربها,065906,6
29141,2499,دره گندلی,065908,6
29142,2499,دره نا,065910,6
29143,2499,ده غارتی,065919,6
29144,2499,راهداری,065926,6
29145,2499,رضاخون,065932,6
29146,2499,رگ لیشان,065935,6
29147,2499,سایل,065942,6
29148,2499,سرمورد مکینه,065963,6
29149,2499,شکراله,065975,6
29150,2499,شوکل صحنعلی,065979,6
29151,2499,شوکل نجاتعلی,065980,6
29152,2499,شیخ احمد,065985,6
29153,2499,شیخ فردین,065986,6
29154,2499,صحنعلی خدابنده,065993,6
29155,2499,صفقلی,065994,6
29156,2499,عبدالرضا,066002,6
29157,2499,عبدحسن,066005,6
29158,2499,عبده ظاهری,066007,6
29159,2499,قربانعلی,066033,6
29160,2499,قلعه بردی,066035,6
29161,2499,قلعه سنگر,066039,6
29162,2499,کرچل,066043,6
29163,2499,کریم احمدی,066048,6
29164,2499,کلشه,066053,6
29165,2499,کله سیاه,066054,6
29166,2499,کمبو,066055,6
29167,2499,کنگرون,066060,6
29168,2499,کوشک,066062,6
29169,2499,کوشکک کوشک,066064,6
29170,2499,کول فرامرز,066067,6
29171,2499,گردوک دره پیر,066080,6
29172,2499,گزیر وسطی,066085,6
29173,2499,مافگه,066102,6
29174,2499,مانده آب,066103,6
29175,2499,محمدکریم,066106,6
29176,2499,مرتضی آباد,066109,6
29177,2499,ملک محمد,066113,6
29178,2499,مهراب,066124,6
29179,2499,نیاز,066133,6
29180,2499,نیازعلی تارازی,066135,6
29181,2499,هزاردین,066141,6
29182,2499,یارعلی,066143,6
29183,2499,پاسگاه ژاندارمری کوشک,363606,6
29184,2499,پس رخ شیخ فردین,363607,6
29185,2499,حاجت,363609,6
29186,2499,درمله,363610,6
29187,2499,سردف,363611,6
29188,2499,صفرعلی موری ظاهری,363612,6
29189,2499,قریه نصیر,363614,6
29190,2499,قلعه برون,363615,6
29191,2499,کبود آباد,363617,6
29192,2499,کمراب,363618,6
29193,2499,کوشک آقاجان,363619,6
29194,2499,کهشور عسگر بابایی,363620,6
29195,2499,محمود آباد گمار,363621,6
29196,2499,چهل شبه نیازعلی,364381,6
29197,2499,سد شهید عباسپور,364627,6
29198,2499,شهرک بنت الهدی,364671,6
29199,2499,هیکل آباد,806570,6
29200,2499,دروازه اسلام آباد,806571,6
29201,2499,چهل شهید داود,806572,6
29202,2499,حمزه علی,806573,6
29203,2499,حاجت ظاهری,806574,6
29204,2500,آب چنار,065710,6
29205,2500,آبگرمک,065724,6
29206,2500,اسبیانه,065741,6
29207,2500,الگی,065748,6
29208,2500,بابا زاهد,065762,6
29209,2500,برآفتاب اکبر,065769,6
29210,2500,برآفتاب حیدرقلی,065770,6
29211,2500,بردبرانی,065775,6
29212,2500,بزرگراه ملا آقا,065780,6
29213,2500,بنه عباسعلی,065787,6
29214,2500,بنه محمدعلی,065790,6
29215,2500,پایراه,065798,6
29216,2500,پشت چگاه تاراز,065802,6
29217,2500,تردی,065812,6
29218,2500,تلخاب تیلا,065815,6
29219,2500,تنگ لایی,065822,6
29220,2500,تورک,065824,6
29221,2500,جیرا,065834,6
29222,2500,چال راکی,065841,6
29223,2500,چال گوراب,065844,6
29224,2500,چگاه آباد,065856,6
29225,2500,چل چل دره,065857,6
29226,2500,چل گاوخفت,065858,6
29227,2500,خوش مورد,065896,6
29228,2500,درب,065898,6
29229,2500,دره چینایی,065903,6
29230,2500,ذوالفعلی,065924,6
29231,2500,ذوالفقار,065925,6
29232,2500,رپی,065927,6
29233,2500,ریشه سرخاب,065936,6
29234,2500,زیلاعلی عسگر,065941,6
29235,2500,سبزلیکه سوارعلی,065944,6
29236,2500,سربازار,065947,6
29237,2500,سرتنگ,065951,6
29238,2500,سرچنار,065953,6
29239,2500,سرشط,065959,6
29240,2500,سرنیستان,065964,6
29241,2500,سفید دارا,065965,6
29242,2500,سنگ باران,065968,6
29243,2500,سوخته,065970,6
29244,2500,شش مرده,065974,6
29245,2500,شکره,065976,6
29246,2500,شیخ گرگعلی,065987,6
29247,2500,فتحی,066024,6
29248,2500,فرگه,066028,6
29249,2500,ورکوه,066034,6
29250,2500,کت کیارس,066041,6
29251,2500,کردف,066044,6
29252,2500,کفت گله,066050,6
29253,2500,کمی,066058,6
29254,2500,کول برد,066065,6
29255,2500,گوراب دگچی /دگچی /,066076,6
29256,2500,گرداب,066079,6
29257,2500,گزگاه,066084,6
29258,2500,گل سفید,066088,6
29259,2500,گلالک,066090,6
29260,2500,گلالک,066091,6
29261,2500,گوراب,066094,6
29262,2500,لک آباد,066097,6
29263,2500,لالندرموری,066100,6
29264,2500,مدد,066107,6
29265,2500,مشهدی باباشمسعلی,066111,6
29266,2500,ملاریته خدادکریمی,066112,6
29267,2500,موردجلیا,066118,6
29268,2500,مورگه,066119,6
29269,2500,موری,066120,6
29270,2500,مهنا,066126,6
29271,2500,نپی آباد,066129,6
29272,2500,ورگرشنبه,066138,6
29273,2500,هربازچلو,066139,6
29274,2500,یارمحمد,066144,6
29275,2500,کرکران نسه,363597,6
29276,2500,آقاطلا,363598,6
29277,2500,بزبر,363599,6
29278,2500,پاچه کوه زیلای عیدی,363600,6
29279,2500,چات,363601,6
29280,2500,چل چل چال,363602,6
29281,2500,گدایی یاور,363603,6
29282,2500,چیتونک,806302,6
29283,2500,کمپ راهسازی,806303,6
29284,2500,پاسگاه انتظامی چلو,806304,6
29285,2500,کمپ امدادی هلال احمر,806575,6
29286,2500,مرغداری چلو,806576,6
29287,2501,آب چندار,061980,6
29288,2501,آبکبود,061984,6
29289,2501,آبکبود سفلی,061985,6
29290,2501,آبکبود وسطی,061986,6
29291,2501,ابوالفارس,061987,6
29292,2501,استک,061988,6
29293,2501,اسداله,061990,6
29294,2501,باغات للر,062001,6
29295,2501,باورمه,062005,6
29296,2501,بردزرد علیمحمد کریمی,062007,6
29297,2501,بنه ذوالفقار,062019,6
29298,2501,بنه شهریار,062020,6
29299,2501,بنه شیرمحمد,062021,6
29300,2501,بنه موسی,062023,6
29301,2501,بنه میرزا آقا,062024,6
29302,2501,پایراه چال منار,062031,6
29303,2501,پل نگین,062032,6
29304,2501,پلی,062034,6
29305,2501,پمبلی,062035,6
29306,2501,تنگاف,062049,6
29307,2501,تنگ سنان,062050,6
29308,2501,چال انجیره,062063,6
29309,2501,چال دیره بزرگ,062067,6
29310,2501,چال سنگها,062069,6
29311,2501,چال منار,062073,6
29312,2501,چاله راک,062075,6
29313,2501,چل هرو ملاقباد,062084,6
29314,2501,حسنعلی دره فرخ,062090,6
29315,2501,دره شیرون,062108,6
29316,2501,دشتی حسین آقا,062114,6
29317,2501,دوشلواران,062116,6
29318,2501,ده دیک,062117,6
29319,2501,سرالوار,062129,6
29320,2501,سرحونی,062134,6
29321,2501,سلور ملامیتی,062142,6
29322,2501,شش داران,062146,6
29323,2501,صالح ابراهیم,062148,6
29324,2501,طویله,062149,6
29325,2501,کبک محمدرضا,062154,6
29326,2501,کتک سوخته,062155,6
29327,2501,کتک,062162,6
29328,2501,کیدی,062171,6
29329,2501,گپی,062178,6
29330,2501,گندمکار,062188,6
29331,2501,للر,062195,6
29332,2501,لالورد,062201,6
29333,2501,مازر آب اناری,062203,6
29334,2501,ملارحیم,062215,6
29335,2501,ملاسلطانعلی,062216,6
29336,2501,ملافیض اله,062217,6
29337,2501,هاری,062225,6
29338,2501,ده مهمدی,363595,6
29339,2501,مورد پای دلا,806324,6
29340,2501,برد خیمه,806577,6
29341,2501,امامزاده عباس,806578,6
29342,2502,وارگه بردرتازه,062222,6
29343,2502,وارگه خله تازه,062223,6
29344,2502,وارگه سبزتازه,062224,6
29345,2502,آب بید,065706,6
29346,2502,آب جاز,065709,6
29347,2502,آب خرزهره,065714,6
29348,2502,آرام,065740,6
29349,2502,اشگفتهای لو,065745,6
29350,2502,الله رحیم,065749,6
29351,2502,الما سفلی,065750,6
29352,2502,امامزاده بویر,065754,6
29353,2502,امامزاده شاهزاده عبداله,065756,6
29354,2502,برآفتاب چل خرسان,065771,6
29355,2502,برآفتاب سراستون,065773,6
29356,2502,بردتحده سید خسرو,065776,6
29357,2502,بردزرد,065778,6
29358,2502,پاابشلال,065795,6
29359,2502,پاریو چذباندیکایی,065796,6
29360,2502,پل شه,065803,6
29361,2502,تاچل علی شیر,065805,6
29362,2502,تخت زال,065807,6
29363,2502,تخت گیوه دران,065808,6
29364,2502,تلمبرون علی شیر,065819,6
29365,2502,تنگده شلال,065823,6
29366,2502,جانمراد,065829,6
29367,2502,جوکار حیات,065833,6
29368,2502,چال چیلو,065839,6
29369,2502,چشمه زنان,065852,6
29370,2502,حموله کشته,065884,6
29371,2502,درویش احمد,065900,6
29372,2502,دره دزدان,065904,6
29373,2502,دره دون,065905,6
29374,2502,دزک,065912,6
29375,2502,دوینه سید منصور,065917,6
29376,2502,دهداری سید طاهر,065920,6
29377,2502,دیکدان,065922,6
29378,2502,رگبی,065934,6
29379,2502,سبزآب,065943,6
29380,2502,سراستون امیدعلی,065945,6
29381,2502,سراهونی سید محمدقلی,065946,6
29382,2502,سرحوض بالا,065954,6
29383,2502,سرحوض پایین,065955,6
29384,2502,سرخاب,065956,6
29385,2502,سرخون,065957,6
29386,2502,سردارآباد,065958,6
29387,2502,سرکولاب سید محمد قلی,065960,6
29388,2502,شوایی,065977,6
29389,2502,شیرعلی,065988,6
29390,2502,شیرکش,065989,6
29391,2502,شیرین آب,065990,6
29392,2502,عبدالکریم,066003,6
29393,2502,علی محمد آباد,066017,6
29394,2502,کرتز,066042,6
29395,2502,کرکران,066045,6
29396,2502,کره کنگ,066046,6
29397,2502,کفت هچه,066051,6
29398,2502,کمرشه سیدمنصور,066056,6
29399,2502,کمرشه سیدیداله,066057,6
29400,2502,کول سرخ,066066,6
29401,2502,کول مورد,066068,6
29402,2502,کوه بریده شلال,066070,6
29403,2502,کهروان کولاب,066071,6
29404,2502,گرچاقا,066078,6
29405,2502,لیریک,066098,6
29406,2502,لاتیا,066099,6
29407,2502,مرادمحمدقلی,066108,6
29408,2502,نایب,066127,6
29409,2502,نبی اله,066128,6
29410,2502,نره اهرو,066132,6
29411,2502,نیزار,066136,6
29412,2502,هربو,066140,6
29413,2502,همیشه بهار,066142,6
29414,2502,برچامون,363582,6
29415,2502,بنه فتحعلی,363585,6
29416,2502,پاراک,363587,6
29417,2502,پایتخت زال,363588,6
29418,2502,سرکنده پایین,363589,6
29419,2502,عالی آباد,363590,6
29420,2502,عزیزاله آباد,363591,6
29421,2502,قبونی جمال پور,363592,6
29422,2502,گچستان,363593,6
29423,2502,محمود آباد,363594,6
29424,2502,عالی پیر,806300,6
29425,2502,مجتمع آبرسانی شلال دشتگل,806301,6
29426,2503,آبجدان آبندر,065702,6
29427,2503,آب بید گله توک,065708,6
29428,2503,آب دره,065715,6
29429,2503,آب رزک,065716,6
29430,2503,ابزهلو,065722,6
29431,2503,ابوالقاسم,065725,6
29432,2503,احمدآباد,065727,6
29433,2503,احمدآباد دینراک,065729,6
29434,2503,ادیو چال تاک,065732,6
29435,2503,ادیو چال جازحاجتی,065733,6
29436,2503,ادیو چالیو,065734,6
29437,2503,ادیو سرکنده,065735,6
29438,2503,ادیو سرکنده وارگهموری,065736,6
29439,2503,ادیو کپرپیاری لارم,065737,6
29440,2503,ادیو گاوچاله,065738,6
29441,2503,ادیو لاکیره,065739,6
29442,2503,اسفندیار,065743,6
29443,2503,اصلان,065746,6
29444,2503,اله قلی علیمردان,065751,6
29445,2503,اله مراد,065752,6
29446,2503,امامزاده بابا احمد,065755,6
29447,2503,امیدوار عبدالعلی,065757,6
29448,2503,امیرحسین,065759,6
29449,2503,باپیرجعفرقلی,065764,6
29450,2503,باران,065765,6
29451,2503,باغ شهو,065766,6
29452,2503,بزک آباد,065781,6
29453,2503,بنه بابا زاهد,065785,6
29454,2503,بنه مجید,065789,6
29455,2503,بوستانک,065791,6
29456,2503,بهرام آباد,065792,6
29457,2503,بهمن آباد,065794,6
29458,2503,پای راه چال بلوتک,065799,6
29459,2503,پیرمحمود,065804,6
29460,2503,غلامرضا,065827,6
29461,2503,جعفر قلی,065832,6
29462,2503,چال پرچ ادیو,065837,6
29463,2503,چال جاز,065838,6
29464,2503,چال خرسان,065840,6
29465,2503,چال کوچک لطف اله,065842,6
29466,2503,چاه پل توک آب,065846,6
29467,2503,چشمه حقی,065850,6
29468,2503,چشمه خرج,065851,6
29469,2503,چگارمان غلامحسین,065855,6
29470,2503,چهار بلوطک,065859,6
29471,2503,حاجتی,065867,6
29472,2503,حاجی آباد,065869,6
29473,2503,حاجی آقا,065870,6
29474,2503,حاجی غریب,065871,6
29475,2503,حسن آباد,065873,6
29476,2503,حسن و غلامحسین,065874,6
29477,2503,حسین آباد,065875,6
29478,2503,حسین آباد,065876,6
29479,2503,حیدرآباد,065885,6
29480,2503,خانعلی,065888,6
29481,2503,خمکارآباد گله توک,065890,6
29482,2503,خسرو,065894,6
29483,2503,خمکار,065895,6
29484,2503,دزدولتی,065911,6
29485,2503,ده بیژن,065918,6
29486,2503,دهگاه,065921,6
29487,2503,رحیم آباد,065928,6
29488,2503,رستم آباد,065930,6
29489,2503,رفیعی آباد,065933,6
29490,2503,زنگل آب دلی,065938,6
29491,2503,زیتون آباد,065939,6
29492,2503,زیرچشمه آب اناری,065940,6
29493,2503,سرپر آبجدان,065948,6
29494,2503,سرتنگ,065950,6
29495,2503,سلیمان,065967,6
29496,2503,شریف آباد,065973,6
29497,2503,شهوگرتین,065983,6
29498,2503,صادق آبادسگبو,065991,6
29499,2503,صفی خون,065995,6
29500,2503,صیفور آباد,065996,6
29501,2503,طاقهای جعفرقلی,065998,6
29502,2503,طالپا,065999,6
29503,2503,طاهر آباد,066000,6
29504,2503,علی مؤمن,066001,6
29505,2503,عبده آباد,066006,6
29506,2503,عسگر آباد,066009,6
29507,2503,علیداد,066010,6
29508,2503,علیدادابراهیم,066011,6
29509,2503,علی آباد,066013,6
29510,2503,علی پناه,066015,6
29511,2503,علی نظر,066019,6
29512,2503,علیار,066020,6
29513,2503,علی یار,066021,6
29514,2503,عوض آباد,066023,6
29515,2503,فتحی آباد,066025,6
29516,2503,فردوس آباد,066026,6
29517,2503,فرزاد و کهزاد,066027,6
29518,2503,فرهاد آباد,066029,6
29519,2503,قاسم آباد,066031,6
29520,2503,قاضی آباد,066032,6
29521,2503,قلعه زراس,066038,6
29522,2503,کریم آباد,066047,6
29523,2503,کریم موسی,066049,6
29524,2503,کندگاه,066059,6
29525,2503,کوثران,066061,6
29526,2503,گاوخفت,066072,6
29527,2503,گاوسوخته,066073,6
29528,2503,گچ چهارراه,066074,6
29529,2503,گرتین,066077,6
29530,2503,ده گرگعلی,066081,6
29531,2503,گل اسپیدی,066086,6
29532,2503,گل سفید,066087,6
29533,2503,گلستان,066089,6
29534,2503,گلالک,066092,6
29535,2503,گندلزار,066093,6
29536,2503,گهر,066095,6
29537,2503,لطفعلی میر,066096,6
29538,2503,ماشگیری,066101,6
29539,2503,محمد آباد,066104,6
29540,2503,ملاولی,066114,6
29541,2503,مندنی آباد,066115,6
29542,2503,منگژدی,066116,6
29543,2503,مهدی,066121,6
29544,2503,مهرعلی,066125,6
29545,2503,نجفقلی احمدی,066130,6
29546,2503,وارگه داربرجعلی,066137,6
29547,2503,تینا,066625,6
29548,2503,چشمه چلوار,066644,6
29549,2503,چوزو,066647,6
29550,2503,دمه,066673,6
29551,2503,زرستان,066683,6
29552,2503,سرچول,066691,6
29553,2503,کوری,066746,6
29554,2503,گله دشت لیر,066769,6
29555,2503,هالکون,066816,6
29556,2503,سلطانمراد,363687,6
29557,2503,ده گر,363688,6
29558,2503,سلطان مراد,364492,6
29559,2503,شهرک زرستان,806299,6
29560,2503,محمد آباد گله توک,806325,6
29561,2504,ابوطباره دو,064202,6
29562,2504,ابوطباره یک,064203,6
29563,2504,ابوعلیمه,064204,6
29564,2504,ام الصفایه دو,064205,6
29565,2504,ام الصفایه یک,064206,6
29566,2504,بنه عجم,064207,6
29567,2504,بهمن آباد,064208,6
29568,2504,دره بید,064209,6
29569,2504,رغیوه,064210,6
29570,2504,سالمیه,064211,6
29571,2504,شجیرات,064212,6
29572,2504,شحیطاط,064213,6
29573,2504,شعبه شجیرات,064214,6
29574,2504,عبادات دو,064215,6
29575,2504,عبادات یک,064216,6
29576,2504,علوانیه,064217,6
29577,2504,کاروانسرا,064218,6
29578,2504,گندک حسن,064219,6
29579,2504,کندک خنجر,064220,6
29580,2504,گندک سه,064221,6
29581,2504,گندک عیسی,064222,6
29582,2504,نبگان,064223,6
29583,2504,امام صفی,064515,6
29584,2504,سراج الدین,064522,6
29585,2504,ابو سخیر,362915,6
29586,2504,امامزاده امام صفی,362919,6
29587,2504,ایستگاه شماره 3 رغیوه,364581,6
29588,2504,مرغداری یاور اصلانی,364665,6
29589,2505,چاه تلخ,067382,6
29590,2505,حسن بیگی,067385,6
29591,2505,کل خنگک بزرگ,067397,6
29592,2505,کل خنگک کوچک,067398,6
29593,2505,اسلام آباد,067637,6
29594,2505,بهره برداری شماره 4,067638,6
29595,2505,جاروبکاران,067640,6
29596,2505,چمن لاله,067641,6
29597,2505,دره محک,067642,6
29598,2505,سوسنگان,067643,6
29599,2505,قلعه گبری,067645,6
29600,2505,کوله واری,067646,6
29601,2505,گزبرمکان,067647,6
29602,2505,گزین,067648,6
29603,2505,طرح نمک زدایی,067649,6
29604,2505,مرغداری مولانا,067650,6
29605,2505,نفت سفید,067651,6
29606,2505,نمره دوازده,067652,6
29607,2505,نمره سه,067653,6
29608,2505,پر بی کس,067682,6
29609,2505,سی میلی گردبیشه,067701,6
29610,2505,مه سنبلی,067720,6
29611,2505,نیایش,067727,6
29612,2505,ایستگاه رادیویی هفتگل,362921,6
29613,2505,ایستگاه ماکروویو مخابرات,362922,6
29614,2505,موسسه مرغداری مارال,362923,6
29615,2505,مرغداری یوسف صفی خانی,364571,6
29616,2505,مرغداری فرزانگان,364574,6
29617,2505,مرغداری محمد,364575,6
29618,2505,مرغداری عرشیا,364576,6
29619,2505,مرغداری قاسم اصلانی,364577,6
29620,2505,مرغداری محسن کاظمی,364578,6
29621,2505,مرغداری هاشم پور,364579,6
29622,2505,گاوداری شیری موسوی,364580,6
29623,2505,مرغداری جوجیران,364666,6
29624,2505,مجتمع آسفالت طریق القدس,596147,6
29625,2505,مرغد اری احمد نسیمی,806424,6
29626,2505,مرغداری یوسف قبلی,806425,6
29627,2506,چفوفیه,064517,6
29628,2506,نمره یک,064532,6
29629,2506,بن آسیاب,067677,6
29630,2506,بنه خیراله,067678,6
29631,2506,پرورش مرغ بومی جهاد سازندگی,067683,6
29632,2506,تنباکو کار,067686,6
29633,2506,جارو,067687,6
29634,2506,دشتگل,067693,6
29635,2506,دشتوندا,067694,6
29636,2506,دیمه درب,067696,6
29637,2506,سرتیوک سفلی,067699,6
29638,2506,سرتیوک علیا,067700,6
29639,2506,شورباریک,067702,6
29640,2506,طوف ماری,067705,6
29641,2506,طوف احمد,067706,6
29642,2506,طوف کبوتری,067707,6
29643,2506,فلوتن نمره یک,067711,6
29644,2506,گندلزار,067716,6
29645,2506,گورکرد,067717,6
29646,2506,لطف علی,067718,6
29647,2506,مخزن آب شهر,067719,6
29648,2506,نمره پانزده,067722,6
29649,2506,نمره چهل چهار,067723,6
29650,2506,نمره دو,067724,6
29651,2506,نمره شش,067725,6
29652,2506,نوروزعلی,067726,6
29653,2506,سرتل,362905,6
29654,2506,مجتمع کوره های آهک پزی هفتگل,362906,6
29655,2506,کوره آهک پزی تعاونی 35,362912,6
29656,2506,امامزاده سید جاسم,362920,6
29657,2506,مرغداری پرویز حافظی,364375,6
29658,2506,شرکت سیمان خوزستان,364484,6
29659,2506,مرغداری وحید اصلانی,364565,6
29660,2506,مرغداری کاظمی,364566,6
29661,2506,مرغداری دانیال,364567,6
29662,2506,کوره آهک پزی مهدی پزشک,364568,6
29663,2506,مرغداری شعبان کاظمی,364569,6
29664,2506,مرغداری ایثار,364570,6
29665,2506,مرغداری سیف الله جعفری,364572,6
29666,2506,مرغداری برادران اصلانی 3,364573,6
29667,2506,کارگاه راه و ترابری,364667,6
29668,2506,مرغداری یداله کریمی,364668,6
29669,2506,مرغداری محمدحسینی,364669,6
29670,2506,مرغداری مهران حدادی,596145,6
29671,2506,کارخانه میلگردسازی,596146,6
29672,2506,امام زاده امیرالمومنین,596148,6
29673,2506,دامداری سیاه پور,596149,6
29674,2506,مجتمع کوره داران,596150,6
29675,2506,مجتمع کوره های آهک پزی,806001,6
29676,2506,مرغداری پاکو,806004,6
29677,2506,مرغداری برون,806416,6
29678,2506,شهرک دامپروری هفتگل,806417,6
29679,2506,ناحیه صنعتی هفتگل,806418,6
29680,2506,سنگ شکن کلانتر,806419,6
29681,2506,کارخانه آسفالت بیندراه,806420,6
29682,2506,مرغداری ملقب,806421,6
29683,2506,مرغداری نسیمی,806422,6
29684,2506,دامپروری حاتم اصلانی,806423,6
29685,2507,ابوعکفا,063448,6
29686,2507,آلبوغربه,063449,6
29687,2507,الوس,063450,6
29688,2507,امیزع,063451,6
29689,2507,بگعان,063452,6
29690,2507,پاسگاه جفیر,063453,6
29691,2507,پاسگاه دیمه,063454,6
29692,2507,یادمان شهدای طلائیه,063455,6
29693,2507,جراحیه سید عرب,063457,6
29694,2507,حساسنه بالا,063458,6
29695,2507,حساسنه پایین,063459,6
29696,2507,حیادر,063460,6
29697,2507,دایخ,063461,6
29698,2507,ده مهاوی,063462,6
29699,2507,شطعلی سادات,063464,6
29700,2507,شطعلی مصفا,063465,6
29701,2507,شویب,063466,6
29702,2507,سعدون دو,063467,6
29703,2507,طبر,063468,6
29704,2507,ظهیریه بالا,063469,6
29705,2507,کریم صالح,063471,6
29706,2507,گطافه,063472,6
29707,2507,لطیف,063473,6
29708,2507,مجیدمنابی,063474,6
29709,2507,مچافت,063475,6
29710,2507,مشیمشیه,063476,6
29711,2507,مطلب,063477,6
29712,2507,مطلیج,063478,6
29713,2507,معینیه,063479,6
29714,2507,یزدنو,063480,6
29715,2507,پاسگاه خاتمی در مرز ایران و عراق,364233,6
29716,2507,پاسگاه برزگر در مرز ایران و عراق,364234,6
29717,2507,سبل,364235,6
29718,2507,سعدون یک,364650,6
29719,2507,جفیر یک,364651,6
29720,2507,جفیر دو,364772,6
29721,2507,پاسگاه شهابی,806010,6
29722,2507,پاسگاه طلاییه جدید,806011,6
29723,2507,کارگاه جهانپارس,806077,6
29724,2507,کارخانه آسفالت جهانپارس,806078,6
29725,2507,شرکت ساختمانی تکنیک,806079,6
29726,2507,مجموعه اداری میدان نفتی آزادگان CNPC,806080,6
29727,2507,انبار حفاری میدان نفتی آزادگان CNPC,806081,6
29728,2507,مجموعه اقامتی میدان نفتی آزادگان CNPC,806082,6
29729,2507,پاسگاه مرزی,806083,6
29730,2507,میدان نفتی آزادگان,806085,6
29731,2507,خمس,806316,6
29732,2507,رمله,806339,6
29733,2507,شرکت نفت و گاز اروندان,806350,6
29734,2507,امامزاده سید عرب موسوی,806357,6
29735,2507,دژبانی سه راه فتح,806370,6
29736,2507,یادمان شهدای جفیر,806371,6
29737,2507,گردان شناسایی,806372,6
29738,2507,پاسگاه متروکه,806373,6
29739,2508,اسحق,063514,6
29740,2508,بنی نعامه شمالی,063515,6
29741,2508,بیت کوار,063517,6
29742,2508,غمیجه,063518,6
29743,2508,جزیره,063519,6
29744,2508,حبچیه,063520,6
29745,2508,حنظله,063521,6
29746,2508,دغاغله,063522,6
29747,2508,زین العابدین,063523,6
29748,2508,سمومیه,063524,6
29749,2508,شعلان,063525,6
29750,2508,عبدالقاسم,063526,6
29751,2508,کاوس حمدان,063527,6
29752,2508,کاوس محمد,063528,6
29753,2508,گریشیه,063529,6
29754,2508,ماهورحاج لفته,063530,6
29755,2508,مومنیه,063531,6
29756,2508,نهیرات,063532,6
29757,2508,هرمزان خزعل,063533,6
29758,2508,هرمزان سعدون,063534,6
29759,2508,برس گبان,063556,6
29760,2508,برگه,063557,6
29761,2508,حسچه,063558,6
29762,2508,عمه,063560,6
29763,2508,گبان,063561,6
29764,2508,لولیه,063562,6
29765,2508,بیت دهاس,364353,6
29766,2508,شموس,364354,6
29767,2508,تاسیسات آبرسانی امام علی,806076,6
29768,2509,ام الحبار,063584,6
29769,2509,ارباع و اخماس,063585,6
29770,2509,آلبوسویط,063586,6
29771,2509,بطلیه,063587,6
29772,2509,بلم,063588,6
29773,2509,بنی نعامه جنوبی,063589,6
29774,2509,بعینیه حاج کریم,063590,6
29775,2509,عتابیه شمالی,063597,6
29776,2509,عطابیه جنوبی,063598,6
29777,2509,قاسم علوان,063599,6
29778,2509,معرض بنی صالح,063602,6
29779,2509,مکینه حاجی جمعه ساکی,063606,6
29780,2509,مکینه داغرچنانی,063608,6
29781,2509,مکینه دوارجه,063609,6
29782,2509,مولیه,063615,6
29783,2509,امامزاده سید خضر,362749,6
29784,2509,موسسه فالح کوتی,362750,6
29785,2509,تلمبه خانه جلیل چنانی,362752,6
29786,2509,تلمبه خانه حاج سویدنیسی,362754,6
29787,2509,تلمبه خانه حاج عبادی ساکی,362755,6
29788,2509,تلمبه خانه حاج قاسم ساکی,362756,6
29789,2509,تلمبه خانه حاج نعیم کوتی,362757,6
29790,2509,تلمبه خانه حاج نیسی,362758,6
29791,2509,تلمبه خانه خلف ساکی,362759,6
29792,2509,تلمبه خانه حمید سیلاوی,362760,6
29793,2509,تلمبه خانه راضی ساکی,362761,6
29794,2509,تلمبه خانه صادق ساکی,362762,6
29795,2509,تلمبه خانه شلش ساکی,362763,6
29796,2509,تلمبه خانه عبدالساده کوتی,362765,6
29797,2509,تلمبه خانه عبید کوتی,362766,6
29798,2509,تلمبه خانه محمد ساکی,362769,6
29799,2509,بلوک زنی مهدی جرفی,362770,6
29800,2509,مرغداری خزعل ساکی,362771,6
29801,2509,هوره عاگول بالا,364230,6
29802,2509,دولت آباد,364355,6
29803,2509,بیت فعیل دو,364356,6
29804,2509,بیت فعیل یک,364357,6
29805,2509,حمیدیه,364358,6
29806,2509,مالحه یک,364359,6
29807,2509,تلمبه خانه حاج حسن نیسی,364362,6
29808,2509,تلمبه خانه حاج صالح کوتی,364363,6
29809,2509,آجر ماشینی هویزه,364364,6
29810,2509,امامزاده خضر,364365,6
29811,2509,بعینیه,364366,6
29812,2509,طویبه,364649,6
29813,2509,کوثران,364688,6
29814,2509,مالحه دو,364694,6
29815,2509,شرکت آب و خاک,806057,6
29816,2510,حسین دهیش,063317,6
29817,2510,طلیل,063348,6
29818,2510,عیاش,063350,6
29819,2510,مطیر,063361,6
29820,2510,احمدآباد,063583,6
29821,2510,حربایه شلاگه,063591,6
29822,2510,حویش نیس,063592,6
29823,2510,سعدیه,063593,6
29824,2510,سمیده,063594,6
29825,2510,سیار احمدآباد,063595,6
29826,2510,سیار احمدآباد موالی,063596,6
29827,2510,قیصریه سفلی,063600,6
29828,2510,قیصریه علیا,063601,6
29829,2510,ملیحه حاج بدر,063612,6
29830,2510,ملیحه علومی,063613,6
29831,2510,ملیحه کوت سعد,063614,6
29832,2510,مزار شهدای هویزه,362764,6
29833,2510,قیصریه وسطی راهی,362767,6
29834,2510,الهاسی,364231,6
29835,2510,هورت العباس,364360,6
29836,2510,ام ارقال یک,364361,6
29837,2510,مگطع یبر,364647,6
29838,2510,شنانه دو,364648,6
29839,2510,طویله یک,364695,6
29840,2510,طویله دو,364696,6
29841,2510,ام ارقال دو,364697,6
29842,2510,ام ارقال سه,364698,6
29843,2510,روستای صاحب وزامل,364699,6
29844,2510,ملیحه شرقی,364700,6
29845,2510,حسانیات,364773,6
29846,2510,ام الغفاری,364774,6
29847,2510,پاسگاه انتظامی سمیده,596085,6
29848,2510,مرکز آموزش هنگ مرزی,806073,6
29849,2510,احمدآباد فردوس یک,806074,6
29850,2510,شرکت آبرسانی غدیر,806075,6
29851,2510,شنانه یک,806084,6
29852,2510,صاحب و زامل,806086,6
29853,2510,مرکز خرید گندم شهدای هویزه,806087,6
29854,2510,قیصریه وسطی شبیب,806342,6
29855,2511,ابوهاون یک,055177,6
29856,2511,ام الحمام,055183,6
29857,2511,ام السراجینه,055186,6
29858,2511,عوافی,055188,6
29859,2511,بحیر سفلی,055189,6
29860,2511,بحیر علیا,055190,6
29861,2511,بیت مطلیب,055193,6
29862,2511,تل بومه,055198,6
29863,2511,جلیعه,055201,6
29864,2511,موسسه محمد دولتی,055204,6
29865,2511,موسسه حاجی خان دولتی,055205,6
29866,2511,حبیشی,055207,6
29867,2511,حمیدانیه,055209,6
29868,2511,مجتمع فرهنگی تفریحی ملاثانی,055211,6
29869,2511,دراویزه,055213,6
29870,2511,زویرچری,055218,6
29871,2511,زویرخرامزه,055219,6
29872,2511,سلیله,055225,6
29873,2511,سنیجه,055226,6
29874,2511,شیخ فضیل,055235,6
29875,2511,صلیعه,055238,6
29876,2511,فلیحی,055250,6
29877,2511,قلعه فربهی,055252,6
29878,2511,قلعه نصراله,055253,6
29879,2511,کاییدیه,055254,6
29880,2511,موسسه کریم دولتی,055257,6
29881,2511,کهیش,055261,6
29882,2511,گارگه,055262,6
29883,2511,موسسه منوچهر دولتی,055263,6
29884,2511,مقیطیه,055276,6
29885,2511,موسسه سعیدی,055282,6
29886,2511,موسسه حاج احمد جزایری,055283,6
29887,2511,موسسه حاج حمود عامری,055284,6
29888,2511,حنیری دو,055296,6
29889,2511,حنیری سه,055297,6
29890,2511,حنیری یک,055298,6
29891,2511,اردوگاه مراقبتی,361378,6
29892,2511,پلیس راه اهواز_مسجدسلیمان_شوشتر,361379,6
29893,2511,پمپ بنزین,361380,6
29894,2511,تلمبه خانه نیروگاه رامین,364498,6
29895,2511,مجتمع کشت و صنعت پرش,364631,6
29896,2511,شجیرات,806058,6
29897,2511,ایستگاه برق ملاثانی,806157,6
29898,2511,پمپ گاز,806158,6
29899,2511,شهر رامین,806159,6
29900,2511,مرکز تکثیر مرغ بومی,806160,6
29901,2511,موسسه حاج احمد,806161,6
29902,2511,دامداری سید حسن موسوی,806676,6
29903,2511,پرورش ماهی حمیدی فرد_سالمی,806677,6
29904,2511,تصفیه خانه آب شرب ویس,806678,6
29905,2511,موسسه مهدی دولتی,806679,6
29906,2511,گلخانه هدایتی,806680,6
29907,2511,موسسه خسرو شحیطاط,806681,6
29908,2511,کاشی سرامیک ام البنین,806682,6
29909,2511,مجتمع کشتارگاههای صنعتی دام رامین,806683,6
29910,2511,مجتمع حمل ونقل های بارملاثانی,806684,6
29911,2511,پمپ بنزین اختصاصی فردوس,806685,6
29912,2511,موسسه ظهیری,806686,6
29913,2511,مرغداری سعید صیافی,806687,6
29914,2512,بحیر دو,055519,6
29915,2512,بحیر یک,055520,6
29916,2512,چم العبید,055526,6
29917,2512,چم خزام دو,055527,6
29918,2512,چم خزام یک,055528,6
29919,2512,چم دغم,055529,6
29920,2512,حله ودله,055534,6
29921,2512,خاور سیدخلف,055537,6
29922,2512,سرخه دو,055544,6
29923,2512,سرخه یک,055545,6
29924,2512,سیدیه,055557,6
29925,2512,شری مری,055558,6
29926,2512,صفاک,055564,6
29927,2512,عباسیه,055566,6
29928,2512,عماشیه دو,055570,6
29929,2512,عماشیه یک,055571,6
29930,2512,کعیده,055574,6
29931,2512,مراونه چهار,055580,6
29932,2512,مراونه دو,055581,6
29933,2512,مراونه سه,055582,6
29934,2512,مراونه یک,055583,6
29935,2512,منصوریه دو,055589,6
29936,2512,منصوریه سادات,055590,6
29937,2512,منصوریه سه,055591,6
29938,2512,منصوریه یک,055592,6
29939,2512,وهابیه,055594,6
29940,2512,یکاویه دو,055596,6
29941,2512,یکاویه سه,055597,6
29942,2512,یکاویه یک,055598,6
29943,2512,شهید لفته کشتیبان,361436,6
29944,2512,شرکت کشت و صنعت دهخدا,361437,6
29945,2512,شهرک شهید مصطفی خمینی,806463,6
29946,2512,مجتمع آبرسانی 45 روستا یادواره امام,806668,6
29947,2512,برنج کوبی کاظم نیسی,806669,6
29948,2513,ام العظام,055178,6
29949,2513,ام الحلیانه,055179,6
29950,2513,ام البلابیل,055180,6
29951,2513,ام الغریب بزرگ,055181,6
29952,2513,ام الغریب کوچک,055182,6
29953,2513,حبیش,055206,6
29954,2513,دهلیز,055214,6
29955,2513,ربیخه,055215,6
29956,2513,سرداحی,055223,6
29957,2513,سعید سلامات,055224,6
29958,2513,ابودمیعه,055244,6
29959,2513,گسوان1,055265,6
29960,2513,گسوان2,055266,6
29961,2513,گسوان3,055267,6
29962,2513,نگازه بزرگ,055289,6
29963,2513,نگازه کوچک,055290,6
29964,2513,نهریه,055292,6
29965,2513,نیروگاه رامین,055293,6
29966,2513,وحید,055294,6
29967,2513,باسکول 60 تنی,361351,6
29968,2513,مجتمع کارگاههای صنعتی ویس,806162,6
29969,2513,دانشکده کشاورزی و منابع طبیعی رامین,806163,6
29970,2513,پست 400/132 کیلوولت شهید هاشمی,806670,6
29971,2513,موسسه جهاد نصر اصفهان,806671,6
29972,2513,مجتمع دامداریهای مسیر ام الغریب,806672,6
29973,2513,مرغداری پیرمرادی,806673,6
29974,2513,موسسه آهاران,806674,6
29975,2513,مجتمع کارگاههای ملیحه هواشم مسیر ربیخه سعید سلامات,806675,6
29976,2514,ابوفاضل,055176,6
29977,2514,بویرده سلامات,055191,6
29978,2514,بیت محارب,055192,6
29979,2514,بیت ملوح,055194,6
29980,2514,پایگاه هوایی,055195,6
29981,2514,ثدین دو,055221,6
29982,2514,ثدین یک,055222,6
29983,2514,سید شریف,055227,6
29984,2514,عیاشیه,055248,6
29985,2514,قلعه آذری,055251,6
29986,2514,کوت سیدسلطان,055259,6
29987,2514,کوت سیدعنایت,055260,6
29988,2514,مرعشی,055275,6
29989,2514,زندان رای باز,055279,6
29990,2514,موسسه آذری,055280,6
29991,2514,موسسه افشاری,055281,6
29992,2514,موسسه کمیلی,055285,6
29993,2514,موسسه محمدیان,055286,6
29994,2514,پادگان شهید زنعیمی,361352,6
29995,2514,دان مرغ گوشتی,361355,6
29996,2514,قلعه مزبان,361356,6
29997,2514,مرغداری رضارضایی,361358,6
29998,2514,کوی سید جابر دو,806164,6
29999,2514,پژوهشکده آبزی پروری جنوب کشور,806165,6
30000,2514,مجتمع کارگاههای صنعتی مسیر ملاثانی,806195,6
30001,2514,ندامتگاه,806196,6
30002,2514,مجتمع کارگاههای شیبان,806286,6
30003,2514,مجتمع کارگاههای شهید چمران,806287,6
30004,2514,ثدین چهار,806320,6
30005,2515,آلبوعیدیک نبی,055834,6
30006,2515,آلبومروح شمکلی,055835,6
30007,2515,پادگان سد کرخه,055842,6
30008,2515,چمیم,055851,6
30009,2515,حمدان سلجه,055861,6
30010,2515,حویش,055862,6
30011,2515,خسرج خلف,055864,6
30012,2515,خسرج عوده,055865,6
30013,2515,سدره,055878,6
30014,2515,شاطی,055894,6
30015,2515,شیخ طعمه,055904,6
30016,2515,علاونه,055918,6
30017,2515,علاونه فای,055919,6
30018,2515,قاسم زامل,055922,6
30019,2515,وسیله یک,055951,6
30020,2515,بیت شوکایه,361591,6
30021,2515,خسرج بیت قشم,361596,6
30022,2515,کمپ تثبیت شن روان کرخه خرج,361600,6
30023,2515,مجتمع حمزه سیدالشهدا,361601,6
30024,2515,سد تنظیمی کرخه,806689,6
30025,2515,بیت چم نعامی,806691,6
30026,2516,شیخ زهراو,055900,6
30027,2516,عبدالکاظم,055912,6
30028,2516,پادگان ثامن الایمه,056085,6
30029,2516,غفیله,056093,6
30030,2516,دهکده,056108,6
30031,2516,شبیشه,056125,6
30032,2516,ماهور,056156,6
30033,2516,مگتاف,056158,6
30034,2516,پادگان آموزشی باب الحوایج,361593,6
30035,2516,حوزه مقاومت بسیج,361595,6
30036,2516,کشتارگاه حمیدیه,361599,6
30037,2516,مرکزخدمات روستایی اصلی,361607,6
30038,2516,گاوداری بنی طرف,361610,6
30039,2516,کشتارگاه صنعتی مرغ پرناز,806167,6
30040,2516,مجتمع کارگاههای ثامن الایمه,806168,6
30041,2516,موسسه کشاورزی شمال زاده,806169,6
30042,2516,مجتمع کشت و صنعت طلوع,806170,6
30043,2516,مجتمع مرغداری و دامداری,806171,6
30044,2516,شرکت اکتشافات و حفاری,806690,6
30045,2517,حماد,056096,6
30046,2517,رامسه دو,056111,6
30047,2517,رامسه یک,056112,6
30048,2517,سید جابر,056120,6
30049,2517,سید مجید,056123,6
30050,2517,سید یابر,056124,6
30051,2517,صدره دو,056132,6
30052,2517,طراح یک,056139,6
30053,2517,طراح دو,056140,6
30054,2517,عباس یالس دو,056142,6
30055,2517,عباس یالس یک,056143,6
30056,2517,فرسیه,056147,6
30057,2517,بیت فریح,361592,6
30058,2517,مومنه,361604,6
30059,2517,شهرک امام حسین,806314,6
30060,2518,ازرگ,056083,6
30061,2518,پادگان شهید بیگلو,056084,6
30062,2518,پادگان آموزشی شهید فرجوانی,056086,6
30063,2518,پادگان شهید غلامی,056087,6
30064,2518,پایگاه شهید محمد منتظری,056089,6
30065,2518,غضبان,056092,6
30066,2518,حریجه,056094,6
30067,2518,دهلیز,056109,6
30068,2518,دهلیز 2,056110,6
30069,2518,رشگ,056113,6
30070,2518,سید حسین موسوی,056121,6
30071,2518,سید شریف,056122,6
30072,2518,شبلیه,056126,6
30073,2518,شرطاق دو,056127,6
30074,2518,شرطاق یک,056128,6
30075,2518,شهرک آزادی,056131,6
30076,2518,صدره سید یعقوب,056133,6
30077,2518,طویبه شیخ حاتم,056138,6
30078,2518,قلعه غدیر,056148,6
30079,2518,کوهه یک,056149,6
30080,2518,گبیرزهیر,056152,6
30081,2518,گمبوعه بزرگ,056153,6
30082,2518,گمبوعه کوچک,056154,6
30083,2518,ملیحه سعدون,056159,6
30084,2518,ملیحه یک,056160,6
30085,2518,امامزاده سید هادی,361590,6
30086,2518,پادگان شهید حمید جرفی,361594,6
30087,2518,غسلخانه گلزار شهدا,361598,6
30088,2518,سید شریف,361602,6
30089,2518,موقعیت احد,361603,6
30090,2518,کوهه دو,361665,6
30091,2518,دهلیز یک,364384,6
30092,2518,حزبه,364783,6
30093,2518,موسسه عمران نینوا,806166,6
30094,2518,شرکت تعاونی نهر خاوران,806172,6
30095,2518,گلزار شهدای جهاد,806173,6
30096,2518,شرکت تعاونی نهر خاوران اهواز,806174,6
30097,2518,مجتمع مرغداری های مسیر اهواز,806175,6
30098,2518,پارک جنگلی گمبوعه,806692,6
30099,2518,جایگاه سوخت,806693,6
30100,2518,باغ فدک,806694,6
30101,2519,کوه نبید ایستگاه تقویت تلویزیون,364632,6
30102,2519,گاوداری احمدی,364633,6
30103,2519,انبار شرکت نفت,364634,6
30104,2519,ایستگاه تقویت فشار گاز مکوندی فر,364635,6
30105,2519,بهره برداری دو آغاجاری,364636,6
30106,2519,شرکت تعاونی ماهی طلایی جنوب,364637,6
30107,2519,شهرک صنعتی,806426,6
30108,2520,تلخاب,064086,6
30109,2520,سرجولکی,064090,6
30110,2520,شهرک حر,064096,6
30111,2520,سد خاکی مارون,364776,6
30112,2520,سنگ شکن تورج جعفری,806427,6
30113,2521,آب باران یک,060679,6
30114,2521,تصفیه خانه آب,060698,6
30115,2521,آب باران دو,060699,6
30116,2521,چم نظامی,060711,6
30117,2521,چشمه چم نظامی,060714,6
30118,2521,بیشه شیرین,064083,6
30119,2521,هادی خانی,064106,6
30120,2521,تلمبه خانه شهید اسکندری,362371,6
30121,2521,قهوه خانه پل مارون,362374,6
30122,2521,اسکله آبگیر آغاجاری,364777,6
30123,2521,ایستگاه 17 گازی,806695,6
30124,2522,ابودبس,054966,6
30125,2522,تاسیسات کوت امیر,054989,6
30126,2522,غزاویه کوچک,054992,6
30127,2522,جنگیه,054993,6
30128,2522,شلحه فاضلی,055022,6
30129,2522,عمیره,055032,6
30130,2522,قلعه حاجی مزید,055039,6
30131,2522,کارخانه آجرسازی جیل جنگیه,055042,6
30132,2522,کوی ولی عصر,055050,6
30133,2522,مظفریه,055055,6
30134,2522,قرارگاه پدافند هوایی سایت کوت عبدالله,055696,6
30135,2522,کوت سید صالح,055741,6
30136,2522,شرکت تهران جنوب,361726,6
30137,2522,مجتمع کارگاههای مسیر آبادان,806181,6
30138,2522,ام البنین,806182,6
30139,2522,تاسیسات آبرسانی شهرهای آبادان و خرمشهر,806358,6
30140,2522,شرکت قطعات بتونی,806359,6
30141,2522,تصفیه خانه آب آشامیدنی شهدای جنگیه,806360,6
30142,2522,کارخانه آجر رامین,806362,6
30143,2523,اعضب,055687,6
30144,2523,العقدا,055688,6
30145,2523,بالدیه,055693,6
30146,2523,یربا,055699,6
30147,2523,جمال آباد,055700,6
30148,2523,حنیطه,055703,6
30149,2523,خسرویه,055708,6
30150,2523,خویسه,055710,6
30151,2523,دمبوسیه,055715,6
30152,2523,قدر,055733,6
30153,2523,قلعه چنعان,055734,6
30154,2523,ملچ کوچک,055749,6
30155,2523,تلمبه خانه کانال منصوری یک,361752,6
30156,2523,تلمبه خانه کانال منصوری دو,361753,6
30157,2523,یونیت شرکت نفت,361762,6
30158,2523,ایستگاه برق مهدیس دو,806363,6
30159,2524,ابوناگه,054970,6
30160,2524,مونس,054976,6
30161,2524,اسلام آباد,054978,6
30162,2524,ایستگاه بی سیم ناهید,054982,6
30163,2524,بحره,054983,6
30164,2524,خضریه,054997,6
30165,2524,سویسه سادات,055012,6
30166,2524,سویسه صالح,055013,6
30167,2524,قلعه طرفی,055040,6
30168,2524,شیرین سفال,055043,6
30169,2524,کوره آجرپزی تعاونی چهل,055049,6
30170,2524,مبارکی دو,055051,6
30171,2524,مبارکی سه,055052,6
30172,2524,لذه,055268,6
30173,2524,یونیت دو,055300,6
30174,2524,ایستگاه میاندشت,055692,6
30175,2524,خرشه,055705,6
30176,2524,خنزیری,055709,6
30177,2524,خیط,055711,6
30178,2524,دامغه بزرگ,055712,6
30179,2524,دامغه کوچک,055713,6
30180,2524,شریف آباد,055723,6
30181,2524,طویل,055729,6
30182,2524,عطیش,055730,6
30183,2524,مگتوع,055747,6
30184,2524,ملچ بزرگ,055748,6
30185,2524,سویسه سه,361754,6
30186,2524,مجتمع کشاورزی فردوس,361757,6
30187,2524,حاج عنایت امیری,361758,6
30188,2524,موسسه مرغداری حسن باوی,361761,6
30189,2524,شرکت میهن,361801,6
30190,2524,طرح پرورش ماهی آزادگان,364754,6
30191,2524,کشت و صنعت فارابی,364757,6
30192,2524,تلمبه خانه شهید لرستانی,364758,6
30193,2524,امام حسین,806184,6
30194,2524,سویسه باوی,806326,6
30195,2525,ابومشیلش,054969,6
30196,2525,اسلام آباد دو,054977,6
30197,2525,اسماعیلیه دو,054979,6
30198,2525,اسماعیلیه یک,054980,6
30199,2525,بریچه,054984,6
30200,2525,بهر,054985,6
30201,2525,غزاویه بزرگ,054991,6
30202,2525,چمیان,054994,6
30203,2525,طرفایه,055028,6
30204,2525,عمیشیه بزرگ,055033,6
30205,2525,فارسیات بزرگ,055035,6
30206,2525,فارسیات کوچک,055036,6
30207,2525,موران,055063,6
30208,2525,وعیلیه,055069,6
30209,2525,کشت و صنعت دعبل خزاعی,364755,6
30210,2525,کشت و صنعت سلمان فارسی,364756,6
30211,2525,تصفیه خانه شهدای شرق کارون,806361,6
30212,2526,ابوغریب,055828,6
30213,2526,سن بهادل,055829,6
30214,2526,استقلال,055830,6
30215,2526,تلمبه خانه نفت عبدالخانی,055846,6
30216,2526,جابر کعب,055852,6
30217,2526,حاج عبید,055853,6
30218,2526,حباییه,055854,6
30219,2526,حسن تعیب,055855,6
30220,2526,حسین غلیم,055856,6
30221,2526,حسین مشلوش,055858,6
30222,2526,حویش جدید,055863,6
30223,2526,خسرج مزبان,055866,6
30224,2526,خسرج راضی محمد,055867,6
30225,2526,خشه,055868,6
30226,2526,خلف عزیز,055869,6
30227,2526,خمیس,055871,6
30228,2526,زهراومهدی,055872,6
30229,2526,زیبگ حمدان,055873,6
30230,2526,سد خیرآباد,055877,6
30231,2526,سد شاوور,055879,6
30232,2526,سعید,055880,6
30233,2526,سلمان بندر,055881,6
30234,2526,سن کریم,055883,6
30235,2526,سید حمادی,055887,6
30236,2526,سید صالح,055892,6
30237,2526,شلیغم,055895,6
30238,2526,شیخ جاسم,055897,6
30239,2526,شیخ حاتم,055898,6
30240,2526,شیخ زویر,055899,6
30241,2526,شیخ زیدان,055901,6
30242,2526,شیخ صالح,055902,6
30243,2526,شیخ طالب,055903,6
30244,2526,شیخ فارس,055905,6
30245,2526,شیخ فالح,055906,6
30246,2526,شیخ نادر,055907,6
30247,2526,عبدالخان پایین,055910,6
30248,2526,عبودکعب عمیر,055913,6
30249,2526,عشیره خلف,055916,6
30250,2526,فهد,055920,6
30251,2526,فیای,055921,6
30252,2526,کاظم حمد,055925,6
30253,2526,کریم خلف,055926,6
30254,2526,اکیوش,055928,6
30255,2526,گصاد,055930,6
30256,2526,ماشی,055931,6
30257,2526,مچهیلا,055936,6
30258,2526,محمدغضبان,055937,6
30259,2526,مراغیه,055939,6
30260,2526,مرکز خدمات کشاورزی شاوور,055941,6
30261,2526,معدن شن شهید جهان ارا,055942,6
30262,2526,معدن شن عبدالخان,055943,6
30263,2526,مکینه بحرانی,055944,6
30264,2526,منازل مسکونی مرکزخدمات,055945,6
30265,2526,موزان,055946,6
30266,2526,نبی,055949,6
30267,2526,شنین حسین,058896,6
30268,2526,حسین ناحض,062596,6
30269,2526,شندی,062611,6
30270,2526,گریزکریدی,062624,6
30271,2526,شمخی,364033,6
30272,2526,فرج دیوان,364034,6
30273,2526,ایستگاه کشاورزی سد شاوور,364491,6
30274,2526,بیت شیخ راضی سگوری,806111,6
30275,2527,حاجی محارب,055530,6
30276,2527,حسن حیدر,055533,6
30277,2527,حمیلا,055536,6
30278,2527,خلیفه حیدر,055538,6
30279,2527,دهیمی دو,055540,6
30280,2527,دهیمی یک,055541,6
30281,2527,زبیدودبات,055542,6
30282,2527,سادات بخات نجات,055543,6
30283,2527,سید کرم,055552,6
30284,2527,شهرک شهید محمدحسن احمدی,055561,6
30285,2527,شیخ غایب,055562,6
30286,2527,صادق,055563,6
30287,2527,عشاره بیت یباره,055568,6
30288,2527,علیوی,055569,6
30289,2527,کاظم حیدر,055572,6
30290,2527,کاظم محمد,055573,6
30291,2527,مزرعه دو,055584,6
30292,2527,مزرعه شبلی,055585,6
30293,2527,مزرعه شهید محسن غلامی,055586,6
30294,2527,مزرعه یک,055587,6
30295,2527,مفتن,055588,6
30296,2527,یدی,055595,6
30297,2527,جبیرات شیخ یبر,055847,6
30298,2527,سادات نجات بزرگ,055874,6
30299,2527,سادات نجات کوچک,055875,6
30300,2527,سلمان داود,055882,6
30301,2527,بخات علوان,055950,6
30302,2527,سادات نجات اله,364057,6
30303,2527,طیاره,364062,6
30304,2527,مزرعه شهیدمطهری,364063,6
30305,2527,مزرعه حریزات,364499,6
30306,2527,مزرعه طریفی,806322,6
30307,2528,جوحی,062688,6
30308,2528,خویس,062698,6
30309,2528,ذخیره اسماعیل غانم,062701,6
30310,2528,سید باقر,062705,6
30311,2528,سید عبداله,062707,6
30312,2528,شهرک بنادر,062708,6
30313,2528,شرکت صنایع بتونی سبرد,062711,6
30314,2528,صالح مشهود,062722,6
30315,2528,کوره های خویس,062730,6
30316,2528,سه راهی خویس,364690,6
30317,2528,بنه رحیمه,806003,6
30318,2529,عبدالرضا,055567,6
30319,2529,گطیش,055579,6
30320,2529,سید حسین,055886,6
30321,2529,سید خلف,055889,6
30322,2529,سید رحیمه,055890,6
30323,2529,علی ضغیر,055917,6
30324,2529,میان آب,055948,6
30325,2529,پادگان شهید محسن حسینی,363992,6
30326,2529,سید خشان,364058,6
30327,2529,سید داود,364059,6
30328,2529,طرح کشت و صنعت نیشکر میان آب,364060,6
30329,2530,بادام زار,057391,6
30330,2530,چهارده,057416,6
30331,2530,آب راه,057518,6
30332,2530,احمدآباد,057521,6
30333,2530,اکای,057522,6
30334,2530,اوند,057523,6
30335,2530,بردرو,057526,6
30336,2530,بردزرد,057527,6
30337,2530,بنه ارون,057530,6
30338,2530,پاتاوه,057532,6
30339,2530,پامله,057533,6
30340,2530,تلمبه خانه شماره 4,057535,6
30341,2530,جهانگرد,057539,6
30342,2530,چلیساد,057542,6
30343,2530,دم تنگ,057545,6
30344,2530,درازدره,057547,6
30345,2530,دره جهود,057549,6
30346,2530,دره خصی,057550,6
30347,2530,دره کت,057553,6
30348,2530,دشت اوزر,057557,6
30349,2530,ده بالایی,057560,6
30350,2530,ده کیان,057563,6
30351,2530,رکعت علیا,057570,6
30352,2530,سادات محمد ابراهیم,057572,6
30353,2530,سبزی,057573,6
30354,2530,سرکان,057579,6
30355,2530,سرگچ,057580,6
30356,2530,سرمسجد,057581,6
30357,2530,قطعه,057585,6
30358,2530,قلعه لوا,057588,6
30359,2530,کل,057590,6
30360,2530,کل خواجه سفلی,057594,6
30361,2530,کلمت شالو,057598,6
30362,2530,کلیملک,057599,6
30363,2530,کمپرادار,057601,6
30364,2530,کهرک,057603,6
30365,2530,کهرلا,057604,6
30366,2530,گرمت,057607,6
30367,2530,گندیکار,057608,6
30368,2530,گوش کهنه,057610,6
30369,2530,لیرزرد,057615,6
30370,2530,لارم,057619,6
30371,2530,مرغا,057621,6
30372,2530,مورد,057623,6
30373,2530,نافر,057627,6
30374,2530,نعل کنان,057628,6
30375,2530,خواجه انور,362030,6
30376,2530,سرصحرا,362031,6
30377,2531,آب سوراخ,057520,6
30378,2531,بادلان,057524,6
30379,2531,بحوض,057525,6
30380,2531,بردکل,057528,6
30381,2531,بردگپ,057529,6
30382,2531,بنه بلوط,057531,6
30383,2531,چهل تنان,057543,6
30384,2531,حاجی کمال,057544,6
30385,2531,دم دز,057546,6
30386,2531,دره غریب,057548,6
30387,2531,دره زنگ,057551,6
30388,2531,دره سهراب,057552,6
30389,2531,دره گزو,057555,6
30390,2531,دریاس,057556,6
30391,2531,دوبند شیران,057558,6
30392,2531,ده کهنه موزرم,057562,6
30393,2531,راکه اولاد,057566,6
30394,2531,راکه عرب,057567,6
30395,2531,زراس,057571,6
30396,2531,سراشکفت,057574,6
30397,2531,سرتوف,057576,6
30398,2531,سررگ خواجه,057578,6
30399,2531,سه بلوطک,057582,6
30400,2531,شاغاز,057583,6
30401,2531,شیخ مادی,057584,6
30402,2531,قلعچه موزرم,057586,6
30403,2531,قلعه سردبالا,057587,6
30404,2531,کل بابادی,057591,6
30405,2531,کل بلند,057592,6
30406,2531,کل خواجه,057593,6
30407,2531,کل نقدعلی,057595,6
30408,2531,کلبردی,057596,6
30409,2531,کلچونک,057597,6
30410,2531,کمپرادار,057600,6
30411,2531,گردلیدان,057606,6
30412,2531,لیرسیاه شاپوری,057611,6
30413,2531,لیرشیران,057612,6
30414,2531,لهبید,057614,6
30415,2531,لیرسیاه موزرم,057616,6
30416,2531,لیرهاران,057617,6
30417,2531,لیشاسی,057618,6
30418,2531,مرواری,057622,6
30419,2531,موردراز,057624,6
30420,2531,مونک,057625,6
30421,2531,می دزون,057626,6
30422,2531,کربچه,057629,6
30423,2531,کل دیک,362044,6
30424,2531,پارک جنگلی,362078,6
30425,2531,لنده,362079,6
30426,2531,ده راخدا,362080,6
30427,2531,شرکت وزوا,362081,6
30428,2531,تکاب,364236,6
30429,2532,ابوالخیر,057385,6
30430,2532,امیرآباد,057388,6
30431,2532,ایوک,057389,6
30432,2532,برآفتاب رضایی,057393,6
30433,2532,برآفتاب ظفری,057395,6
30434,2532,برآفتاب علی مومن,057396,6
30435,2532,برآفتاب فاضل,057397,6
30436,2532,پرچونک,057403,6
30437,2532,جدول کون,057410,6
30438,2532,چمن,057415,6
30439,2532,حوض گل,057417,6
30440,2532,دره خون فالح,057420,6
30441,2532,دهنو,057424,6
30442,2532,سمو,057429,6
30443,2532,فالح,057433,6
30444,2532,گورپرویز,057441,6
30445,2532,ماریو,057444,6
30446,2532,ملاح,057445,6
30447,2532,سرتنگ آب سفید,362090,6
30448,2533,آب گنجشکی,057384,6
30449,2533,اسلام آباد,057386,6
30450,2533,باجول,057390,6
30451,2533,باغ ابراهیم,057392,6
30452,2533,برآفتاب سادات,057394,6
30453,2533,بلوطک شالو,057400,6
30454,2533,تنگ ریگ,057408,6
30455,2533,تنگ قاف,057409,6
30456,2533,جنگی,057411,6
30457,2533,جوکار,057412,6
30458,2533,چل کیرا,057414,6
30459,2533,دربه غریبی,057418,6
30460,2533,سه چارک,057430,6
30461,2533,سیسه دون بزرگ,057431,6
30462,2533,شوشتری,057432,6
30463,2533,قلعه مبارک,057434,6
30464,2533,کفت زیتون,057435,6
30465,2533,کفت گوشه,057436,6
30466,2533,گویله,057442,6
30467,2533,موردسادات,057446,6
30468,2533,میانگران,057448,6
30469,2533,میراحمد,057449,6
30470,2533,نوشیوند,057450,6
30471,2533,باغ کهلونگچین,362029,6
30472,2534,انجیر سیاه احمد,057091,6
30473,2534,بردبلند,057096,6
30474,2534,بنارکبوتران,057103,6
30475,2534,چل سرخ,057129,6
30476,2534,دره ریزی,057140,6
30477,2534,دوپرون,057146,6
30478,2534,سوالی,057170,6
30479,2534,سولک,057171,6
30480,2534,طلاوردو,057176,6
30481,2534,طلاورسه,057177,6
30482,2534,طلاوریک,057178,6
30483,2534,کفت شیرازی,057185,6
30484,2534,گله زار,057187,6
30485,2534,میان بیشه,057208,6
30486,2534,نی گردک,057215,6
30487,2534,خنگ صیدون,364180,6
30488,2534,دره دیوک,364181,6
30489,2534,دور مونک,364183,6
30490,2534,شهرک شهید کلاه کج,806341,6
30491,2534,شهرک شهید بهمنی,806380,6
30492,2535,ایلا,057092,6
30493,2535,بالیاب,057093,6
30494,2535,برم شاهزاده عبداله,057095,6
30495,2535,بردترکسته,057097,6
30496,2535,بنارواجل,057104,6
30497,2535,برول,057109,6
30498,2535,پشت پر,057114,6
30499,2535,تاگک,057115,6
30500,2535,تی تب,057119,6
30501,2535,دره تلخ,057136,6
30502,2535,دره تو علیا,057137,6
30503,2535,دره تو سفلی,057138,6
30504,2535,دوگوش,057149,6
30505,2535,دول تاک,057150,6
30506,2535,رزگه,057154,6
30507,2535,زواب,057158,6
30508,2535,سردره,057166,6
30509,2535,شاهزاده عبداله,057172,6
30510,2535,قندی,057180,6
30511,2535,کلاتو,057188,6
30512,2535,گرگ اویز,057193,6
30513,2535,گندمکار,057198,6
30514,2535,لنگ ورکشی,057200,6
30515,2535,مندره,057206,6
30516,2535,نایاب,057210,6
30517,2535,نربلند,057211,6
30518,2535,نرگسی,057214,6
30519,2535,ده آبزا,364154,6
30520,2535,بنه بادی,364156,6
30521,2535,شهرک مالک اشتر,364769,6
30522,2536,اشگفت لگجی,057090,6
30523,2536,بنه کروک,057107,6
30524,2536,پاره زیدی,057110,6
30525,2536,پاطوف,057111,6
30526,2536,پسکول,057113,6
30527,2536,دره بنیاب,057134,6
30528,2536,دره زرد,057141,6
30529,2536,سرتنگ بنیاب,057163,6
30530,2536,سرکول,057167,6
30531,2536,شهریاری,057174,6
30532,2536,اعلا,057179,6
30533,2536,کره گشت,057183,6
30534,2536,ماوی سفلی,057202,6
30535,2536,ماوی علیا,057203,6
30536,2536,منجوک,057205,6
30537,2536,میتنگون,057209,6
30538,2536,نر عبدخلیل,057213,6
30539,2536,وره محمدجافری,057217,6
30540,2536,چهجم,364178,6
30541,2536,راوک,364184,6
30542,2536,شهرک ماوی,364781,6
30543,2537,ارو,057088,6
30544,2537,اشکفت گلی,057089,6
30545,2537,بکال,057098,6
30546,2537,بلکدان,057100,6
30547,2537,بلی خلک,057101,6
30548,2537,بن شوار,057102,6
30549,2537,بنه بادام,057105,6
30550,2537,بنه لم,057108,6
30551,2537,تل میشان,057116,6
30552,2537,تنگ آب,057117,6
30553,2537,غربت,057120,6
30554,2537,جاجو,057121,6
30555,2537,دوبند,057145,6
30556,2537,رگه کن,057155,6
30557,2537,رودزیر,057156,6
30558,2537,سرآسیاب,057160,6
30559,2537,سراشکفت,057161,6
30560,2537,سرحانی دو,057165,6
30561,2537,گستی,057196,6
30562,2537,ملا انگنا,057204,6
30563,2537,منگار,057207,6
30564,2537,نر بلند دو,057212,6
30565,2537,بالیاب,227854,6
30566,2537,بن دوراب,227860,6
30567,2537,بهاره,227864,6
30568,2537,دم تنگ چندار چویل,227884,6
30569,2537,دیمگه تنگ چویل,227901,6
30570,2537,سردوراب,227917,6
30571,2537,طوف زری چویل,227926,6
30572,2537,کلگه چویل,227928,6
30573,2537,گودگل چویل,227936,6
30574,2537,میل پای میل,227945,6
30575,2537,دم تنگ,364182,6
30576,2537,سرتنگ گلال شرب,471157,6
30577,2538,آب بنه,072019,6
30578,2538,آب میان,072020,6
30579,2538,آبسر,072021,6
30580,2538,اشکا,072023,6
30581,2538,پاقلعه,072029,6
30582,2538,ترسا,072030,6
30583,2538,باغ چشمه,072033,6
30584,2538,چشمه ریزه,072034,6
30585,2538,خسروآباد,072035,6
30586,2538,دفری,072036,6
30587,2538,سیبیان,072037,6
30588,2538,شیرازک,072042,6
30589,2538,صالح آباد,072043,6
30590,2538,علی آباد,072044,6
30591,2538,قلی آباد,072046,6
30592,2538,قنات کلاره,072047,6
30593,2538,قنات گزلا,072048,6
30594,2538,قنات نو,072049,6
30595,2538,کوشک حرا,072050,6
30596,2538,گودگیری,072051,6
30597,2538,گنبد لاله,072056,6
30598,2538,مزرعه ملوان,072059,6
30599,2538,ویژه دانه,072061,6
30600,2538,ده کایید,072115,6
30601,2538,قلعه قشلاق,072123,6
30602,2538,قلعه گوری,072124,6
30603,2538,سرباغ,370047,6
30604,2538,شور چشمه,373254,6
30605,2538,شیرین چشمه,373255,6
30606,2538,کرسالی,373257,6
30607,2538,چغوران,373258,6
30608,2538,قنات مندعلی خان,373537,6
30609,2538,ایستگاه مخابراتی تل پلویی,373538,6
30610,2538,شرکت راهسازی توچال,373615,6
30611,2538,شرکت سدسازی کترا,373616,6
30612,2538,مسجد امام سجاد(ع ),373872,6
30613,2538,قلقل,374073,6
30614,2538,شرکت بتن سازی راه آهن آسفالت,807704,6
30615,2538,دامداری محمد,807705,6
30616,2539,جعفرآباد,072032,6
30617,2539,شورجستان,072041,6
30618,2539,علی آباد شوراب بالا,072045,6
30619,2539,مزرعه اکبرآباد,072054,6
30620,2539,مزرعه محمدیه,072058,6
30621,2539,مزرعه حجت آباد,072062,6
30622,2539,اسدآباد,072173,6
30623,2539,باند فرودگاه,072175,6
30624,2539,پلیس راه آباده,072177,6
30625,2539,دهدق,072182,6
30626,2539,رحیم آباد,072183,6
30627,2539,قهوه خانه باباعلی,072186,6
30628,2539,شرکت تعاونی 3000,072187,6
30629,2539,قوزی آباد,072190,6
30630,2539,مرغداری توکلی,072195,6
30631,2539,مزرعه برکت,072200,6
30632,2539,مزرعه تصدیقی,072201,6
30633,2539,مزرعه جهادآباد,072203,6
30634,2539,مزرعه حبیب احمدی,072204,6
30635,2539,مزرعه شریفی,072211,6
30636,2539,مزرعه نادری,072219,6
30637,2539,مزرعه هنرستان,072221,6
30638,2539,هنرستان ولیعصر,072227,6
30639,2539,مزرعه رجب آباد,072230,6
30640,2539,بیدک,072288,6
30641,2539,جنت آباد,072292,6
30642,2539,چنار,072295,6
30643,2539,سعادت آباد,072300,6
30644,2539,علی آباد,072304,6
30645,2539,فیروزی,072306,6
30646,2539,مبارکه,072311,6
30647,2539,مزرعه اسحاق آباد,072313,6
30648,2539,مزرعه دهقانان,072318,6
30649,2539,نجف آباد سفلی,072326,6
30650,2539,یعقوب آباد,072327,6
30651,2539,ایستگاه مخابراتی بیداعلم,072372,6
30652,2539,حشمتیه,072379,6
30653,2539,حسین آباد,072391,6
30654,2539,حمیدآباد,072392,6
30655,2539,مزرعه رضاآباد نو,072396,6
30656,2539,چهل چشمه,072424,6
30657,2539,معدن خاک نسوز,360900,6
30658,2539,معدن آزادی,360901,6
30659,2539,مزرعه حسین آباد,370003,6
30660,2539,مزرعه احمدآباد,370122,6
30661,2539,مزرعه مهدی آباد نو,372390,6
30662,2539,مرغداری دوهزار,372508,6
30663,2539,مزرعه شمس آباد,373213,6
30664,2539,معدن استقلال,373228,6
30665,2539,شهرک صنعتی آباده,373546,6
30666,2539,کشتارگاه صنعتی طیوران,373552,6
30667,2539,گود آب اشتر,373887,6
30668,2539,مزرعه بهرام نوروزی,374077,6
30669,2539,مزرعه مهدی حیدر پناه,374078,6
30670,2539,مزرعه رضا آباد,374079,6
30671,2539,مزرعه روستا,374080,6
30672,2539,مزرعه اسلام آباد,374081,6
30673,2539,عباس آباد,374082,6
30674,2539,مزرعه پیر مرادیان,374083,6
30675,2539,مزرعه جمشید هوشمند,374084,6
30676,2539,مهدی آباد شفیعی,707023,6
30677,2539,شرکت شیرین زاگرس,807682,6
30678,2539,شرکت سروش ایزوگام,807683,6
30679,2539,مرکز آموزش فنی و حرفه ای آباده,807684,6
30680,2539,شهرک صنعتی آباده فاز 2,807685,6
30681,2539,پارک جنگلی شهید فرهمند,807693,6
30682,2539,شرکت بازرگانی محمدجعفر پورمحسنی (انبار سنگ),807696,6
30683,2539,شرکت سنگ آرای زاگرس,807697,6
30684,2540,امیرآباد,072285,6
30685,2540,باقرآباد,072286,6
30686,2540,بیدبیده,072287,6
30687,2540,بیرک آباد,072289,6
30688,2540,تخت رود,072291,6
30689,2540,چالیان,072294,6
30690,2540,چهل زرعی,072296,6
30691,2540,پایگاه هوایی شهید احمدی,072297,6
30692,2540,دشت بیضا,072298,6
30693,2540,ده بالا,072299,6
30694,2540,فرخاش,072305,6
30695,2540,کارگاه آسفالت سازی اداره راه,072308,6
30696,2540,کریم آباد,072310,6
30697,2540,مزرعه امام حسین,072314,6
30698,2540,مزرعه ایزدی,072315,6
30699,2540,مزرعه حسن آباد نو,072316,6
30700,2540,مزرعه سلیمی,072320,6
30701,2540,مزرعه محمداباد,072322,6
30702,2540,مزرعه محمد دانشور و شرکاء,072323,6
30703,2540,مزرعه مسلم ابن عقیل,072324,6
30704,2540,مزرعه مهدیه,072325,6
30705,2540,مزرعه ایرج خشنود,370049,6
30706,2540,مزرعه یعقوب اکبری,370050,6
30707,2540,مزرعه مسیح درخشان,370051,6
30708,2540,مزرعه حسن روشن,370052,6
30709,2540,مزرعه سیف اله نعمت الهی,370053,6
30710,2540,ایستگاه نیروگاه برق سورمق,370055,6
30711,2540,مزرعه مهدی آباد نو,370064,6
30712,2540,کارخانه سیمان آباده,372516,6
30713,2540,مزرعه محمدرضا امیدوار,372517,6
30714,2540,سنگبری چکاوک,373229,6
30715,2540,مزرعه نجاتعلی زارع پور,373230,6
30716,2540,مزرعه اصغر اکبری,373231,6
30717,2540,مزرعه حسن آباد,373252,6
30718,2540,سیلوی آباده,373543,6
30719,2540,کارخانه قیر و بشکه نوید شیراز,373889,6
30720,2540,شرکت حمل و نقل فجرآباد,374075,6
30721,2540,پارک هتل,374076,6
30722,2540,معدن کوشش کار زنگنه,807678,6
30723,2540,مزرعه میثم درخشان خاکی,807679,6
30724,2540,مزرعه حسین عظیمی,807680,6
30725,2541,مزرعه شیرخانها,072133,6
30726,2541,مزرعه آب گرمه,073285,6
30727,2541,بابا شیخ احمد,073307,6
30728,2541,بال بران,073316,6
30729,2541,بند رسول,073325,6
30730,2541,تلمبه آبادچی,073342,6
30731,2541,شرکت تعاونی تولید 14 ایثارگران,073374,6
30732,2541,تلمبه شمشاد نامجو,073381,6
30733,2541,تلمبه حاج فتح اله خان,073382,6
30734,2541,تلمبه صدراله عطایی,073386,6
30735,2541,تلمبه قجه ویسلی,073435,6
30736,2541,تنگ هاشم,073469,6
30737,2541,مزرعه چشمه کمینگاه,073493,6
30738,2541,خسرو شیرین,073505,6
30739,2541,ساریتان,073522,6
30740,2541,شمس آباد,073543,6
30741,2541,فتح آباد شاه نشین,073563,6
30742,2541,فیض آباد,073565,6
30743,2541,مزرعه قدمگاه سفلی,073567,6
30744,2541,مزرعه قدمگاه علیا,073568,6
30745,2541,قنات مولایی,073578,6
30746,2541,قنبرآباد,073579,6
30747,2541,محمدآباد,073600,6
30748,2541,مزرعه آق چشمه,073605,6
30749,2541,مزرعه المالیجه,073606,6
30750,2541,مزرعه باغ مورد,073608,6
30751,2541,مزرعه بالقلو,073609,6
30752,2541,مزرعه برآفتاب محمود,073610,6
30753,2541,مزرعه بلبلی,073611,6
30754,2541,مزرعه قرول,073633,6
30755,2541,بابا پیرک,370170,6
30756,2541,کولار,370171,6
30757,2541,شهراب سلطان آباد,370173,6
30758,2541,له شیخی,370175,6
30759,2541,مزرعه کلوان,372540,6
30760,2541,بایرآباد,734062,6
30761,2541,شرکت تعاونی تولید کلوان,734063,6
30762,2541,ایستگاه باران سنجی رودآب,807701,6
30763,2541,راهدارخانه سمیرم خسرو شیرین خاکی,807702,6
30764,2541,فتح آباد,907478,6
30765,2542,ارون ماهیدان,072105,6
30766,2542,بدرون,072108,6
30767,2542,تنگ فیروز,072109,6
30768,2542,چشمه علی,072111,6
30769,2542,چشمه کان,072112,6
30770,2542,چشمه کبکی,072113,6
30771,2542,ده گردو,072116,6
30772,2542,سیاهان,072119,6
30773,2542,قنات قلعه ایاز,072122,6
30774,2542,قنات پشت بره,072125,6
30775,2542,کاسه پشت,072126,6
30776,2542,کلستان,072129,6
30777,2542,مزرعه حضرت آباد,072131,6
30778,2542,مزرعه رزک,072132,6
30779,2542,قلعه کربلایی خلفعلی,072134,6
30780,2542,مزرعه کوشک,072135,6
30781,2542,مزرعه محمدآباد بید اعلم,072136,6
30782,2542,تلمبه امیرآبادی,072178,6
30783,2542,مزرعه احمدآباد,072197,6
30784,2542,صادق آباد علیا,072375,6
30785,2542,مزرعه عزیزآباد,072377,6
30786,2542,قلعه شولاتی,072378,6
30787,2542,مزرعه,072380,6
30788,2542,باریک آباد,072382,6
30789,2542,مزرعه بید اعلم,072384,6
30790,2542,مزرعه افراسیاب جهانبخش,072388,6
30791,2542,دولت آباد,072394,6
30792,2542,گودله بهمن/مزرعه جلال و علی خان فر,072397,6
30793,2542,مزرعه هادی مسعودی,072401,6
30794,2542,مزرعه صدرآباد,072402,6
30795,2542,مزرعه عباس آباد,072404,6
30796,2542,عیون آباد,072406,6
30797,2542,مزرعه گچ کن,072412,6
30798,2542,مزرعه محمد جباری,072415,6
30799,2542,مزرعه مرادآباد,072417,6
30800,2542,مزرعه معلم,072418,6
30801,2542,نجف آباد علیا,072420,6
30802,2542,مزرعه وکیل آباد,072421,6
30803,2542,مزرعه محمدتقی خرمی,072422,6
30804,2542,مزرعه سلام آباد,072423,6
30805,2542,مزرعه مهدی طاهری,370132,6
30806,2542,مزرعه گل یک,370134,6
30807,2542,کال مستانه,370135,6
30808,2542,قره قان,370136,6
30809,2542,باوفا,370137,6
30810,2542,لای سرخ,370138,6
30811,2542,سلمک,370139,6
30812,2542,سرگزلانا,370140,6
30813,2542,حسین آباد,370141,6
30814,2542,صنوبر,370142,6
30815,2542,قارونک علیا,370143,6
30816,2542,چشمه پهن,370144,6
30817,2542,مزرعه الله آباد,370146,6
30818,2542,منبع آب آباده,370147,6
30819,2542,جشمه گلستان,370154,6
30820,2542,گردو,370155,6
30821,2542,مزرعه بهمن کامیاب,372507,6
30822,2542,مزرعه فرهامی,373236,6
30823,2542,توتک,373237,6
30824,2542,مزرعه مرادآباد,373536,6
30825,2542,مزرعه رحمت اله شیبانی,373617,6
30826,2542,باقرآباد,373618,6
30827,2542,منبع آب صغاد,373881,6
30828,2542,مزرعه عشرت آباد,373883,6
30829,2542,شرکت تعاونی تولیدی مرغ گوشتی 145,374070,6
30830,2542,قارونک سفلی,374071,6
30831,2542,اکبرآباد صغاد,374072,6
30832,2542,پادگان ولی عصر (ع),807009,6
30833,2542,سرای سالمندان و معلولین آباده,807686,6
30834,2542,شرکت پازدشت آباده,807687,6
30835,2542,مزرعه خسروی,807688,6
30836,2542,مزرعه نعمت الهی اکبر محمدی,807689,6
30837,2542,پایگاه امداد جاده ای شورمبتان,807690,6
30838,2542,شرکت پازدشت,807691,6
30839,2542,میدان خرید و فروش دام,807692,6
30840,2542,ایستگاه تقویت گاز شماره 7,807694,6
30841,2542,گلخانه بزرگ پاییز سبز آسفالت,807699,6
30842,2542,شرکت تولید شن و ماسه بهمن خاکی,807700,6
30843,2542,مرغداری فتحی,807706,6
30844,2542,باسکول امیدوار,807707,6
30845,2542,باربری آبان,807708,6
30846,2542,مرغداری شفیعی,807709,6
30847,2542,ایستگاه قطار آباده,807710,6
30848,2543,آب تلخون,072783,6
30849,2543,الله آباد,072788,6
30850,2543,انجیرک,072789,6
30851,2543,باغ پادزهری,072790,6
30852,2543,بستویه,072793,6
30853,2543,بنوان,072794,6
30854,2543,تل کنجید,072797,6
30855,2543,تلمبه علی اکبر فتحی,072802,6
30856,2543,چشمه شیرین,072806,6
30857,2543,حاجی آباد,072808,6
30858,2543,حسین آباد,072810,6
30859,2543,حسین آباد,072811,6
30860,2543,خانه کت,072812,6
30861,2543,خسروآباد,072813,6
30862,2543,دامنه,072814,6
30863,2543,دربندان,072815,6
30864,2543,دستجرد,072816,6
30865,2543,دکان,072817,6
30866,2543,دهویه,072819,6
30867,2543,رشیدآباد,072822,6
30868,2543,سجل آباد,072823,6
30869,2543,سراج,072824,6
30870,2543,سهل آباد,072830,6
30871,2543,مزرعه شاهسوندی اصل,072832,6
30872,2543,مزرعه شهید مرشدی,072833,6
30873,2543,شیخویه,072834,6
30874,2543,عباس آباد,072836,6
30875,2543,فخرآباد,072840,6
30876,2543,قشنگ قاوی,072841,6
30877,2543,کرنارو,072846,6
30878,2543,گورکان,072854,6
30879,2543,لای خرمی,072855,6
30880,2543,ماه فرخان,072856,6
30881,2543,مبارک آباد,072857,6
30882,2543,محمدآباد,072858,6
30883,2543,محمودآباد,072859,6
30884,2543,ایستگاه مخابرات ماه فرخان,072860,6
30885,2543,مزرعه مرتضی الهی,072861,6
30886,2543,مزرعه فقیه,072863,6
30887,2543,نورآباد,072865,6
30888,2543,سیف آباد,370158,6
30889,2543,سوین,372363,6
30890,2543,چاه گنبد,372518,6
30891,2543,گاوداری رفاه,807723,6
30892,2543,صادق آباد,807737,6
30893,2544,باقله زار,072792,6
30894,2544,بهشت,072795,6
30895,2544,چشمه انجیر,072805,6
30896,2544,تلمبه کاکی/تلمبه سرپوزه,072825,6
30897,2544,فتح آباد,072839,6
30898,2544,قلعه دم تنگ,072843,6
30899,2544,کارگاه شن و ماسه راهدار,072844,6
30900,2544,کرپنبه ای,072845,6
30901,2544,گرده,072852,6
30902,2544,گشن آباد,072853,6
30903,2544,مزرعه باغو,072952,6
30904,2544,بدیر,072953,6
30905,2544,تاج آباد,072957,6
30906,2544,مزرعه خدری,072959,6
30907,2544,دهویه,072961,6
30908,2544,رونیز سفلی,072962,6
30909,2544,شمس آباد,072964,6
30910,2544,مزرعه شهید عابدینی,072965,6
30911,2544,مزرعه شهید صادقی,072966,6
30912,2544,عباس آباد,072967,6
30913,2544,علی آباد شمس,072969,6
30914,2544,مزرعه شهید کشاورز,072970,6
30915,2544,مرغک,072976,6
30916,2544,نجف آباد,072978,6
30917,2544,نشهر,072979,6
30918,2544,خنی گاه,078020,6
30919,2544,خنی گریز,078021,6
30920,2544,مرو,078037,6
30921,2544,ملک چنار,078039,6
30922,2544,قلوند,370156,6
30923,2544,کارخانه سیمان استهبان,372379,6
30924,2544,تلمبه سپاه,372519,6
30925,2544,شرکت لعل سنگ,372520,6
30926,2544,مرغداری جهاد,372522,6
30927,2544,سنگبری استهبان,372523,6
30928,2544,کارخانه فرآورده های انجیر,373336,6
30929,2544,کارخانه صنایع شیمیایی,373337,6
30930,2544,کارخانه ماکارونی,373338,6
30931,2544,مرغداری صنعتی مرغک,373451,6
30932,2544,مزرعه حسین و اسماعیل خسروی,373461,6
30933,2544,شهرک شهید باهنر,373625,6
30934,2544,شرکت تعاونی ایثارگران پامچال,373997,6
30935,2544,امامزاده ابراهیم,807712,6
30936,2544,تولید فرآورده های گوشتی و لبنی کاظمی,807713,6
30937,2544,ذرت خشک کنی زرین دانه,807714,6
30938,2544,شرکت تعاونی تولیدکنندگان انجیر,807715,6
30939,2544,شرکت تعاونی روستایی,807716,6
30940,2544,شهرک صنعتی استهبان,807717,6
30941,2544,کارگاه بلوک زنی,807718,6
30942,2544,کارگاه شن و ماسه شهرداری,807719,6
30943,2544,گاوداری تاج پیکر,807720,6
30944,2544,گاوداری حسینی,807721,6
30945,2544,گاوداری رسول امیدی,807722,6
30946,2544,گاوداری سهراب پور,807724,6
30947,2544,گاوداری عباس آفرین,807725,6
30948,2544,گاوداری فریدون جوکار,807726,6
30949,2544,مجتمع تفریحی کوثر,807727,6
30950,2544,مرغداری جغفر اکبرپور,807734,6
30951,2544,مرغداری علی,807735,6
30952,2544,مزرعه صادقی,807736,6
30953,2545,قلعه آب باریک,073022,6
30954,2545,آب بند,073023,6
30955,2545,امامزاده شهباز,073025,6
30956,2545,انجیرک,073027,6
30957,2545,ایستگاه مخابراتی کوه ایج,073029,6
30958,2545,باغ شاد,073030,6
30959,2545,برونو,073032,6
30960,2545,بن آب,073034,6
30961,2545,پس چک,073035,6
30962,2545,پیک بالا,073037,6
30963,2545,پیک پایین,073038,6
30964,2545,تلمبه توحید,073040,6
30965,2545,تلمبه شهید غلامرضا رنجبر,073041,6
30966,2545,تلمبه غلامرضا شمسی,073042,6
30967,2545,تلمبه هادی سلیمان پور,073045,6
30968,2545,تلمبه عبدالحسین براغی,073046,6
30969,2545,تلمبه عدل,073047,6
30970,2545,تلمبه علیرضا کریمی,073048,6
30971,2545,تلمبه علی محمد بداک همتی,073050,6
30972,2545,تل سنگری,073051,6
30973,2545,حاجی کرمی,073055,6
30974,2545,درب امامزاده,073056,6
30975,2545,درب قلعه,073057,6
30976,2545,دهانه باغ مراد,073058,6
30977,2545,دهویه,073059,6
30978,2545,سلخ آب انارک,073061,6
30979,2545,قلندر درشده,073063,6
30980,2545,کندر باریک,073064,6
30981,2545,کوه خم,073066,6
30982,2545,لای بید,073067,6
30983,2545,تلمبه ببراز کوهستانی,073069,6
30984,2545,مزرعه بش,073070,6
30985,2545,مزرعه دشتک,073071,6
30986,2545,تلمبه عربعلی قنبری,073072,6
30987,2545,تلمبه علی بازاردلی,073073,6
30988,2545,تلمبه علی سرانی,073074,6
30989,2545,مزرعه شهید علی نظری,073075,6
30990,2545,کوره,073076,6
30991,2545,تلمبه مراد ظفر و شرکاء,073077,6
30992,2545,تلمبه فتحعلی جعفری,370163,6
30993,2545,کندر باریک,371014,6
30994,2545,برکه خونی,372234,6
30995,2545,پل شکسته,372294,6
30996,2545,چاه دراز,372383,6
30997,2545,تلمبه حسن دیندارلو,372527,6
30998,2545,معدن منگنز آب بند,373455,6
30999,2545,معدن منگنز سیدغضنفر,373624,6
31000,2545,تلمبه های کوچه کناری,373998,6
31001,2545,آب نارک,373999,6
31002,2545,محل احداث سد رودبال,807033,6
31003,2545,اردوگاه غیرفعال,807711,6
31004,2545,مجموعه تلمبه های جاده انجیرک,807729,6
31005,2545,مجموعه تلمبه های جاده ایج فسا,807730,6
31006,2545,بن دره ( باغات ردیفی ),907474,6
31007,2546,اسپاس,073290,6
31008,2546,تلمبه امیرحسین بازگشا,073304,6
31009,2546,مزرعه امیرحسین کریمی,073305,6
31010,2546,پهلوانی,073336,6
31011,2546,تلمبه امتیاز,073359,6
31012,2546,تلمبه جوادپور,073373,6
31013,2546,تلمبه محمودخان حیاتی,073450,6
31014,2546,تلمبه پرویز ملک پور,073454,6
31015,2546,چشمه آب باریک,073485,6
31016,2546,دهنو,073512,6
31017,2546,رحمت آباد,073514,6
31018,2546,شهرک رحمت آباد و زین الدین,073520,6
31019,2546,شهرک امام خمینی,073548,6
31020,2546,مزرعه شیرویه محمدی,073551,6
31021,2546,مزرعه لطف علی خان,073596,6
31022,2546,مزرعه جلیل مطلوب,073616,6
31023,2546,تلمبه حاج عزت,073627,6
31024,2546,مزرعه عطا حیاتی,073629,6
31025,2546,مه جان,073646,6
31026,2546,منبع آب دهنو,370206,6
31027,2546,تلمبه رییسی,370207,6
31028,2546,مزرعه ملک پور,807753,6
31029,2546,تلمبه حاج روح الله زهیری,807754,6
31030,2546,مزرعه تاقای محبی,807755,6
31031,2546,پمپ بنزین,807807,6
31032,2547,باصری آقاجان,073311,6
31033,2547,باصری هادی,073312,6
31034,2547,بوگری,073326,6
31035,2547,پهنای بهی,073337,6
31036,2547,تنگ رود,073468,6
31037,2547,مزرعه جامه خوابدار,073472,6
31038,2547,جدول نو,073474,6
31039,2547,جمال بیگ,073478,6
31040,2547,خارستان سفلی,073502,6
31041,2547,خارستان علیا,073503,6
31042,2547,سادات آباد,073521,6
31043,2547,سرتل,073524,6
31044,2547,طاسک,073552,6
31045,2547,قطارآغاج,073571,6
31046,2547,قنات اولماز,073572,6
31047,2547,مزرعه بید,073612,6
31048,2547,مزرعه پاسالکی,073613,6
31049,2547,مزرعه گردو,073634,6
31050,2547,مورپهن,073643,6
31051,2547,موردراز,073644,6
31052,2547,مورسیب,073645,6
31053,2548,مزرعه بند بهرام,073323,6
31054,2548,تلمبه سرمست حیاتی,073408,6
31055,2548,تنگ براق,073467,6
31056,2548,چشمه زهادلو,073490,6
31057,2548,حاجی آباد,073494,6
31058,2548,نورآباد,073555,6
31059,2548,مزرعه علی اکبر حیاتی,073631,6
31060,2548,بادکی,073655,6
31061,2548,مزرعه عزیز کرمی,373269,6
31062,2548,مزرعه گله خروس,807055,6
31063,2548,مزرعه مویی,807056,6
31064,2548,مزرعه فیلی,807743,6
31065,2548,تلمبه یوسفی,807744,6
31066,2548,تلمبه احمدی,807745,6
31067,2548,دامداری حسین شاهی,807746,6
31068,2548,تلمبه یونس نسب,807747,6
31069,2548,پرورش ماهی آقای حدیدی,807748,6
31070,2548,کارخانه آب معدنی رحیمی,807749,6
31071,2548,مزرعه کیانوش حیاتی,807750,6
31072,2548,مزرعه علی عسگر حیاتی,807751,6
31073,2548,تلمبه محمدعلی حیاتی,807752,6
31074,2548,کارخانه شن و ماسه,807998,6
31075,2548,کارخانه آسفالت شهرداری,807999,6
31076,2549,مزرعه عرب,072321,6
31077,2549,مزرعه ابابیک,073280,6
31078,2549,ادراک,073287,6
31079,2549,مرکز آموزش امام سجاد,073289,6
31080,2549,امامزاده سید محمد,073300,6
31081,2549,کافتر,073303,6
31082,2549,درغوک,073313,6
31083,2549,بالوک,073317,6
31084,2549,بزن,073319,6
31085,2549,بصیران,073320,6
31086,2549,بیدستان,073330,6
31087,2549,بید سبحان,073331,6
31088,2549,پس بل,073335,6
31089,2549,ترناسک,073339,6
31090,2549,تلمبه احمد خادمی,073347,6
31091,2549,تلمبه احمدقلی صرفه جو,073349,6
31092,2549,تلمبه اکبر خلیلی,073355,6
31093,2549,تلمبه الهیار شبانی,073356,6
31094,2549,مزرعه امراله پیرمرادی,073360,6
31095,2549,تلمبه بمانعلی زارع,073366,6
31096,2549,تلمبه بهروز بدری,073369,6
31097,2549,تلمبه پیرمحمد چشم خاوری,073371,6
31098,2549,تلمبه خسرو زیوری پناه,073395,6
31099,2549,تلمبه راه خدا میرزایی,073400,6
31100,2549,تلمبه رضا رستگار,073404,6
31101,2549,تلمبه سعید ستوده,073410,6
31102,2549,تلمبه صفدر سلطانی,073418,6
31103,2549,تلمبه صفر نام آور,073419,6
31104,2549,تلمبه ضیا زارع,073422,6
31105,2549,تلمبه عبدالحسین جاوید,073424,6
31106,2549,تلمبه عزت دانا,073427,6
31107,2549,تلمبه عزیز زارع,073429,6
31108,2549,تلمبه علیرضا دهقان,073431,6
31109,2549,تلمبه علی خادمی,073432,6
31110,2549,تلمبه قزل اچی,073437,6
31111,2549,تلمبه کاکاخان دادفر,073438,6
31112,2549,مزرعه کیومرث میرزایی,073441,6
31113,2549,تلمبه محمد جوانمرد,073444,6
31114,2549,تلمبه محمد ساعیان آیین,073447,6
31115,2549,مزرعه ناصر میرزایی,073460,6
31116,2549,تلمبه نوازاله میرزایی,073462,6
31117,2549,تلمبه ولی اله پورملکی,073463,6
31118,2549,تلمبه علی هوشمند,073465,6
31119,2549,تلمبه یداله باقری,073466,6
31120,2549,تیمارجان,073471,6
31121,2549,قنات چغ سفید,073483,6
31122,2549,مزرعه چشمه خنک,073487,6
31123,2549,چشمه رعنا,073489,6
31124,2549,حسین آباد,073497,6
31125,2549,خنجشت,073506,6
31126,2549,سه قلات,073529,6
31127,2549,سید قلی,073531,6
31128,2549,شرکت کشت و صنعت خنجشت,073537,6
31129,2549,علی آباد,073558,6
31130,2549,علی گرد,073561,6
31131,2549,قرقانک,073570,6
31132,2549,مزرعه کر سیاه,073584,6
31133,2549,کوه سفید,073589,6
31134,2549,مزرعه الهیه,073602,6
31135,2549,مزرعه 22 بهمن,073603,6
31136,2549,مزرعه امیریه,073607,6
31137,2549,مزرعه جلیل رحمتی,073615,6
31138,2549,مزرعه حاج آقاجان,073618,6
31139,2549,مزرعه حسین بن علی,073620,6
31140,2549,مزرعه سلیمانیه,073622,6
31141,2549,مزرعه شهید رجایی,073625,6
31142,2549,مزرعه موسویه,073635,6
31143,2549,مزرعه موعود,073636,6
31144,2549,مزرعه مهدیه,073637,6
31145,2549,مزرعه ولی عصر,073640,6
31146,2549,مگسی,073641,6
31147,2549,نظام آباد,073652,6
31148,2549,کتو,073656,6
31149,2549,شرکت تعاونی 5000 شیراز,073673,6
31150,2549,مزرعه حسن بن علی,370060,6
31151,2549,نخودزار,370222,6
31152,2549,تلمبه نظام آباد,370233,6
31153,2549,حیاتی,370234,6
31154,2549,شرکت 330,372541,6
31155,2549,معدن سنگ لاشه تیدر,373417,6
31156,2549,معدن سنگ آهک گردنه چنار,373418,6
31157,2549,امامزاده زبیده خاتون,373419,6
31158,2549,نهالستان رضایی,373715,6
31159,2549,مجتمع کشتارگاهی صنعتی اقلید,373716,6
31160,2549,امیرآباد,373718,6
31161,2549,مهمانسرای آب و فاضلاب,373745,6
31162,2549,هنرستان کشاورزی علامه طباطبایی,373746,6
31163,2549,کارخانه فراوران ملاس,373893,6
31164,2549,گاوداریهای صنعتی,373895,6
31165,2549,شرکت مرغ تخمگذار زرینه اقلید,373896,6
31166,2549,ناحیه صنعتی جهادسازندگی,373897,6
31167,2549,معدن سنگ ساختمانی,373898,6
31168,2549,مزرعه شهید بهرامی,373899,6
31169,2549,کارخانه آجر فشاری اقلید,373900,6
31170,2549,گاوداری صنعتی اصغر فروتن,373901,6
31171,2549,پرورش ماهی جلیلی,373902,6
31172,2549,ایستگاه راه آهن,807034,6
31173,2549,چاه های آب شرب قزقونک,807785,6
31174,2549,مزرعه حاج عزت خسروی,807790,6
31175,2549,مزرعه منوچهر خسروی,807791,6
31176,2549,کارگاه تونل سازی,807795,6
31177,2549,مزارع تیمارگون,807797,6
31178,2549,پرورش مرغ گوشتی سالاری خاکی,807800,6
31179,2549,شرکت تصفیه خانه فاضلاب,807801,6
31180,2549,کارخانه پارس الکل خاکی,807802,6
31181,2549,اسکله صیادی دریاچه کافتر,807803,6
31182,2549,پرورش ماهی قزل آلای نورد (اصلی به فرعی خاکی),807804,6
31183,2549,مجتمع گاوداری,807808,6
31184,2549,مزرعه رضایی,807809,6
31185,2549,شن و ماسه سبحان,807810,6
31186,2549,کارخانه آسفالت شهرداری,907486,6
31187,2549,تلمبه محمود زراعی,907487,6
31188,2550,آب باریک,073281,6
31189,2550,آب اشک,073282,6
31190,2550,اقبال آباد,073294,6
31191,2550,بادکی,073309,6
31192,2550,بازبچه,073310,6
31193,2550,بلاغی,073322,6
31194,2550,بند دیدگان,073324,6
31195,2550,بیداشک,073327,6
31196,2550,بید چاله,073329,6
31197,2550,بیدلنک,073332,6
31198,2550,پرکوه,073333,6
31199,2550,تل خاکی,073340,6
31200,2550,تلمبه خسروی,073345,6
31201,2550,تلمبه اسلمی,073353,6
31202,2550,تلمبه امیدوار,073362,6
31203,2550,تلمبه بنیاد شهید,073367,6
31204,2550,تلمبه محمد ناظمی,073368,6
31205,2550,تلمبه ولی جانی و شرکاء,073377,6
31206,2550,تلمبه مراد آذرمینا,073379,6
31207,2550,تلمبه میرزا تقی مصطفوی,073384,6
31208,2550,تلمبه حسین خانی,073389,6
31209,2550,تلمبه حیدر خسروی و شرکاء,073390,6
31210,2550,تلمبه رضاقلی و شرکاء,073405,6
31211,2550,تلمبه سیدمحمد مهدوی,073412,6
31212,2550,تلمبه امیرفرج پیرمرادی,073416,6
31213,2550,تلمبه شهدا,073417,6
31214,2550,تلمبه عباس بهمنی,073423,6
31215,2550,تلمبه فروتن,073434,6
31216,2550,تلمبه گشتاسبی,073443,6
31217,2550,تلمبه محمد ظهیری و شرکاء,073448,6
31218,2550,تلمبه مصطفی عسکری,073453,6
31219,2550,میانرود,073457,6
31220,2550,تلمبه یدالله رسولی زاده,073459,6
31221,2550,تلمبه هوشمند,073464,6
31222,2550,جعفرآباد,073476,6
31223,2550,چاووش,073481,6
31224,2550,تلمبه چاه سفید,073482,6
31225,2550,چشمه پهن,073486,6
31226,2550,مزرعه چشمه علی,073492,6
31227,2550,دره گل,073508,6
31228,2550,دولت آباد,073510,6
31229,2550,سنجدگل,073527,6
31230,2550,سه چاه,073528,6
31231,2550,سیف آباد,073533,6
31232,2550,شادکام,073534,6
31233,2550,شرکت کشت و صنعت نمدان,073538,6
31234,2550,شلم زار,073541,6
31235,2550,شویدزار,073545,6
31236,2550,شهرمیان,073550,6
31237,2550,طرح تولید بذر مهندسی عباس بهجت حقیقی,073553,6
31238,2550,طهماسبی,073556,6
31239,2550,فتح آباد,073562,6
31240,2550,فخرآباد,073564,6
31241,2550,قنات سفید صوفیان,073575,6
31242,2550,کت خلج,073583,6
31243,2550,گل زردی,073590,6
31244,2550,گودک,073595,6
31245,2550,مزرعه سهراب خسروی,073623,6
31246,2550,مهدی آباد,073647,6
31247,2550,مهرابیگی,073648,6
31248,2550,گاییز,073657,6
31249,2550,لای سرخ,073658,6
31250,2550,سنگ آسیاب,073659,6
31251,2550,مزرعه جهان آباد,073660,6
31252,2550,مزرعه لانا,370235,6
31253,2550,مزرعه علی آباد,370236,6
31254,2550,مزرعه حسینک,370237,6
31255,2550,مزرعه هادی,370238,6
31256,2550,تلمبه حاج سیف اله نظری,370239,6
31257,2550,تلمبه چراغ پیرمرادی,370240,6
31258,2550,مزرعه مرکز خدمات,370241,6
31259,2550,خسیک,370242,6
31260,2550,تلمبه حاج علی قلی صادقی,370243,6
31261,2550,تلمبه حاج مهدی قلی پناهی,370244,6
31262,2550,مزارع آب باریک,372542,6
31263,2550,تلمبه احمد مسعودی,372543,6
31264,2550,تلمبه نبی اله مسعودی,372544,6
31265,2550,تلمبه صادق مسعودی,372545,6
31266,2550,محمودآباد,373383,6
31267,2550,تلمبه نوشاد آرام تن و شرکاء,373409,6
31268,2550,تلمبه ایرج خان,373410,6
31269,2550,معدن کوبالت,373713,6
31270,2550,کارخانه شن و ماسه تیمارجان,373903,6
31271,2550,ایستگاه تحقیقات کشاورزی اقلید,373904,6
31272,2550,مزرعه تحقیقاتی دانشگاه آزاد,373905,6
31273,2550,تیرچه بلوک حمید ستاری,373907,6
31274,2550,گاوداری اصغر نامجو,373908,6
31275,2550,شرکت آسفالت تمام اتوماتیک 120 تنی,807776,6
31276,2550,پرورش ماهی کامی مسعودی,807777,6
31277,2550,بلوک سازی فرید خاکی,807778,6
31278,2550,گاوداری اکبر کریمی,807779,6
31279,2550,مزرعه شرافتی,807780,6
31280,2550,مزرعه غلام کرمی,807781,6
31281,2550,مزرعه سید اصغر موسوی,807782,6
31282,2550,مزرعه رستم مسعودی,807783,6
31283,2550,مزرعه حاج امیر زهیری,807784,6
31284,2550,مزارع شهداء,807786,6
31285,2550,تعاونی تولید دشت نمدان,807787,6
31286,2550,تلمبه خلیل دهقان,807788,6
31287,2550,پست برق 66/20 علی آباد,807789,6
31288,2550,دکل مخابراتی تیمارگون,807793,6
31289,2550,راهدارخانه تیمارجان,807794,6
31290,2550,منطقه صنعتی,807796,6
31291,2550,گاوداری راسخ,807798,6
31292,2550,تلمبه قلندری,807799,6
31293,2550,مزارع مسعودی,807806,6
31294,2551,آب بیابانی,073284,6
31295,2551,احمدآباد,073286,6
31296,2551,اسفندیار خالقیان,073292,6
31297,2551,امامزاده اسماعیل,073299,6
31298,2551,باغ نو,073315,6
31299,2551,تخت چمن,073338,6
31300,2551,تلمبه ابراهیم آباد,073344,6
31301,2551,تلمبه احمد معینی,073350,6
31302,2551,تلمبه اسفندیار خسروی,073352,6
31303,2551,اسماعیل بیگی,073354,6
31304,2551,تلمبه امام بخش میرزاوندی,073358,6
31305,2551,تلمبه ایرج معینی,073364,6
31306,2551,تلمبه دین محمدی,073399,6
31307,2551,تلمبه رضا بیگی,073403,6
31308,2551,تلمبه قربانعلی غلامی,073436,6
31309,2551,تلمبه کاووس معینی,073439,6
31310,2551,کلاه پوزه,073440,6
31311,2551,تلمبه منوچهر میرزاوندی,073456,6
31312,2551,حسین آباد,073498,6
31313,2551,حفظ علی میرزاوندی,073499,6
31314,2551,دردانه,073507,6
31315,2551,رضا آباد,073516,6
31316,2551,سیاه زمین,073530,6
31317,2551,سیربانو,073532,6
31318,2551,شرکت 57 شیراز,073540,6
31319,2551,گله داری بی بی,073592,6
31320,2551,لاله گون,073598,6
31321,2551,مزرعه ارژنی,073604,6
31322,2551,مزرعه شاه مور,073624,6
31323,2551,مزرعه عطا خانی,073630,6
31324,2551,مزرعه فرجینه,073632,6
31325,2551,میانرود,073649,6
31326,2551,نصیرآباد,073651,6
31327,2551,همه روغن,073654,6
31328,2551,جهاد کشت,370192,6
31329,2551,تلمبه محمد موسوی,370193,6
31330,2551,تلمبه های قنات سفید,372536,6
31331,2551,تلمبه های سلیمانی,372537,6
31332,2551,تلمبه خسرو معینی,373384,6
31333,2551,مزرعه تاکش,734064,6
31334,2551,شهرک شهید منتظری,807772,6
31335,2551,مزرعه سرهنگ کوشکی,807773,6
31336,2552,اردعلی,073288,6
31337,2552,اسپری,073291,6
31338,2552,اله آباد,073295,6
31339,2552,تلمبه امراله کریمی,073302,6
31340,2552,انگکبان,073306,6
31341,2552,بابایی,073308,6
31342,2552,بید بارگاه,073328,6
31343,2552,تلمبه امام بخش کریمی,073357,6
31344,2552,مزرعه حیدر شهبازی,073391,6
31345,2552,تلمبه خداخواست کریمی,073393,6
31346,2552,مزرعه عبدالکریم فارسی,073425,6
31347,2552,مزرعه فتح اله شهبازی,073433,6
31348,2552,جعفرآباد,073477,6
31349,2552,ده خیر,073511,6
31350,2552,راسته,073513,6
31351,2552,رییس غلام,073515,6
31352,2552,سعدآباد,073526,6
31353,2552,تلمبه شاه رضاکریمی,073535,6
31354,2552,شولان,073544,6
31355,2552,شهرآشوب,073546,6
31356,2552,مزرعه علی توتون کوبان,073559,6
31357,2552,قدم آباد,073566,6
31358,2552,قنات سفید,073574,6
31359,2552,کاظم آباد,073580,6
31360,2552,کناس سفلی,073586,6
31361,2552,کناس علیا,073587,6
31362,2552,مزرعه نادر عبدالهی,073650,6
31363,2552,امامزاده شاه نجف,370180,6
31364,2552,شهر بالا,372538,6
31365,2552,جدول نو,372539,6
31366,2552,شهرک آرد علی,807002,6
31367,2552,گاوداری محمدرضا کریمی,807756,6
31368,2552,امامزاده ابراهیم,807767,6
31369,2552,مزرعه حاج عطا صالحی,807768,6
31370,2552,بلوک سازی رضا رحیمی,807769,6
31371,2552,مزرعه عبدالهی,807770,6
31372,2552,شرکت شن و ماسه مسیر گستر جنوب,807771,6
31373,2552,مزرعه سالاری,807774,6
31374,2552,مزرعه بهادر عبدالهی آسفالت,807775,6
31375,2552,مزارع کریمی,807805,6
31376,2552,ابیوردی,907528,6
31377,2553,اسلام آباد,073293,6
31378,2553,بکان,073321,6
31379,2553,مزرعه اردشیر کیانی,073351,6
31380,2553,تلمبه امیدوار,073361,6
31381,2553,مزرعه جمشید بیژنی,073372,6
31382,2553,مزرعه خرسند کیانوش,073398,6
31383,2553,تلمبه سرهنگ سعیدی,073409,6
31384,2553,مزرعه صمد زارع,073420,6
31385,2553,تلمبه عزت کیانی,073428,6
31386,2553,مزرعه عطااله کیانی,073430,6
31387,2553,مزرعه جهانگیری,073617,6
31388,2553,تلمبه سیدخان سعیدی,373411,6
31389,2553,شهرک ایگدر,373412,6
31390,2553,تلمبه هوشنگ کیانی,373413,6
31391,2553,شهرک آرد کپان,373414,6
31392,2553,شهرک صفی خانی,373415,6
31393,2553,شهرک قتلو,373416,6
31394,2553,عباس آباد,734065,6
31395,2553,مزرعه صادق خوشرویی,807757,6
31396,2553,مزرعه اسکندر کرمی,807758,6
31397,2553,مزرعه بیژن نگهداری,807759,6
31398,2553,مزرعه علیرضا امیدوار,807760,6
31399,2553,مزرعه حاج مظفر امیدوار,807761,6
31400,2553,دامداری حاج مظفر امیدوار,807762,6
31401,2553,مزرعه بهادر کیانی,807763,6
31402,2553,مزرعه محمدجواد نعمت الهی,807764,6
31403,2553,مزرعه اردشیر کیانی,807765,6
31404,2553,مزرعه اردشیر کیانوش,807766,6
31405,2554,اسفنجان,073998,6
31406,2554,امامزاده پیرغیب,073999,6
31407,2554,ایدویه,074006,6
31408,2554,بادمجان,074007,6
31409,2554,به جان,074008,6
31410,2554,ترمه,074009,6
31411,2554,تیرافجان,074010,6
31412,2554,جرمشت پایین,074011,6
31413,2554,جنبد,074012,6
31414,2554,جرمشت بالا,074013,6
31415,2554,چهارطاق,074014,6
31416,2554,دشتدال,074015,6
31417,2554,ده قانون,074016,6
31418,2554,شاه نورالدین,074017,6
31419,2554,قم آباد,074018,6
31420,2554,کندیجان,074019,6
31421,2554,کوشک حسن آباد,074020,6
31422,2554,کوهسیم,370351,6
31423,2554,تل گندمی,907542,6
31424,2554,قره آقاج,907550,6
31425,2555,ارجویه,074050,6
31426,2555,اسفل,074051,6
31427,2555,کاکون,074053,6
31428,2555,کراده,074054,6
31429,2555,کوشک سرتنگ,074055,6
31430,2555,مزرعه جره,074056,6
31431,2555,مزکان,074057,6
31432,2555,نوداد,074058,6
31433,2555,همنده,074059,6
31434,2555,چاه نفت,370344,6
31435,2555,تنگ پودنک,370347,6
31436,2556,آب شیخ,074080,6
31437,2556,اغان,074081,6
31438,2556,براک,074082,6
31439,2556,چشیوان,074084,6
31440,2556,درویشان,074087,6
31441,2556,دولت آباد,074089,6
31442,2556,زاغ,074091,6
31443,2556,زیقان,074092,6
31444,2556,شاغون,074093,6
31445,2556,شیخ زنگی,074095,6
31446,2556,کبه,074096,6
31447,2556,کلاکلی,074097,6
31448,2556,کوشک سار,074098,6
31449,2556,گود زاغ,074099,6
31450,2556,محیطآب,074100,6
31451,2556,به گونی,074102,6
31452,2556,میرزا محمدی,074103,6
31453,2556,مزرعه کوشک سار,807811,6
31454,2556,آب موکو,807812,6
31455,2557,علویه,074139,6
31456,2557,تی چنگ,074149,6
31457,2557,چنارسوخته,074158,6
31458,2557,چهارطاق,074159,6
31459,2557,چهارقاشی,074160,6
31460,2557,دنیان,074163,6
31461,2557,موسویه,074164,6
31462,2557,سرقل آباد,074165,6
31463,2557,ظهر شیر,074166,6
31464,2557,عبدالون,074167,6
31465,2557,گوریزنه,074178,6
31466,2557,مادوان,074179,6
31467,2557,مزرو,074189,6
31468,2557,هرموج سفلی,370277,6
31469,2557,شیبان,596245,6
31470,2557,قلعه تبر,707019,6
31471,2557,مرغداری چاه بده,807844,6
31472,2557,باغات دنیان,807845,6
31473,2557,باغ رحمانی,807846,6
31474,2557,مرغداری گوشتی,807847,6
31475,2558,آب کاسه,074134,6
31476,2558,امامزاده بی بی حور,074137,6
31477,2558,بندبست,074140,6
31478,2558,تلمبه آبکار,074142,6
31479,2558,تلمبه شیبانی,074145,6
31480,2558,تلمبه قصابی,074146,6
31481,2558,تلمبه کرد شولی,074147,6
31482,2558,تلمبه های حاجی باباخان فخرایی,074148,6
31483,2558,چاه بید,074151,6
31484,2558,چاه تیگی,074153,6
31485,2558,چدرویه,074155,6
31486,2558,خان نهر,074161,6
31487,2558,قلعه سنگ,074169,6
31488,2558,معدن گچ خام,074172,6
31489,2558,کوره آهک پزی پورزاد,074173,6
31490,2558,گلدامچه,074177,6
31491,2558,مرغداری شهر و روستا,074181,6
31492,2558,ملک نو,074182,6
31493,2558,مرغداری 456 شیراز,074183,6
31494,2558,مزرعه بزرگی,074184,6
31495,2558,مزرعه جهرمی,074185,6
31496,2558,مزرعه زرین,074186,6
31497,2558,مزرعه کشه برف,074187,6
31498,2558,یوسف آباد,074198,6
31499,2558,پاسگاه گردنه فسا,078349,6
31500,2558,تخته سنگ,265605,6
31501,2558,چاه انجیر,265608,6
31502,2558,شهرک احمدیه,265609,6
31503,2558,هفت چاه زنگو,265610,6
31504,2558,یورد تل جنبلی,265611,6
31505,2558,یورد دشت زلزله,265612,6
31506,2558,مومن آباد,370290,6
31507,2558,بنکوی شعبانی,370293,6
31508,2558,تلمبه فخرایی,370295,6
31509,2558,برج خان کرم,370299,6
31510,2558,شرکت تعاونی پروار سپیدار جهرم,374033,6
31511,2558,شهرک صنعتی,374034,6
31512,2558,تلمبه حاجی ممتاز,374035,6
31513,2558,شرکت تیرداد جهرم,807850,6
31514,2558,مرغداری طیور جهرم,807851,6
31515,2558,تلمبه فردیان,807852,6
31516,2558,دشت مخک,807853,6
31517,2558,مرغداری برومند,807854,6
31518,2558,مرغداری رحمانیان,807855,6
31519,2558,مزارع گلدامچه,807856,6
31520,2558,حاجی آباد,807857,6
31521,2558,مرغداری آشیان,807858,6
31522,2558,تلمبه چاه زرین,807859,6
31523,2558,مرغداری جهرم طیور,807860,6
31524,2558,مجتمع گوساله پرواری,807862,6
31525,2558,بوستان غدیر,807863,6
31526,2558,پمپ بنزین,807864,6
31527,2558,ذرت خشک کنی,807865,6
31528,2558,کشتارگاه مرغ اکبری,807866,6
31529,2558,گاوداری خلیلی,807867,6
31530,2558,نیروگاه سیکل ترکیبی جهرم,807868,6
31531,2558,مزارع شخصی جانبازان,807869,6
31532,2558,مرغداری عسگری نژاد,807870,6
31533,2558,مرغداری هدهد,807877,6
31534,2559,مرغداری پرنال صمیمی,074180,6
31535,2559,آب تلخو,074270,6
31536,2559,آب شیرین,074271,6
31537,2559,اقبال آباد,074274,6
31538,2559,اکبرآباد,074275,6
31539,2559,باغات جلگه,074278,6
31540,2559,باغ عوض,074282,6
31541,2559,باغ کنگنو,074283,6
31542,2559,تقی آباد,074288,6
31543,2559,تل حیدری,074289,6
31544,2559,تلخ آب,074290,6
31545,2559,تلمبه واگذاری اصفهانی,074291,6
31546,2559,تنگ اهل دونه,074292,6
31547,2559,تنگ به دانه,074293,6
31548,2559,جامغان,074294,6
31549,2559,جدید,074295,6
31550,2559,جویان,074296,6
31551,2559,چم سبز,074298,6
31552,2559,حاجی آباد,074299,6
31553,2559,حسین آباد قبله,074301,6
31554,2559,حنا,074302,6
31555,2559,دوبندمانیان,074309,6
31556,2559,دولت آباد,074312,6
31557,2559,سه چاه,074314,6
31558,2559,سیستان سفلی,074315,6
31559,2559,سیستان علیا,074316,6
31560,2559,شمس آباد,074318,6
31561,2559,شیرحبیب,074319,6
31562,2559,صادق آباد,074320,6
31563,2559,فرودگاه جهرم,074321,6
31564,2559,قلعه نو,074322,6
31565,2559,مانیان,074325,6
31566,2559,محمدآباد,074326,6
31567,2559,مقصودآباد,074329,6
31568,2559,یرج,074331,6
31569,2559,بست باغ,074457,6
31570,2559,پراهو,074458,6
31571,2559,تنگ فراخ,074459,6
31572,2559,چشمه شیرین,074460,6
31573,2559,خوش آب,074461,6
31574,2559,قلات,074462,6
31575,2559,کناردان,074463,6
31576,2559,ملک ملک,074464,6
31577,2559,میرچاکی,074465,6
31578,2559,باغ گراگر,081488,6
31579,2559,داربس,081506,6
31580,2559,چاه تلخ,081581,6
31581,2559,چاه کربلایی حسن خانی,081585,6
31582,2559,دهول,081587,6
31583,2559,دیده نو,081588,6
31584,2559,رستمی,081589,6
31585,2559,بنکوی بهروز سعیدی/ بنکوی فرامرز عبدی,081599,6
31586,2559,موردی,081604,6
31587,2559,نظام آباد جدید,265619,6
31588,2559,سه دره,370330,6
31589,2559,باغ تی چنگ,370333,6
31590,2559,خسروآباد,370338,6
31591,2559,سکده,372001,6
31592,2559,شیردانه,372002,6
31593,2559,گلونار,372003,6
31594,2559,آبدان,372004,6
31595,2559,خشک کنه,372005,6
31596,2559,دوغاره ای,372006,6
31597,2559,تلمبه کریم صادقی,372114,6
31598,2559,نظرآباد,372119,6
31599,2559,چاکشتری,372124,6
31600,2559,حسین آباد,372483,6
31601,2559,شاهزاده ابراهیم,372570,6
31602,2559,مزرعه کشه تنقور,372571,6
31603,2559,باغ تفریحی,372572,6
31604,2559,باغ شکر حسین حاتمی,372573,6
31605,2559,کوره گچ جهرم,372574,6
31606,2559,گله داری 888 جهرم,372575,6
31607,2559,گله داری جلال صادقی,372578,6
31608,2559,پرزازو,372579,6
31609,2559,پازنویه,372580,6
31610,2559,حسن آباد,372585,6
31611,2559,دوتو سیاه,372588,6
31612,2559,گلو سرخ,372589,6
31613,2559,بیشه زرد,372590,6
31614,2559,برمه توه,372592,6
31615,2559,برمه خونی,372593,6
31616,2559,تل سوری,372594,6
31617,2559,خرزهره دان,372925,6
31618,2559,کارگاه شن و ماسه 7000,373219,6
31619,2559,دباغی نعمتی,373473,6
31620,2559,منازل مسکونی تیپ المهدی,373474,6
31621,2559,شرکت پارس نارنگ,373475,6
31622,2559,مرغداری 7000,373640,6
31623,2559,شرکت کاورا,374028,6
31624,2559,باغ امیرحسین رحیم خانی,374037,6
31625,2559,محمدآباد,707048,6
31626,2559,گود ظهرو,807011,6
31627,2559,رشیدآباد,807031,6
31628,2559,شرکت مهندسی آرمه تاب,807814,6
31629,2559,چهارقبرستان,807815,6
31630,2559,باغ حسن آباد,807816,6
31631,2559,دوغاره,807817,6
31632,2559,گردنه خماریگی,807818,6
31633,2559,شرکت مرغ محمود رحمانیان,807819,6
31634,2559,دامداری ملک آباد,807820,6
31635,2559,شرکت فرانیرو,807821,6
31636,2559,دانشگاه آزاد جهرم,807824,6
31637,2559,شرکت گاز جهرم,807825,6
31638,2559,شرکت شیرین نخل جهرم (صنایع بسته بندی خرما),807826,6
31639,2559,شرکت آجر قناقیان,807827,6
31640,2559,گاراج قناقیان,807828,6
31641,2559,گاوداری تی چنگ,807829,6
31642,2559,مرکز اورژانس 115 جهرم,807830,6
31643,2559,شرکت نخل سبز جهرم,807831,6
31644,2559,شرکت آرد سفید جهرم,807832,6
31645,2559,آموزش فنی و حرفه ای جهرم,807833,6
31646,2559,باغ خلیل رحمانی,807834,6
31647,2559,زندان جهرم,807835,6
31648,2559,مرغداری نمونه,807836,6
31649,2559,مرغداری ابوطالب,807837,6
31650,2559,گاوداری آرمند,807838,6
31651,2559,گاوداری دستغیب,807878,6
31652,2559,گاوداری جلوه گر,807879,6
31653,2559,گاوداری مصلی نژاد,807880,6
31654,2559,باغ حکیم زاده,807983,6
31655,2559,ستگ شکن شهرداری,807984,6
31656,2559,کارگاه شن و ماسه جهاد,807985,6
31657,2559,پست شرکت توانیر,907488,6
31658,2559,کروک مانیان,907527,6
31659,2559,قلعه نرگسی,907531,6
31660,2559,کروک شمالی,907543,6
31661,2560,چاهو,074154,6
31662,2560,چشو,074157,6
31663,2560,تشک,074162,6
31664,2560,گچ بر بالا,074175,6
31665,2560,گچ بر پایین,074176,6
31666,2560,موردک,074191,6
31667,2560,آب انجیر,074394,6
31668,2560,آب باغ,074395,6
31669,2560,اوک پایین,074397,6
31670,2560,آهنگران,074398,6
31671,2560,بردبیشه,074399,6
31672,2560,بس کوتوکو,074400,6
31673,2560,تل گچی,074401,6
31674,2560,چاه تیز,074402,6
31675,2560,چاه انجیر,074403,6
31676,2560,چاه کلاله,074404,6
31677,2560,حلق کهکوهی,074406,6
31678,2560,خرم آباد,074408,6
31679,2560,رنجکو,074409,6
31680,2560,دودر,074410,6
31681,2560,زرگ,074411,6
31682,2560,سروو,074412,6
31683,2560,سوفیون,074413,6
31684,2560,سه چاه,074414,6
31685,2560,گلو براق,074418,6
31686,2560,گلو پلنگی,074419,6
31687,2560,گلو خرزهره,074420,6
31688,2560,گلی گردو,074421,6
31689,2560,مروی,074422,6
31690,2560,منار,074424,6
31691,2560,رحمت آباد,081513,6
31692,2560,خادر,370305,6
31693,2560,آوک,370306,6
31694,2560,داربست,370307,6
31695,2560,کوه خری,370308,6
31696,2560,علی آباد نصیرخانی,370317,6
31697,2560,چاه گندو,372007,6
31698,2560,شاه حسینی,372159,6
31699,2560,کمپ تیپ المهدی,373638,6
31700,2560,حسن خانی,373639,6
31701,2560,بیدکو,707003,6
31702,2561,احشام کهنه,075115,6
31703,2561,اکبرآباد,075117,6
31704,2561,مزرعه اکبری,075118,6
31705,2561,بادامه,075120,6
31706,2561,بارگان,075123,6
31707,2561,بیشه سرخون,075124,6
31708,2561,مزرعه رنجبر,075132,6
31709,2561,تلمبه میرزایی,075134,6
31710,2561,بی کندا,075137,6
31711,2561,چاه ماهی,075138,6
31712,2561,چهارده,075139,6
31713,2561,حسین خانی,075140,6
31714,2561,دشت میل سفلی,075141,6
31715,2561,دشت میل علیا,075142,6
31716,2561,رباط خون گزار,075143,6
31717,2561,سرتنگ بالا,075145,6
31718,2561,سرتنگ پایین,075146,6
31719,2561,شهابی,075150,6
31720,2561,جعفرآباد,075151,6
31721,2561,مزرعه عبدالحسین قبادی,075152,6
31722,2561,کاظم آباد,075155,6
31723,2561,مزرعه کرمشاه کرمی,075156,6
31724,2561,کهتکان,075157,6
31725,2561,گرموشا,075158,6
31726,2561,مزرعه گورکی,075159,6
31727,2561,مزرعه گورکی ملک زاده,075160,6
31728,2561,مزرعه محمد قبادی,075162,6
31729,2561,مرزو,075163,6
31730,2561,نظام آباد,075164,6
31731,2561,هپان,075166,6
31732,2561,همت,075167,6
31733,2561,تل سلیمانی,075170,6
31734,2561,خشم علیا,075639,6
31735,2561,لایزنگان,075676,6
31736,2561,تلمبه یزدان پرست,371020,6
31737,2561,مزرعه احشام ملایی,371022,6
31738,2561,آب کهرو,371023,6
31739,2561,پوره اسلح,371024,6
31740,2561,باغ کهر,371025,6
31741,2561,قرقوس,371026,6
31742,2561,چاه موسی,371027,6
31743,2561,تاوی,371028,6
31744,2561,قلات کفتاری,371030,6
31745,2561,تلمبه محمدرضا کشاورز,371033,6
31746,2561,تلمبه علی کشاورز,371034,6
31747,2561,تلمبه صابری,371035,6
31748,2561,دهنو,372618,6
31749,2561,مزرعه اسماعیل اسماعیلی,372619,6
31750,2561,ملایی,372620,6
31751,2561,مزرعه خلیل سرفراز,372621,6
31752,2561,کارخانه گلاب گیری,373355,6
31753,2561,منوچهری,373388,6
31754,2561,شهرک ولیعصر,373467,6
31755,2561,شرکت شنگ شکن رستاق,373779,6
31756,2561,رشیدآباد,373782,6
31757,2561,دو شاخ,373783,6
31758,2561,پمپ بنزین پایدار,373784,6
31759,2561,بلوک زنی صداقت,373785,6
31760,2561,مجتمع دامپروری کوثر,373970,6
31761,2561,غاش بادامی,807041,6
31762,2561,مزرعه علیرضا زارع,807915,6
31763,2561,مزرعه علی کوهی,807916,6
31764,2561,مزرعه گود مهکی,807917,6
31765,2561,گله دانی های منطقه پوره,807918,6
31766,2561,کارگاه تیرچه و بلوک,807919,6
31767,2561,مزرعه دهقانی,807920,6
31768,2561,مزرعه محمدحسین برفی,807921,6
31769,2561,پروژه برق رسانی منطقه فورگ,807922,6
31770,2561,مزارع چاه ماهی,807923,6
31771,2561,مزرعه اسماعیلی و شرکاء,807924,6
31772,2561,کارخانه گلاب گیری,807925,6
31773,2561,گاوداری حسینی,807926,6
31774,2561,مزرعه ملک زاده,807927,6
31775,2561,غرناک,907520,6
31776,2561,تل لاکی,907539,6
31777,2562,آب انجیر,075574,6
31778,2562,ابله ای,075577,6
31779,2562,استخر,075579,6
31780,2562,اشکفت سیاه,075582,6
31781,2562,امامزاده حسن,075584,6
31782,2562,بازرگان,075585,6
31783,2562,باغ ملا,075586,6
31784,2562,بقوری,075588,6
31785,2562,بکر,075589,6
31786,2562,بوزار,075590,6
31787,2562,بهادرآباد,075592,6
31788,2562,تعویق,075598,6
31789,2562,تل بارگاه,075599,6
31790,2562,توکل آباد,075602,6
31791,2562,تی آب,075604,6
31792,2562,جلال آباد,075606,6
31793,2562,چاه بادامه,075607,6
31794,2562,چاه دزدان,075611,6
31795,2562,چاه کنده,075615,6
31796,2562,چاه کندر,075616,6
31797,2562,چاه گونی,075618,6
31798,2562,چاه موری,075620,6
31799,2562,چاه میش,075621,6
31800,2562,چاه نو,075623,6
31801,2562,چاه نو,075624,6
31802,2562,چراغ آباد,075625,6
31803,2562,چلپو,075627,6
31804,2562,چنار,075629,6
31805,2562,مزرعه حاج خانی,075630,6
31806,2562,حسین آباد جدید,075632,6
31807,2562,حسین آباد,075633,6
31808,2562,حسین حاجی,075634,6
31809,2562,بناب,075637,6
31810,2562,دق آهو,075642,6
31811,2562,دمکن,075643,6
31812,2562,ده بالا/ده ملکو,075647,6
31813,2562,رزک,075649,6
31814,2562,سبزویه,075651,6
31815,2562,سرگدار,075652,6
31816,2562,سنگ سفید,075653,6
31817,2562,سنگر آب میانی,075654,6
31818,2562,سهلک,075655,6
31819,2562,سینه عسل,075657,6
31820,2562,قلعه سنگ,075661,6
31821,2562,بنکوی عشایر کل چاه,075665,6
31822,2562,کهنه بید,075670,6
31823,2562,کهنه سرخ,075671,6
31824,2562,گلی کوه,075673,6
31825,2562,گود تیل,075674,6
31826,2562,لای گردولر,075679,6
31827,2562,مارون,075680,6
31828,2562,ما سالاری/تیاب,075681,6
31829,2562,مزرعه حاج عزیز,075685,6
31830,2562,مزرعه محمدحسین حسنی,075690,6
31831,2562,ملک آباد,075693,6
31832,2562,ملاحسنی,075694,6
31833,2562,میان گود,075695,6
31834,2562,نارکوه,075697,6
31835,2562,نصرآباد,075698,6
31836,2562,نهرحسن,075700,6
31837,2562,ولو,075702,6
31838,2562,چاه مغو,370963,6
31839,2562,بنکوی عشایر دهنه قلعه ها,370964,6
31840,2562,پیچکوه,370966,6
31841,2562,گورخر,370978,6
31842,2562,چشمه زرد,370979,6
31843,2562,اوباد,372626,6
31844,2562,شهرک ایثار,372629,6
31845,2562,موردستان,372632,6
31846,2562,چاه شور,372633,6
31847,2562,خیرآباد,373363,6
31848,2562,سلبویه,373364,6
31849,2562,دودهان,373365,6
31850,2562,آب کبک,373773,6
31851,2562,قلات گدار بنه,373774,6
31852,2562,منصورآباد,373775,6
31853,2562,چاه فرگی,373989,6
31854,2562,بنه دری,373990,6
31855,2562,شهرک بازرگان,373992,6
31856,2562,باغ کرچونی,373993,6
31857,2562,مزرعه چاه دزدان,807039,6
31858,2562,حسین آباد کت چاری,807040,6
31859,2562,دشت سلطان آباد 1,807976,6
31860,2562,دشت سلطان آباد 2,907500,6
31861,2562,بناب 2,907530,6
31862,2563,آب جهان,074743,6
31863,2563,آب گرم,074744,6
31864,2563,آب مورد,074745,6
31865,2563,آب انارک,074746,6
31866,2563,اندر,074747,6
31867,2563,ایج آب,074748,6
31868,2563,ایستگاه اندازه گیری آب,074749,6
31869,2563,باغ طیب زاده,074753,6
31870,2563,باغ شمالی/باغ شول,074754,6
31871,2563,برکم,074757,6
31872,2563,بیجوه,074758,6
31873,2563,پنج چاه,074759,6
31874,2563,تنگ کتویه,074760,6
31875,2563,دم توه ای,074761,6
31876,2563,سحرو,074762,6
31877,2563,سمیلو/سمیلیو,074763,6
31878,2563,سنگ چارک,074764,6
31879,2563,گلوبید,074766,6
31880,2563,مرزو,074767,6
31881,2563,پردولی,074768,6
31882,2563,باغ عندلیبی و شرکاء,074882,6
31883,2563,شهرک فتح المبین,074911,6
31884,2563,قلعه جوی,074918,6
31885,2563,گوزان,074935,6
31886,2563,مزرعه گشنه زار,074940,6
31887,2563,نیدشهر,074943,6
31888,2563,بهاء الدینی/بادینی,075591,6
31889,2563,بید بابایی,075593,6
31890,2563,بیدکی,075594,6
31891,2563,تبدو,075597,6
31892,2563,مروارید,075628,6
31893,2563,حسین آباد شکرویه,075631,6
31894,2563,ده کمال,075646,6
31895,2563,سهمیانی,075656,6
31896,2563,شکرو,075658,6
31897,2563,علیقلی/اله قلی,075659,6
31898,2563,گل زاغ,075666,6
31899,2563,کندر,075667,6
31900,2563,کره بش,075668,6
31901,2563,لای تخت,075677,6
31902,2563,لای گردو,075678,6
31903,2563,مزرعه آب,075682,6
31904,2563,معدن نو,075692,6
31905,2563,یرد انجیر,075704,6
31906,2563,یرد جمال,075705,6
31907,2563,باغ افروز,371012,6
31908,2563,باغ آب جوان,371013,6
31909,2563,انارو/آب مردو,372280,6
31910,2563,بیشه لایزنگان,372302,6
31911,2563,گرشکوه,372303,6
31912,2563,کارخانه آسفالت شهرداری,373622,6
31913,2563,شهرک سید الشهدا,373777,6
31914,2563,سفره پهن کن,373994,6
31915,2563,ماسه شویی شهرداری,807881,6
31916,2563,گاوداری نجفی,807882,6
31917,2563,مهدی شهر,807883,6
31918,2563,مجموعه مزارع دره شهر,807884,6
31919,2563,مزرعه حاج محمود سینی,807885,6
31920,2563,پارک جنگلی,807886,6
31921,2563,ماسه شویی نیمرخ,807887,6
31922,2563,منطقه پرد دشتی,807888,6
31923,2563,منطقه چاه بید,807889,6
31924,2564,اسلام آباد غنی,074871,6
31925,2564,برگان,074883,6
31926,2564,شش لوکه,074909,6
31927,2564,عطابخش غنی,074914,6
31928,2564,فرودگاه داراب,074916,6
31929,2564,اسلام آباد,075223,6
31930,2564,ایستگاه بختاجرد,075224,6
31931,2564,باغ حاجی ترابی,075225,6
31932,2564,بختاجرد,075228,6
31933,2564,برآب,075229,6
31934,2564,تلمبه اصغر حسینی,075231,6
31935,2564,تلمبه سید غلام حسینی و شرکاء,075232,6
31936,2564,تلمبه فرامرز اجرا و شرکاء,075234,6
31937,2564,پمپ کوشش,075235,6
31938,2564,تلمبه کی منش,075238,6
31939,2564,تیزاب,075240,6
31940,2564,چهارطاق,075241,6
31941,2564,حفره سیاه,075243,6
31942,2564,دهکستان,075244,6
31943,2564,شمس آباد,075245,6
31944,2564,کر سیاه,075246,6
31945,2564,گله داری محمدحسن قاسمی,075248,6
31946,2564,کوه نمک,370957,6
31947,2564,تلمبه محمدحسین بهارلو,371001,6
31948,2564,تلمبه احمدلو,371004,6
31949,2564,حسن آباد,371005,6
31950,2564,گله داری میرزا رستگاری,372649,6
31951,2564,تلمبه محمد نظری و شرکاء,373361,6
31952,2564,تلمبه صفر نظری و شرکاء,373362,6
31953,2564,شرکت داراب کویه,807890,6
31954,2564,شرکت قندگستر داراب,807891,6
31955,2564,دامداری حاج بهرام ساویز,807892,6
31956,2564,کارگاههای صنعتی بختارود,807893,6
31957,2564,دامداری حیدری,807894,6
31958,2564,دامداری عباس فرهادی,807895,6
31959,2564,مجموعه تلمبه های حفره سیاه,807896,6
31960,2564,مجموعه تلمبه های کرسیاه,807897,6
31961,2564,دامداری برومند,807898,6
31962,2564,گاوداری حسین تقوی,807899,6
31963,2564,ذرت خشک کنی فرجی,807900,6
31964,2564,منازل مسکونی غلام فرهادی,807980,6
31965,2565,بیزدان,074886,6
31966,2565,جوزجان,074900,6
31967,2565,حسن آباد پدم,074901,6
31968,2565,خروسلو,074902,6
31969,2565,کوره آجر بنیاد مسکن,074923,6
31970,2565,هیربدان,074944,6
31971,2565,نصروان,075250,6
31972,2565,پمپ حاج احمد پاسالاری,075286,6
31973,2565,چاه بید,075303,6
31974,2565,حسن آباد,075306,6
31975,2565,درنگانه,075309,6
31976,2565,دولت آباد,075311,6
31977,2565,شاه زندان ( اسماعیل آباد ),075318,6
31978,2565,فیض آباد,075323,6
31979,2565,بهادران,371106,6
31980,2565,تلمبه هوشنگ ارجمند,371117,6
31981,2565,تلمبه شهباز رحیمی,372664,6
31982,2565,چشمه شاه زندان,372666,6
31983,2565,شرکت سنگ نما,372668,6
31984,2565,کارگاه شن و ماسه گودرزی منش,373471,6
31985,2565,دشت الله,373620,6
31986,2565,پلیس راه داراب,373768,6
31987,2565,ایستگاه مخابراتی,373974,6
31988,2565,ایستگاه 230/66 کیلو ولت داراب,373976,6
31989,2565,دامداری هشیوار,373978,6
31990,2565,پاسگاه انتظامی دولت آباد,373979,6
31991,2565,ایستگاه پمپاژ گاز,807977,6
31992,2565,تلمبه های خرسلویه,807978,6
31993,2565,مزرعه ابراهیم بذمی,807979,6
31994,2565,مرغداری سحر داراب,807981,6
31995,2565,پمپ بنزین غلامی,807982,6
31996,2565,دامداری حاج ابراهیم,807987,6
31997,2565,پمپ رضا قلی بادبان,907000,6
31998,2565,گاوداری علیرضا جوکار,907001,6
31999,2565,شرکت داراب ذرت,907002,6
32000,2565,فرستنده رادیویی صدا و سیمای داراب,907003,6
32001,2565,گاوداری حسنی,907004,6
32002,2565,چاه آب آشامیدنی آبفا روستای بیزدان,907005,6
32003,2565,دامداری منوچهر باقری,907006,6
32004,2565,کارخانه گچ سپید,907007,6
32005,2565,دامداری احمدی,907008,6
32006,2565,ایستگاه برق 230/66 کیلووات داراب آسفالت,907009,6
32007,2565,شرکت سمابار آسفالت,907010,6
32008,2566,اکبرآباد,074872,6
32009,2566,باغ پوردستان,074873,6
32010,2566,باغ علی فیضی,074880,6
32011,2566,بیاده,074885,6
32012,2566,پدم,074887,6
32013,2566,پیرمراد,074889,6
32014,2566,تلمبه علی اکبر بحرانی,074892,6
32015,2566,تلمبه فتح اله فتحی و شرکاء,074893,6
32016,2566,تلمبه قباد خسروانی و شرکاء,074894,6
32017,2566,تلمبه قربانعلی رستمی,074895,6
32018,2566,تلمبه منصور سرافراز,074897,6
32019,2566,تلمبه یوسف کمالی,074898,6
32020,2566,جمسی,074899,6
32021,2566,ده کویه,074905,6
32022,2566,زرگران,074906,6
32023,2566,شریک آباد,074908,6
32024,2566,شهنان,074912,6
32025,2566,شیخ آباد,074913,6
32026,2566,علی آباد آذرگون,074915,6
32027,2566,قدمگاه علی,074917,6
32028,2566,قلعه نو,074920,6
32029,2566,کاظم آباد,074921,6
32030,2566,کریملو,074922,6
32031,2566,گراشکان,074930,6
32032,2566,گله دانی علی آقا فرجی,074932,6
32033,2566,محمدآباد,074936,6
32034,2566,مرغداری جهادسازندگی داراب,074938,6
32035,2566,مزرعه ابوالقاسم سرفراز,074939,6
32036,2566,آبشیب,075845,6
32037,2566,تلمبه همتی,075858,6
32038,2566,خنگاب,075862,6
32039,2566,دشت بند,075865,6
32040,2566,دنگان,075867,6
32041,2566,زیارتگاه ابراهیم,075868,6
32042,2566,سیاهان,075870,6
32043,2566,کنار حاجی شکاری,075872,6
32044,2566,گرمکن,075877,6
32045,2566,ماریان,075879,6
32046,2566,قلعه دهپا,371127,6
32047,2566,کوره آهک عسکر رستمی,371128,6
32048,2566,بانوج,372311,6
32049,2566,تلمبه الیاس خرم و شرکاء,373286,6
32050,2566,تلمبه جمعه شهیدی,373287,6
32051,2566,شهرک ثارالله,373359,6
32052,2566,گله داری هاشم ابراهیمی,373986,6
32053,2566,گله داری غلام زرین,373988,6
32054,2566,دبیران,807043,6
32055,2566,دوبان,807052,6
32056,2566,پست برق دادین,807105,6
32057,2566,کارگاههای صنعتی دوبان,907011,6
32058,2566,شرکت دامداران داراب,907012,6
32059,2566,مزرعه ابوالقاسم سرافراز,907013,6
32060,2566,کارگاههای صنعتی بین راهی,907014,6
32061,2566,کشتارگاه شهرداری داراب,907015,6
32062,2566,زندان شهرستان داراب,907016,6
32063,2566,مراکز صنعتی و رفاهی بین راهی,907018,6
32064,2566,تیرچه و بلوک ساروج,907019,6
32065,2566,قلعه دارابگرد,907020,6
32066,2566,گاوداری رضایی,907021,6
32067,2566,ذرت خشک کنی بیگی,907022,6
32068,2566,مزرعه خوشحال,907023,6
32069,2566,مزرعه کشت و صنعت هاشم ابراهیمی,907024,6
32070,2566,بلوکهای صنعتی بین راهی,907025,6
32071,2566,دامداری جوکار,907026,6
32072,2566,گاوداری محمدی,907027,6
32073,2566,کارگاه بلوک زنی غلامی,907029,6
32074,2567,بستان,074501,6
32075,2567,بن کویه,074502,6
32076,2567,پابرکه,074503,6
32077,2567,تلمبه شیخ اله مراد,074504,6
32078,2567,دشت کنار,074505,6
32079,2567,دنگزیر,074506,6
32080,2567,سید صالح,074507,6
32081,2567,شم گور,074508,6
32082,2567,قلاتویه,074511,6
32083,2567,مرادآباد,074513,6
32084,2567,مرز,074514,6
32085,2567,مهرآباد,074516,6
32086,2567,مزرعه تلخاب,074625,6
32087,2567,مزرعه چهار چشمه بالا,074627,6
32088,2567,چهارنیک,371241,6
32089,2567,تلمبه مراد رمضانی,372611,6
32090,2567,چهار چشمه پایین,372612,6
32091,2567,مزرعه کچه چرم,372613,6
32092,2567,شهرک بستان,373983,6
32093,2568,آب برده,075407,6
32094,2568,احمدآباد/حسن آباد,075408,6
32095,2568,اکبرآباد,075409,6
32096,2568,باغ بیدویه,075410,6
32097,2568,بخش کار,075411,6
32098,2568,تیرومه,075412,6
32099,2568,جعفرآباد/لودکوه,075413,6
32100,2568,چهاربیشه,075414,6
32101,2568,حاجی آباد,075415,6
32102,2568,حسین آباد,075416,6
32103,2568,زینل آباد,075418,6
32104,2568,سده,075419,6
32105,2568,سیدآباد,075420,6
32106,2568,شاه ابوذکریا,075421,6
32107,2568,شاه مرز (سده ),075422,6
32108,2568,حجت آباد کاسه رود,075423,6
32109,2568,شیخ درزی,075424,6
32110,2568,طاهونه/کرکریه,075425,6
32111,2568,فسارود,075427,6
32112,2568,قلعه نو,075428,6
32113,2568,کورکدون,075429,6
32114,2568,کهنویه,075430,6
32115,2568,محمدآباد,075432,6
32116,2568,مظفرآباد,075433,6
32117,2568,ملک آباد,075434,6
32118,2568,ملک ابراهیمی,075435,6
32119,2568,نصرت/نصرت آباد,075436,6
32120,2568,نصیرآباد,075437,6
32121,2568,آسیاب,075581,6
32122,2568,کاسه رود,075663,6
32123,2568,آبگرم,371088,6
32124,2568,شهرک ملک آباد,373479,6
32125,2568,شهرک شهید رجایی,373981,6
32126,2568,گاوداری غلامپور,807941,6
32127,2568,مزارع ملک آباد,807942,6
32128,2568,پاسگاه قعله نو,807943,6
32129,2568,جهاد کشاورزی بخش فورگ,807944,6
32130,2568,شرکت تعاونی چاه داران,807945,6
32131,2568,رستوران بین راهی,807946,6
32132,2569,بن دشت,075475,6
32133,2569,باقری,075476,6
32134,2569,تلمبه حسین انصاری,075479,6
32135,2569,تلمبه حسین حسینی,075480,6
32136,2569,درگویه,075483,6
32137,2569,دشتی آباد,075484,6
32138,2569,ده دشتی,075487,6
32139,2569,ده رییسی,075488,6
32140,2569,ده محمد حسینی/ده کمال,075489,6
32141,2569,دهنو,075490,6
32142,2569,تلمبه رحمت اله حسینی,075491,6
32143,2569,سه چی,075494,6
32144,2569,تلمبه معصوم حسینی,075495,6
32145,2569,تلمبه حاجی قاسم کشاورز,075497,6
32146,2569,تلمبه عبداله حسینی,075498,6
32147,2569,علی آباد,075500,6
32148,2569,فتح آباد,075501,6
32149,2569,قلعه بیابان,075503,6
32150,2569,گرشکویه,075504,6
32151,2569,کلاغی,075505,6
32152,2569,کهنه سفید,075508,6
32153,2569,گچکو/شکرآباد,075509,6
32154,2569,محمدآباد,075510,6
32155,2569,مریدون,075511,6
32156,2569,موردیه,075517,6
32157,2569,نارک,075518,6
32158,2569,آب انار,075571,6
32159,2569,آب بادام,075575,6
32160,2569,آبگردو,075576,6
32161,2569,جایرد,075605,6
32162,2569,چاه کل بره ای,075614,6
32163,2569,حشمت,075635,6
32164,2569,بزرکم بنار,075650,6
32165,2569,مزرعه آب,075683,6
32166,2569,نوایگان/نودایجان,075699,6
32167,2569,سیل بند,075796,6
32168,2569,مزرعه محمدعلی انصاری,371036,6
32169,2569,مزرعه غلامرضا انصاری,371037,6
32170,2569,تلمبه خردمند,371038,6
32171,2569,یوسف علی خواه,371039,6
32172,2569,امیرحسین وزیری,371040,6
32173,2569,شهرک غدیر نوایگان,373769,6
32174,2569,شهرک شهدای عشایر,373770,6
32175,2569,گاوداری رحمانی,373971,6
32176,2569,دامداری سعادت,373972,6
32177,2569,بام بلند,373973,6
32178,2569,شهرک بیخ و بنگل,707020,6
32179,2569,منطقه شکاری,807963,6
32180,2569,تنگ طاها,807964,6
32181,2569,گاوداری منصور انصاری,807965,6
32182,2569,ایستگاه مخابراتی,807966,6
32183,2569,گاوداری جباری,807967,6
32184,2569,منطقه برکه,807968,6
32185,2569,تنگ شهرابی,807969,6
32186,2569,دامداری همت سرافراز,807970,6
32187,2569,پشت قلعه,807971,6
32188,2569,مجتمع دامداریهای شهرک غدیر,807972,6
32189,2569,شرکت تعاونی تولیدی سیمرغ داراب,807973,6
32190,2569,مجتمع دامداریهای شهرک شهدا,807974,6
32191,2569,مرغداری صادق صحرایی,807975,6
32192,2570,آبکویه,075471,6
32193,2570,اسلام آباد,075473,6
32194,2570,اسکرویه,075474,6
32195,2570,حسین آباد,075478,6
32196,2570,ده خیر سفلی,075486,6
32197,2570,رمبه,075492,6
32198,2570,کارگاه شن و ماسه اداره راه,075515,6
32199,2570,ملک آباد,075516,6
32200,2570,پادگان قدس,075851,6
32201,2570,خیرآباد,075863,6
32202,2570,زین آباد سنگی,075869,6
32203,2570,کوره آهک رضا نصر,075874,6
32204,2570,کوه سفید,075876,6
32205,2570,گزگاوبان,075878,6
32206,2570,کارخانه سنگ شکن وزارت راه,371211,6
32207,2570,رکن آباد,371219,6
32208,2570,سرخویه,371222,6
32209,2570,غربیه,371223,6
32210,2570,بهروزآباد,371229,6
32211,2570,اردوگاه تربیتی,372661,6
32212,2570,اداره کشاورزی,372662,6
32213,2570,باغ حسن سلامی,373358,6
32214,2570,مرغداری امین,373980,6
32215,2570,ذرت خشک کنی الیاس فانی,807947,6
32216,2570,تیرچه و بلوک دولتخواه,807948,6
32217,2570,مزرعه دهقان,807949,6
32218,2570,دامداری اکبری,807950,6
32219,2570,دامداری احمد کشاورز,807951,6
32220,2570,مرغداری حاج حسین صابری پور,807952,6
32221,2570,گاوداری خلیل خادمی,807953,6
32222,2570,دامداری عبدالحسین خادمی,807954,6
32223,2570,مجموعه دامداری,807955,6
32224,2570,ذرت خشک کنی کیمیا,807956,6
32225,2570,تیرچه و بلوک زنی آرمین,807957,6
32226,2570,گاوداری صفایی,807958,6
32227,2570,مزارع بهرام پور,807959,6
32228,2570,شرکت درنا طیور,807960,6
32229,2570,مجتمع قالی شویی آبشار,807961,6
32230,2570,مجموعه تلمبه های عرب عابدی,807962,6
32231,2570,مسجد سنگی,907031,6
32232,2570,شرکت برق داراب,907032,6
32233,2570,مزرعه سلخویه,907033,6
32234,2570,ایستگاه,907495,6
32235,2570,چاله گرازی,907549,6
32236,2571,بریسکان,075283,6
32237,2571,بیخه دراز,075291,6
32238,2571,تلمبه جمالی,075293,6
32239,2571,پمپ محمد بیک,075294,6
32240,2571,تلمبه حسین بیک شاهرخی,075296,6
32241,2571,غیاثی,075301,6
32242,2571,دشت پیرغیب,075310,6
32243,2571,سعادت آباد,075315,6
32244,2571,سلطان آباد,075317,6
32245,2571,صدرآباد,075320,6
32246,2571,گودشانه سفلی,075329,6
32247,2571,مادوان,075331,6
32248,2571,مهدی آباد,075337,6
32249,2571,مهرآباد مزیدی,075338,6
32250,2571,نظرآباد,075340,6
32251,2571,اعراب قنبری,371185,6
32252,2571,مزرعه محمد مزیدی,372164,6
32253,2571,شهرک فجر,372167,6
32254,2571,تلمبه ناصر رسولی,372650,6
32255,2571,مزرعه یداله جعفری,372651,6
32256,2571,مزرعه پنجعلی کریمی,372652,6
32257,2571,پمپ ولی محمد,372653,6
32258,2571,تلمبه کمالی,372654,6
32259,2571,مزرعه حاجی منوچهر شاهرخی,372655,6
32260,2571,تلمبه علیرضا بهارلو,372656,6
32261,2571,مزرعه کاکابیک شاهرخی,372657,6
32262,2571,پمپ معصومی,372658,6
32263,2571,تلمبه غلام حسین خان معصومی,372659,6
32264,2571,تلمبه حاج میرزا شاهرخی,373205,6
32265,2571,تلمبه کاووس شاهرخی,373206,6
32266,2571,پمپ عزیز شاهرخی,373288,6
32267,2571,مزرعه غلام حسین خان معصومی,373390,6
32268,2571,کارخانه سیمان,373468,6
32269,2571,چک گلابی,373984,6
32270,2571,بلوک های مسکونی قهرمانی,807928,6
32271,2571,مزارع کشاورزی شهرک فجر,807929,6
32272,2571,مزرعه ابراهیم شاهرخ,807930,6
32273,2571,مزارع کشاورزی دشت پیرغیب,807931,6
32274,2571,واحدهای مسکونی روستای دشت پیرغیب,807932,6
32275,2571,باغ دکتر مهارلو,807933,6
32276,2571,مزارع حاجی جعفری,807934,6
32277,2571,پمپ محمد حسینی بهارلو,807935,6
32278,2571,گودشانه علیا,807936,6
32279,2571,شهرک گود شانه نو,807937,6
32280,2571,مجتمع تاسیساتی و منبع آبفا خاکی,807938,6
32281,2571,کارخانه پنبه پارس,807939,6
32282,2571,باربری حامدبار,807940,6
32283,2572,آب باریک,075279,6
32284,2572,اسماعیل آباد,075281,6
32285,2572,اعراب چگینی,075282,6
32286,2572,پاسگاه عقاب,075288,6
32287,2572,جعفرآباد,075302,6
32288,2572,حسن آباد/تلمبه علی خانی,075305,6
32289,2572,زین آباد,075314,6
32290,2572,شمس آباد,075319,6
32291,2572,مهدی آباد,075321,6
32292,2572,احمدآباد کوهجرد,075328,6
32293,2572,مربویه,075332,6
32294,2572,معصوم آباد,075334,6
32295,2572,منصورآباد,075335,6
32296,2572,منصوریه,075336,6
32297,2572,علی آباد سفلی/مهدی آباد,370906,6
32298,2572,حسین آباد,370913,6
32299,2572,تلمبه کاویان,370916,6
32300,2572,تلمبه عیدی آزادی,370917,6
32301,2572,مزرعه احمد وفامنش,370918,6
32302,2572,نجف بلاغی,370919,6
32303,2572,هادی آباد,370920,6
32304,2572,جونان,370948,6
32305,2572,کریم آباد,370956,6
32306,2572,تلمبه حسین برمن و دهقان,371203,6
32307,2572,بیدو سحرو (کوچه باغی ),372127,6
32308,2572,تلمبه بهروز,372635,6
32309,2572,مزرعه رمضان نجفی و شرکاء,372639,6
32310,2572,مزرعه عبدالرحیم خادمعلی,372640,6
32311,2572,رشیدآباد,372642,6
32312,2572,قلعه درختی,372643,6
32313,2572,مزرعه شوراب,372646,6
32314,2572,سعیدآباد,373208,6
32315,2572,آب قرقرو,373982,6
32316,2572,شرکت تعاونی روستایی فسارود,807901,6
32317,2572,علی آباد بالا,807902,6
32318,2572,پست برق حسن آباد,807903,6
32319,2572,امامزاده پیرغریب,807904,6
32320,2572,اداره تحقیقات هواشناسی کشاورزی داراب,807905,6
32321,2572,تحقیقات کشاورزی حسن آباد,807906,6
32322,2572,مزارع تل شیخ محمد,807907,6
32323,2572,ذرت خشک کنی کمالی,807908,6
32324,2572,صندوق سازی حاج فرهاد شاهرخ,807909,6
32325,2572,مزارع دوکناری,807910,6
32326,2572,منطقه دشت مبارزی,807911,6
32327,2572,مزرعه کاووس دهو,807912,6
32328,2572,پاسگاه قاب,807913,6
32329,2572,مرغداری کشاورز,807914,6
32330,2572,قاسم آباد,907558,6
32331,2573,اسدآباد,075906,6
32332,2573,باغستان,075908,6
32333,2573,براق,075910,6
32334,2573,برد زرد,075911,6
32335,2573,بن رود,075912,6
32336,2573,بنوگیر,075913,6
32337,2573,جوزکنگری,075918,6
32338,2573,چم قایدی,075919,6
32339,2573,چشمه سفید,075921,6
32340,2573,چشمه گندو,075922,6
32341,2573,چهل چشمه,075924,6
32342,2573,خانی ورگ,075926,6
32343,2573,خرسر,075927,6
32344,2573,خوش مکان,075928,6
32345,2573,داریون,075929,6
32346,2573,دولت آباد,075930,6
32347,2573,درکون,075933,6
32348,2573,ده کهنه,075934,6
32349,2573,ده گاه,075935,6
32350,2573,راه شاهی,075936,6
32351,2573,رودرزک,075938,6
32352,2573,ریگان,075939,6
32353,2573,سیب کوتاه,075942,6
32354,2573,سینه حوار,075943,6
32355,2573,سی برآفتاب,075944,6
32356,2573,شیخ محمد رضایی,075946,6
32357,2573,قلعه جابر,075947,6
32358,2573,قلعه خلیفه,075948,6
32359,2573,قهوه خانه چشمه سیب,075949,6
32360,2573,کره دون,075950,6
32361,2573,گوییز,075956,6
32362,2573,ملابلوط,075958,6
32363,2573,موردراز کوچک,075959,6
32364,2573,میوه ای,075961,6
32365,2573,وزک مرادی,075962,6
32366,2573,آذربیگلو,084741,6
32367,2573,اشکری,084743,6
32368,2573,برد ترک,084753,6
32369,2573,بنکستان,084762,6
32370,2573,بید محمدی,084765,6
32371,2573,پاتل رحیمی,084767,6
32372,2573,جلال مهر,084787,6
32373,2573,چال انجکی,084791,6
32374,2573,چشمه بکلو,084793,6
32375,2573,خداویسی,084808,6
32376,2573,دره بیدی,084814,6
32377,2573,ده بزرگ,084826,6
32378,2573,ده لاله,084829,6
32379,2573,رود شیرریز انبوه,084837,6
32380,2573,رودشیر سفلی,084838,6
32381,2573,سرتنگ,084850,6
32382,2573,سرچشمه,084853,6
32383,2573,سور طهماسب,084857,6
32384,2573,شکستان,084861,6
32385,2573,فارسیجان,084869,6
32386,2573,قنات سور,084873,6
32387,2573,گچی,084881,6
32388,2573,گردن کلات,084882,6
32389,2573,گلومهر,084886,6
32390,2573,بله دان,084899,6
32391,2573,منبلو,084901,6
32392,2573,مورپهن,084903,6
32393,2573,میلکی سفلی,084909,6
32394,2573,دوروده,084917,6
32395,2573,رودشیر علیا,370382,6
32396,2573,راهدارخانه اداره راه,372687,6
32397,2573,پاسگاه انتظامی,372688,6
32398,2573,چله گاه,734061,6
32399,2573,اردوگاه آموزش و پرورش,907038,6
32400,2573,پیست اسکی پولادکف,907044,6
32401,2573,پیست اسکی تربیت بدنی,907045,6
32402,2573,راهدارخانه,907048,6
32403,2573,مجتمع گاوداری,907075,6
32404,2573,آب معدنی زاگرس,907097,6
32405,2573,تفرجگاه هلال احمر,907098,6
32406,2573,منطقه سردآب رود و مهکون,907536,6
32407,2574,اسفیان,076227,6
32408,2574,تل زری,076236,6
32409,2574,جوب خله سفلی,076239,6
32410,2574,جوب خله علیا,076240,6
32411,2574,چشمه سرانجلی,076243,6
32412,2574,چیکان,076245,6
32413,2574,راهدارخانه وزارت راه,076251,6
32414,2574,کمهر,076260,6
32415,2574,مارگان,076263,6
32416,2574,مراد آباد,076264,6
32417,2574,مرزیان,076265,6
32418,2574,دره همیانه سفلی,076271,6
32419,2574,دره همیانه علیا,076272,6
32420,2574,توی گه حاجی آباد,370389,6
32421,2574,آب بید سرانجلی,373342,6
32422,2574,پرورش ماهی رنگین کمان,907042,6
32423,2575,جورک,076048,6
32424,2575,چشمه انجیر,076054,6
32425,2575,سرتنگ,076075,6
32426,2575,عالی,076098,6
32427,2575,انگره,076229,6
32428,2575,بهشت مکان,076233,6
32429,2575,حسین آباد,076246,6
32430,2575,قلعه عبدالله بیگی,076258,6
32431,2575,کهکرون,076261,6
32432,2575,گردن داسی,076262,6
32433,2575,برشنه,076329,6
32434,2575,بهرغان,076330,6
32435,2575,شیربابا,076362,6
32436,2575,کوشکک,076383,6
32437,2575,دلخان,084009,6
32438,2575,ساران پایین,084010,6
32439,2575,کل گاه,084022,6
32440,2575,شش پیر,370380,6
32441,2575,ساران بالا,370648,6
32442,2575,موروزه,372689,6
32443,2575,کوهپایه دلخان,596246,6
32444,2575,آب معدنی شش پیر,907036,6
32445,2575,شرکت تعاونی 124 سپیدان,907049,6
32446,2575,گاوداری حیدری,907061,6
32447,2575,گاوداری دشت زر,907062,6
32448,2575,گاوداری روحانی,907063,6
32449,2575,گاوداری ناصری,907065,6
32450,2575,گاوداری فرهادی,907094,6
32451,2575,سهلکی,907533,6
32452,2576,بردله,084755,6
32453,2576,برگکی,084758,6
32454,2576,بزمک سفلی,084759,6
32455,2576,بزمک علیا,084760,6
32456,2576,پاتل,084766,6
32457,2576,چشمه چهار قاشی/تنگ محمدرضا,084784,6
32458,2576,چشمه زیتون,084798,6
32459,2576,چشمه سفید,084799,6
32460,2576,راشک سفلی,084834,6
32461,2576,راشک علیا,084835,6
32462,2576,سرقنات,084855,6
32463,2576,شاه محمدی,084860,6
32464,2576,طویله,084864,6
32465,2576,میرزا محمدی بالا,084907,6
32466,2576,نیوار سفلی,084915,6
32467,2576,نیوار علیا,084916,6
32468,2576,سرداب رود,084920,6
32469,2576,چشمه دره,085216,6
32470,2576,چشمه دزدان,085217,6
32471,2576,حبیب آباد,085223,6
32472,2576,خدادادی,085228,6
32473,2576,علی آباد,085250,6
32474,2576,قلعه سنگی,085252,6
32475,2576,میرزا محمدی پایین,085275,6
32476,2576,سهوک,085795,6
32477,2576,پل خدا آفرین,370360,6
32478,2576,اردشیری سفلی,370370,6
32479,2576,دره سوسن خوسمور,370372,6
32480,2576,اردشیری وسطی,370373,6
32481,2576,اردشیری بالا,370374,6
32482,2576,پاسگاه سرناباد,373043,6
32483,2576,حسین آباد اردشیری,374102,6
32484,2576,آب معدنی ستاره سپیدان,907035,6
32485,2576,باغشهر استانداری,907092,6
32486,2577,چناره,074802,6
32487,2577,آبنو,076021,6
32488,2577,آبگرم,076321,6
32489,2577,شکفت,076323,6
32490,2577,بدرآباد,076328,6
32491,2577,تخت مینا,076334,6
32492,2577,تل گاومیشی,076336,6
32493,2577,تل گر,076337,6
32494,2577,تل گرد,076338,6
32495,2577,چهارمور,076341,6
32496,2577,خلار,076346,6
32497,2577,دالین,076347,6
32498,2577,سربست,076354,6
32499,2577,سه تلی,076355,6
32500,2577,سنگر,076357,6
32501,2577,شاداب,076358,6
32502,2577,شول,076361,6
32503,2577,علی آباد آبگرم,076366,6
32504,2577,میرذوالفقار,076370,6
32505,2577,قلعه خرابه,076371,6
32506,2577,قلعه خلیلی,076372,6
32507,2577,قلعه شاهپورخانی,076373,6
32508,2577,قلعه عالی,076374,6
32509,2577,قلعه محمدتقی,076375,6
32510,2577,قلعه مشهدی کریم,076376,6
32511,2577,قلعه میرآقا,076377,6
32512,2577,قلعه میرحسن,076378,6
32513,2577,یکدانگه,076395,6
32514,2577,بید حرکت,084764,6
32515,2577,نمازگاه,084912,6
32516,2577,چشمه تلخو,085215,6
32517,2577,چمن بید,085220,6
32518,2577,دم قنات,085243,6
32519,2577,سرگاه,085244,6
32520,2577,هرایجان,085276,6
32521,2577,چم چنار,370361,6
32522,2577,رودبال,373443,6
32523,2577,شهرک صنعتی همایجان,373825,6
32524,2577,احمدآباد,373828,6
32525,2577,حاج بابا علی,807018,6
32526,2577,استخوان پزی ده بزرگی,907039,6
32527,2577,بوستان شونیز,907041,6
32528,2577,پمپ بنزین,907043,6
32529,2577,دهکده توریستی قصر سپید,907047,6
32530,2577,شرکت فراپاکس شیراز,907051,6
32531,2577,شهرک صنعتی سپیدان,907052,6
32532,2577,کارخانه شن و ماسه,907054,6
32533,2577,انبار کارخانه فراسان,907055,6
32534,2577,بوستان رمضان 2,907066,6
32535,2577,مجتمع بهارستان,907067,6
32536,2577,مجتمع بهارستان دالین,907068,6
32537,2577,باغشهر رمضان 3,907077,6
32538,2577,مرغ اجداد فارم پنج,907079,6
32539,2577,مرغ اجداد فارم دو,907080,6
32540,2577,مرغ اجداد فارم یک,907081,6
32541,2577,مرغداری اوجی,907083,6
32542,2577,شرکت فراسان,907096,6
32543,2578,اسماعیل آباد قره باغ,077721,6
32544,2578,شرکت تعاونی گلخانه ای صنعت سبز شیراز,077723,6
32545,2578,مزرعه ده بزرگی,077724,6
32546,2578,بیدزرد سفلی,077726,6
32547,2578,بیدزرد علیا,077727,6
32548,2578,پاسگاه بابا حاجی,077728,6
32549,2578,تفهیان,077729,6
32550,2578,تنگ نظری,077731,6
32551,2578,توانیر,077732,6
32552,2578,ده نو,077741,6
32553,2578,دهک قره باغ,077742,6
32554,2578,ظفرآباد,077746,6
32555,2578,گزگ عباس آباد,077747,6
32556,2578,قلعه نو قره باغ,077749,6
32557,2578,کوشک خلیل,077752,6
32558,2578,محمودآباد,077758,6
32559,2578,مرغداری مرغک زیبا,077759,6
32560,2578,مزرعه کمیته امام خمینی,077760,6
32561,2578,گله داری نمازی,372735,6
32562,2578,مزرعه چاه انجیر,372736,6
32563,2578,مزرعه نصرالله ظفرآبادی,372737,6
32564,2578,مزرعه محمدعلی ظفرآبادی,373283,6
32565,2578,باغ تدین,807092,6
32566,2578,اردوگاه تربیتی امام علی,907103,6
32567,2578,ایستگاه تقلیل فشار گاز,907104,6
32568,2578,پاسارگاد مرغ,907107,6
32569,2578,کارگاه تولید محصولات سیمانی,907108,6
32570,2578,کارگاههای ده نو,907109,6
32571,2578,گاوداری عبدالله ظفرآبادی,907111,6
32572,2578,مجتمع فدک,907112,6
32573,2578,مجموعه باغات پردیس 1,907113,6
32574,2578,مجموعه باغات پردیس 2,907114,6
32575,2578,مرغداری فارس ماکیان,907115,6
32576,2578,مزرعه عباس ظفرآبادی,907116,6
32577,2578,نیروگاه برق و نیروگاه خورشیدی وزارت نیرو,907117,6
32578,2578,مرغ تک شیراز,907118,6
32579,2579,باجگاه,077374,6
32580,2579,کارخانه شرکت شیراز الکترود,077445,6
32581,2579,قلات,077457,6
32582,2579,کارگاههای شن و ماسه,077496,6
32583,2579,تنگ کبوتری,085206,6
32584,2579,علی آباد,371256,6
32585,2579,میرشرفی,371258,6
32586,2579,کلستان,371579,6
32587,2579,آب پرده,371582,6
32588,2579,جدول نو,371583,6
32589,2579,حسین آباد,371584,6
32590,2579,کودیان,371586,6
32591,2579,شریف آباد,372464,6
32592,2579,باغ پارادایز,907141,6
32593,2579,پروژه کوثر,907142,6
32594,2579,شرکت کولر هوایی آبان,907144,6
32595,2579,کارگاه شن و ماسه صالحیان,907145,6
32596,2579,کارگاه شن و ماسه صنایع فجر,907147,6
32597,2579,معدن شن و ماسه گویم شیراز,907148,6
32598,2579,باغهای تپه سبز,907150,6
32599,2580,برمشور سفلی,077381,6
32600,2580,برمشور علیا,077382,6
32601,2580,بیدک,077386,6
32602,2580,پل فسا,077395,6
32603,2580,دودمان,077424,6
32604,2580,دهکده سلامی,077427,6
32605,2580,رحیم علیکم السلام,077430,6
32606,2580,شرکت آلومینیوم 1 آنادایز فارس ک,077435,6
32607,2580,کارخانه شرکت تولیدی سافوم,077442,6
32608,2580,پادگان ولیعصر,077447,6
32609,2580,شهرک سید علاالدین حسین,077449,6
32610,2580,قلعه امیریه,077455,6
32611,2580,محمودآباد وقفی,077482,6
32612,2580,منبع نفت دره شهر,077686,6
32613,2580,اسلاملو ایلی,077720,6
32614,2580,امامزاده سید ابواسحاق,077722,6
32615,2580,جرسقان,077733,6
32616,2580,جعفرآباد,077734,6
32617,2580,جمال آباد,077735,6
32618,2580,چشمه سید صفری,077736,6
32619,2580,حسن آباد,077737,6
32620,2580,خاتونک,077738,6
32621,2580,سلطان آباد,077743,6
32622,2580,سنجانک,077744,6
32623,2580,شاپور جان,077745,6
32624,2580,علی آباد قره باغ,077748,6
32625,2580,کرونی,077750,6
32626,2580,کفری,077751,6
32627,2580,کوشک بیدک,077753,6
32628,2580,کیان آباد,077754,6
32629,2580,گچی,077755,6
32630,2580,محمودآباد,077757,6
32631,2580,کارگاه پارس کمپرسور,371408,6
32632,2580,مزرعه برده گر,371409,6
32633,2580,پمپ بنزین,371416,6
32634,2580,تلمبه طهماسب,371432,6
32635,2580,باغ حاج فتح اله صفایی,372761,6
32636,2580,کارخانه آسفالت سازی,372766,6
32637,2580,نجم آباد,372767,6
32638,2580,تقویت فشار گاز,372768,6
32639,2580,شرکت دوان صنعت,372770,6
32640,2580,گورستان ارامنه,372772,6
32641,2580,معدن سنگ گچ,372773,6
32642,2580,انبار جهاد سازندگی/ پادگان شهید خلیل پ,372774,6
32643,2580,اردوگاه معتادین,373571,6
32644,2580,شرکت ارم کوشا,373853,6
32645,2580,دنا ماکارون,373854,6
32646,2580,شرکت حصار بلوک,373855,6
32647,2580,کارخانجات زیمنکو,373856,6
32648,2580,شهرک ترافیکی,374094,6
32649,2580,شرکت صمغ کاران فارس,374095,6
32650,2580,پمپاژ بند پوشان,374096,6
32651,2580,شهرک صنعتی شیراز,707014,6
32652,2580,پایگاه هوایی سپاه,707021,6
32653,2580,منطقه ویژه اقتصادی,807006,6
32654,2580,اسکله تفریحی سازمان محیط زیست دریاچه مهارلو,907228,6
32655,2580,انبار بازیافت شهرداری,907229,6
32656,2580,انبار جوکار,907230,6
32657,2580,باغ انتظام,907231,6
32658,2580,تاسیسات گاز,907232,6
32659,2580,شرکت تعاونی مرغ دراج,907234,6
32660,2580,شرکت تهیه و توزیع دام فارس,907235,6
32661,2580,شرکت صادق شیراز,907236,6
32662,2580,شهرک صنعتی,907237,6
32663,2580,شهرک دامداران,907238,6
32664,2580,کارخانه آسفالت,907239,6
32665,2580,کارخانه شن و ماسه مروارید سفید شیراز,907240,6
32666,2580,کارگاههای پل فسا,907241,6
32667,2580,گاوداری باباخانی,907242,6
32668,2580,گاوداری عباسی,907243,6
32669,2580,تالار پایلاک,907244,6
32670,2580,مجتمع کارگاههای سنگبری,907245,6
32671,2580,معدن شن و ماسه محمد رسول الله,907246,6
32672,2580,منازل سپاه,907247,6
32673,2580,منطقه حمزه ای,907248,6
32674,2580,منطقه صنعتی,907249,6
32675,2580,میدان تره بار شیراز,907250,6
32676,2580,کارخانه آسفالت ایمان راه آسفالت,907251,6
32677,2581,قندیلک,076867,6
32678,2581,اقبال آباد,077359,6
32679,2581,بوانک,077385,6
32680,2581,چاه شیرین,077411,6
32681,2581,خلجوی,077415,6
32682,2581,علی آباد کفترک,077452,6
32683,2581,کفترک,077470,6
32684,2581,بهاران,077477,6
32685,2581,گرد خون,077478,6
32686,2581,مه فیروزان,077480,6
32687,2581,نیلگونک,077503,6
32688,2581,چاه نفت شماره 6,373284,6
32689,2581,جمال آباد,707056,6
32690,2581,کشت و صنعت دامپروری فارس,907275,6
32691,2581,مرغداری ترابی,907276,6
32692,2581,معدن ماسه,907277,6
32693,2581,شرکت شیراز آسفالت,907279,6
32694,2581,درب مسجد,907481,6
32695,2582,چهل چشمه کرونی,077831,6
32696,2582,اسلام آباد,080171,6
32697,2582,باغ قربانعلی طاهری و داراب زندی,080178,6
32698,2582,باغ علم نادری,080180,6
32699,2582,باغ قربانعلی اژدری,080181,6
32700,2582,مزرعه کرم اله استوار,080182,6
32701,2582,برد خرمابنرود,080183,6
32702,2582,بیدقطار بن رود,080185,6
32703,2582,بیستون,080186,6
32704,2582,تل کره ای بنرود,080196,6
32705,2582,تلمبه منوچهر کاویانی,080198,6
32706,2582,مزرعه دره گل زردی,080211,6
32707,2582,دشت ارژن,080212,6
32708,2582,زنگنه بنرود,080217,6
32709,2582,کوه بیل,080230,6
32710,2582,مختارآباد بنرود,080238,6
32711,2582,مرادآباد,080239,6
32712,2582,مزرعه آب چر,080241,6
32713,2582,مزرعه ابراهیم جهانگیری,080244,6
32714,2582,مزرعه خلیفه بخشی زاده,080245,6
32715,2582,مزرعه گل خواجه ای,080249,6
32716,2582,مزرعه موردل بالا,080250,6
32717,2582,مزرعه منصور کاویانی و زندی,080251,6
32718,2582,مزرعه نه سره,080252,6
32719,2582,موردراز بنرود,080254,6
32720,2582,مهرعلی خان بن رود,080256,6
32721,2582,نجف آباد بنرود,080258,6
32722,2582,قلعه کربلایی محمدعلی,370499,6
32723,2582,مزرعه نمدمالی,372754,6
32724,2582,باغ عبدالله کشکولی,372755,6
32725,2582,مزرعه موربید,372756,6
32726,2582,پارک ملی ارژن,373348,6
32727,2582,شرکت تعاونی تولیدی گوساله پرواری شیراز,907151,6
32728,2582,قرارگاه سازندگی خاتم الانبیاء,907152,6
32729,2582,گاوداری دشت ارژن,907153,6
32730,2582,مجتمع صنعتی طیور مرغداری کوهدشت,907154,6
32731,2583,پس کوهک,077393,6
32732,2583,پیربرد,077398,6
32733,2583,حاجی آباد,077413,6
32734,2583,ده شیخ,077426,6
32735,2583,علی آباد قراچه,077451,6
32736,2583,پرورش اسب,077487,6
32737,2583,حاجی آباد پس کوهک,077508,6
32738,2583,الیاس آباد,077809,6
32739,2583,پراشکفت,077820,6
32740,2583,جدول نو,077821,6
32741,2583,چراب قلندری,077823,6
32742,2583,چرامکان,077824,6
32743,2583,چشمه قرق چین,077827,6
32744,2583,حسین آباد,077832,6
32745,2583,خیرآباد,077840,6
32746,2583,دره مارون,077842,6
32747,2583,دره یزدان,077844,6
32748,2583,دستان آباد,077846,6
32749,2583,دولت آباد,077848,6
32750,2583,دهنو قلندری,077851,6
32751,2583,زاخرد,077855,6
32752,2583,سعادت آباد,077858,6
32753,2583,سرمور,077860,6
32754,2583,شرکت قره آغاج,077862,6
32755,2583,کارکاه شن و ماسه شیراز,077863,6
32756,2583,شریف آباد,077864,6
32757,2583,کمرآباد ارندی,077872,6
32758,2583,کوره گچ بواش,077873,6
32759,2583,گچ نقاشی,077877,6
32760,2583,گشتاسب آباد,077878,6
32761,2583,مزرعه رحمت آباد,077884,6
32762,2583,ملک آباد,077891,6
32763,2583,نسیم آباد,077894,6
32764,2583,مزرعه جوزار,371244,6
32765,2583,حیدرآباد,371245,6
32766,2583,مورد سوسنی,371246,6
32767,2583,همت آباد,371247,6
32768,2583,چشمه فاطمی,371249,6
32769,2583,قهوه خانه حسین آباد,371250,6
32770,2583,مزرعه خوکند,371251,6
32771,2583,دره گزدان,371252,6
32772,2583,قهوه خانه چهل چشمه,371253,6
32773,2583,اسلام آباد چهل چشمه,371254,6
32774,2583,ایستگاه مخابرات,371255,6
32775,2583,خداآباد,371257,6
32776,2583,کارخانه اسفالت,372776,6
32777,2583,ایستگاه ترویج و تولید بذر شهید یعقوبی,373565,6
32778,2583,کارخانه آسفالت حسین آباد,373566,6
32779,2583,گاوداری شکرالله مومن زاده,373567,6
32780,2583,کارخانه شن و ماسه شیراز شن فاز 2,373568,6
32781,2583,کارخانه آسفالت زروان راه,373569,6
32782,2583,اردوگاه فرهنگی تربیتی هلال احمر,373842,6
32783,2583,ایستگاه مخابراتی ده شیخ,373843,6
32784,2583,کارخانه آسفالت نوگرام,373844,6
32785,2583,کارخانه آسفالت یگان بتون,373845,6
32786,2583,باسکول 60 تنی اتحاد,373846,6
32787,2583,گاوداری حاج عابدی,373847,6
32788,2583,ایستگاه برق کوهمره,373848,6
32789,2583,مرغداری بصیری,373850,6
32790,2583,کارخانه فولاد نور,373851,6
32791,2583,شرکت ارژن ماکارونی فارس,907252,6
32792,2583,شرکت تعاونی ارژن برودت,907253,6
32793,2583,شهرک شهید مرادی,907254,6
32794,2583,گاوداری حاجعلی,907256,6
32795,2583,گاوداری زرع,907257,6
32796,2583,گاوداری مهرپور,907258,6
32797,2583,مرغداری سعیدی,907259,6
32798,2583,مرغداری تلاش,907260,6
32799,2583,مزرعه قارچ فارس,907261,6
32800,2583,مزرعه کیان دشت,907262,6
32801,2583,موسسه راهسازی فجر,907263,6
32802,2583,شرکت تعاونی روستایی خان زینال,907264,6
32803,2583,دولت آباد,907475,6
32804,2583,سجادیه گیاه زار,907512,6
32805,2584,اسلام آباد,077806,6
32806,2584,امیرآباد,077811,6
32807,2584,بگدانه,077813,6
32808,2584,بن زرد,077814,6
32809,2584,بندویه,077816,6
32810,2584,بنگر,077817,6
32811,2584,بهاره,077818,6
32812,2584,جمالی,077822,6
32813,2584,چشمه بردی,077825,6
32814,2584,چنار فاریاب,077829,6
32815,2584,چنارک,077830,6
32816,2584,خانگاه,077833,6
32817,2584,خون حاجی,077839,6
32818,2584,دریاهک,077845,6
32819,2584,ده سرو,077849,6
32820,2584,ده نمک,077850,6
32821,2584,ریچی,077852,6
32822,2584,رخسنه,077853,6
32823,2584,سبوک,077859,6
32824,2584,سعادت آباد,077861,6
32825,2584,شکفت,077866,6
32826,2584,کازرک,077868,6
32827,2584,کراچ,077869,6
32828,2584,کره بس,077870,6
32829,2584,ماسرم علیا,077880,6
32830,2584,ماسرم سفلی,077881,6
32831,2584,مزرعه سیاوش,077885,6
32832,2584,مسقان,077888,6
32833,2584,کارگاه شن و ماسه شهرداری,077890,6
32834,2584,آبسرد,371516,6
32835,2584,رمغان,371518,6
32836,2584,فتح آباد سفلی,371519,6
32837,2584,فتح آباد علیا,371520,6
32838,2584,مزرعه محمد بارانی,372779,6
32839,2584,کورزگ نو,372780,6
32840,2584,شرکت فرآورده های لبنی رامک,373836,6
32841,2584,مزرعه بنی ثابت رای,373837,6
32842,2584,مزرعه جهانگیر نامداری,373838,6
32843,2584,مرغداری احمد باقری,373849,6
32844,2584,مزرعه وجدانی,373852,6
32845,2584,کارخانه صنایع پلاستیک گلیژه,373965,6
32846,2584,فرآورده های گوشتی دمس,707008,6
32847,2584,فرآورده های گوشتی صدک,707009,6
32848,2584,گاوداری لطفی,707010,6
32849,2584,مزرعه بهرام عسکری,707011,6
32850,2584,مجتمع مرغ شیراز پارس,907286,6
32851,2584,پروژه بزرگ باغ گلهای ایثار,907287,6
32852,2584,شرکت خدمات ساختمانی سبزدشت,907288,6
32853,2584,کارگاه شن و ماسه شهرداری,907289,6
32854,2584,کوهمره جروق,907551,6
32855,2585,ایور,077659,6
32856,2585,باب ایور,077660,6
32857,2585,خارگان,077664,6
32858,2585,خانه خمیس سفلی,077665,6
32859,2585,خانه خمیس علیا,077666,6
32860,2585,دره,077668,6
32861,2585,شیب جدول,077674,6
32862,2585,فرجان,077676,6
32863,2585,قلعه چوبی,077677,6
32864,2585,کدنج,077679,6
32865,2585,گردان 241 تانک,372758,6
32866,2585,بدیجان,373279,6
32867,2585,مرغداری اسماعیل شکوهی,373839,6
32868,2585,مزرعه اکبر کامرانی,373840,6
32869,2585,موسسه فلاحت در فراغت فاز 1,374087,6
32870,2585,موسسه فلاحت در فراغت فاز 2 و 3,374088,6
32871,2585,گلخانه سیاخ,374090,6
32872,2585,پادگان سپاه,907212,6
32873,2585,حصار بلوک,907213,6
32874,2585,آل سعدی,907214,6
32875,2585,گاوداری کیمیای کوهستان,907215,6
32876,2586,احمدآباد,077656,6
32877,2586,اسلام آباد,077657,6
32878,2586,چنار میشوان,077662,6
32879,2586,دارنجان,077667,6
32880,2586,دهداری شوراب,077670,6
32881,2586,دهنو شوراب,077671,6
32882,2586,شکرآباد,077672,6
32883,2586,شوراب,077673,6
32884,2586,عباس آباد,077675,6
32885,2586,محمودآباد,077680,6
32886,2586,مزرعه حاجی بهاالدین,077682,6
32887,2586,مهدی آباد,077684,6
32888,2586,مله گاله,077685,6
32889,2586,علی آباد خوشابلو,371495,6
32890,2586,نوروزان,373528,6
32891,2586,سهل آباد,373743,6
32892,2586,شهرک غدیر,374089,6
32893,2586,محمودآباد,707002,6
32894,2587,ایزدخواست,077368,6
32895,2587,دودج,077423,6
32896,2587,کاظم آباد,077469,6
32897,2587,مزرعه قره خان قنبری,371487,6
32898,2587,مزرعه حسین شیروانی,371488,6
32899,2587,مزرعه اکرم ولی شاهی,371489,6
32900,2587,پروژه لادن,907123,6
32901,2587,ذرت خشک کنی زردانه,907127,6
32902,2587,ذرت خشک کنی نادر علیزاده,907128,6
32903,2587,کارخانه آجر سفالی,907132,6
32904,2587,گاوداری زارع,907135,6
32905,2588,باغات قراول,077371,6
32906,2588,بردج,077380,6
32907,2588,پاسگاه شکاربانی کاظمی,077390,6
32908,2588,تربر جعفری,077399,6
32909,2588,تربر سادات,077400,6
32910,2588,تربر لای بیشه,077401,6
32911,2588,خالدآباد,077414,6
32912,2588,باغات و دامداریهای سعدی,077417,6
32913,2588,طرح فلاحت در فراغت دشتکوه,077422,6
32914,2588,سه تلان,077450,6
32915,2588,کوشک مولا,077473,6
32916,2588,مزرعه پیربادام,077490,6
32917,2588,میشدان بزرگ,372739,6
32918,2588,میشدان کوچک,372740,6
32919,2588,طرح فلاحت در فراغت,374085,6
32920,2588,باغات ده داشی,907122,6
32921,2588,مصطفی عبدالهی,907124,6
32922,2588,دامداری فهندژ,907125,6
32923,2588,شرکت پاک نظیف شیراز,907130,6
32924,2588,شرکت توسعه باغات فارس,907131,6
32925,2588,گورستان درحال ساخت,907136,6
32926,2588,مرغداری,907137,6
32927,2588,منطقه سه تلان,907139,6
32928,2588,مرغداری زارع,907140,6
32929,2589,اکبرآباد,078011,6
32930,2589,تقی آباد,078013,6
32931,2589,حسین آباد,078018,6
32932,2589,حیدرآباد,078019,6
32933,2589,درب تنگ,078023,6
32934,2589,دولت آباد,078024,6
32935,2589,سروک,078026,6
32936,2589,عباس آباد اسکندری,078030,6
32937,2589,علی آباد,078031,6
32938,2589,قادرآباد,078033,6
32939,2589,نظام آباد,078034,6
32940,2589,کرم آباد اسکندری,078035,6
32941,2589,کته نو,078036,6
32942,2589,وکیل آباد,078040,6
32943,2589,هادی آباد,078041,6
32944,2589,کبک آباد,370411,6
32945,2589,مزرعه تنگ موردی,370412,6
32946,2589,مزرعه خودکفایی سپاه,373264,6
32947,2589,تلمبه نعمت شاهین,373483,6
32948,2589,بهداری رحیمی,907311,6
32949,2589,کوره های آجرپزی,907312,6
32950,2590,امیر حاجیلو,078073,6
32951,2590,باغ محمد زینلی,078074,6
32952,2590,تلمبه علی بگ ارجمندی,078078,6
32953,2590,تلمبه زینلی,078080,6
32954,2590,تلمبه مهدی آزادی,078081,6
32955,2590,داراکویه,078085,6
32956,2590,دیندارلو,078088,6
32957,2590,زنگنه,078089,6
32958,2590,ساختمان حاجی سلیمان,078091,6
32959,2590,علی آباد,078092,6
32960,2590,قاسم آباد سفلی,078093,6
32961,2590,قاسم آباد علیا,078094,6
32962,2590,مزرعه لای چناری,078097,6
32963,2590,باغ مجرد,370405,6
32964,2590,کوه بره,370406,6
32965,2590,تلمبه رحمان,372782,6
32966,2590,تلمبه ابراهیم توکل,373481,6
32967,2590,کارخانه ذرت خشک کنی اتابکی,373484,6
32968,2590,ذرت خشک کنی محمدی,907321,6
32969,2590,کارخانه ذرت خشک کنی دان طلا,907322,6
32970,2590,شرکت بیگ چین فارس,907323,6
32971,2590,ذرت خشک کنی اخلاقی,907324,6
32972,2590,ذرت خشک کنی دانه گستر,907325,6
32973,2590,کارگاههای قاسم آباد,907326,6
32974,2590,آرتا دشت فارس,907363,6
32975,2590,گارگاه تیرچه بلوک,907364,6
32976,2591,امامزاده محمد,078130,6
32977,2591,تلمبه اشراقی,078138,6
32978,2591,تلمبه درویش,078145,6
32979,2591,تلمبه رحمانی,078148,6
32980,2591,تلمبه معین آباد,078151,6
32981,2591,سنان,078160,6
32982,2591,فدشکویه,078164,6
32983,2591,کنکان,078169,6
32984,2591,مزرعه خیرآباد,078171,6
32985,2591,معدن سنگ گچ,078173,6
32986,2591,چاه نفت,078174,6
32987,2591,نظرآباد,078179,6
32988,2591,وکیل آباد,078180,6
32989,2591,هارون سکز,078181,6
32990,2591,تلمبه راستی,373763,6
32991,2591,ذرت خشک کنی ابراهیم بهادریان,907318,6
32992,2591,پمپ بنزین,907319,6
32993,2591,ایستگاه برق زاهدشهر,907320,6
32994,2592,مه کرد,074193,6
32995,2592,احمدآباد,078129,6
32996,2592,بیدزرد,078133,6
32997,2592,بیشه زرد,078134,6
32998,2592,تلمبه آبیاری زاهدشهر 1,078136,6
32999,2592,تلمبه حاج حسین حاجیان,078141,6
33000,2592,تلمبه عباس تهمتن,078146,6
33001,2592,گهرآباد,078156,6
33002,2592,رحیم آباد,078157,6
33003,2592,سروان,078159,6
33004,2592,سده,078161,6
33005,2592,علی آباد,078163,6
33006,2592,قاسم آباد,078165,6
33007,2592,مزرعه جعفرآباد,078170,6
33008,2592,مزرعه رمضان بردبار,078172,6
33009,2592,قلعه ملک آباد,078175,6
33010,2592,ملک محمدرضا,078176,6
33011,2592,نصیرآباد,078178,6
33012,2592,تلمبه عباس بازیار,078182,6
33013,2592,مزرعه قیطاس نجارزاده,370398,6
33014,2592,تلمبه دانشگاه آزاد اسلامی,373265,6
33015,2592,بنکوی عشایر اولادثانی,373367,6
33016,2592,تلمبه داراب پشت کوهی,373368,6
33017,2592,تلمبه محمدحسن کاشفی,373369,6
33018,2592,چاه قوچ,373371,6
33019,2592,تمب گروه,373372,6
33020,2592,تلمبه بازیار,373382,6
33021,2592,تلمبه الله داد اسکندری,373489,6
33022,2592,تلمبه هادی زاده,373490,6
33023,2592,تلمبه مصطفی زارع پور,373491,6
33024,2592,تلمبه حاج علی عبدی,373492,6
33025,2592,تلمبه علی بابا نکوییان,373493,6
33026,2592,تلمبه غلام عابد,373498,6
33027,2592,تلمبه محمدحسین کاشفی,373555,6
33028,2592,حسین آباد,907338,6
33029,2592,تلمبه نوازالله هادی زاده,907339,6
33030,2592,کوشک سعادت آباد,907340,6
33031,2592,مجموعه تلمبه های آبیاری زاهدشهر,907341,6
33032,2593,ابراهیم آباد کچویه,072949,6
33033,2593,امامزاده حسن,072951,6
33034,2593,پایگاه هوایی,072956,6
33035,2593,قهوه خانه قمپاتشکده,072971,6
33036,2593,کچویه,072973,6
33037,2593,آب آسمانی,078241,6
33038,2593,آبکاسه,078242,6
33039,2593,امامزاده شاه اسماعیل,078243,6
33040,2593,انجیره,078244,6
33041,2593,بادامک,078245,6
33042,2593,براروز,078246,6
33043,2593,بهمنی,078247,6
33044,2593,بیدک,078248,6
33045,2593,پانعل,078249,6
33046,2593,تل ریزه,078250,6
33047,2593,تلمبه جهان زیر,078251,6
33048,2593,تلمبه چاه زنجیری,078252,6
33049,2593,جلال آباد,078253,6
33050,2593,جلال آباد تولایی,078254,6
33051,2593,چشمه ترکیده,078255,6
33052,2593,چشمه ماری,078256,6
33053,2593,چهل چشمه,078257,6
33054,2593,حسن آباد,078258,6
33055,2593,حسین آباد,078259,6
33056,2593,حیدرآباد,078260,6
33057,2593,خمک,078261,6
33058,2593,خیرآباد,078262,6
33059,2593,زرسفید,078264,6
33060,2593,زیادآباد,078265,6
33061,2593,سرو گر,078266,6
33062,2593,سلیمان آباد,078267,6
33063,2593,سه چاه,078268,6
33064,2593,شمس آباد,078269,6
33065,2593,صادق آباد,078270,6
33066,2593,علی آباد,078271,6
33067,2593,موردک,078272,6
33068,2593,کوشک سرخ,078274,6
33069,2593,گودکلور,078276,6
33070,2593,له قربانی سفلی,078278,6
33071,2593,له قربانی علیا,078279,6
33072,2593,محمودآباد سفلی,078280,6
33073,2593,محمودآباد علیا,078281,6
33074,2593,معین آباد,078282,6
33075,2593,مقابری,078283,6
33076,2593,نارک جهان زیر,078284,6
33077,2593,نارک قاسمی,078285,6
33078,2593,وکیل آباد,078286,6
33079,2593,ولی آباد,078287,6
33080,2593,یوزدان,078288,6
33081,2593,پلیس راه شیراز فسا,078348,6
33082,2593,تلمبه داوود فاموری,078351,6
33083,2593,تلمبه محمدحسن سلیمانپور,078352,6
33084,2593,مزرعه طرح گسترش کچویه,078396,6
33085,2593,تلمبه جبار دشتی,078408,6
33086,2593,علی آباد سرخه,370413,6
33087,2593,ایستگاه نیروی برق فسا,370414,6
33088,2593,چاه شور,370415,6
33089,2593,بدنه شیر,372380,6
33090,2593,پاسگاه انتظامی میان جنگل,372785,6
33091,2593,تلمبه حاج رضا جوکار,372786,6
33092,2593,تل بادامی,372787,6
33093,2593,تلمبه عمیق عشایر,372789,6
33094,2593,مزرعه مروجی,372790,6
33095,2593,ایستگاه کشاورزی میان جنگل,373259,6
33096,2593,کاروانسرای بالشتو,373266,6
33097,2593,چاه علی بش کار,373267,6
33098,2593,تلمبه عبدالرضا کرمی,373268,6
33099,2593,تلمبه نیمه عمیق امامزاده سید میرحسین,373592,6
33100,2593,کارخانه آسفالت اداره راه و ترابری فسا,373593,6
33101,2593,انبار مکانیزه گندم,373595,6
33102,2593,کارخانه باطزی سازی,373596,6
33103,2593,سنگبری توکلی,373754,6
33104,2593,شمس آباد کچویه,373755,6
33105,2593,فتح آباد,373757,6
33106,2593,مزرعه گروه 15 نفری,373758,6
33107,2593,شهرک شهید رجایی,373759,6
33108,2593,پمپ بنزین,907308,6
33109,2593,گله دانی سیاوش سلیمی,907309,6
33110,2593,منطقه صنعتی,907310,6
33111,2593,شرکت پنبه طلا سفید فسا,907355,6
33112,2593,گاوداری غلامی,907357,6
33113,2594,چنار سپاه دانش,078362,6
33114,2594,دم تنگ شور,078366,6
33115,2594,رحیم آباد قاش کنج,078371,6
33116,2594,شاه ابوالفتح,078373,6
33117,2594,صغاد,078376,6
33118,2594,کاظم آباد,078383,6
33119,2594,مزرعه آب گرم,078392,6
33120,2594,فیروزی,078393,6
33121,2594,کریمی,078397,6
33122,2594,مهدی آباد,078400,6
33123,2594,احمدآباد,078470,6
33124,2594,اسماعیل آباد,078471,6
33125,2594,اکبرآباد بالا,078472,6
33126,2594,اکبرآباد پایین,078473,6
33127,2594,بادامیز,078474,6
33128,2594,باغ جعفری,078475,6
33129,2594,بیدزرد,078477,6
33130,2594,تباتو,078478,6
33131,2594,جون آباد,078479,6
33132,2594,دستجه,078480,6
33133,2594,ده باد,078481,6
33134,2594,دهدشت,078482,6
33135,2594,رحمت آباد,078483,6
33136,2594,شورجه,078485,6
33137,2594,صحرارود,078486,6
33138,2594,علی آباد,078488,6
33139,2594,قلعه رییسی,078490,6
33140,2594,قنات نو,078491,6
33141,2594,محمودآباد,078492,6
33142,2594,مزرعه افضل آباد,078493,6
33143,2594,تاج آباد,078494,6
33144,2594,مزرعه ملاهادی,078495,6
33145,2594,نظام آباد,078496,6
33146,2594,امامزاده شاه غریب,370417,6
33147,2594,بستانه,370421,6
33148,2594,کارگاههای صنعتی فسا,372791,6
33149,2594,بنکوی عرب کوچی,372792,6
33150,2594,تولایی,372793,6
33151,2594,ویزران,372794,6
33152,2594,دامداری جمالی/بلوک زنی,372795,6
33153,2594,ساختمان کنارپل,372796,6
33154,2594,تلمبه کناررود,372799,6
33155,2594,نجف آباد,373487,6
33156,2594,رضوانیه فسا,373488,6
33157,2594,گاوداری بردبار,373760,6
33158,2594,مرغداری ذاکری,373761,6
33159,2594,سعدآباد,807032,6
33160,2594,شرکت عمران باغ فسا,807036,6
33161,2594,سه کنج,807037,6
33162,2594,مرغداری رفیعی,907314,6
33163,2594,شرکت تعاونی تولید گوساله پروارگستر فارس,907315,6
33164,2594,کارخانه تولید اکسیژن,907316,6
33165,2594,ذرت خشک کنی ناصر قهاری,907317,6
33166,2594,مجتمع های گاوداری,907356,6
33167,2594,ذرت خشک کنی,907360,6
33168,2595,جعفرآباد بیست و پنج چاهی,078015,6
33169,2595,آب گرم,078337,6
33170,2595,آب نارک,078338,6
33171,2595,اکبرآباد سردشت,078339,6
33172,2595,بانیان,078343,6
33173,2595,برمشاد,078344,6
33174,2595,بنه رز,078346,6
33175,2595,پاسگاه ژاندارمری پوزه زرجان,078347,6
33176,2595,تنگ سیمین,078353,6
33177,2595,تنگ کرم,078355,6
33178,2595,چاه بنه,078358,6
33179,2595,چاه پهن,078359,6
33180,2595,چاه دولت,078360,6
33181,2595,چشمه باغی,078361,6
33182,2595,حسین آباد هارم,078364,6
33183,2595,خیرآباد,078365,6
33184,2595,دشت احمد,078368,6
33185,2595,رحمت آباد,078370,6
33186,2595,شهرستان,078375,6
33187,2595,صلو,078377,6
33188,2595,عمادآباد,078378,6
33189,2595,قهوه خانه زرجان,078379,6
33190,2595,کارخانه قیر اطلس,078380,6
33191,2595,کته نو,078384,6
33192,2595,کوشک بانیان,078385,6
33193,2595,کوشک قاضی,078386,6
33194,2595,کهنکویه,078387,6
33195,2595,ماسه شویی جوکار,078388,6
33196,2595,مزرعه زرجان,078394,6
33197,2595,زیتونک,078395,6
33198,2595,مزرعه هارونک,078398,6
33199,2595,نورآباد,078401,6
33200,2595,هارم,078402,6
33201,2595,شصتگان,078484,6
33202,2595,فرودگاه فسا,078489,6
33203,2595,سلامت آباد,078561,6
33204,2595,جعفرآباد,370424,6
33205,2595,کارخانه سنگ مرمر سب,372800,6
33206,2595,باغ دکتر منصور زاهدی,372808,6
33207,2595,دامداری محمد فیروزی,372809,6
33208,2595,رضاآباد,372810,6
33209,2595,تلمبه دستانی,373260,6
33210,2595,سنگبری وهب,373502,6
33211,2595,سنگبری فیروزه نما,373503,6
33212,2595,تلمبه حمایت از زندانیان,373508,6
33213,2595,کارخانه ذرت خشک کنی,373509,6
33214,2595,پادگان سپاه,373511,6
33215,2595,خوابگاه دانشگاه آزاد اسلامی,373514,6
33216,2595,ریسندگی و پشم ریسی زرین نخ,373556,6
33217,2595,سنگ شکن شهرداری,373598,6
33218,2595,اردوگاه چند منظوره هلال احمر,373599,6
33219,2595,مرکز آموزش فنی و حرفه ای,373600,6
33220,2595,تامین آب آشامیدنی شهرک الزهرا,373601,6
33221,2595,گاوداری شکوهی,373602,6
33222,2595,شهر دانشگاهی دانشگاه آزاد اسلامی,373603,6
33223,2595,شرکت تعاونی 555 فسا,373604,6
33224,2595,تلمبه دویست هکتاری دانشگاه آزاد اسلامی,373605,6
33225,2595,معدن سنگ آهک زیتونک,373607,6
33226,2595,دامداری ابراهیمی,807110,6
33227,2595,شرکت پانل,907327,6
33228,2595,مجتمع صنعتی,907328,6
33229,2595,مجتمع مزارع کارکنان دادگستری,907329,6
33230,2595,مرغداری رحیمی,907330,6
33231,2595,ساختمان اداره زندان فسا,907331,6
33232,2595,کارگاه های بین جاده ای فسا,907332,6
33233,2595,تیرچه بلوک اکبرزاده,907334,6
33234,2595,تیرچه بلوک ایادگستر,907335,6
33235,2595,کارخانه سنگبری,907336,6
33236,2595,کارگاههای بین راهی جاده فسا زاهدشهر,907337,6
33237,2596,تنگ مجد,078014,6
33238,2596,شورابه,078028,6
33239,2596,صالح آباد,078029,6
33240,2596,یاسریه,078154,6
33241,2596,آغل سنگی,078539,6
33242,2596,قلعه اسفندیاری,078540,6
33243,2596,بابا شیخ علی,078542,6
33244,2596,باقرآباد سفلی,078543,6
33245,2596,باقرآباد,078544,6
33246,2596,تلمبه اکبر صادقی,078545,6
33247,2596,تلمبه بیرومی,078546,6
33248,2596,غیاث آباد,078548,6
33249,2596,جعفرآباد,078549,6
33250,2596,جلیان,078550,6
33251,2596,حسن آباد,078551,6
33252,2596,حسین آباد,078552,6
33253,2596,مزرعه دشتکی,078553,6
33254,2596,دودج آباد,078554,6
33255,2596,دولت آباد,078555,6
33256,2596,دولت آباد/غیاث آباد,078556,6
33257,2596,ده شیب خانی,078557,6
33258,2596,ده شیب میرزا حسنی,078558,6
33259,2596,رضاآباد,078559,6
33260,2596,شیدانک,078562,6
33261,2596,صادق آباد,078563,6
33262,2596,صدرآباد,078564,6
33263,2596,بنکوی عشایر میرکی,078565,6
33264,2596,محمدآباد,078568,6
33265,2596,محمدآباد,078569,6
33266,2596,مزرعه چاری,078571,6
33267,2596,موردی,078572,6
33268,2596,مهدی آباد,078573,6
33269,2596,مزرعه نعلکی,078574,6
33270,2596,واصل آباد,078576,6
33271,2596,هادی آباد,078577,6
33272,2596,تلمبه تش برقی,370408,6
33273,2596,کف رودخانه,370409,6
33274,2596,چهل سنگاوه,370410,6
33275,2596,باغ عیسی,372422,6
33276,2596,تلمبه هادی,372811,6
33277,2596,تلمبه صادقی,372812,6
33278,2596,پاسگاه انتظامی جلیان,373393,6
33279,2596,شهرک صنعتی فسا,373611,6
33280,2596,تلمبه آب و فاضلاب 5,373765,6
33281,2596,پاسگاه انتظامی فسا و داراب,374049,6
33282,2596,بیخه دراز,374107,6
33283,2596,کارگاه شن و ماسه,907342,6
33284,2596,سالن پذیرایی ابوذر,907343,6
33285,2596,کارتن سازی بختیاری,907344,6
33286,2596,پمپ بنزین,907345,6
33287,2596,کارخانه آجر جمالی,907346,6
33288,2596,گاوداری سینایی,907347,6
33289,2596,مرغداری,907348,6
33290,2596,تالار پذیرایی شب رویایی,907349,6
33291,2596,منطقه گود سرخک,907350,6
33292,2596,مجموعه تلمبه های آب و فاضلاب,907351,6
33293,2596,امامزاده غیب الله,907352,6
33294,2596,نوبندگان,907353,6
33295,2596,ایستگاه فشارگاز دولت آباد,907354,6
33296,2596,رستوران راهیان شب,907358,6
33297,2596,گاوداری عزیزی,907359,6
33298,2596,مرغداری ابراهیمی,907361,6
33299,2596,گاوداری ترابی,907362,6
33300,2597,امامزاده گنجو,077810,6
33301,2597,آب توتره,078851,6
33302,2597,کنارسیاه,078910,6
33303,2597,آب سنج,079358,6
33304,2597,آتشکده,079362,6
33305,2597,احمدآباد,079363,6
33306,2597,امامزاده جعفر,079364,6
33307,2597,امین آباد,079366,6
33308,2597,بابا کمال,079368,6
33309,2597,بایگان,079373,6
33310,2597,شرکت نوین فیروزگاز,079375,6
33311,2597,جهادآباد,079380,6
33312,2597,حسین آباد سارویی,079390,6
33313,2597,حسین آباد سرگر,079391,6
33314,2597,خرقه,079393,6
33315,2597,خویدجان,079395,6
33316,2597,خوید مبارکی,079396,6
33317,2597,تلمبه های خیرآباد,079397,6
33318,2597,اسلام آباد,079402,6
33319,2597,ده بالای خرقه,079403,6
33320,2597,ده برم,079404,6
33321,2597,ده بین,079405,6
33322,2597,ده نو,079406,6
33323,2597,مزرعه رضا قاسمی,079408,6
33324,2597,سر تل,079412,6
33325,2597,سرگر,079414,6
33326,2597,سهل آباد,079418,6
33327,2597,خانه معلم,079426,6
33328,2597,قلعه دختر,079428,6
33329,2597,کارگاه منبع آب,079432,6
33330,2597,کلیسان,079433,6
33331,2597,کمال آباد,079434,6
33332,2597,کی زرین,079436,6
33333,2597,لهراسب,079439,6
33334,2597,مزرعه امامزاده اسماعیل,079446,6
33335,2597,مزرعه امامزاده امراله,079447,6
33336,2597,مزرعه امامزاده سید احمد,079448,6
33337,2597,مزرعه امامزاده عبداله,079449,6
33338,2597,مزرعه جواد نجفی,079452,6
33339,2597,مزرعه حسن آباد,079453,6
33340,2597,مزرعه ده دیناری,079456,6
33341,2597,مزرعه ده شهر,079457,6
33342,2597,سلامت آباد,079458,6
33343,2597,مزرعه طرح کادشماره 2,079460,6
33344,2597,مزرعه لردخون,079462,6
33345,2597,مزرعه منصوری,079465,6
33346,2597,شرکت یگان دشت,079468,6
33347,2597,منارویه,079471,6
33348,2597,منبع آب فیروزآباد,079472,6
33349,2597,مورج شهرک,079473,6
33350,2597,موردستان,079474,6
33351,2597,موشکان,079475,6
33352,2597,نارک بلو کهلو,079476,6
33353,2597,نودران,079478,6
33354,2597,هنرستان شهید رجایی,079479,6
33355,2597,مزرعه فرود شهبازی,265621,6
33356,2597,مزرعه حسین حیدری,371627,6
33357,2597,مزرعه طرح کادشماره 1,371628,6
33358,2597,نجف آباد,371645,6
33359,2597,شهرک صنعتی فیروزآباد,371677,6
33360,2597,مزرعه لهراسب شهبازی,372203,6
33361,2597,باغ کاکاجان بک,372839,6
33362,2597,مزرعه مشتجان,372841,6
33363,2597,گله داری الخاص نجفی,372842,6
33364,2597,مظفر رضایی,372843,6
33365,2597,مزرعه منوچهر نجفی,372844,6
33366,2597,گله داری عوض عطایی,372852,6
33367,2597,پادگان آموزشی خاتم الانبیاء,373428,6
33368,2597,برنجکوبی نارنجی و زمانی,373430,6
33369,2597,کارگاه آسفالت شهرداری,373431,6
33370,2597,تل بخصی,807091,6
33371,2597,آثار تاریخی تنگاب,907365,6
33372,2597,ایستگاه برق,907366,6
33373,2597,ایستگاه پمپاژ گاز,907367,6
33374,2597,پارک جنگلی آبشار خرقه,907368,6
33375,2597,تنگ خرقه منطقه عشایرنشین,907369,6
33376,2597,دامداری تمدن غضنفری,907372,6
33377,2597,دامداری چراغ جعفری,907373,6
33378,2597,ذرت خشک کنی براتی,907375,6
33379,2597,شرکت آجر فشاری همتا فیروزآباد,907377,6
33380,2597,شرکت فیروزدانه,907378,6
33381,2597,کارخانه کود بصیری خاکی,907380,6
33382,2597,کارگاه ذرت خشک کنی فیروزآباد آسفالت,907381,6
33383,2597,کوره آجر فریدونی,907382,6
33384,2597,گاوداری حاج عوض,907383,6
33385,2597,گاوداری فعلی(مزرعه),907384,6
33386,2597,تنگ آب,907385,6
33387,2597,مجموعه کوره های آجرپزی فرزاد,907386,6
33388,2597,مرغداری مرادی,907387,6
33389,2597,مرغداری رجایی,907388,6
33390,2597,مرکز بهداشتی درمانی ناصر اسلامی,907389,6
33391,2597,مزرعه فضل الله رازی,907390,6
33392,2597,مزرعه کاکاجان بک,907391,6
33393,2597,مزرعه محمد حسین سلطانی,907392,6
33394,2597,مزرعه و دامداری جیحونی,907393,6
33395,2597,دامداری حبیب تاجیک,907394,6
33396,2597,ذرت خشک کنی بزازان,907395,6
33397,2597,امامزاده عبداله,907396,6
33398,2597,موزاییک سازی یعقوبی,907493,6
33399,2598,مزرعه آب انجیره,078656,6
33400,2598,آب چنار,078659,6
33401,2598,آب حسین,078660,6
33402,2598,آب شیرین,078661,6
33403,2598,بابا نجم,078665,6
33404,2598,بالقلو,078675,6
33405,2598,پنج شیر,078681,6
33406,2598,خبیص,078690,6
33407,2598,خانی آب,078697,6
33408,2598,دهرود,078702,6
33409,2598,دوشکفت,078705,6
33410,2598,کناردان,078720,6
33411,2598,بنکوی عشایر شبانکاره,078751,6
33412,2598,مزرعه حسن آقا,078752,6
33413,2598,چال کوچک,078753,6
33414,2598,چال بزرگ,078754,6
33415,2598,بنکوی شش بلوکی,078757,6
33416,2598,مزرعه درانگو,078759,6
33417,2598,چاه تلخ ده رود,078760,6
33418,2598,توپانجیره,078761,6
33419,2598,کفه میدانک,078762,6
33420,2598,مزرعه کان زرد,078763,6
33421,2598,بنکوی یالمعلی و بیات,078764,6
33422,2598,آب بادامو,079356,6
33423,2598,آب دزدویه,079357,6
33424,2598,آب قلات,079359,6
33425,2598,آبسرو,079360,6
33426,2598,آب عراق,079361,6
33427,2598,امامزاده سلطان غیب,079365,6
33428,2598,بید شهرک,079376,6
33429,2598,مزرعه رجب علی قدم خیر,079379,6
33430,2598,گله داری غلامحسین ملک پور,079382,6
33431,2598,جایدشت,079383,6
33432,2598,چاه شیب,079384,6
33433,2598,چهارقاش,079389,6
33434,2598,خلدرازگودا,079394,6
33435,2598,مزرعه دزدکویه,079400,6
33436,2598,دوتو جهان,079401,6
33437,2598,دهویه,079407,6
33438,2598,رودبال,079409,6
33439,2598,روزبدان,079410,6
33440,2598,قلات زنگویه,079411,6
33441,2598,شاه خنک,079419,6
33442,2598,مزرعه شکراله شکری,079422,6
33443,2598,شهرک شهید دستغیب,079423,6
33444,2598,عرب فتح آباد,079427,6
33445,2598,گودای بالا,079438,6
33446,2598,مزرعه اب ماهی,079444,6
33447,2598,مزرعه بی بی زهره سیف آباد,079451,6
33448,2598,مزرعه دریشک,079455,6
33449,2598,مزرعه حبیب محمدی,079459,6
33450,2598,مزرعه محبی,079463,6
33451,2598,مزرعه نظر زارع,079467,6
33452,2598,کریمه,079470,6
33453,2598,بلبل صفایی,372224,6
33454,2598,تعاونی عشایر بابانجم شهید جهانپور,372850,6
33455,2598,تنگ دهویه,372851,6
33456,2598,مزرعه طرح کاد,372853,6
33457,2598,شرکت بهربرداری نفت و گاز زاگرس جنوبی,373798,6
33458,2598,شهیدان بهزادی,595953,6
33459,2598,کمپ سد هایقر,707012,6
33460,2598,ماسه شویی رضایی,707015,6
33461,2598,ماسه شویی صادقی,707016,6
33462,2598,پتروشیمی فیروزآباد,707017,6
33463,2598,اسکان عشایر قلعه ملاجلیل,707018,6
33464,2598,دهگاه,734066,6
33465,2598,ایستگاه پمپاژ گاز,907410,6
33466,2598,ایستگاه گاز AM4 آسفالت,907411,6
33467,2598,ایستگاه گاز AM5 آسفالت,907412,6
33468,2598,برنجکوبی صدف,907413,6
33469,2598,جبل انارویه,907414,6
33470,2598,دامداری ایاض وزیری,907415,6
33471,2598,دامداری حاج صفا بهروزی خاکی,907416,6
33472,2598,امیرآباد (جدید),907417,6
33473,2598,سنگبری کشکولی,907418,6
33474,2598,شهرک جدید شهید موصلو,907419,6
33475,2598,شهرک مسکونی بابا نجم آسفالت,907420,6
33476,2598,گاوداری فلک ناز شمشیری,907421,6
33477,2598,گلخانه رنجبر,907422,6
33478,2598,ماسه شویی سنگ شکن فیروزآباد,907423,6
33479,2598,مخزن آب (منطقه ملای فهله) (منطقه کریمه),907424,6
33480,2598,مرغداری انتظام,907425,6
33481,2598,مزرعه آموزشی تحقیقاتی جایدشت,907426,6
33482,2598,مزرعه حسن کریمی,907427,6
33483,2598,مزرعه روزبه خلوتی,907428,6
33484,2598,مزرعه فرهادی زراعی و مسکونی,907429,6
33485,2598,مزرعه کاظم نجفی,907430,6
33486,2598,منطقه بالقلو,907431,6
33487,2598,منطقه تنگ لای پیر/منطقه ملای فهله,907432,6
33488,2598,منطقه گاز زاگرس جنوبی,907433,6
33489,2598,منطقه گود باغ,907434,6
33490,2598,ایستگاه پمپاژ آب,907466,6
33491,2598,منطقه میدانک,907506,6
33492,2598,منطقه ملای فهله,907507,6
33493,2598,دو قلات,907508,6
33494,2598,گود پرته,907555,6
33495,2599,آبگل,079718,6
33496,2599,امیرسالار علیا,079720,6
33497,2599,باغات تنگ زیره ای,079721,6
33498,2599,پرزیتون,079722,6
33499,2599,تنگ بیدخون,079724,6
33500,2599,تنگ خرسان,079726,6
33501,2599,تنگ ریز,079727,6
33502,2599,چاه بید,079728,6
33503,2599,چم محمودآباد,079729,6
33504,2599,چهاربید سرتنگ,079730,6
33505,2599,مزرعه مشهدی قربان,079731,6
33506,2599,حرمیان,079732,6
33507,2599,خلف,079733,6
33508,2599,صحرا سفید,079735,6
33509,2599,کوره گچ مهنوی,079736,6
33510,2599,گاوداری حقیقت,079737,6
33511,2599,شرکت گل سرخ میمند,079739,6
33512,2599,گنگ,079740,6
33513,2599,گودکهلویه,079741,6
33514,2599,له آب,079742,6
33515,2599,مجدآباد,079743,6
33516,2599,مزارع محمودآباد,079744,6
33517,2599,مزرعه تلمی,079745,6
33518,2599,مزرعه محبتی,079746,6
33519,2599,گردنه مینو,370346,6
33520,2599,پاسگاه ژاندارمری کوشک تنگ,371699,6
33521,2599,تنگ سرخ,372845,6
33522,2599,مزرعه جوغنی,372846,6
33523,2599,مزرعه محمد مظفریان,372847,6
33524,2599,تلمبه عسکر اکبری,372848,6
33525,2599,مزرعه یونس حمیدی,372849,6
33526,2599,مزرعه محمدکرم شریفی,373299,6
33527,2599,بست دوراه,373729,6
33528,2599,مزرعه فرج فلامرزی,374106,6
33529,2599,دامداری عبدالله اللهیاری,907397,6
33530,2599,دامداری گنک خاکی,907398,6
33531,2599,شرکت گلشهر میمند,907399,6
33532,2599,کندوسازی میمند,907400,6
33533,2599,مجموعه بلوکهای برون شهری,907401,6
33534,2599,مرغداری مهدی صفری,907402,6
33535,2599,مزرعه حاج علی عباس رضایی,907403,6
33536,2599,مزرعه معصومی,907404,6
33537,2599,منطقه تنگ گرگی,907405,6
33538,2599,منطقه رخ تنگ,907406,6
33539,2599,منطقه قدمگاه دوازده امام,907407,6
33540,2599,منطقه تنگ سیلی,907408,6
33541,2599,منطقه گود آشوری,907409,6
33542,2600,ابراهیم آباد,079604,6
33543,2600,امامزاده پیرسخت,079606,6
33544,2600,امامزاده حمزه علی,079607,6
33545,2600,امامزاده سید عبادالدین,079608,6
33546,2600,امامزاده شاه غیب,079609,6
33547,2600,امامزاده محمد,079610,6
33548,2600,امامزاده پیرقاضی,079611,6
33549,2600,باغ نارک,079613,6
33550,2600,باغ شیخ,079614,6
33551,2600,باغ مهندس کشکولی,079615,6
33552,2600,باوریان,079616,6
33553,2600,برگ توت,079617,6
33554,2600,بنکودوتوی خشک,079618,6
33555,2600,بنکوی رجبی,079619,6
33556,2600,بنکوی عسکری,079620,6
33557,2600,بنکوی کاظمی,079621,6
33558,2600,بنکوی مختاری,079622,6
33559,2600,بنکوی ویسی,079623,6
33560,2600,بنه خفرک,079624,6
33561,2600,بورزکان,079625,6
33562,2600,بردکان,079626,6
33563,2600,پشمه ای,079627,6
33564,2600,تنگ ناری,079629,6
33565,2600,جانی آباد,079631,6
33566,2600,جمارجان,079632,6
33567,2600,جوکان,079633,6
33568,2600,چنارسوخته,079634,6
33569,2600,حنیفقان,079635,6
33570,2600,خیرآباد,079636,6
33571,2600,دارنجان لر,079637,6
33572,2600,زنجیران,079638,6
33573,2600,سعادت آباد,079639,6
33574,2600,سه چاه کوه سرخ,079640,6
33575,2600,سیریزجان گله زن مزارعی,079641,6
33576,2600,سریزجان نمدی,079642,6
33577,2600,شرکت پارادیس,079643,6
33578,2600,مزرعه شش پیر,079644,6
33579,2600,عزیزآباد,079645,6
33580,2600,قصر عاصم,079646,6
33581,2600,قهوخانه عدال,079647,6
33582,2600,کندران,079648,6
33583,2600,اسماعیل آباد,079649,6
33584,2600,مرادآباد,079650,6
33585,2600,مزرعه رشیدی,079651,6
33586,2600,سفیدان,079652,6
33587,2600,مزرعه شهبازی,079653,6
33588,2600,مزرعه قوام آباد,079654,6
33589,2600,مزرعه کاکاجان برزگری,079655,6
33590,2600,مزرعه مراد معصومی,079656,6
33591,2600,مزرعه هوشنگ سلطانی,079657,6
33592,2600,موک,079658,6
33593,2600,مهکویه سفلی,079659,6
33594,2600,پر سفید,079723,6
33595,2600,دره ابنو,079734,6
33596,2600,تلمبه نورمحمد,371652,6
33597,2600,امامزاده پیر ترک,371656,6
33598,2600,مهکویه علیا,371659,6
33599,2600,چشمه بلوقو,371668,6
33600,2600,سیریزجان گله زن ابوالحسن بیگی,371669,6
33601,2600,ایستگاه مخابراتی,372208,6
33602,2600,نجف آباد سرخی,372212,6
33603,2600,وحدت آباد,372213,6
33604,2600,مزرعه شریف جوکار,372854,6
33605,2600,انجیره گوخاست,372857,6
33606,2600,کارگاه تولید شن و ماسه,372858,6
33607,2600,مرکزخدمات روستایی,372860,6
33608,2600,گاوداری مرادی,373426,6
33609,2600,کوره گچ پزی قنبری,373427,6
33610,2600,تاسیسات سد تنگاب,373727,6
33611,2600,شهرک صنعتی فیروزآباد (مرادآباد),373799,6
33612,2600,کارخانه سیمان فارس نو,374097,6
33613,2600,پاسگاه انتظامی موک,807062,6
33614,2600,امامزاده شاهزاده محمد,907435,6
33615,2600,ایستگاه برق,907436,6
33616,2600,ایستگاه پمپاژ گاز,907437,6
33617,2600,ایستگاه گاز,907438,6
33618,2600,باغ ده بزرگی,907439,6
33619,2600,برنجکوبی تمیزکار,907440,6
33620,2600,برنجکوبی ممتاز,907441,6
33621,2600,پاسگاه انتظامی جوکان,907442,6
33622,2600,پمپ بنزین عباس زاده,907443,6
33623,2600,تفریحگاه چهل چشمه,907444,6
33624,2600,منطقه مهد ریحانه,907445,6
33625,2600,منطقه همت آباد,907446,6
33626,2600,شرکت تعاونی عشایری غلامرضا غلامی,907447,6
33627,2600,شرکت کیک و کلوچه لپ لپ,907448,6
33628,2600,کارگاه تولید شن و ماسه سد تنگاب,907449,6
33629,2600,کارگاه صنعتی سید محمد مهدی آذرنیا (شرکت تعاونی 145),907450,6
33630,2600,گاوداری مراد دانشور,907451,6
33631,2600,مجموعه تلمبه های کشکولی,907452,6
33632,2600,مرغداری فیروزآباد,907453,6
33633,2600,مرغداری مهندس طیبی,907454,6
33634,2600,مزرعه بابک کشکولی,907455,6
33635,2600,منطقه تنگ زرد,907456,6
33636,2600,منطقه حاج اری,907457,6
33637,2600,منطقه عشایرنشین مهزخانی,907458,6
33638,2600,منطقه لیسو,907459,6
33639,2600,کارگاه عملیات سدسازی پایین دره,907460,6
33640,2600,تلمبه بیات,907464,6
33641,2600,کره داشی,907505,6
33642,2601,آب سوراخ,077804,6
33643,2601,نبات,077815,6
33644,2601,بیدستان,077819,6
33645,2601,چنارسوخته,077828,6
33646,2601,خبره,077835,6
33647,2601,دادنجان,077841,6
33648,2601,مزرعه فاریاب دشت,077847,6
33649,2601,زینل مردانی,077856,6
33650,2601,ساختمان رییسی,077857,6
33651,2601,اشکفت زون,077865,6
33652,2601,گیاه زار,077879,6
33653,2601,مزرعه پهنا,077883,6
33654,2601,مورجان,077892,6
33655,2601,میگلی,077893,6
33656,2601,ساختمان شورکی,371670,6
33657,2601,کمیلی,372215,6
33658,2601,انارمهر,372216,6
33659,2601,سمنگ,372217,6
33660,2601,ورمال,707030,6
33661,2601,بست کنگری,907461,6
33662,2601,پاسگاه انتظامی دادنجان,907462,6
33663,2601,منطقه نیدو,907463,6
33664,2602,اسدآباد دره آب,080363,6
33665,2602,اسلام آباد,080365,6
33666,2602,املاک,080367,6
33667,2602,ایلان,080369,6
33668,2602,باغ دشت خان نشین,080370,6
33669,2602,بلبک,080372,6
33670,2602,بیدزرد,080374,6
33671,2602,بیدگان,080375,6
33672,2602,بیکوه,080376,6
33673,2602,پریزادلو,080377,6
33674,2602,پشت پر سلیمان,080378,6
33675,2602,تل بیدکان,080382,6
33676,2602,تل گاو,080385,6
33677,2602,تلمبه مرتضی خان,080387,6
33678,2602,جدول ترکی,080389,6
33679,2602,جره,080390,6
33680,2602,جوالیقان,080392,6
33681,2602,چهارطاق,080397,6
33682,2602,ابوالحسنی,080398,6
33683,2602,حسن آباد سفلی,080399,6
33684,2602,حسن آباد علیا,080400,6
33685,2602,حسین آباد سرمشهد,080401,6
33686,2602,خرم زار,080406,6
33687,2602,ده نو,080410,6
33688,2602,رباطک,080411,6
33689,2602,زرین کوه,080413,6
33690,2602,سیریزجان,080420,6
33691,2602,سویس,080421,6
33692,2602,شاملو,080423,6
33693,2602,شیب تنگ,080426,6
33694,2602,قصر علی,080435,6
33695,2602,کانرود,080438,6
33696,2602,کته خفر سفلی,080439,6
33697,2602,کته خفر علیا,080440,6
33698,2602,گود گاه,080442,6
33699,2602,گرازروی,080445,6
33700,2602,گیخ,080447,6
33701,2602,محمدآباد,080448,6
33702,2602,آبگرم,080449,6
33703,2602,نرجس آباد,080450,6
33704,2602,والی آباد,080452,6
33705,2602,حسن آباد آب کنار,080599,6
33706,2602,ولیدآباد,080648,6
33707,2602,تل شوره,370467,6
33708,2602,امامزاده سید محمدحسین,370482,6
33709,2602,مزرعه مرادعلی پایمردی,372861,6
33710,2602,آبگرم پیر صحابی,372862,6
33711,2602,امامزاده پیرصحابی,372863,6
33712,2602,مهارزیر,372864,6
33713,2602,آب میک,373480,6
33714,2602,زمان آباد,707057,6
33715,2602,مزرعه حاجی آباد,807026,6
33716,2602,باغ حسینی,807093,6
33717,2602,میدانک,807124,6
33718,2602,شرکت تعاونی روستایی,807127,6
33719,2602,قرم شاملو,807134,6
33720,2602,گلخانه زراعی بلبلک,807153,6
33721,2602,ماسه شویی حسینی,807155,6
33722,2602,گاوداری شفیعی,807156,6
33723,2602,منطقه املاک محل عشایر,807173,6
33724,2602,منطقه نرگس زار بالاده و جره,807176,6
33725,2602,شمس آباد,907489,6
33726,2602,شور عبدالعلی خانی,907537,6
33727,2603,بنستان,080079,6
33728,2603,پوسکان,080086,6
33729,2603,خنگ سبز,080091,6
33730,2603,ارج آباد,080362,6
33731,2603,اسدآباد,080364,6
33732,2603,اولاد چلگو,080368,6
33733,2603,پلنگی,080379,6
33734,2603,تل سامان,080383,6
33735,2603,تل سبز,080384,6
33736,2603,تل نقاره,080386,6
33737,2603,غریب آباد,080388,6
33738,2603,جوادآباد,080391,6
33739,2603,چشمه شیرین,080393,6
33740,2603,چمن بهرام,080395,6
33741,2603,حسن آباد خان قلی,080402,6
33742,2603,حسین علی آباد,080403,6
33743,2603,حشمت آباد,080404,6
33744,2603,خان جان آباد,080405,6
33745,2603,دادین سفلی,080407,6
33746,2603,دادین علیا,080408,6
33747,2603,دره نیدان,080409,6
33748,2603,رضاآباد,080412,6
33749,2603,زیادآباد,080414,6
33750,2603,ساختمان حاج پرویز,080416,6
33751,2603,سرمشهد,080417,6
33752,2603,سه تلان,080422,6
33753,2603,مزرعه علوفه تعاون روستا,080428,6
33754,2603,ظهراب آباد,080429,6
33755,2603,علی آباد,080431,6
33756,2603,علی آباد موسه لی,080432,6
33757,2603,فتح آباد,080433,6
33758,2603,قربان آباد,080434,6
33759,2603,کنار مکتب,080441,6
33760,2603,کدار سفید,080444,6
33761,2603,نوروزآباد,080451,6
33762,2603,یاندرانلو,080453,6
33763,2603,مزرعه علی خان,372222,6
33764,2603,یوسف آباد,372865,6
33765,2603,شرکت تعاونی روستایی دادین,807128,6
33766,2604,کنار خشک,080631,6
33767,2604,مزرعه قرمزی,080639,6
33768,2604,ملااره,080642,6
33769,2604,اسلام آباد,080937,6
33770,2604,بگرا پالکی,080939,6
33771,2604,بیخک جروق,080940,6
33772,2604,بی بی هوری,080941,6
33773,2604,پریشان,080942,6
33774,2604,تنگ گاو,080943,6
33775,2604,درونک,080944,6
33776,2604,ده پاگاه,080945,6
33777,2604,سرطاوه,080946,6
33778,2604,سروک,080947,6
33779,2604,عرب گاومیشی,080949,6
33780,2604,قلعه میرزایی,080950,6
33781,2604,قلعه نارنجی,080951,6
33782,2604,کشاورزی,080953,6
33783,2604,کوشک باقری,080954,6
33784,2604,کوشک پس قلات,080955,6
33785,2604,شرکت چند منظوره صادق جهاد,080956,6
33786,2604,مهبودی سفلی,080957,6
33787,2604,مهبودی علیا,080958,6
33788,2604,میرچکک,080959,6
33789,2604,نرگس زار,080960,6
33790,2604,هلک,080961,6
33791,2604,بدو,370454,6
33792,2604,سی سختی,370461,6
33793,2604,قلات نیلو,370464,6
33794,2604,تلمبه غلام شاه و لطیف هاشمی,372869,6
33795,2604,ذرت خشک کنی شیبانی,807122,6
33796,2604,میانکوه,807177,6
33797,2604,کوشک خانی,907510,6
33798,2605,ایستگاه فشارشکن شماره 3,080008,6
33799,2605,بنه سید محمدرضا,080012,6
33800,2605,جعفرجن,080017,6
33801,2605,قهوه خانه آزادی,080026,6
33802,2605,کارگاه کارتن سازی خشت کوه,080027,6
33803,2605,مغیث آباد,080034,6
33804,2605,محل الدین,080035,6
33805,2605,امامزاده پیرسبز,080076,6
33806,2605,چرون,080089,6
33807,2605,رستوران حجت,372875,6
33808,2605,مجموعه ورزشی خشت کنارتخته,373580,6
33809,2605,ایستگاه گاز,707051,6
33810,2605,بلوک سازی حجت,807102,6
33811,2605,پارک جنگلی کنارتخته,807104,6
33812,2605,شرکت زرین پاک,807131,6
33813,2605,کارخانه آجر خاورمیانه,807136,6
33814,2605,مجتمع های صنعتی,807161,6
33815,2606,بناف,080078,6
33816,2606,بی بی مهلت,080080,6
33817,2606,پاسگاه اوج,080081,6
33818,2606,پاسگاه تونل پیسا,080082,6
33819,2606,مزرعه برگوشتی,080083,6
33820,2606,بکور,080084,6
33821,2606,تلخ آب,080087,6
33822,2606,دشت ماک,080092,6
33823,2606,ده کهنه کمارج,080093,6
33824,2606,دهله,080094,6
33825,2606,رودک,080095,6
33826,2606,کافه بهار,080100,6
33827,2606,کمارج,080106,6
33828,2606,کوره ابراهیمی,080107,6
33829,2606,کوره گچ مرادی,080108,6
33830,2606,کوره گچ دهقان,080109,6
33831,2606,محسن آباد,080111,6
33832,2606,مشایخ,080115,6
33833,2606,نوحی,080117,6
33834,2606,مزرعه علی نار حاجی پور,370563,6
33835,2606,تنگ مناره,370572,6
33836,2606,ایستگاه فشارشکن رودک,372876,6
33837,2606,تنگ شاه مرادی,372877,6
33838,2606,شرکت راه و ساختمان جونک,373579,6
33839,2606,مزرعه محمدکریم نوری,373822,6
33840,2606,کارخانه سنگ شویی,807137,6
33841,2606,کشت و صنعت کمارج,807141,6
33842,2606,مجتمع ماسه شویی,807159,6
33843,2607,ابوعلی,080546,6
33844,2607,احمدآباد پل آبگینه,080547,6
33845,2607,امامزاده سید سبز,080550,6
33846,2607,ایازآباد,080554,6
33847,2607,باغ حاج عوض,080559,6
33848,2607,باغ حسن,080560,6
33849,2607,باغ حاج سید محمدی,080562,6
33850,2607,باغ سید عباس عابد,080564,6
33851,2607,باغ گنجشک گیران,080567,6
33852,2607,باغ محمد موحد,080568,6
33853,2607,باغ مسجد اعلا,080569,6
33854,2607,باغ مظفریان,080570,6
33855,2607,باغ میرزا حسن محصلی,080571,6
33856,2607,باغ میرزایی,080572,6
33857,2607,باغ نو,080575,6
33858,2607,بلیان,080579,6
33859,2607,پاسگاه ژاندارمری پل آبگینه,080582,6
33860,2607,پاسگاه محیط بانی پریشان,080583,6
33861,2607,پل آبگینه,080584,6
33862,2607,پوزه بادی,080586,6
33863,2607,تلمبه اسماعیل فروتن و شرکاء,080589,6
33864,2607,تلمبه حاج سید حسن,080590,6
33865,2607,تلمبه مسلم,080591,6
33866,2607,حاجی آباد پل آبگینه,080597,6
33867,2607,خشک آباد,080602,6
33868,2607,درک ماه شوری,080607,6
33869,2607,مزرعه رجبعلی جلویز,080611,6
33870,2607,زوالی,080612,6
33871,2607,سردشتک,080613,6
33872,2607,سیف آباد,080614,6
33873,2607,صنایع سنگ کازرون,080615,6
33874,2607,شهرنجان,080617,6
33875,2607,علی آباد دوتو,080618,6
33876,2607,مزرعه علی اکبر صحرایی,080619,6
33877,2607,مزرعه فضل اله مهرجانی,080620,6
33878,2607,کرایی,080629,6
33879,2607,کمانکشی,080630,6
33880,2607,کارخانه برنج زنی لطف الله,080632,6
33881,2607,مرغداری قایم,080634,6
33882,2607,مزرعه سید رحمان,080638,6
33883,2607,مزرعه یوسفیان,080640,6
33884,2607,مشتان,080641,6
33885,2607,مهرنجان,080645,6
33886,2607,نصیرآباد,080647,6
33887,2607,چاه نفت,370608,6
33888,2607,مزرعه ملای بلوط,372323,6
33889,2607,مزرعه جهانگیر امیرعضدی,372324,6
33890,2607,مزرعه کرونی,372482,6
33891,2607,کوره گچ طاووسی,372880,6
33892,2607,نیروگاه برق,372881,6
33893,2607,مزرعه علی اکبر صحرایی,372882,6
33894,2607,معدن گچ محمد طاووسی,374050,6
33895,2607,ناصرآباد,374052,6
33896,2607,آسیاب پرویزی,807088,6
33897,2607,امامزاده سید سالار,807089,6
33898,2607,بلوک زنی چیدار,807099,6
33899,2607,بلوک زنی زارع,807100,6
33900,2607,بلوک زنی ولیعصر,807101,6
33901,2607,دامداری شفیعی,807114,6
33902,2607,دامداری صمیمی,807115,6
33903,2607,دامداری قنبری,807116,6
33904,2607,ذرت خشک کنی شفیعی,807121,6
33905,2607,کارگاه تیرچه فولاد سقف,807138,6
33906,2607,گاوداری احمد دهقان,807143,6
33907,2607,گاوداری باقری,807144,6
33908,2607,گاوداری دهقان,807146,6
33909,2607,گاوداری سید طبیبی,807147,6
33910,2607,گاوداری عمادی,807149,6
33911,2607,گاوداری یدالله,807152,6
33912,2607,مجتمع کشت صنعت حسن آباد,807157,6
33913,2607,مجتمع گاوداری بهمنی,807158,6
33914,2607,مجتمع های دامداری,807160,6
33915,2607,مجتمع های ملابلوط,807162,6
33916,2607,مجموعه باغهای جهرمی ها,807163,6
33917,2607,مرغداری داوودی,807164,6
33918,2607,مزرعه رحمت,807167,6
33919,2607,مزرعه سید رحمان,807168,6
33920,2607,مزرعه شمس عالم,807169,6
33921,2607,مزرعه ملابلوط,807171,6
33922,2607,منطقه آب خیرات,807172,6
33923,2607,منطقه دو باغ (هردو طرف جاده),807175,6
33924,2607,خدمات کشاورزی اسکندری,807188,6
33925,2607,کارخانه آجر,807190,6
33926,2607,گاوداری علی کرم,807191,6
33927,2607,انبارهای سنگ سیمان,907467,6
33928,2607,باغ تدین,907483,6
33929,2607,علی آباد میانکوه کرونی,907485,6
33930,2608,احمدآباد دریس,080548,6
33931,2608,طالقانی,080553,6
33932,2608,باغ تقی پیران,080557,6
33933,2608,باغ حاج علی,080558,6
33934,2608,باغ حسین صیدانی,080563,6
33935,2608,باغ قاسم خانی,080565,6
33936,2608,باغ کره,080566,6
33937,2608,بنه عابد,080580,6
33938,2608,بنه میرزا علی اکبر,080581,6
33939,2608,جام بزرگی,080595,6
33940,2608,حسن آباد,080598,6
33941,2608,خیرات آباد برکتک,080603,6
33942,2608,دامداریهای کازرون,080604,6
33943,2608,دریس,080608,6
33944,2608,قلعه سید,080621,6
33945,2608,کارخانه کاشی و سرامیک کازرون,080623,6
33946,2608,کاسکان,080628,6
33947,2608,مزرعه حسین رهایی,080637,6
33948,2608,ناصرآباد,080646,6
33949,2608,ایستگاه آبرسانی بوشکان,080754,6
33950,2608,پادگان آموزشی امام رضا,080756,6
33951,2608,مزرعه آزاد خانی,080757,6
33952,2608,امیرآباد,080760,6
33953,2608,باغ بهیه سلامی,080766,6
33954,2608,بوشکان میرزایی,080775,6
33955,2608,بهرام آباد,080776,6
33956,2608,جدس,080789,6
33957,2608,جهان آباد,080791,6
33958,2608,خدآباد,080798,6
33959,2608,خیرآباد کرونی,080799,6
33960,2608,دهنو بوشکان,080803,6
33961,2608,رستم آباد,080806,6
33962,2608,زرین آباد,080808,6
33963,2608,سلطان آباد,080812,6
33964,2608,نمک بلور کمارج /شرکت ایران باریت,080815,6
33965,2608,صدرآباد,080820,6
33966,2608,صمدآباد,080821,6
33967,2608,فتح آباد,080823,6
33968,2608,فرهادآباد,080824,6
33969,2608,مزرعه قمصور,080825,6
33970,2608,مزرعه کره اسک,080827,6
33971,2608,کوره گچ امیر خاوند,080829,6
33972,2608,محمدآباد,080837,6
33973,2608,معین آباد,080840,6
33974,2608,منصورآباد,080842,6
33975,2608,دامداری کاظم استوان,370532,6
33976,2608,کارگاه برنج زنی شاه کرمی,370533,6
33977,2608,میدان تره بار,370536,6
33978,2608,باغ نصیری,370538,6
33979,2608,دشتک,370546,6
33980,2608,دوان,370547,6
33981,2608,ایستگاه پمپاژ آب,370574,6
33982,2608,مزرعه خراسان عباس نیا,370606,6
33983,2608,عسگرآباد,372202,6
33984,2608,کارگاه فنی تدارکاتی جهادسازندگی,372219,6
33985,2608,سردخانه برادران پدرام,372883,6
33986,2608,علی آباد,372886,6
33987,2608,دانشگاه آزاد کازرون,372887,6
33988,2608,خسروآباد,372888,6
33989,2608,تنگ سری,372891,6
33990,2608,شرکت بسته بندی پارس خرما,372892,6
33991,2608,گله دانی حاج عسکر جوکار,372893,6
33992,2608,باغ دهقان,807094,6
33993,2608,خوابگاه دانشجویی,807109,6
33994,2608,مجتمع دامداری,807111,6
33995,2608,دامداری روح الله,807113,6
33996,2608,دامداری مزارعی,807118,6
33997,2608,دامداریهای ناصرآباد,807119,6
33998,2608,دانشکده فنی مهندسی,807120,6
33999,2608,کارگاههای جاده فراشبند,807139,6
34000,2608,کشت و صنعت غذایی کازرون,807142,6
34001,2608,گاوداری شاهپور دهقان,807148,6
34002,2608,گاوداری کاظم مختاری,807150,6
34003,2608,مزرعه کازرون,807170,6
34004,2608,ناحیه صنعتی شهید مصلحیان,807178,6
34005,2608,کارگاه سنگبری,807182,6
34006,2608,مرغداری,807183,6
34007,2608,کارگاههای بین راهی,807184,6
34008,2608,آموزش پایه یک,807185,6
34009,2608,شرکت گلباران,807186,6
34010,2608,زندان کازرون,807189,6
34011,2608,کارگاههای کازرون,807193,6
34012,2608,شرکت ابزارسازان فارس,907490,6
34013,2608,دم گراب,907492,6
34014,2608,دامداری حیدر قنبری,907494,6
34015,2608,غدیر,907519,6
34016,2609,پادگان پشتیبانی تنگ چوگان,080189,6
34017,2609,تنگ چوگان علیا,080199,6
34018,2609,تنگ چوگان سفلی,080201,6
34019,2609,تنگ چوگان سفلی درشوری,080202,6
34020,2609,تنگ چوگان علیا کشکولی,080203,6
34021,2609,تنگ چوگان وسطی,080204,6
34022,2609,اسلام آباد,080758,6
34023,2609,بازرنگان,080765,6
34024,2609,باغ عبدالحسین طباطبایی,080768,6
34025,2609,بیشاپور,080777,6
34026,2609,پنج محل,080780,6
34027,2609,حاجی آباد موزی,080794,6
34028,2609,دهنو انقلاب,080802,6
34029,2609,دهنو چمران,080805,6
34030,2609,سید حسین,080814,6
34031,2609,روستای شهید باهنر,080816,6
34032,2609,شیخی,080817,6
34033,2609,عمویی,080822,6
34034,2609,هفت پاره,080844,6
34035,2609,پاسگاه ژاندارمری تنگ چوگان,370517,6
34036,2609,پادگان سپاه,807187,6
34037,2610,انارستان,080761,6
34038,2610,برج سوخته سفلی,080769,6
34039,2610,برج سوخته علیا,080770,6
34040,2610,بوشکان دیلمی,080774,6
34041,2610,تل کوهک,080784,6
34042,2610,جعفرآباد,080790,6
34043,2610,حسین آباد دیلمی,080795,6
34044,2610,دره سگ کشته,080800,6
34045,2610,گچ خران,080832,6
34046,2610,گیرنده رادیو و تلویزیون,080835,6
34047,2611,بورنجان,080184,6
34048,2611,پرک,080193,6
34049,2611,تل نادر,080197,6
34050,2611,تنگ زرد,080205,6
34051,2611,دشت برم,080213,6
34052,2611,عبدویی,080220,6
34053,2611,کلانی,080225,6
34054,2611,گاوکشک,080233,6
34055,2611,گرگنا,080236,6
34056,2611,مزرعه بهزاد جمشیدی,080253,6
34057,2611,میان کتل,080257,6
34058,2611,امامزاده عبداله انصاری,080552,6
34059,2611,دردانه,370483,6
34060,2611,تنگ قلنگی,370487,6
34061,2611,ایستگاه محیط زیست,373221,6
34062,2611,وارک,374053,6
34063,2611,شرکت راهسر ایران,807130,6
34064,2611,امامزاده شیخ عبدالله,907482,6
34065,2611,تنگ انار,907560,6
34066,2611,بنستان,907561,6
34067,2612,احمدآباد,080004,6
34068,2612,اسلام آباد,080005,6
34069,2612,ایجانی,080007,6
34070,2612,برج سید,080009,6
34071,2612,حسن آباد,080020,6
34072,2612,سرملا,080023,6
34073,2612,شهباز خانی,080024,6
34074,2612,کره ای,080028,6
34075,2612,برج دلبر,084157,6
34076,2612,بی بی نازخاتون,084176,6
34077,2612,تنگ گچی سفلی,084196,6
34078,2612,تنگ گچی علیا,084197,6
34079,2612,عمارت,084287,6
34080,2612,قوری,084297,6
34081,2612,کلاتون,084302,6
34082,2612,چاه نفت برج دلبر,370505,6
34083,2612,بورکی سفلی,370508,6
34084,2612,ساختمان کمر,372866,6
34085,2612,ساختمان ستار,372867,6
34086,2612,ساختمان شکرالله,372868,6
34087,2612,شاهزاده محمد,372870,6
34088,2612,شاهزاده اسماعیل,372871,6
34089,2612,دره مرادی,372872,6
34090,2612,امامزاده سید محمد,372873,6
34091,2612,چم پیر,372874,6
34092,2612,ساختمان منصور,373059,6
34093,2612,منطقه جو طویله,807174,6
34094,2613,امامزاده علی,080006,6
34095,2613,تنگ هامون,080016,6
34096,2613,چهاربرج,080018,6
34097,2613,چیتی,080019,6
34098,2613,خواجه جمالی,080022,6
34099,2613,نظام آباد,080036,6
34100,2613,نعمت آباد,080037,6
34101,2613,سرکمر,080038,6
34102,2613,تنگ نیلان,370510,6
34103,2613,بورکی علیا,370515,6
34104,2613,کارگاه موزاییک سازی,707049,6
34105,2613,شرکت حمل و نقل عادل خواه,707050,6
34106,2613,بقعه تاریخی 14 معصوم,807097,6
34107,2613,دامداری مرادپور,807117,6
34108,2613,شرکت پاسارگاد پلیمر,807126,6
34109,2613,صنایع بسته بندی نخل,807133,6
34110,2613,کارتن سازی ژرفی,807135,6
34111,2613,گاوداری جمشیدی,807145,6
34112,2613,گاوداری محمدیان,807151,6
34113,2613,ماسه شویی حاجی,807154,6
34114,2613,مرغداری رستمی,807165,6
34115,2614,آب باریکو,082337,6
34116,2614,امامزاده پیرترک/پیر براک,082344,6
34117,2614,امامزاده شیخ مرشد,082347,6
34118,2614,مزرعه آهن جهاندیده,082350,6
34119,2614,براک,082356,6
34120,2614,برکم,082357,6
34121,2614,پاسگاه محیط زیست برکه انجیر,082358,6
34122,2614,بری بالا,082360,6
34123,2614,بست فاریاب,082361,6
34124,2614,صحرای بوگال,082367,6
34125,2614,چهار برکه,082369,6
34126,2614,پشته گچ,082371,6
34127,2614,امامزاده پیرچوپان,082373,6
34128,2614,تنگ بهاالدینی,082389,6
34129,2614,چاه آگاه,082397,6
34130,2614,چاهو,082398,6
34131,2614,چکی,082399,6
34132,2614,سد میرشکاری,082412,6
34133,2614,سفیدیان,082413,6
34134,2614,سنگ شکن نظر کاظمی,082415,6
34135,2614,کارگاه آسفالت سازی مراس,082420,6
34136,2614,خشم لور,082421,6
34137,2614,علی آباد,082425,6
34138,2614,کرمسنج,082437,6
34139,2614,کهنه,082444,6
34140,2614,مزرعه محمدصادق اقبال,082452,6
34141,2614,مزرعه محمد کریمی,082453,6
34142,2614,مزرعه علی آباد/فولاد چنگ,082466,6
34143,2614,نخلستان سیدنی,082471,6
34144,2614,نیمه,082474,6
34145,2614,گزدان,082646,6
34146,2614,تلمبه حسین اقتداری,371809,6
34147,2614,امامزاده شاه دختر,371814,6
34148,2614,خواجه,371815,6
34149,2614,مزرعه محمدعلی گراشی,371817,6
34150,2614,مزرعه حسن سلیمانی,371824,6
34151,2614,مزرعه دیدار نیکویی,371825,6
34152,2614,پیربودان,371828,6
34153,2614,مزرعه آقاجمالی,371829,6
34154,2614,قهوه خانه آقا جمالی,371830,6
34155,2614,هرمود مهرخویی/هرمود عباسی,371831,6
34156,2614,بنو ساردو,371832,6
34157,2614,دشتو,371833,6
34158,2614,زاهد محمود,371835,6
34159,2614,شمزاغ,371837,6
34160,2614,چاه زوم,371838,6
34161,2614,کارخانه گچ لولو,372960,6
34162,2614,مجتمع صنعتی شهر,372962,6
34163,2614,پمپ آب براک,372967,6
34164,2614,امامزاده آب باد,372969,6
34165,2614,کارگاه شرکت قدس آزاد,372970,6
34166,2614,پاسگاه بزن,372971,6
34167,2614,مزرعه فرهادی,373308,6
34168,2614,اوه,373660,6
34169,2614,دندل,373661,6
34170,2614,تدک,373663,6
34171,2614,چاله پیارون,373664,6
34172,2614,دکل مخابرات هرمود مهرجویی,374017,6
34173,2614,علی آباد زاهد محمود,374018,6
34174,2614,برکه گل,374019,6
34175,2614,شهرک صنعتی,807087,6
34176,2614,باین,907480,6
34177,2615,تلمبه سیاه چهره و شرکاء,074554,6
34178,2615,چاه نهر,074594,6
34179,2615,مزرعه چغادو,074626,6
34180,2615,بلوچی,082621,6
34181,2615,بیخویه,082622,6
34182,2615,پاریگی,082623,6
34183,2615,پاریو عرب,082624,6
34184,2615,پیرچاله,082625,6
34185,2615,تمپ پلویی,082626,6
34186,2615,چاه شور,082628,6
34187,2615,حسین آباد,082629,6
34188,2615,درز,082630,6
34189,2615,دره نیل,082631,6
34190,2615,رمی جان,082633,6
34191,2615,دوک,082634,6
34192,2615,سایبان,082635,6
34193,2615,سردشت,082636,6
34194,2615,شاه غیب,082637,6
34195,2615,شاه علی,082638,6
34196,2615,شاه قطب الدین,082639,6
34197,2615,شت وان,082640,6
34198,2615,قدمگاه ابوالفضل,082641,6
34199,2615,کهن,082643,6
34200,2615,کهنویه,082644,6
34201,2615,کهنه برهان,082645,6
34202,2615,مهرآباد,082648,6
34203,2615,نخلستان پاریو کهتنون,082649,6
34204,2615,نصیرآباد,082650,6
34205,2615,لاور قاسم,371786,6
34206,2615,مزرعه چاله گری,372973,6
34207,2615,تلمبه امید یزدانی,372977,6
34208,2615,تلمبه کفتاری,372978,6
34209,2615,تلمبه محمود و علی فرح پور,372983,6
34210,2615,تلمبه حاجی مهدیار,372986,6
34211,2615,تلمبه ابراهیم برخورداری,372987,6
34212,2615,شهرک سایبان,373665,6
34213,2615,تلمبه حسین لاری,373666,6
34214,2615,دولت آباد,374020,6
34215,2615,مزرعه خرپشت,374021,6
34216,2616,مزرعه آقا حسین,082343,6
34217,2616,ایستگاه ماکروویو,082351,6
34218,2616,بریز,082359,6
34219,2616,دنگز,082406,6
34220,2616,زاهد رستم,082410,6
34221,2616,کورده,082440,6
34222,2616,گیره,082449,6
34223,2616,معدن سنگ کورده,082469,6
34224,2616,نارنجی,082470,6
34225,2616,تلمبه حاجی آقا دهقان,373650,6
34226,2617,انبار سیمان اداره راه و ترابری,081786,6
34227,2617,هونونو,081800,6
34228,2617,طبله,082778,6
34229,2617,علی آباد اوکشی,082779,6
34230,2617,امامزاده شاه ابوالفتح/شاه ابوالفضل,370848,6
34231,2617,امامزاده میرابوالبه,370850,6
34232,2617,محمد عباسی,370852,6
34233,2617,بیرم,374025,6
34234,2618,آبکنه,081752,6
34235,2618,بالاده,081757,6
34236,2618,پهرست سفلی,081760,6
34237,2618,پهرست علیا,081761,6
34238,2618,جوزقدان,081763,6
34239,2618,حاجی آباد,081769,6
34240,2618,حسین آباد,081770,6
34241,2618,علی آباد لاورمانی,081781,6
34242,2618,کریشکی,081788,6
34243,2618,کمال آباد,081789,6
34244,2618,لاورستان,081790,6
34245,2618,محمد قاسمی,081792,6
34246,2618,نجف آباد,081793,6
34247,2618,گاوداری عبدالحسین فروتن,373186,6
34248,2618,گله داری خجسته,373515,6
34249,2618,سنگ شکن غلامحسین سعادت,374024,6
34250,2619,چاه گلونی,081121,6
34251,2619,دشت بیخویه,081123,6
34252,2619,آب باریک,081373,6
34253,2619,امامزاده جبرییل,081375,6
34254,2619,امامزاده شاه فضل اله,081377,6
34255,2619,امامزاده شاه نظام الدین,081378,6
34256,2619,بختیارویه,081379,6
34257,2619,تلمبه عباس فتحی,081381,6
34258,2619,تلمبه ابراهیم کمالی,081383,6
34259,2619,تلمبه ابوالحسن کمالی,081384,6
34260,2619,تلمبه شمسی,081388,6
34261,2619,تلمبه بابا حاجی زادگان,081392,6
34262,2619,تلمبه حسین قلی سهام,081393,6
34263,2619,تلمبه سهلویه,081396,6
34264,2619,تلمبه جوکاری,081400,6
34265,2619,تلمبه علی اکبر زاهدی,081401,6
34266,2619,تلمبه جعفری,081407,6
34267,2619,تلمبه محمدعلی غیاثی,081408,6
34268,2619,تلمبه محمدهادی خسروپور,081409,6
34269,2619,تلمبه مراد غلامی,081410,6
34270,2619,تلمبه نظام طاهری,081411,6
34271,2619,تلمبه نوبخت,081412,6
34272,2619,تلمبه هاشم نوروزی,081413,6
34273,2619,حسن آباد مارمه,081417,6
34274,2619,دهنو,081419,6
34275,2619,شرفویه,081420,6
34276,2619,کوره آجرپزی آهن حسنی,081421,6
34277,2619,کوره گچ توکلی,081423,6
34278,2619,مارمه,081425,6
34279,2619,مزرعه تنگ حنا,081427,6
34280,2619,معدن سنگ گچ توکلی,081428,6
34281,2619,تلمبه احمد حیدری,372036,6
34282,2619,تلمبه هاشم حیدری,372037,6
34283,2619,تلمبه حمزه فخرایی,372040,6
34284,2619,تلمبه جوکار,372044,6
34285,2619,بلوک زنی رجبی,372903,6
34286,2619,مسیح آباد,372904,6
34287,2619,تلمبه محمدی/چاه شکری,372912,6
34288,2619,تلمبه حاج سیدرضا موسوی,373641,6
34289,2619,تلمبه شرفویه,373692,6
34290,2619,تلمبه محمدی,373694,6
34291,2619,ایستگاه صدا و سیما,374023,6
34292,2620,خور,081122,6
34293,2620,دشت له باز,081130,6
34294,2620,امامزاده شاه سلیمان,081376,6
34295,2620,حسن آباد,081508,6
34296,2620,دامچه,081509,6
34297,2620,دهفیش,081512,6
34298,2620,امامزاده شاه غیب,081577,6
34299,2620,جلال آباد,081580,6
34300,2620,لاغران,081595,6
34301,2620,بنکوی خورشید محرابی,081598,6
34302,2621,امامزاده گل خدا,082683,6
34303,2621,باغ,082684,6
34304,2621,بنو,082685,6
34305,2621,پاسگاه ژاندارمری پاسخند,082686,6
34306,2621,تلمبه عبدالله کشاورز,082689,6
34307,2621,حاجی آباد,082692,6
34308,2621,حسین آباد,082693,6
34309,2621,خلور,082694,6
34310,2621,دشتی,082695,6
34311,2621,ده میان,082696,6
34312,2621,زروان,082697,6
34313,2621,تلمبه عبداله کشاورز,082698,6
34314,2621,کارگاه,082700,6
34315,2621,کشکوه,082702,6
34316,2621,مزرعه راست بود,082711,6
34317,2621,مزرعه ساجدی,082712,6
34318,2621,مزرعه محمدی,082713,6
34319,2621,مزرعه عباس نیساری,082714,6
34320,2621,تلمبه عبدالرحیم احمدیان,082715,6
34321,2621,مزرعه قایدی نژاد,082716,6
34322,2621,مزرعه عبداله گوناگون,082717,6
34323,2621,مزرعه علی قایدی,082718,6
34324,2621,مزرعه محمدنور دشتی,082721,6
34325,2621,مزرعه مردبیان,082722,6
34326,2621,هرمود,082723,6
34327,2621,تلمبه محمد شهبازی,372990,6
34328,2621,مزرعه بیگلری,372992,6
34329,2621,مزرعه میری,372994,6
34330,2621,تلمبه دوزنده,373642,6
34331,2621,تلمبه طیب هوشیار,373643,6
34332,2621,تلمبه لطفعلی معتمدی,373644,6
34333,2621,تلمبه اخلاقی,373645,6
34334,2621,تلمبه عبدالرحیم غفوری,373646,6
34335,2621,تلمبه رحمانی,373647,6
34336,2621,مزرعه سعدی نعمتی,373648,6
34337,2621,تلمبه عبداله ظریف,373649,6
34338,2622,آب گویی,082681,6
34339,2622,استاس,082682,6
34340,2622,تل کشی,082687,6
34341,2622,تلمبه امان اله قنبری,082688,6
34342,2622,چاه ریگی,082690,6
34343,2622,کرده شیخ,082701,6
34344,2622,گالبده,082703,6
34345,2622,گاوبست,082704,6
34346,2622,مزرعه بندوبست,082707,6
34347,2622,بنو,082770,6
34348,2622,مزرعه خینویه,082775,6
34349,2622,دیده بان,082776,6
34350,2622,محمدآباد تنگ کچه,082783,6
34351,2622,هون,372988,6
34352,2622,مزرعه حاجی رهدار,372989,6
34353,2622,تلمبه مصطفی همتی,372991,6
34354,2622,تلمبه گنجعلی قربان نژاد,372993,6
34355,2623,بادمک,083986,6
34356,2623,پلنگی,083993,6
34357,2623,خرم مکان,084006,6
34358,2623,خواجه ای,084007,6
34359,2623,شول بزرگ,084012,6
34360,2623,شول بزی,084013,6
34361,2623,شیرمحمدی,084014,6
34362,2623,قلعه چغا,084018,6
34363,2623,کربلایی محمد حسین,084021,6
34364,2623,کمپ آموزشی نیروی هوایی,084024,6
34365,2623,کودین,084026,6
34366,2623,لیرمنجان,084028,6
34367,2623,آب باد,370652,6
34368,2623,چم شیر,370654,6
34369,2623,پارک جنگلی,370655,6
34370,2623,مزرعه احمد منوچهری,373016,6
34371,2623,بلوکهای صنعتی میان راهی,807212,6
34372,2623,کارگاه برنج کوبی کامفیروزی,807300,6
34373,2623,مرغداری علی نظری خاکی,807394,6
34374,2624,جیدرزار,076241,6
34375,2624,دزد کردک,084008,6
34376,2624,عباس آباد,084015,6
34377,2624,علی آباد سفلی,084016,6
34378,2624,علی آباد علیا,084017,6
34379,2624,منصورآباد,084031,6
34380,2624,منگان,084032,6
34381,2624,مهجن آباد,084033,6
34382,2624,پاسگاه حفاظت محیط زیست,373955,6
34383,2624,بهشت گمشده خاکی,807213,6
34384,2624,پایگاه اورژانس کامفیروز,807216,6
34385,2624,پمپ بنزین,807218,6
34386,2624,کارگاه تیرچه بلوک قایم,807301,6
34387,2624,مزرعه حیدر شفیعی,807413,6
34388,2625,آبگرم,083853,6
34389,2625,اسفندران,083854,6
34390,2625,اسلام آباد,083855,6
34391,2625,ایستگاه پمپاژ شماره 2,083859,6
34392,2625,تلمبه ضیایی,083867,6
34393,2625,کارخانه چرم سازی چرمینه,083872,6
34394,2625,دم افشان,083877,6
34395,2625,دولت آباد رامجرد,083878,6
34396,2625,زرقانک,083882,6
34397,2625,زرگران,083883,6
34398,2625,کارخانه مجتمع گوشت فارس,083888,6
34399,2625,شهرک طالقانی,083889,6
34400,2625,فالونک,083891,6
34401,2625,فخرآباد,083893,6
34402,2625,قاسم آباد رامجرد,083894,6
34403,2625,کوه سبز,083898,6
34404,2625,گروازجان,083899,6
34405,2625,مرغداری جهاد,083904,6
34406,2625,مزرعه پرورش ماهی,083905,6
34407,2625,تلمبه بیضایی,083906,6
34408,2625,تلمبه حمزوی,083907,6
34409,2625,تلمبه سجادی,083908,6
34410,2625,مهرآباد,083912,6
34411,2625,تلمبه آقاخان منوچهری,373029,6
34412,2625,گاوداری عباسی,373930,6
34413,2625,تلمبه عسکری و مرادی,373931,6
34414,2625,گاوداری اصغری,373932,6
34415,2625,تلمبه زمانی,373933,6
34416,2625,پایگاه مقاومت بسیج امام علی (ع ),373935,6
34417,2625,تلمبه بنان,373936,6
34418,2625,حسین آباد کنگرزار,807025,6
34419,2625,باغ امینی,807204,6
34420,2625,تالار پذیرایی پیوند,807219,6
34421,2625,تلمبه آب,807220,6
34422,2625,تلمبه حاجی نواز زارع,807221,6
34423,2625,دامداری حاج دهقان,807227,6
34424,2625,دانشگاه آزاد فارس,807236,6
34425,2625,شرکت خزر الکتریک,807266,6
34426,2625,شرکت دامپروری پگاه فارس,807270,6
34427,2625,شرکت عمران و توسعه فارس,807275,6
34428,2625,شرکت گوشت دنا,807278,6
34429,2625,کارگاههای بین راهی,807306,6
34430,2625,گاوداری حسام نوروزی آسفالت,807320,6
34431,2625,گاوداری زمانی/تلمبه زمانی,807328,6
34432,2625,گاوداری شنبری,807332,6
34433,2625,گاوداری شیروانی,807334,6
34434,2625,گاوداری صفچری,807335,6
34435,2625,گاوداری عبادت,807336,6
34436,2625,گاوداری عزیز شیروانی,807339,6
34437,2625,گاوداری عزیزی,807340,6
34438,2625,مجتمع طیور فارس,807362,6
34439,2625,مجتمع های صنعتی آبگرم,807371,6
34440,2625,مرغداری اکبر,807385,6
34441,2625,مرغداری بهاری,807386,6
34442,2625,مرغداری حمید اژدری,807387,6
34443,2625,تلمبه سرهنگ نگهبان,807417,6
34444,2625,گاوداری شنبری,807447,6
34445,2625,تلمبه منوچهری,807448,6
34446,2626,بادکی,083587,6
34447,2626,کارخانه پتروشیمی,083592,6
34448,2626,حسن آباد,083600,6
34449,2626,عمادآباد,083613,6
34450,2626,منازل کارکنان پتروشیمی,083625,6
34451,2626,احمدآباد,083677,6
34452,2626,امامزاده سلطان محمد,083678,6
34453,2626,حسن آباد تل کمین,083682,6
34454,2626,حسین آباد سرطویله,083685,6
34455,2626,علیا خالدآباد,083693,6
34456,2626,گرم آباد,083696,6
34457,2626,پادگان امام صادق,083698,6
34458,2626,سیدی,083700,6
34459,2626,معصوم آباد,083703,6
34460,2626,مقصود آباد مولا,083704,6
34461,2626,میان قلعه,083705,6
34462,2626,کارخانه ماکارونی خوشه,373926,6
34463,2626,دباغی سعیدی,373927,6
34464,2626,تلمبه رحمان منصوری,373958,6
34465,2626,انبار جعفر دانشمند,807198,6
34466,2626,بلوک های صنعتی امرآباد,807209,6
34467,2626,بلوکهای صنعتی بین راهی,807211,6
34468,2626,کارگاه محصولات بتونی عمادی,807305,6
34469,2626,گاوداری عباس ایرجی خاکی,807337,6
34470,2626,گاوداری محمدی آسفالت,807347,6
34471,2626,گاوداری موسوی آسفالت,807348,6
34472,2626,گاوداری و انبار علوفه علمداری استخر,807352,6
34473,2626,ماسه شویی بصیرت آسفالت,807357,6
34474,2626,مرکز ترویج مزارع گندم و جو سایت عماد آباد,807404,6
34475,2626,معدن سنگ,807431,6
34476,2626,مجموعه گاوداری,807438,6
34477,2626,مزرعه حاج احمد پریوش,807439,6
34478,2626,مزرعه منوچهر زارع,807440,6
34479,2626,فتح آباد,807442,6
34480,2626,گاوداری یدالله زارعی نژاد,807443,6
34481,2627,قربان لک,076624,6
34482,2627,پاسگاه انتظامی تخت جمشید,083590,6
34483,2627,تخت جمشید,083594,6
34484,2627,جلیان,083596,6
34485,2627,جونجان,083597,6
34486,2627,دولت آباد,083603,6
34487,2627,ده بید,083604,6
34488,2627,رشمیجان,083607,6
34489,2627,فیروزی,083614,6
34490,2627,کناره,083615,6
34491,2627,کوشک,083618,6
34492,2627,مرکز آموزش نیروی انتظامی,083620,6
34493,2627,پمپ بنزین تخت طاووس,083749,6
34494,2627,سالن غذاخوری تخت طاووس,083759,6
34495,2627,امامزاده ابراهیم,373035,6
34496,2627,مهمانسرای شماره 2,373462,6
34497,2627,نقش رجب,373924,6
34498,2627,مجتمع جهانگردی تخت جمشید,807023,6
34499,2627,کشتارگاه,807024,6
34500,2627,نیروگاه برق شماره یک,807112,6
34501,2627,ایستگاه مایکروویو تلویزیونی,807203,6
34502,2627,بلوک زنی دس و تالار پذیرایی آفتاب,807207,6
34503,2627,تیرچه و بلوک زنی پارس آسفالت,807222,6
34504,2627,چایخانه توچال,807223,6
34505,2627,دامداری دادالله زارعی,807229,6
34506,2627,ذرت خشک کنی مرزبان,807242,6
34507,2627,ذرت خشک کنی همایون خاکی,807243,6
34508,2627,رستوران پارسیان,807244,6
34509,2627,سالن غذاخوری تخت طاووس,807245,6
34510,2627,شرکت تعاونی بهار حافظ آسفالت,807255,6
34511,2627,شرکت تعاونی دشت آهوچر,807257,6
34512,2627,شرکت تولیدی بهاردانه آسفالت,807264,6
34513,2627,شرکت خوشنام فارس,807269,6
34514,2627,کارخانه وفا رضایی,807296,6
34515,2627,کارگاه صنعتی سلیم,807303,6
34516,2627,گاوداری زارع,807327,6
34517,2627,گاوداری عمو همایون خاکی,807341,6
34518,2627,مجتمع های گاوداری خاکی,807375,6
34519,2627,مجموعه فرهنگی تفریحی فدک,807377,6
34520,2627,مجموعه گاوداری تخت طاووس آسفالت,807379,6
34521,2627,مجموعه مزارع کشت و صنعت بین راهی خاکی,807380,6
34522,2627,مرغداری یوسفی,807383,6
34523,2627,مرغداری عالیکار,807392,6
34524,2627,مرکز خرید گندم و جو,807406,6
34525,2627,مزرعه کشاورزی و گلخانه تخت جمشید,807421,6
34526,2627,نقش رجب,807434,6
34527,2627,مهرآباد,907532,6
34528,2628,پاسگاه انتظامی پل خان,083591,6
34529,2628,حسن آباد رامجرد,083874,6
34530,2628,عباس آباد,083890,6
34531,2628,کمرزرد,083896,6
34532,2628,گنداشلوی علیا,083900,6
34533,2628,گود زرشک,083901,6
34534,2628,مجد آباد رامجرد,083903,6
34535,2628,منصورآباد,083911,6
34536,2628,مراگلو,370662,6
34537,2628,گنداشلوی سفلی,370665,6
34538,2628,ازن دره,370666,6
34539,2628,انبار حمید کاظمی,807199,6
34540,2628,انبار کاظمی,807200,6
34541,2628,کارگاه بلوک زنی,807205,6
34542,2628,دامداری,807224,6
34543,2628,دامداری قریب محمدی,807233,6
34544,2628,شرکت تعاونی رامجرد (آسفالت به سمت قاسم آباد),807259,6
34545,2628,شرکت تک کارتن فارس,807262,6
34546,2628,کارخانه آسفالت گلدشت,807287,6
34547,2628,کارگاه بتون ولیعصر,807298,6
34548,2628,کارگاه راه آهن اصفهان شیراز,807302,6
34549,2628,کفه خشکه میان,807309,6
34550,2628,گاوداری ابرعلی زارع (شرکت دشت کیان),807313,6
34551,2628,گاوداری براتی,807316,6
34552,2628,مجتمع کشاورزی وحید عنصری نژاد,807363,6
34553,2628,مزرعه علیزاده,807419,6
34554,2628,مزرعه کیان دشت,807423,6
34555,2628,مزرعه غلامی,807428,6
34556,2628,معدن سنگ گود زرشک (انتهای آسفالت),807432,6
34557,2629,مزرعه شاه تاج,083170,6
34558,2629,قلعه دکتر عماد,083184,6
34559,2629,اسماعیل آباد,083585,6
34560,2629,بریانک,083588,6
34561,2629,تاج آباد,083593,6
34562,2629,تلمبه مهندس لیاقت,083595,6
34563,2629,چشمه سنگ بند,083598,6
34564,2629,چهارطاق,083599,6
34565,2629,خیرآباد,083601,6
34566,2629,ده چاشت,083605,6
34567,2629,رجاآباد,083606,6
34568,2629,سلطان ولایت,083608,6
34569,2629,شمس آباد تخت,083609,6
34570,2629,شهرک ولی عصر,083611,6
34571,2629,عزآباد,083612,6
34572,2629,کوره آجرپزی مامالیس,083616,6
34573,2629,کوره های آجر باقرآباد,083617,6
34574,2629,گاوداری شمس آباد,083619,6
34575,2629,محمدآباد,083621,6
34576,2629,مرغداری بهزاد دشتی,083622,6
34577,2629,مرکز مطالعات مرغداری جهاد کشاورزی,083623,6
34578,2629,مرغداری شهریار زارع,083624,6
34579,2629,مزرعه کلی خانی,083627,6
34580,2629,مقصودآباد,083628,6
34581,2629,آصف آباد,371548,6
34582,2629,مزرعه ترویج گندم,373038,6
34583,2629,چشمه سنگ بند,373039,6
34584,2629,مزرعه رنجبر,373040,6
34585,2629,مزرعه اسداله زارع,373041,6
34586,2629,تلمبه صمدآباد,373329,6
34587,2629,تنگ شور علیا,373963,6
34588,2629,سلمان آباد,373964,6
34589,2629,پرورش و کشتار بوقلمون کشاورز,707033,6
34590,2629,شرکت پارس آبژ تخت جمشید,807253,6
34591,2629,کارخانجات آسفالت شهرداری مرودشت,807285,6
34592,2629,کارخانه بهشاد,807289,6
34593,2629,کارخانه خوراک دام آقای استخر,807291,6
34594,2629,گاوداری آریان زارع خاکی,807312,6
34595,2629,گاوداری ارژن دشت,807314,6
34596,2629,گاوداری بنی عبدالهی آسفالت,807317,6
34597,2629,گاوداری حاج فتح الله زارع خاکی,807319,6
34598,2629,گاوداری حسن دیندار,807321,6
34599,2629,گاوداری دکتر حسینی,807325,6
34600,2629,گاوداری سرهنگ (مزارع ترویج گندم),807331,6
34601,2629,گاوداری قاسمی,807344,6
34602,2629,گاوداری کوروش زارع,807345,6
34603,2629,گاوداری کیومرث,807346,6
34604,2629,گاوداری نظام زارع,807350,6
34605,2629,گاوداری همایون آسفالت,807355,6
34606,2629,مجتمع های صنعتی بین راهی,807372,6
34607,2629,مجتمع های گاوداری,807374,6
34608,2629,مجتمع های گاوداری و دامداری روستای شمس آباد,807376,6
34609,2629,مرغداری خداداد کشاورز,807384,6
34610,2629,مرغداری ساسان,807388,6
34611,2629,مرغداری شاه رضا کشاورز,807390,6
34612,2629,مرغداری شهباز بازوبندی,807391,6
34613,2629,مرغداری عامری آسفالت,807393,6
34614,2629,مرغداری غلامرضا زارع,807395,6
34615,2629,مرغداری قاسمی,807398,6
34616,2629,مرغداری نوری,807401,6
34617,2629,مرغداری یزدانی آسفالت,807403,6
34618,2629,مزارع بازوبندی,807408,6
34619,2629,مزرعه ابراهیم کشاورز,807410,6
34620,2629,مزرعه حمید کشاورز,807412,6
34621,2629,مزرعه رنجبر,807415,6
34622,2629,مزرعه شعله سعدی,807418,6
34623,2629,مزرعه کشاورز,807420,6
34624,2629,مزرعه نفری,807426,6
34625,2629,مزرعه نوشاد,807427,6
34626,2630,امیدیه,083679,6
34627,2630,حاجی آباد,083681,6
34628,2630,مزرعه حسن آباد شول,083683,6
34629,2630,حسین آباد,083684,6
34630,2630,خلف طاهونه,083686,6
34631,2630,رضا آباد,083688,6
34632,2630,شمس آباد برزو,083691,6
34633,2630,شول سارویی,083692,6
34634,2630,قاسم آباد سارویی,083695,6
34635,2630,مزرعه شاهدشت,083701,6
34636,2630,نقش رستم,083706,6
34637,2630,هشتیجان,083707,6
34638,2630,ذرت خشک کنی دانشمندی,807240,6
34639,2630,شرکت تعاونی دشت ناز فارس,807258,6
34640,2630,شرکت ماالشعیر رایان نوش,807279,6
34641,2630,کارخانه آرد نقش رستم,807286,6
34642,2630,گاوداری خاتمی خاکی,807323,6
34643,2630,گاوداری عبدالله مرزبان خاکی,807338,6
34644,2630,مجتمع های دامپروری موسوی بنیاد,807365,6
34645,2630,مجتمع های صنعتی نقش رستم,807366,6
34646,2630,مجتمع های گاوداری خاکی,807367,6
34647,2630,مرغداری قاسم آبادی,807397,6
34648,2630,کشت صنعت گل افشان,807435,6
34649,2630,گاوداری داریوش,807436,6
34650,2630,حمل و نقل اتحاد,807437,6
34651,2631,اشگرد,083483,6
34652,2631,بنی یکه,083484,6
34653,2631,بیدگل,083485,6
34654,2631,تلمبه اخان,083488,6
34655,2631,تلمبه بارانی,083489,6
34656,2631,تلمبه درودی,083491,6
34657,2631,تلمبه فیلی,083496,6
34658,2631,تیره باغ,083497,6
34659,2631,چاه آب,083498,6
34660,2631,چاه میلک,083499,6
34661,2631,چشمه تخت,083500,6
34662,2631,دره باد,083507,6
34663,2631,درهمال,083508,6
34664,2631,رضاآباد,083510,6
34665,2631,ساختمان ناصری,083511,6
34666,2631,سعادت آباد,083512,6
34667,2631,سهل آباد,083513,6
34668,2631,قرخلو,083517,6
34669,2631,قلعه نو,083519,6
34670,2631,کندازی,083520,6
34671,2631,گل مکان باصری,083522,6
34672,2631,گل مکان قشلاق,083523,6
34673,2631,گله زن,083524,6
34674,2631,مالیچه,083526,6
34675,2631,مایین,083527,6
34676,2631,تلمبه باراله افراسیابی,083530,6
34677,2631,معصوم آباد,083531,6
34678,2631,میانرود,083532,6
34679,2631,هاشم آباد,083533,6
34680,2631,کندازی سفلی,373962,6
34681,2631,پاسگاه انتظامی ابرج,807214,6
34682,2631,ذرت خشک کنی روزگار آسفالت,807241,6
34683,2631,شرکت تعاونی تولید روستایی ابرج,807256,6
34684,2631,شرکت تعاونی شهدای ابرج,807260,6
34685,2631,شرکت تولیدی روستایی ابرج,807265,6
34686,2631,شن و ماسه ایرج (کریم عربی),807281,6
34687,2631,کارگاه برنج کوبی برادران کشتکار,807299,6
34688,2631,گاوداری حقیقت آسفالت,807322,6
34689,2631,مزرعه حبیب مرزبان,807411,6
34690,2631,مزرعه وحدت,807429,6
34691,2632,مزارع له زرده,083492,6
34692,2632,حسام آباد,083501,6
34693,2632,حسین آباد,083502,6
34694,2632,حصار دشتک,083503,6
34695,2632,خوریجان,083504,6
34696,2632,مزرعه رجبعلی لهراسبی,083505,6
34697,2632,درودزن,083506,6
34698,2632,دشتک,083509,6
34699,2632,شهرک,083515,6
34700,2632,قدمگاه,083516,6
34701,2632,قصر خلیل,083518,6
34702,2632,گلی جان,083525,6
34703,2632,مغیلان,083528,6
34704,2632,مزرعه سهم الدین,083529,6
34705,2632,مزرعه اله داد غیور,373025,6
34706,2632,مهدی آباد,373026,6
34707,2632,سد درودزن,373464,6
34708,2632,مرکز آموزش شهید عباسی,373465,6
34709,2632,اردوگاه آموزش زرهی,373466,6
34710,2632,مزرعه تقی مولایی,374030,6
34711,2632,اراضی واگذاری منابع ملی,374031,6
34712,2632,دشت کنار,807019,6
34713,2632,دامداری,807225,6
34714,2632,گاوداری وحید حسینی,807354,6
34715,2632,مزرعه مهدی رحیمی (رستوران گلدشت),807424,6
34716,2633,تلمبه فضل اله محرر,083495,6
34717,2633,آباده,083851,6
34718,2633,ابراهیم آباد,083852,6
34719,2633,اسماعیل آباد,083856,6
34720,2633,اسماعیل آباد,083857,6
34721,2633,اونجان,083858,6
34722,2633,بارزآباد,083862,6
34723,2633,بورکی,083863,6
34724,2633,بیزجان سفلی,083864,6
34725,2633,بیزجان علیا,083865,6
34726,2633,تل سرخ,083866,6
34727,2633,جشنیان,083868,6
34728,2633,جمال آباد,083869,6
34729,2633,جونکی,083870,6
34730,2633,جهان آباد,083871,6
34731,2633,چمنی,083873,6
34732,2633,حسین آباد قرق,083876,6
34733,2633,رامجردی,083879,6
34734,2633,رزمنجان,083880,6
34735,2633,زراره,083881,6
34736,2633,شاهیجان,083885,6
34737,2633,ایستگاه تحقیقاتی نگارستان,083886,6
34738,2633,شرکت بهره برداری آب پخش,083887,6
34739,2633,فتوح آباد,083892,6
34740,2633,ماده بانان,083902,6
34741,2633,ملک آباد,083910,6
34742,2633,نصرآباد مامجرد,083913,6
34743,2633,نگارستان,083914,6
34744,2633,نوسنجان,083915,6
34745,2633,مرکز آموزش جهاد کشاورزی مرودشت,370710,6
34746,2633,سهل آباد,372403,6
34747,2633,مزرعه هماتاج بهبهانی,373957,6
34748,2633,اداره هواشناسی سینوپتیک درودزن,807195,6
34749,2633,امامزاده ایوب,807196,6
34750,2633,انبار 500 تنی کوشکک,807197,6
34751,2633,بلوک زنی استحکام,807206,6
34752,2633,بلوک زنی زارع,807208,6
34753,2633,پاسگاه درودزن,807215,6
34754,2633,پرورش شترمرغ زارع آسفالت,807217,6
34755,2633,دامداری جواد شهریاری آسفالت,807226,6
34756,2633,دامداری عبدالهی آسفالت,807231,6
34757,2633,دبیرستان ابوالفضل العباس,807237,6
34758,2633,سازمان آب منطقه ای فارس,807247,6
34759,2633,شورای حل اختلاف رامجرد,807282,6
34760,2633,گاوداری,807311,6
34761,2633,گاوداری معصومی,807324,6
34762,2633,گاوداری زهرابی خاکی,807329,6
34763,2633,گاوداری غلامی خاکی,807342,6
34764,2633,گاوداری فرج فارسی خاکی,807343,6
34765,2633,ماسه شویی فروزان آسفالت,807358,6
34766,2633,مجتمع آب و فاضلاب روستایی,807359,6
34767,2633,مجتمعهای دامداری,807369,6
34768,2633,مزارع ارسلان دشت آبادی,807407,6
34769,2633,مرغداری امینی,807445,6
34770,2633,شاهیجان سفلی,807446,6
34771,2633,شاهیجان علیا,907484,6
34772,2634,مزرعه تنگ خشک,083372,6
34773,2634,دشتبال,083687,6
34774,2634,آب انار,083739,6
34775,2634,اسماعیل آباد,083741,6
34776,2634,آسیاب کرشکی,083742,6
34777,2634,کارگاه راهسازی اداره راه,083743,6
34778,2634,سیوند,083765,6
34779,2634,کوره آهک پزی سید اسداله سجادی,083775,6
34780,2634,منصورآباد,083777,6
34781,2634,گوگی,083778,6
34782,2634,مرادآباد,083780,6
34783,2634,معدن اکرم جعفری,083789,6
34784,2634,معدن سلیمان سجادیان,083790,6
34785,2634,معدن سنگ علی ره جو,083791,6
34786,2634,معدن سنگ هاشم سجادیان,083792,6
34787,2634,معدن سنگ اکبر سجادیان,370696,6
34788,2634,دکل مخابراتی,373018,6
34789,2634,گله دانی قوامی,373021,6
34790,2634,انبار گندم,807201,6
34791,2634,ذرت خشک کنی پارس,807239,6
34792,2634,سالن غذاخوری پاسارگاد,807248,6
34793,2634,سیلو گندم سیوند خاکی,807250,6
34794,2634,شرکت آب معدنی پارس,807251,6
34795,2634,شرکت به تک,807252,6
34796,2634,شرکت تعاونی فاروق ماکیان,807261,6
34797,2634,شرکت خلخال دشت 2,807267,6
34798,2634,شرکت خوشرنگ آسفالت,807268,6
34799,2634,شرکت راه و ساختمان خلخال دشت خاکی,807271,6
34800,2634,شرکت سنگ توپی 144 شیراز سیوند,807272,6
34801,2634,شرکت سیروس طعام آسفالت,807273,6
34802,2634,شرکت صنایع,807274,6
34803,2634,شرکت گلریز مرودشت,807276,6
34804,2634,شرکت گلستان خاکی,807277,6
34805,2634,شرکت یگانمهر,807280,6
34806,2634,فرآورده های غذایی پارس,807284,6
34807,2634,کارخانه رب شاداب خاکی,807293,6
34808,2634,کارخانه فرآورده های نشات شیراز,807295,6
34809,2634,کارگاه صنعتی گاز مایع آسفالت,807304,6
34810,2634,گاوداری سجادی,807330,6
34811,2634,گاوداری نبی,807349,6
34812,2634,گاوداری نورالدین فلاحی آسفالت,807351,6
34813,2634,گروه تولیدی دلپسند,807356,6
34814,2634,مجتمع صنعتی بین راهی سیدان,807361,6
34815,2634,مرغداری سجادی آسفالت,807389,6
34816,2634,مرغداری فاروق ماکیان,807396,6
34817,2634,مرکز خدمات رفاهی بین راهی (رستوران هخامنشی),807405,6
34818,2634,مزرعه کشت و صنعت و انبار مواد,807422,6
34819,2634,بلوک زنی محمدی,807601,6
34820,2635,سرآباد,083164,6
34821,2635,مزرعه رمانک,083689,6
34822,2635,مزرعه سید عبداله,083699,6
34823,2635,احمدآباد کته,083740,6
34824,2635,انجیره,083744,6
34825,2635,بزمیان,083747,6
34826,2635,مزرعه حاجی آباد,083754,6
34827,2635,حسن آباد سنجرلو,083755,6
34828,2635,راهنویه,083758,6
34829,2635,روزیان,083760,6
34830,2635,سعادت آباد سفلی,083761,6
34831,2635,سعادت آباد علیا,083762,6
34832,2635,سعادت آباد وسط,083763,6
34833,2635,شرکت پارس سرنگ,083766,6
34834,2635,شرکت تعاونی سیاه پر,083767,6
34835,2635,عباس آباد,083768,6
34836,2635,قیاس آباد,083771,6
34837,2635,کرایی,083772,6
34838,2635,کره تاوی,083773,6
34839,2635,محمودآباد,083779,6
34840,2635,گله داری ایرج عطارد,083781,6
34841,2635,مزرعه هادی کشتکاران,083783,6
34842,2635,مزرعه فتح آباد,083785,6
34843,2635,گله داری محمدحسین محمدی,083787,6
34844,2635,مهدی آباد,083793,6
34845,2635,میج,083794,6
34846,2635,نعمت آباد,083796,6
34847,2635,تلمبه باقری,265626,6
34848,2635,منطقه کوره حسن آباد,370401,6
34849,2635,پادگان قدس,370704,6
34850,2635,صابون سازی,373030,6
34851,2635,گاوداری تلیسه داران فارس,373031,6
34852,2635,مزرعه تخت طاووس همایون,373033,6
34853,2635,تلمبه منصور شیبانی,373332,6
34854,2635,تلمبه اسفندیار حسامی,373333,6
34855,2635,گاوداری سکینه کامیاب,374032,6
34856,2635,بلوک های صنعتی بین راهی,807210,6
34857,2635,دامداری رفیعی و محمدی,807230,6
34858,2635,دامداری علمدار سیدی,807232,6
34859,2635,دامداری کاووس شهبند,807234,6
34860,2635,دامداری محمدی,807235,6
34861,2635,احمدآباد کوهپایه,807246,6
34862,2635,سردخانه استخری خاکی,807249,6
34863,2635,شرکت تعاونی انتظام فارس,807254,6
34864,2635,شرکت تکچین بهاران,807263,6
34865,2635,صنایع غذایی شادچین,807283,6
34866,2635,کارخانه تعاونی پارس گلوکزین,807290,6
34867,2635,کارخانه رب شاپرک,807292,6
34868,2635,کارخانه زرین حلب,807294,6
34869,2635,کارگاه آجر فشاری مهران,807297,6
34870,2635,کشت و صنعت دشت سیوند,807307,6
34871,2635,کشت و صنعت عصاره ناب شیراز,807308,6
34872,2635,کوره های حسن آباد,807310,6
34873,2635,گاوداری اکبر امیری,807315,6
34874,2635,گاوداری جوکار آسفالت,807318,6
34875,2635,گاوداری رجبی,807326,6
34876,2635,گاوداری شیبانی,807333,6
34877,2635,گاوداری و مزرعه حقیقت خاکی,807353,6
34878,2635,مجتمع حمل و نقل و انبار تخت طاووس,807360,6
34879,2635,مجتمع کشت و صنعت دشت ارم,807364,6
34880,2635,مجتمع های صنعتی روستای کره ای,807373,6
34881,2635,مجموعه کشاورزی همایون,807378,6
34882,2635,مراکز صنعتی بین راهی,807382,6
34883,2635,مرغداری کارآمد,807399,6
34884,2635,مرغداری مرغ مادر,807400,6
34885,2635,مرغداری های راهنویه,807402,6
34886,2635,مزرعه آقای فلاح,807409,6
34887,2635,مزرعه داریوش خسروی,807414,6
34888,2635,مزرعه سبزعلی کشاورز,807416,6
34889,2635,مزرعه میرزا حسین الوانی نژاد,807425,6
34890,2635,مزرعه هومن عطارد آسفالت,807430,6
34891,2635,گاوداری عباس عمادی,807450,6
34892,2636,آب ماهی,083981,6
34893,2636,ده دامچه,083985,6
34894,2636,پیر سبزعلی,083994,6
34895,2636,چم زیر,083997,6
34896,2636,چم سهراب خانی,083998,6
34897,2636,چشمه نوروزی,084000,6
34898,2636,چم چنار,084001,6
34899,2636,چم کنگری,084002,6
34900,2636,سربست کرمه,084011,6
34901,2636,گرمه,084027,6
34902,2637,اله مراد خانی,083983,6
34903,2637,آموزشگاه چتربازان هوابرد,083984,6
34904,2637,باشگاه ورزشی صنایع,083987,6
34905,2637,بکیان,083988,6
34906,2637,پالنگری کهنه,083991,6
34907,2637,پالنگری,083992,6
34908,2637,حاجی آباد,084003,6
34909,2637,حسین آباد,084004,6
34910,2637,قلعه نو,084020,6
34911,2637,مجتمع توریستی,084029,6
34912,2637,پاسگاه حفاظت محیط زیست,373463,6
34913,2637,دامداری حبیب خاکی,807228,6
34914,2637,کارخانه برنجکوبی عباس رضایی خاکی,807288,6
34915,2637,مجموعه ورزشی پالنگری,807381,6
34916,2637,منازل مسکونی بین روستای قلعه نو و حسین آباد,807433,6
34917,2638,آب انجیر,084137,6
34918,2638,امامزاده منیر,084143,6
34919,2638,اودلی شکستان,084144,6
34920,2638,آهوباز,084145,6
34921,2638,ایازگلو,084146,6
34922,2638,باتارچخر,084150,6
34923,2638,بام بادامی قرقانی,084152,6
34924,2638,بام قلعه شریقی,084153,6
34925,2638,بام گوری نجات گردبنه,084154,6
34926,2638,بام بستانعلی,084156,6
34927,2638,برد قلعه,084158,6
34928,2638,برم سیاه,084159,6
34929,2638,بست بادامی جوکار,084162,6
34930,2638,مزرعه بست بنی,084163,6
34931,2638,بست ناری کوه بران,084164,6
34932,2638,قلعه شارجان,084165,6
34933,2638,بند باریک,084167,6
34934,2638,بنه بادامی وندا,084169,6
34935,2638,بنه بلوط,084170,6
34936,2638,بی بی حنا,084175,6
34937,2638,پرا سپید,084178,6
34938,2638,پرملا,084180,6
34939,2638,پیازکار,084181,6
34940,2638,پی کمک,084183,6
34941,2638,تاوه لیتک سفلی,084187,6
34942,2638,تل بلند,084189,6
34943,2638,تلخ اب,084191,6
34944,2638,تنگ اژدها,084194,6
34945,2638,تیزدنگ سفلی,084198,6
34946,2638,تیزدنگ علیا,084199,6
34947,2638,جیکواجیک,084201,6
34948,2638,چهارقاش,084202,6
34949,2638,چاه انجیر برمشور,084203,6
34950,2638,چاه سنگی,084209,6
34951,2638,چاه شریف خانی,084210,6
34952,2638,چم خل,084233,6
34953,2638,چم هزار منی,084235,6
34954,2638,چشمه بگلو,084236,6
34955,2638,چشمه شور,084238,6
34956,2638,چهارراه پشت راه,084242,6
34957,2638,چهارراه زیرراه,084243,6
34958,2638,دشت اسد,084253,6
34959,2638,دشت طاق,084255,6
34960,2638,دشت کالوسی,084258,6
34961,2638,دشت کریم,084260,6
34962,2638,دیم طله,084270,6
34963,2638,رباط,084271,6
34964,2638,طالقانی,084272,6
34965,2638,ریمور الیاس,084273,6
34966,2638,ریمور شریف,084274,6
34967,2638,سه قنات,084277,6
34968,2638,شورگان,084280,6
34969,2638,علی آباد سفلی,084286,6
34970,2638,قایقلو,084288,6
34971,2638,قوچ خوس,084296,6
34972,2638,کته کره,084299,6
34973,2638,گچ اله قلی,084306,6
34974,2638,گچ برات,084307,6
34975,2638,گچ طهماسبی,084308,6
34976,2638,گچ محمدحسن,084309,6
34977,2638,گرداب شکستان,084311,6
34978,2638,گردنبه,084312,6
34979,2638,گزلدره,084314,6
34980,2638,گنجگان,084315,6
34981,2638,گورا سپید,084317,6
34982,2638,گور برجعلی,084318,6
34983,2638,مرغ بزرگ,084324,6
34984,2638,مرغ کوچک,084325,6
34985,2638,مزرعه انباری,084326,6
34986,2638,کوره گچ صنعتی خشایار,084328,6
34987,2638,مورکرد,084331,6
34988,2638,میدانک,084333,6
34989,2638,میشل بند شماره یک,084336,6
34990,2638,میشل بند شماره دو,084337,6
34991,2638,نوان بابا منیر,084343,6
34992,2638,هزار بلوط,084345,6
34993,2638,هزار دره,084346,6
34994,2638,هفت دشت سفلی,084347,6
34995,2638,هفت دشت علیا,084348,6
34996,2638,هفت کل,084349,6
34997,2638,دلوارکوه سیاه,372073,6
34998,2638,سلبیز,372288,6
34999,2638,منبع آب جهاد,372289,6
35000,2638,بلوط گرد,373045,6
35001,2638,ایستگاه مخابراتی,373046,6
35002,2638,کرم الله,373047,6
35003,2638,پشت پر,373048,6
35004,2638,کمرلو,373050,6
35005,2638,منوچهر عباسی,373051,6
35006,2638,مزرعه جباری,373053,6
35007,2638,گود دلیر,373196,6
35008,2638,توگه قره بس,373270,6
35009,2638,دشت مورد کوه سیاه,373271,6
35010,2638,دره درا,373396,6
35011,2638,کوه درا,373811,6
35012,2639,آب شیرین,084140,6
35013,2639,آبگرم,084141,6
35014,2639,برم شور,084160,6
35015,2639,بیدزردی,084172,6
35016,2639,بیدکرز,084173,6
35017,2639,پرسبیل,084179,6
35018,2639,تاوه داشقلی,084184,6
35019,2639,تاوه فشنگ,084186,6
35020,2639,تل نقاره,084190,6
35021,2639,تلخاب قره خانی,084192,6
35022,2639,تلخاب ولد,084193,6
35023,2639,تنگ کور,084195,6
35024,2639,جمال کر,084200,6
35025,2639,چاه انجیر بیدکرز,084204,6
35026,2639,چاه زندگانی,084207,6
35027,2639,چاه سفید,084208,6
35028,2639,چاه گچ سفلی,084211,6
35029,2639,چم شل,084234,6
35030,2639,چشمه پهن,084237,6
35031,2639,چهاربیشه,084240,6
35032,2639,دره نباتی,084247,6
35033,2639,دره غلام,084248,6
35034,2639,دره صلب,084250,6
35035,2639,دره علی خانی,084251,6
35036,2639,دشت هیبو,084263,6
35037,2639,دشتقیر,084264,6
35038,2639,دشت مورد,084265,6
35039,2639,دوسرخان,084268,6
35040,2639,دول میش,084269,6
35041,2639,سوله بدر,084276,6
35042,2639,شیرگنجی,084283,6
35043,2639,صفربیک,084284,6
35044,2639,قره کنار,084291,6
35045,2639,قره گل سفلی,084292,6
35046,2639,قره گل علیا,084293,6
35047,2639,کنه زار,084298,6
35048,2639,کل تخته,084300,6
35049,2639,کلور کریم,084301,6
35050,2639,کورک,084304,6
35051,2639,کرسرخ,084305,6
35052,2639,گرداب پیازی,084310,6
35053,2639,گودگل,084319,6
35054,2639,مال احمدی,084321,6
35055,2639,مالیچه شیخ,084322,6
35056,2639,مزرعه نولی,084327,6
35057,2639,ملایی,084329,6
35058,2639,مهم آباد,084332,6
35059,2639,میشان سفلی,084334,6
35060,2639,میشان علیا,084335,6
35061,2639,میلاتون,084338,6
35062,2639,نزاع سفلی,084339,6
35063,2639,نزاع علیا,084340,6
35064,2639,نزاع کوچک,084341,6
35065,2639,نعل بویی,084342,6
35066,2639,وندا,084344,6
35067,2639,دشت درابلوردی,372045,6
35068,2639,دشت کنگری,372046,6
35069,2639,چم بره,372047,6
35070,2639,باباخانی,372054,6
35071,2639,چاه انجیر علیا,372068,6
35072,2639,دشت کربلا,372070,6
35073,2639,آب انبار جهاد عشایری,372071,6
35074,2639,بیدل بچه,372072,6
35075,2639,شاه تسلیم علیا,372237,6
35076,2639,کمپ شرکت نفت,372242,6
35077,2639,قلعه شاه تسلیم,372243,6
35078,2639,بام انگوری,372256,6
35079,2639,دول علی خانی,372257,6
35080,2639,تراب خانی,372258,6
35081,2639,طاق طاق,373054,6
35082,2639,مورکش,373056,6
35083,2639,ساختمان آل خاص,373058,6
35084,2639,دول ماهی,373060,6
35085,2639,ساختمان سید باصرو,373062,6
35086,2639,آب انبار حاجی ابراهیم,373065,6
35087,2639,قدمگاه,373067,6
35088,2639,دره واز,373069,6
35089,2639,امامزاده شاه ابوطالب,373070,6
35090,2639,چاه انجیر سفلی,373074,6
35091,2639,آب انجیر,373075,6
35092,2639,امامزاده حسن قاضی,373292,6
35093,2639,ساختمان غضنفر احمدزاده,373293,6
35094,2639,امامزاده علی اکبر,373295,6
35095,2640,باغ,084155,6
35096,2640,براه,084161,6
35097,2640,بیدخل,084171,6
35098,2640,چم اسپید,084229,6
35099,2640,چکاب,084239,6
35100,2640,دشت کنگری,084262,6
35101,2640,سربال,084275,6
35102,2640,شوراب ترک,084279,6
35103,2640,شولاب زار,084281,6
35104,2640,قزمزاری,084294,6
35105,2640,گرمیش نادرلو,084313,6
35106,2640,یاغله مازه,084350,6
35107,2640,آهنگری,084598,6
35108,2640,چم گل,084621,6
35109,2640,دیمه میل باستان,084631,6
35110,2640,دیمه میل,084632,6
35111,2640,امامزاده سید حاج غریب,084640,6
35112,2640,شورابلر,084642,6
35113,2640,کلگاه سفلی,084651,6
35114,2640,کلگاه علیا,084652,6
35115,2640,مادر دختر,084657,6
35116,2640,مال محمود,084658,6
35117,2640,آب گرم سفلی,085383,6
35118,2640,آب گرم علیا,085384,6
35119,2640,آب مروارید,085390,6
35120,2640,باطون,085403,6
35121,2640,پیره دان,085436,6
35122,2640,چم گز,085470,6
35123,2640,دره کلاغی,085488,6
35124,2640,سادات آباد,085537,6
35125,2640,گردن تل بردنگان,085590,6
35126,2640,گوشه,085608,6
35127,2640,میانه سفلی بردنگان,085628,6
35128,2640,میانه علیا,085629,6
35129,2640,نرمون,085638,6
35130,2640,پیره سرخ بالا,373080,6
35131,2640,امامزاده سید محمد,373081,6
35132,2640,پیره سرخ پایین,373082,6
35133,2640,مزرعه ماهور,373083,6
35134,2640,مزرعه خالویی,373084,6
35135,2640,بن بند,373289,6
35136,2640,مزرعه اسفندیار اسلاملو,374099,6
35137,2640,مزرعه پاتر چخر,807004,6
35138,2640,مزرعه سرآب,807005,6
35139,2641,دشت عالی,084256,6
35140,2641,میشل قندیل,084257,6
35141,2641,شیربیم,084282,6
35142,2641,عباس آباد,084285,6
35143,2641,آبیان,084592,6
35144,2641,اسلام آباد,084594,6
35145,2641,امامزاده شیرمرد,084595,6
35146,2641,امامزاده طاهر,084596,6
35147,2641,آهنگاه,084597,6
35148,2641,بوان سفلی,084601,6
35149,2641,بوان علیا,084602,6
35150,2641,بوان وسطی,084603,6
35151,2641,پودنک جونگان,084604,6
35152,2641,تل حیدری,084605,6
35153,2641,تل خندق سفلی,084606,6
35154,2641,تل خندق علیا,084607,6
35155,2641,تل ریزی عالیوند,084608,6
35156,2641,تل سیاه,084609,6
35157,2641,تل مشکین,084610,6
35158,2641,تل نقاره,084611,6
35159,2641,تلخاب طمراث,084612,6
35160,2641,تلخ آب هیپو,084613,6
35161,2641,تنگ تیرکمان,084614,6
35162,2641,چاه توت,084616,6
35163,2641,چاه چنار,084617,6
35164,2641,چشمه انجیر,084618,6
35165,2641,چله گاه,084620,6
35166,2641,حسین کوتاه,084622,6
35167,2641,خومه زار علیا,084624,6
35168,2641,دره بادو,084625,6
35169,2641,دره رود,084626,6
35170,2641,دم قنات جونگان,084627,6
35171,2641,ده پس قلات,084629,6
35172,2641,رازیانه کاری,084634,6
35173,2641,رودریا,084635,6
35174,2641,سراب بهرام,084636,6
35175,2641,سنگر سفلی,084638,6
35176,2641,سنگر علیا,084639,6
35177,2641,شورجونگان,084643,6
35178,2641,شیراسپاری,084645,6
35179,2641,قلعه پیرو,084647,6
35180,2641,کتنان,084649,6
35181,2641,کل بردستان,084650,6
35182,2641,گاوشاخی,084653,6
35183,2641,گچگران,084654,6
35184,2641,گل سرخی,084655,6
35185,2641,گلکون,084656,6
35186,2641,مشگان,084659,6
35187,2641,هرایرز,084661,6
35188,2641,هرایرز بالایی,084662,6
35189,2641,آب بید دالون,085100,6
35190,2641,مدویی,085102,6
35191,2641,تل انار,085105,6
35192,2641,بره روز,085107,6
35193,2641,تل انجیر,085112,6
35194,2641,تنگ آب,085114,6
35195,2641,جهرم,085116,6
35196,2641,حرار کلگه شیراز,085118,6
35197,2641,دره بلوط,085121,6
35198,2641,رزک,085127,6
35199,2641,عمویی,085129,6
35200,2641,کجایی,085131,6
35201,2641,کلگه شیراز,085132,6
35202,2641,مهرآباد,085137,6
35203,2641,آب بید بوان,085178,6
35204,2641,تلخاب,085202,6
35205,2641,چشمه موری,085219,6
35206,2641,دره کوگان,085233,6
35207,2641,کره کان,085255,6
35208,2641,احشام محمدرضا,372089,6
35209,2641,تل چاه,372337,6
35210,2641,گوراب سرخ,372350,6
35211,2641,شهرک گچگران,373086,6
35212,2641,شهرک صنعتی نورآباد,373089,6
35213,2641,پادگان شهید آیت اله مدنی,373090,6
35214,2641,سراب رود,373091,6
35215,2641,امامزاده شاه نورالدین,373095,6
35216,2641,تنگ فراخ,373097,6
35217,2641,آب نارو,373098,6
35218,2641,تنگ اردشیر شهریور,373099,6
35219,2641,تنگ فرج شهریور,373100,6
35220,2641,آب مارو,373101,6
35221,2641,بابا سالار,373197,6
35222,2641,مزرعه شیمک شور,373226,6
35223,2641,مرغداری حسن غفاری,373812,6
35224,2641,مرغداری سپهداریوسفی,373813,6
35225,2641,گاوداری محمدی,373814,6
35226,2641,تاسیسات مربوط به شرکت گاز,807008,6
35227,2642,باجگاه,084600,6
35228,2642,آب بید,084734,6
35229,2642,آب پخشان,084735,6
35230,2642,آب سفید,084737,6
35231,2642,آبعلی,084740,6
35232,2642,اسلام آباد جاوید,084742,6
35233,2642,اشگفت دراز,084744,6
35234,2642,پاپیری,084747,6
35235,2642,برد خران,084754,6
35236,2642,برد کاهدان,084756,6
35237,2642,برد یاعلی,084757,6
35238,2642,بلندو,084761,6
35239,2642,تپ,084777,6
35240,2642,تختک,084778,6
35241,2642,تلخاب,084781,6
35242,2642,تیک,084786,6
35243,2642,چشم رزی,084796,6
35244,2642,چم زیتون,084800,6
35245,2642,چهارراه,084803,6
35246,2642,چهل شهیدان,084805,6
35247,2642,دره تختان,084813,6
35248,2642,دره سفید,084817,6
35249,2642,دره گرم,084819,6
35250,2642,دیپون,084830,6
35251,2642,زرد نرک,084843,6
35252,2642,زیرزردعلی شاهی,084844,6
35253,2642,ساختمان اسداله,084845,6
35254,2642,سرآسیاب پایین,084847,6
35255,2642,سرآسیاب بالا,084848,6
35256,2642,شیخ محمد,084862,6
35257,2642,شیرین,084863,6
35258,2642,عنا,084868,6
35259,2642,فضیلی,084871,6
35260,2642,گل گاه,084876,6
35261,2642,کنارک,084877,6
35262,2642,گاو پیازی,084878,6
35263,2642,گچی,084880,6
35264,2642,گروه,084885,6
35265,2642,گود بلوط,084889,6
35266,2642,گوراب,084892,6
35267,2642,گوش بند,084893,6
35268,2642,نارک,084911,6
35269,2642,نیدان,084914,6
35270,2642,بلوط جهانه,085108,6
35271,2642,بهلو,085109,6
35272,2642,حجت آباد,085110,6
35273,2642,پزنگان,085111,6
35274,2642,چم ساه,085117,6
35275,2642,خاصیون,085119,6
35276,2642,دره بادامی,085120,6
35277,2642,دره مارو,085122,6
35278,2642,زرک تنگ خاص,085123,6
35279,2642,دشت رزم علیا,085124,6
35280,2642,دهنو بهمن,085126,6
35281,2642,صحرای بید,085128,6
35282,2642,فرخون,085130,6
35283,2642,کوسنگان,085135,6
35284,2642,مورکی,085136,6
35285,2642,آب نارو,085385,6
35286,2642,تل سیاه,085445,6
35287,2642,دشت رزم موسی عربی,372326,6
35288,2642,سرزرد,372327,6
35289,2642,موردک,373107,6
35290,2642,چم زیتون اسلام آباد,373519,6
35291,2642,چهل چشمه جاوید,907503,6
35292,2643,پل فهلیان,085415,6
35293,2643,جنجان مرکزی,085463,6
35294,2643,چاهکی,085465,6
35295,2643,دوازدهی,085501,6
35296,2643,سربیشه,085530,6
35297,2643,سروان,085535,6
35298,2643,فهلیان,085563,6
35299,2643,تل گرفهلیان,085565,6
35300,2643,قلعه نو,085567,6
35301,2643,گردنه,085592,6
35302,2643,میانه جنجان,085627,6
35303,2643,نارنجون,372263,6
35304,2643,کره در,373817,6
35305,2644,جمالی,085115,6
35306,2644,کنز,085133,6
35307,2644,آب بید دشمن زیاری,085176,6
35308,2644,اسلام آباد,085185,6
35309,2644,آقاجان توکل,085186,6
35310,2644,بابا صالحی,085187,6
35311,2644,بالمنگان,085188,6
35312,2644,بلمینی,085190,6
35313,2644,بلوطک,085191,6
35314,2644,بنه دروازه,085194,6
35315,2644,پاقلعه,085197,6
35316,2644,پیرحسینی,085200,6
35317,2644,تلخ آب شاهی جان,085203,6
35318,2644,تنگ رودیان,085207,6
35319,2644,توکل آباد مرکزی,085208,6
35320,2644,تیشه گری,085209,6
35321,2644,جلیل آباد,085210,6
35322,2644,چم امامزاده,085212,6
35323,2644,حسین پاچر,085224,6
35324,2644,حسنی سنگ بزرگ,085225,6
35325,2644,حیدرآباد بابا منیر,085227,6
35326,2644,ده گپ,085238,6
35327,2644,سررود,085242,6
35328,2644,سرنجلک,085245,6
35329,2644,مزرعه علی بابا توکلی,085254,6
35330,2644,کیکمدان,085262,6
35331,2644,کرکدو,085264,6
35332,2644,گورک,085268,6
35333,2644,لب برآفتاب,085269,6
35334,2644,ایستگاه پل قایدان,085270,6
35335,2644,مورگاه بابا منیر,085274,6
35336,2644,دره تلخ راشک,372335,6
35337,2644,پارک برم,372348,6
35338,2645,آبزالو,085179,6
35339,2645,پاشیب,085196,6
35340,2645,پرنبار,085198,6
35341,2645,تنگ بلوط قایدان,085204,6
35342,2645,چشمه آبسرد,085214,6
35343,2645,چشمه سردو,085218,6
35344,2645,چناران,085221,6
35345,2645,دم دشت,085229,6
35346,2645,درک تیرتاج,085230,6
35347,2645,دشت دیده بان,085235,6
35348,2645,ده بید,085237,6
35349,2645,دهنو,085239,6
35350,2645,سراب دل,085241,6
35351,2645,قایدان,085251,6
35352,2645,قلاتک,085253,6
35353,2645,کره کان,085256,6
35354,2645,گردن کلاه,085263,6
35355,2645,گلگونی,085265,6
35356,2645,هجرت,085267,6
35357,2645,مرزنگی,085271,6
35358,2645,مشایخ,085272,6
35359,2645,منصورآباد,085273,6
35360,2645,برم جمال,372333,6
35361,2645,دشت آزادگان,372334,6
35362,2645,حمزه بیگی,372338,6
35363,2645,دره شور بالا,372339,6
35364,2645,آب انار,372340,6
35365,2645,کلک,372342,6
35366,2645,شاه سیف اله,373042,6
35367,2645,بلهزار بالا,373211,6
35368,2645,بلهزار پایین,373212,6
35369,2645,چشمه آب گور,373590,6
35370,2645,شهرک کلاسیاه,373591,6
35371,2646,آب توت,084736,6
35372,2646,آب گرو,084738,6
35373,2646,آبسردو,084739,6
35374,2646,اشگفت رومه,084745,6
35375,2646,بام بادامی,084748,6
35376,2646,باغ انار,084749,6
35377,2646,برید محمدقلی,084752,6
35378,2646,بنه پهن,084763,6
35379,2646,پازنان,084768,6
35380,2646,پس چاتک/پس جاتک,084769,6
35381,2646,پل مورد,084773,6
35382,2646,بونه سرخ,084774,6
35383,2646,پیرالی,084775,6
35384,2646,تنگ پهنا,084782,6
35385,2646,تنگ سبا,084783,6
35386,2646,جوزار بکش,084788,6
35387,2646,جوزار جاوید,084789,6
35388,2646,جویجان,084790,6
35389,2646,چشمه بکلو,084794,6
35390,2646,چناربرگ,084801,6
35391,2646,خرنگان,084809,6
35392,2646,درفش سفلی,084811,6
35393,2646,درفش علیا,084812,6
35394,2646,دره پلنگی,084815,6
35395,2646,دشتوار,084821,6
35396,2646,دلی بنک,084822,6
35397,2646,دودز,084824,6
35398,2646,ده گردو,084828,6
35399,2646,دیرمیر,084831,6
35400,2646,دیلمی,084832,6
35401,2646,رجالو,084836,6
35402,2646,رودکی,084841,6
35403,2646,سرکوه محمدی,084856,6
35404,2646,سید عبداله,084858,6
35405,2646,عدس کاری سفلی,084865,6
35406,2646,عدس کاری علیا,084866,6
35407,2646,علیشاهی,084867,6
35408,2646,کرنوشان,084875,6
35409,2646,گچ دروازه,084879,6
35410,2646,گلیله جاوید,084887,6
35411,2646,گویم,084894,6
35412,2646,مال حاجی,084896,6
35413,2646,مورمیر,084904,6
35414,2646,مهرنجان,084905,6
35415,2646,میدان,084906,6
35416,2646,نارک,084910,6
35417,2646,شیخ عیب,084918,6
35418,2646,پس کوشککی,370383,6
35419,2646,مرغ دوله,372090,6
35420,2646,بدره,373200,6
35421,2646,کاروانسرا,373201,6
35422,2646,سیب بر آفتاب,907514,6
35423,2647,نجکی,084750,6
35424,2647,پس مله,084771,6
35425,2647,پسکی,084772,6
35426,2647,پیرسر,084776,6
35427,2647,تل بلکی,084779,6
35428,2647,چشمه زری پراشکفت,084797,6
35429,2647,چیر,084806,6
35430,2647,دلی کرنیز,084823,6
35431,2647,دین باغان,084833,6
35432,2647,سراب گجستان,084846,6
35433,2647,سرتنگ بزرگ,084851,6
35434,2647,سر تنگ کوچک,084852,6
35435,2647,سید محمد,084859,6
35436,2647,قلعه سفید,084872,6
35437,2647,مله شیری,084900,6
35438,2647,میرسیدی,084908,6
35439,2647,نوشک,084913,6
35440,2647,ده گردو,372328,6
35441,2647,بنه سور,374101,6
35442,2648,اشکنه,086944,6
35443,2648,باغویه,086946,6
35444,2648,بهویه,086954,6
35445,2648,بیدکهتو,086955,6
35446,2648,بیدلنگ,086956,6
35447,2648,تلمبه آزادی,086958,6
35448,2648,تلمبه اکبر حیدری,086960,6
35449,2648,تلمبه ساختمانی,086964,6
35450,2648,تلمبه شماره 1 اسلامی,086968,6
35451,2648,تلمبه قلعه سنگی,086970,6
35452,2648,تلمبه محمدحسین برهانی,086971,6
35453,2648,تلمبه مختاری,086974,6
35454,2648,غوری,086975,6
35455,2648,چاه علی,086979,6
35456,2648,حسن آباد,086984,6
35457,2648,حیدرآباد,086985,6
35458,2648,دربیدو,086987,6
35459,2648,درنخود,086988,6
35460,2648,ده چاه,086989,6
35461,2648,زینلی,086993,6
35462,2648,سرداب,086994,6
35463,2648,سفیدار,086996,6
35464,2648,شمسیا,086998,6
35465,2648,کهنه قوس علیا,087010,6
35466,2648,کهنه قوس سفلی,087011,6
35467,2648,ماربیه,087012,6
35468,2648,محمدآباد سفلی,087013,6
35469,2648,محمدآباد علیا,087014,6
35470,2648,مزرعه علی فقیهی,370768,6
35471,2648,مزرعه اکبر برهانی,370769,6
35472,2648,حسین آباد,373151,6
35473,2648,شیطان آباد,373154,6
35474,2648,کارخانه سیمان سفید نی ریز,373155,6
35475,2648,مزرعه اصغری,373156,6
35476,2648,مزرعه سنگکی,373157,6
35477,2648,مزرعه مدرسی,373158,6
35478,2648,عشایر غوری,373164,6
35479,2648,چالقون سفلی,373166,6
35480,2648,معدن کوهستان شیراز,373404,6
35481,2648,معدن هریگان,373405,6
35482,2648,معدن ثاقب,373406,6
35483,2648,دامداری معین فرد,374001,6
35484,2648,گاوداری حاج صمد بایری,374002,6
35485,2648,معدن جاوید,807074,6
35486,2648,معدن مسروری,807075,6
35487,2648,معدن اسلامی,807076,6
35488,2649,اکبرآباد,086945,6
35489,2649,باغ بادام,086947,6
35490,2649,باقرآباد,086950,6
35491,2649,بالاشهر,086951,6
35492,2649,برج سیف اله,086953,6
35493,2649,چاه بره,086977,6
35494,2649,چمن بیدو,086982,6
35495,2649,چشمه چنار,086983,6
35496,2649,دهنو,086990,6
35497,2649,دهو,086991,6
35498,2649,سیرج,086997,6
35499,2649,کربزه,087006,6
35500,2649,کشوری,087007,6
35501,2649,کهتویه,087009,6
35502,2649,محمودآباد,087015,6
35503,2649,مزرو,087020,6
35504,2649,مزرعه معدن,087022,6
35505,2649,نی ریش,087025,6
35506,2649,قرجه,370775,6
35507,2649,سرسبز,370776,6
35508,2649,گله داری بابا زاده,373152,6
35509,2649,بیش ده,373153,6
35510,2649,چاه ولی,373159,6
35511,2649,تلمبه صداقت,373160,6
35512,2649,کوره آهک پزی کریمی,373162,6
35513,2649,قنات بالاشهر,373163,6
35514,2649,تلمبه محمد مراد حیدری,374000,6
35515,2649,اسلام آباد,707042,6
35516,2649,تلمبه افشار,807000,6
35517,2650,باغ بلوچ,086571,6
35518,2650,غدیرگه,086582,6
35519,2650,چنار محسنی,086585,6
35520,2650,سیمیاره,086588,6
35521,2650,امیرآباد,087137,6
35522,2650,بهروزآباد,087139,6
35523,2650,تل مهتابی,087141,6
35524,2650,جعفرآباد,087142,6
35525,2650,چاه گنده,087143,6
35526,2650,حاجی آباد,087144,6
35527,2650,حسین آباد جدید,087145,6
35528,2650,حسین آباد سورمق,087146,6
35529,2650,حیدرآباد,087147,6
35530,2650,خراسانی,087148,6
35531,2650,خنی,087149,6
35532,2650,ده فاضل,087151,6
35533,2650,زیرقلات,087153,6
35534,2650,صادق آباد,087154,6
35535,2650,نارویه,370159,6
35536,2650,معدنو,370777,6
35537,2650,لای حنا,370780,6
35538,2650,نصیرآباد,370783,6
35539,2650,عباس آباد,370785,6
35540,2650,محمودآباد,370787,6
35541,2650,علی آباد شور,370788,6
35542,2650,دولت آباد,370791,6
35543,2650,قلعه بهمن,370792,6
35544,2650,میبد,370796,6
35545,2650,تلمبه لایقمند,370799,6
35546,2650,لای رز,370800,6
35547,2650,مزرعه صمد ملک حسینی,373172,6
35548,2650,نیروگاه برق,373174,6
35549,2650,مجتمع معادن نی ریز,373175,6
35550,2650,مجتمع صنعتی شهرسنگ نی ریز,373177,6
35551,2650,مزرعه نصرتی,373179,6
35552,2650,پادگان آموزشی قدس,373181,6
35553,2650,رحیم آباد,373275,6
35554,2650,مزرعه شهید دستغیب,373276,6
35555,2650,مرغداری کاظمی نژاد,373399,6
35556,2650,دشت ول,373401,6
35557,2650,مرغداری محمد حسین مربی,373792,6
35558,2650,سیف آباد,707046,6
35559,2650,انبار جهاد سازندگی,807013,6
35560,2650,دهویه,807044,6
35561,2650,قلعه خواجه,807046,6
35562,2650,اکبر آباد,907159,6
35563,2650,شهرک صدرا,907521,6
35564,2651,مزرعه آب اناریک,075572,6
35565,2651,تهرانی,075603,6
35566,2651,مزرعه چاه خرجکی,075608,6
35567,2651,چاه دریمی,075610,6
35568,2651,چاه دیم,075612,6
35569,2651,چاه نصرو,075622,6
35570,2651,چک نار,075626,6
35571,2651,دزدان,075640,6
35572,2651,قلندر کشته,075662,6
35573,2651,هفت چاه,075703,6
35574,2651,باداموی,087214,6
35575,2651,مزرعه باغ بر,087215,6
35576,2651,مزرعه پلنگان,087217,6
35577,2651,پهنابه,087218,6
35578,2651,چاه انجیر سفلی,087219,6
35579,2651,چاه انجیر علیا,087220,6
35580,2651,مزرعه چاه شور,087221,6
35581,2651,چنارو,087222,6
35582,2651,ده چنار,087223,6
35583,2651,ده مسی,087224,6
35584,2651,علی آباد,087225,6
35585,2651,سروویه,087226,6
35586,2651,عربو,087228,6
35587,2651,مزرعه علی آباد پهنابه,087230,6
35588,2651,اسلام آباد,087232,6
35589,2651,مزرعه له سوز,087233,6
35590,2651,مزرعه تل گره,087235,6
35591,2651,مزرعه چاه شور سفلی,087236,6
35592,2651,مزرعه سنگ بر,087237,6
35593,2651,اردوگاه خاتم الانبیاء,087238,6
35594,2651,منبع آب شهر,087239,6
35595,2651,هرگان,087240,6
35596,2651,مزرعه هفتویه,087241,6
35597,2651,مزرعه باقر غفاری,265641,6
35598,2651,مزرعه شهباز کرمی,370729,6
35599,2651,چاه مسکه,370730,6
35600,2651,سبزویه,373167,6
35601,2651,مزرعه شورویه,373168,6
35602,2651,مزرعه راه جویان,373170,6
35603,2651,گاوداری احمد رجبی,373402,6
35604,2651,بادامو,373791,6
35605,2651,کوره آهکی حسینعلی خانی,374012,6
35606,2651,مرغداری گوشتی نی ریز مرغ,374013,6
35607,2652,اسلام آباد,086640,6
35608,2652,مزرعه اسلام صداقت,086642,6
35609,2652,اکبر مجیدی,086645,6
35610,2652,امیرآباد,086647,6
35611,2652,مزرعه بادآباد,086650,6
35612,2652,چاه امیر,086657,6
35613,2652,تلمبه ارج یاراحمدی,086663,6
35614,2652,تلمبه آقاگل,086666,6
35615,2652,تلمبه آقامحمد,086667,6
35616,2652,تلمبه بگلر یاراحمدی,086669,6
35617,2652,تلمبه پمپرو,086670,6
35618,2652,دولت آباد,086672,6
35619,2652,تلمبه حسین یاراحمدی,086675,6
35620,2652,تلمبه سالکی,086678,6
35621,2652,تلمبه صمد آقا,086682,6
35622,2652,تلمبه عباس آباد,086683,6
35623,2652,تلمبه عزمی,086685,6
35624,2652,تلمبه علیرضا یاراحمدی,086686,6
35625,2652,تلمبه عمیق,086688,6
35626,2652,تلمبه فریدون,086689,6
35627,2652,تلمبه قلی علی خانی,086690,6
35628,2652,تلمبه کریم یاراحمدی,086692,6
35629,2652,تلمبه مسعودخان,086696,6
35630,2652,ناخودی,086697,6
35631,2652,تمب تارو,086699,6
35632,2652,جعفرآباد,086700,6
35633,2652,مزرعه جعفرآباد,086701,6
35634,2652,جنگلی ریز آب,086703,6
35635,2652,چاه دکتر,086705,6
35636,2652,چاه شماره دو,086706,6
35637,2652,چاه شماره سه,086707,6
35638,2652,چاه عسکری,086711,6
35639,2652,چاه قلندری,086712,6
35640,2652,چاه گزی,086713,6
35641,2652,چاه واگذاری شماره یک,086714,6
35642,2652,چاه واگذاری شماره 2,086715,6
35643,2652,چاه واگذاری شماره 3,086716,6
35644,2652,چاه واگذاری شماره 4,086717,6
35645,2652,چاه واگذاری شماره 5,086718,6
35646,2652,چاه واگذاری شماره 6,086719,6
35647,2652,چاه واگذاری شماره 7,086720,6
35648,2652,چاه واگذاری شماره 8,086721,6
35649,2652,حاجی آباد,086725,6
35650,2652,حاجی محمد رضا,086727,6
35651,2652,حسن آباد,086728,6
35652,2652,حسین آباد,086730,6
35653,2652,تلمبه نظر یاراحمدی,086732,6
35654,2652,تلمبه خسروی,086733,6
35655,2652,روبسون خیرآباد,086734,6
35656,2652,درویش آباد,086735,6
35657,2652,مزرعه درویش سعادت,086736,6
35658,2652,مسلم آباد,086737,6
35659,2652,دق مراد,086738,6
35660,2652,سبزآباد,086744,6
35661,2652,سراشکو,086745,6
35662,2652,مزرعه سرحدی,086746,6
35663,2652,مزرعه شور و حاجی آباد,086753,6
35664,2652,شور و حسینی,086754,6
35665,2652,ریزآب,086755,6
35666,2652,صادق آباد,086756,6
35667,2652,عباس آباد نورمحمدی,086758,6
35668,2652,مزرعه عباس آباد مروارید,086759,6
35669,2652,علی آباد,086762,6
35670,2652,مزرعه علی سیرجانی,086763,6
35671,2652,فتح آباد,086765,6
35672,2652,فخرآباد,086766,6
35673,2652,فلاحی,086767,6
35674,2652,کارگاه,086772,6
35675,2652,مزرعه کرمانی,086774,6
35676,2652,کشت و صنعت حدایق,086775,6
35677,2652,محمودآباد,086780,6
35678,2652,مزرعه محمودآباد,086782,6
35679,2652,وزیره,086790,6
35680,2652,شورویه,086791,6
35681,2652,گل کرم,265639,6
35682,2652,محمدآباد,370712,6
35683,2652,تلمبه حسن آباد,370713,6
35684,2652,تلمبه غریب,370714,6
35685,2652,علی آباد,370716,6
35686,2652,تلمبه قنبرعلی,370718,6
35687,2652,تلمبه رحمت,370720,6
35688,2652,یورد چاله,370721,6
35689,2652,یورد دیگو,370722,6
35690,2652,دزدان,370723,6
35691,2652,تلمبه اسحاق,370724,6
35692,2652,کت آباد,370725,6
35693,2652,شهرک وزیره,373584,6
35694,2652,بنه کلاغی,373585,6
35695,2652,چاه گز,374003,6
35696,2652,ارگ,374004,6
35697,2652,چاه شور,374005,6
35698,2652,امامزاده سید محمد,807015,6
35699,2652,عباس آباد,807986,6
35700,2653,شط بادام,076750,6
35701,2653,تلمبه های اسلام آباد 1,086641,6
35702,2653,انجیر خواجه,086649,6
35703,2653,باغ بالا,086651,6
35704,2653,باغ غفارآباد,086652,6
35705,2653,بشنه,086654,6
35706,2653,بیگردو,086658,6
35707,2653,پاسگاه انتظامی قطرویه,086659,6
35708,2653,پاسگاه شکاربانی بهرام گور,086660,6
35709,2653,تفت,086661,6
35710,2653,تلمبه جعفر دولت خواه,086673,6
35711,2653,تلمبه احمد سنگدل,086677,6
35712,2653,تلمبه عباس اله بخشی,086684,6
35713,2653,تلمبه علی سنگدل,086687,6
35714,2653,تلمبه کعبه ها,086693,6
35715,2653,تلمبه محمدعلی عسکری,086694,6
35716,2653,تلمبه محمدعلی مقنی,086695,6
35717,2653,چشمه سفید,086723,6
35718,2653,چاه شیرین,086724,6
35719,2653,تلمبه بهرام امیری,086726,6
35720,2653,حسین آباد,086731,6
35721,2653,ده برین,086741,6
35722,2653,ده وزیر,086742,6
35723,2653,دینه,086743,6
35724,2653,سنگ زرد,086747,6
35725,2653,شورو,086752,6
35726,2653,صادق آباد,086757,6
35727,2653,قطار بنه,086768,6
35728,2653,کت گز,086773,6
35729,2653,ماهور,086779,6
35730,2653,نیلو,086789,6
35731,2653,کنه,087008,6
35732,2653,تلمبه مهدی شریعتی,087023,6
35733,2653,نیگینو,087024,6
35734,2653,تلمبه های کرسفید,087027,6
35735,2653,تلمبه سید ابراهیم محبی,370751,6
35736,2653,مزرعه علی اصغری,370752,6
35737,2653,چاه عباس,373138,6
35738,2653,معدن سنگ بلوک,373139,6
35739,2653,سنگ سفید,373140,6
35740,2653,چاه شور,373141,6
35741,2653,چاه قوسکی,373142,6
35742,2653,میان ده قطار بنه,373143,6
35743,2653,چاه عمیق عشایری,373144,6
35744,2653,چاه شیرین,373145,6
35745,2653,امیرآباد,373146,6
35746,2653,چاه قنبر,373147,6
35747,2653,چاه گله مهدی آباد,373148,6
35748,2653,چاه خشتو,373149,6
35749,2653,چاه کوپال,373150,6
35750,2653,چاه بادام,373277,6
35751,2653,معدن پیروز,373403,6
35752,2653,معدن گرافیت بشنه,373586,6
35753,2653,پاسگاه محیط بانی شهید محمد طهماسبی,373587,6
35754,2653,کشتارگاه,373588,6
35755,2653,شرکت تعاونی معدنی 15 قطرویه,373794,6
35756,2653,تلمبه های سنگ سفید,374006,6
35757,2653,معدن شن و ماسه و آسفالت,374007,6
35758,2653,چاه خرگوشی,374008,6
35759,2653,چاه نو,374009,6
35760,2653,تلمبه های اسلام آباد 2,374010,6
35761,2653,علی آباد,374011,6
35762,2653,علی آباد تل سنگ,907547,6
35763,2654,باسردو,081851,6
35764,2654,برکه ماه بانو,081852,6
35765,2654,ترمان,081856,6
35766,2654,تنگ ترمان,081859,6
35767,2654,تنگ لشکون,081860,6
35768,2654,جوهری,081862,6
35769,2654,چاه وران,081863,6
35770,2654,چاه شور سفلی,081864,6
35771,2654,چاه شور علیا,081865,6
35772,2654,چخوها,081870,6
35773,2654,حسین آباد ترمان,081873,6
35774,2654,خلیفه ها,081877,6
35775,2654,ده سردار,081879,6
35776,2654,زنگنه,081882,6
35777,2654,سعدآباد,081883,6
35778,2654,سبخی,081884,6
35779,2654,فرودگاه,081887,6
35780,2654,قلعه اسماعیل,081888,6
35781,2654,قلعه غلام عبداله,081889,6
35782,2654,قلعه حاجی محمد,081890,6
35783,2654,قلعه علی بابا ( آب دولی ),081891,6
35784,2654,قلعه فریدون,081892,6
35785,2654,قلعه کچلها,081893,6
35786,2654,قلعه مظفر,081894,6
35787,2654,کهور سوخته,081899,6
35788,2654,لشخره,081900,6
35789,2654,لشکون,081901,6
35790,2654,میرحسنی/میرحسینی,081903,6
35791,2654,ناوبندی,081904,6
35792,2654,نورانی کهنه,081905,6
35793,2654,نورانی نو,081906,6
35794,2654,تخت آباد,370862,6
35795,2654,علی آباد جوهری,374038,6
35796,2654,شهرک صنعتی لامرد,374039,6
35797,2654,کارخانه آسفالت اطلسی,374040,6
35798,2654,تابناک,807063,6
35799,2654,فیروزآباد,907476,6
35800,2654,حسن آباد,907477,6
35801,2655,جمال آباد,081666,6
35802,2655,سه تنبک,081676,6
35803,2655,کندر شیخ,081681,6
35804,2655,کندر عبدالرضا,081682,6
35805,2655,کندر کلاه بلند,081683,6
35806,2655,کندر محمدی,081684,6
35807,2655,گچو,081687,6
35808,2655,گردان عباس عبداله,081691,6
35809,2655,پنگرو,081699,6
35810,2655,پشه دان,081854,6
35811,2655,جوی,081861,6
35812,2655,چاه شیخ,081866,6
35813,2655,حسن کمالی,081872,6
35814,2655,حسین آباد,081874,6
35815,2655,خالو محمدعلی,081875,6
35816,2655,خره,081876,6
35817,2655,دولت آباد,081878,6
35818,2655,ده شیخ,081880,6
35819,2655,رییس یحیی,081881,6
35820,2655,سیگار,081885,6
35821,2655,کاکلی,081896,6
35822,2655,کرزا,081897,6
35823,2655,کره مچی,081898,6
35824,2655,ایدک,081907,6
35825,2655,آب باد,373189,6
35826,2655,چاه نوده شیخ,373191,6
35827,2655,کربلایی محسن,373437,6
35828,2655,قایدی,373438,6
35829,2655,ملایی,373439,6
35830,2655,ده آخوند,373440,6
35831,2655,عالی آباد,374041,6
35832,2655,فیروزآباد,707025,6
35833,2656,اندا,081653,6
35834,2656,بریو,081658,6
35835,2656,پیریز,081661,6
35836,2656,پشت بر,081663,6
35837,2656,تلو,081664,6
35838,2656,تهره دان,081665,6
35839,2656,خرگو,081668,6
35840,2656,خشت,081669,6
35841,2656,دشت گور,081670,6
35842,2656,ده میان,081671,6
35843,2656,رکن آباد,081673,6
35844,2656,زندان,081674,6
35845,2656,صیادی,081677,6
35846,2656,کشکو,081680,6
35847,2656,کوهی,081686,6
35848,2656,گرازدان,081688,6
35849,2656,گرهن آغایی,081689,6
35850,2656,لاور خشت,081692,6
35851,2656,مزرعه لاور محمد شاهی,081693,6
35852,2656,میرحسینی,081697,6
35853,2656,ارتباط پاسگاه اشکنان,363436,6
35854,2656,پشت آب,370855,6
35855,2657,امامزاده شاه غیب,081652,6
35856,2657,باغ سروستان,081656,6
35857,2657,باغ هنو,081657,6
35858,2657,پاقلات,081659,6
35859,2657,ده پایین,081660,6
35860,2657,پس بند,081662,6
35861,2657,دهو,081672,6
35862,2657,زین الدین,081675,6
35863,2657,کال,081678,6
35864,2657,کدیان,081679,6
35865,2657,مزرعه گری گچو,081690,6
35866,2657,مهرک,081695,6
35867,2657,بنو,081700,6
35868,2657,کوه دهو,373183,6
35869,2657,کولو,373740,6
35870,2657,حسن آباد,707024,6
35871,2658,بیدو,081972,6
35872,2658,غیب الهی,081975,6
35873,2658,چاه کور,081978,6
35874,2658,خشتی,081979,6
35875,2658,ده نو,081981,6
35876,2658,عامری,081992,6
35877,2658,گود برکه,081999,6
35878,2658,گهلویه,082001,6
35879,2658,مرغان,082002,6
35880,2658,مزرعه حفرویه,082003,6
35881,2658,شاه فرج اله,370882,6
35882,2659,ابوحنا,081964,6
35883,2659,انجیربند,081967,6
35884,2659,برکه سفید,081969,6
35885,2659,بلبلی,081970,6
35886,2659,پرزی,081973,6
35887,2659,پلنگی,081974,6
35888,2659,چاه گزی,081977,6
35889,2659,دده,081982,6
35890,2659,سید هاشمی,081988,6
35891,2659,ظالمی,081991,6
35892,2659,گلدشت,081995,6
35893,2659,کهنویه,081997,6
35894,2659,فخر آبی,370887,6
35895,2659,وردوان,370888,6
35896,2659,گرگی,372423,6
35897,2659,مزرعه دشت شور,372433,6
35898,2659,هرا سفید,372434,6
35899,2659,سیاه دانه,372435,6
35900,2659,مزرعه علی میرزا قیصری,372436,6
35901,2659,مزرعه زمان رستمی,372437,6
35902,2659,مزرعه حاجی آباد,373192,6
35903,2659,مزرعه سیف الدین,373193,6
35904,2659,مزرعه محمدی,373739,6
35905,2659,حسین آباد,907509,6
35906,2660,ده نو,081774,6
35907,2660,دهبان,081776,6
35908,2660,نخلستان برفی,081795,6
35909,2660,پاسگاه نظامی تل تله,373353,6
35910,2661,احشام,081753,6
35911,2661,حاجی آباد,081768,6
35912,2661,ده کهنه,081773,6
35913,2661,ده نو فاضلی,081775,6
35914,2661,شیخ عامر,081779,6
35915,2661,شیرینو,081780,6
35916,2661,فاضلی,081782,6
35917,2661,نخلستان باد,081794,6
35918,2661,نخلستان جگری دان,081796,6
35919,2661,نعمه,081798,6
35920,2662,نورالدینی,081799,6
35921,2662,اندر,081968,6
35922,2662,روگیر تاج امیری,081983,6
35923,2662,روگیر حاجی محمدتقی,081984,6
35924,2662,روگیر حسنی,081985,6
35925,2662,روگیر قلعه حاجی,081986,6
35926,2662,کمالی,081996,6
35927,2662,گراروی,082000,6
35928,2663,برکه ملایی,081758,6
35929,2663,تمرو,081762,6
35930,2663,چاه رمضان,081765,6
35931,2663,چهارطاق,081767,6
35932,2663,خارس,081771,6
35933,2663,شاه بهرام,081777,6
35934,2663,شرف آباد,081778,6
35935,2663,قلعه سهراب,081783,6
35936,2663,قلعه مرادی,081785,6
35937,2663,کتک,081787,6
35938,2663,محمد علیا,081791,6
35939,2663,علی محسنی,370880,6
35940,2663,امامزاده شاه بهرام,370881,6
35941,2663,نخلستان آبخوران,373184,6
35942,2663,مهرآباد ماندگاری,373185,6
35943,2664,بجدانه سفلی,070677,6
35944,2664,بجدانه علیا,070678,6
35945,2664,مزرعه برد شیراز,070679,6
35946,2664,بید اهرم,070684,6
35947,2664,پیرمرد,070687,6
35948,2664,تاچه کرمانی,070688,6
35949,2664,جشنیان,070693,6
35950,2664,جعفرآباد سفلی,070694,6
35951,2664,جعفرآباد علیا,070695,6
35952,2664,جوی سفید,070698,6
35953,2664,چهرک,070704,6
35954,2664,حسین آباد,070706,6
35955,2664,دشت بر,070714,6
35956,2664,دیده بانکی,070716,6
35957,2664,رستمی,070717,6
35958,2664,سنگ بر,070723,6
35959,2664,سنگ سفید,070724,6
35960,2664,سنگ شکن شهرداری,070726,6
35961,2664,شاه قلی بیگی,070730,6
35962,2664,مزرعه شاهرخ آباد,070731,6
35963,2664,علم آباد,070737,6
35964,2664,علف خرس,070738,6
35965,2664,فخرآباد,070739,6
35966,2664,قبر سفید,070741,6
35967,2664,نصرت,070744,6
35968,2664,قنات ملک,070748,6
35969,2664,قنات نسا,070749,6
35970,2664,پمپ رضا قلی بادبان,070750,6
35971,2664,مزرعه قنات نو,070751,6
35972,2664,کلاکون,070754,6
35973,2664,کاهریزک,070756,6
35974,2664,مزرعه چشمه محمد حنیفه,070764,6
35975,2664,مزرعه کت,070768,6
35976,2664,مهدی آباد,070774,6
35977,2664,گاوداری شبانی,372484,6
35978,2664,مزرعه نوازالله معصومی,373240,6
35979,2664,قناتو,373343,6
35980,2664,کوره آهک ابطحی,373344,6
35981,2664,تلمبه اسداله معصومی,373345,6
35982,2664,معدن جلیل عباسی,373346,6
35983,2664,معدن مهدی کوهی,373541,6
35984,2664,تلمبه جلیل معصومی,373542,6
35985,2664,تلمبه فریبرز معصومی,373747,6
35986,2664,تلمبه محمد جنتی خواه,373748,6
35987,2664,تلمبه بهار معصومی,373749,6
35988,2664,تلمبه محمد گلکاری,373750,6
35989,2664,شهرک صنعتی,734054,6
35990,2665,آب نیل,071160,6
35991,2665,اناموشی,071181,6
35992,2665,باغ علی آباد,071186,6
35993,2665,خورکش,071269,6
35994,2665,دوراه,071281,6
35995,2665,سرمیدان,071303,6
35996,2665,سماء جان,071307,6
35997,2665,سیمکان,071315,6
35998,2665,شیرخورشت,071329,6
35999,2665,فنجان,071348,6
36000,2665,قلعه سنگی,071367,6
36001,2665,مسه,071371,6
36002,2665,قنات باشی,071375,6
36003,2665,توزلیجه,071378,6
36004,2665,قنات سید,071387,6
36005,2665,قنات میونی,071404,6
36006,2665,گله دار,071438,6
36007,2665,لقمان چشمه,071446,6
36008,2665,مزرعه به,071477,6
36009,2665,مزرعه بیدمالی,071478,6
36010,2665,مزرعه بیدو,071480,6
36011,2665,مزرعه بیدو,071481,6
36012,2665,تیروت,071486,6
36013,2665,مزرعه سرداب,071501,6
36014,2665,مزرعه سیدآباد,071504,6
36015,2665,مزرعه عسکرتک,071507,6
36016,2665,مزرعه قنات جعفری,071512,6
36017,2665,مزرعه لاک پشتی,071519,6
36018,2665,نیم افراز,071525,6
36019,2665,ملاعلی,071534,6
36020,2665,هونزا,071553,6
36021,2665,قافله ای,370081,6
36022,2665,مزرعه شیرخانی,370082,6
36023,2665,مزرعه مورقلی,370083,6
36024,2665,چشمه مون,370084,6
36025,2665,کرکو,370085,6
36026,2665,درون,370091,6
36027,2665,مزرعه مشکین,370092,6
36028,2665,مزرعه گونو,372300,6
36029,2665,قنات کلستان,373242,6
36030,2665,مزرعه داسه,373243,6
36031,2665,مزرعه برزه,373244,6
36032,2665,معدن سنگ مرمریت سیمکان,373668,6
36033,2665,معدن شایان مرمریت,373751,6
36034,2666,امامزاده بزم,070674,6
36035,2666,باقرآباد,070676,6
36036,2666,بزم,070681,6
36037,2666,بندنو,070683,6
36038,2666,جمال آباد,070696,6
36039,2666,جوی بزم,070697,6
36040,2666,چیر,070705,6
36041,2666,دشت خورده,070715,6
36042,2666,ریزکان,070719,6
36043,2666,سروستان,070721,6
36044,2666,سونج,070728,6
36045,2666,شیدان,070734,6
36046,2666,طاهرآباد,070735,6
36047,2666,قاضی آباد,070740,6
36048,2666,قلعه نو کریم آباد,070745,6
36049,2666,گلی سار,070758,6
36050,2666,مزرعه هندویه,070769,6
36051,2666,معدن سنگ محمد رضوی,070770,6
36052,2666,منج سفلی,070771,6
36053,2666,منج علیا,070772,6
36054,2666,مرغداری محمد سیاه,372485,6
36055,2666,کارگاه سنگبری راستی,372486,6
36056,2667,آب قرقر,070669,6
36057,2667,آب گرم,070670,6
36058,2667,آبسر,070671,6
36059,2667,آبگرم طاق,070672,6
36060,2667,احمد بیگی,070673,6
36061,2667,بادبر,070675,6
36062,2667,بروان,070680,6
36063,2667,بن دره,070682,6
36064,2667,بید بیمار,070685,6
36065,2667,بیدملا,070686,6
36066,2667,تنگ پودنه,070689,6
36067,2667,چراغ گوشی,070699,6
36068,2667,چشمه پیرکدو,070700,6
36069,2667,چنار,070701,6
36070,2667,چنارسوخته,070702,6
36071,2667,چاه قاسمی,070707,6
36072,2667,خلیون,070708,6
36073,2667,خربها,070709,6
36074,2667,خونه ریگ سفلی,070710,6
36075,2667,خونه ریگ علیا,070711,6
36076,2667,دزدو,070713,6
36077,2667,رضاآباد,070718,6
36078,2667,زرخیز,070720,6
36079,2667,سنجدو,070722,6
36080,2667,سنگ سیاه,070725,6
36081,2667,سهل آباد,070729,6
36082,2667,شهریاری,070732,6
36083,2667,شیخ نصرالدین,070733,6
36084,2667,عاصمی,070736,6
36085,2667,قدمگاه,070742,6
36086,2667,قلعه آباده,070743,6
36087,2667,کوه سرخ,070753,6
36088,2667,گوی مک,070755,6
36089,2667,کهنه قاضی,070757,6
36090,2667,گوساله دان,070760,6
36091,2667,لای روغنی,070761,6
36092,2667,محل اکبری,070762,6
36093,2667,مرشدی,070765,6
36094,2667,مزرعه قشلاق,070767,6
36095,2667,مزرعه نظومی,070775,6
36096,2667,له سبز,071000,6
36097,2667,تیه,370010,6
36098,2667,سربره علیا,370011,6
36099,2667,کر,370012,6
36100,2667,لای سواران,370013,6
36101,2667,مزرعه رگو,372487,6
36102,2667,توه سنجد,372488,6
36103,2667,گنداب,372489,6
36104,2667,حسین آباد,373373,6
36105,2667,یافت آباد,373374,6
36106,2667,تنگ ماهور,707029,6
36107,2667,مهدیه,707053,6
36108,2668,نارک,083124,6
36109,2668,باغ تیر حاجی آباد,083126,6
36110,2668,بکر,083129,6
36111,2668,جعفرآباد,083137,6
36112,2668,جلودر,083141,6
36113,2668,حسن آباد جلودر,083142,6
36114,2668,حسین آباد عرب شیبانی,083145,6
36115,2668,خبریز,083149,6
36116,2668,دره آهکی,083151,6
36117,2668,ده بید,083156,6
36118,2668,ده نو نصیر آباد,083157,6
36119,2668,رحمت آباد,083160,6
36120,2668,رحیم آباد,083161,6
36121,2668,زیادآباد,083163,6
36122,2668,سعادت آباد,083165,6
36123,2668,سیدآباد,083169,6
36124,2668,صالح آباد,083173,6
36125,2668,صفرآباد,083174,6
36126,2668,عبداله آباد,083175,6
36127,2668,عزآباد,083176,6
36128,2668,علی آباد سالار,083177,6
36129,2668,قصر جمال,083183,6
36130,2668,مهریان,083207,6
36131,2668,ولی آباد,083213,6
36132,2668,مزرعه صادق آباد,807012,6
36133,2668,گاوداری حیدری,807475,6
36134,2668,گاوداری محمودی,807476,6
36135,2668,گاوداری منوچهری,807477,6
36136,2668,مرغداری محمد,807481,6
36137,2668,مزرعه آیت الله زاده,807483,6
36138,2668,مزرعه دهقانی,807485,6
36139,2669,احمدآباد,083122,6
36140,2669,چاشت خور,083140,6
36141,2669,حسن آباد قدمگاه,083143,6
36142,2669,حسین آباد کتک,083146,6
36143,2669,حسین آباد نجف آباد,083147,6
36144,2669,خان آباد,083148,6
36145,2669,خیرآباد,083150,6
36146,2669,دوکوهک,083152,6
36147,2669,دولاب بالا,083154,6
36148,2669,دولاب پایین,083155,6
36149,2669,دهک,083158,6
36150,2669,سعید آباد,083166,6
36151,2669,سهل آباد سروش,083168,6
36152,2669,فتح آباد,083179,6
36153,2669,کتک,083187,6
36154,2669,کفر,083189,6
36155,2669,کلاغ جیرو,083190,6
36156,2669,کورش آباد,083192,6
36157,2669,کوشک,083196,6
36158,2669,کوهنجان,083197,6
36159,2669,مقبل آباد,083206,6
36160,2669,نجف آباد,083208,6
36161,2669,نظام آباد,083210,6
36162,2669,شوراب,372399,6
36163,2669,جوادیه,373395,6
36164,2669,چشمه شیرین,373909,6
36165,2669,امامزاده ولی الله,373911,6
36166,2669,مزرعه دولاب وسط,807028,6
36167,2669,فشار,807452,6
36168,2669,اسلام آباد سروش,907540,6
36169,2670,اسلام آباد,070886,6
36170,2670,بیکهدان,070903,6
36171,2670,حاجی آباد,070944,6
36172,2670,دره گل,070955,6
36173,2670,اکبرآباد,083123,6
36174,2670,ایستگاه فرستنده و گیرنده ارسنجان,083125,6
36175,2670,بزم آهوچر,083128,6
36176,2670,بکهدان,083130,6
36177,2670,پوزه چهارقاش,083131,6
36178,2670,تلمبه حسن ابراهیمی,083132,6
36179,2670,تلمبه حسن شاهی,083133,6
36180,2670,تلمبه سیدا,083134,6
36181,2670,تلمبه عزیز ابراهیمی,083136,6
36182,2670,جمال آباد بزرگ,083138,6
36183,2670,حسین آباد لیاقت,083144,6
36184,2670,دولت آباد,083153,6
36185,2670,دهک علی آباد,083159,6
36186,2670,رفیع آباد,083162,6
36187,2670,سه دره,083167,6
36188,2670,پارک بناب,083171,6
36189,2670,علی آباد ملک,083178,6
36190,2670,فیجان,083181,6
36191,2670,قلعه رضایی,083185,6
36192,2670,قلات خوار,083186,6
36193,2670,کریم آباد,083188,6
36194,2670,کمال آباد,083191,6
36195,2670,گله داری خانی اسکندری,083198,6
36196,2670,دولاب,083203,6
36197,2670,مزرعه کاظم زارع,083204,6
36198,2670,نصیرآباد,083209,6
36199,2670,نعمت آباد,083211,6
36200,2670,پوزه خونی,086417,6
36201,2670,تلمبه حسین علی,086424,6
36202,2670,قلعه دیدار,086425,6
36203,2670,تلمبه رستم,086426,6
36204,2670,تلمبه کاظمی,086428,6
36205,2670,تلمبه گل میان,086429,6
36206,2670,چاه زرد,086439,6
36207,2670,چهار قلات,086447,6
36208,2670,دشت گورکی,086455,6
36209,2670,سرخ آباد,086463,6
36210,2670,سنگ کر,086466,6
36211,2670,شرق آباد,086467,6
36212,2670,قبر سفید,086471,6
36213,2670,مزرعه سرهنگ دبیری,370624,6
36214,2670,تلمبه میرزاولی زارع,370626,6
36215,2670,تلمبه محمود نعمتی,370627,6
36216,2670,پیر باصفا,370628,6
36217,2670,تلمبه یدا...رضایی,370629,6
36218,2670,مزرعه علی آباد باصفا,370630,6
36219,2670,کناره,370632,6
36220,2670,مزرعه قره دره,370633,6
36221,2670,چاه سرخ,370634,6
36222,2670,تلمبه نعمتی,372996,6
36223,2670,جلال آباد,372997,6
36224,2670,مزرعه حمام الدین,373335,6
36225,2670,چاه انجیر,373589,6
36226,2670,دامداری داریوش ابراهیمی,374045,6
36227,2670,کارگاه شرکت ابزاری,374046,6
36228,2670,اردوگاه شهید رجایی,807014,6
36229,2670,ایستگاه برق 66.2 کیلوولت ارسنجان,807451,6
36230,2670,باغ پیوند,807453,6
36231,2670,پارک جنگلی,807454,6
36232,2670,پارک جنگلی بناب,807455,6
36233,2670,پمپ بنزین,807456,6
36234,2670,دامداری حسین نعمتی,807457,6
36235,2670,دامداری مقصودی,807458,6
36236,2670,دامداری نعمت اللهی,807459,6
36237,2670,دامداری نعمتی,807460,6
36238,2670,دامداری نعمتی,807461,6
36239,2670,ذرت خشک کنی زردانه,807462,6
36240,2670,روستای چاه عباس علی,807463,6
36241,2670,سنگبری اکبرپور,807465,6
36242,2670,شرکت 165 ایثارگران,807466,6
36243,2670,شرکت تعاونی حمل و نقل کامیونداران,807467,6
36244,2670,شرکت دانه ماکیان,807468,6
36245,2670,صنایع غذایی مروارید,807469,6
36246,2670,کارخانه آسفالت,807470,6
36247,2670,کارخانه شن و ماسه,807472,6
36248,2670,کارگاههای ارسنجان,807473,6
36249,2670,گاوداری اسکندری,807474,6
36250,2670,گاوداری نعمت اللهی,807478,6
36251,2670,گاوداری نعمتی,807479,6
36252,2670,مرغداری ذره اروج,807480,6
36253,2670,مرغداری موسوی,807482,6
36254,2670,مزرعه حسین خسروانی,807484,6
36255,2670,مزرعه رضایی,807486,6
36256,2670,مزرعه میرزاولی زارع,807487,6
36257,2670,مهرآباد,907546,6
36258,2671,احمدآباد,071164,6
36259,2671,اسدآباد,071169,6
36260,2671,آقا چشمه,071173,6
36261,2671,بیان,071194,6
36262,2671,بیدستان,071195,6
36263,2671,شهیداباد,071237,6
36264,2671,چهارباغ,071238,6
36265,2671,حاجی داد,071244,6
36266,2671,خانه سگان,071261,6
36267,2671,حفرکو سفلی,071264,6
36268,2671,حفرکو علیا,071265,6
36269,2671,خورجان,071268,6
36270,2671,زرین,071293,6
36271,2671,سرتم,071297,6
36272,2671,سردشت,071300,6
36273,2671,سلمان آباد,071306,6
36274,2671,سه استخر,071312,6
36275,2671,شوراب,071323,6
36276,2671,شورجه,071326,6
36277,2671,طاووس فیروزی,071333,6
36278,2671,عباس آباد,071335,6
36279,2671,فیروزی,071350,6
36280,2671,قاسم خان,071355,6
36281,2671,قره چشمه,071361,6
36282,2671,قلعه مورچه,071369,6
36283,2671,قنات چشمه,071380,6
36284,2671,قنات چنارو,071381,6
36285,2671,قنات سرخ,071386,6
36286,2671,قنات سنگ سفید,071391,6
36287,2671,قنات فیروزی,071396,6
36288,2671,قنات محمد میرزایی بیان,071401,6
36289,2671,قنات نو,071409,6
36290,2671,کافه مهران,071415,6
36291,2671,محمودآباد,071461,6
36292,2671,مزرعه انگورک,071474,6
36293,2671,مزرعه تپه تپه,071484,6
36294,2671,مزرعه دیدگان,071499,6
36295,2671,مزرعه زرند,071500,6
36296,2671,مزرعه شهباز زارع,071505,6
36297,2671,مزرعه گل افشان,071517,6
36298,2671,مزرعه گل افشار,071518,6
36299,2671,مظفرآباد,071527,6
36300,2671,معدن سنگ,071529,6
36301,2671,یاس چمن,071554,6
36302,2671,قهوه خانه خسروانی,083443,6
36303,2671,تنگ حنا,083448,6
36304,2671,مزرعه علفی,083450,6
36305,2671,مزرعه خم گاه,370014,6
36306,2671,امین آباد,370017,6
36307,2671,مزرعه هاشمی,370087,6
36308,2671,قصر ماهور,370089,6
36309,2671,علی آباد بجویه,370093,6
36310,2671,مزرعه گردم,370094,6
36311,2671,حوضچه پرورش ماهی,373014,6
36312,2671,ایستگاه مخابرات,373354,6
36313,2671,معدن چاه مرغی,373619,6
36314,2671,خیرآباد,373913,6
36315,2671,تلمبه نصیری,373919,6
36316,2671,ایستگاه گاز,807068,6
36317,2671,پهنو ریگی,807069,6
36318,2671,راهدار خانه شهیدآباد,807070,6
36319,2671,دره انجیری,807081,6
36320,2671,مرغاب,907552,6
36321,2672,آب مرو,071159,6
36322,2672,احمدآباد,071163,6
36323,2672,ارجنگ,071168,6
36324,2672,اسلام آباد,071170,6
36325,2672,ایستگاه تحقیقاتی مراتع,071182,6
36326,2672,ایستگاه مخابرات کولی کش,071183,6
36327,2672,باغ ملا,071187,6
36328,2672,بهارگون,071193,6
36329,2672,تلخون,071198,6
36330,2672,تلمبه سعید کریمی,071212,6
36331,2672,مزارع واگذاری سرملکی قنات نو,071213,6
36332,2672,مزرعه نیک بخت,071223,6
36333,2672,حاجی آباد,071239,6
36334,2672,حاجی آباد,071240,6
36335,2672,حاجی آباد,071241,6
36336,2672,حسین آباد,071248,6
36337,2672,حسین آباد,071251,6
36338,2672,حسین آباد کوه سفید,071256,6
36339,2672,حسین آباد ناظمی,071257,6
36340,2672,حیدرآباد,071259,6
36341,2672,خلیلی,071266,6
36342,2672,دستجرد,071275,6
36343,2672,دینچه خیر,071279,6
36344,2672,دهنو,071285,6
36345,2672,زوالخوید,071286,6
36346,2672,راهدارخانه کولی کش,071287,6
36347,2672,راهدارخانه وزارت راه,071288,6
36348,2672,رشید کشته,071290,6
36349,2672,مزرعه ساربونک,071295,6
36350,2672,سرملکی قنات نو,071302,6
36351,2672,سنجدی,071309,6
36352,2672,سنگ سامان,071310,6
36353,2672,شرکت راهسازی زرین دشت,071319,6
36354,2672,مشهد افراب,071328,6
36355,2672,صالح آباد بزرگ,071331,6
36356,2672,صالح آباد کوچک,071332,6
36357,2672,ظهرآباد,071334,6
36358,2672,علی آباد,071338,6
36359,2672,علی آباد,071339,6
36360,2672,فخرآباد,071345,6
36361,2672,فشارآباد,071346,6
36362,2672,قاسم آباد,071352,6
36363,2672,قاسم آباد بزرگ,071353,6
36364,2672,قاسم آباد کوچک,071354,6
36365,2672,قاضیان سفلی,071356,6
36366,2672,قاضیان علیا,071357,6
36367,2672,قصر یعقوب,071364,6
36368,2672,قلعه باغی,071365,6
36369,2672,قلقلی,071372,6
36370,2672,قنات سفید,071388,6
36371,2672,قنات میانه,071403,6
36372,2672,کریم آباد,071418,6
36373,2672,کلوت,071422,6
36374,2672,کمال آباد,071424,6
36375,2672,کمرآباد,071426,6
36376,2672,گاوداری حسن آباد,071432,6
36377,2672,گرداب سفلی,071433,6
36378,2672,گرداب علیا,071434,6
36379,2672,گوشتی,071443,6
36380,2672,له شور سفلی,071447,6
36381,2672,له شور علیا,071448,6
36382,2672,لایتوت سفلی,071449,6
36383,2672,لایتوت علیا,071450,6
36384,2672,لایتوت وسطی,071451,6
36385,2672,ماتو,071456,6
36386,2672,محمودآباد علیا,071460,6
36387,2672,محمودآباد سفلی,071462,6
36388,2672,دامپروری ده بید شیر,071470,6
36389,2672,مزرعه استی,071472,6
36390,2672,مزرعه پای میل,071483,6
36391,2672,مزرعه محمدآباد,071521,6
36392,2672,ملک آباد سفلی,071532,6
36393,2672,منجو,071535,6
36394,2672,منصورآباد,071536,6
36395,2672,میلکو,071541,6
36396,2672,نجیم آباد,071543,6
36397,2672,نعیم آباد,071544,6
36398,2672,نورآباد,071545,6
36399,2672,نورمحمدی,071546,6
36400,2672,هرمزدآباد سفلی,071549,6
36401,2672,هرمزدآباد علیا,071550,6
36402,2672,هنشک,071552,6
36403,2672,یتیمو,071555,6
36404,2672,مزرعه علی آباد,071565,6
36405,2672,خیرآباد,071577,6
36406,2672,غیاث آباد,370019,6
36407,2672,فلجان,370020,6
36408,2672,غریبو,370022,6
36409,2672,حسن آباد,370023,6
36410,2672,کلگان,370024,6
36411,2672,تلمبه آق داش,370025,6
36412,2672,تورین,370026,6
36413,2672,شرف آباد,370029,6
36414,2672,محمودآباد علیا,370030,6
36415,2672,هلردان,370036,6
36416,2672,خیرآباد,372354,6
36417,2672,ساریخان,372355,6
36418,2672,مجتمع سنگبریهای ده بید,372364,6
36419,2672,شهرآباد,372496,6
36420,2672,سعادت آباد,372503,6
36421,2672,معدن حسن آباد,373499,6
36422,2672,کشتارگاه صفاشهر,373539,6
36423,2672,سالن غذاخوری شباهنگ,373540,6
36424,2672,کرون,373914,6
36425,2672,گلک,373916,6
36426,2672,تلمبه جمشید بهشتی,373917,6
36427,2672,حیدر آباد/قال گرگی,707052,6
36428,2672,شهرک صنعتی خرم بید,734059,6
36429,2672,شرکت سیلیس,734060,6
36430,2672,کمپ شماره 2 شرکت پیمانکاری آتراتوس,807048,6
36431,2672,معدن سنگ سیلیس کولیکش,807049,6
36432,2672,مزرعه حسین آباد,807064,6
36433,2672,تلمبه فتح الله ساریخانی,807065,6
36434,2672,تلمبه سید مرتضی حسینی,807066,6
36435,2672,معدن رز کویر پارسیان,807067,6
36436,2672,ایستگاه گاز,807077,6
36437,2672,الیاف شیشه,807078,6
36438,2672,تلمبه نجف ساریخانی,807079,6
36439,2672,صفاسنگ ده بید,807080,6
36440,2673,آب جارو,071158,6
36441,2673,مزرعه آب هرو,071161,6
36442,2673,آخوند مهدوی,071165,6
36443,2673,ارجنگ,071167,6
36444,2673,آقا چشمه,071174,6
36445,2673,آقا رضا,071175,6
36446,2673,امیرآباد,071177,6
36447,2673,انارک,071179,6
36448,2673,انارک علیا,071180,6
36449,2673,بامکان,071188,6
36450,2673,بایرم آباد,071189,6
36451,2673,بنک,071192,6
36452,2673,بیش آقاج,071196,6
36453,2673,تارنجان,071197,6
36454,2673,تلمبه امام زمان,071203,6
36455,2673,غضنفر,071226,6
36456,2673,جلیل,071228,6
36457,2673,جهاندار,071231,6
36458,2673,چشمه پهن,071234,6
36459,2673,حاجی کمالی,071245,6
36460,2673,حسن آباد,071246,6
36461,2673,حسین آباد,071249,6
36462,2673,حسین آباد,071254,6
36463,2673,حیدرآباد,071258,6
36464,2673,خادم آباد,071260,6
36465,2673,خنگک,071267,6
36466,2673,خیمه زار,071273,6
36467,2673,دره صبور,071274,6
36468,2673,دلو نظر,071278,6
36469,2673,رکنت آباد,071291,6
36470,2673,رودکن آباد,071292,6
36471,2673,صالح آباد,071294,6
36472,2673,سرخابی سفلی,071298,6
36473,2673,سرخابی علیا,071299,6
36474,2673,سرگلو,071301,6
36475,2673,سلبک,071305,6
36476,2673,سید احمدی,071314,6
36477,2673,شاه بابا,071316,6
36478,2673,شوراب سفلی,071324,6
36479,2673,شوراب علیا,071325,6
36480,2673,شور قنات,071327,6
36481,2673,علی آباد 2,071337,6
36482,2673,علی آباد 1,071340,6
36483,2673,عین البلاغ,071343,6
36484,2673,قاضی آباد سفلی,071358,6
36485,2673,قاضی آباد علیا,071359,6
36486,2673,قشلاق,071362,6
36487,2673,قلعه میرزا,071370,6
36488,2673,قنات خسروان,071382,6
36489,2673,قنات خواجه,071383,6
36490,2673,قنات سرخ,071384,6
36491,2673,قنات صفا,071393,6
36492,2673,قنات قطار,071397,6
36493,2673,قنات لایمردان سفلی,071399,6
36494,2673,قنات لایمردان علیا,071400,6
36495,2673,قنات ملک,071402,6
36496,2673,قنات نو,071406,6
36497,2673,قنات نو,071407,6
36498,2673,مزرعه قنات نو,071408,6
36499,2673,قنات هادی,071410,6
36500,2673,قنات یحیی,071411,6
36501,2673,قنجی,071412,6
36502,2673,قنوات نورآباد,071413,6
36503,2673,قیاقلو,071414,6
36504,2673,کرشکویه,071416,6
36505,2673,کشت مهکی,071419,6
36506,2673,گلابی,071439,6
36507,2673,گنداب,071441,6
36508,2673,لردیجان سفلی,071444,6
36509,2673,لردیجان علیا,071445,6
36510,2673,لایلور سفلی,071452,6
36511,2673,لایلور فیروزی,071453,6
36512,2673,لایلور نگهدار,071454,6
36513,2673,محمودآباد گرگی,071465,6
36514,2673,مرغک,071469,6
36515,2673,مهرنجان,071471,6
36516,2673,مزرعه تنگ کرک,071485,6
36517,2673,مزرعه تیرود,071487,6
36518,2673,مزرعه چاه سرخ,071488,6
36519,2673,مزرعه حاجی محمد,071491,6
36520,2673,مزرعه خدری,071498,6
36521,2673,مزرعه علی سمیع,071509,6
36522,2673,کرشکوی لایلور,071520,6
36523,2673,مشکان,071526,6
36524,2673,مقام,071531,6
36525,2673,میش بندان,071540,6
36526,2673,نیسان,071547,6
36527,2673,قنات فیروزی,370112,6
36528,2673,نجف آباد,370113,6
36529,2673,نافکان,370114,6
36530,2673,کلکی,370115,6
36531,2673,گاوکشی,370116,6
36532,2673,آقچه قنات,370117,6
36533,2673,مزرعه سنگ سیاه,372361,6
36534,2673,سنوجی,372365,6
36535,2673,نجف آباد,372385,6
36536,2673,فاطمه خانم,372506,6
36537,2673,ابرچه,373248,6
36538,2673,سه سلخ,373249,6
36539,2673,حسین آباد,373251,6
36540,2673,گاوداری رضا,373920,6
36541,2673,مرغداری میرزایی (کریمی),707044,6
36542,2674,بردخون,074544,6
36543,2674,برکه پهن,074545,6
36544,2674,برکه سلمان,074546,6
36545,2674,تلمبه غلام پرواره,074555,6
36546,2674,تلمبه چدو,074560,6
36547,2674,تلمبه حسین جنگل,074562,6
36548,2674,تمب زکو,074588,6
36549,2674,چاه زبر,074592,6
36550,2674,حلقه گود گزو,074597,6
36551,2674,دشت بالایی,074600,6
36552,2674,شبکه بن دشت,074605,6
36553,2674,قطار بنه,074608,6
36554,2674,قطار کنار,074610,6
36555,2674,گلکویه,074614,6
36556,2674,گرد مسجد,074615,6
36557,2674,پلیجر,074624,6
36558,2674,چاه درو,074629,6
36559,2674,مزرعه دولای لای اسبو,074630,6
36560,2674,مزرعه روزبه,074631,6
36561,2674,مزرعه لاور شما,074633,6
36562,2674,مزرعه مزوه,074634,6
36563,2674,مزرعه نگو,074635,6
36564,2674,مزایجان,371068,6
36565,2674,چاله قروقلی,371083,6
36566,2674,مزرعه غلام ملایی,372596,6
36567,2674,گلوگچی,372597,6
36568,2674,امامزاده بی بی دختر,372598,6
36569,2674,تلمبه غفار پرویزی,374043,6
36570,2675,امامزاده صاحب الزمان,074540,6
36571,2675,بیماران,074547,6
36572,2675,پنج چاه,074548,6
36573,2675,چاه موسی,074593,6
36574,2675,چهارکو,074595,6
36575,2675,دره شور,074599,6
36576,2675,دهنو,074602,6
36577,2675,زنجیران,074604,6
36578,2675,مزرعه حاجی بابا راستگو,074628,6
36579,2675,منیترون (چاه دراز),074637,6
36580,2675,پیرچوپان,074639,6
36581,2675,مزرعه میرشکاری,371075,6
36582,2675,مزرعه قطاربند,371076,6
36583,2675,غیاثی,371077,6
36584,2675,تلمبه نظری,372606,6
36585,2675,الحد,374044,6
36586,2676,تاج آباد,075023,6
36587,2676,تل ریگی,075024,6
36588,2676,حیدرآباد,075049,6
36589,2676,خسویه,075050,6
36590,2676,شهرک خلیل آباد,075051,6
36591,2676,رحیم آباد,075054,6
36592,2676,ساچون,075056,6
36593,2676,کدویه,075058,6
36594,2676,میانده,075064,6
36595,2676,دروای,371099,6
36596,2676,معدن گچ مصدقی,372144,6
36597,2676,تلمبه شهباز خنگال,372604,6
36598,2676,تلمبه نجات,373360,6
36599,2676,شهرک بهار,596078,6
36600,2676,اعراب یار احمدی,596079,6
36601,2676,خلیل آباد,807016,6
36602,2676,انبار سیمان و ماسه,807017,6
36603,2677,آبگرم پایینی,074135,6
36604,2677,آبگرم بالایی,074136,6
36605,2677,مزرعه الیاس کرمی,074538,6
36606,2677,امامزاده شاه علمدار,074539,6
36607,2677,ایستگاه مخابرات بزن,074542,6
36608,2677,مزرعه بداخشان,074543,6
36609,2677,مزرعه رسول یزدانی,074603,6
36610,2677,مزرعه تل سنگری,074611,6
36611,2677,مزرعه کاکاجان یزدان پناه,074613,6
36612,2677,مزرعه محمد پاک شیر,074616,6
36613,2677,مزرعه شریعتی,074618,6
36614,2677,مزرعه محمود پورنظری,074620,6
36615,2677,مزرعه محمود نجفی,074622,6
36616,2677,معدن نمک,074636,6
36617,2677,مزرعه حسین افراشته,074638,6
36618,2677,تلمبه یونس کربلایی غلام,371148,6
36619,2677,تلمبه فلک ناز حسینی,371151,6
36620,2677,تلمبه محمدقلی خدنگ,371155,6
36621,2677,پمپ بابا علی,371160,6
36622,2677,تلمبه دیدار خرمی,371161,6
36623,2677,تلمبه ظهراب خرمی,371162,6
36624,2677,تلمبه افراسیاب بابایی,371169,6
36625,2677,مزرعه شیروانی,371171,6
36626,2677,مزرعه محمود پیشگر,372106,6
36627,2677,مزرعه حسنعلی یزدانی,372107,6
36628,2677,تلمبه بابایی,372605,6
36629,2677,منبع آب دوبران,372607,6
36630,2677,تلمبه کریمی,372608,6
36631,2677,تلمبه اله وردی محمدی,372609,6
36632,2677,تلمبه علی ناز خسروی,372610,6
36633,2677,تلمبه بسیجیان,374042,6
36634,2677,کنج کریمی,707026,6
36635,2677,دشت خاک,907534,6
36636,2678,برنجو/پاکو,074796,6
36637,2678,تلمبه غضنفر میرشکاری,074799,6
36638,2678,تلمبه شیخ جابر,074801,6
36639,2678,تلمبه قلی بریزی,074804,6
36640,2678,تلمبه محمد صادق عسگری,074805,6
36641,2678,تنگ الحد,074808,6
36642,2678,تنگ خرزهره,074809,6
36643,2678,چاه بهمن خایی(شط قلعه),074810,6
36644,2678,چاه چک,074811,6
36645,2678,چاه زال,074812,6
36646,2678,چاه سبز,074813,6
36647,2678,چاه شایان,074814,6
36648,2678,چاه کاظم زیل/چاه ولگری,074815,6
36649,2678,چاه کورکی/کورکی نز,074816,6
36650,2678,چاه گلو,074817,6
36651,2678,چاه محمد شرفی,074818,6
36652,2678,چاه نجف,074819,6
36653,2678,حاجی طاهره,074820,6
36654,2678,راجونه,074821,6
36655,2678,گلوگاه (سلیمانی ),074825,6
36656,2678,احمدآباد (برکه درویش),075021,6
36657,2678,چاه انجیر/خورشیدی,075046,6
36658,2678,حسین آباد,075048,6
36659,2678,رحمت آباد,075053,6
36660,2678,زیراب,075055,6
36661,2678,عزیزآباد,075057,6
36662,2678,کریم آباد,075059,6
36663,2678,گچکو,075060,6
36664,2678,گز طویله,075061,6
36665,2678,دهنو,075062,6
36666,2678,نخلستان آباد (اوباد),075065,6
36667,2678,فرج بیگی/شهرک یمین آباد,075066,6
36668,2678,تینه,371050,6
36669,2678,مزرعه مسیح طهماسبی,371051,6
36670,2678,مزرعه مراد بابایی,371052,6
36671,2678,مزرعه مظفر ابراهیمی,371057,6
36672,2678,شیخی,371058,6
36673,2678,مزرعه محمدحسین صادقی,371059,6
36674,2678,مزرعه سرفراز راستی,371060,6
36675,2678,مزرعه نجف صادقی,371061,6
36676,2678,پمپ فتحی,371062,6
36677,2678,چاه صدیقی/چاه سازوجی,371063,6
36678,2678,چاه ملا اسماعیلی,371064,6
36679,2678,امامزاده پیرغیب,372133,6
36680,2678,چاه ملا باقری,372160,6
36681,2678,چاه مسی,372599,6
36682,2678,مزرعه حبیب جعفری,372600,6
36683,2678,چاه سبز بهمن خانی,372601,6
36684,2678,دامداری عسگری,372602,6
36685,2678,مزرعه عبدالحسین شجاعی,372603,6
36686,2678,مزرعه محمدقلی بهرامیان,373285,6
36687,2678,مجتمع دامداری حاجی آباد,807050,6
36688,2678,الحد,907515,6
36689,2679,آب سیدی,079031,6
36690,2679,آبگرم,079033,6
36691,2679,اسلام آباد,079034,6
36692,2679,اطرویه,079035,6
36693,2679,امامزاده شاه مومن,079037,6
36694,2679,بنکوی عزیزالله قادری,079038,6
36695,2679,بنکوی رحیمی,079040,6
36696,2679,طیبی,079042,6
36697,2679,بنکوی سلیمانی,079043,6
36698,2679,بنکوی قربانی,079044,6
36699,2679,تشویه,079048,6
36700,2679,تنگ کله,079049,6
36701,2679,خوشاب جان,079050,6
36702,2679,دشت شور,079051,6
36703,2679,سمنگی,079053,6
36704,2679,شاه مومن,079054,6
36705,2679,شورکویه,079055,6
36706,2679,شهرک شمالی,079056,6
36707,2679,کردیل,079057,6
36708,2679,کرکویه,079058,6
36709,2679,کماسیج,079059,6
36710,2679,مبارکه,079060,6
36711,2679,مزرعه,079061,6
36712,2679,محمدآباد,079062,6
36713,2679,مزرعه جلالی,079063,6
36714,2679,مزرعه شرف خلیل,079064,6
36715,2679,مزرعه طایفه قوچه بگلو,079065,6
36716,2679,مظفری,079067,6
36717,2679,منگنویه,079068,6
36718,2679,ناز سور,079069,6
36719,2679,نه تن,079070,6
36720,2679,نیمده,079071,6
36721,2679,هفت آسیاب,079072,6
36722,2679,خوشاب,079180,6
36723,2679,عروسک,079197,6
36724,2679,باغ اصلاح نژاد,371729,6
36725,2679,مزرعه امامزاده خطیب,371738,6
36726,2679,تلمبه عبدالعزیز حیدری,372827,6
36727,2679,تل قوچی,372828,6
36728,2679,بنکوی امیری,373300,6
36729,2679,مزرعه کهیارحقیقت,373301,6
36730,2679,باغ مصلی نژاد,807042,6
36731,2679,امامزاده پیرحبیب,807490,6
36732,2679,امامزاده خطیب,807491,6
36733,2679,ایستگاه زلزله شناسی خلیج فارس 4 ( قیرو کارزین) آسفالت,807496,6
36734,2679,باغ حیدر برقی,807504,6
36735,2679,باغ بهروزی آسفالت,807505,6
36736,2679,باغ اسماعیل پور حمزه,807510,6
36737,2679,باغ شکیبا جهرمی,807511,6
36738,2679,بنکوی حیدری,807515,6
36739,2679,دامداری رضوانی آسفالت,807525,6
36740,2679,دکل مخابراتی,807527,6
36741,2679,سد انحرافی افزر انتهای آسفالت,807530,6
36742,2679,شرکت افزر بار,807532,6
36743,2679,کارگاه سدانحرافی افزر آسفالت,807542,6
36744,2679,کارگاه شن و ماسه پل اسلام آباد,807545,6
36745,2679,گاوداری روستا,807550,6
36746,2679,گاوداری روستا,807551,6
36747,2679,گوساله پروری خسروی آسفالت,807556,6
36748,2679,باغنو افزر,807562,6
36749,2679,مزارع کماسیج,807566,6
36750,2679,مزرعه له سیاه افزر,807569,6
36751,2679,منطقه افزر خاکی,807579,6
36752,2679,منطقه عشایر نشین اطرویه (دشت اطرویه),807590,6
36753,2679,منطقه عشایری تشویه,807593,6
36754,2679,پرسیما,907541,6
36755,2680,آب تلخ,078657,6
36756,2680,آب تلی,078658,6
36757,2680,پیرغیب,078682,6
36758,2680,تنگویه سفلی,078684,6
36759,2680,تنگ بادی پایین,078686,6
36760,2680,تنگویه علیا,078689,6
36761,2680,جیگردان,078691,6
36762,2680,چم کور,078693,6
36763,2680,دلخوش,078699,6
36764,2680,دیمه سرخ,078704,6
36765,2680,زاخرو بالا,078706,6
36766,2680,زین آباد زاخرو,078707,6
36767,2680,سرچاه,078711,6
36768,2680,شارده,078712,6
36769,2680,قلمدان,078718,6
36770,2680,کان سیرکو,078719,6
36771,2680,مزرعه,078722,6
36772,2680,مزرعه پهن,078723,6
36773,2680,مزرعه کوه سرخ,078727,6
36774,2680,نارک,078731,6
36775,2680,چاه آب,078765,6
36776,2680,تلمبه لطفعلی خان,078766,6
36777,2680,دشت کنیر,078767,6
36778,2680,چاه نفت کوه پهن,081220,6
36779,2680,دول,371945,6
36780,2680,طلارو,371947,6
36781,2680,استاد محمدی,371948,6
36782,2680,بیشه زرد,371966,6
36783,2680,آب شیرین قره آغاج,371967,6
36784,2680,امیری,372287,6
36785,2680,چم کاب کاب,372830,6
36786,2680,امامزاده پیرنو,372831,6
36787,2680,دشتک سیاه,373996,6
36788,2680,دشت لار,807537,6
36789,2680,مزرعه محمد علیاری,807573,6
36790,2680,منطقه برج سفید,807580,6
36791,2680,منطقه دو تو راه,807588,6
36792,2680,منطقه عشایرنشین اس قنات,807592,6
36793,2681,ریکان,074090,6
36794,2681,شلدان,074094,6
36795,2681,مدخون,074101,6
36796,2681,آب بیدک,079116,6
36797,2681,آب کبکی,079117,6
36798,2681,آب کنارو,079118,6
36799,2681,آب ناری,079119,6
36800,2681,باغ بهرام وکیلی,079126,6
36801,2681,بیان کارزین,079135,6
36802,2681,تلمبه امینی,079142,6
36803,2681,تلمبه عبداله پیراسته,079145,6
36804,2681,تلمبه جعفری,079148,6
36805,2681,تلمبه حبیب رضایی,079150,6
36806,2681,تلمبه رمضان عسگری,079155,6
36807,2681,مزرعه حاج خلیل طاهری,079159,6
36808,2681,تلمبه فضل اله دهقان,079161,6
36809,2681,تلمبه محمدحسین عسگری,079163,6
36810,2681,تنگ آقاخانی,079169,6
36811,2681,تنگ گپ,079170,6
36812,2681,تنگ مخی,079171,6
36813,2681,جورکان,079175,6
36814,2681,حسن آباد,079177,6
36815,2681,خمسار,079179,6
36816,2681,خیرآباد,079181,6
36817,2681,ده به,079182,6
36818,2681,زیرجون,079185,6
36819,2681,سرچشمه,079186,6
36820,2681,علی آباد,079191,6
36821,2681,علی آباد بهمن,079199,6
36822,2681,فخرآباد دشتی,079200,6
36823,2681,فدم,079201,6
36824,2681,قاسم آباد,079205,6
36825,2681,کرد شول,079208,6
36826,2681,کرد شیخ,079209,6
36827,2681,گاوکی علیا,079214,6
36828,2681,گاوکی سفلی,079215,6
36829,2681,لیفرجان,079216,6
36830,2681,مزرعه ارجمندی,079218,6
36831,2681,مزرعه گردنه گچی,079220,6
36832,2681,مزرعه محمدعلی عسگری,079221,6
36833,2681,منال,079223,6
36834,2681,منصورآباد,079224,6
36835,2681,نجف آباد,079225,6
36836,2681,نصیرآباد,079226,6
36837,2681,مزرعه اب انجیره,079443,6
36838,2681,تل دراز,371771,6
36839,2681,عزیزآباد,371774,6
36840,2681,وجشک,371776,6
36841,2681,شاه محیط,371783,6
36842,2681,حسن آباد,371784,6
36843,2681,چاه نفت گوراب علی خان,372229,6
36844,2681,چاه نفت چشمه پیری,372230,6
36845,2681,ایستگاه برق قیروکارزین,372834,6
36846,2681,مزرعه محمدحسین حسینی,373302,6
36847,2681,شاهزاده عبدالله,373432,6
36848,2681,قنات نشتا,373433,6
36849,2681,سد سلمان فارسی,373730,6
36850,2681,معدن شن و ماسه قره آقاج,373995,6
36851,2681,دانشگاه پیام نور,707036,6
36852,2681,شهرک صنعتی,707037,6
36853,2681,کارگاه تولید شن و ماسه عمران ماسه,707038,6
36854,2681,تنگ سفید,707039,6
36855,2681,دشت کوه,707040,6
36856,2681,امامزاده آقا سادات/ فخرآباد,807488,6
36857,2681,امامزاده ابوالقاسم,807489,6
36858,2681,امامزاده سید حسین و سید ابراهیم خوشنام,807492,6
36859,2681,ایستگاه پمپاژ گاز AM1 آسفالت,807494,6
36860,2681,ایستگاه رادیویی,807495,6
36861,2681,ایستگاه گاز,807497,6
36862,2681,ایستگاه گاز AG1 آسفالت,807498,6
36863,2681,ایستگاه گاز AG10 آسفالت,807499,6
36864,2681,ایستگاه گاز AG9 آسفالت,807500,6
36865,2681,ایستگاه گاز AM2,807501,6
36866,2681,ایستگاه گاز AM3,807502,6
36867,2681,باغ جعفر دهقان,807506,6
36868,2681,باغ حاجی زاده,807508,6
36869,2681,باغ رمضان طاهری,807509,6
36870,2681,باغ های گردنه گچی,807512,6
36871,2681,آبسکویه,807516,6
36872,2681,پاسگاه ریکان,807517,6
36873,2681,پمپ بنزین,807518,6
36874,2681,تصفیه خانه سد سلمان,807519,6
36875,2681,تیرچه بلوک مریدزاده,807521,6
36876,2681,قهوه خانه شلدان,807522,6
36877,2681,ذرت خشک کنی ناصری آسفالت,807529,6
36878,2681,شرکت آسفالت بتون قیر,807531,6
36879,2681,شرکت بهره برداری نفت و گاز زاگرس جنوبی آسفالت,807533,6
36880,2681,صنایع بسته بندی خرمای مجید آسفالت,807538,6
36881,2681,کارخانه فرآورده های لبنی کارزین شیر,807540,6
36882,2681,کارگاه پیروزگاز آسفالت,807541,6
36883,2681,کارگاه شرکت گداش (کانال کشی سد),807544,6
36884,2681,کشتارگاه مرغ دهقان,807547,6
36885,2681,گاوداری ادریس آریا شکوه,807548,6
36886,2681,گاوداری خیرآباد,807549,6
36887,2681,گاوداری محمدحسین همتی,807553,6
36888,2681,گلخانه ابراهیم نورمند,807554,6
36889,2681,گلخانه زارعی,807555,6
36890,2681,مجتمع قیربار فارس,807557,6
36891,2681,مجموعه باغ های ده به,807558,6
36892,2681,مجموعه باغ های مسکونی و زراعی قیر,807559,6
36893,2681,مجموعه نخلستان های قیر,807560,6
36894,2681,مرغداری حاج ابوالحسن رستمی,807561,6
36895,2681,مزرعه مهرداد مسعودی,807575,6
36896,2681,مسجد جامع تاریخی کارزین,807577,6
36897,2681,معدن شن و ماسه قره آغاج,807578,6
36898,2681,منطقه پاشکان,807582,6
36899,2681,منطقه تنگ فهله,807583,6
36900,2681,منطقه علی آباد کهنه,807594,6
36901,2681,منطقه کله,807596,6
36902,2681,منطقه گاز AG6S12,807597,6
36903,2681,منطقه محمودآباد (جزء علی آباد),807598,6
36904,2682,باغ هنرور,079073,6
36905,2682,باغ امیر منصور,079074,6
36906,2682,مزرعه طایفه فرهادلو,079075,6
36907,2682,آب باد دو,079115,6
36908,2682,باروس,079123,6
36909,2682,باغ حاجی عبدل,079124,6
36910,2682,باغ حقانی,079125,6
36911,2682,باغ دکتر خلیلی,079127,6
36912,2682,باغ عباس کاظمی,079128,6
36913,2682,باغ کوچک خان,079130,6
36914,2682,باغ نواز,079131,6
36915,2682,بریخون,079133,6
36916,2682,بندبست پایین,079134,6
36917,2682,پوزه چهارابی,079136,6
36918,2682,پوزه سرخ,079137,6
36919,2682,پوزه هزار قدمی,079138,6
36920,2682,تلمبه اسکندر اسدی,079139,6
36921,2682,تلمبه اکبر چوپانی,079140,6
36922,2682,تلمبه بهمن شولی,079144,6
36923,2682,تلمبه جمشید رحیمی,079149,6
36924,2682,تلمبه حبیب طالبی,079151,6
36925,2682,تلمبه درویش رضایی,079152,6
36926,2682,تلمبه میرزا دولتخواه,079153,6
36927,2682,تلمبه فتح اله کوهکی,079160,6
36928,2682,تلمبه کراغلی,079162,6
36929,2682,تلمبه مرتضی چمپانی,079165,6
36930,2682,تلمبه مصطفی حقیقی,079166,6
36931,2682,تنگ رویین,079172,6
36932,2682,مزرعه جانباز صالحی,079174,6
36933,2682,چاه عمیق عشایری,079176,6
36934,2682,حیدرآباد,079178,6
36935,2682,مزرعه زکی خان,079184,6
36936,2682,قلات,079193,6
36937,2682,طایفه میچک,079195,6
36938,2682,مزرعه فلک کوهکی,079203,6
36939,2682,قره حسینی,079206,6
36940,2682,کم غربالی,079207,6
36941,2682,مزرعه منوچهر شیروانی,079222,6
36942,2682,نهویه,079227,6
36943,2682,چشمه آبگرم,371708,6
36944,2682,تلمبه غلامحسین سهامی,373305,6
36945,2682,تلمبه ابراهیم خلفی,373306,6
36946,2682,ایستگاه برق مبارک آباد,807493,6
36947,2682,ایستگاه گاز مبارک آباد,807503,6
36948,2682,بلوک های صنعتی و رفاهی بین راهی,807514,6
36949,2682,تنگ کلاک,807520,6
36950,2682,دامداری بید آب شاه علیان (منطقه بیدو),807523,6
36951,2682,دامداری حاج اصغر انصاری,807524,6
36952,2682,دامداری مهراب محتشمی فر (پوزه چهارایی),807526,6
36953,2682,دکل مخابراتی آبگرم,807528,6
36954,2682,شهرک جدید بند و بست پایین,807536,6
36955,2682,کارخانه سیمان سپهر (قره حسینی),807539,6
36956,2682,کارگاه شرکت راهسازی,807543,6
36957,2682,کشت و صنعت شجاعی خاکی,807546,6
36958,2682,گاوداری محمد جوکار (منطقه بیدو),807552,6
36959,2682,دوتولغز,807563,6
36960,2682,مزرعه حاج قلی علیپور,807567,6
36961,2682,مزرعه حاج محمد شادمند,807568,6
36962,2682,مزرعه علی جانکاه,807570,6
36963,2682,منطقه بیدآب باغ و نهالستان,807581,6
36964,2682,منطقه تنگ قاطری,807584,6
36965,2682,منطقه چشمه آبگرم آسفالت,807585,6
36966,2682,منطقه حسین آباد شولی,807586,6
36967,2682,منطقه دشت,807587,6
36968,2682,منطقه عشایر شولی (منطقه پوزه هزار قدمی),807589,6
36969,2682,بندبست بالا,807595,6
36970,2682,نهالستان اسدالله تکاپو,807599,6
36971,2682,نهالستان فاطمه الزهرا,807600,6
36972,2682,شهر پیر,907479,6
36973,2683,ابوعسکر,078662,6
36974,2683,تلمبه بهرام کیانی,078669,6
36975,2683,باغ چهارگلی,078670,6
36976,2683,باغ کاظم فیلوندی,078671,6
36977,2683,باغ نجف آباد,078673,6
36978,2683,باغ نو هنگام,078674,6
36979,2683,برکه آبی,078676,6
36980,2683,بیشه زرد,078678,6
36981,2683,بیشه زرد مورتی,078679,6
36982,2683,پاگذاران,078680,6
36983,2683,تلمبه ایرج کیانی,078683,6
36984,2683,تنگ بادی بالا,078685,6
36985,2683,تنگ شور,078687,6
36986,2683,تنگ کیش,078688,6
36987,2683,چرچر,078694,6
36988,2683,چرخاب,078695,6
36989,2683,حاجی آباد,078696,6
36990,2683,زین آباد هنگام,078708,6
36991,2683,طوای سیاه,078716,6
36992,2683,مزرعه عباس آباد,078717,6
36993,2683,مزرعه سربیشه,078725,6
36994,2683,مزرعه سرمه,078726,6
36995,2683,مزرعه لس,078728,6
36996,2683,مزرعه مورتی,078730,6
36997,2683,نجم آباد,078732,6
36998,2683,نوآباد,078733,6
36999,2683,هنگام,078734,6
37000,2683,عورز,078735,6
37001,2683,یورد یداله فیل بندی,078748,6
37002,2683,تلمبه برآفتاب شیردانی,078749,6
37003,2683,تل سمنگی,078756,6
37004,2683,بنکوی بولو,371671,6
37005,2683,بنکوی پالیمه,371672,6
37006,2683,باغ منوچهر کامجونیا,372835,6
37007,2683,خامنه,372836,6
37008,2683,باغ عزت کیانی,372837,6
37009,2683,تعاونی عشایر هنگام,372838,6
37010,2683,مزرعه عباس آباد,373398,6
37011,2683,باغ جهان فزا,807507,6
37012,2683,باغ های مسکونی جاده نوآباد,807513,6
37013,2683,شرکت تعاونی عشایر هنگام,807534,6
37014,2683,اتحاد,807535,6
37015,2683,مزارع روستای ابوعسگر,807564,6
37016,2683,مزرعه لاچینی,807572,6
37017,2683,مزرعه محمدی,807574,6
37018,2684,تنگ کارون,082075,6
37019,2684,چاه دروا,082084,6
37020,2684,ده بالا ده نو گله دار,082102,6
37021,2684,کارون,082117,6
37022,2685,تنگ فالیان,082074,6
37023,2685,چاه خالوها,082083,6
37024,2685,چاه محمد حاجی,082089,6
37025,2685,خواجه مراد,082098,6
37026,2685,نخلستان گله دار,082136,6
37027,2685,حاجی آباد,082238,6
37028,2686,تنگ مهر,082076,6
37029,2686,قلعه سید,082115,6
37030,2686,برد کویه,082232,6
37031,2686,خوش آباد,082241,6
37032,2686,فاریاب,082244,6
37033,2686,حاجی آباد,082251,6
37034,2686,تنگ خله,370872,6
37035,2686,تنگ چه زره,373808,6
37036,2686,مهر,373809,6
37037,2686,پالایشگاه پارسیان,374047,6
37038,2687,ارودان علیا,082055,6
37039,2687,تنگ زیغان,082072,6
37040,2687,تنگ شول,082073,6
37041,2687,غلام آباد,082077,6
37042,2687,چاه سه گاهی,082085,6
37043,2687,زیغان,082105,6
37044,2687,شول,082112,6
37045,2687,قلعه محمدعلی,082116,6
37046,2688,تل ملو,081857,6
37047,2688,چاه گزی,081867,6
37048,2688,حاجی آباد ملو,081871,6
37049,2688,مزرعه ملو,081902,6
37050,2688,تنگ خوزی,082235,6
37051,2688,چاه گل,082237,6
37052,2688,عباس آباد,082243,6
37053,2688,گری خوزی,082245,6
37054,2688,گودرزی,082246,6
37055,2688,نورآباد,082249,6
37056,2688,کمپ پالایشگاه پارسیان,373188,6
37057,2689,تل ملایی,081858,6
37058,2689,چاه شرف,082236,6
37059,2689,خالده بالا,082239,6
37060,2689,میرملکی,082247,6
37061,2689,نرمان,082248,6
37062,2689,خالده پایین,907559,6
37063,2690,ارودان اسیر,082054,6
37064,2690,باغ چاله,082058,6
37065,2690,بناکورویه,082061,6
37066,2690,بندو,082062,6
37067,2690,بهرام آباد,082063,6
37068,2690,بهرستان,082064,6
37069,2690,تنگ توکلی,082070,6
37070,2690,تنگ حاجی مهرویه,082071,6
37071,2690,چاه بالو,082080,6
37072,2690,چاه بیدو,082081,6
37073,2690,چاه شورک,082086,6
37074,2690,قدمان,082087,6
37075,2690,چاه کبکان,082088,6
37076,2690,گچینو,082125,6
37077,2690,مزیجان,082131,6
37078,2690,ناچار بالا,082134,6
37079,2690,ناچار پایین,082135,6
37080,2690,هرج,082139,6
37081,2690,هندونو,082140,6
37082,2690,شلدان,370857,6
37083,2690,تنگ سدکان,373734,6
37084,2690,تنگ بیدو,373735,6
37085,2690,خجه دان,373736,6
37086,2690,حسونو,373737,6
37087,2691,مزرعه بیدو,081971,6
37088,2691,آب رنگینو,082052,6
37089,2691,آبسردو,082053,6
37090,2691,برکه آبی,082059,6
37091,2691,بلکره,082060,6
37092,2691,پاراگویه,082066,6
37093,2691,پاکل,082067,6
37094,2691,جوینو,082078,6
37095,2691,چاه باریک,082079,6
37096,2691,چاه پهن,082082,6
37097,2691,چک چگ,082092,6
37098,2691,حاجی احمدی,082094,6
37099,2691,دارالمیزان,082099,6
37100,2691,دره حره,082100,6
37101,2691,دمیدن,082101,6
37102,2691,سرکم,082108,6
37103,2691,سرگلو,082109,6
37104,2691,سمنگان,082110,6
37105,2691,قلعه سرگاه,082114,6
37106,2691,کتویه,082118,6
37107,2691,کچلی,082119,6
37108,2691,کوربیدو,082121,6
37109,2691,کورو,082122,6
37110,2691,کهنویه,082123,6
37111,2691,گاو چاه,082124,6
37112,2691,گنبدو,082127,6
37113,2691,کوربلند,082128,6
37114,2691,گورمزه,082129,6
37115,2691,مرشدی,082130,6
37116,2691,میو,082133,6
37117,2691,نوآباد,082138,6
37118,2691,کریم آباد,265655,6
37119,2691,شهرک امام خمینی,372462,6
37120,2691,بنکوی آهنگر,373194,6
37121,2691,آزاد خانی,373195,6
37122,2691,زندان,373731,6
37123,2691,نرگسی,373732,6
37124,2691,آل شیران,373733,6
37125,2692,آویز,078857,6
37126,2692,بزن,078859,6
37127,2692,بلوط آباد,078861,6
37128,2692,بنکوی امیر خانلو 2,078862,6
37129,2692,بنکوی غلامحسین لو,078863,6
37130,2692,بند ریگ خرمالو,078864,6
37131,2692,بنکوی حسینلو,078865,6
37132,2692,کناردان,078866,6
37133,2692,بنکوی حیدرلو,078867,6
37134,2692,حیدری,078868,6
37135,2692,بنکوی خلیلی,078869,6
37136,2692,بنکوی دنگزلو,078870,6
37137,2692,بنکوی قره یارلو خلفی,078873,6
37138,2692,همت لو,078878,6
37139,2692,پهناپهن,078880,6
37140,2692,تلمبه حاج میرزا حسن,078883,6
37141,2692,تلمبه کاکاجان ترابی,078884,6
37142,2692,چاه شولی,078887,6
37143,2692,حسین آباد,078893,6
37144,2692,خسل,078896,6
37145,2692,خلجی,078897,6
37146,2692,تل گلی,078900,6
37147,2692,دالان,078902,6
37148,2692,ساختمان خونریز,078903,6
37149,2692,شرکت سه کاف/ کارگاه شرکت سایپم,078905,6
37150,2692,قردتو,078907,6
37151,2692,قنات باغ,078909,6
37152,2692,کنار مالک,078911,6
37153,2692,کورکی,078912,6
37154,2692,گچ میرزایی,078913,6
37155,2692,گنبد,078915,6
37156,2692,مزرعه برچشمه,078917,6
37157,2692,مزرعه برمه,078918,6
37158,2692,مزرعه چهل منی,078922,6
37159,2692,مزرعه علی آباد,078923,6
37160,2692,مزرعه قنبرآباد,078924,6
37161,2692,مزرعه هوزنگ,078926,6
37162,2692,اسماعیل بند,265659,6
37163,2692,باند فرودگاه,371611,6
37164,2692,شرکت گاز,372813,6
37165,2692,کمپ شرکت اکرامان,372816,6
37166,2692,شرکت زرین دشت,373420,6
37167,2692,معدن سنگ مرمریت گنبد,373421,6
37168,2692,ایستگاه تقویت فشار گاز,373422,6
37169,2692,شهرک پالایشگاه,373805,6
37170,2692,پالایشگاه آغاردالان,373806,6
37171,2692,عباس آباد,707013,6
37172,2692,مزرعه صادقیه,807051,6
37173,2692,شهید آقایی,907469,6
37174,2692,مرادی,907470,6
37175,2692,منصورآباد,907471,6
37176,2692,برآفتاب,907472,6
37177,2692,بیرامی,907473,6
37178,2692,خرمایک,907516,6
37179,2693,آبگندو,078852,6
37180,2693,آبنو,078853,6
37181,2693,باچان,078858,6
37182,2693,بشور,078860,6
37183,2693,بنکوی شهبازی,078871,6
37184,2693,بنکوی قتلور هنگ,078872,6
37185,2693,بنکوی قنبری,078874,6
37186,2693,بنکوی کله خوری,078876,6
37187,2693,بنکوی زرگر,078877,6
37188,2693,بیدقطار,078879,6
37189,2693,تلمبه جهانگیری,078882,6
37190,2693,تیره کرملو,078885,6
37191,2693,جانی آباد,078886,6
37192,2693,خانی یک,078894,6
37193,2693,خور,078898,6
37194,2693,خوشاب,078899,6
37195,2693,رهنگ,078901,6
37196,2693,سالاری,078904,6
37197,2693,قرداش آباد,078906,6
37198,2693,قلاتک,078908,6
37199,2693,گزبلند,078914,6
37200,2693,آب نیلو,078916,6
37201,2693,مزرعه بنی قطار,078919,6
37202,2693,مزرعه تلو تو,078920,6
37203,2693,مزرعه چاه تیر و کمان,078921,6
37204,2693,منصورآباد,078927,6
37205,2693,منگرگ,078928,6
37206,2693,نارک,078929,6
37207,2693,بنکوی رضایی,372822,6
37208,2693,بنکوی ابوالحسن بیکی,372823,6
37209,2693,تلمبه معصوم فرامرزنیا,372824,6
37210,2693,مایینک,372826,6
37211,2693,مرغداری راستی,907093,6
37212,2693,خانیک,907468,6
37213,2694,احمدآباد,078663,6
37214,2694,مزرعه آنچه بیشه,078668,6
37215,2694,باغ اسلامی,078672,6
37216,2694,چاه شیرین,078692,6
37217,2694,خوراب,078698,6
37218,2694,دهگاه,078703,6
37219,2694,ساختمان شهریاری,078709,6
37220,2694,امامزاده شهید,078713,6
37221,2694,شیخ ابوعلی,078714,6
37222,2694,گل ریزک,078721,6
37223,2694,مزرعه حلقه,078724,6
37224,2694,معدن سورمه,078729,6
37225,2694,هادی آباد,078740,6
37226,2694,تلمبه حاتمی,078741,6
37227,2694,تلمبه جعفر قربان روان,078743,6
37228,2694,تلمبه عبدالرحیم روان,078744,6
37229,2694,امامزاده شاه رحمان,078747,6
37230,2694,چاه چهل گزی,078850,6
37231,2694,مزرعه چاه شیرین,078888,6
37232,2694,نسا,078930,6
37233,2694,چاه نفت نارک,370350,6
37234,2694,تلمبه محمود قبادی,371759,6
37235,2694,مزرعه لهراسب,371760,6
37236,2694,تل نقاره گاوکار,371765,6
37237,2694,تلمبه عوض کریمی,371767,6
37238,2694,مزرعه امراله رضایی,371768,6
37239,2694,تلمبه علیخان و بهمن رضایی,371769,6
37240,2694,چاه نفت 110/1,372817,6
37241,2694,یورد عزیز تقی زاده,372818,6
37242,2694,چاه نفت گردان کوه,372819,6
37243,2694,چاه گاز شماره 110,372820,6
37244,2694,چاه گاز 4,372821,6
37245,2694,آب شیرین,373296,6
37246,2694,چاه نفت 110,373385,6
37247,2694,شرکت مهندسی ایران,374098,6
37248,2694,شرکت المهدی,807082,6
37249,2695,بنکوی علی قباد,078816,6
37250,2695,تلمبه حسین پاکروش,078817,6
37251,2695,جوهری,078819,6
37252,2695,دژگاه,078821,6
37253,2695,دولت آباد,078822,6
37254,2695,دهنو,078823,6
37255,2695,سوارغیب,078824,6
37256,2695,علمدان سفلی,078825,6
37257,2695,علمدان علیا,078826,6
37258,2695,گوری,078827,6
37259,2695,مزرعه میان رود,078828,6
37260,2695,کخک,078830,6
37261,2695,تلمبه عبدالحسین مرادپور,372949,6
37262,2695,ایستگاه آب سنجی,373297,6
37263,2695,تل قم,373807,6
37264,2695,مزرعه میان رود انبارسفید,734067,6
37265,2695,مزرعه کورش آباد,807053,6
37266,2696,احمدآباد,083315,6
37267,2696,بهرام آباد,083316,6
37268,2696,امامزاده سید حمید,083317,6
37269,2696,حسین آباد,083318,6
37270,2696,حمیدآباد,083319,6
37271,2696,رکن آباد,083320,6
37272,2696,علی آباد,083322,6
37273,2696,کتوری,083324,6
37274,2696,کته میان,083325,6
37275,2696,گمبکان,083326,6
37276,2696,مبارک آباد,083327,6
37277,2696,مزرعه جلدک,083328,6
37278,2696,مزرعه حسین آباد,083329,6
37279,2696,مزرعه درازآباد,083330,6
37280,2696,رضاآباد,083331,6
37281,2696,مزرعه نوروزی و شرکاء,083333,6
37282,2696,منصورآباد,083335,6
37283,2696,مهرآباد,083336,6
37284,2696,نجم آباد,083337,6
37285,2696,نجف آباد,083338,6
37286,2696,نعیم آباد,083339,6
37287,2696,شرکت تونل سازی جهاد نصر,807061,6
37288,2696,شهرک وحدت,807605,6
37289,2696,گاوداری هاشمی,807614,6
37290,2696,گاوداری نعیمی,807615,6
37291,2696,مزرعه بهرامی,807616,6
37292,2696,گاوداری رضایی,807617,6
37293,2697,ابوالمهدی,083365,6
37294,2697,اسلام آباد,083366,6
37295,2697,اکبرآباد,083367,6
37296,2697,پارک جنگلی چشمه,083369,6
37297,2697,جیسقان,083373,6
37298,2697,حسن آباد کمین,083374,6
37299,2697,حسین آباد,083375,6
37300,2697,دولت آباد,083376,6
37301,2697,رحمت آباد,083377,6
37302,2697,رحیم آباد کمین,083378,6
37303,2697,مرغداری 1100 شیراز,083379,6
37304,2697,طرح جنگلداری علی آباد کمین,083380,6
37305,2697,علی رسیده,083381,6
37306,2697,فیروزاباد,083382,6
37307,2697,مجتمع اقتصادی کمیته امداد,083383,6
37308,2697,قوام آباد,083384,6
37309,2697,قهوه خانه اسلامی,083385,6
37310,2697,کوشکک,083386,6
37311,2697,مرکز آموزش,083387,6
37312,2697,مزرعه چنگیز اردچین,083390,6
37313,2697,مزرعه رضا استواری و شرکاء,083393,6
37314,2697,مزرعه شیروانی و شرکاء,083395,6
37315,2697,مزرعه عسکر شیبانی,083396,6
37316,2697,مزرعه فرهاد ضرغامی,083397,6
37317,2697,مزرعه فرهاد ضرغامی کشکولی,083398,6
37318,2697,مزرعه قنبرعلی نگهداری,083399,6
37319,2697,مزرعه مهدی آباد,083400,6
37320,2697,وکیل آباد,083401,6
37321,2697,همت آباد,083402,6
37322,2697,مزرعه نصرالله جعفری,373001,6
37323,2697,باسکول پنجاه تنی حسن پور,373006,6
37324,2697,دامداری غلامپور,373008,6
37325,2697,مزرعه حسنعلی ضرغامی,373347,6
37326,2697,نایگرد,707027,6
37327,2697,پمپ بنزین,807007,6
37328,2697,سد سیوند,807020,6
37329,2697,مجتمع رفاهی,807058,6
37330,2697,شرکت تیراژ,807059,6
37331,2697,بلاغی,807090,6
37332,2697,شرکت جهاد نصر اصفهان,807603,6
37333,2697,شرکت سهامی دشت رحمت,807604,6
37334,2697,کشت و صنعت وحدت کمین,807606,6
37335,2697,گاوداری خانم کفریز,807607,6
37336,2697,گاوداری دادوند,807608,6
37337,2697,گاوداری علی حسین پور,807609,6
37338,2697,گاوداری غلامرضا حسین پور,807610,6
37339,2697,گاوداری قاسمی,807611,6
37340,2697,مزرعه کریم یوسفی,807613,6
37341,2697,مزرعه قصرالدشت کمین,807677,6
37342,2697,ایستگاه دامپروری جهاد تعاون,907133,6
37343,2697,کرم آباد,907504,6
37344,2698,ابوالوردی,083441,6
37345,2698,چاه بید,083442,6
37346,2698,گردنه خرسی,083451,6
37347,2698,دهنو,083455,6
37348,2698,مزرعه ننه عربی,083456,6
37349,2699,مزرعه ضرغامی,083332,6
37350,2699,پاکوه,083370,6
37351,2699,کردشول,083444,6
37352,2699,گاوداری ضرغامی,083445,6
37353,2699,مبارک آباد,083447,6
37354,2699,پاسگاه انتظامی پاسارگاد,373011,6
37355,2699,باغ ناصر ضرغامی,373012,6
37356,2699,گله داری حمید همتی,373013,6
37357,2699,منطقه باستانی پاسارگارد,807022,6
37358,2699,پمپ بنزین,807602,6
37359,2699,مجمتمع خدمات رفاهی سعادت شهر,807612,6
37360,2700,باغان,081188,6
37361,2700,باغ دشتر,081189,6
37362,2700,فاریاب,081243,6
37363,2700,فیدویه,081244,6
37364,2700,کوره ده,081248,6
37365,2700,گرمشت,081251,6
37366,2700,گزیوز,081252,6
37367,2700,محکی شمالی,081262,6
37368,2700,مهکی کوشی,081263,6
37369,2700,مزرعه مستی,371939,6
37370,2700,خان باغی,372940,6
37371,2700,لاور باغ,372950,6
37372,2700,بنکوی طیبی,372953,6
37373,2700,بنکوی حیدری,372954,6
37374,2700,بنکوی بربر,372955,6
37375,2700,شرکت تعاونی روستایی باغان,807618,6
37376,2700,منطقه عشایرنشین آسفالت,807619,6
37377,2700,منطقه بنکوی مختارخانی,807620,6
37378,2700,منطقه چهل دره,807621,6
37379,2700,سنگ شکن خالق منصوری,807622,6
37380,2700,محکی گوشی,807623,6
37381,2700,شرکت نفت هلیان RIG43,807624,6
37382,2700,منطقه تل سرخی,807625,6
37383,2701,آبگرم مینا,081183,6
37384,2701,آشنا,081185,6
37385,2701,تهران,081208,6
37386,2701,چاه طوس,081214,6
37387,2701,خرا,081226,6
37388,2701,خان احمد,081227,6
37389,2701,دمکو بیدزرد,081230,6
37390,2701,رونکی,081232,6
37391,2701,زنگویه,081233,6
37392,2701,شناییز,081237,6
37393,2701,شورکو,081238,6
37394,2701,صحرای مینا,081241,6
37395,2701,قاسم آباد,081246,6
37396,2701,قره کنار,081247,6
37397,2701,کورکی,081249,6
37398,2701,لگاره,081253,6
37399,2701,مودیه,081261,6
37400,2701,مینا,081265,6
37401,2701,نرمدو,081266,6
37402,2701,هفتوان,081268,6
37403,2701,هنگویه,081269,6
37404,2701,تلمبه نصیر محمدی,371882,6
37405,2701,مز,371883,6
37406,2701,عنتری,371937,6
37407,2701,مزارع,372948,6
37408,2701,بنکوی گدالو,372951,6
37409,2701,مختار خانلو,372952,6
37410,2701,بنکوی قره خانی,372956,6
37411,2701,هوجستان,807084,6
37412,2701,گاوداری یوسفی,807649,6
37413,2701,ایستگاه پمپاژ گاز,807650,6
37414,2701,کمپ شرکت راه راهگرد,807651,6
37415,2701,منطقه تنگ گاوی آسفالت,807652,6
37416,2701,گاوداری قایدی,807653,6
37417,2701,گاوداری شریفی آسفالت,807654,6
37418,2701,ایستگاه گاز,807655,6
37419,2701,کارگاه آسفالت سازی آرش خلوتی آسفالت,807656,6
37420,2701,کارگاه آهک پزی خلوتی,807657,6
37421,2701,ایستگاه پمپاژ گاز,807658,6
37422,2701,منطقه گورکی علیا,807659,6
37423,2701,دامداری بهروز حاجیان خاکی,807660,6
37424,2701,مزرعه مسکونی خلیلی,807661,6
37425,2701,شرکت چاه طوس بتون,807662,6
37426,2701,شرکت طوس موزاییک,807663,6
37427,2701,پمپاژ آب چاه طوس,807664,6
37428,2701,مزرعه عبدالله کشاورزی,807665,6
37429,2701,منطقه دشت شور,807666,6
37430,2701,چاه مینا,807667,6
37431,2701,منطقه کوه سیاه,807668,6
37432,2701,پاسگاه انتظامی محمله,807669,6
37433,2701,منطقه عملیاتی پارسیان/میدان گازی شانول,807670,6
37434,2701,ایستگاه مخابراتی میدان گازی شانول آسفالت,807671,6
37435,2701,ماسه شویی آسفالت,807672,6
37436,2701,محیط بانی تنگ خور آسفالت,807673,6
37437,2701,دامداری ایگدر آسفالت,807674,6
37438,2701,پاکو هرا,807675,6
37439,2701,امامزاده شاه غیب,807676,6
37440,2702,اکبرآباد,081186,6
37441,2702,بیغرد,081194,6
37442,2702,تنگ نارک,081207,6
37443,2702,چاه نهنگ,081221,6
37444,2702,حسین آباد,081224,6
37445,2702,دهنو خنج,081231,6
37446,2702,تلمبه احمد فیروزی,372943,6
37447,2702,تلمبه حسین آزادی,373312,6
37448,2702,تلمبه عبداله ابونجمی,373698,6
37449,2702,تلمبه محمد آزادی,373701,6
37450,2702,گله داری محمدنور اطبایی,373703,6
37451,2702,تلمبه محمود ابونجمی,373704,6
37452,2702,تلمبه احمد آزادی,373705,6
37453,2702,تلمبه حاج عبداله سلحشوری,373706,6
37454,2702,تلمبه ابوالقاسم سلیمانی,373707,6
37455,2702,تلمبه جمال محمدی,373708,6
37456,2702,تلمبه چهل گزی,373709,6
37457,2702,مرتعداری حاج امیر اطبایی,807626,6
37458,2702,مرتعداری گلستان,807627,6
37459,2702,گاوداری نورایی,807628,6
37460,2702,سنگ شکن ناصر احمدی آسفالت,807629,6
37461,2703,آب شیرین,081182,6
37462,2703,بیخویه سفلی,081195,6
37463,2703,دشت پشت بند,081197,6
37464,2703,تخته,081198,6
37465,2703,جنگویه,081210,6
37466,2703,جهره,081211,6
37467,2703,چاه زال,081212,6
37468,2703,چاه کاظم,081215,6
37469,2703,چاه کور,081216,6
37470,2703,چاه گرازی,081217,6
37471,2703,چاه ماری,081218,6
37472,2703,چم کوکو,081223,6
37473,2703,حمامی,081225,6
37474,2703,دروای دیود/تنگ در یوردی,081228,6
37475,2703,دشت لاله,081229,6
37476,2703,سده,081234,6
37477,2703,سیف آباد,081236,6
37478,2703,شهرستان,081239,6
37479,2703,چاه طلا,081240,6
37480,2703,کهنویه,081250,6
37481,2703,لوزو,081254,6
37482,2703,لاغر,081255,6
37483,2703,مکویه,081260,6
37484,2703,چاه نار,372025,6
37485,2703,بنکوی کرانی,372941,6
37486,2703,تلمبه کریم عسکری,372944,6
37487,2703,بیخویه علیا,372945,6
37488,2703,تلمبه حمید زنکنه,373311,6
37489,2703,بنکوی کلاه سیاه,373349,6
37490,2703,شهرک مکویه,373695,6
37491,2703,شهرک چم کوکو,373696,6
37492,2703,دانشگاه آزاد اسلامی خنج,373699,6
37493,2703,خیرآباد,807027,6
37494,2703,شرکت پارس گستر,807085,6
37495,2703,شرکت دوار ماشین,807086,6
37496,2703,مرغداری سیمرغ سده,807630,6
37497,2703,شرکت سده گاز خنج,807631,6
37498,2703,مرغداری جواد عسگری,807632,6
37499,2703,منطقه دشت لاغر,807633,6
37500,2703,تقویت فشار گاز خنج,807634,6
37501,2703,انبار مرکزی شرکت مینا,807635,6
37502,2703,پمپ بنزین سیف آباد,807636,6
37503,2703,کارگاه سد انحرافی (شرکت پارس گستر) انتهای آسفالت,807637,6
37504,2703,مزرعه آموزش و پرورش خنج (محل احداث اردوگاه تربیتی),807638,6
37505,2703,منطقه آب اناره قزاقی,807639,6
37506,2703,دهنو,807640,6
37507,2703,شهرک شیرداشی آسفالت,807641,6
37508,2703,منطقه دشت شیرسنگ خاکی,807642,6
37509,2703,دامداری اسماعیل جمالی فر خاکی,807643,6
37510,2703,گاوداری صالح جمالی فر خاکی,807644,6
37511,2703,دامداری عزیز جمالی خاکی,807645,6
37512,2703,گاوداری شاه محمد قایدی خاکی,807646,6
37513,2703,دامداری امیرالله حاجی زاده خاکی,807647,6
37514,2703,پرورش ماهی امیر حسین پیروزی,807648,6
37515,2704,علاء الدوله,076741,6
37516,2704,باغ منیرآباد,076748,6
37517,2704,بیت الهی,076751,6
37518,2704,تنگ خمری,076786,6
37519,2704,چاه انجیری ها,076787,6
37520,2704,خرزهره /اسلام آباد,076797,6
37521,2704,خیرآباد,076799,6
37522,2704,دولت آباد,076802,6
37523,2704,سعادت آباد,076808,6
37524,2704,سیف آباد,076810,6
37525,2704,قنبری,076822,6
37526,2704,قهوه خانه ملی,076824,6
37527,2704,کمال آباد,076828,6
37528,2704,مزرعه صفی آباد,371324,6
37529,2704,مزرعه شوراب,371325,6
37530,2704,باغ کمالی نژاد,707041,6
37531,2704,پرورش شترمرغ اسدی,907290,6
37532,2704,تلمبه عسگر عابدی,907291,6
37533,2704,سردخانه مسعود زارع,907292,6
37534,2704,شرکت مزارع مرغ مادر,907293,6
37535,2704,کارخانه فرآوردههای پروتیین فارس,907294,6
37536,2704,کوره آجرپزی,907295,6
37537,2704,گاوداری,907296,6
37538,2704,گاوداری شهسواری,907297,6
37539,2704,مرغداری بذرافکن,907298,6
37540,2704,مرغداری شهریزی,907299,6
37541,2704,مزرعه انصاری,907300,6
37542,2704,مزرعه معمر,907301,6
37543,2704,تولیدی مرغک طلایی,907302,6
37544,2704,گارگاه آسفالت سرریگ بندر,907303,6
37545,2705,پشت پر,076753,6
37546,2705,دوبنه,076801,6
37547,2705,شرکت نمک فام,076812,6
37548,2705,محمودآباد,076842,6
37549,2705,مهارلو کهنه,076858,6
37550,2705,مهارلو نو,076859,6
37551,2705,بکت,371321,6
37552,2705,مهارلو,907304,6
37553,2705,مزرعه باغک,907305,6
37554,2706,امیرآباد 55,076742,6
37555,2706,امیرآباد 56,076743,6
37556,2706,پاسگاه جنگلبانی سروستان,076744,6
37557,2706,دولت آباد,076803,6
37558,2706,رباط,076805,6
37559,2706,کت گنبد,076827,6
37560,2706,کنو,076830,6
37561,2706,مزرعه مزارع,076844,6
37562,2706,میدان تیر هوابرد,076860,6
37563,2706,پادگان امام خامنه ای,372703,6
37564,2706,معدن سنگ نمک,372709,6
37565,2706,قدح فر,707006,6
37566,2706,له قول,707047,6
37567,2706,منطقه کوره,807991,6
37568,2706,کارخانه نمک بلور پارس,807992,6
37569,2706,منبع آب شهرداری,807993,6
37570,2706,پمپ بنزین,807994,6
37571,2706,شهرک صنعتی سروستان,807995,6
37572,2706,پروژه باغ شهر رضوان,907183,6
37573,2706,ذرت خشک کنی فریدونی,907187,6
37574,2706,گاوداری اسماعیلی,907190,6
37575,2706,مرغداری قدرتی,907191,6
37576,2706,مرغداری کرمی,907192,6
37577,2706,تل پوک,907195,6
37578,2706,تلمبه سید جلال قریشی,907205,6
37579,2706,گله داری رجبی,907207,6
37580,2706,منبع آب وزارت نیرو,907209,6
37581,2706,کوی گلشهر,907529,6
37582,2707,اردوگاه شهید بهشتی,076740,6
37583,2707,امامزاده محمد,076759,6
37584,2707,حسن آباد,076796,6
37585,2707,دهنو,076804,6
37586,2707,رکن آباد,076806,6
37587,2707,شورجه,076815,6
37588,2707,طالب بیگی,076818,6
37589,2707,قصر ساسان,076820,6
37590,2707,کمرزرد,076829,6
37591,2707,مومن آباد,076857,6
37592,2707,نظرآباد,076862,6
37593,2707,هزاردره,076863,6
37594,2707,یوردهای عبدل یوسفی,076865,6
37595,2707,یوردهای میرکی,076866,6
37596,2707,سرو نخودی,076868,6
37597,2707,ایستگاه چهارم و هشتم گاز سراسری,707007,6
37598,2707,حسین آباد,707022,6
37599,2707,مزرعه مصطفی یزدانخواه,707032,6
37600,2707,باغ زیتون اصانلو,907182,6
37601,2707,تلمبه کاکادان,907184,6
37602,2707,تلمبه هوشمند,907185,6
37603,2707,چاه نفت درحال احداث,907186,6
37604,2707,سد در حال احداث,907188,6
37605,2707,کارخانه آسفالت,907189,6
37606,2707,مزرعه شفیعی,907193,6
37607,2707,مزرعه ملتی,907194,6
37608,2707,پست فشار گاز,907198,6
37609,2707,تلمبه اسفرجانی,907199,6
37610,2707,تلمبه پرویزی,907200,6
37611,2707,تلمبه فیروز توسلی,907201,6
37612,2707,تلمبه سیف الدینی,907202,6
37613,2707,تلمبه قباد یوسفی,907203,6
37614,2707,تلمبه نجف توسلی,907204,6
37615,2707,محیط بانی میرمحمدی,907208,6
37616,2707,مزرعه انصاری,907210,6
37617,2707,تلمبه عدالتی,907211,6
37618,2708,آب بید پیرشمس,085380,6
37619,2708,اکبری,085393,6
37620,2708,پیر شمس,085435,6
37621,2708,تنگ سی,085453,6
37622,2708,چهارقاش تلخ آب,085473,6
37623,2708,حسین آباد,085477,6
37624,2708,عرب خاکک,085478,6
37625,2708,خنیمه وسطی,085483,6
37626,2708,خنیمه علیا,085484,6
37627,2708,دره کفتاری,085487,6
37628,2708,دلی بیک,085497,6
37629,2708,زیرگر,085525,6
37630,2708,فخرمکان,085561,6
37631,2708,بهرعنا,085587,6
37632,2708,گردنه دلی باریک,085594,6
37633,2708,مراسخون سفلی,085613,6
37634,2708,مراسخون علیا,085614,6
37635,2708,نوگک,085642,6
37636,2708,مزرعه دلی نعل بزرگ,373085,6
37637,2708,کوه دول,373821,6
37638,2708,خنیمه سفلی,707035,6
37639,2709,آب انجیر سفلی,085378,6
37640,2709,آب انجیر علیا,085379,6
37641,2709,آب چناران,085381,6
37642,2709,آبرهه,085387,6
37643,2709,آبگرم,085388,6
37644,2709,اشکفت زرد,085392,6
37645,2709,امیر ایوب,085395,6
37646,2709,بکر سفلی,085413,6
37647,2709,بکر علیا,085414,6
37648,2709,بلوط اسدی,085417,6
37649,2709,بلیو,085418,6
37650,2709,بهشتی,085421,6
37651,2709,بیر,085423,6
37652,2709,بیمی,085424,6
37653,2709,پای تفت جلیل,085427,6
37654,2709,پای تفت,085428,6
37655,2709,پشه دان,085432,6
37656,2709,پهون,085434,6
37657,2709,پیرین,085437,6
37658,2709,تفت,085438,6
37659,2709,تل سفید سفلی,085443,6
37660,2709,تل سفید علیا,085444,6
37661,2709,تلخ آب سفلی,085448,6
37662,2709,تلخاب علیا,085449,6
37663,2709,تنگ آب گردو,085450,6
37664,2709,تنگ چوک,085451,6
37665,2709,تپ آب,085455,6
37666,2709,تیرازجان,085458,6
37667,2709,تی توند,085460,6
37668,2709,چاهگاه,085466,6
37669,2709,اندرگرد چشمه بری,085467,6
37670,2709,چشمه گل,085469,6
37671,2709,جوکبان,085471,6
37672,2709,چهارطاق,085472,6
37673,2709,چهل کره,085474,6
37674,2709,خیکنده,085485,6
37675,2709,تل محمدرضا,085486,6
37676,2709,دشت,085493,6
37677,2709,دلی امین نذر,085496,6
37678,2709,دلی رنگک,085498,6
37679,2709,دنبیلدان,085500,6
37680,2709,دودک سفلی,085502,6
37681,2709,دودک علیا,085503,6
37682,2709,دودک وسطی,085504,6
37683,2709,ده خلیل,085511,6
37684,2709,گردنه,085513,6
37685,2709,ده گاه,085514,6
37686,2709,زیرین بالین,085522,6
37687,2709,سالاری,085528,6
37688,2709,سرچاه,085531,6
37689,2709,سرناوه میدجان,085533,6
37690,2709,سرکرم,085534,6
37691,2709,سماک,085538,6
37692,2709,سنجاز,085539,6
37693,2709,سید شریف شهدا,085542,6
37694,2709,سیرتی,085543,6
37695,2709,سی لا,085544,6
37696,2709,شیرخوسی سفلی,085553,6
37697,2709,شیرخوسی علیا,085554,6
37698,2709,تاسک,085556,6
37699,2709,فاریاب سفلی,085560,6
37700,2709,قلعه مورد,085566,6
37701,2709,کارمرد,085571,6
37702,2709,کت میرزاعلی,085573,6
37703,2709,کناره,085575,6
37704,2709,کنگرستان,085576,6
37705,2709,کوه سیاه,085586,6
37706,2709,تنگ گجستان,085589,6
37707,2709,گرکوشک,085595,6
37708,2709,گره نظرآباد,085597,6
37709,2709,گل بابکان,085598,6
37710,2709,کل کناره,085599,6
37711,2709,گل گرد,085600,6
37712,2709,گرابله,085605,6
37713,2709,گون پسکون,085609,6
37714,2709,له چرا,085610,6
37715,2709,مزرعه پشت کک,085616,6
37716,2709,مله برفکی,085618,6
37717,2709,مله خیکنده,085619,6
37718,2709,مله کنگو,085620,6
37719,2709,مله سفید,085621,6
37720,2709,مویرک,085626,6
37721,2709,میدجان,085630,6
37722,2709,میرزاعلی,085632,6
37723,2709,تنگ نخجیرگاه,085636,6
37724,2709,نقاره خانه,085640,6
37725,2709,زیرعنای سفلی,372092,6
37726,2709,ناری پت,372093,6
37727,2709,سید حسن,372094,6
37728,2709,نمک روی,372096,6
37729,2709,کپرخانی,372097,6
37730,2709,دی عنا,373103,6
37731,2709,پراشکفت,373104,6
37732,2709,گله خوش,373105,6
37733,2709,وردسکو,373106,6
37734,2709,مزرعه بابا عبدالله,373819,6
37735,2709,دودک جدید,374100,6
37736,2710,آب سفید,085382,6
37737,2710,آب نارو,085386,6
37738,2710,اشکفتستان,085391,6
37739,2710,انجیره,085396,6
37740,2710,باباگورین,085398,6
37741,2710,باباگوشی,085399,6
37742,2710,بابامیدان زیرراه,085400,6
37743,2710,بابامیدان سفلی,085401,6
37744,2710,بابامیدان علیا,085402,6
37745,2710,بالدمه,085405,6
37746,2710,بخس زیردو,085409,6
37747,2710,برآفتاب زیردو,085410,6
37748,2710,بردکوه,085411,6
37749,2710,یحیی آباد,085412,6
37750,2710,بکلدون غلامشاه,085416,6
37751,2710,بن دره,085419,6
37752,2710,بیدگرد,085422,6
37753,2710,پاتاوه,085425,6
37754,2710,پرزه,085429,6
37755,2710,پس کهک,085431,6
37756,2710,تل افغانی,085439,6
37757,2710,تل پیر,085441,6
37758,2710,تل سفید,085442,6
37759,2710,تل کهنه,085446,6
37760,2710,تل گر,085447,6
37761,2710,زوال,085452,6
37762,2710,تنگ محمد صالح,085454,6
37763,2710,جعفرآباد,085462,6
37764,2710,چشمه کناری,085468,6
37765,2710,خدابخش زوال,085479,6
37766,2710,خنک پیرسبز,085481,6
37767,2710,دره موردی,085489,6
37768,2710,دشتک سفلی,085494,6
37769,2710,دشتک علیا,085495,6
37770,2710,دلی قاید شفیع,085499,6
37771,2710,دورگ چشمه کناری,085506,6
37772,2710,دوکنارون زیردو,085508,6
37773,2710,دولت آباد علیا,085509,6
37774,2710,دولت آباد سفلی,085510,6
37775,2710,ده دراز,085512,6
37776,2710,زیرعنای علیا,085524,6
37777,2710,سرسل,085532,6
37778,2710,سه تلان,085540,6
37779,2710,شاجهان احمد,085545,6
37780,2710,شهرک گودرز,085550,6
37781,2710,شهنه,085551,6
37782,2710,شیخی زیردو,085552,6
37783,2710,عبدالهی سفلی,085557,6
37784,2710,عبدالهی علیا,085558,6
37785,2710,اسلام آباد,085564,6
37786,2710,قنات,085570,6
37787,2710,کراشوب,085574,6
37788,2710,کوشک سفلی,085580,6
37789,2710,کول باکول,085584,6
37790,2710,گردن قلات,085591,6
37791,2710,گردنه کل حسنک,085593,6
37792,2710,گوراب رستم,085606,6
37793,2710,لیروی سفلی زوال,085611,6
37794,2710,لیروی علیا,085612,6
37795,2710,میرخیراله,085631,6
37796,2710,نارنجان رستم,085633,6
37797,2710,نرگسی دلی قاید شفیع,085637,6
37798,2710,نسه انجیره,085639,6
37799,2710,پاسگاه انتظامی پل فهلیان,372074,6
37800,2710,مزرعه چال کنگری,372085,6
37801,2710,توگه دوکنارون,372264,6
37802,2710,میانه زیردو,373115,6
37803,2710,نسه,373116,6
37804,2710,قلمدان,373120,6
37805,2710,تلخ آب,373122,6
37806,2710,کل غور,373381,6
37807,2710,گلستان,907517,6
37808,2711,آبگرمو,085389,6
37809,2711,بابا آدم,085397,6
37810,2711,جهادآباد,085406,6
37811,2711,بالنگان علیا,085407,6
37812,2711,بالنگان وسطی,085408,6
37813,2711,تل بندو,085440,6
37814,2711,تیمورآباد,085459,6
37815,2711,جانی آباد,085461,6
37816,2711,حبیب آباد دورگ,085476,6
37817,2711,خنگ طاهری,085482,6
37818,2711,دزدک سفلی,085490,6
37819,2711,دزدک علیا,085491,6
37820,2711,میرشهریار,085492,6
37821,2711,اتابک دورگ,085505,6
37822,2711,دورگ مدینه,085507,6
37823,2711,دهنو سادات علیا,085515,6
37824,2711,دهنو سادات سفی,085516,6
37825,2711,دهنوسادات وسطی,085517,6
37826,2711,دهنو مرکزی,085518,6
37827,2711,دهنو مقیمی,085519,6
37828,2711,رنگ بری,085520,6
37829,2711,زیتون,085521,6
37830,2711,زیرگر لوله لولی,085526,6
37831,2711,سراب سیاه,085529,6
37832,2711,سروندان,085536,6
37833,2711,شهرک دهنو,085549,6
37834,2711,عمارت,085559,6
37835,2711,قلمو,085569,6
37836,2711,کول کوچک,085585,6
37837,2711,گرگی,085596,6
37838,2711,گنجالو,085602,6
37839,2711,گوراب کو,085607,6
37840,2711,منصورآباد سفلی,085622,6
37841,2711,منصورآباد علیا,085623,6
37842,2711,چشمه چهی,373820,6
37843,2711,دورگ شیبانی,707034,6
37844,2712,تلمبه عبدالحسین سلیمی,082383,6
37845,2712,مزرعه جواد استوار,082391,6
37846,2712,مزرعه چاه گلابی,082396,6
37847,2712,کناردو,082439,6
37848,2712,کوره گچ احمد فیروزی,082446,6
37849,2712,مزرعه عظیمی,082465,6
37850,2712,مزرعه مهرابی,082468,6
37851,2712,فداغ,082780,6
37852,2712,گنگ ریشه,082781,6
37853,2712,نخلستان بالنگستان,082787,6
37854,2712,فاریابی,082791,6
37855,2712,محمد زینا,370851,6
37856,2712,تلمبه غلامحسین شیرحسینی,371804,6
37857,2712,مزرعه اسدی,371808,6
37858,2712,سنگ شکن مظفرزاده,372901,6
37859,2712,نیروگاه برق گراش,372957,6
37860,2712,آسفالت کاری مختاری,373516,6
37861,2712,کنار زیارت,373678,6
37862,2712,کسرالدشت,373679,6
37863,2712,شمس آباد,907523,6
37864,2712,امیدیه,907524,6
37865,2712,محمدآباد,907525,6
37866,2712,اسماعیل آباد,907556,6
37867,2713,بشیرآباد,082769,6
37868,2713,حسین آباد,082772,6
37869,2713,حیدرآباد,082773,6
37870,2713,لب اشکن,082782,6
37871,2713,نخلستان تنگ خور,082789,6
37872,2713,نخلستان شونگ,082790,6
37873,2713,خلیلی,370838,6
37874,2713,پشت پری,372424,6
37875,2713,بنکوی میرزاخانلو,372995,6
37876,2714,میلویه,371869,6
37877,2714,کارگاه موزاییک بابایی,371870,6
37878,2714,کوشکویه,371875,6
37879,2714,چشمه بنو,371876,6
37880,2714,مهرآباد,371878,6
37881,2714,علی آباد,371885,6
37882,2714,تیش آباد,371886,6
37883,2714,تلمبه مختار اسفندی,372897,6
37884,2714,تلمبه حسن دلام,372898,6
37885,2714,تلمبه امان اله قاسمی,372900,6
37886,2715,تلمبه عزیزعلی نژادی,371861,6
37887,2715,علی آباد,371862,6
37888,2715,چک چک,371863,6
37889,2715,زینل آباد,371864,6
37890,2715,گزدان,371865,6
37891,2715,جاشهر,371867,6
37892,2715,اغصه,371868,6
37893,2715,تلمبه کل شیرزاد,372899,6
37894,2715,دشت رحمانی,907557,6
37895,2716,آبادی آبگرم کوار,076995,6
37896,2716,پاسگاه ژاندارمری آباده آبگرم,076996,6
37897,2716,خرمایی,076997,6
37898,2716,دشت شاهرضا,076998,6
37899,2716,دولت آباد,076999,6
37900,2716,ده شیب,077000,6
37901,2716,ذرات,077001,6
37902,2716,شرکت پیکر,077002,6
37903,2716,علی آباد,077003,6
37904,2716,کدو,077005,6
37905,2716,مزرعه مسعود بارانی و شرکاء,077007,6
37906,2716,مزرعه حاجی محمد خادمی,077008,6
37907,2716,موردراز,077009,6
37908,2716,مرسیه,077011,6
37909,2716,هکوان,077012,6
37910,2716,یورد تنگ حشی,371342,6
37911,2716,مزرعه صادقی,373560,6
37912,2716,تلمبه داریوش بهمنی,907227,6
37913,2717,اربابی سفلی,077033,6
37914,2717,اربابی علیا,077034,6
37915,2717,باغ انار,077037,6
37916,2717,باغ مستوفی,077040,6
37917,2717,تلمبه منتخب,077052,6
37918,2717,دشتک,077055,6
37919,2717,زیجرد,077056,6
37920,2717,سنگ شکن افسری,077057,6
37921,2717,شاه بهرامی,077058,6
37922,2717,فرود کوار,077065,6
37923,2717,قصر احمد,077067,6
37924,2717,قصیرا,077068,6
37925,2717,قلعه کهنه کوار,077070,6
37926,2717,قلعه میرزایی,077071,6
37927,2717,قلعه نو کوار,077072,6
37928,2717,قلعه نو مظفری,077073,6
37929,2717,قهوه خانه شاه بهرامی,077074,6
37930,2717,نوروزان,077087,6
37931,2717,نیروگاه برق,077088,6
37932,2717,مزرعه طایفه گله زن,371359,6
37933,2717,بند بهمن,371385,6
37934,2717,تلمبه شیدایی,372733,6
37935,2717,سه رود,707028,6
37936,2717,تلمبه خانه حاجی باباجان دهقان,807108,6
37937,2717,تلمبه شیخی,907281,6
37938,2717,تلمبه کازرونی,907282,6
37939,2717,مجتمعهای مرغداری,907284,6
37940,2717,مرغداری هاشم زاده,907285,6
37941,2718,باغ پیروانی,077038,6
37942,2718,باغ زندیه,077039,6
37943,2718,باغ عبدالرضا مرشدی,077042,6
37944,2718,باغ نمازی,077044,6
37945,2718,بورکی بالا,077046,6
37946,2718,تلمبه انزوی,077048,6
37947,2718,تلمبه حیدرزادگان,077050,6
37948,2718,تلمبه زندیه,077051,6
37949,2718,دره عسلی,077054,6
37950,2718,شاه شهیدان,077059,6
37951,2718,شرکت پارس سقف,077060,6
37952,2718,شرکت صنعتی دناژ,077061,6
37953,2718,مرغداری شرکت فارس مرغ,077062,6
37954,2718,قشلاق انجیره,077066,6
37955,2718,لهکوه,077076,6
37956,2718,محمودآباد دودانگ,077080,6
37957,2718,محمودآباد سه دانگ,077081,6
37958,2718,محمودآباد یک دانگ,077082,6
37959,2718,مرغداری جعفر دیوبدار و برادران,077083,6
37960,2718,باغ محمد علی جوانمردی,371367,6
37961,2718,گله داری شکوه,372721,6
37962,2718,مجتمع اقتصادی امام خمینی,372722,6
37963,2718,مجتمع کشت و صنعت فارس,372723,6
37964,2718,شرکت زرتاک,374093,6
37965,2718,پمپ بنزین و باغ زیتون,907217,6
37966,2718,شرکت توران فارس,907219,6
37967,2718,کشت و صنعت فارس,907221,6
37968,2719,باغان,077036,6
37969,2719,فتح آباد,077064,6
37970,2719,قلعه ولیعصر,077069,6
37971,2719,ایستگاه هواشناسی بند بهمن,077658,6
37972,2719,جلال آباد,077661,6
37973,2719,دهداری,077669,6
37974,2719,قنات,077678,6
37975,2719,همدم آباد,077687,6
37976,2719,باغ اولیازاده,371364,6
37977,2719,هورباف,371365,6
37978,2719,باغ توانا و بهمنیان,371378,6
37979,2719,باغ مسعودی,371390,6
37980,2719,خورگان,372720,6
37981,2719,سد میرزای شیرازی,707004,6
37982,2719,باربری خدنگ,907216,6
37983,2719,ذرت خشک کنی امیری,907218,6
37984,2719,کارگاه بلوک زنی,907220,6
37985,2719,گاوداری کشاورز,907222,6
37986,2719,مرغداری فارس مرغ,907223,6
37987,2719,امامزاده ابوالقاسم,907224,6
37988,2719,مزرعه محمدی,907225,6
37989,2719,نمایندگی سایپا,907226,6
37990,2720,جیان,077187,6
37991,2720,خرم آباد,077193,6
37992,2720,دهقانان,077196,6
37993,2720,روبهقان,077201,6
37994,2720,زرین آباد,077202,6
37995,2720,سقاباد,077205,6
37996,2720,شهاب آباد,077213,6
37997,2720,کمجان,077226,6
37998,2720,گرمنجان,077232,6
37999,2720,نصرت,077248,6
38000,2720,نورآباد,077251,6
38001,2720,هاشم آباد,077252,6
38002,2721,اسمعیل آباد پایین,077169,6
38003,2721,بنجیر,077176,6
38004,2721,غیاث آباد,077185,6
38005,2721,حاجی آباد,077189,6
38006,2721,حسن آباد,077190,6
38007,2721,حسین آباد,077191,6
38008,2721,خارستان,077192,6
38009,2721,رشیدآباد,077199,6
38010,2721,سلامت آباد,077207,6
38011,2721,قشلاق,077219,6
38012,2721,قلعه محمودی,077220,6
38013,2721,قوام آباد,077221,6
38014,2721,کوشک,077228,6
38015,2721,بیشه دو شاخ یداله,077231,6
38016,2721,مظفری,077240,6
38017,2721,درنیان,265653,6
38018,2721,سفلی,371267,6
38019,2722,اسلام آباد,077168,6
38020,2722,امامزاده عقیل,077170,6
38021,2722,باقر شیبانی,077172,6
38022,2722,بن کوی صادقی,077175,6
38023,2722,بنکوی جعفری,077177,6
38024,2722,چشمه ولی آباد والی,077188,6
38025,2722,مزرعه محمدنبی ارجمند,077210,6
38026,2722,عمرآباد,077217,6
38027,2722,کفدهک,077225,6
38028,2722,کوره آجرپزی خرامه,077227,6
38029,2722,محمودآباد,077235,6
38030,2722,مزرعه رضا محصول,077239,6
38031,2722,معزآباد گورگیر,077243,6
38032,2722,موان,077245,6
38033,2722,مهرآباد,077246,6
38034,2722,تلمبه هاشم شیبانی,077253,6
38035,2722,چشمه آب گرازی,371294,6
38036,2722,شهرک ایثار,373314,6
38037,2722,گله داری و گاوداری مل بره,373518,6
38038,2722,تلمبه حزب اله زارع,374086,6
38039,2722,تل معدن کوه گری,907120,6
38040,2722,برنجکوبی توحید,907265,6
38041,2722,دامداری خارستانی,907267,6
38042,2722,روستای بنگوی شیبانی,907268,6
38043,2722,گاوداری فدک,907269,6
38044,2722,مرغداری خارستانی,907270,6
38045,2722,مرغداری مرادی,907271,6
38046,2722,مزرعه حاجی نمکی,907272,6
38047,2722,مزرعه رضا محصولی,907273,6
38048,2722,مزرعه خسروی,907274,6
38049,2723,جهان آباد,077197,6
38050,2723,شمس آباد,077212,6
38051,2723,قره قیه,077218,6
38052,2723,هلال آباد,077254,6
38053,2723,کوه چنار,077255,6
38054,2724,آبشور,077166,6
38055,2724,بیدزرد,077178,6
38056,2724,تنگ مهدی,077184,6
38057,2724,سیف آباد,077209,6
38058,2724,صغاد,077215,6
38059,2724,قوام آباد,077222,6
38060,2724,کوه گری خیرآباد,077229,6
38061,2724,گاوکان,077230,6
38062,2724,معدن سنگ کوه کری,077241,6
38063,2724,نفجان,077250,6
38064,2724,احمدآباد کربال,371291,6
38065,2724,تنگ قیر,371490,6
38066,2724,بست خیرآباد,372473,6
38067,2724,پاسگاه جنگلبانی سروستان,807107,6
38068,2724,کارخانه سنگ بری,907119,6
38069,2724,مزرعه اسد محمودی,907121,6
38070,2725,پادگان آموزشی احمدبن موسی,076582,6
38071,2725,پالایشگاه شیراز,076585,6
38072,2725,گله داری محمدرضا خدایاری,076597,6
38073,2725,قبطرقلوی سفلی,076622,6
38074,2725,قبطرقلوی علیا,076623,6
38075,2725,کفه آهوچر,076629,6
38076,2725,چاه سرخی,371523,6
38077,2725,دامداری حاج محمود صادقیان,371551,6
38078,2725,باغ داریوش حمزوی,372442,6
38079,2725,توسعه کشت ذرت,372698,6
38080,2725,کارخانه آرد سپیدان,374091,6
38081,2725,پمپ بنزین حاج علی کوشش,374092,6
38082,2725,باغ وحش,907160,6
38083,2725,تلمبه حمزوی,907161,6
38084,2725,تلمبه ساتیار,907162,6
38085,2725,تلمبه مسیح,907163,6
38086,2725,دامداری حسین آباد,907164,6
38087,2725,دامداری فرج پور,907165,6
38088,2725,دامداریهای برآفتاب,907166,6
38089,2725,دامداریهای نسا,907167,6
38090,2725,شرکت دشت نشا,907169,6
38091,2725,شرکت قند فارس,907170,6
38092,2725,صدر شیمی,907171,6
38093,2725,کارخانه شالی کوبی,907172,6
38094,2725,مرغداری محمدی,907174,6
38095,2725,مزرعه ناروند,907175,6
38096,2725,منطقه برآفتاب,907176,6
38097,2725,منطقه حسین آباد,907177,6
38098,2725,منطقه نسا,907178,6
38099,2725,اردوگاه فرهنگی محمد رسول الله,907179,6
38100,2725,قهوه خانه آب باریک,907180,6
38101,2725,گاوداری حاج خلیل,907181,6
38102,2725,انبار کشاورزی اسمعیل کاظمی,907306,6
38103,2725,دامداری ابراهیم کاظمی,907307,6
38104,2726,آباد خوره,076571,6
38105,2726,اتابک,076573,6
38106,2726,بند امیر,076580,6
38107,2726,حسین آباد,076592,6
38108,2726,دژآباد,076595,6
38109,2726,درمنه زار,076598,6
38110,2726,مزرعه دولت آباد,076601,6
38111,2726,ده کیالک,076602,6
38112,2726,ده میدان,076603,6
38113,2726,سبزآباد,076607,6
38114,2726,شول,076612,6
38115,2726,شهرخواست,076613,6
38116,2726,عبدالکریمی,076617,6
38117,2726,کلا سیاه,076630,6
38118,2726,کوهک,076632,6
38119,2726,محمودآباد,076639,6
38120,2726,مزرعه حسین یزدان پناه,372694,6
38121,2726,شرکت سبز دشت,372695,6
38122,2726,درمنه زار 2,807001,6
38123,2726,کوهک 2,807003,6
38124,2726,گله دانی امیری,907099,6
38125,2726,تلمبه عباس زارع,907100,6
38126,2726,گاوداری یزدان پناه,907101,6
38127,2727,آق جلو,076575,6
38128,2727,فتوح آباد,076618,6
38129,2727,بشنگان,076619,6
38130,2727,فیض آباد,076621,6
38131,2727,قلعه گچی,076625,6
38132,2727,کورکی,076631,6
38133,2727,مهریان,076648,6
38134,2727,مهمان آباد,076649,6
38135,2727,مغرب 2,374104,6
38136,2727,کارگاه بلوک زنی,907155,6
38137,2727,گاوداری اسدپور,907156,6
38138,2727,گاوداری کشاورز,907158,6
38139,2728,اسماعیل آباد,076574,6
38140,2728,اکراد,076576,6
38141,2728,مزرعه نورم قاضی,076581,6
38142,2728,خیرآباد نامی,076594,6
38143,2728,دولت آباد,076600,6
38144,2728,صدرآباد,076614,6
38145,2728,فیروزی,076620,6
38146,2728,گره دان,076633,6
38147,2728,لاهیجی,076638,6
38148,2728,مقرب,076646,6
38149,2728,ملک آباد,076647,6
38150,2728,مزرعه شمس آباد,083626,6
38151,2729,ابراهیم آباد,076020,6
38152,2729,ایاس جان,076024,6
38153,2729,باب البام,076026,6
38154,2729,بوزنجان سفلی,076035,6
38155,2729,تل بیضا,076043,6
38156,2729,جعفرآباد,076047,6
38157,2729,جهان نما,076050,6
38158,2729,جیان,076051,6
38159,2729,حبش آباد,076058,6
38160,2729,حسین آباد سراب,076060,6
38161,2729,حمیدآباد,076061,6
38162,2729,دنجان,076067,6
38163,2729,سعادت آباد,076076,6
38164,2729,سیبویه,076078,6
38165,2729,شاه قطب الدین,076083,6
38166,2729,شمس آباد,076084,6
38167,2729,علی آب تنگ,076090,6
38168,2729,قاسم آباد,076095,6
38169,2729,قلعه نو,076099,6
38170,2729,قوام چه,076101,6
38171,2729,مبارکه,076109,6
38172,2729,اسلام آباد,076112,6
38173,2729,ملیان,076115,6
38174,2729,بوزنجان علیا,372417,6
38175,2729,مزرعه خلیف آباد,372676,6
38176,2729,قرق قوام چه,807038,6
38177,2729,مزرعه,807444,6
38178,2729,شرکت جهاد نصر,907050,6
38179,2729,مرغداری پناهی,907082,6
38180,2729,مرغداری کریم وصالی,907086,6
38181,2729,مرغداری وصالی,907088,6
38182,2730,برکه,076032,6
38183,2730,تنگ خیاره,076045,6
38184,2730,جاری آباد,076046,6
38185,2730,دولت آباد,076069,6
38186,2730,سه تلان,076079,6
38187,2730,شیخ عبود,076086,6
38188,2730,صادق آباد,076088,6
38189,2730,علی آباد سرتل,076091,6
38190,2730,علی آباد چمن,076092,6
38191,2730,کوره آهکی بیضا,076104,6
38192,2730,کوشک هزار,076105,6
38193,2730,مقصودآباد,076113,6
38194,2730,تلمبه های ملوس جان,076114,6
38195,2730,هزار,370362,6
38196,2730,پادگان شهید بهشتی,372678,6
38197,2730,مزرعه حسینی,372679,6
38198,2730,موسسه فلاحت در فراغت,372681,6
38199,2730,مزرعه معتمدی,372682,6
38200,2730,شرکت کشت علوفه ملو سبحا,372683,6
38201,2730,مزرعه بهمن مقتدری,372684,6
38202,2730,مزرعه کشتکار,372685,6
38203,2730,مزرعه زارع,372686,6
38204,2730,شرکت تعاونی پارسا سنگ,373441,6
38205,2730,کشت و صنعت فارس,373442,6
38206,2730,شرکت ملی کشت و صنعت فارس,373967,6
38207,2730,دامداری الله یاری,907046,6
38208,2730,شهرک صنعتی ملوس جان,907053,6
38209,2730,کارگاههای جاری آباد,907057,6
38210,2730,گاوداری کمالی,907058,6
38211,2730,گاوداری روستا,907064,6
38212,2730,مجتمع دامداری,907069,6
38213,2730,مجتمع دامداری شیخ عبود,907070,6
38214,2730,مجتمع گاوداری,907073,6
38215,2730,مجتمع گاوداری,907074,6
38216,2730,مجتمع مرغداری,907076,6
38217,2730,مجتمع های صنعتی,907078,6
38218,2730,مرغداری جهانبخش,907084,6
38219,2730,مرغداری کیانی,907087,6
38220,2730,کشت و صنعت فارس فارم 2,907091,6
38221,2730,شرکت تعاونی 21 بیضاء,907168,6
38222,2731,امیرآباد,076023,6
38223,2731,بابا کوهک,076025,6
38224,2731,بانش,076031,6
38225,2731,بشگان,076034,6
38226,2731,بهمنی,076038,6
38227,2731,تخته سنگ سفلی,076041,6
38228,2731,تخته سنگ علیا,076042,6
38229,2731,حسن آباد,076059,6
38230,2731,ذکیان,076072,6
38231,2731,عزه آباد,076089,6
38232,2731,قباله فیروزی,076096,6
38233,2731,قوام آباد چیچکلو,076100,6
38234,2731,کمال آباد,076103,6
38235,2731,گزک بیضا,076108,6
38236,2731,هفتیجان,076120,6
38237,2731,یحیی آباد,076122,6
38238,2731,فخرآباد,372677,6
38239,2732,باقرآباد,076030,6
38240,2732,بسارجان,076033,6
38241,2732,بهشت آباد,076037,6
38242,2732,پیرمورک,076040,6
38243,2732,تنگتور,076044,6
38244,2732,چاه چاه,076052,6
38245,2732,حاجی آباد,076057,6
38246,2732,خیرآباد,076064,6
38247,2732,دره سفید,076065,6
38248,2732,دشمن زیاری,076066,6
38249,2732,ریجان,076071,6
38250,2732,زیادآباد,076073,6
38251,2732,سقوان,076077,6
38252,2732,سسنیان,076082,6
38253,2732,قره گزلو,076085,6
38254,2732,شیدان,076087,6
38255,2732,فلک,076094,6
38256,2732,قصر ملا,076097,6
38257,2732,کوشک محمدآباد,076106,6
38258,2732,گردان,076107,6
38259,2732,مرجانک,076110,6
38260,2732,ممو,076116,6
38261,2732,هفت خان,076121,6
38262,2732,اداره منابع طبیعی,907037,6
38263,2732,گاوداری رحیمی,907059,6
38264,2732,گاوداری جهانبخش,907060,6
38265,2732,مجتمع طیور فارس,907072,6
38266,2732,مرغداری قاسمی,907085,6
38267,2733,تلمبه اسماعیلیان,070887,6
38268,2733,بیدکج,070900,6
38269,2733,چرک گازه,070938,6
38270,2733,سیاهون,070967,6
38271,2733,شاهزاده ابوالقاسم,070970,6
38272,2733,صوفیان,070973,6
38273,2733,قنات دوقلو,070981,6
38274,2733,مزرعه کهریزک سفلی,070984,6
38275,2733,مزرعه کهریزک علیا,070985,6
38276,2733,مزرعه بازه,370101,6
38277,2733,زازو,372494,6
38278,2734,اهل کوه,070888,6
38279,2734,باغ جعفر,070889,6
38280,2734,بیدملای سفلی,070901,6
38281,2734,بیدملای علیا,070902,6
38282,2734,مزرعه اسماعیل مرتضایی,070907,6
38283,2734,تلمبه بختیار میرشکاری,070909,6
38284,2734,مزرعه غریب علی میرزایی,070910,6
38285,2734,مزرعه غلامحسین میرشکاری,070911,6
38286,2734,مزرعه چراغعلی محمدجانی,070912,6
38287,2734,تلمبه سیاوش اسدی,070913,6
38288,2734,مزرعه حسن میرشکاری,070914,6
38289,2734,مزرعه حسین اسدی,070915,6
38290,2734,تلمبه حسین دیدار,070916,6
38291,2734,مزرعه رحیمی و جهانگیر,070917,6
38292,2734,مزرعه سهراب محمدجانی,070918,6
38293,2734,تلمبه عباس شهنازی,070919,6
38294,2734,تلمبه عزیز بالا و شرکاء,070921,6
38295,2734,مزرعه علی مالکی و شرکاء,070922,6
38296,2734,مزرعه قدرت میرشکاری,070923,6
38297,2734,مزرعه قیطاس عباسی,070924,6
38298,2734,مزرعه کرم میرشکاری,070926,6
38299,2734,مزرعه کهندل محمدجانی,070927,6
38300,2734,مزرعه محمد طلایی و شرکاء,070928,6
38301,2734,جمال آباد,070935,6
38302,2734,چنارویه,070936,6
38303,2734,مزرعه لری,070939,6
38304,2734,چنار زاهدان,070941,6
38305,2734,خیرآباد,070952,6
38306,2734,دشت رییس,070956,6
38307,2734,شوریجه,070971,6
38308,2734,شیربها,070972,6
38309,2734,علی بگو چشمه جهنده,070977,6
38310,2734,گلپا,070995,6
38311,2734,گورخری,070997,6
38312,2734,محمودآباد,071003,6
38313,2734,مزرعه مجنون آباد,071013,6
38314,2734,مهرآباد,071014,6
38315,2734,سبنه,071016,6
38316,2734,مزرعه مراد میرشکاری,370097,6
38317,2734,سربره علیا,370099,6
38318,2734,چاه طاسی,370100,6
38319,2734,تلمبه رضوی,372493,6
38320,2734,تلمبه بیابانی,373376,6
38321,2734,مزرعه دانش/تلمبه سیاوش اسدی,373671,6
38322,2734,چاه دوگوش,373672,6
38323,2734,وصلو,373674,6
38324,2735,ابوتربه,071162,6
38325,2735,ارژنگ,071166,6
38326,2735,کرکوییه,071184,6
38327,2735,بنارو,071190,6
38328,2735,بنک,071191,6
38329,2735,خرم آباد,071262,6
38330,2735,دشت خرو,071276,6
38331,2735,دو استخر,071280,6
38332,2735,دوسر,071283,6
38333,2735,رستم,071317,6
38334,2735,فیروزی,071349,6
38335,2735,قره,071360,6
38336,2735,قلعه بیگ,071366,6
38337,2735,قلاتو,071373,6
38338,2735,قنات غیبی,071379,6
38339,2735,قنات سرخ,071385,6
38340,2735,کلهر,071423,6
38341,2735,کوپان,071427,6
38342,2735,کوشک,071429,6
38343,2735,گود حسن,071442,6
38344,2735,مزرعه اشکفتی,071473,6
38345,2735,مزرعه باقری,071476,6
38346,2735,بیدگر,071479,6
38347,2735,مزرعه بیدو,071482,6
38348,2735,مزرعه حسن آباد,071492,6
38349,2735,حسین آباد دوگوس,071495,6
38350,2735,مزرعه خدادادی,071497,6
38351,2735,مزرعه نیم آباد,071524,6
38352,2735,مظفرآباد,071528,6
38353,2735,سنقر,370037,6
38354,2735,مزرعه قنات نظرآباد,370039,6
38355,2735,مزرعه گرداب,373245,6
38356,2735,کرشکو,373246,6
38357,2735,مزرعه جبراییلی,373247,6
38358,2735,مزرعه یتیمو,734056,6
38359,2735,قشلاقی,734058,6
38360,2735,مهکستان,907544,6
38361,2736,ابوالعباس,070883,6
38362,2736,ابونصر,070884,6
38363,2736,خیرآباد,070953,6
38364,2736,قنات ابراهیم,070980,6
38365,2736,قنات سرخ,070983,6
38366,2736,مزرعه اسلام آباد,071006,6
38367,2736,مزرعه فتح آباد,071012,6
38368,2736,قنات خفتویه,071021,6
38369,2736,دوست آباد,071022,6
38370,2736,اسماعیل آباد خرم ده,071171,6
38371,2736,اسماعیل آباد,071172,6
38372,2736,جوکان علیا,071229,6
38373,2736,جوکان سفلی,071230,6
38374,2736,حسین آباد دوگوس,071250,6
38375,2736,دفر,071277,6
38376,2736,دولت آباد,071284,6
38377,2736,سنجدآباد,071308,6
38378,2736,سیدآباد,071313,6
38379,2736,صادق آباد,071330,6
38380,2736,علی آباد,071336,6
38381,2736,قاسم آباد,071351,6
38382,2736,کرکو,071417,6
38383,2736,کولوییه,071430,6
38384,2736,گزخنگ,071436,6
38385,2736,مبارک آباد,071458,6
38386,2736,محمدآباد,071459,6
38387,2736,چاه کمر,370043,6
38388,2736,چاه کول,372491,6
38389,2736,شهرک الزهرا,707054,6
38390,2736,گاوداری ناصر کامرانی,734057,6
38391,2736,نجف آباد,907545,6
38392,2737,اوباد,070885,6
38393,2737,بندنو,070897,6
38394,2737,جلیل آباد,070933,6
38395,2737,حسین آباد,070947,6
38396,2737,زنویه,070960,6
38397,2737,سلطان آباد,070965,6
38398,2737,قنات لردویه,070998,6
38399,2737,نسیم آباد,071017,6
38400,2737,نویه,071018,6
38401,2737,برازجان,370068,6
38402,2737,بند پایین,370069,6
38403,2737,رضا کویه,370070,6
38404,2737,تیزآباد,372120,6
38405,2737,برویه,372492,6
38406,2737,ماه رو,373673,6
38407,2737,چاه سبز,373676,6
38408,2737,مزرعه ناصر امیری,373753,6
38409,2738,بردسفید,070891,6
38410,2738,بروان علیا,070892,6
38411,2738,چشمه محمد حنفیه,070940,6
38412,2738,چناروییه,070943,6
38413,2738,حشنه,070948,6
38414,2738,ده زیارت,070957,6
38415,2738,ساغویه,070961,6
38416,2738,سی سنگو,070969,6
38417,2738,علی آباد,070976,6
38418,2738,قاسم آباد,070978,6
38419,2738,قلات,070979,6
38420,2738,قنات گریزه,070986,6
38421,2738,گلی چنار,070994,6
38422,2738,گلکار,070996,6
38423,2738,مروشکان,071004,6
38424,2738,بروان سفلی,071007,6
38425,2738,مزرعه سوسن,071008,6
38426,2738,میان ریشه,370074,6
38427,2738,کوهان,373623,6
38428,2738,چغه سرخویه,373675,6
38429,2738,تلمبه بسیجیان,734055,6
38430,2739,مزرعه بنگلوزرد اول,080772,6
38431,2739,مزرعه پورمشهدی انحاس,080781,6
38432,2739,تل کوشک,080783,6
38433,2739,حاجی آباد غوری,080793,6
38434,2739,حکیم باشی بالا,080796,6
38435,2739,حکیم باشی حسین آباد,080797,6
38436,2739,رشن آباد,080807,6
38437,2739,گنجه ای,080834,6
38438,2739,دهنو کشکولی,373272,6
38439,2739,جهادآباد,907157,6
38440,2740,سمغان,080219,6
38441,2740,مزرعه بریزکدونی,080243,6
38442,2740,الیاس آباد,080759,6
38443,2740,مزرعه فریبرز رزمجویی,080767,6
38444,2740,تل انجیر,080782,6
38445,2740,تل میلک,080785,6
38446,2740,تنگ برکه,080786,6
38447,2740,دهنو غوری,080804,6
38448,2740,صالح آباد,080819,6
38449,2740,قندیل,080826,6
38450,2740,مظفرآباد,080839,6
38451,2740,میدانک,080843,6
38452,2740,تلمبه شهریار میرزایی,372895,6
38453,2740,شرکت توانیر برق منطقه ای فارس,807129,6
38454,2740,بهشت زهرا,807194,6
38455,2741,اسلام آباد تنگ,080172,6
38456,2741,پاپون سفلی,080187,6
38457,2741,پاپون علیا,080188,6
38458,2741,پیرسبز,080194,6
38459,2741,ترهدان,080195,6
38460,2741,مزرعه تنگ تله,080200,6
38461,2741,چکک,080209,6
38462,2741,مزرعه سه کمر,080247,6
38463,2741,ملای انبار,080841,6
38464,2741,مزرعه کوه سرک,370438,6
38465,2742,آب کوره,080169,6
38466,2742,ابوالحیات,080170,6
38467,2742,امامزاده پیر ابوالحسن,080173,6
38468,2742,باغستان ابوالحیات,080176,6
38469,2742,علی آباد,080179,6
38470,2742,پاسگاه انتظامی پل کوه پهن,080191,6
38471,2742,پاسگاه انتظامی پل نرگسی,080192,6
38472,2742,کنده ای,080208,6
38473,2742,دوسیران,080214,6
38474,2742,دیکانک,080215,6
38475,2742,قهوه خانه کوه پهن,080216,6
38476,2742,گرگدان,080235,6
38477,2742,کوه پهن,080248,6
38478,2742,موردک,080255,6
38479,2742,ایستگاه مخابراتی ابوالحسن,080261,6
38480,2742,باغستان کنده ای,372879,6
38481,2743,آسمانجرد,073810,6
38482,2743,زیتون,073836,6
38483,2743,شرقی,073839,6
38484,2743,طاحونه,073845,6
38485,2743,فشان,073850,6
38486,2743,کته,073851,6
38487,2743,گل برنجی,073855,6
38488,2743,غربی,370259,6
38489,2743,عشایر کردشولی,372564,6
38490,2743,شرکت مهندسی ایران,373222,6
38491,2743,مرغداری محمدتقی عابدی,373632,6
38492,2743,مزرعه حاجی الله داد مقبلی,373633,6
38493,2743,دامداری دکتر فیروز,373795,6
38494,2743,دامداری حاج مجتبی شرفی,373796,6
38495,2743,شرکت تعاونی سپید مرغ آسمانگرد,807875,6
38496,2744,بیر,073816,6
38497,2744,تاج آباد,073818,6
38498,2744,جوغنویه,073829,6
38499,2744,صغاد,073830,6
38500,2744,زرجان,073835,6
38501,2744,آبشار,265660,6
38502,2744,شهر خفره,807839,6
38503,2745,بالاشهر,073813,6
38504,2745,برایجان,073814,6
38505,2745,تنگه نره,073822,6
38506,2745,تنگه چهل سنگو,073825,6
38507,2745,حسن آقایی,073832,6
38508,2745,درمه,073834,6
38509,2745,علی آباد,073848,6
38510,2745,کراده,073852,6
38511,2745,گاره,073854,6
38512,2745,محمودآباد,073860,6
38513,2745,ملوان,073864,6
38514,2745,نارو,073865,6
38515,2745,نصیرآباد,073866,6
38516,2745,نعمت آباد,073867,6
38517,2745,کارخانه یخ سازی و سردخانه کریستال,373629,6
38518,2745,کوره آهکی سید حسین حسینی,373630,6
38519,2745,قلعه کهنه علی آباد,807030,6
38520,2745,کارگاه تولید شن و ماسه,807848,6
38521,2745,منطقه تنگه,807849,6
38522,2746,آبسرد,073807,6
38523,2746,اسماعیل آباد,073809,6
38524,2746,اشکوری,073811,6
38525,2746,بنگوی لوی,073815,6
38526,2746,تلمبه غلامی,073819,6
38527,2746,یوردهای تنگ مهدی,073821,6
38528,2746,تنگو,073824,6
38529,2746,خنک,073833,6
38530,2746,هاغون,073838,6
38531,2746,مزرعه بهرام پیشگر,073844,6
38532,2746,عابدآباد,073846,6
38533,2746,عباس آباد,073847,6
38534,2746,کرفت,073853,6
38535,2746,گله داری حاج مرادی,073856,6
38536,2746,گاوداری محمدقلی روستا,073857,6
38537,2746,بنگوی ارباب دار,073858,6
38538,2746,گود نارنجی طایفه برات,073859,6
38539,2746,آغل کمری,370261,6
38540,2746,مزرعه محمود موسی زاده,372555,6
38541,2746,باغ کرامت اجاغی,372556,6
38542,2746,کارخانه ماکارونی,372557,6
38543,2746,باغ قناعت پیشه,372558,6
38544,2746,شرکت موادغذایی,372559,6
38545,2746,مزرعه شعبان اخلاقی,373626,6
38546,2746,پاسگاه سفیدار,373628,6
38547,2746,مرغداری مرادی,807842,6
38548,2746,مزرعه مرادی,807843,6
38549,2747,آباده,073931,6
38550,2747,آب کتان,073932,6
38551,2747,امامزاده امیرسالار,073934,6
38552,2747,امیر سالاری,073935,6
38553,2747,باروس,073936,6
38554,2747,باغ کبیر,073937,6
38555,2747,چشمه خشکک,073941,6
38556,2747,راهگان,073943,6
38557,2747,زرقلات,073944,6
38558,2747,طاغون,073948,6
38559,2747,قالینی علیا,073950,6
38560,2747,قلعه,073951,6
38561,2747,کفه,073953,6
38562,2747,لرد خزان,073955,6
38563,2747,مورجکی,073957,6
38564,2747,تنگ گونه,370248,6
38565,2747,مزرعه درویش رحیمی,372549,6
38566,2747,تلمبه خداکرم کرمی,372552,6
38567,2747,تنگ تغر,374036,6
38568,2747,سیف آباد,707045,6
38569,2747,هزارگام,907511,6
38570,2747,گرگان,907526,6
38571,2747,عشایر رستم آباد,907563,6
38572,2748,تلمبه محمد سبزی فروش,073820,6
38573,2748,چرگ,073831,6
38574,2748,مزرعه اکبرخانی,073849,6
38575,2748,مزرعه رجب زارعی,073861,6
38576,2748,مزرعه خداداد شیبانی,073862,6
38577,2748,تادوان,073938,6
38578,2748,تل سرخ,073940,6
38579,2748,خافترک,073942,6
38580,2748,سه تلان,073945,6
38581,2748,سه چاه,073946,6
38582,2748,فتح آباد,073949,6
38583,2748,گریزان,073954,6
38584,2748,ایستگاه رله رادیو و تلویزیون,074138,6
38585,2748,نصرآباد,370255,6
38586,2748,مرغداری شاهیان,370256,6
38587,2748,شکفت,370257,6
38588,2748,نوک,370355,6
38589,2748,شیدوز,370356,6
38590,2748,پاسگاه ژاندارمری سنگرخوری,372112,6
38591,2748,تلمبه حسین باقری,372546,6
38592,2748,مزرعه کاووس فرازبند,372551,6
38593,2748,تلمبه حسن شرف,372553,6
38594,2748,تلمبه سازمان آب,372560,6
38595,2748,مزرعه امام قلی اژدری,372561,6
38596,2748,مزرعه الله مراد شکاری,372562,6
38597,2748,تلمبه حاجی بابا اژدری,372563,6
38598,2748,تلمبه صفر میری,372565,6
38599,2748,تل سرخ,372566,6
38600,2748,مزرعه حسین تقی زاده,372567,6
38601,2748,مرغداری عباس حق شناس,373797,6
38602,2748,چاه پهن,807840,6
38603,2748,باغ رفیعی,807841,6
38604,2748,تلمبه مجید تسلیمی,807871,6
38605,2748,مرغداری تسلیمی,807872,6
38606,2748,کلانتری خاوران,807874,6
38607,2748,مرغداری عابدی خاورانی,807876,6
38608,2748,دوراهی خافتر,907548,6
38609,2748,عشایر شهدای میرکی,907562,6
38610,2749,باغو,086412,6
38611,2749,صفی آباد,086422,6
38612,2749,تلمبه امینی آسمند,086427,6
38613,2749,جزین,086431,6
38614,2749,ده پایین,086458,6
38615,2749,ده زیر,086459,6
38616,2749,طشک,086470,6
38617,2749,معدن خواجه جمالی,086477,6
38618,2749,معدن چشمه بیدی,086478,6
38619,2749,معدن دوتو,086479,6
38620,2749,معدن نیکک,086480,6
38621,2749,آباده طشک,373581,6
38622,2750,اسلاوی,086410,6
38623,2750,باغ یاقو,086413,6
38624,2750,بنه جوکاران,086414,6
38625,2750,بورکان,086415,6
38626,2750,پاسگاه شکاربانی بختگان,086416,6
38627,2750,تل خاکی,086419,6
38628,2750,تلمبه توتک,086430,6
38629,2750,جهان آباد,086432,6
38630,2750,چاه بنه,086434,6
38631,2750,چاه بنه معبر,086435,6
38632,2750,چاه زگیر,086440,6
38633,2750,لی کولی,086446,6
38634,2750,حسن آباد کوشکک,086449,6
38635,2750,حیدری,086450,6
38636,2750,درجوه,086452,6
38637,2750,دره بز,086453,6
38638,2750,دره پهن,086454,6
38639,2750,دول انگیز,086456,6
38640,2750,امامزاده دولاب,086457,6
38641,2750,ده گرگی,086460,6
38642,2750,دهمورد,086461,6
38643,2750,سرچاه دراز,086462,6
38644,2750,سنگ سفید,086465,6
38645,2750,شهرک امام صادق,086469,6
38646,2750,کنگاشی,086474,6
38647,2750,کوشکک,086475,6
38648,2750,کیمالو,086476,6
38649,2750,ناانجیر,086481,6
38650,2750,نجف آباد,086482,6
38651,2750,چاه پرو,265661,6
38652,2750,چاه گنبد,370834,6
38653,2750,محیط بانی بختگان,370835,6
38654,2750,امامزاده پیچکان,370836,6
38655,2750,تلمبه گرگی,373123,6
38656,2750,مجتمع سنگبری خواجه جمالی,373786,6
38657,2750,شرکت تعاونی و تولید جهان آرا,373787,6
38658,2750,شهرک حاجی آباد,373788,6
38659,2750,مزرعه اسلام آباد,373789,6
38660,2750,تلمبه بورکان,373790,6
38661,2751,اطاقی کلانتری,086568,6
38662,2751,باساجی,086570,6
38663,2751,باغ خونی,086572,6
38664,2751,اطاقی,086573,6
38665,2751,بسترم چشمه انجیر,086574,6
38666,2751,بسترم علیا,086575,6
38667,2751,بنه یکه,086576,6
38668,2751,تلمبه جعفر بیگی,086578,6
38669,2751,تلمبه محمد بیگی,086579,6
38670,2751,شهرک تنگ حنا,086581,6
38671,2751,چاه محکی,086583,6
38672,2751,چنارپاکنه,086584,6
38673,2751,حسین آباد,086586,6
38674,2751,رده,086587,6
38675,2751,تلمبه مهدوی,086589,6
38676,2751,فخرآباد,086590,6
38677,2751,قاسم آباد,086591,6
38678,2751,کل مهکو,086593,6
38679,2751,گودکرشک,086594,6
38680,2751,تلمبه خان بازکرونی,086595,6
38681,2751,مزرعه شا هرضا کرمی و شرکاء,086596,6
38682,2751,مجموعه سنگبری ایثار,086598,6
38683,2751,معدن کروم,086600,6
38684,2751,امیرآباد,265636,6
38685,2751,پاسگاه انتظامی تنگ حنا,370803,6
38686,2751,تلمبه مستضعفین,370805,6
38687,2751,چشمه انجیر,373130,6
38688,2751,چاه غلامی,373131,6
38689,2751,تلمبه بیدی,373132,6
38690,2751,مزرعه مراد حیدری,373133,6
38691,2751,باسکول معادن,373134,6
38692,2751,تعاونی شماره 5 شیراز,373135,6
38693,2751,مجتمع معادن سنگ نی ریز,373407,6
38694,2751,چاه بیشه,373583,6
38695,2751,جلال آباد,707055,6
38696,2751,معدن سلحشوران فارس,807071,6
38697,2751,معدن آریا سنگ,807072,6
38698,2751,علی آباد,907522,6
38699,2752,تل زرد,086420,6
38700,2752,تل ساربانی,086421,6
38701,2752,تلمبه باقری,086423,6
38702,2752,صالح آباد,086436,6
38703,2752,چاه روغنی,086438,6
38704,2752,چاه سرخ,086441,6
38705,2752,چاه سوارآغا,086442,6
38706,2752,چاه گورکی,086443,6
38707,2752,چاه گز,086444,6
38708,2752,چاه سنجد,370813,6
38709,2752,مجتمع معدن سنگ چینی,373124,6
38710,2752,تلمبه یداله,373126,6
38711,2752,تلمبه سیده,373128,6
38712,2752,ایستگاه پرورش نهال,373129,6
38713,2752,تلمبه شهباز مهدیان,373274,6
38714,2753,احمدون,081184,6
38715,2753,امامزاده کوهستان,081187,6
38716,2753,چاه شور,081213,6
38717,2753,فیشور,081245,6
38718,2753,مهلچه,081264,6
38719,2753,ورا ء,081267,6
38720,2753,تلمبه اکبر خرم,372946,6
38721,2753,تلمبه جلال خرم,373710,6
38722,2753,دامداری جلال خرم,373711,6
38723,2754,امامزاده پیرکمار,081061,6
38724,2754,ایستگاه ماکروویو,081062,6
38725,2754,بازرگان بهشت کوچک,081063,6
38726,2754,برکه شکسته,081064,6
38727,2754,تاگدر,081066,6
38728,2754,تنگرمه,081067,6
38729,2754,تنگزان,081069,6
38730,2754,چاه عمیق پاداور,081070,6
38731,2754,چاه عمیق تل اوز,081071,6
38732,2754,چاه نفت کوه پهن,081072,6
38733,2754,چدرو,081073,6
38734,2754,درافرا,081074,6
38735,2754,دشت کوچک,081075,6
38736,2754,دشت وراء,081076,6
38737,2754,شریف آباد تنگران,081078,6
38738,2754,ضل اویز,081079,6
38739,2754,عبدل آباد,081080,6
38740,2754,هنرستان اوز,081084,6
38741,2754,مربوط,081111,6
38742,2754,تلمبه عبداله امینی,081120,6
38743,2754,کهنه,081138,6
38744,2754,خوشاب,081140,6
38745,2754,معدن سنگ اوز,371857,6
38746,2754,کوره و معدن گچ حمزه قایدی,372405,6
38747,2754,مرغداری ضیائی,372896,6
38748,2754,مزرعه هاشم صابری,373307,6
38749,2754,کاروانسرای مربوط,373394,6
38750,2754,کهنه جدید (توحید),373681,6
38751,2754,پیر برزگو,373682,6
38752,2754,سنگ شکن سیفایی فرد,373683,6
38753,2754,کارگاه آسفالت دبیری,373684,6
38754,2754,سنگ شکن شهرداری اوز,373685,6
38755,2755,امامزاده میرحسن,081110,6
38756,2755,باغ احمدعلی عباسی,081112,6
38757,2755,باغ حاجی محمدعلی,081114,6
38758,2755,باغ حاج نصراله,081116,6
38759,2755,بنکو اولاد رضا,081117,6
38760,2755,بنکوی کلمبه ای,081133,6
38761,2755,مزرعه بهرام سعادت,081141,6
38762,2755,مزرعه حاج محمد حسن خان,081142,6
38763,2755,هود,081143,6
38764,2755,دشت کدو,371919,6
38765,2756,آب باد,081109,6
38766,2756,باغ بهروزی,081115,6
38767,2756,تلمبه آبرسانی گلار,081119,6
38768,2756,دشت درگ,081125,6
38769,2756,ده گاه,081127,6
38770,2756,دشت گلار,081129,6
38771,2756,قلات,081134,6
38772,2756,کارگاه بلوک زنی قلات,081135,6
38773,2756,گلار,081139,6
38774,2756,هیرم,081144,6
38775,2756,باغ سرای سر,371911,6
38776,2756,اسلام آباد,372902,6
38777,2757,چاهگزی,081416,6
38778,2757,امامزاده شاه غریب,081486,6
38779,2757,بایجان,081489,6
38780,2757,بوتلف,081491,6
38781,2757,بهمنی,081493,6
38782,2757,پشتویه,081496,6
38783,2757,ترکیده,081497,6
38784,2757,تلمبه اسدزاده زارع,081498,6
38785,2757,تلمبه رازقی,081500,6
38786,2757,تلمبه صمد رازقی,081501,6
38787,2757,مزرعه مصطفی جوکاری 1,081502,6
38788,2757,تلمبه مصطفی جوکاری 2,081503,6
38789,2757,تنگ اب,081504,6
38790,2757,حاجی آباد کلون,081507,6
38791,2757,دشت حسنی 1,081510,6
38792,2757,دشت رنگریزی,081511,6
38793,2757,زهرویه,081514,6
38794,2757,شمس آباد,081515,6
38795,2757,فرشته جان,081517,6
38796,2757,قطب آباد,081518,6
38797,2757,کلون,081519,6
38798,2757,گروه,081522,6
38799,2757,مخ سوخته,081524,6
38800,2757,موزار,081525,6
38801,2757,منصورآباد,081526,6
38802,2757,مهرآباد,081527,6
38803,2757,تلمبه ارغوان شیبانی,081528,6
38804,2757,نهو,081529,6
38805,2757,چرم سفید,081584,6
38806,2757,گلک,081594,6
38807,2757,کتو,081602,6
38808,2757,کهوری,081603,6
38809,2757,بست نار,370310,6
38810,2757,تلمبه مصطفی جوکاری 3,371984,6
38811,2757,گل جونی,371991,6
38812,2757,اشکم شور,372157,6
38813,2757,مزرعه رحمان رحمان پرست,372915,6
38814,2757,مزرعه حسین مقدسی,372916,6
38815,2757,دامپروری پربره روز,372917,6
38816,2757,دامپروری کناری,372918,6
38817,2757,دامپروری باقری,372919,6
38818,2757,ملک علی,372920,6
38819,2757,باغ غلامعلی زمانی,372921,6
38820,2757,مزرعه سیدخالد مظفری1,372923,6
38821,2757,مزرعه عبدالرحیم بهادری,372924,6
38822,2757,باغ مصلی نژاد,372926,6
38823,2757,تلمبه شکراله باقری,372927,6
38824,2757,تلمبه اصغر تقی زاده,372928,6
38825,2757,منبع آب بناروییه,372929,6
38826,2757,تلمبه اله یار زارع,372931,6
38827,2757,قلعه کریمی,372932,6
38828,2757,منبع آب منصورآباد,372934,6
38829,2757,تلمبه مصطفی جوکاری 4,373351,6
38830,2757,گلوگچی,373557,6
38831,2757,سنگ شکن هژجرری,373686,6
38832,2757,تلمبه های جلال آباد,373687,6
38833,2757,تلمبه های قلعه گلی,373689,6
38834,2757,گلوترقیده,373690,6
38835,2757,شهرک جهادآباد,373691,6
38836,2757,تلمبه کلایی,373831,6
38837,2757,کمپ ترک اعتیاد,373832,6
38838,2757,شرکت تعاونی توران گاز,374026,6
38839,2757,آب کنارو,374027,6
38840,2757,چاه عمیق,374029,6
38841,2757,بالا کوه,374103,6
38842,2757,دامپروری برمشور,807010,6
38843,2758,عطاآباد,081516,6
38844,2758,احمد محمودی,081575,6
38845,2758,چغان,081583,6
38846,2758,سه درگاه,081591,6
38847,2758,شمس آباد,081592,6
38848,2758,محمودآباد,081596,6
38849,2759,خرده دره,081586,6
38850,2759,سحرگاه,081590,6
38851,2759,باغ فرج,081597,6
38852,2759,هرم,081605,6
38853,2759,بند و بست بالا,371970,6
38854,2759,بنکوی قره قانلو,371971,6
38855,2759,بنکوی سهراب خانلو,371972,6
38856,2759,ملاحسینی,372935,6
38857,2759,رمه رو,372936,6
38858,2759,مزرعه حبیب طاهری,372937,6
38859,2759,پاسگاه انتظامی,372938,6
38860,2759,مورینه,907535,6
38861,2760,دشت خسو,081124,6
38862,2760,دشت موش,081131,6
38863,2760,کاریان,081593,6
38864,2760,بنکوی علی همت شیروانی,081601,6
38865,2760,مرکز مخابرات,372939,6
38866,2760,کارگاه سنگ شکن هاشم سلیمی,373680,6
38867,2761,آب نارو,089753,6
38868,2761,تمبوییه,089770,6
38869,2761,جوی نار/جوب نار,089772,6
38870,2761,چغارچوییه,089773,6
38871,2761,حاجی زاغیه,089776,6
38872,2761,دهنو1,089786,6
38873,2761,شصت پیچ سفلی,089794,6
38874,2761,شصت پیچ علیا,089795,6
38875,2761,مدروان,089820,6
38876,2761,مشک ختن,089821,6
38877,2761,ابراهیم آباد,090297,6
38878,2761,اغزکوه,090298,6
38879,2761,احمدآباد,090299,6
38880,2761,ارن سفلی,090300,6
38881,2761,ارن علیا,090301,6
38882,2761,امرودوییه,090302,6
38883,2761,امیر آباد1,090303,6
38884,2761,انجیرک,090304,6
38885,2761,اورسوییه,090305,6
38886,2761,آهوییه,090306,6
38887,2761,موری گوره باغ فتک,090307,6
38888,2761,باغ فخروییه,090311,6
38889,2761,بدرآباد,090312,6
38890,2761,بدوییه,090313,6
38891,2761,براق چارقی /بلندچارقی,090314,6
38892,2761,برکنان سفلی,090315,6
38893,2761,برکنان علیا,090316,6
38894,2761,بن گلوییه,090318,6
38895,2761,بنگان,090319,6
38896,2761,بورغان,090320,6
38897,2761,بهروزو,090321,6
38898,2761,بیدان,090322,6
38899,2761,بیدشهروییه,090324,6
38900,2761,تاج آباد,090325,6
38901,2761,تل برنجیه,090327,6
38902,2761,تلخه چار,090328,6
38903,2761,تونک,090329,6
38904,2761,تیتوییه 1,090330,6
38905,2761,تیتوییه 2,090331,6
38906,2761,تیرکمان,090332,6
38907,2761,چمن لاخ,090333,6
38908,2761,چناران,090334,6
38909,2761,خافکوییه,090335,6
38910,2761,دارستان,090336,6
38911,2761,داع جهانشاهی,090337,6
38912,2761,درپهن,090338,6
38913,2761,دوغ آباد,090339,6
38914,2761,ده سالار,090340,6
38915,2761,ده شیخان,090341,6
38916,2761,ده گنجی,090342,6
38917,2761,ده گوشه,090343,6
38918,2761,ده لاله,090344,6
38919,2761,ده نای,090345,6
38920,2761,ده یاکی,090346,6
38921,2761,دهنو 2,090347,6
38922,2761,دیسیکبن,090348,6
38923,2761,رودخانه سرخ,090349,6
38924,2761,زرجان,090350,6
38925,2761,زردنوییه,090351,6
38926,2761,زمان آباد,090352,6
38927,2761,زیارت میرعبدالله,090353,6
38928,2761,سالوییه,090354,6
38929,2761,ترک آباد,090355,6
38930,2761,سرکواران,090357,6
38931,2761,سموراباد,090359,6
38932,2761,شریک آباد,090360,6
38933,2761,شمیلو,090361,6
38934,2761,شورباز سفلی,090362,6
38935,2761,شورباز علیا,090363,6
38936,2761,فتح آباد,090364,6
38937,2761,فرخون,090365,6
38938,2761,غالب آباد,090367,6
38939,2761,قنات بنه,090369,6
38940,2761,قنات جلیل,090370,6
38941,2761,قنات کوه,090371,6
38942,2761,قنات مروان,090372,6
38943,2761,کاسکوییه,090373,6
38944,2761,کوران,090375,6
38945,2761,گاوچنار,090376,6
38946,2761,گل کن,090377,6
38947,2761,گمتوییه,090378,6
38948,2761,گوران دشت,090379,6
38949,2761,گهین,090380,6
38950,2761,قاسم آباد,090381,6
38951,2761,مشکنان,090382,6
38952,2761,معدن سرب,090383,6
38953,2761,مورتوت,090384,6
38954,2761,موری کوره,090385,6
38955,2761,مهدی آباد1,090386,6
38956,2761,می گساران,090387,6
38957,2761,نم زاد,090388,6
38958,2761,هنیه,090390,6
38959,2761,بیدحاجی,090391,6
38960,2761,احمدخانی,090573,6
38961,2761,اسیاجفته,090574,6
38962,2761,اکبرآباد,090575,6
38963,2761,امیر آباد2,090576,6
38964,2761,ایستگاه دامپروری /اصلاح بزکرکی,090577,6
38965,2761,تقی آباد,090578,6
38966,2761,تیتوییه3,090579,6
38967,2761,جملی,090580,6
38968,2761,حاجی آباد,090581,6
38969,2761,حسن آباد,090582,6
38970,2761,حسین آباد,090583,6
38971,2761,دوچشمه,090584,6
38972,2761,دوچیلی بالا,090585,6
38973,2761,دوچیلی پایین,090586,6
38974,2761,رزکوییه,090587,6
38975,2761,زیدآباد,090588,6
38976,2761,سفته,090589,6
38977,2761,سلطان آباد,090590,6
38978,2761,سنگ سفید,090591,6
38979,2761,سنگوییه,090592,6
38980,2761,عباس آباد,090593,6
38981,2761,قنات چشمه,090594,6
38982,2761,قنات سرخ,090595,6
38983,2761,کاظم آباد,090596,6
38984,2761,کریم آباد,090597,6
38985,2761,گرگوییه,090598,6
38986,2761,گرگیشان,090599,6
38987,2761,گریغان,090600,6
38988,2761,گودسرخ,090601,6
38989,2761,محمدآباد,090602,6
38990,2761,محمودی,090603,6
38991,2761,مورساروییه,090604,6
38992,2761,موسی آباد,090605,6
38993,2761,مهدی آباد 2,090606,6
38994,2761,نجف آباد,090607,6
38995,2761,نیمرود,090608,6
38996,2761,هاشم آباد,090609,6
38997,2761,هشتادتوییه,090610,6
38998,2761,هنگوییه,090611,6
38999,2761,اردال,380172,6
39000,2761,قربان آباد,380173,6
39001,2761,معدن کرم,380174,6
39002,2761,دالانخویی,380175,6
39003,2761,مزرعه انجیرداری,380176,6
39004,2761,اسلام آباد,380179,6
39005,2761,کرتی,380180,6
39006,2761,کوچروییه,380181,6
39007,2761,ده محمود,380182,6
39008,2761,سلموییه,384424,6
39009,2761,کارخانه فروکرم (درحال احداث ),384794,6
39010,2761,فهیم آباد,808643,6
39011,2762,احمدآباد1,090485,6
39012,2762,باغوییه,090486,6
39013,2762,بشنان,090487,6
39014,2762,بیدشیرین1,090488,6
39015,2762,بیدگران,090489,6
39016,2762,بیدمهر,090490,6
39017,2762,پلنگ آباد,090491,6
39018,2762,جمال آباد,090492,6
39019,2762,جمیل آباد,090493,6
39020,2762,چالکوییه,090494,6
39021,2762,چهارقوییه,090495,6
39022,2762,حسین آباد1,090496,6
39023,2762,خرمشاهی,090497,6
39024,2762,خونگوییه,090498,6
39025,2762,دغان,090499,6
39026,2762,دولت آباد1,090500,6
39027,2762,ده درویش,090501,6
39028,2762,ده رضا,090502,6
39029,2762,ده ظهراب,090503,6
39030,2762,دهنوایلخانی,090504,6
39031,2762,دهنو1,090505,6
39032,2762,رحمت آباد1,090506,6
39033,2762,زرداران,090508,6
39034,2762,اسلام آباد,090509,6
39035,2762,صالح آباد,090510,6
39036,2762,علی آباد1,090511,6
39037,2762,علی آباد2,090512,6
39038,2762,قنات سفیدکن,090514,6
39039,2762,قندیلوییه,090515,6
39040,2762,کم اله,090516,6
39041,2762,گزمک,090518,6
39042,2762,گلوگنج,090521,6
39043,2762,گوان,090522,6
39044,2762,گیجوییه,090523,6
39045,2762,محمدآباد1,090524,6
39046,2762,محمدآباد نایب,090525,6
39047,2762,مرنجان,090526,6
39048,2762,مشکوییه,090527,6
39049,2762,معرکه,090528,6
39050,2762,آذرنجان,091475,6
39051,2762,ارداوین,091476,6
39052,2762,ارزنجان,091477,6
39053,2762,ارکان,091478,6
39054,2762,بادخواران,091479,6
39055,2762,بنه باد,091480,6
39056,2762,بهجرد سفلی,091481,6
39057,2762,بهجرد علیا,091482,6
39058,2762,بیدکردوییه,091483,6
39059,2762,بیدلنگ,091484,6
39060,2762,پلاس آبدان,091485,6
39061,2762,چنار آبدان,091486,6
39062,2762,چناربیابان,091487,6
39063,2762,چنارتوران,091488,6
39064,2762,چنارسوخته,091489,6
39065,2762,حسین آباد 2,091491,6
39066,2762,دولت آباد 2,091493,6
39067,2762,ده نو3,091494,6
39068,2762,دهنوی خواجه,091496,6
39069,2762,رحمت آباد 2,091497,6
39070,2762,زردشت,091498,6
39071,2762,روزآباد,091499,6
39072,2762,سفته,091500,6
39073,2762,سنگ پهن,091501,6
39074,2762,شریک آباد,091502,6
39075,2762,ششتوییه,091503,6
39076,2762,شیروییه,091504,6
39077,2762,طاحونه قاضی /آسیاب قاضی,091505,6
39078,2762,طوطیه,091506,6
39079,2762,فتح آباد,091507,6
39080,2762,کوشک برج,091508,6
39081,2762,کهک اسفیج,091509,6
39082,2762,کهک زردشت,091510,6
39083,2762,کهک فتح آباد,091511,6
39084,2762,گل سرخوییه,091512,6
39085,2762,گنوییه,091513,6
39086,2762,گهوییه,091514,6
39087,2762,مگسی,091515,6
39088,2762,موردران,091516,6
39089,2762,مهرصالح,091517,6
39090,2762,هرموییه,091518,6
39091,2762,همت آباد,091519,6
39092,2762,هنزاف,091520,6
39093,2762,هنگوییه,091521,6
39094,2762,آب بیدو,092177,6
39095,2762,احمدآباد2,092178,6
39096,2762,ازمیج,092179,6
39097,2762,اشکفتی,092180,6
39098,2762,بادمشک,092181,6
39099,2762,بازدید,092182,6
39100,2762,باغ ملک,092183,6
39101,2762,بیاض بالا,092184,6
39102,2762,بیدشیرین2,092185,6
39103,2762,جوردن,092186,6
39104,2762,چهارکهن,092187,6
39105,2762,حیدری,092188,6
39106,2762,دزدوییه,092189,6
39107,2762,دولت آباد3,092190,6
39108,2762,ده بیدوییه,092191,6
39109,2762,دهنو2,092192,6
39110,2762,ذاکری,092193,6
39111,2762,سرپهنا,092194,6
39112,2762,سیروییه,092195,6
39113,2762,شکرآباد,092196,6
39114,2762,طوطیه,092197,6
39115,2762,علی آباد3,092198,6
39116,2762,علی آباد4,092199,6
39117,2762,علی آباد5,092200,6
39118,2762,علی کوسه,092201,6
39119,2762,کرپوییه,092202,6
39120,2762,کهمران,092203,6
39121,2762,کهن گرد,092204,6
39122,2762,گاودم ابیدو,380156,6
39123,2762,خمروییه,380157,6
39124,2762,محمدآباد2,380158,6
39125,2762,بوغو,380159,6
39126,2762,درکیل,380160,6
39127,2762,زینلی,380161,6
39128,2762,خداراهی,380163,6
39129,2762,علم شاهی,380164,6
39130,2762,موتوراحمداباد,380165,6
39131,2762,علی حسین,380167,6
39132,2762,کهناب,380168,6
39133,2762,گل سرخوییه,380169,6
39134,2762,قایم آباد /موتورایلخانی /,384220,6
39135,2763,اببحری,091699,6
39136,2763,ابنای,091700,6
39137,2763,احمدآباد,091701,6
39138,2763,علی خالقی,091702,6
39139,2763,الهیاری,091703,6
39140,2763,باغوییه,091704,6
39141,2763,باغ باغوییه,091705,6
39142,2763,باغ حسن,091706,6
39143,2763,باغ ملک,091707,6
39144,2763,باغ ملا,091708,6
39145,2763,بنگود,091709,6
39146,2763,بنه,091710,6
39147,2763,بنه پشت,091711,6
39148,2763,بوستان,091712,6
39149,2763,بیدشک,091713,6
39150,2763,بیدشیرین,091714,6
39151,2763,پشتجوییه,091715,6
39152,2763,پیروییه,091716,6
39153,2763,تبرکن,091717,6
39154,2763,توکل آباد,091718,6
39155,2763,جان احمدی,091719,6
39156,2763,جوکار,091720,6
39157,2763,جهان نجان,091721,6
39158,2763,چشمه 1,091722,6
39159,2763,چشمه فتح علی,091724,6
39160,2763,خانوپهن,091725,6
39161,2763,خوشکار,091726,6
39162,2763,درگلوییه,091727,6
39163,2763,درودی,091728,6
39164,2763,دقلوییه,091729,6
39165,2763,ده رضاقلی,091730,6
39166,2763,ده زارچی,091731,6
39167,2763,ده گلوبند,091732,6
39168,2763,ده میرزایی,091733,6
39169,2763,ده نو,091734,6
39170,2763,سرزه,091735,6
39171,2763,سفیدار,091736,6
39172,2763,سمیع آباد,091737,6
39173,2763,سنگ کر,091738,6
39174,2763,سنگوییه 2,091739,6
39175,2763,سوزن سفلی,091740,6
39176,2763,سوزن علیا,091741,6
39177,2763,شورک,091742,6
39178,2763,عباس آباد,091743,6
39179,2763,عین خاتون سفلی,091744,6
39180,2763,عین خاتون علیا,091745,6
39181,2763,قالان,091746,6
39182,2763,قامشی,091747,6
39183,2763,قنات قاضی,091748,6
39184,2763,قنات گاو,091749,6
39185,2763,قنات یعقوب,091750,6
39186,2763,کاروانسرای زهوکی,091751,6
39187,2763,کرم جنه,091752,6
39188,2763,کرین,091753,6
39189,2763,گنوییه,091754,6
39190,2763,گودباغ,091755,6
39191,2763,گوزم,091756,6
39192,2763,مغوییه سفلی,091758,6
39193,2763,مغوییه علیا,091759,6
39194,2763,محمدآباد,091760,6
39195,2763,محمودی,091761,6
39196,2763,مرغاب,091762,6
39197,2763,مشکان,091763,6
39198,2763,میان ده,091764,6
39199,2763,میان روداب,091765,6
39200,2763,نهرشیر,091766,6
39201,2763,موراسفان,380229,6
39202,2763,سنگوییه /1سنگوییهباغ حسن /,380230,6
39203,2763,دهنو,380232,6
39204,2763,رحیم داری,380233,6
39205,2763,ده خان سیدعلی,380234,6
39206,2763,ال کروییه,380236,6
39207,2763,براکروییه /باغ بغل /,384430,6
39208,2763,چشمه 2,808207,6
39209,2764,ابزاغ,091835,6
39210,2764,ابلغ آباد,091836,6
39211,2764,ابیدو,091837,6
39212,2764,احمدآباد,091839,6
39213,2764,علی شیر,091840,6
39214,2764,ازبند,091841,6
39215,2764,اسفندران,091842,6
39216,2764,اسفیج,091843,6
39217,2764,امیرآباد,091844,6
39218,2764,اندردری,091845,6
39219,2764,انگوری1,091846,6
39220,2764,هنگر,091847,6
39221,2764,اواسک,091848,6
39222,2764,بابکوییه,091849,6
39223,2764,باغچه,091850,6
39224,2764,باغ احمد,091851,6
39225,2764,باغ خشک1,091852,6
39226,2764,باغ خشک2,091853,6
39227,2764,باغ خشک جنگل,091854,6
39228,2764,باغ سیبها,091855,6
39229,2764,باغ شهاب,091856,6
39230,2764,باغ شیخ,091857,6
39231,2764,باغ فقرا,091858,6
39232,2764,باغ گلدان,091859,6
39233,2764,باقرآباد پایین,091860,6
39234,2764,باقرآباد بالا,091861,6
39235,2764,بره کلنگ,091863,6
39236,2764,بلالی,091865,6
39237,2764,بندر,091866,6
39238,2764,بهکین بالا,091867,6
39239,2764,بهکین پایین,091868,6
39240,2764,بهنگ,091869,6
39241,2764,بیدحسینعلی,091870,6
39242,2764,بیدسواران,091871,6
39243,2764,بیدشیرین پایین,091872,6
39244,2764,بیدشیرین بالا,091873,6
39245,2764,پروان,091874,6
39246,2764,پشته1,091875,6
39247,2764,پشته2,091876,6
39248,2764,پیدنو/پودونو/,091877,6
39249,2764,ترچون,091878,6
39250,2764,جستن,091879,6
39251,2764,جفریز,091880,6
39252,2764,جمال لک,091881,6
39253,2764,ایمان علی /جوکارایمان علی /,091882,6
39254,2764,جوکارشفیع,091884,6
39255,2764,جوکارمهدی,091885,6
39256,2764,جویوییه,091886,6
39257,2764,چشموییه 1,091887,6
39258,2764,چشموییه 2,091888,6
39259,2764,چشمه سبز,091890,6
39260,2764,چشمه محمدحسین,091891,6
39261,2764,چناروییه,091892,6
39262,2764,چهارطاق,091893,6
39263,2764,چهارکشت,091894,6
39264,2764,حاج قلندر,091895,6
39265,2764,حسین آبادبیدوییه,091897,6
39266,2764,خادمی,091898,6
39267,2764,خانکوییه,091899,6
39268,2764,خال چمن1,091900,6
39269,2764,خان تیلکو,091901,6
39270,2764,خرخستان,091902,6
39271,2764,خطبا,091903,6
39272,2764,خمرتو,091904,6
39273,2764,خواجه ماهی,091905,6
39274,2764,دربادماهوییه,091906,6
39275,2764,درشنوییه,091907,6
39276,2764,بدرالدینی,091908,6
39277,2764,دره رود,091909,6
39278,2764,درکوهییه /دره کوه /,091910,6
39279,2764,ده انگشتان,091911,6
39280,2764,ده بالا,091912,6
39281,2764,ده تل,091913,6
39282,2764,ده جران,091914,6
39283,2764,ده درک,091915,6
39284,2764,ده ساجر,091916,6
39285,2764,سنگ سبز/ده ساری /,091917,6
39286,2764,ده شول,091918,6
39287,2764,ده علاالدین,091919,6
39288,2764,ده فتعلی,091920,6
39289,2764,ده قره خان,091921,6
39290,2764,ده کاکوییه,091922,6
39291,2764,ده گنجی,091923,6
39292,2764,ده لنگان,091924,6
39293,2764,ده ماران,091925,6
39294,2764,ده میان,091926,6
39295,2764,ده نایین,091927,6
39296,2764,سرقوچان /دهنجف /,091928,6
39297,2764,ده نصران,091929,6
39298,2764,ده ماکی,091931,6
39299,2764,دهنو,091932,6
39300,2764,دهنه گردو,091933,6
39301,2764,دهوییه,091934,6
39302,2764,دیجوییه,091935,6
39303,2764,رستاق,091936,6
39304,2764,ریگ آباد,091938,6
39305,2764,زنگوییه,091939,6
39306,2764,زواروییه,091940,6
39307,2764,زهوییه /زبیوییه /,091941,6
39308,2764,زیونگ,091942,6
39309,2764,سغین,091946,6
39310,2764,سفته,091947,6
39311,2764,سفیدابراهیم,091948,6
39312,2764,سفیدمرغوییه,091949,6
39313,2764,سندقوییه,091950,6
39314,2764,سنگ سرخ,091951,6
39315,2764,سیخروییه,091952,6
39316,2764,سیف الدین,091953,6
39317,2764,شغینوییه,091954,6
39318,2764,شیخ معروف,091955,6
39319,2764,قاسم آباد,091956,6
39320,2764,کتروییه,091957,6
39321,2764,قلقل,091958,6
39322,2764,قلایی,091959,6
39323,2764,قتلوبیگی,091960,6
39324,2764,قنات سفید,091961,6
39325,2764,قنات فیروزی,091962,6
39326,2764,قطروییه2,091963,6
39327,2764,کیتوییه /کوتینوییه /,091964,6
39328,2764,کریک,091965,6
39329,2764,کرن کوییه,091966,6
39330,2764,کمرسفید,091968,6
39331,2764,کوه عرش,091969,6
39332,2764,کوهوییه,091970,6
39333,2764,کهن اویز,091972,6
39334,2764,کهن زارجی,091973,6
39335,2764,کهن سیاه,091974,6
39336,2764,کهن گبری,091975,6
39337,2764,کهنوج,091976,6
39338,2764,کهوییه سفلی,091977,6
39339,2764,کهوییه علیا,091978,6
39340,2764,گرداز,091979,6
39341,2764,گریجوییه,091980,6
39342,2764,گلابدان,091982,6
39343,2764,گل سیروییه,091983,6
39344,2764,گله باغان,091984,6
39345,2764,گنبدان,091985,6
39346,2764,گنبدماهوییه,091986,6
39347,2764,گنبوییه /گموییه /,091987,6
39348,2764,گودباغ,091988,6
39349,2764,گورابراهیم,091989,6
39350,2764,گوران سفلی,091990,6
39351,2764,گوران علیا,091991,6
39352,2764,گوه سلطانی,091992,6
39353,2764,گوهرین,091993,6
39354,2764,گوی گر,091994,6
39355,2764,مارنوییه /مارونی /,091995,6
39356,2764,منوییه,091996,6
39357,2764,مورگوسیه,091997,6
39358,2764,مینوییه,091998,6
39359,2764,نخودکاری,091999,6
39360,2764,نهرمیان,092000,6
39361,2764,هارموییه,092001,6
39362,2764,هفت گردو1,092002,6
39363,2764,هفت گردو2,092003,6
39364,2764,هفت گردو3,092004,6
39365,2764,هنکایی,092005,6
39366,2764,خندق,092006,6
39367,2764,ده احمد,092007,6
39368,2764,خال چمن2,380237,6
39369,2764,بیدوییه,380238,6
39370,2764,ده میان علیا,380239,6
39371,2764,ده میان سفلی,380240,6
39372,2764,امیرآباد,380241,6
39373,2764,گوین,380242,6
39374,2764,چشموییه,380243,6
39375,2764,چشموییه 3,380244,6
39376,2764,گوی سانجو,380245,6
39377,2764,ناصریه,380246,6
39378,2764,گیس باران,380247,6
39379,2764,محمودی,380249,6
39380,2764,کرمکوییه,380250,6
39381,2764,برسیاه,380251,6
39382,2764,ده موشو,380252,6
39383,2764,مزار,380253,6
39384,2764,سنجدوییه,380256,6
39385,2764,سنجدو,380257,6
39386,2764,جوکار1,380260,6
39387,2764,شهربکو,380261,6
39388,2764,پاتل,380262,6
39389,2764,بزنگ حاجی آباد,380263,6
39390,2764,رودبار,384171,6
39391,2764,جوکار2,384172,6
39392,2764,کشکوییه,384548,6
39393,2764,باغ میر,384792,6
39394,2764,قنات حسین آباد چهار کشت,385046,6
39395,2765,آبباد پدری,090651,6
39396,2765,آبباد سیوندی,090652,6
39397,2765,آبباد قهرمانی,090653,6
39398,2765,آبباد کلبعلی خانی,090654,6
39399,2765,مزرعه عقرک,090655,6
39400,2765,احمدخانی,090656,6
39401,2765,باغ ایرین,090657,6
39402,2765,باغ بش,090658,6
39403,2765,باغ پیشگاه,090659,6
39404,2765,باغ زال زینل خانی,090660,6
39405,2765,باغ زال نقی,090661,6
39406,2765,باغ میر,090662,6
39407,2765,بنودربندر,090663,6
39408,2765,بنودرکرتوییه,090664,6
39409,2765,بیدشک,090665,6
39410,2765,تلی کوشک,090667,6
39411,2765,جاروب,090668,6
39412,2765,چاه زار,090671,6
39413,2765,چشمه سلطانی,090672,6
39414,2765,پودنوییه,090673,6
39415,2765,حیدرخانی,090674,6
39416,2765,خاردان,090675,6
39417,2765,خبر,090676,6
39418,2765,پاکوییه سفلی,090677,6
39419,2765,پاکوییه علیا,090678,6
39420,2765,دیخوییه,090679,6
39421,2765,رچان,090680,6
39422,2765,رزدر,090681,6
39423,2765,رودپهن,090682,6
39424,2765,سارخانی,090683,6
39425,2765,سفته,090684,6
39426,2765,شورک,090685,6
39427,2765,صولوییه,090686,6
39428,2765,طاویقوییه,090687,6
39429,2765,فخرآباد,090688,6
39430,2765,فرامرزی,090689,6
39431,2765,قلاتوییه,090690,6
39432,2765,قنبری,090691,6
39433,2765,کاه دان,090692,6
39434,2765,گرگین,090693,6
39435,2765,کلدان علیا,090694,6
39436,2765,کلدان سفلی,090695,6
39437,2765,کهت,090696,6
39438,2765,گردولنگ,090697,6
39439,2765,گزم,090698,6
39440,2765,معدن,090700,6
39441,2765,میدان,090701,6
39442,2765,نهراب,090702,6
39443,2765,چاه بید,090705,6
39444,2765,موتور حسین آباد,380097,6
39445,2765,استخرها,380098,6
39446,2765,دکل تلویزیونی,380099,6
39447,2765,حصاروییه پایین,380100,6
39448,2765,حصاروییه بالا,380101,6
39449,2765,نارکوییه,383598,6
39450,2765,آبادی چاله,384185,6
39451,2765,آبادی خیراباد,384186,6
39452,2765,هودیان,384187,6
39453,2765,معدن سنگ سفیدباغات,384654,6
39454,2765,معدن میلادخزاین,384655,6
39455,2765,معدن حاجیان,384656,6
39456,2765,معدن دشتاب سعیدی,384657,6
39457,2765,موتورپمپ حسین آباد/قره تپه/,385137,6
39458,2765,موتورامیرتهرانی,808093,6
39459,2765,قاسم آبادشی کلوک,808094,6
39460,2765,آب غاموشیه,808095,6
39461,2766,اغجنگ,090755,6
39462,2766,احمدآباد,090756,6
39463,2766,اسلام آباد 1,090757,6
39464,2766,اسماعیل آباد سفلی,090758,6
39465,2766,اسماعیل آباد علیا,090759,6
39466,2766,امامزاده سیدعلی /سیدعلی موسی دشتاب,090760,6
39467,2766,بدرآباد,090761,6
39468,2766,برجن,090762,6
39469,2766,بره کش,090763,6
39470,2766,بریدوییه,090764,6
39471,2766,بهارستان,090765,6
39472,2766,تاج آباد,090766,6
39473,2766,تلمبه آیت اله خامنه ای,090767,6
39474,2766,تلمبه آیت اله مشکینی,090768,6
39475,2766,تلمبه آیت اله منتظری,090769,6
39476,2766,تلمبه جهاد 1,090770,6
39477,2766,تلمبه رضی آباد,090771,6
39478,2766,تلمبه شهید بهشتی,090772,6
39479,2766,تلمبه مهدی آباد,090773,6
39480,2766,جعفرآباد,090774,6
39481,2766,جلال آباد,090775,6
39482,2766,جوزوییه,090776,6
39483,2766,چشمه حسین,090777,6
39484,2766,حسن آباد سفلی,090778,6
39485,2766,حسن آباد علیا,090779,6
39486,2766,حسین آباد,090780,6
39487,2766,حسین آباد شهردار,090781,6
39488,2766,حسین آباد فردوسی,090782,6
39489,2766,خراییه,090786,6
39490,2766,دزافک,090787,6
39491,2766,دوبیدو,090788,6
39492,2766,دولت آباد,090789,6
39493,2766,ده لاچین,090791,6
39494,2766,دهوج,090793,6
39495,2766,رودخانه سلطانی,090794,6
39496,2766,زراب,090795,6
39497,2766,زنایی,090796,6
39498,2766,ساری جون,090797,6
39499,2766,سلکوییه,090798,6
39500,2766,سوروییه,090799,6
39501,2766,شمس آباد,090801,6
39502,2766,عزیزآباد,090802,6
39503,2766,علی آباد,090803,6
39504,2766,فتح آباد,090804,6
39505,2766,فیروزآباد,090805,6
39506,2766,کاظم آباد,090806,6
39507,2766,کم کلاغ,090807,6
39508,2766,کمال آباد,090809,6
39509,2766,گنوییه,090810,6
39510,2766,مانوییه,090811,6
39511,2766,محمد آباد 1,090814,6
39512,2766,محمدآباد فردوسی,090815,6
39513,2766,محمودآباد,090816,6
39514,2766,مختارآباد,090817,6
39515,2766,موتور اتحاد دو/ابوذر,090818,6
39516,2766,موتور اتحاد یک,090819,6
39517,2766,موتور تلمبه رضی آباد,090821,6
39518,2766,موتور زراعی,090822,6
39519,2766,موتور شهید مطهری,090823,6
39520,2766,میخ چشمه,090825,6
39521,2766,نصرت آباد,090826,6
39522,2766,وحدت آباد,090827,6
39523,2766,وکیل آباد,090828,6
39524,2766,تلمبه شهیدمطهری,090831,6
39525,2766,رهن,090835,6
39526,2766,آب باد,091569,6
39527,2766,آب سنجدو,091571,6
39528,2766,ابرسوییه,091572,6
39529,2766,استخرها,091573,6
39530,2766,اسماعیل آباد,091574,6
39531,2766,باغ سربند,091576,6
39532,2766,باغ کرته,091577,6
39533,2766,پشت کن,091580,6
39534,2766,پیر,091582,6
39535,2766,تم خران بالا,091583,6
39536,2766,تم خران پایین,091584,6
39537,2766,چشمه سفید,091588,6
39538,2766,چشمه عاشق,091589,6
39539,2766,حسین آباد پشتکوه,091593,6
39540,2766,حسین آباد چشمه ها,091594,6
39541,2766,خمکان,091596,6
39542,2766,داش علیا,091598,6
39543,2766,روی سنگ,091600,6
39544,2766,زارچوب,091601,6
39545,2766,زاردو/زاردوخت,091602,6
39546,2766,سدری,091603,6
39547,2766,سنگ سرمه,091604,6
39548,2766,سیاهنج,091605,6
39549,2766,سیفی ها,091607,6
39550,2766,طرنگ,091609,6
39551,2766,قاسم آباد,091610,6
39552,2766,کهن مور,091611,6
39553,2766,کردبستان,091612,6
39554,2766,کل بید,091614,6
39555,2766,کوران,091616,6
39556,2766,کوشک سفلی,091617,6
39557,2766,کوشک علیا,091618,6
39558,2766,گدارسبز,091619,6
39559,2766,گلی گوران,091621,6
39560,2766,مرادآباد,091624,6
39561,2766,تلمبه جوانمرد,091626,6
39562,2766,موسی آباد,091627,6
39563,2766,میان قنات,091628,6
39564,2766,نراب2,091630,6
39565,2766,نیگوییه1,091632,6
39566,2766,نیگوییه2,091633,6
39567,2766,موتورعشایری دهقانی,380102,6
39568,2766,موتورجهاد2,380103,6
39569,2766,تلمبه جهاد3,380104,6
39570,2766,حوریدر,380108,6
39571,2766,محمد آباد2,380109,6
39572,2766,قلعه مانوییه,380110,6
39573,2766,تلمبه محمدآباد موسی اکبری,380114,6
39574,2766,موتور بدرآباد,380115,6
39575,2766,منصور آباد,380116,6
39576,2766,محمودآباد جدید,380117,6
39577,2766,میروییه,380131,6
39578,2766,پشته آدور,380132,6
39579,2766,شادیان,380135,6
39580,2766,دهنو,380137,6
39581,2766,چشمه رز,380139,6
39582,2766,گازران,380141,6
39583,2766,کاسه بالا,380143,6
39584,2766,حسن آباد,380144,6
39585,2766,کاسه پایین,380145,6
39586,2766,دورودی,380146,6
39587,2766,ده مارک1,380149,6
39588,2766,ده نو,380152,6
39589,2766,چکچکوییه,380153,6
39590,2766,تلمبه سعدالله,380154,6
39591,2766,گلوییه,380155,6
39592,2766,رحمت آباد سفلی,384289,6
39593,2766,گزبر,384293,6
39594,2766,اسلام آباد2,384295,6
39595,2766,رحمت آبادعلیا,384425,6
39596,2766,ده مارک2,384428,6
39597,2766,قایم آباد,808097,6
39598,2766,مزرعه باغ ملا,808098,6
39599,2766,اسلام آبادشماره 3,808099,6
39600,2766,دمکوه,808745,6
39601,2767,اسلام آباد,093195,6
39602,2767,باغچمک,093197,6
39603,2767,بیجنی,093198,6
39604,2767,بیدران کهنه,093199,6
39605,2767,بیدران نو,093200,6
39606,2767,پاکم,093202,6
39607,2767,حمزه ای,093206,6
39608,2767,خواجه عسکر,093207,6
39609,2767,درباغ,093209,6
39610,2767,ده رود,093211,6
39611,2767,امیرآباد,093213,6
39612,2767,ره دار,093214,6
39613,2767,سرجنگل,093216,6
39614,2767,سعیدآباد,093217,6
39615,2767,شاه منصوری,093218,6
39616,2767,شرکت هریس,093220,6
39617,2767,قلعه عسکر,093221,6
39618,2767,گاومرده,093222,6
39619,2767,گزدر,093223,6
39620,2767,هرارون,093225,6
39621,2767,خواجه نظام چهاردانگ,380806,6
39622,2767,کوره,380807,6
39623,2767,برج دیده بانی,384544,6
39624,2768,علی آباد1,092890,6
39625,2768,آب توت,093012,6
39626,2768,آب زارچوب,093013,6
39627,2768,آبگرم,093015,6
39628,2768,آدوری,093018,6
39629,2768,باغ بالا,093022,6
39630,2768,باغ تک,093023,6
39631,2768,بره,093024,6
39632,2768,پیدنگو,093030,6
39633,2768,تیتوبر,093031,6
39634,2768,چنارو,093035,6
39635,2768,دربیدان,093037,6
39636,2768,درزرب,093039,6
39637,2768,درگردو,093041,6
39638,2768,دره اسپید,093043,6
39639,2768,درهوریم,093045,6
39640,2768,دسک,093046,6
39641,2768,زناقی,093051,6
39642,2768,سرپریده,093053,6
39643,2768,سرگر,093055,6
39644,2768,سیددامنه,093059,6
39645,2768,کن کینو,093064,6
39646,2768,کنیگو,093065,6
39647,2768,گرو,093066,6
39648,2768,گزدان,093067,6
39649,2768,گلوپده,093071,6
39650,2768,گودپده,093073,6
39651,2768,گوک,093075,6
39652,2768,مغوییه,093076,6
39653,2768,مزین,093077,6
39654,2768,نایین,093081,6
39655,2768,پاپده,093201,6
39656,2768,پوطار,093258,6
39657,2768,توکل آباد,093260,6
39658,2768,چشمه ها,093261,6
39659,2768,حمید,093262,6
39660,2768,دارزین1,093264,6
39661,2768,دارزین2,093265,6
39662,2768,دربر,093266,6
39663,2768,دریجان,093267,6
39664,2768,ساوات,093268,6
39665,2768,سنگ سیاه,093269,6
39666,2768,شاه مهرو,093270,6
39667,2768,فدوا,093272,6
39668,2768,جزین,093275,6
39669,2768,گورو,093276,6
39670,2768,مهرآباد,093278,6
39671,2768,اناران,095468,6
39672,2768,دهنه سرآسیاب,095584,6
39673,2768,دهو,095585,6
39674,2768,زومین,095594,6
39675,2768,زینقویه,095595,6
39676,2768,سقدروییه,095615,6
39677,2768,سیاه کم1,095619,6
39678,2768,طاغوک,095631,6
39679,2768,کهن سختک,095661,6
39680,2768,کهنوج,095669,6
39681,2768,گزوگان,095686,6
39682,2768,میان جوب,095710,6
39683,2768,میراحمدی,095714,6
39684,2768,برج دیدبانی دوراهی دارزین,380805,6
39685,2768,بک بید,380811,6
39686,2768,بنه ای کل,380812,6
39687,2768,دسک بالا,380813,6
39688,2768,درهزار,380814,6
39689,2768,کوتوا,380815,6
39690,2768,آب کمو,380816,6
39691,2768,ابله ای,380817,6
39692,2768,چشمه هاپایین,380818,6
39693,2768,چشمه هابالا,380819,6
39694,2768,درزار,380820,6
39695,2768,مالک آباد,380821,6
39696,2768,کهن یوسفخان,381166,6
39697,2768,سرهرنگ,381167,6
39698,2768,گزتین,381168,6
39699,2768,کلکن,381169,6
39700,2768,نمردی,381171,6
39701,2768,دهنو,383574,6
39702,2768,سنگ سیاه,383736,6
39703,2768,اسلام آباد آسیاب,383882,6
39704,2768,ده رضا,383883,6
39705,2768,دره پهن,383884,6
39706,2768,دره کلته ای,808578,6
39707,2768,دره کهکمو,808655,6
39708,2769,آبگشین,093014,6
39709,2769,آبگرمو1,093016,6
39710,2769,آبگرمو2,093017,6
39711,2769,اسکمبولی,093019,6
39712,2769,انجرک,093020,6
39713,2769,اولالا,093021,6
39714,2769,بندربالا,093025,6
39715,2769,پاتل,093026,6
39716,2769,پاقیچ بندر,093027,6
39717,2769,پودو,093028,6
39718,2769,پورمک,093029,6
39719,2769,تیتورنگ,093032,6
39720,2769,تیدو,093033,6
39721,2769,جعفرآباد,093034,6
39722,2769,حسین آباد,093036,6
39723,2769,درم رود,093038,6
39724,2769,درطاغون,093040,6
39725,2769,درنیان,093042,6
39726,2769,دره مرغون,093044,6
39727,2769,دهنوبخشعلی,093047,6
39728,2769,رکن آباد,093048,6
39729,2769,زمین زرده,093049,6
39730,2769,زناغی,093050,6
39731,2769,زیل,093052,6
39732,2769,سرنی,093054,6
39733,2769,سرنکوه,093056,6
39734,2769,سوبنه,093057,6
39735,2769,سرمک,093058,6
39736,2769,شاه آباد,093060,6
39737,2769,علی آباد,093061,6
39738,2769,کسک,093062,6
39739,2769,کلپوره ای,093063,6
39740,2769,گزدونک,093068,6
39741,2769,گزنو,093069,6
39742,2769,گل بندان,093070,6
39743,2769,گناتو,093072,6
39744,2769,گودرک,093074,6
39745,2769,موردان,093078,6
39746,2769,میان غالب,093079,6
39747,2769,میچ,093080,6
39748,2769,نو,093082,6
39749,2769,نیستان,093083,6
39750,2769,آبادچهل تن,093508,6
39751,2769,آسیاب جرجند,093511,6
39752,2769,باغ بالا,093512,6
39753,2769,یال خری,093514,6
39754,2769,بنگاه ناصری,093517,6
39755,2769,تاج آباد,093518,6
39756,2769,تورنج,093519,6
39757,2769,جبرآباد,093520,6
39758,2769,جرجندبالا,093521,6
39759,2769,جرجندپایین,093522,6
39760,2769,حاجی آباد,093524,6
39761,2769,داج,093527,6
39762,2769,دولت آبادانصاری,093528,6
39763,2769,روتک,093531,6
39764,2769,رودمشک,093532,6
39765,2769,زوران,093534,6
39766,2769,زیارت پیرغیب,093535,6
39767,2769,سرنسا,093536,6
39768,2769,سروند,093537,6
39769,2769,سه تلی,093538,6
39770,2769,طرز,093541,6
39771,2769,عدیم المثال,093542,6
39772,2769,قادرآباد,093546,6
39773,2769,قطب آباد,093547,6
39774,2769,کم جندی,093549,6
39775,2769,کروک,093550,6
39776,2769,گورخری,093554,6
39777,2769,محمدآبادسربند,093555,6
39778,2769,معدن آب باریک,093558,6
39779,2769,ناران,093562,6
39780,2769,نوبر,093565,6
39781,2769,هفت بادام,093566,6
39782,2769,دست گچان,093779,6
39783,2769,گراورد,093991,6
39784,2769,کشیت,094729,6
39785,2769,پایگاه شهیدمصطفوی,380834,6
39786,2769,ده نومیچ,380835,6
39787,2769,بک دراز,380836,6
39788,2769,اسلام آباد,380837,6
39789,2769,بندرسفلی,380838,6
39790,2769,زیارت حضرت امیر,380839,6
39791,2769,پایگاه ژاندارمری قلعه زنگی,380840,6
39792,2769,لطف آباد,380843,6
39793,2769,کارخانه آسفالت وسنگ شکن,808057,6
39794,2769,لجارود,808609,6
39795,2769,چتوک,808804,6
39796,2770,اله آباد,093157,6
39797,2770,پشتگدار,093159,6
39798,2770,تلمبه امیرآباد دارستان,093160,6
39799,2770,حسینیه خواجه,093161,6
39800,2770,دوکی,093163,6
39801,2770,رحمن آباد,093164,6
39802,2770,رحیم آباد,093165,6
39803,2770,عباس آباد دارستان,093166,6
39804,2770,قلعه بالا,093167,6
39805,2770,کرک,093168,6
39806,2770,محمدآباد سیدنظام,093169,6
39807,2770,محمدآباد کافی,093170,6
39808,2770,نارتیچ,093172,6
39809,2770,یزدان آباد,093173,6
39810,2770,اسپیگان,093194,6
39811,2770,پشت رود,093203,6
39812,2770,تمیک,093204,6
39813,2770,چهل تخم,093205,6
39814,2770,زیدآباد,093215,6
39815,2770,تلمبه رحمان آباد,380863,6
39816,2770,قدمگاه حضرت امیر,380864,6
39817,2770,علی آباد,380865,6
39818,2770,تلمبه احمدآباد دارستان,383887,6
39819,2770,تلمبه حسن آباد دارستان,383888,6
39820,2770,تلمبه شهیداتحادی دارستان,383889,6
39821,2770,تلمبه اکبرآباد دارستان,383890,6
39822,2770,خودروسازی,384554,6
39823,2770,تلمبه شهیدطبسی,384747,6
39824,2770,حسن آباد بالا دارستان,384748,6
39825,2770,تلمبه علی حسین زاده,384749,6
39826,2770,تلمبه عباس غفرانی,384750,6
39827,2770,تلمبه حسین غفرانی,384751,6
39828,2770,تلمبه مهندس جعفری,384752,6
39829,2770,تلمبه محمدآباد,384753,6
39830,2770,تلمبه شهیداتحادی دارستان 2,384754,6
39831,2770,تلمبه عباس عامری,384755,6
39832,2770,تلمبه رضا گوری ( موتورجلگه ),384756,6
39833,2770,شرکت تعاونی کارکنان برنامه وبودجه,385048,6
39834,2770,تلمبه محمد دهقان,385049,6
39835,2770,ده سرهنگ,385050,6
39836,2770,تلمبه لوت آباد (میلاد1),385051,6
39837,2770,زندان,808231,6
39838,2770,پمپ شهید سیستانی ( محمد آباد),808594,6
39839,2771,ابارق,092504,6
39840,2771,ابیدک,092505,6
39841,2771,اغنچه,092506,6
39842,2771,اسماعیل آباد,092507,6
39843,2771,اناران,092509,6
39844,2771,بادامی,092511,6
39845,2771,باغ گل,092512,6
39846,2771,بن اسفندی,092513,6
39847,2771,بنه سوخته چار,092514,6
39848,2771,پاسگاه تهرود,092516,6
39849,2771,پاقلعه,092517,6
39850,2771,پابنه,092518,6
39851,2771,پده,092519,6
39852,2771,پرمنوییه,092520,6
39853,2771,پشت قلعه,092521,6
39854,2771,پشت گدار,092522,6
39855,2771,جوچلیم,092524,6
39856,2771,تنگ سبز,092525,6
39857,2771,تیزاهنگ,092527,6
39858,2771,چوچون,092529,6
39859,2771,خانه خاتون,092532,6
39860,2771,دک,092535,6
39861,2771,ده خانی,092536,6
39862,2771,رزک,092537,6
39863,2771,سبزوییه,092539,6
39864,2771,سراسیاب,092540,6
39865,2771,سرتشتک,092541,6
39866,2771,سروستان,092542,6
39867,2771,سعدآباد سفلی,092543,6
39868,2771,سعدآباد علیا,092544,6
39869,2771,سنگمیر,092545,6
39870,2771,شمس آباد علیا,092546,6
39871,2771,شیوند,092547,6
39872,2771,عامری,092548,6
39873,2771,فتح آباد,092550,6
39874,2771,قلعه زنگی / پاسگاه بازرسی مرصاد/,092553,6
39875,2771,قلعه گبری,092554,6
39876,2771,کلیلی,092556,6
39877,2771,محمودآباد,092558,6
39878,2771,میان جاویه,092561,6
39879,2771,نگور,092563,6
39880,2771,علی آباد2,093271,6
39881,2771,مهدی آباد,093277,6
39882,2771,گودسوخته چار,380777,6
39883,2771,خمروت چنگی,380778,6
39884,2771,بنه گنبه,380779,6
39885,2771,دوتخته,380780,6
39886,2771,گردونه ارچنا,380781,6
39887,2771,حسین قلی,380782,6
39888,2771,باغ چاه,380783,6
39889,2771,کشنا,380786,6
39890,2771,مریج باغ,380791,6
39891,2771,قوچی,380792,6
39892,2771,تلمبه مجیدالله,380794,6
39893,2771,تلمبه جهادی,380796,6
39894,2771,زیرگدار,380799,6
39895,2771,رستوران سنتی خیام,380800,6
39896,2771,برج دیده بانی دوراهی,380801,6
39897,2771,قلعه نو,380803,6
39898,2771,قلعه ارجمند,384436,6
39899,2771,تراب,384437,6
39900,2771,تلمبه عباس آباد,808573,6
39901,2771,تلمبه گبری,808574,6
39902,2771,بیدان,808575,6
39903,2771,نغورمی,808576,6
39904,2772,حسن آباد,092530,6
39905,2772,حشرآباد,092531,6
39906,2772,گاژدشت,092557,6
39907,2772,آب گرمو,092838,6
39908,2772,آب ترش,092839,6
39909,2772,آب شوروییه مرغک,092840,6
39910,2772,اناران,092841,6
39911,2772,باغ خشک,092842,6
39912,2772,برزوییه,092843,6
39913,2772,بیدان,092844,6
39914,2772,بیدجنگل,092845,6
39915,2772,بیدخون مرغک,092846,6
39916,2772,بیدزاغ,092847,6
39917,2772,توکل آباد,092850,6
39918,2772,جدکان,092852,6
39919,2772,چشمه یتیم,092853,6
39920,2772,چناری,092855,6
39921,2772,حسن خندان,092856,6
39922,2772,دربیدان,092859,6
39923,2772,دره دراز,092860,6
39924,2772,دوجنگان مرغک,092862,6
39925,2772,دوگل,092863,6
39926,2772,ده ردین,092866,6
39927,2772,ده نو1,092867,6
39928,2772,دهنه مرغک,092869,6
39929,2772,دهوک,092870,6
39930,2772,دیم جوییه,092871,6
39931,2772,سربگجوزوییه,092873,6
39932,2772,سرپشت,092874,6
39933,2772,سرور آباد,092877,6
39934,2772,سنجدخشک,092878,6
39935,2772,سنگ سیاه,092879,6
39936,2772,سولوییه بالا,092880,6
39937,2772,سولوییه پایین,092881,6
39938,2772,سه دران,092882,6
39939,2772,شرابی,092883,6
39940,2772,شریک آباد,092884,6
39941,2772,شیرکش,092885,6
39942,2772,طافیات,092887,6
39943,2772,طاقوک,092888,6
39944,2772,علی آباد1,092891,6
39945,2772,کهن میری,092899,6
39946,2772,کهنوج دامنه,092900,6
39947,2772,گردوسرسفلی,092901,6
39948,2772,گردوسرعلیا,092902,6
39949,2772,گل آباد,092903,6
39950,2772,گل انداز,092904,6
39951,2772,گل بیدان,092905,6
39952,2772,گل ملک,092906,6
39953,2772,گنه گرگی,092907,6
39954,2772,محمودآباد,092909,6
39955,2772,مرغک علیا,092910,6
39956,2772,همت آباد,092911,6
39957,2772,هوروییه,092912,6
39958,2772,کوارو,093273,6
39959,2772,پشته کوارو,380825,6
39960,2772,غیبی,380826,6
39961,2772,کهن آب بیدخون,380827,6
39962,2772,آب قبله بیدخون,380828,6
39963,2772,درگریچ,380829,6
39964,2772,جلال آباد,380830,6
39965,2772,سه گاه شاهی,380831,6
39966,2772,بنه مگو,380832,6
39967,2772,خمروتک,380833,6
39968,2772,آغل خانی,383597,6
39969,2772,دوکمدان,383877,6
39970,2772,نابی,383878,6
39971,2772,طرح گردو کاری احمد پورطاری,383881,6
39972,2772,کماهی,808071,6
39973,2772,چاه باغ,808800,6
39974,2773,پاقلعه,095506,6
39975,2773,جگاه,095527,6
39976,2773,اببرده,096398,6
39977,2773,آب انجیر,096399,6
39978,2773,ارچنوییه,096402,6
39979,2773,افکنوییه,096403,6
39980,2773,اکبرآباد,096404,6
39981,2773,انجیربازوییه,096405,6
39982,2773,باغین,096406,6
39983,2773,بادام شیرین,096407,6
39984,2773,باغ احمد,096408,6
39985,2773,باغ حبیب اله,096411,6
39986,2773,باغ زینب,096413,6
39987,2773,باغ ساویا,096414,6
39988,2773,باغ شیخ,096415,6
39989,2773,باغ شیرو,096416,6
39990,2773,باغ علیشیر,096417,6
39991,2773,باغ کجیک,096418,6
39992,2773,باغ کر,096419,6
39993,2773,باغ کمال,096420,6
39994,2773,باغ مرغزار,096421,6
39995,2773,باغ میر,096422,6
39996,2773,بچگی,096423,6
39997,2773,بن پوغان,096424,6
39998,2773,بنددزد,096426,6
39999,2773,بنستان,096427,6
40000,2773,بنگوییه,096428,6
40001,2773,بندگان,096429,6
40002,2773,بهرامی,096430,6
40003,2773,بیدحسین کشته,096431,6
40004,2773,پاکوه سفید,096434,6
40005,2773,پشت خان,096436,6
40006,2773,پشت سرخ,096437,6
40007,2773,پشته کهنوج,096438,6
40008,2773,پلیشی,096439,6
40009,2773,پیرتنوییه,096440,6
40010,2773,تاشار,096441,6
40011,2773,تط,096442,6
40012,2773,تل بورک,096443,6
40013,2773,تنیرو,096444,6
40014,2773,تیتو,096445,6
40015,2773,جازمان,096446,6
40016,2773,جملی,096450,6
40017,2773,جیروییه,096451,6
40018,2773,چشمه مورت,096453,6
40019,2773,چهاردیواری,096455,6
40020,2773,حاجی آباد,096456,6
40021,2773,خرمشاهی,096457,6
40022,2773,درکرا,096458,6
40023,2773,درمزار,096459,6
40024,2773,دروا,096460,6
40025,2773,دره ای,096461,6
40026,2773,دره تنگ,096462,6
40027,2773,دره دنزک,096463,6
40028,2773,دره زرد,096464,6
40029,2773,ده بازوییه,096465,6
40030,2773,ده رودموسوی,096466,6
40031,2773,ده مراد,096467,6
40032,2773,رضی آباد,096470,6
40033,2773,رهگاه,096471,6
40034,2773,ریگ آباد,096472,6
40035,2773,زانورستم,096473,6
40036,2773,زرین,096474,6
40037,2773,زنگار,096475,6
40038,2773,زورک,096476,6
40039,2773,سرچیل,096477,6
40040,2773,سرزرد,096478,6
40041,2773,سرشنگان,096479,6
40042,2773,سرکم,096480,6
40043,2773,سرکهنان,096481,6
40044,2773,سرکیوان,096482,6
40045,2773,سرگدار,096483,6
40046,2773,سفیدباز,096484,6
40047,2773,سمو,096486,6
40048,2773,سوخته ای,096487,6
40049,2773,چاه صمنگان,096488,6
40050,2773,ششتک,096489,6
40051,2773,صولان,096491,6
40052,2773,قلعه,096493,6
40053,2773,کراه,096494,6
40054,2773,کلدان,096496,6
40055,2773,گلن کوییه,096497,6
40056,2773,کلیسی,096498,6
40057,2773,کلاکی,096499,6
40058,2773,کن لوافان,096502,6
40059,2773,کن مومن,096503,6
40060,2773,کنارستان سفلی,096504,6
40061,2773,کنارستان علیا,096505,6
40062,2773,گدارگن,096508,6
40063,2773,گدایی,096509,6
40064,2773,گربه,096510,6
40065,2773,گست مینگون,096511,6
40066,2773,گونه گاچویی,096512,6
40067,2773,گونه گامرو,096513,6
40068,2773,گوهرستان,096514,6
40069,2773,ماغ,096516,6
40070,2773,متکی,096517,6
40071,2773,مدین,096518,6
40072,2773,مرغزارک,096519,6
40073,2773,هادار,096521,6
40074,2773,حلواجی,096522,6
40075,2773,رزشیرین,096525,6
40076,2773,دهنه زورک /اسلام آباد/,381118,6
40077,2773,شکرآباد,381120,6
40078,2773,کرچ,381125,6
40079,2773,درطاوقان,381126,6
40080,2773,دربابازی,381127,6
40081,2773,تنگ زرد,384115,6
40082,2773,آبگرم,808198,6
40083,2773,کت کلاغ,808199,6
40084,2774,آب کهن,096250,6
40085,2774,اره,096251,6
40086,2774,بابپایین,096252,6
40087,2774,درگلوییه,096253,6
40088,2774,باغ ده,096254,6
40089,2774,باغ راهی,096255,6
40090,2774,برآوردشده,096256,6
40091,2774,بگم,096257,6
40092,2774,بلفردی علیا,096258,6
40093,2774,بن رومان,096259,6
40094,2774,بهرآسمان,096260,6
40095,2774,پای افراز,096261,6
40096,2774,پرونوییه,096262,6
40097,2774,پشته کل,096263,6
40098,2774,تپه سفید,096265,6
40099,2774,تنگ ابرسوییه,096266,6
40100,2774,غویشه,096268,6
40101,2774,جوزوییه,096269,6
40102,2774,جوکن,096270,6
40103,2774,حسن آباد,096271,6
40104,2774,خوش مور,096272,6
40105,2774,دودران,096273,6
40106,2774,دولت آباد,096274,6
40107,2774,ده شیخ,096275,6
40108,2774,ده گاه,096276,6
40109,2774,دهوج,096277,6
40110,2774,رغا,096278,6
40111,2774,رودخانه کمال,096279,6
40112,2774,رودسیبا,096280,6
40113,2774,زمین حسین,096281,6
40114,2774,ده گجون,096282,6
40115,2774,زیرکستان,096283,6
40116,2774,سرتنگ,096286,6
40117,2774,سرچوزان,096287,6
40118,2774,سرخ آباد,096288,6
40119,2774,سرریزان سفلی,096289,6
40120,2774,سرریزان علیا,096290,6
40121,2774,سروت,096291,6
40122,2774,سنگ کارتو,096292,6
40123,2774,سیبستان,096293,6
40124,2774,ضراب,096294,6
40125,2774,طاویقوییه,096295,6
40126,2774,علی آباد,096296,6
40127,2774,قاضی آباد,096297,6
40128,2774,قالبد,096298,6
40129,2774,قلعه ریگی,096299,6
40130,2774,کردان,096300,6
40131,2774,کنگری,096302,6
40132,2774,کهور,096303,6
40133,2774,گردوزار,096304,6
40134,2774,گردوکلوییه,096305,6
40135,2774,گون آباد,096310,6
40136,2774,گیجوییه,096311,6
40137,2774,ماردوجان,096312,6
40138,2774,میج,096313,6
40139,2774,ناران,096314,6
40140,2774,ناران علیا,096315,6
40141,2774,نارستان,096316,6
40142,2774,نرگسی,096318,6
40143,2774,نوچوچوییه,096319,6
40144,2774,نی شر,096320,6
40145,2774,هنزاکوییه,096321,6
40146,2774,هنشین,096322,6
40147,2774,کیمارک,096323,6
40148,2774,آخرک,096649,6
40149,2774,استخرگروک,096650,6
40150,2774,اشوبه,096651,6
40151,2774,الاغ کش,096653,6
40152,2774,اورت قوقچی,096656,6
40153,2774,اورس دوشاخ,096657,6
40154,2774,باباجان,096659,6
40155,2774,بابترش,096660,6
40156,2774,باب خیروییه,096661,6
40157,2774,باب دراز,096662,6
40158,2774,محمدآباد باب سکاکان,096663,6
40159,2774,باب سیبا,096664,6
40160,2774,باب سیبا,096665,6
40161,2774,باب کرفس,096666,6
40162,2774,باب میشان,096667,6
40163,2774,باب نم,096668,6
40164,2774,باب کهنوج,096670,6
40165,2774,بابکیکی,096671,6
40166,2774,باغات,096676,6
40167,2774,باغوییه,096678,6
40168,2774,باغ ابراهیم,096679,6
40169,2774,باغ حسینی,096680,6
40170,2774,باغ علی شیر,096681,6
40171,2774,باغ کریم داد,096682,6
40172,2774,جهادآباد,096685,6
40173,2774,بندرشاه رخی,096686,6
40174,2774,بیدسوخته,096688,6
40175,2774,بیدوییه,096692,6
40176,2774,پراندر,096696,6
40177,2774,پشت سفید1,096697,6
40178,2774,پشت سفید2,096698,6
40179,2774,پل پیران,096699,6
40180,2774,تاریکوییه,096700,6
40181,2774,تیرگری,096703,6
40182,2774,جنازه سفلی,096705,6
40183,2774,جنازه علیا,096706,6
40184,2774,جوزوییه,096708,6
40185,2774,چشمه خونین,096710,6
40186,2774,حاجات,096712,6
40187,2774,حسن اقایی,096713,6
40188,2774,خاردون,096716,6
40189,2774,خافکوییه,096717,6
40190,2774,خاک سفیدبالا,096718,6
40191,2774,خاک سفیدپایین,096719,6
40192,2774,خاکنرم,096720,6
40193,2774,خدانگان,096722,6
40194,2774,خلیجی,096723,6
40195,2774,خوشاب,096724,6
40196,2774,داز,096726,6
40197,2774,دالان خانی,096727,6
40198,2774,دامنه,096728,6
40199,2774,داهلی,096729,6
40200,2774,دره رود,096731,6
40201,2774,دوروده,096732,6
40202,2774,ده دیوان,096734,6
40203,2774,ده شیخو,096735,6
40204,2774,ده کناری,096736,6
40205,2774,ده گردوییه,096737,6
40206,2774,ده والی,096738,6
40207,2774,ده ویران,096739,6
40208,2774,رمازی,096740,6
40209,2774,روزکین,096743,6
40210,2774,زارچوییه1,096745,6
40211,2774,زوارحلکه,096747,6
40212,2774,سریجنگان,096751,6
40213,2774,سوراخ مار,096756,6
40214,2774,سه چشمه,096757,6
40215,2774,سه دران,096758,6
40216,2774,سین آباد,096762,6
40217,2774,شاه نظری,096763,6
40218,2774,شیب ناصری,096764,6
40219,2774,شیراغوش,096766,6
40220,2774,عباس آباد,096768,6
40221,2774,عباس آباد,096769,6
40222,2774,علی آباد,096770,6
40223,2774,فتح آباد,096773,6
40224,2774,قلندری1,096775,6
40225,2774,قنات احمد,096777,6
40226,2774,قنات بید1,096778,6
40227,2774,قنات بید2,096779,6
40228,2774,قناتخداداد,096780,6
40229,2774,قنات شهاب,096782,6
40230,2774,قنات ر زنگل,096784,6
40231,2774,قنات سامان,096785,6
40232,2774,قنات فرخ,096786,6
40233,2774,قنات مهدی,096787,6
40234,2774,قنات میری,096788,6
40235,2774,کشکوییه,096797,6
40236,2774,کمیه,096799,6
40237,2774,کهریز,096802,6
40238,2774,کهنوج سادات,096803,6
40239,2774,کهنوج شاهرخی,096804,6
40240,2774,گردوچوب,096806,6
40241,2774,گردین,096807,6
40242,2774,گلوگاه,096809,6
40243,2774,مسجد,096816,6
40244,2774,مورگوران,096818,6
40245,2774,موروییه,096819,6
40246,2774,ناران,096821,6
40247,2774,نقشوییه,096822,6
40248,2774,نمچ,096823,6
40249,2774,نهرکمال (اسفارچ ),096824,6
40250,2774,ده داودی,266322,6
40251,2774,جوزوییه,381012,6
40252,2774,جودوپولاد,381013,6
40253,2774,قل گون,381018,6
40254,2774,زارچوییه2,381019,6
40255,2774,قنات جلال,381020,6
40256,2774,سرگدار,381026,6
40257,2774,سزون,381028,6
40258,2774,پای درم,381029,6
40259,2774,پودنه گره,381030,6
40260,2774,سیبستان سفلی,381031,6
40261,2774,بدیجان,381032,6
40262,2774,گردودل گست,381033,6
40263,2774,درآسیاب,381034,6
40264,2774,اشکفتوییه,381035,6
40265,2774,هوشوییه,381036,6
40266,2774,کل معدنوییه,381037,6
40267,2774,دهنو,381038,6
40268,2774,پای سرخ,381039,6
40269,2774,سنگ زین,381040,6
40270,2774,تم گلاب,381041,6
40271,2774,بلفردی سفلی,381042,6
40272,2774,ماژدنوییه,381043,6
40273,2774,باب میشان بالا,381046,6
40274,2774,دره آخوند,381055,6
40275,2774,تنگ قاضی,381056,6
40276,2774,سرکویران,381057,6
40277,2774,شیون,381058,6
40278,2774,غلامان,381059,6
40279,2774,استان,381061,6
40280,2774,دره گل,381065,6
40281,2774,پشته کهور,381066,6
40282,2774,تان انار,381069,6
40283,2774,هینگری,381072,6
40284,2774,تنگ انارپا,381074,6
40285,2774,باغ خورشیدی,381075,6
40286,2774,گترسک,381076,6
40287,2774,تخت قیصر,381078,6
40288,2774,قلندری2,381079,6
40289,2774,زمین طاغوک,381080,6
40290,2774,کاکااحمدی,381081,6
40291,2774,ماشی,381082,6
40292,2774,باغ میری,381086,6
40293,2774,دره تنگ,381089,6
40294,2774,اسپیدهکان,381091,6
40295,2774,باغ درآسیاب,381093,6
40296,2774,سفری,381094,6
40297,2774,عبدل عالی,381095,6
40298,2774,آبدان,381096,6
40299,2774,دورودخانه ای,381097,6
40300,2774,خمروتونیه,381098,6
40301,2774,گل تلخونیه,381099,6
40302,2774,تماستنه,381100,6
40303,2774,تیتونیه,381101,6
40304,2774,دره نیل,381102,6
40305,2774,بندر,381103,6
40306,2774,گردوحسین,381104,6
40307,2774,تنگ طاویق,383725,6
40308,2774,خانمان,384097,6
40309,2774,بغل,384108,6
40310,2774,شغینوییه,384109,6
40311,2774,کلاب,384110,6
40312,2774,کمشکوییه,384112,6
40313,2774,ده بلوچ,384113,6
40314,2774,چهل تایی,384114,6
40315,2774,مزرعه باغ دالخونی,808200,6
40316,2774,امامزاده سیدحسین کرنگ,808566,6
40317,2774,پیلوییه,808567,6
40318,2775,تیتان,092851,6
40319,2775,زریا,092872,6
40320,2775,احمدابادسلمانی,096648,6
40321,2775,امردوییه1,096654,6
40322,2775,امرودوییه 2,096655,6
40323,2775,اورس مراد,096658,6
40324,2775,باب صفحه,096669,6
40325,2775,باب گرگ,096672,6
40326,2775,باب ماران,096674,6
40327,2775,بابیدان,096675,6
40328,2775,باغوییه,096677,6
40329,2775,باقله چار,096683,6
40330,2775,بیدک,096691,6
40331,2775,پایین درب پایین,096693,6
40332,2775,پایین درب بالا,096695,6
40333,2775,جنگاه,096707,6
40334,2775,چکرچمن,096711,6
40335,2775,حیات قلی,096715,6
40336,2775,خانه مرغزار,096721,6
40337,2775,خوکستان,096725,6
40338,2775,دولت آباد,096733,6
40339,2775,رنگوییه,096741,6
40340,2775,رودخانه,096742,6
40341,2775,زارجوییه,096744,6
40342,2775,زرکشت,096746,6
40343,2775,سبزه بلوچی,096749,6
40344,2775,سنجدوییه,096752,6
40345,2775,سنگدان,096754,6
40346,2775,سنگنوشت,096755,6
40347,2775,سیف آباد,096760,6
40348,2775,سیف آباد موقوفه,096761,6
40349,2775,صاحب آباد,096767,6
40350,2775,علی اکبری,096771,6
40351,2775,قلاتوییه,096776,6
40352,2775,قنات بید,096781,6
40353,2775,قنات والی,096789,6
40354,2775,قناد,096790,6
40355,2775,کاه گان,096791,6
40356,2775,کم کاجی سفلی,096793,6
40357,2775,کم کاجی علیا,096794,6
40358,2775,کدرنگ,096795,6
40359,2775,کنزته,096801,6
40360,2775,گلواچنو,096808,6
40361,2775,لکت,096811,6
40362,2775,محمدسعیدی,096813,6
40363,2775,ملک آباد,096817,6
40364,2775,مهدی آباد,096820,6
40365,2775,هیجوییه,096827,6
40366,2775,یونجه چار,096828,6
40367,2775,آبگرم,097101,6
40368,2775,اسپاسویه,097102,6
40369,2775,اسپوت,097103,6
40370,2775,انارشیرین,097104,6
40371,2775,باب خرسم (درخرسه ),097105,6
40372,2775,باغگگ,097106,6
40373,2775,باغ بالا,097107,6
40374,2775,بش بید,097108,6
40375,2775,بن شصت,097109,6
40376,2775,بنه بزرگ,097110,6
40377,2775,بنه گونی,097111,6
40378,2775,بهاب,097112,6
40379,2775,بیدترسک,097113,6
40380,2775,بیدزاغ,097114,6
40381,2775,پایین,097116,6
40382,2775,تهنگ,097117,6
40383,2775,غریب شاهی,097118,6
40384,2775,جوشین,097119,6
40385,2775,چاهان,097120,6
40386,2775,چرخ آب,097121,6
40387,2775,چنارتره,097122,6
40388,2775,حاجی آباد,097123,6
40389,2775,حسین آباد1,097124,6
40390,2775,حسین آباد2,097125,6
40391,2775,حسین آباد خانه سرخ,097126,6
40392,2775,حسین آبادسرگدار,097127,6
40393,2775,خواجه احمد,097128,6
40394,2775,خیاری,097129,6
40395,2775,درپرنگوه,097130,6
40396,2775,درشک,097131,6
40397,2775,دوچار,097132,6
40398,2775,دودران,097133,6
40399,2775,دودل,097134,6
40400,2775,دوکستان,097135,6
40401,2775,ده خدر,097136,6
40402,2775,ده دومند,097137,6
40403,2775,ده قریه,097138,6
40404,2775,ده نوروز,097139,6
40405,2775,ریتون,097140,6
40406,2775,ریکورود,097141,6
40407,2775,ری کورودگنبد,097142,6
40408,2775,زمین سرو,097143,6
40409,2775,سراب,097144,6
40410,2775,سردر,097145,6
40411,2775,سرشصت,097146,6
40412,2775,سرکپ,097147,6
40413,2775,سروعروق,097148,6
40414,2775,سنگ زرد,097149,6
40415,2775,سوسکان,097150,6
40416,2775,علیشاهی,097151,6
40417,2775,فکرآباد,097153,6
40418,2775,قنات کمان,097154,6
40419,2775,قنبرآباد,097155,6
40420,2775,کایین,097156,6
40421,2775,کچنگان,097157,6
40422,2775,کرپا,097158,6
40423,2775,کلیکویه,097159,6
40424,2775,کنگرستان,097160,6
40425,2775,کوشکین,097161,6
40426,2775,کوهین,097162,6
40427,2775,کویرک,097163,6
40428,2775,گازروییه,097164,6
40429,2775,گردوچوب,097165,6
40430,2775,گردون,097166,6
40431,2775,گرگاب علیا,097167,6
40432,2775,گرگاب سفلی,097168,6
40433,2775,گرک,097169,6
40434,2775,گروییه,097170,6
40435,2775,گل موران,097171,6
40436,2775,گنبدبهرام,097172,6
40437,2775,گورسفلی,097173,6
40438,2775,گورعلیا,097174,6
40439,2775,گوشنگر,097175,6
40440,2775,کریگان (گویگان ),097176,6
40441,2775,گیلومند,097177,6
40442,2775,لشکر,097178,6
40443,2775,لگوری,097179,6
40444,2775,ناوی شصت,097181,6
40445,2775,هنگرپیاز,097183,6
40446,2775,لکت سفلی,381105,6
40447,2775,لکت وسط,381106,6
40448,2775,گردچشمه,381107,6
40449,2775,نصرت آباد,381109,6
40450,2775,توکل آباد,381110,6
40451,2775,شاخ چنار,381111,6
40452,2775,باب گرگی,384116,6
40453,2775,حکمت آباد,384686,6
40454,2775,قنات بیکن,384687,6
40455,2775,بیدوری,384688,6
40456,2775,نریگ آباد,384689,6
40457,2775,آدوری,384769,6
40458,2775,سربریده ای,384770,6
40459,2776,براورسان,094668,6
40460,2776,تمنوییه,094684,6
40461,2776,تودان,094685,6
40462,2776,جونسک,094692,6
40463,2776,رودآب,094709,6
40464,2776,شش تک,094724,6
40465,2776,کنگرستان,094733,6
40466,2776,کهنوج,094735,6
40467,2776,گغاز,094736,6
40468,2776,گل سنگ,094742,6
40469,2776,آب سردو,095445,6
40470,2776,آبدان,095446,6
40471,2776,آبگرین,095453,6
40472,2776,آدر,095454,6
40473,2776,آستانه,095457,6
40474,2776,اسفندان,095459,6
40475,2776,اسفندوییه سفلی,095460,6
40476,2776,اناروییه 1,095472,6
40477,2776,اناروییه 2,095473,6
40478,2776,باغ کوچک,095477,6
40479,2776,باغ نقشین,095488,6
40480,2776,باغ نو,095489,6
40481,2776,بندمغ,095491,6
40482,2776,بن کوه سفلی,095493,6
40483,2776,بن کوه علیا,095494,6
40484,2776,بنه رضوان,095495,6
40485,2776,بنه صندوق,095497,6
40486,2776,بیدانگشتله,095500,6
40487,2776,بیدشک,095502,6
40488,2776,پاتمها,095504,6
40489,2776,پارپاروییه,095505,6
40490,2776,پاقلعه,095507,6
40491,2776,پتکوه,095509,6
40492,2776,پیدافک,095513,6
40493,2776,جکها,095525,6
40494,2776,جگان,095526,6
40495,2776,جوادآباد,095530,6
40496,2776,چشمه باروتی,095535,6
40497,2776,حیشین سفلی,095549,6
40498,2776,دربیدان,095554,6
40499,2776,درحمزه,095557,6
40500,2776,درکوچان,095563,6
40501,2776,دروجین,095565,6
40502,2776,دمه,095571,6
40503,2776,ده بان سفلی,095575,6
40504,2776,ده بان علیا,095576,6
40505,2776,ردکوه,095586,6
40506,2776,زارچ رامین,095591,6
40507,2776,سرآسیاب,095598,6
40508,2776,سرجنگل,095604,6
40509,2776,سردربید,095606,6
40510,2776,سرگلوی سرآسیاب,095610,6
40511,2776,سنجلدر,095616,6
40512,2776,سوریدان,095618,6
40513,2776,شکم کهور,095620,6
40514,2776,طت,095629,6
40515,2776,طغرکان علیا,095630,6
40516,2776,عبداله آباد,095633,6
40517,2776,علی آباد,095635,6
40518,2776,کرنگ,095652,6
40519,2776,کروگان,095653,6
40520,2776,گلدان,095655,6
40521,2776,کندک,095659,6
40522,2776,کواروییه,095664,6
40523,2776,کهنگوییه,095667,6
40524,2776,گردوچهارشنبه,095681,6
40525,2776,گرمشک,095683,6
40526,2776,کلوگنده,095689,6
40527,2776,لجاری سفلی,095704,6
40528,2776,میجان سفلی,095712,6
40529,2776,میجان علیا,095713,6
40530,2776,ندوییه سفلی,095719,6
40531,2776,چاه راهون,381208,6
40532,2776,دهنوپیزنگو,381209,6
40533,2776,جنگو,381210,6
40534,2776,ده درزه,381211,6
40535,2776,بندر پیرشاهی,381212,6
40536,2776,درچنار(1),381213,6
40537,2776,گدوکان,381214,6
40538,2776,گوذر,381215,6
40539,2776,کم پل,381216,6
40540,2776,کشیت,381217,6
40541,2776,سنگ اسپید,381218,6
40542,2776,مغنداری,381219,6
40543,2776,طغرکان سفلی,381220,6
40544,2776,بختکی,381222,6
40545,2776,سرشام,381223,6
40546,2776,سردرو,381224,6
40547,2776,قنبری,381225,6
40548,2776,پشت بام سفلی,381226,6
40549,2776,پشت بام علیا,381227,6
40550,2776,ارگین,381228,6
40551,2776,گاورسان,381229,6
40552,2776,لجاری علیا,381230,6
40553,2776,انجیرمغک,381231,6
40554,2776,کت خرس,381232,6
40555,2776,الله آباد,381233,6
40556,2776,سنگ کبوتران,381234,6
40557,2776,برفه ها,381236,6
40558,2776,کنارباغ,381237,6
40559,2776,شاداب,381238,6
40560,2776,شیرین کنار,381239,6
40561,2776,ریگ آباد,381240,6
40562,2776,دره کبک,381241,6
40563,2776,گلوتم,381243,6
40564,2776,خاک شاهی,381244,6
40565,2776,ندوییه میانی,381245,6
40566,2776,ندوییه علیا,381246,6
40567,2776,حشین علیا,381248,6
40568,2776,پشته حصار,381250,6
40569,2776,میجان میانی,381251,6
40570,2776,باب لولیان,381252,6
40571,2776,در چنار(2),381254,6
40572,2776,دررز,381256,6
40573,2776,شلغم چار,381257,6
40574,2776,کبابچار,381258,6
40575,2776,تنیروییه,381259,6
40576,2776,انارستان,381261,6
40577,2776,درگرج,385139,6
40578,2777,باغ بید,094666,6
40579,2777,بجگی,094667,6
40580,2777,پاکوهک,094673,6
40581,2777,پاگدار,094674,6
40582,2777,پس لنگر,094677,6
40583,2777,پشته پشت,094680,6
40584,2777,جشار,094687,6
40585,2777,جمینو,094688,6
40586,2777,جوزرگاه,094689,6
40587,2777,جوزورک,094690,6
40588,2777,جوزوییه 1,094691,6
40589,2777,درم رود,094696,6
40590,2777,درفیزگوییه,094698,6
40591,2777,رودخونی,094710,6
40592,2777,شغل آباد,094723,6
40593,2777,شیب ده,094725,6
40594,2777,قنات سرخ,094727,6
40595,2777,گست پهن,094739,6
40596,2777,آب گرمو,095452,6
40597,2777,اسپریگون,095456,6
40598,2777,آستانه,095458,6
40599,2777,امیر آباد,095466,6
40600,2777,امیرآبادسفلی,095467,6
40601,2777,انارسرخ پوست,095469,6
40602,2777,انجیرسیاه علیا,095474,6
40603,2777,انجیرسیکان پایین,095475,6
40604,2777,آهنگران,095476,6
40605,2777,بادام,095479,6
40606,2777,باغ خالقی,095483,6
40607,2777,باغ مزار,095487,6
40608,2777,بزمیری,095490,6
40609,2777,بنستان,095492,6
40610,2777,بنه سیرون چار,095496,6
40611,2777,بیدسیاه,095501,6
40612,2777,بیدلنگ,095503,6
40613,2777,پشموکی,095512,6
40614,2777,پیدنگوییه,095514,6
40615,2777,پی گل,095516,6
40616,2777,تخت سلطان,095517,6
40617,2777,جنگل توت,095529,6
40618,2777,جوزوییه 2,095533,6
40619,2777,چشمه دزدی,095537,6
40620,2777,چنار,095538,6
40621,2777,حسین آباد,095547,6
40622,2777,خون سرخ,095550,6
40623,2777,دربرد,095552,6
40624,2777,دربید,095553,6
40625,2777,دردسک,095558,6
40626,2777,دره زو,095566,6
40627,2777,دوکدان,095572,6
40628,2777,دو مار میانی,095574,6
40629,2777,ده رضاامیر,095579,6
40630,2777,ده عباسی,095580,6
40631,2777,ده نو زنگیان,095583,6
40632,2777,ریگ آباد,095589,6
40633,2777,زارین,095592,6
40634,2777,زرین خول,095593,6
40635,2777,سرجنگل,095603,6
40636,2777,سردرمهر,095607,6
40637,2777,سروتمین,095612,6
40638,2777,سغدر,095614,6
40639,2777,سنگ بری,095617,6
40640,2777,شکرک,095621,6
40641,2777,شه دراز,095622,6
40642,2777,شیخ آباد,095623,6
40643,2777,شیردر,095625,6
40644,2777,طاویقو,095628,6
40645,2777,عارف آباد,095632,6
40646,2777,قلعه بیدان,095637,6
40647,2777,قندوییه,095642,6
40648,2777,کرجوک,095648,6
40649,2777,کرچیسکا,095649,6
40650,2777,گرگاز,095650,6
40651,2777,کرنگان,095651,6
40652,2777,کلکوهی,095656,6
40653,2777,کنزرک,095660,6
40654,2777,کوشکوییه,095665,6
40655,2777,کهور,095670,6
40656,2777,گاو تنور,095671,6
40657,2777,گاورسوییه,095672,6
40658,2777,گاوستان,095673,6
40659,2777,گدار زرد,095677,6
40660,2777,گراغان تنگان,095680,6
40661,2777,گردین,095682,6
40662,2777,گل گنجکی,095687,6
40663,2777,گندم دزدی,095691,6
40664,2777,گوریت,095697,6
40665,2777,گوهرج,095699,6
40666,2777,گیشکان,095702,6
40667,2777,ناصرآباد,095717,6
40668,2777,حاجی آباد2,095732,6
40669,2777,ریگو,381175,6
40670,2777,هوان,381176,6
40671,2777,قاسم آباد,381177,6
40672,2777,انار دختران,381179,6
40673,2777,باغهای ملک شاهی,381180,6
40674,2777,جوچار,381181,6
40675,2777,دو مار علیا,381182,6
40676,2777,دو مار سفلی,381183,6
40677,2777,پتنها,381184,6
40678,2777,چهاردیوار,381186,6
40679,2777,چنارپیدنگوییه,381187,6
40680,2777,مزرعه علی مرادی,381189,6
40681,2777,تنگلی,381192,6
40682,2777,سرنومیان پلی,381193,6
40683,2777,کارگاه بلوک زنی احمدمشایخی,381195,6
40684,2777,باراره,381196,6
40685,2777,آب گرم,381197,6
40686,2777,مزرعه 22بهمن,381198,6
40687,2777,کلوک احمدآباد,381199,6
40688,2777,انجیرسیکان بالا,381200,6
40689,2777,شرکت تعاونی هلیل2,381201,6
40690,2777,قهوه خانه اسلامی,381202,6
40691,2777,شیش یکی,381203,6
40692,2777,انجیرسیاه سفلی,381205,6
40693,2777,صالح آباد,381207,6
40694,2777,قنات حبیب الله,384681,6
40695,2777,درشکسته,384683,6
40696,2777,درویش آباد,384684,6
40697,2777,حاجی آباد,384757,6
40698,2778,آبدنبال,095447,6
40699,2778,آبگرم1,095448,6
40700,2778,آبگرم,095449,6
40701,2778,اشنیگان,095462,6
40702,2778,افراز,095463,6
40703,2778,الب آباد,095464,6
40704,2778,امیرآباد,095465,6
40705,2778,انارشیرین1,095470,6
40706,2778,انارشیرین2,095471,6
40707,2778,بادام دان,095478,6
40708,2778,باغ انار,095480,6
40709,2778,باغ بالا,095481,6
40710,2778,باغ بغل,095482,6
40711,2778,باغ زهرا,095484,6
40712,2778,باغ مروارید,095486,6
40713,2778,بنه گلان,095498,6
40714,2778,پاگدار,095508,6
40715,2778,پتنا,095510,6
40716,2778,پشتقلعه,095511,6
40717,2778,ترشوپایین,095518,6
40718,2778,تنگدره,095519,6
40719,2778,توت 1,095521,6
40720,2778,تودرک,095522,6
40721,2778,توکل آباد,095523,6
40722,2778,تیگرد,095524,6
40723,2778,جوزکر,095531,6
40724,2778,جوزناوان,095532,6
40725,2778,جوزوییه,095534,6
40726,2778,چشمه بیدو,095536,6
40727,2778,چنار,095539,6
40728,2778,چناری,095541,6
40729,2778,چنگالی,095542,6
40730,2778,حاجی آباد,095543,6
40731,2778,حسن آباد,095545,6
40732,2778,حسین آباد,095546,6
40733,2778,حیدری,095548,6
40734,2778,دربیدان,095555,6
40735,2778,درپتک,095556,6
40736,2778,درریگان,095559,6
40737,2778,درزار چوب1,095560,6
40738,2778,درزنگوییه,095561,6
40739,2778,درکجین,095562,6
40740,2778,درودگو,095564,6
40741,2778,دستگرد,095568,6
40742,2778,دشتروان,095569,6
40743,2778,دشتکار,095570,6
40744,2778,ده لولی,095577,6
40745,2778,دهنو1,095582,6
40746,2778,رشتین,095587,6
40747,2778,رشنوییه,095588,6
40748,2778,ریگ آباد,095590,6
40749,2778,ساویدان,095596,6
40750,2778,سراب,095597,6
40751,2778,سربند,095599,6
40752,2778,سربندکسور,095600,6
40753,2778,سرپشته,095601,6
40754,2778,سرتنگوییه,095602,6
40755,2778,سرچشمه,095605,6
40756,2778,سردروییه,095608,6
40757,2778,سرزه,095609,6
40758,2778,سرموران,095611,6
40759,2778,سرهنگر,095613,6
40760,2778,شیراندر,095624,6
40761,2778,شیمی زوییه,095626,6
40762,2778,صالح,095627,6
40763,2778,علی آباد,095634,6
40764,2778,قلعه پلاسی,095638,6
40765,2778,قلعه نو,095639,6
40766,2778,قنات زه,095640,6
40767,2778,قنات سیاه,095641,6
40768,2778,کاسه اشکن,095643,6
40769,2778,کت خرس,095644,6
40770,2778,کم گردو,095646,6
40771,2778,کرگیشا,095647,6
40772,2778,کشکوران,095654,6
40773,2778,کنارک,095658,6
40774,2778,کنگری,095663,6
40775,2778,کهکومو,095666,6
40776,2778,کهنو,095668,6
40777,2778,گاوکان باغ,095674,6
40778,2778,گاوکان گوران,095675,6
40779,2778,گدار اناران,095676,6
40780,2778,گدار زرد کلپورا,095678,6
40781,2778,گراغان بالا,095679,6
40782,2778,گروه,095684,6
40783,2778,گزماند,095685,6
40784,2778,گمین,095690,6
40785,2778,گودگلها,095693,6
40786,2778,گودمغک,095694,6
40787,2778,گور بیژن,095695,6
40788,2778,گوشیندر,095698,6
40789,2778,گهیوستان,095700,6
40790,2778,گیشا,095701,6
40791,2778,گیومرد,095703,6
40792,2778,ماری بوجیل,095706,6
40793,2778,مرغک سیم,095708,6
40794,2778,مهرگان,095709,6
40795,2778,میان ده,095711,6
40796,2778,می میچ,095715,6
40797,2778,نارنج قلعه,095716,6
40798,2778,ناویله,095718,6
40799,2778,نهرخاتون,095720,6
40800,2778,یزدکی,095721,6
40801,2778,کل مریدان,095722,6
40802,2778,گودسرخ,095723,6
40803,2778,دولنگ بند,095724,6
40804,2778,دست گازان /دشت گازران /,095725,6
40805,2778,کمال آباد,095726,6
40806,2778,توت 2,266333,6
40807,2778,ده بک,381132,6
40808,2778,کت باد,381133,6
40809,2778,ترشوبالا,381135,6
40810,2778,خرم آباد,381136,6
40811,2778,چنگاری,381137,6
40812,2778,انجیرستان,381138,6
40813,2778,چنارسوخته,381139,6
40814,2778,باغ چوب قندی,381140,6
40815,2778,انارشیرین3,381141,6
40816,2778,آب باد,381142,6
40817,2778,دست گردو,381143,6
40818,2778,مزرعه استخراب,381155,6
40819,2778,سیکوری,381156,6
40820,2778,خلیل آباد,381157,6
40821,2778,اسلام آباد,381158,6
40822,2778,چشمه زارچ,381159,6
40823,2778,بنه کهن,381160,6
40824,2778,زیارتگاه ابوالفضل,381161,6
40825,2778,دره گلیلا,381163,6
40826,2778,باسته,381164,6
40827,2778,تیتوزگری,381165,6
40828,2778,گشوردون,381170,6
40829,2778,درزار چوب2,381172,6
40830,2778,باغ کلمی,381174,6
40831,2778,طاغوکا,384099,6
40832,2778,خاتون آباد,384100,6
40833,2778,کل بندان,384101,6
40834,2778,سیاه کم2,384102,6
40835,2778,باغ انجیر,384158,6
40836,2778,دهنو2,384159,6
40837,2778,جوییوییه,384682,6
40838,2778,چشمه گرم,385140,6
40839,2778,ده گدار,808197,6
40840,2778,روستای شهید سعیدی,808210,6
40841,2779,ابوذریه,097440,6
40842,2779,اله آباد رضوان,097443,6
40843,2779,اله آباد سید,097445,6
40844,2779,علاالدینی علیا,097458,6
40845,2779,علاالدین سفلی,097459,6
40846,2779,اشرف آباد,097893,6
40847,2779,بهرامی سفلی,097898,6
40848,2779,بهرامی علیا,097899,6
40849,2779,چمن,097906,6
40850,2779,چهارگاوبندی,097907,6
40851,2779,حسین آباد چکری,097908,6
40852,2779,حسین آباد زیرکی,097909,6
40853,2779,دوبنه,097911,6
40854,2779,ده پیش سفلی,097913,6
40855,2779,ده پیش علیا,097914,6
40856,2779,ده چیل,097915,6
40857,2779,سرونی سفلی,097922,6
40858,2779,سرونی علیا,097923,6
40859,2779,کهور آباد,097931,6
40860,2779,گاشلخی,097932,6
40861,2779,مختارآباد,097934,6
40862,2779,مرادآباد,097935,6
40863,2779,نعل بندی,097939,6
40864,2779,چاهک,098081,6
40865,2779,دریاچه,098092,6
40866,2779,رومرزسفلی,098095,6
40867,2779,رومرزعلیا,098096,6
40868,2779,اسلام آباد,266335,6
40869,2779,پرورش ماهی,381294,6
40870,2779,کنارکچ,381297,6
40871,2779,شرکت فرتام,381298,6
40872,2779,خدنگ,383734,6
40873,2779,قاسم آباد,808559,6
40874,2780,چینه هوکرد,097551,6
40875,2780,ده شیخ مرغزی,097557,6
40876,2780,گزآباد,097586,6
40877,2780,هوکرد,097603,6
40878,2780,ابراهیم آباد,097680,6
40879,2780,باغبابوییه,097682,6
40880,2780,بیژن آباد,097683,6
40881,2780,پاتلی,097684,6
40882,2780,جهاد آباد,097687,6
40883,2780,حشرآباد,097689,6
40884,2780,خاتون آباد,097690,6
40885,2780,ده گزی,097691,6
40886,2780,زنگیان,097693,6
40887,2780,عشرت آباد,097697,6
40888,2780,کلاب صوفیان علیا,097701,6
40889,2780,کلاب صوفیان سفلی,097702,6
40890,2780,ماران قلعه,097705,6
40891,2780,مارمرد,097706,6
40892,2780,جمتان,097904,6
40893,2781,باقر آباد,097896,6
40894,2781,باقر آباد طباطبایی,097897,6
40895,2781,بیدخیری,097900,6
40896,2781,پشت مرز,097901,6
40897,2781,تمگاوان,097902,6
40898,2781,جلال آباد,097903,6
40899,2781,جنگل آباد بالا,097905,6
40900,2781,دشتکوچ پایین,097910,6
40901,2781,دولت آباد,097912,6
40902,2781,ده شیخ سلطان عبداله,097916,6
40903,2781,ده کران,097917,6
40904,2781,دهنواملاک,097918,6
40905,2781,زاویه,097920,6
40906,2781,ساغری,097921,6
40907,2781,طوحان,097925,6
40908,2781,عبدل آباد,097927,6
40909,2781,قنات کلانتر,097929,6
40910,2781,کهنک,097930,6
40911,2781,گز آباد,097933,6
40912,2781,میان ده,097938,6
40913,2781,مشاع عشایری شماره 2,381268,6
40914,2781,مشاع عشایری شماره 1,381270,6
40915,2781,کهورکلاغ,381278,6
40916,2781,روستای ملاوی,381282,6
40917,2781,جنگل آباد پایین,381287,6
40918,2781,رضی آباد,381288,6
40919,2781,دشت کوچ بالا,381293,6
40920,2782,آبشوران,097531,6
40921,2782,احمدآباد,097532,6
40922,2782,احمدآباد,097533,6
40923,2782,اکبرآباد,097535,6
40924,2782,امیریه سنگ بلند,097536,6
40925,2782,انجیربوغه,097537,6
40926,2782,آهوگان,097538,6
40927,2782,باغ سیف اله,097539,6
40928,2782,بلقیس آباد,097540,6
40929,2782,بندسراجی,097541,6
40930,2782,بهجرد سفلی,097542,6
40931,2782,بهجردبالا,097543,6
40932,2782,پنکان,097545,6
40933,2782,پروند,097546,6
40934,2782,پشتلر,097547,6
40935,2782,جگاه,097548,6
40936,2782,چاه مزنگان,097549,6
40937,2782,حسین آباد,097552,6
40938,2782,دال خوش دان,097553,6
40939,2782,درگزی,097554,6
40940,2782,دن زک,097556,6
40941,2782,زینل آباد,097561,6
40942,2782,سرگز,097562,6
40943,2782,سرنراب,097563,6
40944,2782,سلمانیه,097564,6
40945,2782,سنگ دان,097565,6
40946,2782,شرکت ایرانی,097567,6
40947,2782,شوروییه,097568,6
40948,2782,عاشقان,097570,6
40949,2782,عباس آباد,097571,6
40950,2782,علی آباد,097573,6
40951,2782,عنایت آباد,097574,6
40952,2782,قلعه گبری,097575,6
40953,2782,قلعه نو,097576,6
40954,2782,قیصریه,097577,6
40955,2782,کم گینوییه,097579,6
40956,2782,کل قنبر,097581,6
40957,2782,کوه نیمه,097583,6
40958,2782,گالجتو,097584,6
40959,2782,گناب,097589,6
40960,2782,گندرجهل,097590,6
40961,2782,مارون گلو,097592,6
40962,2782,محمودی,097593,6
40963,2782,مزرعه شهیدبهشتی,097594,6
40964,2782,مظفر آباد,097595,6
40965,2782,ملک آباد,097596,6
40966,2782,مهدی آباد,097597,6
40967,2782,نارجو,097598,6
40968,2782,نجف آباد,097599,6
40969,2782,نرابی,097600,6
40970,2782,یاغی بیگی,097604,6
40971,2782,دماغ کرم,097605,6
40972,2782,اله آباد ولی,097894,6
40973,2782,مگسی,097937,6
40974,2782,منصور آباد,381341,6
40975,2782,معدن شن وسنگ وماسه,381349,6
40976,2782,فرودگاه,381358,6
40977,2782,کارگاه شرکت ساختمانی,381362,6
40978,2782,سد,381365,6
40979,2782,کل جودون,381371,6
40980,2782,هوردان,381372,6
40981,2782,آب بید,381373,6
40982,2782,چاله,381376,6
40983,2782,آبنیان,381377,6
40984,2782,گرم,384735,6
40985,2782,مشاع مراد رمضانی,385058,6
40986,2782,حشمت آباد,385059,6
40987,2782,طرح گلخانه ای آقای افتخاری,385060,6
40988,2782,خالق آباد,808639,6
40989,2783,اسماعیل آباد,097329,6
40990,2783,اسماعیلی سفلی,097330,6
40991,2783,اسماعیلی علیا,097331,6
40992,2783,اکبر آباد بهرامی,097332,6
40993,2783,اکبرآباد حمزه ای,097333,6
40994,2783,اکبر آباد وزیری,097334,6
40995,2783,ایزدآباد,097337,6
40996,2783,جنگل آباد,097341,6
40997,2783,حجت آباد,097342,6
40998,2783,چیل آباد,097344,6
40999,2783,حسن آباد,097345,6
41000,2783,حسین آباد علیا,097347,6
41001,2783,داروییه,097351,6
41002,2783,دولت آباد,097353,6
41003,2783,رستم آباد,097354,6
41004,2783,رضا آباد,097355,6
41005,2783,سعید آباد سفلی,097356,6
41006,2783,سعیدآباد علیا,097357,6
41007,2783,سلطان آباد,097358,6
41008,2783,سمک,097359,6
41009,2783,سید آباد,097360,6
41010,2783,علی آباد,097363,6
41011,2783,علی آباد سادات,097364,6
41012,2783,فتح آباد,097365,6
41013,2783,فرخ آباد,097366,6
41014,2783,کروییه,097369,6
41015,2783,کل قنبر,097370,6
41016,2783,کهن,097371,6
41017,2783,کهن پنچرک,097372,6
41018,2783,گلن آباد,097374,6
41019,2783,محمدآباد,097375,6
41020,2783,محمد آباد علیا,097377,6
41021,2783,مراد آباد,097379,6
41022,2783,مرسل آباد,097380,6
41023,2783,مطاع,097381,6
41024,2783,نور آباد,097382,6
41025,2783,چشمه دارویی,381418,6
41026,2783,داروییه بالا,381421,6
41027,2783,مشاع 1شیخ علی ارمغان,381422,6
41028,2783,مشاع رمضان راستا,381426,6
41029,2783,مشاع عباس سوغانی,381427,6
41030,2783,مشاع 4عباس امیری,381432,6
41031,2783,مشاع سیف اله دری,381434,6
41032,2783,مشاع عزیزباران,381435,6
41033,2783,مشاع عباس حیدری,381437,6
41034,2783,مشاع موسی خورشیدی,381438,6
41035,2783,موتورشریف دلیری,381439,6
41036,2783,موتومحمدسلیمانی,381440,6
41037,2783,موتورجهانشاهی,381444,6
41038,2783,الله آباد ابوسعیدی,381445,6
41039,2783,موتورعشایری حسن امیری,381451,6
41040,2783,موتورعشایری محمددژکام,383766,6
41041,2783,موتورعشایری علی امیری,383767,6
41042,2783,مشاع 1حجت خواجه حیدری,384084,6
41043,2783,مشاع 2علی لطفی,384085,6
41044,2783,مشاع 1محمودفلاح,384089,6
41045,2783,سی پاره,384117,6
41046,2783,مشاع عشایری مختارپورحاجبی,384162,6
41047,2783,مشاع علی علی آبادی,384692,6
41048,2783,نور آباد,384693,6
41049,2783,جان محمدی,385132,6
41050,2783,سالاریه,385133,6
41051,2784,آبگرم,097439,6
41052,2784,اکبر آباد,097441,6
41053,2784,اله آباددهقانی,097442,6
41054,2784,اله آبادسفلی,097444,6
41055,2784,اله آباد علیا,097446,6
41056,2784,بیگمان,097447,6
41057,2784,جنگل گرگی,097448,6
41058,2784,حسین آباد دهدار,097449,6
41059,2784,حسین آباد جدید,097450,6
41060,2784,دهنوشهسوارخان,097451,6
41061,2784,زحمت آباد,097453,6
41062,2784,سید آباد ایلخانی,097454,6
41063,2784,شریف آباد,097455,6
41064,2784,علی آباد خزایی علی آبادمارکی,097457,6
41065,2784,فتح آباد,097460,6
41066,2784,قایمیه,097461,6
41067,2784,قلعه کوچک,097462,6
41068,2784,کریم آبادسفلی,097464,6
41069,2784,کریم آبادعلیا,097465,6
41070,2784,کل آباد,097466,6
41071,2784,گزآبادمنوچهری,097467,6
41072,2784,گزصالح سفلی,097468,6
41073,2784,گزصالح علیا,097469,6
41074,2784,نور آباد,097481,6
41075,2784,ورامین,097482,6
41076,2784,آب برده,097990,6
41077,2784,حسن آباد نظریان,098002,6
41078,2784,حسین آباد هرندی,098004,6
41079,2784,امیرآبادبالا,098076,6
41080,2784,امیرآباد پایین,098077,6
41081,2784,کنارصندل,098107,6
41082,2784,تلمبه شهیدموسی افراسیابی,381307,6
41083,2784,تلمبه عشایری حسن کریمی,381314,6
41084,2784,تلمبه عشایری محمودی,381316,6
41085,2784,علی آباد,808730,6
41086,2785,آبگرم,097328,6
41087,2785,بهرام آباد,097339,6
41088,2785,جزفتن علیا,097340,6
41089,2785,چشمه طرج,097343,6
41090,2785,حیدر آباد,097348,6
41091,2785,خلیل آباد,097349,6
41092,2785,دران آباد,097352,6
41093,2785,طرج,097362,6
41094,2785,قدرت آباد,097367,6
41095,2785,کم حصل,097368,6
41096,2785,کهور آباد,097373,6
41097,2785,محمود آباد مظاهری,097378,6
41098,2785,آتشون علیا,097991,6
41099,2785,آتشون نامجو,097992,6
41100,2785,بلبلوکلانتر,097993,6
41101,2785,تاج آباد,097994,6
41102,2785,تل سیاه,097995,6
41103,2785,جزفتن سفلی,097996,6
41104,2785,جی هل,097999,6
41105,2785,حسن آباد1,098001,6
41106,2785,حسین آباد زین آباد,098003,6
41107,2785,دهنو فتح المبین,098005,6
41108,2785,رزق آباد,098007,6
41109,2785,زاروکی,098008,6
41110,2785,سمسیلوییه,098010,6
41111,2785,علی آباد,098012,6
41112,2785,قاسم آباد,098013,6
41113,2785,قرقطو,098014,6
41114,2785,قناتنو,098015,6
41115,2785,کنتکی,098016,6
41116,2785,کوگوییه,098017,6
41117,2785,کهنک شیبانی,098018,6
41118,2785,کهوربگی,098019,6
41119,2785,گرکوییه,098021,6
41120,2785,گنج آباد سفلی,098022,6
41121,2785,گنج آباد علیا,098023,6
41122,2785,لطف آباد,098024,6
41123,2785,محمودآباد طوله گیری,098025,6
41124,2785,محمدآبا دعنبری,098026,6
41125,2785,محمد آباد کلانتر,098027,6
41126,2785,موردان,098028,6
41127,2785,نصرت آباد,098029,6
41128,2785,نلینکوه,098030,6
41129,2785,حسین آباد مظفری,381455,6
41130,2785,ده گود,381456,6
41131,2785,مشاع 4محمودفلاح,381458,6
41132,2785,موتوررضاپزشک,381464,6
41133,2785,احمدآباد اسفندیاری,381473,6
41134,2785,مشاع رضاشیبانی,381477,6
41135,2785,مشاع درویش شیبانی,381478,6
41136,2785,مشاع مویدمهنی,381479,6
41137,2785,مشاع علی آبیاری,381480,6
41138,2785,مشاع عباس ذوالفقاری,381483,6
41139,2785,موتورحسن شجاع الدینی مشاع خیرآباد,384163,6
41140,2785,مشاع سیداکبرفاضلی,384164,6
41141,2785,جهاد آباد,808729,6
41142,2786,آبادگیشگی,096066,6
41143,2786,آبشور,096068,6
41144,2786,چناران2,096098,6
41145,2786,حسین آباد,096099,6
41146,2786,دولت آباد,096104,6
41147,2786,روده,096107,6
41148,2786,شور آباد,096121,6
41149,2786,قرقطوییه,096130,6
41150,2786,قنات نو,096131,6
41151,2786,کل صفایی,096136,6
41152,2786,کناروییه,096137,6
41153,2786,گک آباد,096140,6
41154,2786,گلوییه,096143,6
41155,2786,محمد آباد2,096149,6
41156,2786,هوشکوییه,096157,6
41157,2786,آسیاب,381382,6
41158,2786,قبر خاکی,381383,6
41159,2786,هاشمی,381384,6
41160,2786,تلمبه شمس الدین وشرکا,381392,6
41161,2786,آب ناروییه,384134,6
41162,2786,روستای عشایری گاوپران,808201,6
41163,2786,گروییه,808202,6
41164,2786,گیشکی,808624,6
41165,2786,قوچانی,808650,6
41166,2786,کنارخونی,808733,6
41167,2787,الله آباد,091270,6
41168,2787,خرکش,091285,6
41169,2787,چلو,091591,6
41170,2787,آبگرم,096069,6
41171,2787,انگرچاله,096071,6
41172,2787,ایستگاه مخابراتی,096072,6
41173,2787,باغ بیابان,096074,6
41174,2787,باغ ریکی,096076,6
41175,2787,باغ نایب,096077,6
41176,2787,باغ نظری,096078,6
41177,2787,بغبغوییه,096079,6
41178,2787,تاج آباد,096083,6
41179,2787,تربیت,096084,6
41180,2787,تمری,096085,6
41181,2787,غزالان,096086,6
41182,2787,جعفرآباد,096088,6
41183,2787,جنت,096089,6
41184,2787,جورکان,096090,6
41185,2787,چاه افغان1,096092,6
41186,2787,چلیتان,096095,6
41187,2787,چمک,096096,6
41188,2787,خمروتوییه,096100,6
41189,2787,دره بمی,096101,6
41190,2787,دوزخ دره,096102,6
41191,2787,دوغ آباد,096103,6
41192,2787,ده نظام,096106,6
41193,2787,زیارت حضرت عباس,096109,6
41194,2787,سرخوسفلی,096110,6
41195,2787,سرخوعلیا,096111,6
41196,2787,سرگز,096113,6
41197,2787,سرگزپایین,096114,6
41198,2787,سنگوییه,096117,6
41199,2787,طابیدر,096123,6
41200,2787,عباس آباد,096124,6
41201,2787,عشرت آباد,096125,6
41202,2787,عیش آباد,096127,6
41203,2787,فتح آباد,096128,6
41204,2787,فردوس,096129,6
41205,2787,کرمعلی,096133,6
41206,2787,کل زنگوییه,096135,6
41207,2787,گزدونوییه,096139,6
41208,2787,گلوسیاه,096141,6
41209,2787,گلی گز,096144,6
41210,2787,گودزران,096146,6
41211,2787,محمد آباد1,096148,6
41212,2787,مورتی,096155,6
41213,2787,گلی گزسفلی,381378,6
41214,2787,شموییه,381387,6
41215,2787,کل ابرسو,381388,6
41216,2787,درقنات,381389,6
41217,2787,سیدی,381390,6
41218,2787,تلمبه یارقلی ده و شرکا,381393,6
41219,2787,تلمبه نظری و شرکا,381395,6
41220,2787,تلمبه استرش و شرکا,381396,6
41221,2787,ساختمان مخابرات,381397,6
41222,2787,کلاغوییه,381398,6
41223,2787,آب بید1,381399,6
41224,2787,تلمبه مستضعفان,381400,6
41225,2787,میان ده,381401,6
41226,2787,بنه زنگار,381402,6
41227,2787,زارجوییه,381403,6
41228,2787,بیدو,381404,6
41229,2787,دره گرما,381405,6
41230,2787,برعرب,381413,6
41231,2787,درگز,381414,6
41232,2787,کریکوییه,385044,6
41233,2787,ناز دشت,808600,6
41234,2787,کوران,808731,6
41235,2787,سرگز علیا,808755,6
41236,2788,ابراهیم آباد حاجی,099711,6
41237,2788,اسلامیه,099714,6
41238,2788,اکبرآباد هجری,099715,6
41239,2788,اکبر آباد بالا,099716,6
41240,2788,اکبرآباد برخوردار,099717,6
41241,2788,بهروزیه,099722,6
41242,2788,تاج آباد کهنه,099723,6
41243,2788,تلمبه آب گلشن /موتورآب اشامیدنی /,099725,6
41244,2788,تلمبه غفوری,099729,6
41245,2788,تلمبه صفاییه زارعین,099735,6
41246,2788,تلمبه گلشن,099741,6
41247,2788,تلمبه محمدآباد,099743,6
41248,2788,تلمبه نهضت,099747,6
41249,2788,جعفرآباد,099750,6
41250,2788,حسین آباد علی اکبرخان,099753,6
41251,2788,دهنوجهانگیرخان,099758,6
41252,2788,رضا آباد,099759,6
41253,2788,رکن آباد,099760,6
41254,2788,عباس آباد آ غفور,099765,6
41255,2788,عسکریه,099769,6
41256,2788,علی آباد اسلامیه,099771,6
41257,2788,علی آباد شور,099772,6
41258,2788,عیش آباد,099774,6
41259,2788,فردوسیه,099777,6
41260,2788,قایمیه 2,099779,6
41261,2788,تاج آباد/کفاییه /,099784,6
41262,2788,محمودیه بهرامی,099794,6
41263,2788,محی آباد,099795,6
41264,2788,موسی آباد,099797,6
41265,2788,مهدی آبادمعاون,099800,6
41266,2788,تلمبه سرجنگلداری,100079,6
41267,2788,تلمبه عربی,100080,6
41268,2788,تلمبه احمدآباد1,100963,6
41269,2788,تلمبه اسلام آباد,100966,6
41270,2788,تلمبه بیست و دو بهمن,100986,6
41271,2788,تلمبه جلال آباد,100988,6
41272,2788,تلمبه حجت آباد,100992,6
41273,2788,تلمبه رضویه,101014,6
41274,2788,تلمبه سعیدآباد,101019,6
41275,2788,تلمبه عباس آباد آزادی,101030,6
41276,2788,جلال آباد,101067,6
41277,2788,چاه دریا,101073,6
41278,2788,حسن آباد چاه جعفر,101079,6
41279,2788,حسین آباد روح الله,101083,6
41280,2788,شور آب,101105,6
41281,2788,فدک,101118,6
41282,2788,محمدآباد رسول,101132,6
41283,2788,مهدیه,101142,6
41284,2788,هاشم آباد,101150,6
41285,2788,یحیی آباد,101153,6
41286,2788,تلمبه کشاورزان وحدت,381886,6
41287,2788,تلمبه احمدآباد2,381887,6
41288,2788,تلمبه اکبرآباد,381888,6
41289,2788,تلمبه رضا آباد,381893,6
41290,2788,لطف آباد شور,384377,6
41291,2788,قایمیه 1,384395,6
41292,2788,ابراهیم آباد شور,384408,6
41293,2788,محمدآباد مختار1,384594,6
41294,2789,احمدآباد رضوی,099477,6
41295,2789,اسدآباد,099479,6
41296,2789,تلمبه اسلام آباد کارگران,099481,6
41297,2789,تلمبه ابوالفضل,099491,6
41298,2789,تلمبه اکبراباداسلامی,099494,6
41299,2789,تلمبه حسن آباد گلدشت,099496,6
41300,2789,تلمبه سعادت,099499,6
