54305,3016,بزجانی,163349,6
54306,3016,پیازی,163351,6
54307,3016,پیازی بزرگ,163352,6
54308,3016,جعفر آباد,163356,6
54309,3016,جمران,163357,6
54310,3016,چرم,163361,6
54311,3016,چشمه مونس,163363,6
54312,3016,حاجی آباد,163365,6
54313,3016,حسن علی آباد,163368,6
54314,3016,حصارسرخ,163369,6
54315,3016,حکیم آباد,163370,6
54316,3016,درویش آباد,163374,6
54317,3016,ده نو,163377,6
54318,3016,ذکر آباد,163378,6
54319,3016,رحمت آباد,163379,6
54320,3016,زین پشت,163382,6
54321,3016,سعد آباد,163385,6
54322,3016,سهل آباد,163387,6
54323,3016,شورآب سفلی,163390,6
54324,3016,شوراب علیا,163391,6
54325,3016,شیرین آباد,163392,6
54326,3016,طالب آباد,163393,6
54327,3016,طوفال,163394,6
54328,3016,علی آباد,163396,6
54329,3016,کاریزمه,163402,6
54330,3016,کلاه بخش,163409,6
54331,3016,گلمی بالا,163413,6
54332,3016,گلمی پایین,163414,6
54333,3016,ماه کاریز,163417,6
54334,3016,مغول کش,163418,6
54335,3016,محسن آباد,163419,6
54336,3016,مراغه,163420,6
54337,3016,موسی آباد,163426,6
54338,3016,میرزا علی آباد,163427,6
54339,3016,هدایت آباد,163431,6
54340,3016,عنکه,397416,6
54341,3016,عیاض,541759,6
54342,3017,آب قلعه,163334,6
54343,3017,چشمه,163362,6
54344,3017,سنگ آتش,163386,6
54345,3017,فیض آباد,163399,6
54346,3017,گرد آلود / حجت آباد,163410,6
54347,3017,گنده چشمه / گندآب / قندآب,163416,6
54348,3017,ابکوه,164977,6
54349,3017,اقر سفلی,164984,6
54350,3017,اقر علیا,164985,6
54351,3017,بوته گز,165000,6
54352,3017,چاه کبوتری,165019,6
54353,3017,چشمه سیاگک,165037,6
54354,3017,چشمه علی,165038,6
54355,3017,چکاب,165041,6
54356,3017,حسین آباد قلعه سرخ,165049,6
54357,3017,کاریز دیکلن,165058,6
54358,3017,رباط حدیره,165060,6
54359,3017,عشق آباد,165083,6
54360,3017,علی آباد قرنه,165084,6
54361,3017,قصر,165090,6
54362,3017,قلعه نو فریمان,165094,6
54363,3017,کارخانه قند فریمان,165097,6
54364,3017,کلاته آخوند,165107,6
54365,3017,کلاته خوش,165110,6
54366,3017,کلاته سبز,165112,6
54367,3017,گرمه,165124,6
54368,3017,گله چشمه,165127,6
54369,3017,لوشاب فریمان,165133,6
54370,3017,نرگ,165144,6
54371,3017,هوس,165149,6
54372,3017,یحیی آباد,165150,6
54373,3017,شرکت ایران ملاس,397575,6
54374,3017,کاریز گلو,542899,6
54375,3017,مجتمع دامپروری شفق,809012,6
54376,3017,شهرک صنعتی فریمان,809013,6
54377,3018,ابری بالا,158053,6
54378,3018,ارون,158056,6
54379,3018,اسماعیل آباد,158057,6
54380,3018,آق بابا,158059,6
54381,3018,بالا جو,158067,6
54382,3018,بیرک بالا,158072,6
54383,3018,تکاب,158076,6
54384,3018,غنچه نی,158077,6
54385,3018,جاکولی,158078,6
54386,3018,جهان ملک,158083,6
54387,3018,چاقی / نیک آباد,158084,6
54388,3018,چاه اختر,158085,6
54389,3018,چاه ارباب,158086,6
54390,3018,چاه الهیار,158088,6
54391,3018,چاه بتاب,158089,6
54392,3018,چاه حیدر,158097,6
54393,3018,چاه رشید خان,158101,6
54394,3018,چاه ریخواب,158102,6
54395,3018,چاه سم,158103,6
54396,3018,چاه کاریز,158107,6
54397,3018,چاه کلور,158108,6
54398,3018,چاه لطفعلی,158109,6
54399,3018,چاه مجنگ,158110,6
54400,3018,چاه مستان,158113,6
54401,3018,چاه ولی,158115,6
54402,3018,چشمه اسب,158117,6
54403,3018,چشمه حاجی سلیمان,158118,6
54404,3018,چشمه حسن,158119,6
54405,3018,چشمه خواجه,158120,6
54406,3018,چشمه شور,158122,6
54407,3018,چشمه علی,158123,6
54408,3018,چشمه گز,158124,6
54409,3018,چشمه گز,158125,6
54410,3018,چشمه محمد حسن,158126,6
54411,3018,چشمه هادی,158128,6
54412,3018,حسین آباد,158134,6
54413,3018,حسین آباد مهلار سفلی,158136,6
54414,3018,حسین آباد مهلار علیا,158137,6
54415,3018,خواج علی,158146,6
54416,3018,درونه,158149,6
54417,3018,دو چاهی,158151,6
54418,3018,دو قله ای,158152,6
54419,3018,دهانه نی,158155,6
54420,3018,دهن قلعه /گوشکو علیا,158156,6
54421,3018,رسن,158161,6
54422,3018,ریزاب درخت بنه,158165,6
54423,3018,ریزاب دیواری,158166,6
54424,3018,ریزاب راه,158167,6
54425,3018,ریزاب لوشی,158168,6
54426,3018,سر نخواب سفلی,158174,6
54427,3018,سرنخواب علیا,158175,6
54428,3018,سنگ سفید,158179,6
54429,3018,سید آباد,158181,6
54430,3018,شلاقه,158188,6
54431,3018,شمس آباد,158189,6
54432,3018,شمشیر تیغ,158190,6
54433,3018,صالحیه,158195,6
54434,3018,طبق سر,158197,6
54435,3018,علی پلنگ,158212,6
54436,3018,قاسم آباد,158215,6
54437,3018,قلی کور سفلی,158217,6
54438,3018,قلی کور علیا,158218,6
54439,3018,کلند چاه بید,158226,6
54440,3018,کلندرون,158227,6
54441,3018,کلاته برق سفلی,158228,6
54442,3018,کلاته برق علیا,158229,6
54443,3018,کلاته برکال,158230,6
54444,3018,کلاته نجف,158238,6
54445,3018,کلاغ زری,158242,6
54446,3018,کوشنگ,158243,6
54447,3018,گرزیا,158245,6
54448,3018,گنداب,158248,6
54449,3018,گورخری,158249,6
54450,3018,لاغری,158252,6
54451,3018,محمد آباد / محمد آباد پشتکو,158256,6
54452,3018,معدن زنگالو,158278,6
54453,3018,ناریجه,158285,6
54454,3018,هفت چاه,158288,6
54455,3018,چشمه سفید,396786,6
54456,3018,چشمه معدن سیاه,396787,6
54457,3018,محمد زوراب,396788,6
54458,3018,کلاته گزبلکی,396789,6
54459,3018,سیناب,396790,6
54460,3018,چاه تلخ ملا محمد,396791,6
54461,3018,چشمه نی,396792,6
54462,3018,ریزاب,396793,6
54463,3018,گلشن آباد/ کلاته امام بخش,396794,6
54464,3018,چاه مشاع شهید حسین قاسمی/ باقریه,396796,6
54465,3018,محمد آباد خرمنگو,542920,6
54466,3018,کلاته اشو,542936,6
54467,3018,شاه پسند,542937,6
54468,3018,چشمه وکلند فرهاد,542938,6
54469,3018,بارانداز,542939,6
54470,3018,مهدی آباد,542940,6
54471,3018,حسن آباد,542941,6
54472,3018,پشه دو,542942,6
54473,3018,کریم آباد,542943,6
54474,3019,ابراهیم آباد,158052,6
54475,3019,امیر آباد,158062,6
54476,3019,باب الحکم,158065,6
54477,3019,بهار آباد,158071,6
54478,3019,چاه بهاری,158091,6
54479,3019,چاه دق علیا / چاه سلیمانی,158100,6
54480,3019,چاه سلطان,158104,6
54481,3019,چاه قلی,158106,6
54482,3019,چاه محمد امین,158111,6
54483,3019,چاه نجف,158114,6
54484,3019,حطیطه,158139,6
54485,3019,دلو / دولاب,158150,6
54486,3019,روح آباد,158163,6
54487,3019,ریگ سفید,158169,6
54488,3019,زمان آباد,158170,6
54489,3019,سیاه آب,158180,6
54490,3019,اسلام آباد / شاهرخ آباد,158184,6
54491,3019,شریعت آباد,158185,6
54492,3019,شریف آباد,158186,6
54493,3019,شوراب,158192,6
54494,3019,عبدی,158202,6
54495,3019,علی آباد,158209,6
54496,3019,کلاته نی زار,158241,6
54497,3019,گوشکو سفلی,158250,6
54498,3019,مارندیز / ماراندیز,158253,6
54499,3019,مانگوته,158254,6
54500,3019,مجدد / چاه ممداد,158255,6
54501,3019,مظفر آباد,158275,6
54502,3019,ملک بابو,158283,6
54503,3019,یحیی آباد,158289,6
54504,3019,احمد آباد / چشمه مرزی,158531,6
54505,3019,انبریه,158538,6
54506,3019,برجک,158540,6
54507,3019,برناباد,158541,6
54508,3019,تویه,158557,6
54509,3019,غنی آباد,158558,6
54510,3019,جلال آباد,158559,6
54511,3019,چشمه چهل,158564,6
54512,3019,خنجری,158572,6
54513,3019,دوغ آباد,158581,6
54514,3019,رحیم آباد,158582,6
54515,3019,علی آباد,158620,6
54516,3019,علی بیک,158623,6
54517,3019,فتح آباد,158628,6
54518,3019,کال میشی,158634,6
54519,3019,کلاته جمعه,158641,6
54520,3019,کلاته خان / عزت آباد,158644,6
54521,3019,کلاته شیرخان,158646,6
54522,3019,کلاته قلی,158652,6
54523,3019,گرماب میدانک,158660,6
54524,3019,محمد آباد,158671,6
54525,3019,محمد آباد کلاته,158673,6
54526,3019,معدن تکنار,158678,6
54527,3019,کارخانه آسفالت شهرداری برداسکن,542706,6
54528,3019,چاه موتور شماره 1 دشت محمد خان / فاطمیه,542921,6
54529,3019,چاه موتور شماره 2 دشت محمدخان / اسلامیه,542922,6
54530,3019,چاه موتور شماره 3 دشت محمدخان / صادقیه,542923,6
54531,3019,چاه موتور شماره 4 دشت محمدخان / جوادیه,542924,6
54532,3019,چاه موتور شماره 5 دشت محمدخان,542925,6
54533,3019,چاه موتور شماره 6 دشت محمدخان / انصاریه,542926,6
54534,3019,چاه موتور شماره 7 دشت محمدخان,542927,6
54535,3019,چاه موتور شماره 8 دشت محمدخان,542928,6
54536,3019,چاه موتور شماره 9 دشت محمدخان,542929,6
54537,3019,چاه موتور شماره 11 دشت محمدخان,542930,6
54538,3019,چاه موتور شماره 12 دشت محمدخان,542931,6
54539,3019,چاه موتور شماره 13 دشت محمدخان / شرکت حمز,542944,6
54540,3019,چاه موتور شماره 14 دشت محمدخان /گل کویر,542945,6
54541,3019,چاه موتور شماره 15 دشت محمدخان / هدف,542946,6
54542,3020,آبنو,158055,6
54543,3020,سعادت آباد,158176,6
54544,3020,سیف آباد,158182,6
54545,3020,شفیع آباد,158187,6
54546,3020,علی آباد,158208,6
54547,3020,کال علی رضا,158222,6
54548,3020,کشمر,158225,6
54549,3020,کلاته فساد,158233,6
54550,3020,کلاته فولاد,158234,6
54551,3020,قاسم آباد کلاته مصطفی خان / مصطفویه,158236,6
54552,3020,کلاته میمی,158237,6
54553,3020,کلاته نو,158239,6
54554,3020,کلاته نو,158240,6
54555,3020,هادی آباد,158287,6
54556,3020,بخشعلی,158969,6
54557,3020,بوژ دارو,158970,6
54558,3020,کلاته شیخ علی,159011,6
54559,3020,شرکت مدرس,159111,6
54560,3020,مزرعه فلاحت,396814,6
54561,3020,شهرک صنعتی بردسکن,542394,6
54562,3021,حاتم آباد,158130,6
54563,3021,آب میانی,158528,6
54564,3021,احمد آباد,158529,6
54565,3021,احمد آباد,158530,6
54566,3021,احمد آباد میر ابراهیم,158532,6
54567,3021,ارواخ,158533,6
54568,3021,افتخاری,158534,6
54569,3021,آق مهدی,158535,6
54570,3021,آقا خواجه,158536,6
54571,3021,آقا میر / کلاته عناب,158537,6
54572,3021,آهو بم,158539,6
54573,3021,بسرود,158542,6
54574,3021,بسک,158543,6
54575,3021,بیجورد,158545,6
54576,3021,بیجورد سفلی,158546,6
54577,3021,پشت النگ,158547,6
54578,3021,پل قاضی,158548,6
54579,3021,پویینگ,158549,6
54580,3021,پیش آخور,158550,6
54581,3021,پیش کمر,158551,6
54582,3021,تجرود,158552,6
54583,3021,تک جوز,158553,6
54584,3021,تک درخت جوز,158554,6
54585,3021,تنگل آسیا,158555,6
54586,3021,تودک,158556,6
54587,3021,جنگل / جنگل بربیق,158560,6
54588,3021,جنگل,158561,6
54589,3021,جو زاری,158562,6
54590,3021,چاه نی,158563,6
54591,3021,چشمه سرخ,158565,6
54592,3021,حاجی آباد,158568,6
54593,3021,حاجی آباد,158569,6
54594,3021,خانقاه,158571,6
54595,3021,خور,158573,6
54596,3021,خوشاب,158574,6
54597,3021,دانه سیاه سنگ,158575,6
54598,3021,دم بلوک,158576,6
54599,3021,درخت بید,158577,6
54600,3021,درخت جوز,158578,6
54601,3021,درویش آباد,158579,6
54602,3021,دریاب,158580,6
54603,3021,رو ظریف,158583,6
54604,3021,رود گز,158584,6
54605,3021,رود مر,158585,6
54606,3021,روشن آباد,158586,6
54607,3021,روشن آباد,158587,6
54608,3021,ریز آب,158588,6
54609,3021,زنگ زرد,158590,6
54610,3021,زیر باغ,158591,6
54611,3021,زیر وقت,158592,6
54612,3021,سبند رود,158593,6
54613,3021,سبه سلک علیا,158595,6
54614,3021,سراب,158596,6
54615,3021,سربخشاب,158597,6
54616,3021,سربرج,158598,6
54617,3021,سرخ رود,158599,6
54618,3021,سرگدار,158601,6
54619,3021,سعد آباد,158602,6
54620,3021,سلک سفلی,158603,6
54621,3021,سلک علیا,158604,6
54622,3021,سنگ پیر,158605,6
54623,3021,سید آباد,158606,6
54624,3021,سید ابراهیم,158607,6
54625,3021,سیر,158608,6
54626,3021,شاهرخ / کلاته شاهرخ,158609,6
54627,3021,شبیده سفلی,158610,6
54628,3021,شقاینک,158611,6
54629,3021,شمس آباد,158613,6
54630,3021,عزیز آباد,158617,6
54631,3021,عشرت آباد,158618,6
54632,3021,علی شاه,158619,6
54633,3021,علی آباد,158621,6
54634,3021,علی قبایی سفلی,158624,6
54635,3021,علی قبایی علیا,158625,6
54636,3021,علاالدین,158626,6
54637,3021,عنبرستان,158627,6
54638,3021,قبرسفید,158630,6
54639,3021,قلی نی سفلی,158631,6
54640,3021,قلی نی علیا,158632,6
54641,3021,کاسف,158633,6
54642,3021,کبودان,158635,6
54643,3021,کلاته نجد,158636,6
54644,3021,کلاته اشتر,158638,6
54645,3021,کلاته آقا,158639,6
54646,3021,کلاته جغنه,158640,6
54647,3021,کلاته حسین / کلاته حسین آباد,158642,6
54648,3021,کلاته شجاعی,158645,6
54649,3021,کلاته عرب بیک/ کلاته هوشمند,158647,6
54650,3021,کلاته قاسم آباد,158650,6
54651,3021,کلاته قاسم دروگر / عباس آباد,158651,6
54652,3021,گاودوش,158657,6
54653,3021,گرماب,158659,6
54654,3021,گرینگ,158661,6
54655,3021,گزبار علیا,158662,6
54656,3021,گزبار سفلی,158663,6
54657,3021,گل زیروک,158664,6
54658,3021,گلشن آباد,158665,6
54659,3021,لسک,158666,6
54660,3021,لوکه سخت,158667,6
54661,3021,مبارک شاه,158668,6
54662,3021,مبارکی,158669,6
54663,3021,محمد آباد,158670,6
54664,3021,محمد رضا,158674,6
54665,3021,مزرعه سربیار,158676,6
54666,3021,ملغدر,158680,6
54667,3021,نظام آباد,158681,6
54668,3021,نگین آباد سفلی,158683,6
54669,3021,نوبهار,158684,6
54670,3021,نوح آباد,158685,6
54671,3021,نوده سفلی,158686,6
54672,3021,نوده علیا,158687,6
54673,3021,نو کاریز سفلی,158689,6
54674,3021,نو کاریز علیا,158690,6
54675,3021,نو کاریز وسطی,158691,6
54676,3021,هادی آباد,158692,6
54677,3021,هدک,158693,6
54678,3021,خمی,158694,6
54679,3021,چشمه لوشی,396766,6
54680,3021,مرو,396770,6
54681,3021,چشمه گنداب / گنداب,396771,6
54682,3021,حسین آباد / کلاته ذبیح,396772,6
54683,3021,کلاته پونه,396775,6
54684,3021,کلاته بالا,396776,6
54685,3021,سرود / شیر زن,396777,6
54686,3021,قزلق,396778,6
54687,3021,درخت توت,396779,6
54688,3021,کلاته حسامی /تنگل بهر,396781,6
54689,3021,روزو,396782,6
54690,3021,شبیده علیا,542932,6
54691,3022,امامیه,158061,6
54692,3022,چراغ چین,158116,6
54693,3022,حجت آباد,158132,6
54694,3022,خاکستری,158142,6
54695,3022,خرابچه,158143,6
54696,3022,خیر آباد,158147,6
54697,3022,دادبخت,158148,6
54698,3022,ذبیح آباد,158157,6
54699,3022,رکن آباد,158162,6
54700,3022,سعد آباد,158177,6
54701,3022,سلطان آباد,158178,6
54702,3022,شادیاب,158183,6
54703,3022,صلح آباد,158196,6
54704,3022,ظاهر آباد,158198,6
54705,3022,عباس آباد,158200,6
54706,3022,عبدل آباد,158201,6
54707,3022,عظیم آباد,158207,6
54708,3022,علی آبادک,158210,6
54709,3022,فیروز آباد,158213,6
54710,3022,قوژد آباد,158219,6
54711,3022,کلاته دهانه نمکی,158231,6
54712,3022,مسیح آباد,158266,6
54713,3022,نصر آباد,158286,6
54714,3023,الله آباد,158060,6
54715,3023,جلال آباد,158079,6
54716,3023,جنت آباد,158081,6
54717,3023,چاه حریف,158095,6
54718,3023,چاه حسین علی,158096,6
54719,3023,چشمه شور,158121,6
54720,3023,حبیب آباد,158131,6
54721,3023,حسن آباد,158133,6
54722,3023,حسین آباد,158135,6
54723,3023,حسینی,158138,6
54724,3023,حوض محمد حسن,158141,6
54725,3023,خرم آباد,158145,6
54726,3023,رحمانیه,158159,6
54727,3023,زنگینه,158171,6
54728,3023,زیرک آباد,158173,6
54729,3023,غرق آب / عرق آب,158203,6
54730,3023,عزیز آباد,158204,6
54731,3023,عطاییه,158206,6
54732,3023,کاظم آباد,158220,6
54733,3023,کال اسبی,158221,6
54734,3023,کوشه,158244,6
54735,3023,محمد آباد,158257,6
54736,3023,ملک آباد,158282,6
54737,3023,میان آباد,158284,6
54738,3023,حوض درخت بنه,396989,6
54739,3023,چاه شیرین,396990,6
54740,3023,چاه قربان مهدی,396993,6
54741,3023,عطاییه,542037,6
54742,3024,آهنگران,139509,6
54743,3024,بند ازبک,139514,6
54744,3024,جنت آباد جنگل,139526,6
54745,3024,چاه شور,139530,6
54746,3024,حوض کرم,139608,6
54747,3024,دو چاهی,139614,6
54748,3024,دوچاهی بالا,139615,6
54749,3024,علی نقی سفلی,139637,6
54750,3024,علی نقی علیا,139638,6
54751,3024,کوده,139651,6
54752,3025,ابراهیم آباد,139503,6
54753,3025,امین آباد,139507,6
54754,3025,حقن آباد,139606,6
54755,3025,سعد آباد,139621,6
54756,3025,شعبه,139629,6
54757,3025,طاهر آباد,139630,6
54758,3025,عباس آباد جدید,139633,6
54759,3025,فاضل مند,139640,6
54760,3025,فیض آباد,139642,6
54761,3025,قاسم آباد,139643,6
54762,3025,محرم آباد,139658,6
54763,3025,کلاته مقیم,392707,6
54764,3025,پی گدار,393051,6
54765,3026,بید آباد,139272,6
54766,3026,حسن آباد,139294,6
54767,3026,حسن آباد,139295,6
54768,3026,حیدر آباد,139297,6
54769,3026,خانیق,139299,6
54770,3026,خوجه بیگ,139303,6
54771,3026,دوبرادر,139310,6
54772,3026,دولت آباد,139312,6
54773,3026,رکن آباد,139314,6
54774,3026,روح آباد,139315,6
54775,3026,ریوند,139317,6
54776,3026,کاظم آباد,139343,6
54777,3026,کلاته سعدو,139347,6
54778,3026,گلستان,139351,6
54779,3026,موسی آباد,139371,6
54780,3026,نوبهار,139374,6
54781,3026,هادی آباد,139380,6
54782,3026,آبگرم,139504,6
54783,3026,احمد آباد / هند آباد,139505,6
54784,3026,باز شاه,139510,6
54785,3026,باسفر,139511,6
54786,3026,باغ حیدر,139512,6
54787,3026,پارسی,139517,6
54788,3026,تویک,139521,6
54789,3026,حسین خان,139605,6
54790,3026,سنگان بالا خواف,139622,6
54791,3026,سیاه دره,139623,6
54792,3026,عباس آباد فرامیشان,139634,6
54793,3026,علی آباد دامن,139636,6
54794,3026,عمیدی کهنه,139639,6
54795,3026,کت,139645,6
54796,3026,محمدآباد,139660,6
54797,3026,مزرعه نمونه آستان قدس واحد تربت حیدریه,139663,6
54798,3026,ملک آباد,139665,6
54799,3026,ملا حسن,393063,6
54800,3027,ابنیه سفلی,139262,6
54801,3027,احمد آباد رشتخوار,139264,6
54802,3027,اسلام آباد,139265,6
54803,3027,اکبر آباد نوده,139266,6
54804,3027,امین آباد / امین آباد رشتخوار,139267,6
54805,3027,اندنجرد / اندنگرد,139268,6
54806,3027,بازه عاشقان / بسقو,139269,6
54807,3027,براکوه,139270,6
54808,3027,برموک,139271,6
54809,3027,جعفر آباد,139275,6
54810,3027,چاه موتور صمیمی,139286,6
54811,3027,حسین آباد رشتخوار,139296,6
54812,3027,خانیق / خانیک,139298,6
54813,3027,خدا آباد / خود آباد,139300,6
54814,3027,خوشاب / خوش آب,139304,6
54815,3027,در ریز علیا / در ریز بالا,139308,6
54816,3027,دستجرد/ دستگرد,139309,6
54817,3027,دوست آباد,139311,6
54818,3027,زرغری,139318,6
54819,3027,زید آباد,139319,6
54820,3027,سر آسیاب / گرز آباد و کلاته,139320,6
54821,3027,سعادت آباد,139322,6
54822,3027,سفید زاری,139323,6
54823,3027,سلند,139324,6
54824,3027,سه درخت,139325,6
54825,3027,صادق آباد / سردشت,139328,6
54826,3027,عبس آباد,139330,6
54827,3027,عشرت آباد / هشت آباد,139331,6
54828,3027,علی آباد,139332,6
54829,3027,فاردق / فاروق / جلیل آباد,139335,6
54830,3027,فتح آباد,139336,6
54831,3027,فهندر,139337,6
54832,3027,قادر آباد / قدر آباد,139338,6
54833,3027,قلندر آباد,139339,6
54834,3027,کاریز چشمه,139340,6
54835,3027,کاریزک,139341,6
54836,3027,کزقند,139342,6
54837,3027,کریم آباد,139344,6
54838,3027,کشک آباد سفلی,139345,6
54839,3027,کشک آباد علیا,139346,6
54840,3027,کلاته گرز,139348,6
54841,3027,کلاته مندها,139349,6
54842,3027,گلچین,139350,6
54843,3027,مهدی آباد,139372,6
54844,3027,نوغاب / محمود آباد,139375,6
54845,3027,نوق / نوک,139377,6
54846,3027,روح آباد / رودخر,392431,6
54847,3027,هزار تیزک,392441,6
54848,3027,ملکت,392479,6
54849,3027,کلاته سید,392492,6
54850,3027,شهرک صنعتی رشتخوار,809565,6
54851,3028,آب گرم,165345,6
54852,3028,المتو,165346,6
54853,3028,المتین,165347,6
54854,3028,النگ علی بای,165348,6
54855,3028,امیر آباد,165349,6
54856,3028,باغگاه,165350,6
54857,3028,بام چنار,165351,6
54858,3028,تقی آباد,165352,6
54859,3028,چهچهه,165360,6
54860,3028,خواجه روشنایی,165363,6
54861,3028,سرجنگل,165369,6
54862,3028,سر چشمه,165370,6
54863,3028,سلطان قلی,165371,6
54864,3028,سنگانه,165372,6
54865,3028,سه پنجه,165374,6
54866,3028,سیرزار,165375,6
54867,3028,کال پرنده,165376,6
54868,3028,کال شور,165377,6
54869,3028,کلاته آقا بیک,165379,6
54870,3028,گل بوته,165382,6
54871,3028,مومن آباد,165388,6
54872,3028,نیشابورک,165391,6
54873,3028,النگ سفلی,165444,6
54874,3028,النگ علیا,165445,6
54875,3028,طاهر آباد بربری ها / طاهر آباد علیا,165472,6
54876,3028,طاهر آباد ترک ها,165473,6
54877,3028,طاهر آباد میان / قلعه میان,165478,6
54878,3028,قوشخانه,165481,6
54879,3028,کرتاش,165483,6
54880,3028,کلاته اسماعیل بیک,165484,6
54881,3028,آسیاب قشقا,397725,6
54882,3028,رباط,397727,6
54883,3028,ملامرش / کلاته مشرف,397728,6
54884,3028,طاهر آباد ترک ها جدید,542816,6
54885,3029,اورتکند,165446,6
54886,3029,پت,165451,6
54887,3029,سررود,165464,6
54888,3029,شورستان قشلاق چنار,165469,6
54889,3029,طرقطی,165474,6
54890,3029,قره تیکان/ شهید اسلام توکلی,165476,6
54891,3029,قلعه نو,165479,6
54892,3029,قلیچ آباد / شهید مهدی هنرمند,165480,6
54893,3029,آبکمه,165535,6
54894,3029,بابا فرجی,165540,6
54895,3029,باغ کند,165544,6
54896,3029,برده,165546,6
54897,3029,اله دولی,397696,6
54898,3029,شهرک صنعتی زاوین,809014,6
54899,3030,آقداش,165538,6
54900,3030,جلیل آباد,165547,6
54901,3030,خشت نادری,165555,6
54902,3030,خلج سفلی,165556,6
54903,3030,سیرزار,165561,6
54904,3030,قله زو,165568,6
54905,3030,گرو,165571,6
54906,3030,نفطه,165574,6
54907,3030,یکه توت سفلی,165576,6
54908,3031,ژرف,165534,6
54909,3031,چرم کهنه,165548,6
54910,3031,چرم نو,165549,6
54911,3031,حمام قلعه,165553,6
54912,3031,سینی,165562,6
54913,3031,سینی نو,165563,6
54914,3031,قره سو,165566,6
54915,3031,حصار حاجی اسماعیل,397708,6
54916,3031,ارچنگان,397709,6
54917,3031,قاباخ,397710,6
54918,3031,سلطان آباد,397711,6
54919,3031,ایده لیک,397712,6
54920,3032,اسد آباد,165626,6
54921,3032,حاجی آباد,165635,6
54922,3032,کالو,165647,6
54923,3032,کرناوه شور,165648,6
54924,3032,کرناوه شیرین,165649,6
54925,3032,حصار لایین,393554,6
54926,3033,احمد آباد,165624,6
54927,3033,بابا رمضان,165629,6
54928,3033,چهار راه,165634,6
54929,3033,خاکستر,165639,6
54930,3033,رباط,165640,6
54931,3033,زو بالا,165641,6
54932,3033,سنگدیوار,165643,6
54933,3033,رجب آباد,165644,6
54934,3033,عزیز آباد,165645,6
54935,3033,کریم آباد,165650,6
54936,3033,لایین کهنه,165652,6
54937,3034,ایرج آباد,159101,6
54938,3034,تکمار,159103,6
54939,3034,جابوز,159104,6
54940,3034,شرکت انقلاب اسلامی,159105,6
54941,3034,شرکت بدر,159106,6
54942,3034,شرکت شهید کامیاب,159107,6
54943,3034,شرکت شهید هاشمی نژاد,159108,6
54944,3034,شرکت طالقانی,159109,6
54945,3034,شرکت قایم,159110,6
54946,3034,چاه برقی غفاری,396809,6
54947,3034,چاه حاجی حسین مقدم / چاه شهید مقدم,396819,6
54948,3034,شن شویی بنیادمسکن,396820,6
54949,3034,شرکت خدمات کشاورزی نبوت,396821,6
54950,3034,چاه شهید عبدی,396822,6
54951,3034,شرکت میثم تمار,396842,6
54952,3034,کارخانه آسفالت جهادسازندگی,396845,6
54953,3034,شرکت کشاورزی و دامپروری بعثت,396846,6
54954,3034,چاه موتور شماره 1 برکال,396848,6
54955,3034,چاه شهید شکوری,396850,6
54956,3034,چاه شهید طاهری,396853,6
54957,3035,جعفر آباد,158903,6
54958,3035,چاه سبز,158904,6
54959,3035,چاه تجری,158905,6
54960,3035,حجت آباد,158906,6
54961,3035,حسین آباد,158907,6
54962,3035,رفعت آباد,158909,6
54963,3035,رکن آباد,158910,6
54964,3035,سپاهی,158911,6
54965,3035,سعدالدین,158912,6
54966,3035,سلیمانیه,158913,6
54967,3035,سنبل,158914,6
54968,3035,شوراب,158916,6
54969,3035,طاهر آباد,158918,6
54970,3035,عباسیه,158919,6
54971,3035,علی آباد شور,158921,6
54972,3035,قهندیز,158922,6
54973,3035,کاهه,158923,6
54974,3035,کلاته بلبل,158924,6
54975,3035,کلاته رحیم,158926,6
54976,3035,کلاته ملا محمد,158928,6
54977,3035,مهدی آباد,158929,6
54978,3035,نصرتیه,158930,6
54979,3035,نمکدان,158931,6
54980,3035,انبارخانه,396813,6
54981,3035,کلاته توحیدی,396826,6
54982,3035,کلاته نوراله,396827,6
54983,3035,کال سرخ محمد آباد,396828,6
54984,3035,چاه موتور ولوا,396831,6
54985,3035,امامزاده شاهزاده هادی,396833,6
54986,3035,موتور آب شماره 2 کاهه,396834,6
54987,3035,موتور آب شماره 1 کاهه,396836,6
54988,3035,موتور آب سنبل,396837,6
54989,3035,موتور آب رفعت آباد,396838,6
54990,3035,زمان آباد,396843,6
54991,3035,موتور آب شهید نظریان,396862,6
54992,3035,چاه موتور حاجی فدایی,396863,6
54993,3035,موتور آب شهید شادکان,396864,6
54994,3035,موتور آب زمان آباد,396865,6
54995,3035,موتور آب شهید ایزدی,396866,6
54996,3036,ابرو,158963,6
54997,3036,الهیار,158966,6
54998,3036,باغچه خانم,158967,6
54999,3036,پیرسرخ,158971,6
55000,3036,تاریک دره,158972,6
55001,3036,تیغ سبز,158976,6
55002,3036,جزرود,158977,6
55003,3036,حاج غلامعلی,158978,6
55004,3036,حجت آباد / کلاته خان,158980,6
55005,3036,خار زنج,158985,6
55006,3036,دهنو,158987,6
55007,3036,شمس آباد,158994,6
55008,3036,صالحی زیر سنگ,158997,6
55009,3036,طاهر آباد,158998,6
55010,3036,کاریزک,159002,6
55011,3036,کلاته بززار,159005,6
55012,3036,کلاته غفاری,159006,6
55013,3036,کلاته شاه حسن,159009,6
55014,3036,کلاته شوکتی,159010,6
55015,3036,کلاته لوشی,159013,6
55016,3036,کلاته محمد حسن دهقان / کلاته نقیب,159014,6
55017,3036,کوشه رستاق,159015,6
55018,3036,محمد آباد,159019,6
55019,3036,ملا غلام حسن,159023,6
55020,3036,نصر آباد,159026,6
55021,3036,هاشم آباد,159028,6
55022,3036,ارغا,159100,6
55023,3036,مزده,159113,6
55024,3036,چاه موتور دو درختی,396872,6
55025,3036,چاه موتور سیل بند,396873,6
55026,3036,چاه موتور باغچه / باغ نو,396874,6
55027,3037,شمس آباد,158915,6
55028,3037,صادق آباد,158917,6
55029,3037,عزت آباد,158920,6
55030,3037,کلاته حجره,158925,6
55031,3037,کلاته شور,158927,6
55032,3037,ابراهیم آباد,158962,6
55033,3037,اسماعیل آباد,158964,6
55034,3037,اصغر آباد,158965,6
55035,3037,تقی آباد,158973,6
55036,3037,تک نی,158975,6
55037,3037,حاجبی,158979,6
55038,3037,حسن آباد,158981,6
55039,3037,حسین آباد,158983,6
55040,3037,رحمت آباد,158988,6
55041,3037,زین آباد,158990,6
55042,3037,سعد آباد,158992,6
55043,3037,سید آباد,158993,6
55044,3037,شورو,158995,6
55045,3037,صالحی,158996,6
55046,3037,قاسم آباد,159000,6
55047,3037,کدو بایر,159003,6
55048,3037,کلاته شادی,159008,6
55049,3037,گل گیر,159017,6
55050,3037,مخلی,159021,6
55051,3037,میرآباد,159024,6
55052,3037,میر محمدی,159025,6
55053,3037,نقاب,159027,6
55054,3037,هفت خانه,159029,6
55055,3037,بزنجرد,159102,6
55056,3037,کلاته علم,396876,6
55057,3037,گز آباد,396877,6
55058,3037,فضل آباد,396878,6
55059,3037,خرگوشی,396879,6
55060,3037,کلاته نایو,396880,6
55061,3037,کلاته اقل شور,396881,6
55062,3037,مخزن آب,809567,6
55063,3038,قلعه جوق,138356,6
55064,3038,ازغند,139863,6
55065,3038,چنار,139875,6
55066,3038,حسن قاضی,139878,6
55067,3038,خوشدره,139880,6
55068,3038,دشت دانیال,139881,6
55069,3038,زرمهر,139882,6
55070,3038,سلطان آباد,139883,6
55071,3038,علی آباد سفلی,139885,6
55072,3038,علی آباد علیا,139886,6
55073,3038,قلعه نو,139889,6
55074,3038,گلستان,139901,6
55075,3038,اسکندر آباد,142075,6
55076,3038,الی,142078,6
55077,3038,زرنوخ,142132,6
55078,3038,ظهیر آباد پایین,142143,6
55079,3038,علی آباد وسط,393114,6
55080,3039,احمد آباد,139950,6
55081,3039,انرگ,139952,6
55082,3039,بوسعد,139955,6
55083,3039,پشت آب نظام,139956,6
55084,3039,چهل سر,140107,6
55085,3039,حسین آباد محب علی,140110,6
55086,3039,دوغ آباد,140122,6
55087,3039,شاهرگ,140129,6
55088,3039,فلج,140140,6
55089,3039,مقبل,140153,6
55090,3039,نصر آباد,140216,6
55091,3039,ابراهیم آباد,140223,6
55092,3039,سد شهید رجایی,392410,6
55093,3039,سد شهید باهنر,392411,6
55094,3040,چاه شماره 1 عامل زاده,140000,6
55095,3040,چاه عمیق ایرج عسگری,140005,6
55096,3040,چاه عمیق پسندیده,140008,6
55097,3040,چاه عمیق دین دار,140032,6
55098,3040,چاه عمیق کازر,140057,6
55099,3040,چاه عمیق میرزایی,140073,6
55100,3040,چاه محمد پور,140081,6
55101,3040,حسن آباد,140108,6
55102,3040,نقاب,140218,6
55103,3040,همت آباد,140220,6
55104,3041,جنت آباد,139959,6
55105,3041,چاه غفاری,139963,6
55106,3041,چاه حاجی مقدم,139964,6
55107,3041,چاه دراز,139974,6
55108,3041,چاه شاکری,139975,6
55109,3041,چاه عمیق آخوندی,140001,6
55110,3041,چاه عمیق اعتمادی,140002,6
55111,3041,چاه عمیق بزمی شماره دو,140006,6
55112,3041,چاه عمیق بزمی شماره یک,140007,6
55113,3041,چاه عمیق تکمیری,140014,6
55114,3041,چاه عمیق حاجی فرشی,140019,6
55115,3041,چاه عمیق حسن رسولی,140021,6
55116,3041,چاه عمیق حسینی,140022,6
55117,3041,چاه عمیق حصار,140023,6
55118,3041,چاه عمیق حوض کربلایی ابراهیم پایین,140024,6
55119,3041,چاه عمیق خانه خان,140026,6
55120,3041,چاه عمیق خانه علی اکبر,140027,6
55121,3041,چاه عمیق خانه نقی,140028,6
55122,3041,چاه عمیق خانه نوروز,140029,6
55123,3041,چاه عمیق رجب ابراهیم زاده,140034,6
55124,3041,چاه عمیق رمضانعلی اکبری,140036,6
55125,3041,چاه عمیق زوله رستم,140037,6
55126,3041,چاه عمیق سیدمجتبی,140040,6
55127,3041,چاه عمیق شادمان,140041,6
55128,3041,چاه عمیق صمدبالا,140048,6
55129,3041,چاه عمیق صمدپایین,140049,6
55130,3041,چاه عمیق عبدالعظیمی / عمیق عبدل عظیمی,140051,6
55131,3041,چاه عمیق علی یوسف نیا,140052,6
55132,3041,چاه عمیق عیسی شیردل,140053,6
55133,3041,چاه عمیق قادری,140054,6
55134,3041,چاه عمیق قالی باف ها,140055,6
55135,3041,چاه عمیق قربانعلی,140056,6
55136,3041,چاه عمیق گل محمدتقی,140059,6
55137,3041,چاه عمیق محلوجی,140060,6
55138,3041,چاه عمیق محمد جوان,140061,6
55139,3041,موتور عمیق محمد سلطانی,140063,6
55140,3041,چاه عمیق محمد شیردل,140064,6
55141,3041,چاه عمیق معینی,140070,6
55142,3041,چاه عمیق نام آور شماره دو,140074,6
55143,3041,چاه نام آور شماره 1,140075,6
55144,3041,چاه موتور ابراهیم قهرمان,140088,6
55145,3041,چاه موتور دهن کال,140092,6
55146,3041,چاه موتور نظمی,140101,6
55147,3041,خیر آباد,140119,6
55148,3041,دانیال,140121,6
55149,3041,رحمت آباد,140124,6
55150,3041,ریگی,140127,6
55151,3041,شمس آباد,140131,6
55152,3041,فتح آباد,140139,6
55153,3041,قربان آباد,140141,6
55154,3041,قهرمانیه,140144,6
55155,3041,موتور ابوتراب قهرمان /چاه ابوتراب قهرمان,140156,6
55156,3041,موتور تپه لوشی,140168,6
55157,3041,موتور حاجی بختیاری,140173,6
55158,3041,موتور عمیق خالصه حوض نو,140194,6
55159,3041,موتور کربلایی اصغر,140202,6
55160,3041,مهنه,140213,6
55161,3041,میاندهی,140215,6
55162,3041,نصرویی,140217,6
55163,3041,نو بهار کالشور,140219,6
55164,3041,چاه عمیق کرمعلی نیت بخیر,392365,6
55165,3041,چاه موتور ظهوریان,392366,6
55166,3041,چاه عمیق یزدان مقدم,392370,6
55167,3041,چاه عمیق قهرمانیه,392390,6
55168,3041,چاه عمیق سوری,392391,6
55169,3041,برجک,542948,6
55170,3041,حاجی آباد,542949,6
55171,3041,جراحی,542950,6
55172,3042,آب باریک پایین,160281,6
55173,3042,آب باریک بالا,160282,6
55174,3042,احمدآباد,160283,6
55175,3042,احمدآباد,160284,6
55176,3042,احمدآباد,160285,6
55177,3042,اسلام آباد,160287,6
55178,3042,اسلام آباد,160288,6
55179,3042,اسلام آباد,160289,6
55180,3042,اسلامیه,160290,6
55181,3042,اکبر آباد,160291,6
55182,3042,البان آباد,160292,6
55183,3042,انارستانک,160294,6
55184,3042,اوبی,160296,6
55185,3042,ایسی / خار تیرو,160297,6
55186,3042,باغ سلیم,160298,6
55187,3042,بلوچی,160304,6
55188,3042,بلاباد,160305,6
55189,3042,بهاباد,160306,6
55190,3042,بید,160307,6
55191,3042,پشته زو,160312,6
55192,3042,تپه سیاه,160315,6
55193,3042,تک دو راهی,160316,6
55194,3042,تک درگز بالا,160317,6
55195,3042,کلاته تک سیاه,160319,6
55196,3042,تک مشکوه بالا,160320,6
55197,3042,تلخ آوند,160323,6
55198,3042,کلاته تلخ آوند,160324,6
55199,3042,پدینستان,160325,6
55200,3042,تنگل سید,160327,6
55201,3042,جرف,160329,6
55202,3042,جیدو / خار تیدو,160331,6
55203,3042,چاه چول,160334,6
55204,3042,چاه علوی,160338,6
55205,3042,چاهوک,160340,6
55206,3042,چشمه الله,160342,6
55207,3042,چشمه زرد,160345,6
55208,3042,چشمه سنجد,160347,6
55209,3042,چشمه شورابی,160348,6
55210,3042,چشمه حاجی علی / چشمه علی,160350,6
55211,3042,چشمه گرگ,160351,6
55212,3042,چشمه گدنگ,160352,6
55213,3042,چشمه لوش,160353,6
55214,3042,چشمه میرزا علی,160355,6
55215,3042,چکه آب,160356,6
55216,3042,چناران,160358,6
55217,3042,حاجی آباد,160360,6
55218,3042,حاجی آباد,160361,6
55219,3042,حاجی آباد,160362,6
55220,3042,حجت آباد,160364,6
55221,3042,حسن آباد,160367,6
55222,3042,حسن آباد,160368,6
55223,3042,حسن آباد / کلاته شور,160369,6
55224,3042,حسن آباد هفت مرق,160371,6
55225,3042,حسین آباد,160374,6
55226,3042,حسین آباد سفیدوک,160375,6
55227,3042,حوض حسین,160376,6
55228,3042,حوض کربلایی علی اکبر,160377,6
55229,3042,حوض کربلایی نجف,160378,6
55230,3042,خار تیدو,160382,6
55231,3042,خار فیروزی,160383,6
55232,3042,خرم آباد,160384,6
55233,3042,دراس,160388,6
55234,3042,درچاق,160389,6
55235,3042,درزاب,160391,6
55236,3042,درگاوان,160393,6
55237,3042,دروازه گگ,160394,6
55238,3042,دکل تلویزیون,160395,6
55239,3042,دل دل آباد,160396,6
55240,3042,رودگز سفلی,160404,6
55241,3042,رودگز علیا,160405,6
55242,3042,ریخاوند,160407,6
55243,3042,زاغاب سفلی,160408,6
55244,3042,زاغاب علیا,160409,6
55245,3042,زاغاب وسطی,160410,6
55246,3042,زنگویی سفلی,160412,6
55247,3042,زنگویی علیا,160413,6
55248,3042,کلاته زیود,160418,6
55249,3042,سبروق,160421,6
55250,3042,سرخاوک,160422,6
55251,3042,سرخو,160423,6
55252,3042,سرنگ,160424,6
55253,3042,سفیدوک,160426,6
55254,3042,سنجتک,160427,6
55255,3042,سوخته,160430,6
55256,3042,سوسناری سفلی / سوسناری پایین,160431,6
55257,3042,کلاته سوسناری بالا,160432,6
55258,3042,کلاته سید آباد,160433,6
55259,3042,شاطر آباد,160434,6
55260,3042,صلح آباد,160438,6
55261,3042,عباس آباد,160440,6
55262,3042,عباس آباد,160441,6
55263,3042,عباس آباد,160443,6
55264,3042,عباس آباد,160444,6
55265,3042,عبدالهی,160445,6
55266,3042,عرب آباد,160446,6
55267,3042,علیدوستی,160447,6
55268,3042,علی آباد,160448,6
55269,3042,علی آباد,160449,6
55270,3042,علی آباد,160452,6
55271,3042,علی آباد حصارک,160454,6
55272,3042,علی آباد صفایی,160455,6
55273,3042,قوچان,160459,6
55274,3042,کارگاه آسفالت شهرداری,160460,6
55275,3042,کال قنر,160461,6
55276,3042,کامه,160463,6
55277,3042,کرکسو,160464,6
55278,3042,گریگ بم,160465,6
55279,3042,کلوت,160468,6
55280,3042,کلاته استاد رمضان,160470,6
55281,3042,کلاته آقا سید محمد,160472,6
55282,3042,پای گدار مجنگان,160476,6
55283,3042,کلاته غلامی,160477,6
55284,3042,کلاته غول گز,160478,6
55285,3042,کلاته جهان شیر,160479,6
55286,3042,کلاته حاج علی,160480,6
55287,3042,کلاته حسین گل محمد,160481,6
55288,3042,کلاته دلاور,160482,6
55289,3042,کلاته زیر چشمه محب,160483,6
55290,3042,سم,160484,6
55291,3042,کلاته شفایی,160486,6
55292,3042,کلاته شیطان بالا,160487,6
55293,3042,کلاته شیطان پایین,160488,6
55294,3042,کلاته علی محمود,160489,6
55295,3042,کلاته کربلایی حسین آقا,160492,6
55296,3042,کلاته کربلایی حسین آقا / ابراهیم آباد,160493,6
55297,3042,کلاته گرمه,160494,6
55298,3042,کلاته گوک,160495,6
55299,3042,کلاته لشکری,160497,6
55300,3042,کلاته مراد,160498,6
55301,3042,کلاته معدن,160499,6
55302,3042,کلاته مغری,160500,6
55303,3042,کلاته نجاتی,160501,6
55304,3042,کلاته نو,160503,6
55305,3042,کلاته نو,160504,6
55306,3042,گچ کن,160507,6
55307,3042,گدار سرخ,160508,6
55308,3042,کلاته گدار سرخ,160509,6
55309,3042,گرگاب,160510,6
55310,3042,گرگاوان / گرگاوو,160511,6
55311,3042,لیرم,160515,6
55312,3042,مجنگان,160516,6
55313,3042,محمد آباد,160518,6
55314,3042,محمد آباد,160520,6
55315,3042,محمد آباد,160521,6
55316,3042,محمد آباد هفت مرق,160523,6
55317,3042,مرغداری سپید,160526,6
55318,3042,مزار,160528,6
55319,3042,معدن گچ,160530,6
55320,3042,معدن گل سرخ,160531,6
55321,3042,میدر,160534,6
55322,3042,مهدی آباد,160536,6
55323,3042,مهر آباد قدس,160537,6
55324,3042,میراباد,160539,6
55325,3042,نوبهار,160540,6
55326,3042,نیان,160541,6
55327,3042,نیزار بالا,160542,6
55328,3042,نیزار پایین,160543,6
55329,3042,نیک,160545,6
55330,3042,هادی آباد,160546,6
55331,3042,هلالی,160549,6
55332,3042,چاه شماره 1 شهرداری,160552,6
55333,3042,چاه بهرامی,161075,6
55334,3042,چاه درویش,161097,6
55335,3042,چاه سوراخ,161103,6
55336,3042,حوض دهنه نوبهار,161138,6
55337,3042,قاسم آباد,161144,6
55338,3042,مهدی آباد,161152,6
55339,3042,چشمه مرغیش,397087,6
55340,3042,منبع آب قاسم آباد,397091,6
55341,3042,یورت سبحان,397092,6
55342,3042,علی بلوچ,397093,6
55343,3042,کلاته محمد رضا اسلام آباد بلوچ,397094,6
55344,3042,حوض دهنه,397095,6
55345,3042,چشمه خاری,397096,6
55346,3042,همت آباد,397097,6
55347,3042,حوض رودگز,397099,6
55348,3042,حوض کربلایی غلام علی,397100,6
55349,3042,حجت آباد,397101,6
55350,3042,منبع آب شهرداری,397102,6
55351,3042,چشمه علی نوکی,397103,6
55352,3042,چشمه حسین سیاه,397104,6
55353,3042,حوض برجک,397105,6
55354,3042,کوهک,397106,6
55355,3042,چاه نوین,397107,6
55356,3042,حوض حصارک,397108,6
55357,3042,چاه آخوندها,397109,6
55358,3042,حوض ناف زمین,397110,6
55359,3042,کلاته سیدها,397111,6
55360,3042,آب انبار سر چلوک,397112,6
55361,3042,مطر آباد,397113,6
55362,3042,زو,397115,6
55363,3042,حوض مزار,397116,6
55364,3042,کلاته شیرون,397117,6
55365,3042,سد گریگ بم,397120,6
55366,3042,مهاباد,397122,6
55367,3042,کلاته تک خال,397123,6
55368,3042,حوض بنه / حوض کلبه محمد,397125,6
55369,3042,کوره گچ,397126,6
55370,3042,حوض حاج محمد / حوض حاجی محمد,397127,6
55371,3042,کارخانه گچ نمونه,397128,6
55372,3042,حوض هاشم آباد,397130,6
55373,3042,حوض علی,397132,6
55374,3042,حوض رودگز,397133,6
55375,3042,چشمه گزو,397135,6
55376,3042,یورت معینی,397138,6
55377,3042,عباس آباد,397139,6
55378,3042,حوض کلبه محمد / حوض درزآب,541938,6
55379,3042,کلاته بوستان,541939,6
55380,3042,کلاته آب شیرین,543062,6
55381,3042,کویر پارک سه فرسخ,543063,6
55382,3043,کلاته اولنگ,160293,6
55383,3043,باقر آباد,160299,6
55384,3043,بغل,160300,6
55385,3043,برجک,160302,6
55386,3043,برزنگش,160303,6
55387,3043,بید,160308,6
55388,3043,بیدوک,160309,6
55389,3043,بیکو,160310,6
55390,3043,پتمرود,160311,6
55391,3043,پنج تک,160313,6
55392,3043,تک ویران,160322,6
55393,3043,تنگل جعفر,160326,6
55394,3043,تودو,160328,6
55395,3043,جیدو,160330,6
55396,3043,چشمه ششتوک,160341,6
55397,3043,چشمه روک,160343,6
55398,3043,چشمه روک بالا / اسلام آباد,160344,6
55399,3043,چشمه سبز,160346,6
55400,3043,چشمه طالب,160349,6
55401,3043,چناران,160357,6
55402,3043,حاجی آباد,160363,6
55403,3043,حجت آباد,160365,6
55404,3043,حسن آباد زین العابدین,160370,6
55405,3043,حسین آباد,160372,6
55406,3043,خلوک,160385,6
55407,3043,خوشاب,160386,6
55408,3043,درشیب,160392,6
55409,3043,دلیر آباد,160398,6
55410,3043,ده مرادی,160399,6
55411,3043,ده نخی,160400,6
55412,3043,رضاییه,160402,6
55413,3043,رودگز,160403,6
55414,3043,روسنگ,160406,6
55415,3043,زنگش,160411,6
55416,3043,زو بالا,160414,6
55417,3043,زو پایین,160415,6
55418,3043,زو گور,160417,6
55419,3043,زیرک,160419,6
55420,3043,زین آباد,160420,6
55421,3043,سریده,160425,6
55422,3043,سنجد,160428,6
55423,3043,شپو,160435,6
55424,3043,ششتوک,160436,6
55425,3043,عباس آباد,160442,6
55426,3043,علی آباد,160453,6
55427,3043,فیروز آباد,160456,6
55428,3043,قادر آباد,160457,6
55429,3043,کال گریمنج,160462,6
55430,3043,امیریه بالا,160466,6
55431,3043,امیریه پایین / امیریه,160467,6
55432,3043,کلاته استاد محمد,160471,6
55433,3043,کلاته بالا,160473,6
55434,3043,کلاته کر,160491,6
55435,3043,کلاته نو,160502,6
55436,3043,کوگی,160506,6
55437,3043,گریمنج,160512,6
55438,3043,گیلو بالا,160514,6
55439,3043,مندر,160533,6
55440,3043,نیزار,160544,6
55441,3043,هاشم آباد,160547,6
55442,3043,هل آباد,160548,6
55443,3043,همت آباد,160550,6
55444,3043,ابوالخازن,160821,6
55445,3043,آدینه گاو,160822,6
55446,3043,اریسک,160823,6
55447,3043,اسلام آباد,160826,6
55448,3043,افکان,160827,6
55449,3043,النگ چناری,160829,6
55450,3043,النگ کلوخن,160830,6
55451,3043,اله برجی سفلی / اله برجی پایین,160831,6
55452,3043,اله برجی علیا / اله برجی بالا,160832,6
55453,3043,امرودون,160833,6
55454,3043,آهنگ,160834,6
55455,3043,باغ دره,160835,6
55456,3043,برخشت بالا,160837,6
55457,3043,برخشت پایین,160838,6
55458,3043,برگز,160839,6
55459,3043,برگستان,160840,6
55460,3043,بقچیر,160841,6
55461,3043,بونه بند / بونه بنه,160842,6
55462,3043,بیدک,160844,6
55463,3043,پای گدار,160845,6
55464,3043,پی گدار,160846,6
55465,3043,ترشو,160848,6
55466,3043,تک اسپر,160849,6
55467,3043,تک برگستان,160850,6
55468,3043,تمتمو,160851,6
55469,3043,تنگل,160852,6
55470,3043,توده بالا,160853,6
55471,3043,توده پایین,160854,6
55472,3043,جانی,160855,6
55473,3043,جزین,160857,6
55474,3043,جعفر آباد,160858,6
55475,3043,جهان آباد,160859,6
55476,3043,جهان آباد / تلواز,160860,6
55477,3043,چاه قند شیخ,160861,6
55478,3043,چاه قند کمال,160862,6
55479,3043,چشمه سخنوک / سخونک,160863,6
55480,3043,چشمه سرخ,160864,6
55481,3043,چشمه قلی,160865,6
55482,3043,چشمه کبود,160866,6
55483,3043,چشمه هنگ,160867,6
55484,3043,چلونک,160868,6
55485,3043,حاجی علمی / سید آباد,160870,6
55486,3043,حسین آباد,160872,6
55487,3043,حسین آباد,160874,6
55488,3043,حوت,160875,6
55489,3043,خرتوده,160876,6
55490,3043,دالو,160877,6
55491,3043,درباداموک,160878,6
55492,3043,درپنج,160879,6
55493,3043,درخت توتی,160880,6
55494,3043,درشش پایین/ درشش,160881,6
55495,3043,دروازه,160882,6
55496,3043,دری کلاغ,160883,6
55497,3043,ده شور,160884,6
55498,3043,دهل آباد,160885,6
55499,3043,رضاییه,160886,6
55500,3043,ریزو,160887,6
55501,3043,زیدی,160888,6
55502,3043,سخنوک / چشمه سخونک,160889,6
55503,3043,کلاته سرزو,160890,6
55504,3043,سوریز,160892,6
55505,3043,سیاه آب سفلی / سیاه آب پایین,160893,6
55506,3043,سیاه آب علیا / سیاه آب بالا,160894,6
55507,3043,عبدل آباد,160895,6
55508,3043,عزت پایین,160896,6
55509,3043,عزت بالا,160897,6
55510,3043,کلاته عسگر آباد,160899,6
55511,3043,فخر آباد,160900,6
55512,3043,کافر دره,160902,6
55513,3043,کروکی,160903,6
55514,3043,کلوخن,160904,6
55515,3043,کلاته ابراهیم,160905,6
55516,3043,کلاته انجیری,160906,6
55517,3043,کلاته بابا,160907,6
55518,3043,کلاته برج,160908,6
55519,3043,کلاته پوزه,160909,6
55520,3043,کلاته جارو,160910,6
55521,3043,کلاته حاجی,160911,6
55522,3043,کلاته زیرک,160912,6
55523,3043,کلاته نو,160913,6
55524,3043,کلاته نو,160914,6
55525,3043,کلاته نو,160915,6
55526,3043,کلاته آهنگ,160916,6
55527,3043,کندر,160917,6
55528,3043,گج کن,160918,6
55529,3043,گدار کبود,160920,6
55530,3043,گز راست,160921,6
55531,3043,گزن,160922,6
55532,3043,گزو,160923,6
55533,3043,گل بامی,160924,6
55534,3043,گلانه,160925,6
55535,3043,گود,160926,6
55536,3043,گودلو,160927,6
55537,3043,گیلو پایین,160928,6
55538,3043,گیلو بالا,160929,6
55539,3043,محمد آباد,160930,6
55540,3043,محمد آباد,160931,6
55541,3043,مراد آباد,160932,6
55542,3043,مشک آباد,160934,6
55543,3043,میرآباد,160935,6
55544,3043,میمند بالا,160936,6
55545,3043,میمند پایین,160937,6
55546,3043,نرندر,160939,6
55547,3043,نوق,160940,6
55548,3043,همدان,160941,6
55549,3043,کلاته هنگ,160943,6
55550,3043,سد خاکی اهنگ,397057,6
55551,3043,پی گدار پایین,397060,6
55552,3043,النگ شور,397061,6
55553,3043,کلاته قصاب,397062,6
55554,3043,کلاته کربلایی محمد / کلاته خشک,397063,6
55555,3043,ابراهیم آباد,397064,6
55556,3043,زرقامیه,397066,6
55557,3043,رحمانیه تقی آباد,397067,6
55558,3043,چشمه حوت / رضاییه امیرخانی,397068,6
55559,3043,کلاته چلغا,397069,6
55560,3043,کلاته خوش منزل,397070,6
55561,3043,گند ساوا / بیس آباد,397071,6
55562,3043,کلاته نو بالا,397072,6
55563,3043,حوض شایه,397075,6
55564,3043,چناران آبی,397078,6
55565,3043,تنگل بالا,397079,6
55566,3043,محمد آباد بالا,397081,6
55567,3043,همت آباد,397082,6
55568,3043,نجف آباد,397083,6
55569,3043,گدار کدیجه,397084,6
55570,3043,حسین آباد,541737,6
55571,3043,شرو,541738,6
55572,3043,چاه پور فاطمی,541896,6
55573,3044,چاه حسن عشقی,160335,6
55574,3044,چاه دامداری مختاری,160337,6
55575,3044,حوض هینبک,160381,6
55576,3044,کلاته قیچی,160490,6
55577,3044,چاه پالیز,161077,6
55578,3044,چاه شماره دو حوض سرور,161104,6
55579,3044,چاه شماره دو سنگ آتش,161105,6
55580,3044,چاه شماره یک حوض سرور,161106,6
55581,3044,چاه شماره یک سنگ آتش,161107,6
55582,3044,چاه فاتحی,161113,6
55583,3044,چاه قهرمانی,161116,6
55584,3044,چاه موتور شهدا,161119,6
55585,3044,چاه منبع آب یونسی,161130,6
55586,3044,چاه نخ کوه,161134,6
55587,3044,سه فرسخ,161142,6
55588,3044,ماراندیز,161148,6
55589,3044,دو حوضی,397026,6
55590,3044,اسماعیل آباد,397030,6
55591,3044,چاه تقی زاده / چاه قلی زاده,397034,6
55592,3044,چاه فرید/ چاه سپاهی,397035,6
55593,3044,چاه وطن دوست,397036,6
55594,3044,چاه اتحاد / چاه حسین پور,397037,6
55595,3044,چاه کشوری,397038,6
55596,3044,چاه اسدی,397039,6
55597,3044,چاه کرمانی / چاه مقدم,397040,6
55598,3044,چاه امینی,397041,6
55599,3044,چاه سنگ آتش شماره,397042,6
55600,3044,چاه کرمانی / چاه فاطمی,397045,6
55601,3044,چاه دامداری کریمی,397046,6
55602,3044,چاه مختاری,397049,6
55603,3044,دهنه حوض سوار,397056,6
55604,3044,چاه محمد شیرزاد,541925,6
55605,3044,چاه حاج حسین پهلوان پور / حاج اسماعیل پهلوان,541926,6
55606,3044,چاه رضاییان,541927,6
55607,3044,جیز,541928,6
55608,3044,چاه کمالی,541936,6
55609,3044,چاه صحرا نورد,541937,6
55610,3044,معدن سرخ رنگ رسولی,542805,6
55611,3044,معدن عین الله رحمتی,542806,6
55612,3044,شرکت آراگونیت,542807,6
55613,3044,چاه احمد وطن دوست / چاه علیپور,542954,6
55614,3045,ابراهیم آباد,161065,6
55615,3045,چاه دهقان ها,161098,6
55616,3045,چاه گچی,161118,6
55617,3045,چاه مشاع ابراهیم آباد,161124,6
55618,3045,چاه مشاع شماره سه منصوری,161126,6
55619,3045,حوض قرایی,161140,6
55620,3045,سردق,161141,6
55621,3045,فخر آباد,161143,6
55622,3045,کلاته انتظام,161146,6
55623,3045,منصوری,161149,6
55624,3045,موتور ذبیح آباد,161151,6
55625,3045,نصر آباد,161154,6
55626,3045,یورت بی بی نوروز,161156,6
55627,3045,یورت کربلایی رستم,161157,6
55628,3045,حوض فاطمه,397017,6
55629,3045,منبع آب منصوری,397018,6
55630,3045,چاه شماره 4 منصوری,397019,6
55631,3045,چاه اسدی,397020,6
55632,3045,چاه اسدیان,397021,6
55633,3045,چاه رضایی,397022,6
55634,3045,چاه دامداری آشوری,397025,6
55635,3045,یورت حوض قوچی,397050,6
55636,3045,چاه دامداری یوسفی,541792,6
55637,3045,کوره آجر آذرگون,541899,6
55638,3045,چاه حسین آباد منصوری,541910,6
55639,3045,چاه کرمانی ها,541911,6
55640,3045,چاه شرکت زیره کاران,541912,6
55641,3045,چاه امان اله اسدی,541913,6
55642,3045,چاه حاج ابراهیم عبداللهی,541914,6
55643,3045,چاه برهانی,541916,6
55644,3045,چاه هاشمی نیا,541917,6
55645,3045,معدن سنگ حوض بلوچ,542249,6
55646,3045,چاه جماعتی,542250,6
55647,3045,چاه بابایی,542251,6
55648,3045,چاه سلیمانی,542252,6
55649,3045,چاه منیری,542253,6
55650,3045,چاه هادی فاطمی,542810,6
55651,3045,چاه بیگی / چاه آقایی,542955,6
55652,3045,چاه صادقی / میرزایی پور,542956,6
55653,3045,چاه چهل هکتاری / میرزاده,542957,6
55654,3045,چاه مجیدی پور,542958,6
55655,3045,چاه اشرافی,542959,6
55656,3045,چاه جوانبخت / چاه علیزاده,542960,6
55657,3045,چاه عارفان,542961,6
55658,3045,چاه نور محمدی / چاه خدابخش,542962,6
55659,3045,چاه شوقی / چاه آخوندی,542963,6
55660,3045,چاه شهدای دشت ذبیح آباد,542964,6
55661,3045,چاه اکبر زینبی,542965,6
55662,3045,چاه ابراهیمیان,542966,6
55663,3045,چاه مزاری ها,542967,6
55664,3045,چاه ضیایی,542969,6
55665,3045,چاه دکترنبی پور,542970,6
55666,3046,اردمه,164650,6
55667,3046,ازغد,164651,6
55668,3046,برناباد,164658,6
55669,3046,تجر,164661,6
55670,3046,چشمه سرخ,164666,6
55671,3046,خانرود / اسلام رود,164667,6
55672,3046,سربرج,164670,6
55673,3046,سرزاب علیا,164671,6
55674,3046,سرزاب سفلی,164672,6
55675,3046,شلگرد,164674,6
55676,3046,کلاته خاتون,164676,6
55677,3046,مایان سفلی,164679,6
55678,3046,مایان علیا,164680,6
55679,3046,مایان وسطی,164681,6
55680,3046,مغان,164682,6
55681,3046,مج,164683,6
55682,3046,مینوشک,164685,6
55683,3046,کلاته عبدل,164744,6
55684,3046,اختر شاه,164792,6
55685,3046,باغو,164794,6
55686,3046,بیلدر,164796,6
55687,3046,چشمه عسل,164802,6
55688,3046,داغستان,164805,6
55689,3046,کلاته درخت بید,164816,6
55690,3046,نوچاه,164819,6
55691,3046,باغ عنبر,397754,6
55692,3046,کلاته علی خان / کلاته تیموری / بازه راز,397755,6
55693,3046,خلج,397886,6
55694,3046,علی کوری,397887,6
55695,3046,کلاته تیشتر,542636,6
55696,3046,کلاته آهنی,542637,6
55697,3047,کنگ,164746,6
55698,3047,نقندر,164755,6
55699,3047,دهبار,164806,6
55700,3047,دیزدر,164808,6
55701,3047,سیرزار سفلی,164809,6
55702,3047,سیرزار علیا,164810,6
55703,3047,کلاته آهن,164815,6
55704,3047,جاغرق,397729,6
55705,3047,بازه دشتون,397819,6
55706,3047,کردینه,397895,6
55707,3048,چاه خاصه,164725,6
55708,3048,حسن آباد,164726,6
55709,3048,ساقشک,164733,6
55710,3048,سوران,164735,6
55711,3048,شمعلی,164737,6
55712,3048,فرح آباد,164738,6
55713,3048,کلاته ابراهیم آباد / کلاته ابراهیم خان,164743,6
55714,3048,لنگر,164750,6
55715,3048,ویرانی / نور آباد,164756,6
55716,3048,چاهشک,164801,6
55717,3048,حسین آباد جلدک,164803,6
55718,3048,دهنو,164807,6
55719,3048,صفی آباد,164811,6
55720,3048,فیانی,164812,6
55721,3048,کارخانه خانه سازی مشهد,166204,6
55722,3048,شهرک صنعتی توس,809555,6
55723,3049,ابرده سفلی,164722,6
55724,3049,ابرده علیا,164723,6
55725,3049,کلاته معاون,164745,6
55726,3049,گراخک,164748,6
55727,3049,محله زشک سفلی,164751,6
55728,3049,محله زشک علیا,164752,6
55729,3049,زشک,397896,6
55730,3049,کلاته گیزی,809001,6
55731,3049,حیطه زشک,809557,6
55732,3050,ابراهیم آباد,166652,6
55733,3050,اقبالیه,166656,6
55734,3050,امیر آباد,166657,6
55735,3050,امیر آباد طبق,166658,6
55736,3050,ایستگاه عطار,166660,6
55737,3050,بازوبند,166662,6
55738,3050,بحرود,166663,6
55739,3050,بز قوچان,166665,6
55740,3050,پشته جلگه افشار,166667,6
55741,3050,پمپ بنزین کارخانه,166668,6
55742,3050,تقی آباد,166669,6
55743,3050,تلخ آباد,166670,6
55744,3050,جلال آباد,166671,6
55745,3050,چهار برج,166672,6
55746,3050,حاجی آباد,166673,6
55747,3050,حاجی آباد,166674,6
55748,3050,حسن آباد سالار,166675,6
55749,3050,حسین آباد النگ,166677,6
55750,3050,حسین آباد کمال الملک,166678,6
55751,3050,حصار کوشک,166679,6
55752,3050,حصار گودال,166680,6
55753,3050,حیدر آباد,166681,6
55754,3050,دولت آباد,166687,6
55755,3050,رباطی,166690,6
55756,3050,رشیداباد,166691,6
55757,3050,رهن کاریز,166692,6
55758,3050,سالاریه,166694,6
55759,3050,سبیان,166696,6
55760,3050,سرده,166697,6
55761,3050,سنگ سفید,166699,6
55762,3050,شمس آباد,166703,6
55763,3050,شمس آباد,166704,6
55764,3050,شوری بزرگ,166705,6
55765,3050,عبداله آباد,166707,6
55766,3050,چاه عمیق حسن آباد,166710,6
55767,3050,فتح آباد,166711,6
55768,3050,قارا چشمه,166713,6
55769,3050,قرق,166714,6
55770,3050,قلعه حسن,166716,6
55771,3050,کارخانه قند,166718,6
55772,3050,کفکی,166719,6
55773,3050,کلاته زمان آباد,166720,6
55774,3050,کلاته شوری,166721,6
55775,3050,گلستان,166723,6
55776,3050,محمد آباد,166724,6
55777,3050,مزرعه دهنو خلج,166726,6
55778,3050,معتمدیه,166727,6
55779,3050,میرزا عسگری,166729,6
55780,3050,نجف آباد,166730,6
55781,3050,همت آباد زمانی,166735,6
55782,3050,ینگه قلعه,166737,6
55783,3050,یوسف آباد,166738,6
55784,3050,شرکت تیراژ,399376,6
55785,3050,راهدارخانه حسن آباد,399378,6
55786,3050,کارخانه اسفالت,399379,6
55787,3050,ماهی سراشجاعی,399382,6
55788,3050,چاه هییتی رهن کاریز,399397,6
55789,3050,چاه عشقی ها,399399,6
55790,3050,مزرعه سازمان تحقیقات,399400,6
55791,3050,چاه محسن آباد,399402,6
55792,3050,امان آباد / امین آباد,541589,6
55793,3050,بنگاه تعاون وحرفه آموزی صنایع زندانیان,542040,6
55794,3050,شرکت تعاونی کشتارگاه صنعتی طیور,542385,6
55795,3050,شهراباد,542647,6
55796,3050,مرغداری یزدی,809580,6
55797,3051,احمد آباد گنجی,166653,6
55798,3051,احمد جامی,166654,6
55799,3051,گزار,166722,6
55800,3051,رباطی غربت ها,166871,6
55801,3051,چشمه ابوالقاسم,167900,6
55802,3051,چشمه دل آب,167901,6
55803,3051,حریق,167902,6
55804,3051,رستم آباد,167909,6
55805,3051,زشک,167913,6
55806,3051,شیکان,167922,6
55807,3051,قلعه حسن,167928,6
55808,3051,کارجی معدن / کارجی,167930,6
55809,3051,کلاته حسین علی,167943,6
55810,3051,کلاته کربلایی قاسم,167947,6
55811,3051,گمشان,167950,6
55812,3051,معدن ساختمان فیروزه,167957,6
55813,3051,معدن سفلی,167958,6
55814,3051,معدن علیا,167959,6
55815,3051,معدن نمک,167960,6
55816,3051,مهر آباد,167962,6
55817,3051,نو بهار,167964,6
55818,3051,نی زاری,167965,6
55819,3051,احمد آباد,168382,6
55820,3051,چاق قره,168404,6
55821,3051,حصارنو,168411,6
55822,3051,خواجه نبی,168419,6
55823,3051,زاونگ سفلی,168426,6
55824,3051,زاونگ علیا,168427,6
55825,3051,علی آباد,168438,6
55826,3051,علی دوله,168439,6
55827,3051,قالی باف سفلی,168444,6
55828,3051,قالی باف علیا,168445,6
55829,3051,قره جه,168447,6
55830,3051,قلاسی,168449,6
55831,3051,گلشن آباد,168467,6
55832,3051,محمد آباد آستانه,168469,6
55833,3051,ملخدره سفلی,168472,6
55834,3051,وزیریه,168477,6
55835,3051,حسین آباد,540061,6
55836,3051,معدن گچ قره قوچی,540065,6
55837,3051,معدن گچ مروارید,809581,6
55838,3051,نمک معدن علی دوله,809582,6
55839,3051,کارخانه آسفالت شرکت دل حفره,809583,6
55840,3051,کارگاه کلووکول,809584,6
55841,3052,احمدیه,166655,6
55842,3052,بیرم آباد,166666,6
55843,3052,توزنده جان کهنه,166685,6
55844,3052,توزنده جان نو,166686,6
55845,3052,سهل آباد,166701,6
55846,3052,نهل,166732,6
55847,3052,نیر آباد,166733,6
55848,3052,بابا علی,166837,6
55849,3052,بتو,166839,6
55850,3052,برزلی,166841,6
55851,3052,بنده,166842,6
55852,3052,تپه جیک,166847,6
55853,3052,تپه خار زار,166848,6
55854,3052,چزگ,166852,6
55855,3052,دو درزی,166867,6
55856,3052,سلیمان جیک,166878,6
55857,3052,سلیمانی,166879,6
55858,3052,سید آباد,166882,6
55859,3052,شورآب,166887,6
55860,3052,صمان,166895,6
55861,3052,عباس آباد,166897,6
55862,3052,علی آباد,166899,6
55863,3052,عین الپلی,166903,6
55864,3052,فتح آباد,166904,6
55865,3052,فرخار,166906,6
55866,3052,قره باغ,166911,6
55867,3052,قزقنه کوچک,166913,6
55868,3052,قلعه دزدان / قلعه یزدان,166914,6
55869,3052,گرماب شاهزاده,166932,6
55870,3052,گل قردره,166935,6
55871,3052,مصطفی بیک,166940,6
55872,3052,میان تو,166944,6
55873,3052,ناوشک,166945,6
55874,3052,نصر آباد,166949,6
55875,3052,وسگ,166952,6
55876,3052,جمبر جوق,167820,6
55877,3052,رباطی شاهزاده,167827,6
55878,3052,اردلان,167880,6
55879,3052,البسه در,167882,6
55880,3052,انجیردر,167884,6
55881,3052,باغ رستم,167888,6
55882,3052,بیدر,167890,6
55883,3052,رضوان,167911,6
55884,3052,فهنه,167924,6
55885,3052,کاریز میر عزیز,167931,6
55886,3052,کلاته آسیا,167938,6
55887,3052,کلاته زینل,167944,6
55888,3052,کوندر / کمندر,167951,6
55889,3052,جازندر/گزندر,167955,6
55890,3052,مرزان,167956,6
55891,3052,نسک,167963,6
55892,3052,مقبره باباپیر,395280,6
55893,3052,اکبر آباد,540017,6
55894,3052,فیض آباد,540022,6
55895,3052,کوره آجر فشاری پیوند,540044,6
55896,3052,کوره آجر فشاری رجا,540045,6
55897,3052,حند آباد,540047,6
55898,3052,احمد باری,540048,6
55899,3052,عباس آباد,540060,6
55900,3053,دورباطی,166684,6
55901,3053,ابراهیم آباد تک مشو,166826,6
55902,3053,پی گدار سبز,166845,6
55903,3053,تایر آباد,166846,6
55904,3053,ته منجان سفلی,166849,6
55905,3053,ته منجان علیا,166850,6
55906,3053,حسنی,166855,6
55907,3053,دستجرد,166863,6
55908,3053,دولت آباد,166866,6
55909,3053,رباط حوض سنگ,166870,6
55910,3053,زروند,166872,6
55911,3053,ساداتیه,166873,6
55912,3053,سنگ سفید,166880,6
55913,3053,سید آباد تک مشو,166884,6
55914,3053,شور گشت,166889,6
55915,3053,شور ورز,166890,6
55916,3053,شور یاب,166892,6
55917,3053,علی آباد,166900,6
55918,3053,فطم آباد,166907,6
55919,3053,قراچه,166910,6
55920,3053,کاظم آباد,166915,6
55921,3053,کلاته سراجه سفلی,166922,6
55922,3053,کلاته سراجه علیا,166923,6
55923,3053,کلاته مرجان سفلی,166926,6
55924,3053,کلاته مرجان علیا,166927,6
55925,3053,مقول پایین,166942,6
55926,3053,دکل تلویزیون و مخابرات,540035,6
55927,3054,ابو چناری,145807,6
55928,3054,ابو طاهری,145808,6
55929,3054,آسیاب نو,145825,6
55930,3054,بور قندر,145844,6
55931,3054,حطیطه,145868,6
55932,3054,ذاب,145879,6
55933,3054,زرقان,145891,6
55934,3054,زمند,145892,6
55935,3054,فریمانه,145921,6
55936,3054,قلبک,145923,6
55937,3054,کلاته خداوردی,145938,6
55938,3054,کهوا,145951,6
55939,3054,گزندر,145953,6
55940,3054,کلاته قربانعلی,146280,6
55941,3054,کلاته میرعباس,146288,6
55942,3054,نیلان,146306,6
55943,3054,شهرستانک,146520,6
55944,3054,چاه عروج علی جغتایی,394996,6
55945,3054,چاه محمد محمد آبادی,394997,6
55946,3054,چاه شماره 2 زور,394998,6
55947,3054,کلاته سبربی,395025,6
55948,3054,چاه عمیق علی اصغر قرآنی,395027,6
55949,3054,چاه عمیق حسن زرقانی,395028,6
55950,3054,چاه عمیق شماره 4 زور,395029,6
55951,3054,چاه عمیق شماره 3 زور,395030,6
55952,3054,پای چنار,541695,6
55953,3054,چاه عمیق شماره 4 کال داغلق موسی جغتای,542275,6
55954,3054,چاه عمیق شماره 6 کال داغلن,542276,6
55955,3054,موتور رحیم آباد کال داغلق,542277,6
55956,3054,آبادی زورزمند شماره موتور 55,542278,6
55957,3054,امیر آباد / آبادی زورزمند شماره موتور 52,542279,6
55958,3054,چاه شماره 5 کال داغلن,542280,6
55959,3054,بوستان / چاه عمیق شماره 5 زورزمند / چاه 120 نفر,542858,6
55960,3054,قایم / چاه عمیق شماره یک زورزمند,542859,6
55961,3054,ایثار / چاه عمیق شماره دو زورزمند,542860,6
55962,3054,رضوان / چاه عمیق شماره 27 زورزمند,542861,6
55963,3054,بهار / چاه عمیق شماره 28 زورزمند,542862,6
55964,3054,شهرک زمند/ زمندنو,809002,6
55965,3054,کال داغلن,809562,6
55966,3055,الله آباد,146206,6
55967,3055,برسل,146211,6
55968,3055,جاورتن,146225,6
55969,3055,جبله,146226,6
55970,3055,دستوران,146231,6
55971,3055,دلبری,146232,6
55972,3055,شادمان,146240,6
55973,3055,شایخ,146241,6
55974,3055,فراگرد,146245,6
55975,3055,کلاته توت دره,146260,6
55976,3055,کلاته چنق,146263,6
55977,3055,کلاته یاسین,146289,6
55978,3055,کهنه,146291,6
55979,3055,گفت,146297,6
55980,3055,منیدر,146302,6
55981,3055,نخاب,146304,6
55982,3055,خداوردی,146990,6
55983,3055,سردو,146998,6
55984,3055,گاو سرا,394577,6
55985,3055,گنداوه,395149,6
55986,3055,کلاته آهنگران بالا,541697,6
55987,3055,شوشوی بزرگ,541698,6
55988,3055,شوشوی کوچک,541699,6
55989,3055,دلیری,542273,6
55990,3055,مهدی آباد گفت,542281,6
55991,3055,چاه شماره 1 قره حوض / جبله نو,542283,6
55992,3056,آزادوار,146149,6
55993,3056,ایستگاه آزادوار,146152,6
55994,3056,حاجی آباد,146158,6
55995,3056,حسین آباد,146159,6
55996,3056,خلیل آباد,146160,6
55997,3056,شفیع آباد,146161,6
55998,3056,عباس آباد,146165,6
55999,3056,عبدل آباد اکراد,146166,6
56000,3056,فیض آباد,146168,6
56001,3056,قلعه نو,146169,6
56002,3056,مهر بزک,146173,6
56003,3056,اناوی,146481,6
56004,3056,چاه عمیق مختاری,146496,6
56005,3056,چاه کلاته گز,146497,6
56006,3056,خواجه,146506,6
56007,3056,فراشیان,146528,6
56008,3056,کلاته گز,146536,6
56009,3056,گل چمن,146537,6
56010,3056,گلشن آباد,146538,6
56011,3056,محمد آباد گفت,146542,6
56012,3056,مزرعه جعفر آباد,146544,6
56013,3056,چاه شماره 39 منیدر / محمدیه,395144,6
56014,3056,چاه مشاع 1 فیض آباد,395150,6
56015,3056,فرخ آباد,395156,6
56016,3056,موتور برق دکل,395185,6
56017,3056,دکل تلویزیون,395186,6
56018,3056,سید آباد پیره,541794,6
56019,3056,حسن آباد منیدر,809003,6
56020,3057,ابویسان,146475,6
56021,3057,استریان,146477,6
56022,3057,ایستگاه سنخواست,146483,6
56023,3057,حجت آباد,146499,6
56024,3057,خداشاه / ده امام,146504,6
56025,3057,خسرو شیر,146505,6
56026,3057,راه چمن,146510,6
56027,3057,رودبار,146512,6
56028,3057,سامقان,146514,6
56029,3057,سلیمان آباد,146515,6
56030,3057,سیدآباد اکراد,146518,6
56031,3057,سید آباد,146519,6
56032,3057,عباس آباد قندی,146523,6
56033,3057,فشانجرد,146530,6
56034,3057,کلاته رضاییه,146534,6
56035,3057,گوری,146539,6
56036,3057,محمد آباد علیا,146541,6
56037,3057,مزرعه راه چمن,146545,6
56038,3057,نوباغ,146548,6
56039,3057,نیم ایستگاه جوین,146550,6
56040,3057,وری,146552,6
56041,3057,چاه عمیق شماره 7 شهید بروغنی,394815,6
56042,3057,چاه عمیق مالکین /چاه عمیق مالکین شماره,394816,6
56043,3057,علی آباد,394862,6
56044,3057,چاه عمیق عباس آباد,394874,6
56045,3057,چاه عمیق محمد زاده,394875,6
56046,3057,چاه عمیق حسین جفتای شماره 1,394876,6
56047,3057,چاه عمیق حسین جفتای شماره 2,394877,6
56048,3057,ولی آباد,394878,6
56049,3057,ایستگاه راه آهن جوین,541793,6
56050,3058,آخرک,141890,6
56051,3058,اسماعیل آباد,141894,6
56052,3058,آق دره,141895,6
56053,3058,غضبی,141905,6
56054,3058,حاجی آباد,141906,6
56055,3058,حسین آباد,141908,6
56056,3058,حفیظ آباد,141909,6
56057,3058,سرخی,141921,6
56058,3058,رودخانه شاهرود,141926,6
56059,3058,کبوترخان,141942,6
56060,3058,کلاته سبز,141957,6
56061,3058,کلاته سرهنگ,141958,6
56062,3058,کلاته فیروز,141961,6
56063,3058,گراب / گرگاب,141967,6
56064,3058,گزیدر,141968,6
56065,3058,گوجی / گوجیک,141971,6
56066,3058,مرجانه,141975,6
56067,3058,نور آباد,141980,6
56068,3058,ژاله,142332,6
56069,3058,آبرنگ,142337,6
56070,3058,ارداب / اردو,142342,6
56071,3058,آنی,142350,6
56072,3058,بقا,142364,6
56073,3058,بهارستان,142370,6
56074,3058,پاشکی,142378,6
56075,3058,تلخی,142389,6
56076,3058,تمشک,142390,6
56077,3058,جعفر مشهدی,142398,6
56078,3058,چشمه شادگلی,142484,6
56079,3058,چشمه شور / چشمه علابزی,142486,6
56080,3058,حصار,142497,6
56081,3058,دروک بالا,142506,6
56082,3058,دروک پایین,142507,6
56083,3058,دهنو,142510,6
56084,3058,زاوه,142518,6
56085,3058,سنایی,142535,6
56086,3058,سیاه سنگ,142545,6
56087,3058,سید آباد,142546,6
56088,3058,شهن آباد,142560,6
56089,3058,صبی,142565,6
56090,3058,عطبه,142569,6
56091,3058,عنبر سرا,142575,6
56092,3058,قلعه نی,142585,6
56093,3058,کاریزبالا,142587,6
56094,3058,کاریزک ناگهانی,142590,6
56095,3058,کاریز کلاغ,142591,6
56096,3058,کال سار,142596,6
56097,3058,کال سرخ,142597,6
56098,3058,کلاته زنگنه,142607,6
56099,3058,کنگ سفلی,142615,6
56100,3058,کنگ علیا,142616,6
56101,3058,کنگ زیتون,142617,6
56102,3058,گلسرا,142629,6
56103,3058,لعلی,142630,6
56104,3058,مبارکه,142632,6
56105,3058,محمد آباد حضرتی,142636,6
56106,3058,میرآباد,142644,6
56107,3058,نصر آباد,142648,6
56108,3058,نیاز آباد,142654,6
56109,3058,کلاته سعید,142660,6
56110,3058,چاه تپه,392587,6
56111,3058,باغ حاج محمد ایل بیگی,392595,6
56112,3058,کلاته قنبر,392596,6
56113,3058,خانقاه,392610,6
56114,3058,چاه موتورشجعی,392611,6
56115,3058,وردست کلاته علی کوری / کلاته انگوری,392614,6
56116,3058,کلاته دی بندی,392615,6
56117,3058,کلاته فخری نسا,392616,6
56118,3058,کلاته سرخ,392637,6
56119,3058,چاه عمیق سلیمانی,542007,6
56120,3059,احمد آباد,142339,6
56121,3059,برزو,142360,6
56122,3059,بقیع,142365,6
56123,3059,بی حاصل,142377,6
56124,3059,پا قلعه,142379,6
56125,3059,پاگدار,142382,6
56126,3059,پطرو,142383,6
56127,3059,جوادیه,142403,6
56128,3059,چاقه بلوچ ها,142405,6
56129,3059,چاقه حاج محمد جان,142406,6
56130,3059,حشمت آباد,142496,6
56131,3059,رضاییه,142514,6
56132,3059,سعد آباد,142530,6
56133,3059,سلطان آباد,142532,6
56134,3059,سهل آباد,142541,6
56135,3059,سهل آبادک,142543,6
56136,3059,شستان سفلی,142553,6
56137,3059,شستان علیا,142554,6
56138,3059,شیرخون,142563,6
56139,3059,شیرمی,142564,6
56140,3059,صفی آباد,142566,6
56141,3059,علی آباد,142573,6
56142,3059,کاریزته,142588,6
56143,3059,کاریز گلی,142592,6
56144,3059,مرغزار,142637,6
56145,3059,همت آباد / کاریز نو,142659,6
56146,3060,ارغوان,142340,6
56147,3060,برمست,142363,6
56148,3060,بیدوی,142375,6
56149,3060,بیشه ساق,142376,6
56150,3060,پاگدار,142381,6
56151,3060,پیر آصف,142386,6
56152,3060,توقیه,142391,6
56153,3060,ته رودک,142392,6
56154,3060,جعفر آباد سفلی,142396,6
56155,3060,جعفر آباد علیا,142397,6
56156,3060,چاه قرچه,142475,6
56157,3060,چشمه بر,142478,6
56158,3060,دالانه,142505,6
56159,3060,ساق,142522,6
56160,3060,سنگ سرمه,142539,6
56161,3060,شادکن,142549,6
56162,3060,فیروز آباد,142577,6
56163,3060,قلعه آقا حسن,142581,6
56164,3060,قلعه نوعسکرزایی,142584,6
56165,3060,کاریز نوا,142594,6
56166,3060,کاهیجه,142598,6
56167,3060,کرقش سفلی,142601,6
56168,3060,کرقش علیا,142602,6
56169,3060,کشکک,142603,6
56170,3060,کولی سفلی,142622,6
56171,3060,کهه,142624,6
56172,3060,گل چشمه,142626,6
56173,3060,محمد آباد,142634,6
56174,3060,مرغزار,142638,6
56175,3060,نصیر آباد,142649,6
56176,3060,نواله,142651,6
56177,3061,ژرف,142333,6
56178,3061,ابراهیم آباد,142334,6
56179,3061,ابراهیم خان,142336,6
56180,3061,اسبگیر,142343,6
56181,3061,افضل آباد,142344,6
56182,3061,امیرآباد,142347,6
56183,3061,بازگیر,142353,6
56184,3061,بند بیشه,142368,6
56185,3061,بیدک سفلی,142373,6
56186,3061,پاکمر,142380,6
56187,3061,تلخک,142388,6
56188,3061,جعفرآباد,142394,6
56189,3061,جلوگیر,142399,6
56190,3061,چاهوک,142476,6
56191,3061,چشمه حسن یعقوب,142481,6
56192,3061,حسن آباد,142492,6
56193,3061,حسین آباد,142493,6
56194,3061,داش خانه,142504,6
56195,3061,رحمت آباد,142513,6
56196,3061,ریگان,142516,6
56197,3061,زمان آباد,142519,6
56198,3061,سالاراباد,142524,6
56199,3061,سرگلان,142529,6
56200,3061,سلطان سلیمان,142533,6
56201,3061,سنجتک,142536,6
56202,3061,سنگ سفید,142540,6
56203,3061,سیاه چوبی,142544,6
56204,3061,سیدداود,142547,6
56205,3061,میرپسند / شاهسوند,142550,6
56206,3061,شاهین سفلی,142551,6
56207,3061,شاهین علیا,142552,6
56208,3061,شورآب,142556,6
56209,3061,شهوار,142561,6
56210,3061,عباس آباد,142568,6
56211,3061,علمدار,142570,6
56212,3061,علیک,142571,6
56213,3061,قلعه نوصفی آباد,142583,6
56214,3061,کج بید,142600,6
56215,3061,کلاته جان محمد,142604,6
56216,3061,کلاته خان,142606,6
56217,3061,کلاته گوشه سنگ,142608,6
56218,3061,کلاته میراسداله,142610,6
56219,3061,کلاته نو,142613,6
56220,3061,مرغزارحسینی,142639,6
56221,3061,ناگهان,142646,6
56222,3061,نیراب سفلی,142655,6
56223,3061,نیراب علیا,142656,6
56224,3061,نی سبز,142657,6
56225,3061,میان کوه,392978,6
56226,3061,لاخ زرد,392982,6
56227,3061,کلاته تاج,542449,6
56228,3062,احمد آباد ملک,145574,6
56229,3062,آق قلعه,145578,6
56230,3062,انداده,145584,6
56231,3062,ایستگاه نقاب,145587,6
56232,3062,بیست باغ,145596,6
56233,3062,ته بند,145599,6
56234,3062,حاجی آباد حاج صفر,145604,6
56235,3062,حیدر آباد,145612,6
56236,3062,زور آباد,145622,6
56237,3062,زیر آباد,145623,6
56238,3062,سیرغان,145628,6
56239,3062,طرسک,145634,6
56240,3062,عباس آباد ملک,145636,6
56241,3062,علی آباد,145640,6
56242,3062,رازی,145646,6
56243,3062,کارخانه قند جوین,145649,6
56244,3062,کروژده,145651,6
56245,3062,کلاته انداده,145655,6
56246,3062,کلاته عرب,145661,6
56247,3062,کلاته میمری,145665,6
56248,3062,کمایستان,145668,6
56249,3062,مزرعه شهرستانک,145676,6
56250,3062,مزرعه کمایستان,145677,6
56251,3062,ملک آباد,145679,6
56252,3062,نیم ایستگاه نقاب,145684,6
56253,3062,هنگر آباد,145687,6
56254,3062,چاه عمیق همت آباد کروژده,393586,6
56255,3062,چاه عمیق کروژده,393587,6
56256,3062,چاه عمیق انقلاب,393588,6
56257,3062,چاه عمیق حسین آباد,393589,6
56258,3062,چاه عمیق چهل بند,393590,6
56259,3062,مزرعه شهید مطهری,393591,6
56260,3062,مزرعه خیرخواه,393628,6
56261,3062,بحر آباد / مزرعه بحر آباد,393648,6
56262,3062,جنت آباد,393684,6
56263,3062,فتح آباد نو / فتح آباد,393704,6
56264,3062,پست برق 132 کیلو وات دشت کمای,393717,6
56265,3062,چاه عمیق شماره 1 قندی,393720,6
56266,3062,چاه عمیق شماره 2 قندی,393721,6
56267,3062,مزرعه آستان قدس,393722,6
56268,3062,حسین آباد حاج محمد علی,393744,6
56269,3062,شهرک کارخانه قند جوین,393757,6
56270,3062,چاه عمیق قارزی,393765,6
56271,3062,چاه عمیق شماره 3 شهید رجایی,393775,6
56272,3062,چاه عمیق شماره 3 انداده,393776,6
56273,3062,چاه عمیق شماره 2 انداده,393777,6
56274,3062,شهرک قایم,909002,6
56275,3063,ارگ نوجوی,145813,6
56276,3063,اله آباد,145829,6
56277,3063,کلاته براقی,145838,6
56278,3063,برغمد,145839,6
56279,3063,بفره بالا,145841,6
56280,3063,بفره پایین,145842,6
56281,3063,بید,145846,6
56282,3063,بیدخور,145847,6
56283,3063,پونم,145850,6
56284,3063,جزندر,145854,6
56285,3063,جزندر سوخته,145855,6
56286,3063,جلمبادان,145857,6
56287,3063,جمال آباد,145858,6
56288,3063,دلکک آباد,145877,6
56289,3063,رامشین,145880,6
56290,3063,رهری بیدخور,145889,6
56291,3063,سرداب,145896,6
56292,3063,شصت خانی,145906,6
56293,3063,شمس آباد,145907,6
56294,3063,قلعه نو,145925,6
56295,3063,کلاته فاضل,145944,6
56296,3063,منجشیرین,145965,6
56297,3063,مهر آباد,145966,6
56298,3063,میان آباد,145968,6
56299,3063,یحیی آباد,145975,6
56300,3063,یوسف آباد,145977,6
56301,3063,کارگاه شن شویی,394800,6
56302,3064,ابراهیم آباد بغایری,146410,6
56303,3064,احمد آباد,146412,6
56304,3064,ایستگاه راه آهن اسفراین,146413,6
56305,3064,بداغ آباد,146414,6
56306,3064,حسین آباد میرزا مومن,146420,6
56307,3064,رحمت آباد,146424,6
56308,3064,علی آباد,146426,6
56309,3064,کریم آباد,146427,6
56310,3064,کلاته حسین خان,146428,6
56311,3064,کلاته عرب,146429,6
56312,3064,کلاته خرازی,394961,6
56313,3064,برقندی,394966,6
56314,3065,ابراهیم آباد ابوطالب / ابراهیم آباد,145573,6
56315,3065,اسماعیل آباد,145575,6
56316,3065,اندوقان,145585,6
56317,3065,بخش آباد,145592,6
56318,3065,بهرامیه,145594,6
56319,3065,بیژن آباد,145595,6
56320,3065,حاجی آباد بزازی,145603,6
56321,3065,حسن آباد,145606,6
56322,3065,خرم آباد,145614,6
56323,3065,خیر آباد,145615,6
56324,3065,رستم آباد,145621,6
56325,3065,سید آباد,145626,6
56326,3065,عباس آباد عرب,145635,6
56327,3065,کلاته بک,145657,6
56328,3065,کلاته شهیدان /کلاته قادری,145662,6
56329,3065,کلاته ملا,145663,6
56330,3065,نانوا,145681,6
56331,3065,همت آباد,145686,6
56332,3065,محمد آباد,146432,6
56333,3065,چاه عمیق اندو قانک,394885,6
56334,3065,چاه عمیق شیکه,394886,6
56335,3065,چاه عمیق شماره 1 الله آباد,394888,6
56336,3065,چاه عمیق شماره 2 الله آباد,394890,6
56337,3065,چاه عمیق شماره 1 ابراهیم آباد,394898,6
56338,3065,چاه عمیق شماره 3 بیژن آباد,394899,6
56339,3065,چاه عمیق شماره 1 بیژن آباد,394901,6
56340,3065,چاه عمیق شماره 2 بیژن آباد,394902,6
56341,3065,چاه عمیق گلشن آباد,394923,6
56342,3065,مزرعه قادری,394975,6
56343,3066,اشتیوان,137119,6
56344,3066,الهی,137120,6
56345,3066,بزنجرد اسلامی/ پژنگرد,137122,6
56346,3066,حاجی آباد,137165,6
56347,3066,سیه لاخ,137198,6
56348,3066,شهرک امام خمینی,137200,6
56349,3066,قلعه نوشاملو,137205,6
56350,3066,کج آب,137212,6
56351,3066,کلاته خونی,137215,6
56352,3066,کمر سبز,137219,6
56353,3066,کوه سفید,137223,6
56354,3066,گزیچه,137228,6
56355,3066,گزیک / گزی,137229,6
56356,3066,گندم شاد,137234,6
56357,3066,مراد آباد,137239,6
56358,3066,منج,137243,6
56359,3066,نصرت آباد,137245,6
56360,3066,نقاره خانه,137246,6
56361,3066,نوبهار غلامان,137247,6
56362,3066,نوبهار کردیان,137248,6
56363,3066,تونه,137888,6
56364,3066,خواجه بیگ,137967,6
56365,3066,قرارگاه انصار مشهد,392307,6
56366,3066,مرکز آموزشگاه خاتم الانبیاء,392308,6
56367,3066,چاه آستانه,392311,6
56368,3066,جیز آباد,392344,6
56369,3067,ارخود,137115,6
56370,3067,ارزنه,137116,6
56371,3067,بزنجرد کردیان,137126,6
56372,3067,خیدیز,137173,6
56373,3067,کردیان,137214,6
56374,3068,ابخیزه,137113,6
56375,3068,ابنیه,137114,6
56376,3068,استجرود,137117,6
56377,3068,اویان,137121,6
56378,3068,تنگل مزار,137138,6
56379,3068,تورانه,137139,6
56380,3068,جرف,137141,6
56381,3068,چهارطاق,137163,6
56382,3068,حسین آباد تقی,137169,6
56383,3068,خیجه,137172,6
56384,3068,دشت آب,137178,6
56385,3068,ساریان علیا,137186,6
56386,3068,سالار حسین,137187,6
56387,3068,کافچ,137211,6
56388,3068,کولاب,137222,6
56389,3068,گرازی,137224,6
56390,3068,محمد آباد,137237,6
56391,3068,شهرک شهید دکتر بهشتی,392347,6
56392,3069,بایی,137125,6
56393,3069,حسن آباد,137167,6
56394,3069,حسین آباد,137168,6
56395,3069,ده برزو,137181,6
56396,3069,دهنو,137183,6
56397,3069,سنقر آباد,137193,6
56398,3069,سورستان,137194,6
56399,3069,فری آباد,137202,6
56400,3069,قلعه سرخ,137204,6
56401,3069,کج اولنگ,137213,6
56402,3069,کلاته کاظم,137217,6
56403,3069,گرگاب,137225,6
56404,3069,هفت سویی,137252,6
56405,3069,همت آباد,137253,6
56406,3069,چاه حاج ابراهیم ماراندیزی,392352,6
56407,3070,حسن آباد,148573,6
56408,3070,حسینی,148579,6
56409,3070,داشخانه / داشخان تکاب,148580,6
56410,3070,رسول آباد,148583,6
56411,3070,روکی,148584,6
56412,3070,زرقی,148585,6
56413,3070,سراجه,148586,6
56414,3070,شوراب,148589,6
56415,3070,طالبی,148591,6
56416,3070,عبدهی سفلی,148596,6
56417,3070,علیک,148598,6
56418,3070,علی آباد,148599,6
56419,3070,فوجی,148602,6
56420,3070,قاش انجیل,148603,6
56421,3070,قمشلق,148604,6
56422,3070,کلاته خسروی,148610,6
56423,3070,کلاته عزیز آباد,148612,6
56424,3070,کیخسرو,148614,6
56425,3070,محمد آباد,148619,6
56426,3070,موش آباد,148633,6
56427,3070,نظام آباد,148636,6
56428,3070,نور آباد,148637,6
56429,3070,یلباش,148643,6
56430,3070,امیر آباد,167812,6
56431,3070,بلقان آباد,167814,6
56432,3070,ترخاص,167816,6
56433,3070,تکلو,167817,6
56434,3070,حسین آباد,167824,6
56435,3070,خوشاب,167825,6
56436,3070,سوزنده,167829,6
56437,3070,سید آباد,167830,6
56438,3070,سید آباد جدید,167831,6
56439,3070,طاهر آباد,167832,6
56440,3070,گنج آباد,167839,6
56441,3070,چهارباغ,541701,6
56442,3071,حجت آباد,148572,6
56443,3071,رباط جز,148582,6
56444,3071,عبداله آباد,148595,6
56445,3071,مزرعه ایرج,148621,6
56446,3072,خرتی,167903,6
56447,3072,دهنو,167907,6
56448,3072,کلاته حسن,167942,6
56449,3072,ولی گرمان,167966,6
56450,3072,هنده در,167967,6
56451,3072,ینگ,167970,6
56452,3072,آبروان,168066,6
56453,3072,گل گنبد,168193,6
56454,3072,چاه حاجی رستمی,395281,6
56455,3072,ایستگاه راه آهن سبزوار,541527,6
56456,3072,علی زنگی,541700,6
56457,3073,سرخ,125835,6
56458,3073,گوی,125869,6
56459,3073,نوروزی,125875,6
56460,3073,دهنه شور,167826,6
56461,3073,عادل آباد,167833,6
56462,3073,ابراهیم آباد,168064,6
56463,3073,اردنج,168070,6
56464,3073,امان آباد / امین آباد,168080,6
56465,3073,بابا لنگر / بابا لنگو,168085,6
56466,3073,برچینگی,168087,6
56467,3073,بسک,168089,6
56468,3073,حسین آباد,168113,6
56469,3073,خسر علیا / خسو علیا,168117,6
56470,3073,داراب,168121,6
56471,3073,دربند,168122,6
56472,3073,درگاه آباد,168123,6
56473,3073,دیوانگاه,168127,6
56474,3073,سیمان,168141,6
56475,3073,عباس آباد,168148,6
56476,3073,کاهان / کاهان بالا,168165,6
56477,3073,کلاته,168167,6
56478,3073,کوشک,168186,6
56479,3073,کوه دره,168188,6
56480,3073,ملک آباد / ملک شاه,168204,6
56481,3073,نشیب,168211,6
56482,3073,یام,168217,6
56483,3073,نظر آباد,395282,6
56484,3073,فضل آباد / فضلو,395322,6
56485,3073,کلاته کوشک,395325,6
56486,3073,قو قلی,395330,6
56487,3073,فصیح خان,395331,6
56488,3073,کاهان پایین,395332,6
56489,3073,امامزاده شیخ محمد,395335,6
56490,3073,کلاته نخ باز,395338,6
56491,3073,قره تکان,395341,6
56492,3073,قوجاق / جوقاق,395342,6
56493,3073,گراب,542274,6
56494,3074,ایستگاه بیهق,148559,6
56495,3074,آستانه,148740,6
56496,3074,افسریه,148742,6
56497,3074,قنات علیا,148746,6
56498,3074,برقبان,148764,6
56499,3074,پس سفید,148770,6
56500,3074,چاهک,148785,6
56501,3074,چشمه راه طبس,148789,6
56502,3074,چشمه کربلایی محمدحاجی,148792,6
56503,3074,حاجی کل,148800,6
56504,3074,حسین آباد سفلی,148808,6
56505,3074,داشخانه,148813,6
56506,3074,درفک سفلی,148815,6
56507,3074,درفک علیا,148816,6
56508,3074,دیواندر,148826,6
56509,3074,رودخانه,148830,6
56510,3074,رودسراب,148834,6
56511,3074,سبزواری,148844,6
56512,3074,شم آباد,148855,6
56513,3074,شیرخان,148859,6
56514,3074,علی شادی,148874,6
56515,3074,عنابستان,148876,6
56516,3074,عنبرستان,148877,6
56517,3074,عین آباد,148878,6
56518,3074,کاشک,148889,6
56519,3074,کلاته بهبود,148902,6
56520,3074,کلاته بهمان,148903,6
56521,3074,کلاته پایین,148904,6
56522,3074,کلاته جغبایی,148906,6
56523,3074,کلاته حاجی باقر,148910,6
56524,3074,کلاته حاجی مطلب,148911,6
56525,3074,کلاته صدر,148919,6
56526,3074,کلاته عنبرستان ها,148920,6
56527,3074,کلاته میرحسین,148925,6
56528,3074,کلاته نو,148926,6
56529,3074,کمر میرزا علی,148931,6
56530,3074,کور چنار,148933,6
56531,3074,گرد باغ,148938,6
56532,3074,گنج آب,148944,6
56533,3074,گنج حور/ پنج حور,148945,6
56534,3074,نودهان,148964,6
56535,3074,هند آباد,148968,6
56536,3074,آب نو,395059,6
56537,3074,چاه عمیق کربلایی میرزا حسین داشخانه ای,395071,6
56538,3074,چاه عمیق حاج حسین داشخانه ای,395072,6
56539,3074,چاه عمیق سید تراب میر قاسمی,395073,6
56540,3074,چاه عمیق محمد زارعی شماره 3,395086,6
56541,3074,چاه عمیق کربلایی ولی اله داودی شماره 1,395087,6
56542,3074,چاه عمیق کربلایی ولی اله داودی شماره 4,395088,6
56543,3074,رودخانه,395092,6
56544,3074,چاه عمیق محمد علی محمد خان,395104,6
56545,3074,چاه عمیق علی اصغر کاشکی,395105,6
56546,3074,چاه عمیق علی اکبر با یوسف,395106,6
56547,3074,چاه عمیق کریم آباد,395107,6
56548,3074,الشکی در,542474,6
56549,3074,رودخانه,542476,6
56550,3075,امین آباد,148744,6
56551,3075,انوار,148745,6
56552,3075,چرو,148780,6
56553,3075,جنت آباد,148781,6
56554,3075,حسن آباد,148804,6
56555,3075,خونی مولا,148811,6
56556,3075,رمش,148827,6
56557,3075,علی آباد,148870,6
56558,3075,علی آباد,148872,6
56559,3075,قارضی,148881,6
56560,3075,قیص آباد,148887,6
56561,3075,کشف رود,148895,6
56562,3075,کلاته علی النگ چه,148901,6
56563,3075,کلاته حوض,148914,6
56564,3075,گاو خان,148937,6
56565,3075,نصر آباد,148961,6
56566,3075,نیک,148965,6
56567,3075,یحیی آباد,148969,6
56568,3075,چاه عمیق شماره 3 راه احمد آباد,395052,6
56569,3075,چاه عمیق شماره 2 راه حسین آباد,395053,6
56570,3075,چاه عمیق شماره 1 میان ریگ ها,395054,6
56571,3076,اسد آباد,146826,6
56572,3076,اصحاب کهف,146827,6
56573,3076,آهوان,146829,6
56574,3076,باقر آباد,146830,6
56575,3076,بزدج,146832,6
56576,3076,بنگ,146834,6
56577,3076,تلمبه دولتی,146837,6
56578,3076,چاه عمیق اسلام آباد,146838,6
56579,3076,چاه عمیق حسین زارعیان,146839,6
56580,3076,چاه عمیق رحیمی,146840,6
56581,3076,چاه عمیق رسولیان,146841,6
56582,3076,چاه عمیق شهید رضا صادقی,146842,6
56583,3076,چاه عمیق عباس زارعیان,146843,6
56584,3076,چاه عمیق قنبر کیزا و شرکاء,146844,6
56585,3076,چاه عمیق مهدی کبیری,146846,6
56586,3076,چوبین,146849,6
56587,3076,خسرو آباد,146851,6
56588,3076,شرکت زراعی امام خمینی / چاه عمیق محمود,146857,6
56589,3076,شرکت نوبنیاد,146858,6
56590,3076,صد خرو,146863,6
56591,3076,کلاته بنزه,146871,6
56592,3076,کلاته پساوه خوار,146873,6
56593,3076,کلاته پیشرت,146874,6
56594,3076,کلاته حبیب,146875,6
56595,3076,کلاته خوش اندر,146879,6
56596,3076,کلاته سرمیلو,146882,6
56597,3076,کلاته شنستر,146883,6
56598,3076,کمیز,146886,6
56599,3076,گوش خره,146890,6
56600,3076,مزرعه بهار زار کمیز,394381,6
56601,3076,موتور رضایی,394393,6
56602,3076,رفعت آباد / چاه عمیق محمد چوبینی,394394,6
56603,3076,چاه عمیق علوی,394397,6
56604,3076,چاه عمیق حسن هوشمند,394398,6
56605,3076,چاه عمیق پنج تن,394399,6
56606,3076,مزرعه سازمان اتکا / مزرعه سپاه پاسداران,394400,6
56607,3076,معدن سنگ پا قلعه,394454,6
56608,3076,مزرعه هنیدر,394455,6
56609,3076,کلاته فهیمی,394511,6
56610,3076,کلاته رمضانعلی,394536,6
56611,3076,بادقوس,542797,6
56612,3076,خدمات رفاهی زایر سرا اهل بیت,809570,6
56613,3077,آبرود,146967,6
56614,3077,امین آباد,146973,6
56615,3077,بهمن آباد,146975,6
56616,3077,بیزه,146977,6
56617,3077,پهنستان,146978,6
56618,3077,پی سخاره,146979,6
56619,3077,غنی آباد,146980,6
56620,3077,جنت آباد,146981,6
56621,3077,چاه شماره 2 نهالدان,146986,6
56622,3077,ده نو,146995,6
56623,3077,سویز,146999,6
56624,3077,علی آباد بالا,147005,6
56625,3077,علی آباد پایین,147006,6
56626,3077,کاهک,147009,6
56627,3077,کلاته مزینان,147017,6
56628,3077,مزینان,147030,6
56629,3077,مور,147032,6
56630,3077,نهالدان,147036,6
56631,3077,چاه شماره 1 نهالدان,394563,6
56632,3077,چاه شماره 3 نهالدان,394564,6
56633,3077,کارخانه بیکرومات زاج,394565,6
56634,3077,جایگاه CNG شهرداری داورزن,809569,6
56635,3078,اسماعیل آباد,146692,6
56636,3078,باد سرخ,146693,6
56637,3078,باشتین,146694,6
56638,3078,بفره,146696,6
56639,3078,باغشت,146698,6
56640,3078,تاج آباد,146700,6
56641,3078,جلال آباد,146703,6
56642,3078,جهان آباد,146704,6
56643,3078,زرد کوه,146717,6
56644,3078,ساروق,146718,6
56645,3078,شهرایین,146725,6
56646,3078,علی آباد,146727,6
56647,3078,فشتنق,146729,6
56648,3078,فیض آباد,146730,6
56649,3078,کیف,146744,6
56650,3078,مزار بفره,146748,6
56651,3078,نامن,146751,6
56652,3078,ایستگاه مخابرات نامن,394312,6
56653,3078,برزوی,394340,6
56654,3078,کارگاه اسفالت شهرداری سبزوار,394363,6
56655,3079,حسین آباد,146710,6
56656,3079,کلاته سادات بالا,146734,6
56657,3079,مهر آباد,146749,6
56658,3079,بروغن,146831,6
56659,3079,بندزیر,146833,6
56660,3079,بهنگر,146836,6
56661,3079,چاه عمیق گل گاو,146845,6
56662,3079,چشام,146848,6
56663,3079,سنقر,146855,6
56664,3079,شهرآباد,146859,6
56665,3079,طزر,146864,6
56666,3079,کلاته اراض,146868,6
56667,3079,کلاته حاج حسین,146876,6
56668,3079,کلاته حاجی علی,146878,6
56669,3079,کوشک باغ,146887,6
56670,3079,گاو گل آباد,146888,6
56671,3079,مقیسه,146891,6
56672,3079,مهر,146893,6
56673,3079,چاه عمیق 12 نفره مقیسه,394377,6
56674,3079,چاه عمیق بروغن,394378,6
56675,3079,مزرعه مهدی کاریز,394444,6
56676,3079,مزرعه ذوالفراز,394445,6
56677,3079,کلاته سرافراز,394446,6
56678,3080,باغ کشمیر علیا,143642,6
56679,3080,فالیزک / پالیزک,143647,6
56680,3080,پیروحش,143650,6
56681,3080,چشمه آزاد,143653,6
56682,3080,چشمه محمد خان / چشمه محمد/ چشمه خان محمد,143655,6
56683,3080,چشمه زرد,143656,6
56684,3080,چشمه عبدالکریم,143657,6
56685,3080,چشمه گل,143658,6
56686,3080,درازاب علیا,143663,6
56687,3080,درخت بید,143664,6
56688,3080,شاه توت,143671,6
56689,3080,شوراب,143678,6
56690,3080,قلعه حمام حاجی رسول / قلعه حمام حاج رسول,143686,6
56691,3080,قلعه گبری,143687,6
56692,3080,قلعه نامری/ قلعه ناری,143688,6
56693,3080,کاریزک یعقوب خانی / کاریزک یعقوبی,143690,6
56694,3080,کال کراب / کال کرو,143692,6
56695,3080,کل ملک آباد,143693,6
56696,3080,گورخار,143702,6
56697,3080,ممیز آب,143703,6
56698,3080,آزاد ده,143704,6
56699,3080,نعتو,143706,6
56700,3080,یعقوبی,143710,6
56701,3080,یکه باغ,143711,6
56702,3080,دراز آب سفلی,541686,6
56703,3081,اسماعیل آباد,143570,6
56704,3081,پاسگاه انتظامی بیانی,143571,6
56705,3081,پاسگاه انتظامی خواجه حسام الدین,143572,6
56706,3081,پری آباد,143573,6
56707,3081,جهان آباد / جهان آباد علی اشرف,143575,6
56708,3081,چشمه تیموری,143577,6
56709,3081,حسین آباد,143578,6
56710,3081,درخت توت,143580,6
56711,3081,سقر چشمه سفلی,143581,6
56712,3081,سنگ آب,143583,6
56713,3081,شورستان سفلی,143586,6
56714,3081,شورستان علیا,143587,6
56715,3081,فیض آباد,143590,6
56716,3081,کاریزخانه /کاریزخان / شازده,143594,6
56717,3081,مهدی آباد / کاریز دیوانه,143595,6
56718,3081,کال آقایه علیا,143598,6
56719,3081,کلاته ابوالقاسم,143599,6
56720,3081,قوش,143601,6
56721,3081,همت آباد,143603,6
56722,3081,پاسگاه انتظامی گرماب / پاسگاه گرماب,143646,6
56723,3081,پیر انجیری,143649,6
56724,3081,کلاته حاجی رحمت,143695,6
56725,3081,کلاته غوث الدین / کلاته عبدالرحمن,143697,6
56726,3081,گرماب علیا,143700,6
56727,3081,پاسگاه گرماب جنوبی / پاسگاه 3 برج,393301,6
56728,3081,خیر آباد,540945,6
56729,3081,عباس آباد خیر آباد,540946,6
56730,3081,شهرک محمد حاجی,542759,6
56731,3082,جهان آباد ملکی,143576,6
56732,3082,امام قلعه علیا / شاه نشین علیا,143585,6
56733,3082,قشه توت,143592,6
56734,3082,قنقر,143593,6
56735,3082,جعفریه / کاریز عمر,143596,6
56736,3082,یکه توت,143604,6
56737,3082,برجک نقد علی,143644,6
56738,3082,بنی تاک,143645,6
56739,3082,پده جان مراد,143648,6
56740,3082,حاجی آباد,143659,6
56741,3082,خواجه طاعون,143660,6
56742,3082,رحیم آباد,143667,6
56743,3082,سراب,143669,6
56744,3082,قلعه حمام,143685,6
56745,3082,کال سرخ,143691,6
56746,3082,میخک / میخ خر,143705,6
56747,3082,نقد علی سفلی,143707,6
56748,3082,نقد علی علیا,143708,6
56749,3083,ابراهیم بای,143460,6
56750,3083,ابو تراب,143461,6
56751,3083,برجک شیخی,143465,6
56752,3083,حسن آباد,143479,6
56753,3083,سیاه خوله,143486,6
56754,3083,کلاته باقی خان / کلاته باقی,143496,6
56755,3083,کلاته حمید / کلاته خان,143497,6
56756,3083,کلاته دهنو,143499,6
56757,3083,کلاته صمدخان / کلاته صمد,143501,6
56758,3083,گرماسی,143507,6
56759,3083,گلارچه سفلی / گلدرچه سفلی,143508,6
56760,3083,گلارچه علیا,143509,6
56761,3083,نصر آباد,143514,6
56762,3083,پاسگاه انتظامی ابراهیم خانی,393297,6
56763,3083,پایگاه شهید یوسفی,393298,6
56764,3084,استای سفلی,143462,6
56765,3084,استای علیا,143463,6
56766,3084,هرکاره / اکاره,143464,6
56767,3084,پده موسی خان / کاریزچه / پده حسین کور,143468,6
56768,3084,پایگاه پل خشتی,143469,6
56769,3084,توت سید محمد,143472,6
56770,3084,توت صفر,143473,6
56771,3084,توت لشکران,143474,6
56772,3084,چشمه انجیر,143476,6
56773,3084,پاسگاه نیروی انتظامی خطایی,143480,6
56774,3084,پاسگاه نیروی انتظامی دولی جلال,143482,6
56775,3084,خرم آباد سفلی / شهوه سفلی,143489,6
56776,3084,خرم آباد علیا / شهوه علیا,143490,6
56777,3084,کاریزک حاجی پسند / کاریزک,143493,6
56778,3084,کاریز کهندل / کاریز کندل,143494,6
56779,3084,کاریزنو,143495,6
56780,3084,کمرچه,143506,6
56781,3084,کنده سوخته,143511,6
56782,3084,پاسگاه انتظامی کنده سوخته,393296,6
56783,3084,پاسگاه انتظامی دولی بهلول,393299,6
56784,3085,آب چوقان,159145,6
56785,3085,آبکوه,159146,6
56786,3085,آتشان,159147,6
56787,3085,احمد آباد,159148,6
56788,3085,آسیاب کاریز نو,159149,6
56789,3085,اکبر آباد چوقان,159150,6
56790,3085,ایزوک,159151,6
56791,3085,ایور,159152,6
56792,3085,باغ پادر,159153,6
56793,3085,باقر آباد,159154,6
56794,3085,بصیری,159156,6
56795,3085,بلور دره,159157,6
56796,3085,بن گل,159158,6
56797,3085,بوته گز,159159,6
56798,3085,پهلوان محمد,159161,6
56799,3085,ترنی,159162,6
56800,3085,تنورجه,159168,6
56801,3085,تنور سنگی,159169,6
56802,3085,چاله زرد,159175,6
56803,3085,چشمه النگ دراز,159177,6
56804,3085,چشمه تغارک,159178,6
56805,3085,چشمه سید علی,159179,6
56806,3085,چشمه قدیر,159180,6
56807,3085,چشمه کل,159181,6
56808,3085,چشمه کلبی,159182,6
56809,3085,چشمه نصیر,159183,6
56810,3085,چمن گل,159185,6
56811,3085,چوقان,159186,6
56812,3085,حسین آباد,159189,6
56813,3085,حصارک,159190,6
56814,3085,درخت بادام,159192,6
56815,3085,درخت جوز,159193,6
56816,3085,روینی,159194,6
56817,3085,زرداب,159196,6
56818,3085,زمان آباد,159197,6
56819,3085,سرتخت ناری,159200,6
56820,3085,سنگ سفید,159202,6
56821,3085,سنگ سیاه,159203,6
56822,3085,سنگ لالا,159204,6
56823,3085,سنگ میرزا احمد,159205,6
56824,3085,سنگسر,159206,6
56825,3085,شاه ملا,159207,6
56826,3085,شوراب,159209,6
56827,3085,عشق آباد,159213,6
56828,3085,علم تنور,159214,6
56829,3085,علی آباد,159216,6
56830,3085,علی آباد,159218,6
56831,3085,علی دوست,159219,6
56832,3085,عیسی کاریز,159221,6
56833,3085,فرخ,159222,6
56834,3085,فرهاد کندی,159224,6
56835,3085,قاسم آباد,159225,6
56836,3085,کاهبه,159230,6
56837,3085,کلاته تقی آباد,159238,6
56838,3085,کلاته حوض,159241,6
56839,3085,کلاته رضا,159244,6
56840,3085,کلاته رضایی,159245,6
56841,3085,کلاته زنگی کر,159246,6
56842,3085,کلاته شیخ,159256,6
56843,3085,کلاته صادق نژاد,159258,6
56844,3085,کلاته قاسم,159262,6
56845,3085,کلاته نگاری,159275,6
56846,3085,کلاته نو,159276,6
56847,3085,کلاته نو,159277,6
56848,3085,کوشه نما,159279,6
56849,3085,گوک دره علیا,159280,6
56850,3085,گوک دره سفلی,159281,6
56851,3085,گاو فریز,159282,6
56852,3085,گچ کوه,159283,6
56853,3085,گودال نی,159285,6
56854,3085,لندری,159286,6
56855,3085,محمد آباد قلعه,159288,6
56856,3085,نامق,159295,6
56857,3085,نی بار,159299,6
56858,3085,یورت میر,159300,6
56859,3085,کلاته محمد,159632,6
56860,3085,چاه تک بنگول,396926,6
56861,3085,چاه تک اغل سوخته,396927,6
56862,3085,چاه نیک نژاد,396929,6
56863,3085,چاه شماره 1تک کربلایی تقی,396933,6
56864,3085,شیرآباد,396934,6
56865,3085,گوک دره وسطی,396935,6
56866,3085,کلاته زیرک,396936,6
56867,3085,سرکاریز,396937,6
56868,3085,چاه موتور دق عسکیر,396938,6
56869,3085,چاه موتور شماره 1 تک عسکیر,396939,6
56870,3085,چاه موتور تک شترراه,396940,6
56871,3085,چاه برقی محمد هاشمی نژاد,396941,6
56872,3085,لطف آباد,396942,6
56873,3085,سرکج بید,396943,6
56874,3085,حسین آباد,396944,6
56875,3085,چاه شماره 2 تک جنگلدار,396945,6
56876,3085,کلاته شازده,396946,6
56877,3085,باغ تو,396947,6
56878,3085,درخت سورو,396948,6
56879,3085,کلاته چوقان,396949,6
56880,3085,کلاته هاشمی,396950,6
56881,3085,چاه موتور مارگلی,396951,6
56882,3085,اکبر آباد,396952,6
56883,3085,نشبور در/ نشابور دره,396960,6
56884,3085,کوره اهک پزی سید حسین نبوی,542388,6
56885,3086,بختیار,159155,6
56886,3086,پس گدار,159160,6
56887,3086,تک اشتر راه بالا,159163,6
56888,3086,تک اشتر راه پایین,159164,6
56889,3086,تک جاندار,159165,6
56890,3086,تک سر مرغ,159166,6
56891,3086,تک کفتر بالا,159167,6
56892,3086,تولی,159170,6
56893,3086,غار,159172,6
56894,3086,جاندار,159174,6
56895,3086,چشموک,159176,6
56896,3086,چقلق,159184,6
56897,3086,حاجی آباد,159187,6
56898,3086,خال دره,159191,6
56899,3086,سر بیشه,159198,6
56900,3086,سر پره,159199,6
56901,3086,سر گدار,159201,6
56902,3086,شکری,159208,6
56903,3086,عباس آباد,159210,6
56904,3086,عباس آباد,159211,6
56905,3086,علیچه,159215,6
56906,3086,علی آباد,159217,6
56907,3086,محمد آباد,159220,6
56908,3086,فرخند,159223,6
56909,3086,قره بهادر,159226,6
56910,3086,قره جنگل,159227,6
56911,3086,کلاته بیک,159233,6
56912,3086,کلاته پاداش,159234,6
56913,3086,کلاته تقی,159237,6
56914,3086,کلاته تقی نوا,159239,6
56915,3086,کلاته چهار تخته,159240,6
56916,3086,کلاته خرکش,159242,6
56917,3086,کلاته رستم,159243,6
56918,3086,کلاته زیر فرخ نو,159247,6
56919,3086,کلاته سر مسجد,159248,6
56920,3086,کلاته سرمرغ,159249,6
56921,3086,کلاته سنجد,159250,6
56922,3086,کلاته سوکدک,159251,6
56923,3086,کلاته ستکی بالا,159252,6
56924,3086,کلاته ستکی پایین,159253,6
56925,3086,کلاته شاد مرادی,159254,6
56926,3086,کلاته شاد مرادی,159255,6
56927,3086,کلاته شیر,159257,6
56928,3086,کلاته صدیقی,159259,6
56929,3086,کلاته علی غلام حسین,159260,6
56930,3086,کلاته قربان علی,159263,6
56931,3086,کلاته قولق,159264,6
56932,3086,کلاته کربلایی یوسف,159265,6
56933,3086,کلاته کرم,159266,6
56934,3086,کلاته کفتر,159267,6
56935,3086,کلاته کمروک,159268,6
56936,3086,کلاته کوفه,159269,6
56937,3086,کلاته گزده پایین,159270,6
56938,3086,کلاته گزده بالا,159271,6
56939,3086,کلاته مختاری,159273,6
56940,3086,کلاته نایب,159274,6
56941,3086,کوشه,159278,6
56942,3086,گل جوک,159284,6
56943,3086,لوک سرخ,159287,6
56944,3086,مکی,159289,6
56945,3086,موشک,159290,6
56946,3086,موشک بالا,159291,6
56947,3086,مونجک بالا,159292,6
56948,3086,مونجک پایین,159293,6
56949,3086,نخودک بالا,159296,6
56950,3086,نخودک پایین,159297,6
56951,3086,نو کاریز,159298,6
56952,3086,ارتو شادی,159461,6
56953,3086,ارغوانی,159462,6
56954,3086,اکبر آباد,159466,6
56955,3086,پسکال بالا,159484,6
56956,3086,تک پلنگی,159494,6
56957,3086,تک عابدی,159501,6
56958,3086,تک قمشلی,159503,6
56959,3086,چلپو,159532,6
56960,3086,حاجی ابراهیم,159535,6
56961,3086,رمضان آباد,159558,6
56962,3086,زربید,159561,6
56963,3086,شارع,159580,6
56964,3086,عباس آباد,159586,6
56965,3086,عبدالعلی,159587,6
56966,3086,کال اقا,159600,6
56967,3086,کلاته تک ایلی,159608,6
56968,3086,کلاته جلیل,159612,6
56969,3086,کلاته حاجی اصغر,159613,6
56970,3086,کلاته حسنی,159614,6
56971,3086,کلاته رجب علی,159617,6
56972,3086,کلاته علی عابدی,159623,6
56973,3086,کلاته علی قدوسی,159624,6
56974,3086,کلاته کربلایی حسن,159627,6
56975,3086,کلاته گل,159631,6
56976,3086,همت آباد,159657,6
56977,3086,کلاته علی رضایی,396924,6
56978,3086,کلاته ستکی,396925,6
56979,3086,حصارک جنی,396928,6
56980,3086,تک عشق آباد خرد,396930,6
56981,3086,تک عشق آباد بزرگ,396931,6
56982,3086,تک قربانی,396932,6
56983,3086,پس کال پایین,396953,6
56984,3086,کلاته حاجی,396954,6
56985,3086,تک مروی,396955,6
56986,3086,پور صالح,396956,6
56987,3086,پور صالح خشک,396957,6
56988,3086,چشمه نی,396958,6
56989,3086,چشمه پونه,396959,6
56990,3087,احمد آباد,159460,6
56991,3087,آسمان,159464,6
56992,3087,ایزویی,159470,6
56993,3087,باغ سماق,159471,6
56994,3087,باغ قاضی,159472,6
56995,3087,باغ گرماب,159473,6
56996,3087,باغ میمی,159475,6
56997,3087,برادران,159477,6
56998,3087,بند قرا,159478,6
56999,3087,بیدستان,159480,6
57000,3087,بید سیر,159482,6
57001,3087,پای چنار,159483,6
57002,3087,پشت زو,159487,6
57003,3087,پلنگ گیر,159488,6
57004,3087,پیچوک,159489,6
57005,3087,پیچینگ کلاغ,159491,6
57006,3087,تجرود,159493,6
57007,3087,تک جنگلدار,159495,6
57008,3087,تک دریا چنار,159497,6
57009,3087,تک سرگدار,159498,6
57010,3087,تک سنجد,159499,6
57011,3087,تک علی خو,159502,6
57012,3087,تنگل پایین ده,159505,6
57013,3087,تنگل چاه,159506,6
57014,3087,تنگل قلعه,159507,6
57015,3087,تنگل گرمک,159508,6
57016,3087,جوز حقان,159515,6
57017,3087,چاهوک,159522,6
57018,3087,چشمه,159524,6
57019,3087,چشمه بلوچ,159525,6
57020,3087,چشمه توت,159526,6
57021,3087,چشمه غار,159527,6
57022,3087,چشمه کربلایی اقا,159528,6
57023,3087,چشمه معدن,159529,6
57024,3087,چشمه نقره,159530,6
57025,3087,چشمه نوروز,159531,6
57026,3087,حسین آباد,159537,6
57027,3087,حسین جلال,159538,6
57028,3087,حلحلو,159539,6
57029,3087,خرسره,159541,6
57030,3087,خرو,159542,6
57031,3087,خشک کاتوک,159543,6
57032,3087,خوی نه,159547,6
57033,3087,دربنا,159548,6
57034,3087,دره نی,159551,6
57035,3087,دلاک ها,159553,6
57036,3087,ده نو,159555,6
57037,3087,رود خابون,159559,6
57038,3087,رود زر بالا,159560,6
57039,3087,زنگاری,159562,6
57040,3087,سخت جوزا,159564,6
57041,3087,سرچشمه,159565,6
57042,3087,سرخ بونی,159566,6
57043,3087,سرد چال,159569,6
57044,3087,سرنی,159570,6
57045,3087,سمبها,159572,6
57046,3087,سنگ رف,159573,6
57047,3087,سوراخ کمر,159574,6
57048,3087,سه بیک,159575,6
57049,3087,سیاه چشمه,159576,6
57050,3087,سیر دره,159577,6
57051,3087,سیر زار,159578,6
57052,3087,طبلکی,159583,6
57053,3087,طرق,159584,6
57054,3087,عزیز آباد,159588,6
57055,3087,قایینی,159590,6
57056,3087,قال بابو,159591,6
57057,3087,قراچه,159592,6
57058,3087,قطار چنار,159594,6
57059,3087,قلم نی,159595,6
57060,3087,قلندر,159596,6
57061,3087,قوزستان,159597,6
57062,3087,کاهو بم,159601,6
57063,3087,کربلایی حسن,159602,6
57064,3087,کریز,159603,6
57065,3087,کلاته پایین دره,159607,6
57066,3087,کلاته تنگل,159609,6
57067,3087,کلاته تیمور,159610,6
57068,3087,کلاته غلام رضا,159611,6
57069,3087,کلاته دررز,159615,6
57070,3087,کلاته درسیب,159616,6
57071,3087,کلاته رضا قلی,159619,6
57072,3087,کلاته صدوقی,159621,6
57073,3087,کلاته کور,159628,6
57074,3087,کلاته نوروز گلی,159635,6
57075,3087,گچ کوه,159639,6
57076,3087,گدارسیاه,159640,6
57077,3087,گرم آب,159641,6
57078,3087,گرماب,159642,6
57079,3087,گودال گز,159644,6
57080,3087,گودالوش,159645,6
57081,3087,لوشاب,159648,6
57082,3087,معدن,159649,6
57083,3087,مومیایی,159650,6
57084,3087,مهد مهر,159651,6
57085,3087,میر,159652,6
57086,3087,نقل,159655,6
57087,3087,یخدان,159659,6
57088,3087,یورت دوغی,159661,6
57089,3087,حسین آباد,396962,6
57090,3087,پشت توت,396963,6
57091,3088,حسن خو,159188,6
57092,3088,اقبیل,159465,6
57093,3088,الیجه,159468,6
57094,3088,اوندر,159469,6
57095,3088,بولی,159479,6
57096,3088,پشت پنجه,159486,6
57097,3088,پیکمر,159492,6
57098,3088,تک جنگلی,159496,6
57099,3088,تل کیجک,159504,6
57100,3088,توندر,159510,6
57101,3088,قهرک,159511,6
57102,3088,غینار,159514,6
57103,3088,چاه چوشنگ,159516,6
57104,3088,چاه شور,159518,6
57105,3088,چاه عبدالحسن,159519,6
57106,3088,چاه محمد سالاری,159520,6
57107,3088,چاه ملاحسن,159521,6
57108,3088,چغیر,159523,6
57109,3088,چوبک,159533,6
57110,3088,حسین آباد,159536,6
57111,3088,خضر آباد,159544,6
57112,3088,خضر بیگ,159545,6
57113,3088,دربید,159549,6
57114,3088,درهمود,159552,6
57115,3088,ده میان,159554,6
57116,3088,دهنو,159556,6
57117,3088,رباط,159557,6
57118,3088,سرخ سنگ,159567,6
57119,3088,سیف آباد,159579,6
57120,3088,شوراب,159581,6
57121,3088,عباس آباد,159585,6
57122,3088,قصون,159593,6
57123,3088,کلاته آب شیرین,159604,6
57124,3088,کلاته شاهنشاهی,159620,6
57125,3088,کلاته عید محمد,159625,6
57126,3088,کلاته قصونی,159626,6
57127,3088,کودلی,159636,6
57128,3088,چاه موتور تک گلجوک/ گلجوک,159643,6
57129,3088,گورسید,159646,6
57130,3088,لری,159647,6
57131,3088,ناصر آباد,159654,6
57132,3088,یار قلی,159658,6
57133,3088,تنگل بریدر,396887,6
57134,3088,کلاته زلیخا,396888,6
57135,3088,داغی,396892,6
57136,3088,موتور آب شماره 3,396893,6
57137,3088,موتور آب شماره 4,396894,6
57138,3088,موتور آب شماره 2,396895,6
57139,3088,گلجوک قلعه,396896,6
57140,3088,موتور حسن پور محمد علی,396897,6
57141,3088,کلاته غار,396898,6
57142,3088,موتور آب رضا ذاکری,396899,6
57143,3088,موتور آب علی برقی,396900,6
57144,3088,موتور آب تک گشاده,396901,6
57145,3088,موتور آب پلاکستانی,396904,6
57146,3088,موتور آب شماره 5,396905,6
57147,3088,سنجدک,396906,6
57148,3088,معدن سنگ ساختمان,542033,6
57149,3088,کلاته حیدرک,542034,6
57150,3089,اردوغش,167393,6
57151,3089,اکبر آباد,167394,6
57152,3089,بازه کربلایی حسن,167395,6
57153,3089,بازه نوعش,167396,6
57154,3089,برج,167397,6
57155,3089,بوژمهران,167398,6
57156,3089,رقی,167406,6
57157,3089,روتخت,167407,6
57158,3089,کلاته بازه کلان / بازه کلاته ها,167410,6
57159,3089,کلاته ساقی / کلاته اقبال,167412,6
57160,3089,کلاته منجیق,167413,6
57161,3089,نایب الله قلی,167414,6
57162,3089,نخ درون,167415,6
57163,3089,بازه کلان,167568,6
57164,3089,ایستگاه خیام,168634,6
57165,3089,جلال آباد,168655,6
57166,3089,خسرو آباد,168679,6
57167,3089,دهنو هاشم آباد / دهنو هاشم,168696,6
57168,3089,سعیدیه,168708,6
57169,3089,عبداله آباد,168733,6
57170,3089,فاطمیه,168746,6
57171,3089,کاریزنو,168771,6
57172,3089,کاظم آباد,168772,6
57173,3089,محسن آباد,168792,6
57174,3089,اله آباد,399467,6
57175,3089,سید آباد,399469,6
57176,3089,کریم آباد,399470,6
57177,3089,معین آباد,399472,6
57178,3089,نجم آباد,399473,6
57179,3089,کلاته گلاب / چشمه گلاب,399475,6
57180,3089,کلاته باباخان,399476,6
57181,3089,کلاته حاجی ابراهیمی,399477,6
57182,3089,کلاته عباس,399478,6
57183,3089,قره دره,399479,6
57184,3089,کلاته چاه قرغاب,399480,6
57185,3089,بازه زرد,399481,6
57186,3089,ششو,399482,6
57187,3089,رودمیان,399483,6
57188,3089,کلاته گلو,399484,6
57189,3089,داراب علیا,399505,6
57190,3089,داراب سفلی,399506,6
57191,3089,رضا آباد,541770,6
57192,3089,رباط قلعه,543074,6
57193,3089,شهرک صنعتی خیام,809556,6
57194,3090,داس,167404,6
57195,3090,آسیا نو,167561,6
57196,3090,امرون,167563,6
57197,3090,باغشن,167564,6
57198,3090,بازحیدر,167565,6
57199,3090,بازنی,167569,6
57200,3090,بوتی,167570,6
57201,3090,پشت گرد,167572,6
57202,3090,پوست فروشان,167573,6
57203,3090,پیشکوهی,167575,6
57204,3090,جوادیه,167579,6
57205,3090,چخنیک,167587,6
57206,3090,چشمه خسرو,167588,6
57207,3090,چناران,167590,6
57208,3090,حاجی آباد,167591,6
57209,3090,حریم آباد,167592,6
57210,3090,حسن آباد سبرو,167593,6
57211,3090,حصار,167595,6
57212,3090,خرم بیک,167597,6
57213,3090,دانه کاشفیه,167598,6
57214,3090,دروغن,167600,6
57215,3090,دولت آباد,167602,6
57216,3090,ده حاجی,167603,6
57217,3090,ده زمان,167605,6
57218,3090,دهنو,167606,6
57219,3090,دیز باد علیا,167607,6
57220,3090,سخدر,167610,6
57221,3090,سرتلخ,167611,6
57222,3090,کلاته سرکوه,167612,6
57223,3090,سماق زار,167614,6
57224,3090,طبسی,167620,6
57225,3090,عباس آباد,167622,6
57226,3090,علی آباد / علی کوری,167624,6
57227,3090,فردوسیه,167625,6
57228,3090,فیض آباد,167627,6
57229,3090,قدرت آباد,167628,6
57230,3090,قره بیک,167630,6
57231,3090,قره داش,167631,6
57232,3090,قلعه وزیر,167633,6
57233,3090,کاریزنو,167635,6
57234,3090,کاریزنو,167637,6
57235,3090,کاریز نو / کاریز نو علی آباد / علی تقی,167640,6
57236,3090,کلاته کاریز نو استاد علی محمد,167641,6
57237,3090,کلاته بلوچ,167643,6
57238,3090,کلاته حاجی آخوند,167645,6
57239,3090,کلاته ثم,167646,6
57240,3090,کلاته سرو,167647,6
57241,3090,کلاته سلطانی,167648,6
57242,3090,کلاته عبدالوهاب,167649,6
57243,3090,کلاته قربان,167650,6
57244,3090,کلاته لویدانی,167652,6
57245,3090,کلاته نو زردالو,167653,6
57246,3090,کوله,167655,6
57247,3090,گرینه,167656,6
57248,3090,گرینه کهنه,167657,6
57249,3090,گزار,167658,6
57250,3090,گلستان,167659,6
57251,3090,مجد آباد,167661,6
57252,3090,محمد آباد,167662,6
57253,3090,کوشان,167668,6
57254,3090,کلاته نهه,167670,6
57255,3090,همت آباد,167672,6
57256,3090,مس خلیفه علیا / کلاته قنبو,267520,6
57257,3090,مس خلیفه سفلی / کلاته سفر,267521,6
57258,3090,مرغداری ملک دره,399573,6
57259,3090,کلاته فرزنی,399581,6
57260,3090,کلاته سیخ ها / کلاته سینو,399589,6
57261,3090,علی آباد,399590,6
57262,3090,معین آباد,399591,6
57263,3090,کلاته دربند,399592,6
57264,3090,کلاته پنج در,399593,6
57265,3090,کلاته چال بازه,399594,6
57266,3090,کلاته نوبریز,399595,6
57267,3090,کلاته گلی,399596,6
57268,3090,کلاته النگ دراز,399597,6
57269,3090,کوثر,399598,6
57270,3090,درودبخت,399599,6
57271,3090,نو حلوا,399601,6
57272,3090,نوسپنج,399602,6
57273,3090,کلاته قلی /کلاته زنده دل,399603,6
57274,3090,شورگز,399605,6
57275,3090,خانه سفید,399607,6
57276,3090,کمرزرد,399608,6
57277,3090,بخوستن,399609,6
57278,3090,تلخ شور,399611,6
57279,3090,سن کارد,399613,6
57280,3090,دهن جیب,399614,6
57281,3090,سرتنگل,399615,6
57282,3090,مجتمع رفاهی طلوع,809572,6
57283,3091,بهارستان,167442,6
57284,3091,امین آباد / ریخته گر,167443,6
57285,3091,زنقاه,167479,6
57286,3091,ساوج,167480,6
57287,3091,کلاته جعفر,167487,6
57288,3091,کلاته حاجی جهان بیک,167489,6
57289,3091,کلاته عباس آباد / کلاته حاج محمد صادق,167490,6
57290,3091,حسن آباد کیوان,167492,6
57291,3091,کوچکوف,167493,6
57292,3091,کول آباد,167494,6
57293,3091,آهوان,168632,6
57294,3091,چناران,168665,6
57295,3091,دستجرد آقا بزرگ,168688,6
57296,3091,عباس آباد,168731,6
57297,3091,فتح آباد,168747,6
57298,3091,یوسف آباد,168828,6
57299,3091,میل آباد,540139,6
57300,3091,کشت و صنعت برزگر,540160,6
57301,3091,چاه اقبالی,540169,6
57302,3091,چاه قناتی,540170,6
57303,3091,کلاته ملا علی / چاه عمیق سیرجانی,540181,6
57304,3091,چاه حاجی برزگر,540182,6
57305,3091,ابراهیم آباد,540187,6
57306,3091,نوبهار,540189,6
57307,3091,محمد آباد,540200,6
57308,3091,تپه عرب / قربان اندر,541769,6
57309,3091,کلاته حاج اسداله تولی /کربلایی علم والله,542650,6
57310,3092,ابراهیم آباد,167439,6
57311,3092,احمد آباد,167440,6
57312,3092,جنت آباد,167444,6
57313,3092,جهان آباد,167445,6
57314,3092,چاه عمیق چمنی / چاه عمیق گلشنی,167447,6
57315,3092,چاه عمیق دانشجویان شماره دو / چاه مظلوم,167450,6
57316,3092,چاه عمیق شماره 1 دانشجویان / چاه قلی زاد,167451,6
57317,3092,چاه عمیق رمضان علی /چاه شعبانی ها,167456,6
57318,3092,چاه عمیق سازگار شماره دو,167457,6
57319,3092,چاه عمیق سلطانی,167459,6
57320,3092,چاه عمیق سید جعفر,167460,6
57321,3092,چاه عمیق طاهری / آبادی طاهر آباد,167469,6
57322,3092,چاه عمیق فخار / چاه شماره 3 طوسی,167470,6
57323,3092,چاه عمیق مهندس مجد / چاه رفسنجانی ها,167472,6
57324,3092,چاه عمیق 28 نفره همایی,167473,6
57325,3092,حسین آباد,167475,6
57326,3092,حصار,167476,6
57327,3092,دیشدیش,167477,6
57328,3092,رباط کلاته,167478,6
57329,3092,عزیزیه,167482,6
57330,3092,عصمت آباد,167483,6
57331,3092,فخر آباد,167484,6
57332,3092,قوامیه,167486,6
57333,3092,کلاته قنبر,167491,6
57334,3092,نوبهار,167497,6
57335,3092,حشمتیه,167594,6
57336,3092,چاه شماره 1 گسترش,540162,6
57337,3092,چاه شماره 2 گسترش,540163,6
57338,3092,چاه شماره 3 گسترش,540164,6
57339,3092,چاه عمیق شماره 4 گسترش,540166,6
57340,3092,شرکت صبور خراسان (دامداری و کشاورزی),540175,6
57341,3092,مزرعه رحیمیان / شرکت دامپروری سوان,540180,6
57342,3092,چاه شماره 2 مهدی,540184,6
57343,3092,چاه رجب بی خیال / چاه شماره 7 محمدی,540185,6
57344,3092,چاه نعیم آبادی ها,542831,6
57345,3092,چاه عمیق رستم بلوچ /گسترش,542842,6
57346,3092,چاه عمیق شماره 6 گسترش / عزیزنرگسی,542843,6
57347,3092,چاه عمیق شماره 7گسترش / چاه کلنگی,542844,6
57348,3092,چاه عمیق مقدم,542845,6
57349,3093,انجمد,147138,6
57350,3093,بجدن / بژدن,147142,6
57351,3093,بخشی در,147143,6
57352,3093,پادر,147148,6
57353,3093,تقاچاه,147152,6
57354,3093,تک سرخ,147153,6
57355,3093,جنبذ,147159,6
57356,3093,چشمه گنده,147184,6
57357,3093,چشمه میرزا اسداله,147185,6
57358,3093,حسن آباد,147188,6
57359,3093,حسن ده,147189,6
57360,3093,حسین آباد متولی,147190,6
57361,3093,سررود,147198,6
57362,3093,سیه دره,147202,6
57363,3093,عدالتی,147206,6
57364,3093,عزیز آباد,147207,6
57365,3093,فیروز آباد,147209,6
57366,3093,گندخانی,147234,6
57367,3093,کیزقان,147237,6
57368,3093,منصوری,147242,6
57369,3093,ناده,147244,6
57370,3093,ننگ,147245,6
57371,3093,ابراهیم آباد,147945,6
57372,3093,احمدیه,147946,6
57373,3093,اسماعیل آباد,147947,6
57374,3093,اشتر,147949,6
57375,3093,النگ دراز,147952,6
57376,3093,امیر آباد,147953,6
57377,3093,باد آشیان,147954,6
57378,3093,باغ خیرات,147956,6
57379,3093,بنوان,147957,6
57380,3093,برازق,147958,6
57381,3093,بسک,147960,6
57382,3093,بسک علیا,147961,6
57383,3093,بلال سفلی,147962,6
57384,3093,بهارستان,147964,6
57385,3093,بهالود,147965,6
57386,3093,بیدستان,147966,6
57387,3093,بیزخ,147967,6
57388,3093,بیدبان,147968,6
57389,3093,بین بد,147969,6
57390,3093,تک فرز,147972,6
57391,3093,ثقیه,147973,6
57392,3093,چشمه اوش,147974,6
57393,3093,حسن آباد,147976,6
57394,3093,حسین آباد,147977,6
57395,3093,حشمت آباد,147978,6
57396,3093,خنجیدر سفلی,147979,6
57397,3093,خنجیدر علیا,147980,6
57398,3093,دامغانی,147981,6
57399,3093,دربند,147982,6
57400,3093,درسری,147983,6
57401,3093,ده گاج,147984,6
57402,3093,دهانه,147985,6
57403,3093,دهنو,147986,6
57404,3093,دیوان خوی,147987,6
57405,3093,رودخانه,147989,6
57406,3093,رودخانه / رودخانه حسن آباد ده زهین,147990,6
57407,3093,رودخانه / میان کاریز,147991,6
57408,3093,رودخانه روی,147992,6
57409,3093,زرشک,147993,6
57410,3093,ساق آباد,147995,6
57411,3093,سر رودخانه,147996,6
57412,3093,سعادت آباد,147998,6
57413,3093,سنگینه / سکینه,148001,6
57414,3093,سود آباد,148002,6
57415,3093,سید آباد,148004,6
57416,3093,شاه توت,148005,6
57417,3093,شاهزاده ابوالقاسم,148006,6
57418,3093,شش بینگ,148008,6
57419,3093,شمسک,148010,6
57420,3093,شوالی,148011,6
57421,3093,شهرک قدس,148012,6
57422,3093,طزرق,148013,6
57423,3093,علی آباد سید رحیم,148014,6
57424,3093,فضل آباد,148016,6
57425,3093,قرشمال آباد,148017,6
57426,3093,قنات محمداباد,148019,6
57427,3093,کاشک,148020,6
57428,3093,کلاته بالا,148025,6
57429,3093,کلاته بردی,148026,6
57430,3093,کلاته بیات,148027,6
57431,3093,کلاته حاج رحمت,148029,6
57432,3093,کلاته خوانا,148030,6
57433,3093,کلاته خونی,148031,6
57434,3093,کلاته روحانی,148032,6
57435,3093,کلاته سادات,148033,6
57436,3093,کلاته عباس صادق,148034,6
57437,3093,کلاته علی آباد,148035,6
57438,3093,کلاته قاضی,148036,6
57439,3093,کلاته لالا,148038,6
57440,3093,کلاته مزار,148039,6
57441,3093,کلاته ملک,148040,6
57442,3093,کلاته نو,148042,6
57443,3093,کلاته نوده,148043,6
57444,3093,کلاوشک,148044,6
57445,3093,کیذور,148047,6
57446,3093,گاچ,148048,6
57447,3093,گاو بجدی,148049,6
57448,3093,گرد مرغزار,148052,6
57449,3093,لالستان,148055,6
57450,3093,مظفر آباد,148056,6
57451,3093,مقاطعه,148057,6
57452,3093,مهدوی,148060,6
57453,3093,مهر آباد / کلاته علوی,148061,6
57454,3093,ناده,148065,6
57455,3093,نخ بر,148066,6
57456,3093,نوکاریز,148068,6
57457,3093,هلاک آباد,148070,6
57458,3093,چاه عمیق طاهری,394579,6
57459,3093,شن شویی اختراعی,394580,6
57460,3093,چاه عمیق زرنگی,394581,6
57461,3093,چاه عمیق حاج قاسم زرنگ,394582,6
57462,3093,سنگر شوی سفلی,394587,6
57463,3093,سنگر شوی علیا,394588,6
57464,3093,کجبیدر علیا,394589,6
57465,3093,کجبیدر سفلی,394590,6
57466,3093,بنوان,394591,6
57467,3093,کلاته پایین ده /کلاته پایین,394592,6
57468,3093,کلاته تک هنگ,394594,6
57469,3093,اقلیدر,394600,6
57470,3093,گود چرا پایین,394601,6
57471,3093,گود چرا بالا,394602,6
57472,3093,چاه عمیق محمد عیدی,394609,6
57473,3093,چاه عمیق حسن ملایی,394610,6
57474,3093,چاه عمیق سید محمد حسینی,394612,6
57475,3093,چاه عمیق سید رضا حسینی,394613,6
57476,3093,چاه عمیق محمد سالاری,394615,6
57477,3093,چاه مشاع علی اسماعیلی,394616,6
57478,3093,چاه مشاع سیدها,394617,6
57479,3093,چاه مشاع سیدکریم حسینی,394618,6
57480,3093,چاه مشاع حسین اخباری,394619,6
57481,3093,چاه مشاع علی کیذوری,394620,6
57482,3093,چاه مشاع دارینی ها,394621,6
57483,3093,چاه عمیق هلاک آباد,394622,6
57484,3093,چاه عمیق علی دهقان /چاه عمیق علی دهقانی,394623,6
57485,3093,چاه عمیق غفار صانعی,394624,6
57486,3093,چاه عمیق محمد عصار,394625,6
57487,3093,سرچشمه,394627,6
57488,3093,کلاته رمضان حمامی,394631,6
57489,3093,کلاته میرزا موسی ارجمندی,394632,6
57490,3093,کرج اب,541707,6
57491,3093,سیاه چاه,542478,6
57492,3094,آب شور,147135,6
57493,3094,ترکن,147151,6
57494,3094,تندک,147154,6
57495,3094,غزالبلاغ,147157,6
57496,3094,جعفر آباد,147158,6
57497,3094,چاه ابراهیم خان,147161,6
57498,3094,چاه بلوچک,147162,6
57499,3094,چاه پیش بر,147163,6
57500,3094,چاه پی کمر,147164,6
57501,3094,چاه ترش,147165,6
57502,3094,چاه حاجی عرب,147167,6
57503,3094,چاه دهوک,147168,6
57504,3094,چاه رحمان,147169,6
57505,3094,چاه سرگردنه,147170,6
57506,3094,چاه سوخته,147171,6
57507,3094,چاه شربت,147172,6
57508,3094,چاه شور,147173,6
57509,3094,چاه شیرین,147175,6
57510,3094,چاه گزبار,147176,6
57511,3094,چاه گله چشمه,147177,6
57512,3094,چاه محمود,147178,6
57513,3094,چاه یزدی,147180,6
57514,3094,چشمه شور,147182,6
57515,3094,چشمه گچی,147183,6
57516,3094,چشمه نی,147186,6
57517,3094,سراب چوبند,147196,6
57518,3094,سرداب,147197,6
57519,3094,سعد آباد,147199,6
57520,3094,شهر سوخته,147203,6
57521,3094,طرسک,147204,6
57522,3094,قاسمی,147210,6
57523,3094,کرک,147215,6
57524,3094,کسکاب,147216,6
57525,3094,کفگیری,147217,6
57526,3094,کلاته میرزایی,147230,6
57527,3094,گودال,147235,6
57528,3094,مج,147238,6
57529,3094,مهرنشانی / مهرشاهی,147243,6
57530,3094,چاه میان,147875,6
57531,3094,چشمه باغ,394629,6
57532,3094,موتور آب عمیق جمهوری,394633,6
57533,3094,چاه شماره یک حضرت قلی,394634,6
57534,3094,چاه عمیق شماره 2 شهیدجلالی,394635,6
57535,3094,چاه نیمه عمیق رمضان علی نخعی,394636,6
57536,3094,موتوراب عمیق شماره 3 شهیدعلی اکبری,394637,6
57537,3095,امیر آباد,148201,6
57538,3095,ترکن,148203,6
57539,3095,حسن آباد,148204,6
57540,3095,حسین آباد,148205,6
57541,3095,خیر آباد,148206,6
57542,3095,رحمت آباد,148207,6
57543,3095,رزق آباد,148208,6
57544,3095,سنجرد,148209,6
57545,3095,صالح آباد,148211,6
57546,3095,عباس آباد,148212,6
57547,3095,علی آباد ترکن,148213,6
57548,3095,کلاته حاج حسن,148221,6
57549,3095,کلاته نو بهار,148223,6
57550,3095,نو آباد,148225,6
57551,3095,نوبهار,148226,6
57552,3095,نوبهار بالا,148227,6
57553,3095,یحیی آباد,148228,6
57554,3095,کلاته غرب,394650,6
57555,3095,بزعت آباد,541708,6
57556,3096,البلاغ,147805,6
57557,3096,النگ سفلی,147806,6
57558,3096,بالا کول,147807,6
57559,3096,بیروت,147809,6
57560,3096,تک سرخ,147811,6
57561,3096,چشمه درخت توت,147814,6
57562,3096,چشمه سفید,147815,6
57563,3096,چنار,147818,6
57564,3096,حاجی گوش کال,147820,6
57565,3096,حسن آباد / حسن آباد سبد,147821,6
57566,3096,خرسف,147823,6
57567,3096,دز گنج,147825,6
57568,3096,ده نو,147826,6
57569,3096,دین جان,147829,6
57570,3096,روشن آباد,147830,6
57571,3096,سبه,147834,6
57572,3096,سرخان,147836,6
57573,3096,سرکوه,147837,6
57574,3096,سلم آباد,147838,6
57575,3096,شکر آباد,147840,6
57576,3096,شوراب,147841,6
57577,3096,شیر بر,147842,6
57578,3096,عباس آباد,147843,6
57579,3096,قلعه گوک,147847,6
57580,3096,قلعه میدان,147848,6
57581,3096,قلمبک,147849,6
57582,3096,کالو,147851,6
57583,3096,کالوی سبز,147852,6
57584,3096,کاهک,147853,6
57585,3096,کج درخت,147854,6
57586,3096,کلاته تیرکمان,147859,6
57587,3096,کلاته حاجی خان,147860,6
57588,3096,کلاته ستار آباد,147862,6
57589,3096,کلاته شادی,147865,6
57590,3096,کلاته علی آباد,147866,6
57591,3096,کلاته گل میم,147867,6
57592,3096,گلستان,147871,6
57593,3096,میچک و شایک,147872,6
57594,3096,میدانک,147873,6
57595,3096,میشاب,147874,6
57596,3096,چاه شیرین,147876,6
57597,3096,شیربر بالا,394988,6
57598,3097,ابراهیم آباد,163572,6
57599,3097,اجلال,163573,6
57600,3097,جو پایین,163578,6
57601,3097,چمله,163579,6
57602,3097,حسن آباد منقشلی,163582,6
57603,3097,حکیم آباد,163585,6
57604,3097,خان تپه,163588,6
57605,3097,درنگون,163590,6
57606,3097,دولخان,163591,6
57607,3097,سلخی/ امامزاده ابراهیم,163593,6
57608,3097,سلوگرد,163594,6
57609,3097,سنقاسی / سنقایی,163595,6
57610,3097,محسن آباد,163598,6
57611,3097,شاه بنده,163599,6
57612,3097,شاه گلدی,163600,6
57613,3097,شلنگرد,163601,6
57614,3097,علی آباد,163604,6
57615,3097,فتح آباد,163605,6
57616,3097,فلاح آباد,163606,6
57617,3097,فنگ,163607,6
57618,3097,قره جنگل,163608,6
57619,3097,کرتو,163613,6
57620,3097,کریمخان,163614,6
57621,3097,کلاته علی خان,163620,6
57622,3097,کلاته قنبر علی,163621,6
57623,3097,کلاته کاظم,163622,6
57624,3097,کوسان,163629,6
57625,3097,گلگون,163631,6
57626,3097,گنجو,163632,6
57627,3097,مهر آباد,163636,6
57628,3097,میرزا حسن,163637,6
57629,3097,ناوخ,163638,6
57630,3097,نیستان,163640,6
57631,3097,بخت آباد,164038,6
57632,3097,بیامشک,164041,6
57633,3097,پس پشته,164043,6
57634,3097,پوشان,164044,6
57635,3097,پیشاوک,164047,6
57636,3097,شورک,164069,6
57637,3097,شیرین,164070,6
57638,3097,طویل,164072,6
57639,3097,کلاته شیرین,164081,6
57640,3097,گوری,164090,6
57641,3097,چشمه گیلاس,166130,6
57642,3097,مزرعه نصراله خان شریفی,540633,6
57643,3097,چاه عمیق آستان قدس,540641,6
57644,3097,کلاته میرزا,540646,6
57645,3097,کلاته تلکی,540647,6
57646,3097,چاه موتور عمیق آستان قدس / اکبر مرادی,540649,6
57647,3097,چاه موتور عمیق استان قدس/ اکبریان,540650,6
57648,3097,چاه عمیق حسن محمدی پرور / چاه عمیق محمد,540651,6
57649,3098,اوتان,163574,6
57650,3098,بازه,163575,6
57651,3098,بیدابید,163576,6
57652,3098,تمندر,163577,6
57653,3098,چهل پری,163580,6
57654,3098,حاج اسماعیل / حاجی اسماعیل,163581,6
57655,3098,کلاته حسن,163583,6
57656,3098,حسین نجو,163584,6
57657,3098,خان آباد,163587,6
57658,3098,درخت سنجد,163589,6
57659,3098,سید آباد,163596,6
57660,3098,سیرگرد,163597,6
57661,3098,شمس آباد,163602,6
57662,3098,طاهر آباد,163603,6
57663,3098,قره کوسه,163609,6
57664,3098,قوشق آباد,163610,6
57665,3098,قلعه رضا,163611,6
57666,3098,کسلانی,163615,6
57667,3098,کلاته شیخ ها,163618,6
57668,3098,کلاته عرب آباد,163619,6
57669,3098,کلاته محمد باقر,163623,6
57670,3098,کلاته نادر جدید,163626,6
57671,3098,کمال آباد,163628,6
57672,3098,گبری,163630,6
57673,3098,منقشلی,163633,6
57674,3098,موسی آباد,163635,6
57675,3098,نوبهار,163639,6
57676,3098,اشکوان,163715,6
57677,3098,آق صحرا,163716,6
57678,3098,ایل حصار,163722,6
57679,3098,بقال,163723,6
57680,3098,جوقان,163731,6
57681,3098,چنبر غربال,163744,6
57682,3098,حاجی آباد,163747,6
57683,3098,حسن آباد عامل زاده,163749,6
57684,3098,حسین آباد ناسی,163752,6
57685,3098,حیطه طلا,163754,6
57686,3098,خادمباشی,163755,6
57687,3098,دستگرد,163766,6
57688,3098,زناقل,163775,6
57689,3098,سراسیاب,163778,6
57690,3098,سلطان آباد,163780,6
57691,3098,عباس آباد جنگی,163789,6
57692,3098,عباس خان قره گل,163790,6
57693,3098,کرنگان,163806,6
57694,3098,گلک,163807,6
57695,3098,کلاته خانو,163810,6
57696,3098,کلاته محمد عرب,163812,6
57697,3098,محمد آباد بلوچ,163828,6
57698,3098,محمد حسن بیگ,163829,6
57699,3098,مومن آباد,163836,6
57700,3098,مهدی سلطان / مهدی آباد,163837,6
57701,3098,نجم آباد,163839,6
57702,3098,نومهن,163847,6
57703,3098,یوسف آباد,163852,6
57704,3098,چاه عمیق محمودصایبی,540603,6
57705,3098,مزرعه و گاوداری کهن نژاد,540609,6
57706,3098,چاه عمیق خداداد,540610,6
57707,3098,ذهاب,540611,6
57708,3098,چاه عمیق حسین زاده,540612,6
57709,3098,چاه عمیق آستان قدس,540620,6
57710,3098,مزرعه معاون,540621,6
57711,3098,چاه شماره 2 استان قدس,540660,6
57712,3098,نصر آباد,540663,6
57713,3098,چرمی,540682,6
57714,3098,گلم,540688,6
57715,3098,کلاته شکر,809561,6
57716,3099,آبقد,163710,6
57717,3099,جمع آب,163730,6
57718,3099,چشمک,163742,6
57719,3099,خیج,163762,6
57720,3099,شورک,163785,6
57721,3099,احمد آباد,164850,6
57722,3099,اسماعیل آباد,164853,6
57723,3099,به آباد,164857,6
57724,3099,خسرو آباد,164866,6
57725,3099,خوشاب,164867,6
57726,3099,خیر آباد,164868,6
57727,3099,ده نو,164870,6
57728,3099,سنگ سفید,164874,6
57729,3099,عباس آباد,164876,6
57730,3099,قصرهلال,164881,6
57731,3099,قلعه نوقوام شهیدی,164884,6
57732,3099,کمرستان,164891,6
57733,3099,گاو طرنا,164893,6
57734,3099,ماوا,164896,6
57735,3099,موشنگ,164898,6
57736,3099,نوزاد,164902,6
57737,3099,هاشم آباد,164903,6
57738,3099,یکه لنگه,164905,6
57739,3099,رونگ,540442,6
57740,3100,ارگی,164851,6
57741,3100,اسجیل,164852,6
57742,3100,چشمه سبز,164862,6
57743,3100,چنار,164863,6
57744,3100,حسن آقه,164864,6
57745,3100,دولت آباد,164869,6
57746,3100,سلمان آباد / سلطان آباد اسجیل,164873,6
57747,3100,عاشقان,164875,6
57748,3100,فریزی,164880,6
57749,3100,کاهدر,164886,6
57750,3100,کاهو,164887,6
57751,3100,کلاته پایه,164889,6
57752,3100,کوشکان,164892,6
57753,3100,نو پارو,164901,6
57754,3100,کشیش در,504595,6
57755,3100,عاشقان بالا,540585,6
57756,3101,عطاییه,159589,6
57757,3101,آب شور,167082,6
57758,3101,ابراهیم آباد,167083,6
57759,3101,ارغش,167085,6
57760,3101,اردمه,167086,6
57761,3101,اکبر آباد,167087,6
57762,3101,الله آباد,167089,6
57763,3101,امیر آباد,167090,6
57764,3101,باغ جهان,167092,6
57765,3101,باقریه,167093,6
57766,3101,بدیع آباد,167094,6
57767,3101,بوژ آباد,167095,6
57768,3101,پیرگز,167097,6
57769,3101,تقی آباد,167099,6
57770,3101,جعفر آباد,167101,6
57771,3101,چاه خشت,167105,6
57772,3101,چاه رییسی,167108,6
57773,3101,چاه نسر,167118,6
57774,3101,چشمه آخور,167120,6
57775,3101,چشمه زرد,167121,6
57776,3101,چشمه یاقوت,167122,6
57777,3101,چهل مرغیان,167124,6
57778,3101,حاجی آباد,167125,6
57779,3101,حسین آباد عرب,167127,6
57780,3101,حصار نو,167129,6
57781,3101,خیر آباد,167131,6
57782,3101,درخت سنجد,167132,6
57783,3101,دهنو,167137,6
57784,3101,دهنو شور,167138,6
57785,3101,دهنو شور,167139,6
57786,3101,رییسی,167140,6
57787,3101,سبز آباد,167142,6
57788,3101,سعد آباد عرب,167144,6
57789,3101,سلیمانی,167145,6
57790,3101,سید آباد,167146,6
57791,3101,سید آباد,167147,6
57792,3101,چاه شرکت تعاونی کشتزار,167149,6
57793,3101,شور رود,167150,6
57794,3101,شهرک امام,167152,6
57795,3101,صمدیه,167154,6
57796,3101,عباس آباد,167155,6
57797,3101,عزیز آباد,167157,6
57798,3101,علی آباد,167159,6
57799,3101,فتح آباد,167161,6
57800,3101,فتوح آباد,167163,6
57801,3101,فیروزی,167165,6
57802,3101,قاسم آباد,167166,6
57803,3101,قاسمی,167167,6
57804,3101,قره خان,167168,6
57805,3101,کاریز نو,167171,6
57806,3101,کاظم آباد,167173,6
57807,3101,کلاته حسن آباد,167183,6
57808,3101,کوشک / کوشکک,167191,6
57809,3101,کوشکک,167192,6
57810,3101,گرم آباد,167193,6
57811,3101,گرگی,167194,6
57812,3101,گلشن,167195,6
57813,3101,گله چشمه,167197,6
57814,3101,گنج آباد,167198,6
57815,3101,ماروس,167202,6
57816,3101,محمود آباد,167204,6
57817,3101,مزرعه مشاع,167208,6
57818,3101,مهدی آباد,167211,6
57819,3101,میان بند,167212,6
57820,3101,نصر آباد علیا,167214,6
57821,3101,نعیم آباد,167215,6
57822,3101,همت آباد,167218,6
57823,3101,یوسف آباد,167219,6
57824,3101,عین آباد,267489,6
57825,3101,محمودیه,267491,6
57826,3101,مرتضی آباد,267492,6
57827,3101,ماهی سرای حاج علی اصغر شیعه / چاه فخارطو,399735,6
57828,3101,چاه حسین آباد,399736,6
57829,3101,چاه خیر آباد,399737,6
57830,3101,چاه شماره 1 بنیاد,399740,6
57831,3101,چاه شماره 1 سپاه,399752,6
57832,3101,چاه شماره 2 سپاه,399753,6
57833,3101,چاه شماره 3 سپاه,399754,6
57834,3101,چاه حاجی آباد,399755,6
57835,3101,اردوگاه افاغنه,399756,6
57836,3101,چاه بهداشت محیط آب شرب,399757,6
57837,3101,چاه مظفر آباد,399758,6
57838,3101,چاه اکبر آباد,399783,6
57839,3101,چاه جنگلبانی,399784,6
57840,3101,چاه قاسمی 1,399785,6
57841,3101,چاه قاسمی 2,399786,6
57842,3101,چاه قاسمی 3,399787,6
57843,3101,چاه ابوذر,399788,6
57844,3101,چاه گلشن شماره 1,399789,6
57845,3101,چاه صمدیه,399790,6
57846,3101,چاه آقاجان,399791,6
57847,3101,چاه شماره 1 سعد آباد,399792,6
57848,3101,چاه شماره 2 سعد آباد,399793,6
57849,3101,چاه رضا نگهبان,399794,6
57850,3101,چاه مشاع سالاری,399795,6
57851,3101,چاه مشاع کوشک,399796,6
57852,3101,چاه گل چشمه,399797,6
57853,3101,چاه درخت سنجد,399798,6
57854,3101,چاه جنداب,399799,6
57855,3101,چاه ابراهیم آباد شماره 1,399800,6
57856,3101,چاه شماره 2 ریگ گل عشق آباد,399801,6
57857,3101,چاه هییت واگذاری,399802,6
57858,3101,اداره شکاربانی / سازمان حفاظت محیط زیست,399803,6
57859,3101,فتحیه,399811,6
57860,3101,چاه شهید غلامرضا عظیمی شماره 1,399819,6
57861,3101,قلعه نو,399821,6
57862,3101,عسگرآباد,399822,6
57863,3101,چاه هییت واگذاری,399823,6
57864,3101,چاه شماره 1 ریگ گل عشق آباد,399824,6
57865,3101,چاه رییسی,399825,6
57866,3101,چاه گسترش,399826,6
57867,3101,مزرعه فیاضی,399827,6
57868,3101,مزرعه حاج علی اصغر شاکری,399828,6
57869,3101,چاه بزغانی,399829,6
57870,3101,چاه هییت واگذاری,399830,6
57871,3101,سعد آباد خلج,399831,6
57872,3101,چاه هییت واگذاری,399832,6
57873,3101,چاه مظفر آباد,399833,6
57874,3101,چاه شماره 2 چهل مرغیان,399834,6
57875,3101,مهدی آباد,399835,6
57876,3101,چاه سعد آباد,541773,6
57877,3101,قلعه زنگار,542046,6
57878,3101,چاه مست بیرم,542112,6
57879,3102,نو آباد,166731,6
57880,3102,چاه یابو,166851,6
57881,3102,کلاته حاج حسن,166919,6
57882,3102,کلاته حاجی ملا,166920,6
57883,3102,کلاته حسن,166971,6
57884,3102,احمد آباد,167084,6
57885,3102,الوان,167088,6
57886,3102,پاباز,167096,6
57887,3102,ترسانه,167098,6
57888,3102,تک خار,167100,6
57889,3102,جمشید آباد,167102,6
57890,3102,چاه تنگ لو,167104,6
57891,3102,چاه خواری / چاه خاری,167106,6
57892,3102,چاه دو سر,167107,6
57893,3102,چاه زمزم,167109,6
57894,3102,چاه سالار,167110,6
57895,3102,چاه طرق,167111,6
57896,3102,چاه کوز / کوز,167113,6
57897,3102,چاه ماری,167114,6
57898,3102,چاه موسی,167116,6
57899,3102,چاه میل,167117,6
57900,3102,چاه هیزمی /چاه زمین,167119,6
57901,3102,چهچهه علی,167123,6
57902,3102,حسین آباد جنگل,167126,6
57903,3102,حصار سرخ,167128,6
57904,3102,خیر آباد,167130,6
57905,3102,دست فشاد,167133,6
57906,3102,ده پشت,167134,6
57907,3102,ده حسینی,167135,6
57908,3102,ریز آب,167141,6
57909,3102,شهر آباد,167151,6
57910,3102,عرب کوسه,167156,6
57911,3102,فدیشه,167164,6
57912,3102,قولونی,167169,6
57913,3102,قونک اردمه,167170,6
57914,3102,کلاته افشاری,167174,6
57915,3102,کلاته اله قلی,167175,6
57916,3102,کلاته باغ,167176,6
57917,3102,کلاته پیر,167177,6
57918,3102,کلاته حاج الهیار,167178,6
57919,3102,کلاته حاجی شیر محمد,167179,6
57920,3102,کلاته حاج علی اکبر,167180,6
57921,3102,کلاته حاج ملا حسن,167181,6
57922,3102,کلاته حاج موسی,167182,6
57923,3102,کلاته رضاییه,167185,6
57924,3102,کلاته ریزاب,167186,6
57925,3102,کلاته گرگی,167187,6
57926,3102,کلاته نصر آباد,167189,6
57927,3102,کلاته نو شهر آباد,167190,6
57928,3102,گلقندشت,167196,6
57929,3102,گنج آباد,167199,6
57930,3102,گنداب,167200,6
57931,3102,محمد آباد حمیگو,167203,6
57932,3102,مخلد آباد,167206,6
57933,3102,نصر آباد,167213,6
57934,3102,چاه غلامرضا عظیمی شماره 2,399841,6
57935,3102,چاه شماره 1 دیمه زار احمد آباد,399842,6
57936,3102,چاه شهر آباد,399843,6
57937,3102,چاه گود کرم,399844,6
57938,3102,چاه شماره 1گودکرم,399845,6
57939,3102,چاه شماره 3 قونک اردمه,399846,6
57940,3102,چاه شماره 2 دیمه زار احمد آباد,399847,6
57941,3102,ماهی سرای پارت البرز,399848,6
57942,3102,چاه نی,399853,6
57943,3102,چاه رضاییه,399866,6
57944,3102,کلاته عابد,399867,6
57945,3102,کلاته محمود آباد / کلاته بالا,399868,6
57946,3102,دشت آزادگان / دامداری دشت پی درپ,399869,6
57947,3102,چاه نجم آباد,542047,6
57948,3102,چاه احمد آباد شماره 2,542654,6
57949,3103,اکبر آباد,140913,6
57950,3103,بلهر,140920,6
57951,3103,جنداب,140923,6
57952,3103,چاه جوانمرد قصاب,140924,6
57953,3103,چاه شماره 2 زمه,140925,6
57954,3103,دریگی,140935,6
57955,3103,ریگی,140938,6
57956,3103,ذمه,140939,6
57957,3103,زواج,140940,6
57958,3103,سلطانیه,140942,6
57959,3103,چاه مشاع شماره 2 ریگی,140987,6
57960,3103,چاه مشاع شماره 3 ریگی,140988,6
57961,3103,چاه مشاع شماره 1 ریگی,140989,6
57962,3103,استایش,141307,6
57963,3103,براکوه / برکوه,141322,6
57964,3103,بزق,141326,6
57965,3103,جوانمرد قصاب,540102,6
57966,3103,چاه حسن آباد,540122,6
57967,3103,چاه مشاع شماره 7 ریگی,540124,6
57968,3103,حصار,540125,6
57969,3103,چاه موتور رجایی,540128,6
57970,3103,چاه موتور محمد زاده,540129,6
57971,3103,چاه موتور صلاتی,540130,6
57972,3103,چاه موتور صفایی,540131,6
57973,3103,چاه موتور حاجی,540132,6
57974,3103,چاه موتور فرتاج,540133,6
57975,3103,چاه موتور منفرد,540134,6
57976,3104,الله آباد,140915,6
57977,3104,پیرگز,140921,6
57978,3104,حسن آباد بلهر,140931,6
57979,3104,حسین آباد,140932,6
57980,3104,ده نو,140936,6
57981,3104,سالاری,140941,6
57982,3104,اسلام آباد / اصلاح آباد / شاه بخش,140943,6
57983,3104,شهرکهنه,140944,6
57984,3104,عبدل آباد,140946,6
57985,3104,عشرت آباد,140948,6
57986,3104,عنبرکه,140951,6
57987,3104,قلعه شیشه,140960,6
57988,3104,قلاس آباد,140961,6
57989,3104,قوش آغل / قوش آباد,140963,6
57990,3104,گلبوی پایین,140977,6
57991,3104,گلبوی بالا,140978,6
57992,3104,مسک آباد,140982,6
57993,3104,موتور اردوگاه,140984,6
57994,3104,موتور حسن آباد بلهر,140986,6
57995,3104,مهدی آباد,140990,6
57996,3104,مهنک,140991,6
57997,3104,همایی,140993,6
57998,3104,قنبر آباد,141388,6
57999,3104,گز بازه / گزه بازه,141434,6
58000,3104,عجوزار / اجوزه زار,540112,6
58001,3104,چاه عبدل آباد,540113,6
58002,3104,چاه مشاع شماره 2 مسک آباد,540115,6
58003,3104,چاه مشاع شماره 3 عنبرکه,540118,6
58004,3104,چاه مشاع شماره 2 عنبرکه,540119,6
58005,3104,چاه مشاع شماره 1 گلبوی,540120,6
58006,3104,چاه مشاع شماره 2 گلبوی,540121,6
58007,3104,کلاته حاجی خان,540135,6
58008,3105,اشینه,171650,6
58009,3105,ایران شکن,171662,6
58010,3105,بیدشک,171672,6
58011,3105,حیدرآباد,171707,6
58012,3105,خیرآباد,171710,6
58013,3105,دیزیچه,171718,6
58014,3105,رفیع آباد,171726,6
58015,3105,سلیمان آباد,171734,6
58016,3105,سناباد,171736,6
58017,3105,سنجدو آقاعلی,171738,6
58018,3105,سهر,171740,6
58019,3105,سیانچه,171741,6
58020,3105,شورابه,171748,6
58021,3105,طوران,171753,6
58022,3105,علی آباد,171764,6
58023,3105,فران,171767,6
58024,3105,گارحسنه,171771,6
58025,3105,قهساره,171774,6
58026,3105,کچی,171778,6
58027,3105,کسایون,171780,6
58028,3105,کهنگ,171783,6
58029,3105,مار,171791,6
58030,3105,ماربین,171792,6
58031,3105,مارچوبه,171793,6
58032,3105,مبارکه,171794,6
58033,3105,نوک آباد,171823,6
58034,3105,نهوج,171825,6
58035,3105,نیسیان,171827,6
58036,3105,برزگر,401671,6
58037,3105,گرنه,401682,6
58038,3105,خونیه,401683,6
58039,3105,مزرعه دهچی خاتون,401686,6
58040,3105,ناحیه صنعتی نیسیان,595875,6
58041,3105,وناب,595876,6
58042,3105,مهرآباد,595877,6
58043,3105,مرغداری کریم نجفی,810551,6
58044,3105,چاه دربند,810614,6
58045,3105,حاج رییس,810615,6
58046,3106,اشکنه بالا,172361,6
58047,3106,اونج,172368,6
58048,3106,باقرآباد,172373,6
58049,3106,بغم,172378,6
58050,3106,پیناوند,172386,6
58051,3106,توتگان,172396,6
58052,3106,جنبه,172400,6
58053,3106,چاه ریسه,172407,6
58054,3106,حسن آباد,172417,6
58055,3106,حسن آباد,172421,6
58056,3106,خاصه تراش,172433,6
58057,3106,دیزلو,172450,6
58058,3106,زایین,172457,6
58059,3106,عباس آباد,172485,6
58060,3106,علی آباد,172486,6
58061,3106,فسخود,172491,6
58062,3106,کمشچه,172504,6
58063,3106,گل ومل,172513,6
58064,3106,لاسیب,172531,6
58065,3106,ماست بندی,172540,6
58066,3106,مونیه,172566,6
58067,3106,ومکان,172579,6
58068,3106,مجموعه مرغداریهای تک,404503,6
58069,3106,شرکت سیمان اردستان,810011,6
58070,3106,تلیچه بالا,810617,6
58071,3106,معدن مجیر,810618,6
58072,3106,چاه آب کارخانه سیمان اردستان,810619,6
58073,3107,پنج,171674,6
58074,3107,دستجرد,171713,6
58075,3107,زیارتگاه,171729,6
58076,3107,ظفرقند,171754,6
58077,3107,کاشانک,171776,6
58078,3107,گزلا,171784,6
58079,3107,گزلا بالا,171785,6
58080,3107,مهراندو,171819,6
58081,3107,میشاب,171821,6
58082,3107,بابااحمد,172372,6
58083,3107,چرمهین,172408,6
58084,3107,سرابه,172459,6
58085,3107,کچومثقال,172509,6
58086,3107,گزستان,172510,6
58087,3107,ونین,172582,6
58088,3107,هندوآباد,172586,6
58089,3107,اردوگاه قدس,401694,6
58090,3107,مجموعه کارگاهی بهشت زینب,595889,6
58091,3107,فیض آباد,595890,6
58092,3107,شهرک صنعتی اردستان,595891,6
58093,3107,مرکز آموزش فنی و حرفه ای اردستان,595892,6
58094,3107,دانشگاه پیام نور اردستان,595893,6
58095,3107,صحرا کوه سنگی,595894,6
58096,3107,مزرعه دشت آهیه,595895,6
58097,3107,مجموعه دامداریهای پارک جنگلی,595896,6
58098,3107,سردخانه هدایتی,810470,6
58099,3107,مرغداری علینقی زاده,810621,6
58100,3108,مزرعه حاج حسینیها,172069,6
58101,3108,اکبرآباد,172112,6
58102,3108,الله آباد,172113,6
58103,3108,باب الباغ (درباغ),172116,6
58104,3108,برگی,172118,6
58105,3108,بیدون,172120,6
58106,3108,تل آباد,172122,6
58107,3108,تورزن,172123,6
58108,3108,دچان,172151,6
58109,3108,درقه,172152,6
58110,3108,دولت آباد,172154,6
58111,3108,رحمت آباد,172158,6
58112,3108,زاغل,172161,6
58113,3108,سفیده,172164,6
58114,3108,سرهنگ آباد,172166,6
58115,3108,سنجدو,172168,6
58116,3108,سهرویه,172170,6
58117,3108,سیانک پایین,172172,6
58118,3108,شهراب,172175,6
58119,3108,عشق آباد,172182,6
58120,3108,علی آباد,172183,6
58121,3108,علی آباد برگی,172184,6
58122,3108,فازن,172186,6
58123,3108,کهیاز,172192,6
58124,3108,گلشکنان,172195,6
58125,3108,مزدآبادبالا,172200,6
58126,3108,منظریه,172216,6
58127,3108,مهرآباد,172217,6
58128,3108,مهرآبادو,172218,6
58129,3108,نصرند,172221,6
58130,3108,همتآباد,172224,6
58131,3108,رشیدآباد,401710,6
58132,3109,امیرآباد,172045,6
58133,3109,باقرآباد,172051,6
58134,3109,جعفرآباد,172053,6
58135,3109,جهان آباد,172054,6
58136,3109,حسین آباد,172058,6
58137,3109,دشت انقلاب,172059,6
58138,3109,دهنو,172060,6
58139,3109,شرکت کشت و دام زواره,172061,6
58140,3109,علی آباد,172065,6
58141,3109,علی آباد,172066,6
58142,3109,کریم آباد,172068,6
58143,3109,مزدآبادپایین,172072,6
58144,3109,معین آباد,172073,6
58145,3109,نیرآباد,172075,6
58146,3109,یافت آباد,172076,6
58147,3109,احمدآباد,172837,6
58148,3109,اسلام آباد,172839,6
58149,3109,امیران,172840,6
58150,3109,تلک آباد,172849,6
58151,3109,شرکت پیشتازان انقلاب,172882,6
58152,3109,شرکت تعاونی کشت ودام بقره,172883,6
58153,3109,قلعه مهرابه,172899,6
58154,3109,کچورستاق,172900,6
58155,3109,چاه جلیل سلطانی,172903,6
58156,3109,گلزارمحمد,172909,6
58157,3109,گلستان شهیدرجایی,172911,6
58158,3109,گلستان مهدی,172913,6
58159,3109,چهارمیل (شرکت کشت و صنعت فجر اصفهان),172915,6
58160,3109,هنرستان کشاورزی 22بهمن,172920,6
58161,3109,ایستگاه تثبیت شن چهارمیل,401635,6
58162,3109,سعادت آباد,401640,6
58163,3109,طرح کشاورزی سپاه,404354,6
58164,3109,دشت بزرگ,404355,6
58165,3109,قطب صنعتی زواره,404356,6
58166,3109,دشت قاسم کمال,595878,6
58167,3109,دشت امامزاده,595879,6
58168,3109,باغستان,595880,6
58169,3109,منطقه کارگاهی زواره,595881,6
58170,3109,محله دشت,595882,6
58171,3109,مزرعه دشت کویرنیکو,810007,6
58172,3109,مزرعه گرگی آباد,810008,6
58173,3109,کارخانه جوی گستر,810009,6
58174,3109,ناحیه صنعتی زواره,810356,6
58175,3109,مجموعه دامداریهای شمال تلک آباد,810577,6
58176,3109,طرح وحدت زواره,810616,6
58177,3109,معدن سنگ آهن بادرود,910002,6
58178,3110,حسن آباد,172419,6
58179,3110,گلستان شهیدبهشتی شماره 6,172514,6
58180,3110,مصطفی آباد,172554,6
58181,3110,موغار,172565,6
58182,3110,امیدیه,172841,6
58183,3110,تقی آباد,172848,6
58184,3110,جعفرآباد,172850,6
58185,3110,دشت سجادیه,172852,6
58186,3110,مجموعه چاههای گروه آل محمد,172857,6
58187,3110,حسن آباد,172865,6
58188,3110,حیدرآباد,172868,6
58189,3110,خشک آباد,172870,6
58190,3110,دشت آزادگان,172871,6
58191,3110,دولت آباد,172874,6
58192,3110,دولاب,172875,6
58193,3110,رحمت آباد,172877,6
58194,3110,سهامیه,172879,6
58195,3110,سیدآباد,172880,6
58196,3110,شلوغ آباد,172889,6
58197,3110,شمس آباد,172890,6
58198,3110,طرح صاحب الزمان,172895,6
58199,3110,علی آبادسردار,172897,6
58200,3110,فیروزآباد,172898,6
58201,3110,گروه رضامعینی,172904,6
58202,3110,گروه مشاع شهید بهشتی,172907,6
58203,3110,نصرت آباد,172919,6
58204,3110,پلیس راه اردستان,401610,6
58205,3110,گلستان خمینی,401619,6
58206,3110,ده نایب,401622,6
58207,3110,اعتضادی,401623,6
58208,3110,حسین آباد,401624,6
58209,3110,مجموعه چاههای اسلام آباد,404749,6
58210,3110,شهرک صنعتی مهاباد,595883,6
58211,3110,مجموعه تفریحی گردشگری مهاباد,595884,6
58212,3110,چاه زارعی,595885,6
58213,3110,چاه داور,595886,6
58214,3110,گاوداری حسین پور ابراهیم,595887,6
58215,3110,مزرعه علی بن موسی الرضا(مزرعه کرمانی),810014,6
58216,3110,پرورش شترمرغ فرهادی,810624,6
58217,3111,اردرانچه,172350,6
58218,3111,ارست,172351,6
58219,3111,آستانه,172355,6
58220,3111,استحرق,172356,6
58221,3111,اکبرآباد,172365,6
58222,3111,برونی,172376,6
58223,3111,بلهور,172380,6
58224,3111,بند آستانه,172381,6
58225,3111,بیلت,172385,6
58226,3111,پنارت,172391,6
58227,3111,گروه سرهنگچه,172405,6
58228,3111,چاه گسترش,172406,6
58229,3111,حرمی,172416,6
58230,3111,خرم آباد,172432,6
58231,3111,داوران,172435,6
58232,3111,دوک,172441,6
58233,3111,دولین,172442,6
58234,3111,ده آخوند,172443,6
58235,3111,ده گردیان,172446,6
58236,3111,رودخانه,172455,6
58237,3111,رونق,172456,6
58238,3111,سرهنگچه,172461,6
58239,3111,سریجهن,172462,6
58240,3111,سینا,172473,6
58241,3111,شیده,172478,6
58242,3111,شیرازان,172479,6
58243,3111,طالقان,172483,6
58244,3111,علی آباد پایین,172488,6
58245,3111,فاضل,172490,6
58246,3111,کچوسنگ,172497,6
58247,3111,کسوج,172498,6
58248,3111,کی پاچه,172508,6
58249,3111,گل انجیره,172517,6
58250,3111,گونیان,172522,6
58251,3111,لشگرکوه,172525,6
58252,3111,لیج,172526,6
58253,3111,محمد آباد موغار,172541,6
58254,3111,معین آباد,172564,6
58255,3111,واریان,172573,6
58256,3111,وام ساره,172574,6
58257,3111,وندآباد,172580,6
58258,3111,وندستان,172581,6
58259,3111,همبر,172583,6
58260,3111,همسار,172585,6
58261,3111,شن و ماسه شهرداری اردستان,401609,6
58262,3111,شرکت تولیدی گچ واهک مدرس,401611,6
58263,3111,دروبه چمن,401643,6
58264,3111,پابیدستان,401654,6
58265,3111,دوجار,401656,6
58266,3111,نیرآباد,401657,6
58267,3111,شورآب,401708,6
58268,3111,چاه میران زاده,595888,6
58269,3111,کارخانجات نساجی مهابادریس,810471,6
58270,3111,آریا دشت - مزرعه مهابادی,810472,6
58271,3111,مجتمع خدماتی رفاهی,810623,6
58272,3111,مرغداری رضا سرمدی,910124,6
58273,3112,ده کرم,174862,6
58274,3112,ازوار,175012,6
58275,3112,صحرا ازوارچه,175013,6
58276,3112,ازیران,175014,6
58277,3112,اندلان,175016,6
58278,3112,برکان,175020,6
58279,3112,پیله وران,175021,6
58280,3112,چم,175025,6
58281,3112,حاجی آباد,175026,6
58282,3112,رحیم آباد,175028,6
58283,3112,روران,175029,6
58284,3112,زغمار,175030,6
58285,3112,شیدان,175034,6
58286,3112,عباس آباد,175036,6
58287,3112,قلعه سرخی,175038,6
58288,3112,کروه,175041,6
58289,3112,کلودان,175042,6
58290,3112,کلارتان,175043,6
58291,3112,مزرعه لجن ابه,175047,6
58292,3112,لیان,175048,6
58293,3112,مهدی آباد,175055,6
58294,3112,هرمدان,175057,6
58295,3112,هرمزآباد,175058,6
58296,3112,مجتمع معادن سنگ لاشتر 2,402008,6
58297,3112,مجموعه زمینهای کشاورزی روران,402018,6
58298,3112,مرغداری جعفرموحدیان,402026,6
58299,3112,صحرابالا,595900,6
58300,3112,مجموعه باغات و ویلاهای غرب روران,595901,6
58301,3112,مجموعه باغات جاده ورزشگاه,595902,6
58302,3112,صحرا لب قنات,595903,6
58303,3112,صحرا پشت قلعه,595904,6
58304,3112,صحرا میان ده,595905,6
58305,3112,صحرا پایین ده,595906,6
58306,3112,صحرا قلعه گبری,595907,6
58307,3112,صحرا پنجاه جریبی,595913,6
58308,3112,صحرا همدانیان,595914,6
58309,3112,صحرا بالا اندلان,595918,6
58310,3112,صحرا پایین اندلان,595919,6
58311,3112,صحرا واندلان,595928,6
58312,3112,صحرا ضرابی,595929,6
58313,3112,صحرا نرمان,810776,6
58314,3112,صحرا لا,810777,6
58315,3112,صحرا عمه,910083,6
58316,3112,صحرا کاشان,910084,6
58317,3112,صحرا اشترجان,910085,6
58318,3112,صحرا آسنج,910087,6
58319,3112,صحرا پیران,910101,6
58320,3112,صحرا بند روان,910102,6
58321,3112,صحرا گدار سنگی,910103,6
58322,3113,ارم پشت,175108,6
58323,3113,آباد سلیمان,175109,6
58324,3113,اسپارت,175111,6
58325,3113,اسفینا,175112,6
58326,3113,اکبرآباد,175113,6
58327,3113,باچه,175117,6
58328,3113,برسیان,175118,6
58329,3113,تیمیارت,175119,6
58330,3113,جاجا,175120,6
58331,3113,جور,175121,6
58332,3113,جوزدان,175122,6
58333,3113,حاجی آباد,175125,6
58334,3113,حسین آباد اشکشان,175126,6
58335,3113,دستجا,175127,6
58336,3113,دستگردمار,175128,6
58337,3113,دولاب,175129,6
58338,3113,دیدران,175130,6
58339,3113,رحمت آباد,175131,6
58340,3113,فساران,175136,6
58341,3113,مزرعه سعیدآباد,175137,6
58342,3113,کاج,175141,6
58343,3113,کاروانچی,175142,6
58344,3113,کنجوان,175143,6
58345,3113,کندلان,175144,6
58346,3113,کوهان,175145,6
58347,3113,منشیان,175153,6
58348,3113,نامزاد,175154,6
58349,3113,نجف آباد,175155,6
58350,3113,وجاره,175156,6
58351,3113,یحیی آباد,175158,6
58352,3113,مهدی آباد,175230,6
58353,3113,صحرا خرم چی,402048,6
58354,3113,صحرا زیربرج,404250,6
58355,3113,دشت کلان,595932,6
58356,3113,صحرا میانی,595933,6
58357,3113,صحرا ورکنجد,810386,6
58358,3113,عزت آباد,810387,6
58359,3113,صحرا جهاد,810388,6
58360,3113,صحرا رعیتها,810547,6
58361,3113,صحرا طراحیها,810548,6
58362,3113,صحرا تیمچی,810571,6
58363,3113,دهکده تفریحی مهرآباد,810778,6
58364,3113,مجموعه ویلایی صدف,810781,6
58365,3113,صحرا الله اکبری,810782,6
58366,3113,صحرا بالا,910080,6
58367,3113,صحرا رفاسان,910081,6
58368,3113,صحرا سوهان,910082,6
58369,3113,صحرا زیرکانال,910086,6
58370,3114,قلعه زینبیه,175138,6
58371,3114,منوچهرآباد,175139,6
58372,3114,مرکزتحقیقات وتولیدسوخت اصفهان,175211,6
58373,3114,زردنجان,175223,6
58374,3114,سرشبادران,175226,6
58375,3114,ملاناصفی,175239,6
58376,3114,مجتمع تولیدی صفه,402100,6
58377,3114,سازمان مدیریت پسماند شهرداری اصفهان,402101,6
58378,3114,قلعه سراب,404252,6
58379,3114,صحرا انقلاب شماره 2,404733,6
58380,3114,شهرک صنعتی سرشبادران,595897,6
58381,3114,زمینهای هیات 7نفره,595898,6
58382,3114,صحرا باغ توتی,595899,6
58383,3114,پادگان آموزشی شهید بهشتی,810047,6
58384,3114,صحرا لورک,810374,6
58385,3114,صحرا پاقلعه,810375,6
58386,3114,نمایشگاه بین المللی اصفهان,810764,6
58387,3115,امین آباد,175274,6
58388,3115,ایستگاه تثبیت شن شهید سید علی طاهری,175276,6
58389,3115,باغ رضوان,175278,6
58390,3115,جلادران,175284,6
58391,3115,جیلان آباد,175285,6
58392,3115,حسن آباد,175288,6
58393,3115,سوسارت,175299,6
58394,3115,شاه آباد,175300,6
58395,3115,علی آباد,175304,6
58396,3115,فیروزآباد,175305,6
58397,3115,قلعه بغل,175306,6
58398,3115,قلعه ترکان,175307,6
58399,3115,کلمنجان,175310,6
58400,3115,مزرعه گورت,175315,6
58401,3115,شهرک صنعتی جی,175316,6
58402,3115,شرکت آسفالت کشورارا,402049,6
58403,3115,محمدآباد,402075,6
58404,3115,مجتمع مسکونی وکارخانه پروفیل سپاهان,402076,6
58405,3115,صنایع شیمیایی سپاهان,402078,6
58406,3115,مزرعه سلمانی,402081,6
58407,3115,مزرعه خدابنده لو,402085,6
58408,3115,سلیمانیه,402142,6
58409,3115,خیرآباد,402143,6
58410,3115,مزرعه گروه حق شناس,404429,6
58411,3115,تصفیه خانه فاضلاب شرق اصفهان,404430,6
58412,3115,کارگاه تولید بلوکهای سیمانی سبک,404431,6
58413,3115,صحرا انقلاب شماره 1,404732,6
58414,3115,شرکت آهن و فولاد اصفهان,405101,6
58415,3115,مجتمع بافندگان نوین صفاهان,595931,6
58416,3115,مجموعه کوره های آجرپزی,810028,6
58417,3115,مجموعه کوره های گچ پزی,810029,6
58418,3115,کشتارگاه صنعتی اصفهان,810030,6
58419,3115,مزرعه فروغی,810031,6
58420,3115,شرکت پیشرو,810032,6
58421,3115,کشتارگاه سپیدمرغ,810033,6
58422,3115,پایانه شرق اصفهان,810417,6
58423,3115,کشتارگاه مرغ هما,810798,6
58424,3115,صحرا باغ دوغ,910041,6
58425,3115,صحرای اربابی گورت,910042,6
58426,3116,امرزیدآباد,175273,6
58427,3116,بهاران,175279,6
58428,3116,منطقه هوایی بابایی اصفهان,175280,6
58429,3116,جلمرز,175282,6
58430,3116,حتم آباد,175286,6
58431,3116,حجت آباد,175287,6
58432,3116,حسن آباد کچلی,175289,6
58433,3116,دستگرد یوزدان,175292,6
58434,3116,دینان,175294,6
58435,3116,زمان آباد,175297,6
58436,3116,مورنان,175317,6
58437,3116,مولنجان,175318,6
58438,3116,میرآباد,175319,6
58439,3116,وشگون,175320,6
58440,3116,هفت شوییه,175321,6
58441,3116,فرودگاه اصفهان,402141,6
58442,3116,صحرا بالا,404265,6
58443,3116,شیخ آباد,404266,6
58444,3116,صحرا انقلاب,404440,6
58445,3116,صحرا تیغ دانی,404441,6
58446,3116,صنایع کارگاهی هفت شوییه,595926,6
58447,3116,صحرا فلاک,810380,6
58448,3116,دامداری مهندس فوده ای,810381,6
58449,3116,منطقه صنعتی ولیعصر,810382,6
58450,3116,مرکز توزیع مرسولات پستی استان اصفهان,810779,6
58451,3116,صحرا فتح آباد,810794,6
58452,3116,مجموعه معدن گلزار,810797,6
58453,3116,کشتارگاه اصفهان مرغ,910036,6
58454,3116,صحرا دستگرد,910038,6
58455,3117,ایچی,175017,6
58456,3117,یوسف آباد,175027,6
58457,3117,کبوترآباد,175039,6
58458,3117,کرچگان,175040,6
58459,3117,جار,175045,6
58460,3117,گلستانه,175046,6
58461,3117,مرکزآموزش کشاورزی کبوترآباد,175054,6
58462,3117,یفران,175059,6
58463,3117,پادگان شهیدحسن غازی,175374,6
58464,3117,ازوار,175375,6
58465,3117,اشکاوند,175376,6
58466,3117,اصفهانک,175377,6
58467,3117,باستان آباد,175383,6
58468,3117,پادگان مالک اشتر,175385,6
58469,3117,چیریان,175390,6
58470,3117,حیدرآباد,175391,6
58471,3117,دشتی,175392,6
58472,3117,راشنان,175394,6
58473,3117,صادق آباد,175398,6
58474,3117,قلعه چوم,175400,6
58475,3117,قلعه شور,175401,6
58476,3117,کبجوان,175403,6
58477,3117,کوی راه حق,175404,6
58478,3117,کیچی,175405,6
58479,3117,گمرگ اصفهان,175407,6
58480,3117,مزرعه سپاه,175411,6
58481,3117,مرغ گچی,175412,6
58482,3117,مجتمع معادن سنگ لاشتر 1,175415,6
58483,3117,معدن سنگ خردکنی عبدالله شفیعی,175416,6
58484,3117,معدن گوشفیل,175417,6
58485,3117,شرکت کشت و صنعت فکا,402185,6
58486,3117,مزرعه گودشاه کوه,402203,6
58487,3117,کارخانه پرورش قارچ زاینده رود,402211,6
58488,3117,شرکت کشاورزی تک جم,404460,6
58489,3117,صحرا ورندان,595908,6
58490,3117,صحرا میان جوی,595909,6
58491,3117,دامداری ثمری,595910,6
58492,3117,موسسه آموزش عالی هشت بهشت,595911,6
58493,3117,صحرا شور سیاهی,595912,6
58494,3117,مجموعه باغات صحرای صد جریبی,595915,6
58495,3117,تولیدات بتن اصفهان(بدیعی),595916,6
58496,3117,صحرا لورک راشنان,595917,6
58497,3117,صحرا قلعه نو,595921,6
58498,3117,کاظم آباد,595922,6
58499,3117,صحرا اشمارچی,810376,6
58500,3117,صحرا لارچه گان,810377,6
58501,3117,صحرا لورک,810379,6
58502,3117,سد ور دشتی,810549,6
58503,3117,پره بیابان,810550,6
58504,3117,مجتمع ویلایی زیتون,810570,6
58505,3117,صحرا باغ یونجه,810574,6
58506,3117,پادگان آموزشی حمزه سیدالشهدا,910159,6
58507,3117,منطقه صنعتی صفه,910160,6
58508,3117,صحرا ساچان,910161,6
58509,3118,حسن آباد,173218,6
58510,3118,سلطان آباد,173259,6
58511,3118,صادق آباد,173286,6
58512,3118,عادل آباد,173294,6
58513,3118,شهرک صنعتی حسین آباد و محمودآباد اصفهان,173339,6
58514,3118,مزرعه ال رسول,173364,6
58515,3118,منطقه صنعتی موزاییک سازان,402153,6
58516,3118,حسین آباد,402161,6
58517,3118,مجموعه کوره های آجرپزی محمودآباد,810383,6
58518,3118,کارخانه آرد اطلس,810384,6
58519,3118,شرکت دامداری و کشاورزی مهندسیه اصفهان,810385,6
58520,3118,صحرا لیلا,810573,6
58521,3119,امامزاده سید محمد,175751,6
58522,3119,مزرعه خوشاب,175762,6
58523,3120,تیرانچی,175752,6
58524,3120,چرخاب,400006,6
58525,3120,جنت بزرگ,400010,6
58526,3120,صحرا مگسی,400011,6
58527,3120,حسن آباد,400016,6
58528,3120,پادگان شهید موذنی,400023,6
58529,3120,لورک تیرانچی,404516,6
58530,3120,صحرا قلعه ارباب,595935,6
58531,3120,منطقه 2 عملیات گاز,595936,6
58532,3120,صحرا چهار دانگی,595937,6
58533,3120,باغات صحرا دو دانگی,595938,6
58534,3120,مجموعه دامداریهای اصغرآباد,595939,6
58535,3120,باغات مزرعه نجف آبادی,595940,6
58536,3120,باغات مزرعه کهریزسنگی,595941,6
58537,3120,باغات مزرعه سده ای,595942,6
58538,3120,کارخانه آرد و نشاسته امین اصفهان,810535,6
58539,3120,شهرک صنعتی برق و الکترونیک,910105,6
58540,3120,پارک کوهستانی چشمه لادر,910106,6
58541,3120,صحرا ریگی ها,910108,6
58542,3121,قلعه امیریه,175758,6
58543,3121,شاه چراغ,400027,6
58544,3121,مزرعه دهنو,400032,6
58545,3121,کارخانه قند کامیاب,595934,6
58546,3121,صحرا ولاشان,596112,6
58547,3121,صحرا پاچشمه,596113,6
58548,3121,صحرا فودان,596114,6
58549,3121,صحرااب رودخانه,910107,6
58550,3121,صحرا کرتمان,910109,6
58551,3122,ارجنک,175788,6
58552,3122,ارجنک فرامرز,175789,6
58553,3122,چهاررباط,175790,6
58554,3122,حاجی آباد,175791,6
58555,3122,حسن آباد,175792,6
58556,3122,خشکرود,175793,6
58557,3122,مزرعه عبداله گوران,175795,6
58558,3122,مزرعه قلعه ابراهیم,175796,6
58559,3122,کهرت,175799,6
58560,3122,لاسمان,810628,6
58561,3123,استخرپهن,175821,6
58562,3123,تیدجان,175828,6
58563,3123,دوشخراط,175832,6
58564,3123,دیارقلی,175833,6
58565,3123,سنگ سفید,175837,6
58566,3123,سنگ سفید,175838,6
58567,3123,قلعه بابامحمد,175839,6
58568,3123,قلعه حاج میرزا شفیع,175840,6
58569,3123,قودجان,175842,6
58570,3123,لایجند,175846,6
58571,3123,مزرعه میرزاغلام,175856,6
58572,3123,خرابیات,175857,6
58573,3123,مزرعه حاج ذوالفقار,175865,6
58574,3123,صفادشت,175901,6
58575,3123,مزرعه لنبان,400080,6
58576,3123,کارخانه نای زرین,400081,6
58577,3123,دربند,400089,6
58578,3123,مزرعه تهرانچی,400090,6
58579,3123,مزرعه امیریه,404153,6
58580,3123,دانشکده ریاضی و کامپیوتر خوانسار,595943,6
58581,3123,دهکده گردشگری گلستان کوه,595944,6
58582,3123,مجموعه مرغداریهای جنگا,595945,6
58583,3123,مجموعه مرغداری های قودجان,810452,6
58584,3123,شمشیر آباد,810626,6
58585,3123,حقی,810629,6
58586,3123,شاه شرف,810630,6
58587,3123,گراب,810631,6
58588,3123,کارخانه قطعه سازی زرین خودرو,910003,6
58589,3123,مزرعه میرمحمدی,910005,6
58590,3124,اکبرآباد,175866,6
58591,3124,تجره,175894,6
58592,3124,حاج بلاغ,175898,6
58593,3124,خم پیچ,175899,6
58594,3124,رحمت آباد,175900,6
58595,3124,مهرآباد,175907,6
58596,3124,عباس آباد,175913,6
58597,3124,بشیر آباد,400050,6
58598,3124,مزرعه محمدلوک,400053,6
58599,3124,کردمیر علیا,400056,6
58600,3124,بیدآباد,400065,6
58601,3124,سبزآباد,400070,6
58602,3124,حیدرآباد,400073,6
58603,3124,صالح آبادبالا,400075,6
58604,3124,مرغداری سبحانی,810450,6
58605,3124,ایدر,810451,6
58606,3124,مزرعه ومرغداری علیرضا حسومی,810627,6
58607,3124,خربدال,810632,6
58608,3124,پرورش بوقلمون مصطفایی,910004,6
58609,3125,آب گرمک,175940,6
58610,3125,آب ملخ,175941,6
58611,3125,ایلان دره,175943,6
58612,3125,بی بی سیدان,175945,6
58613,3125,معدن خاک نسوز صنعتی پشته,175946,6
58614,3125,تنگ خشک,175948,6
58615,3125,چهارراه,175951,6
58616,3125,رودآباد,175959,6
58617,3125,سادات آباد,175960,6
58618,3125,سیور,175962,6
58619,3125,قایدعلی,175965,6
58620,3125,کلیجه,175968,6
58621,3125,ماندگان,175971,6
58622,3125,مزرعه دره گردو,400204,6
58623,3125,علی آباد,400207,6
58624,3125,مزرعه تنگ,810633,6
58625,3125,ایستگاه های پمپاژ آب رییسیان,810634,6
58626,3126,اب گردو,175942,6
58627,3126,خاکدانه,175953,6
58628,3126,خفر,175954,6
58629,3126,خینه,175955,6
58630,3126,دیدجان,175957,6
58631,3126,دیلی,175958,6
58632,3126,سعادت آباد,175961,6
58633,3126,عرب شاه(عرب آباد),175964,6
58634,3126,قره یر,175966,6
58635,3126,قنات کیفته,175967,6
58636,3126,کیفته گیوه سین,175970,6
58637,3126,مورک,175973,6
58638,3126,گودتپه,176133,6
58639,3126,آب پله کان,400210,6
58640,3126,چهل چاه,400211,6
58641,3126,پرورش ماهی جامعه کهن,810635,6
58642,3126,مزارع گور,810637,6
58643,3126,مزارع جدول ده,810640,6
58644,3126,چشمه بابا زرنگ,810641,6
58645,3126,باغات جاده آبشار خفر,810649,6
58646,3126,مزارع دراز رودخانه,810650,6
58647,3127,مزرعه شیخ امیر,175972,6
58648,3127,انگرگان,176109,6
58649,3127,بچگان,176110,6
58650,3127,بستگان,176111,6
58651,3127,چشمه خونی,176112,6
58652,3127,حاجی آباد,176113,6
58653,3127,دره عرب,176115,6
58654,3127,سرطاق,176118,6
58655,3127,سعادت آباد,176119,6
58656,3127,قلعه سیستان,176120,6
58657,3127,ضرغام آباد,176122,6
58658,3127,قبرکیخا,176123,6
58659,3127,قطرآقاچ,176124,6
58660,3127,قلعه ارزومند,176125,6
58661,3127,قلعه سنگی,176126,6
58662,3127,شفیع آباد,176127,6
58663,3127,قلعه اسلام آباد,176128,6
58664,3127,قلعه نواب,176129,6
58665,3127,کورس علی,176130,6
58666,3127,گرموک,176132,6
58667,3127,له باقرخان,176134,6
58668,3127,له جارویی,176135,6
58669,3127,مزرعه بانه(مزرعه قایم مقامی),176138,6
58670,3127,شیخ علی,176140,6
58671,3127,باغ مقصودعلی علیا و سفلی,176141,6
58672,3127,میل درویش,176142,6
58673,3127,هست,176144,6
58674,3127,دره اژدهایی,400203,6
58675,3127,چشمه اوزون یال,400224,6
58676,3127,مزرعه خرکش,400225,6
58677,3127,کوشکا,400226,6
58678,3127,چاتاعلی بیک,400229,6
58679,3127,ول دره,400230,6
58680,3127,چشمه سفیدخانی ( حسن خانی),400234,6
58681,3127,سهران,400237,6
58682,3127,جعفرآباد,400238,6
58683,3127,چشمه حاج فرج,400239,6
58684,3127,یالان چی,400245,6
58685,3127,محمدیار(مهدیار),400247,6
58686,3127,ایستگاه تحقیقات منابع طبیعی شهید حمزوی,400248,6
58687,3127,اردوگاه قدس,400250,6
58688,3127,اخوروم,400253,6
58689,3127,گیل دره,400254,6
58690,3127,صحرای چهاریک,400255,6
58691,3127,صحرای دوهان,400258,6
58692,3127,مزرعه زبرروان,400269,6
58693,3127,مزرعه نیکبخت,400270,6
58694,3127,حریان,400271,6
58695,3127,طبقه,400278,6
58696,3127,فخرآباد,400281,6
58697,3127,قنات سده,400282,6
58698,3127,شورچشمه,400285,6
58699,3127,شیرین چشمه,400286,6
58700,3127,چشمه زرین,400288,6
58701,3127,باغ خلجی,400290,6
58702,3127,تاسیسات سد حنا,404658,6
58703,3127,گل افشان,404672,6
58704,3127,رزجان,595946,6
58705,3127,مزرعه چغاارژن,810099,6
58706,3127,مزرعه یردخانی,810100,6
58707,3127,قره داش,810366,6
58708,3127,کارخانه دنا شهد حوریان,810447,6
58709,3127,شرکت تعاونی مرغداران ایثارگران,810537,6
58710,3127,پرورش ماهی قشلاقی,810644,6
58711,3127,تصفیه خانه فاضلاب سمیرم,810645,6
58712,3127,ایستگاه رله تلویزیون قلعه سنگی,810771,6
58713,3127,جدول میان,810784,6
58714,3127,پایگاه سرمحیط بانی شهید افشاری,910153,6
58715,3127,منطقه صنعتی هست,910154,6
58716,3127,دانشگاه آزاد اسلامی سمیرم,910155,6
58717,3127,شهرک صنعتی سمیرم,910156,6
58718,3127,مرغداری محمد رشیدی,910157,6
58719,3127,شرکت شن و ماسه جنک آباد,910158,6
58720,3128,تنکده,176207,6
58721,3128,مزرعه حناعلیچه وجاق جاق,176228,6
58722,3128,سهران,176264,6
58723,3128,شمس آباد,176268,6
58724,3128,عقدک,176273,6
58725,3128,قلعه قدم,176282,6
58726,3128,کمانه,176294,6
58727,3128,کهنورچه,176298,6
58728,3128,مزرعه لای بید,176305,6
58729,3128,لای سیبک,176306,6
58730,3128,نخودان,176316,6
58731,3128,دشتک,400164,6
58732,3128,گردوبستان,400165,6
58733,3128,سیروه,400166,6
58734,3128,اسفراهان,400167,6
58735,3128,مندک سادات,400172,6
58736,3128,امامزاده معصومه خاتون,400174,6
58737,3128,چمبه (چمه),400175,6
58738,3128,سرتنگ حنا علیچه,400179,6
58739,3128,کته گبری,400180,6
58740,3128,چشمه تخته سنگی,400183,6
58741,3128,ابچه,400184,6
58742,3128,چال قفا,400185,6
58743,3128,مزرعه ال فرجی,400186,6
58744,3128,کارخانه گچ سمیرم,400187,6
58745,3128,چشمه علی,400195,6
58746,3128,پست 230 کیلو ولت سمیرم,595947,6
58747,3128,قلعه مختار,810102,6
58748,3129,بارند سفلی,176012,6
58749,3129,بارند علیا,176013,6
58750,3129,تل محمد,176018,6
58751,3129,دشتبال,176028,6
58752,3129,دنگزلو,176029,6
58753,3129,دوراهان,176030,6
58754,3129,دورگان سفلی,176031,6
58755,3129,دورگان علیا,176032,6
58756,3129,ده برزگ,176035,6
58757,3129,شاملو,176036,6
58758,3129,رحمت آباد,176037,6
58759,3129,سرباز,176040,6
58760,3129,سرسین گان,176041,6
58761,3129,شیبانی,176043,6
58762,3129,ذبیح آباد,176044,6
58763,3129,قاسملو,176047,6
58764,3129,مزرعه کلبعلی,176049,6
58765,3129,کهنگان,176052,6
58766,3129,نقل,176057,6
58767,3129,ماچانلو,400216,6
58768,3129,دره ماسون,400217,6
58769,3129,چشمه دره امیر علی,400218,6
58770,3129,نورآباد,403961,6
58771,3130,امیرآباد,176010,6
58772,3130,بازارگاه,176011,6
58773,3130,برروز,176014,6
58774,3130,پهلوشکن,176016,6
58775,3130,تاسک,176017,6
58776,3130,جدول نو,176020,6
58777,3130,چشمه دوتومجک,176021,6
58778,3130,چلی لی,176022,6
58779,3130,علی آباد چشمه ناز,176023,6
58780,3130,حسن آباد سفلی,176024,6
58781,3130,دره دراز,176027,6
58782,3130,دوکانی سفلی,176033,6
58783,3130,دوکانی علیا,176034,6
58784,3130,رهیز,176038,6
58785,3130,زمان کهریز,176039,6
58786,3130,شهید,176042,6
58787,3130,قایدی,176046,6
58788,3130,گنجگان,176050,6
58789,3130,کره دان,176051,6
58790,3130,کیفته(حسینی),176053,6
58791,3130,لرکش,176054,6
58792,3130,قلعه کبکی,176056,6
58793,3130,ولدخانی,176058,6
58794,3130,دره بامیر,400219,6
58795,3130,قنات الماس,400220,6
58796,3130,قنات نوروزی,400222,6
58797,3130,چشمه دره باز علی,810638,6
58798,3130,مزرعه بورکلی,810639,6
58799,3130,خطیر سوخته,810642,6
58800,3130,کره کره قربانقلی,810643,6
58801,3130,مجتمع گردشگری ممتاز,810648,6
58802,3131,مهدی آباد,176187,6
58803,3131,امیرآباد,176188,6
58804,3131,بند حمامی,176191,6
58805,3131,بند کریمخانی,176192,6
58806,3131,پیراسفنه,176195,6
58807,3131,تل ارمنی,176197,6
58808,3131,تل چنگی سفلی,176198,6
58809,3131,تل خروسی,176200,6
58810,3131,تنگ آهن علیا,176202,6
58811,3131,تنگ خرسی,176204,6
58812,3131,چال خواجه,176213,6
58813,3131,چشمه رحمان,176215,6
58814,3131,چشمه سرد,176216,6
58815,3131,چشمه قنبر,176217,6
58816,3131,چهارلو,176222,6
58817,3131,حسین آباد,176227,6
58818,3131,حیدرآباد علیمردانی,176229,6
58819,3131,حیدرآباد قورتپسی,176230,6
58820,3131,حیدرآباد,176231,6
58821,3131,دباعرب,176234,6
58822,3131,صالح آباد,176238,6
58823,3131,مهرآباد,176240,6
58824,3131,دهکرد,176249,6
58825,3131,سرچقا علیا,176255,6
58826,3131,سادات آباد,176257,6
58827,3131,سی دره سی,176261,6
58828,3131,سیاه گیلک,176265,6
58829,3131,شکرلو,176267,6
58830,3131,شن لو,176269,6
58831,3131,ده عاشوری,176270,6
58832,3131,علی آباد دهکرد,176274,6
58833,3131,علی آباد,176275,6
58834,3131,اسلام آباد,176277,6
58835,3131,کاسگان سفلی,176287,6
58836,3131,کاسگان علیا,176288,6
58837,3131,کاکاآباد سفلی,176289,6
58838,3131,کاکاآباد علیا,176290,6
58839,3131,کنده قبرستان,176295,6
58840,3131,گرم آباد,176299,6
58841,3131,گردنه اژدها,176300,6
58842,3131,گردنه خاکی,176301,6
58843,3131,لوک داشی,176304,6
58844,3131,مروک,176313,6
58845,3131,نسارعباس,176319,6
58846,3131,ورق,176321,6
58847,3131,هرمزآباد,176323,6
58848,3131,نظرآباد,176328,6
58849,3131,دشتک,178339,6
58850,3131,سرمیدان,400112,6
58851,3131,سی شانلو,400113,6
58852,3131,چشمه سفید,400114,6
58853,3131,علی آباد سفلی,400115,6
58854,3131,تنگ آهن سفلی,400116,6
58855,3131,آستانه,400129,6
58856,3131,مزرعه علوی,400130,6
58857,3131,سرچقا سفلی,400131,6
58858,3131,حسین آباد,400133,6
58859,3131,حسن آباد,400135,6
58860,3131,شورجه,400136,6
58861,3131,چشمه مستان,810101,6
58862,3131,شهرک عشایری شهسوار,810448,6
58863,3132,آغداش,176182,6
58864,3132,اسدآباد,176183,6
58865,3132,آق چشمه,176185,6
58866,3132,بردکان,176190,6
58867,3132,بیدخسرو,176194,6
58868,3132,تخت سلطان,176196,6
58869,3132,تنگ تیر,176203,6
58870,3132,جلال آباد,176208,6
58871,3132,جوزار,176211,6
58872,3132,چات محمدجعفری,176214,6
58873,3132,چقورچشمه,176220,6
58874,3132,چغیور چشمه,176221,6
58875,3132,چهارمور,176223,6
58876,3132,حاجی آباد,176225,6
58877,3132,حاجی آباد شوره چمن,176226,6
58878,3132,اسلام آباد قرخلو,176239,6
58879,3132,ساخت قباد,176243,6
58880,3132,دولت قرین سفلی (نادرآباد),176245,6
58881,3132,دولت قرین علیا,176246,6
58882,3132,ده نسا سفلی,176247,6
58883,3132,ده نسا علیا,176248,6
58884,3132,دیزجان,176250,6
58885,3132,رییس ملک,176251,6
58886,3132,سبزآباد,176254,6
58887,3132,سردابه گوری,176256,6
58888,3132,مزرعه سقل بلند,176259,6
58889,3132,سکز,176260,6
58890,3132,قاپاقلو,176278,6
58891,3132,قبرمحمدحسن,176279,6
58892,3132,قره قاچ,176280,6
58893,3132,قوین چمن,176286,6
58894,3132,کچلی,176292,6
58895,3132,کزن,176293,6
58896,3132,چشمه کوه سیاه,176297,6
58897,3132,مولاقلی,176312,6
58898,3132,مهرگرد,176315,6
58899,3132,نرمه,176317,6
58900,3132,هفتنجان,176324,6
58901,3132,صادق آباد,176327,6
58902,3132,نورآباد,400124,6
58903,3132,سرگز,400127,6
58904,3132,توله گرد,400138,6
58905,3132,یالان چو,400139,6
58906,3132,موچالو,400142,6
58907,3132,کریم آباد,400145,6
58908,3132,بلبل اب,400151,6
58909,3132,اوزون چمن,400152,6
58910,3132,تورگیر,400153,6
58911,3132,چشمه روات,400154,6
58912,3132,گل کن سفلی,400155,6
58913,3132,گل کن علیا,400156,6
58914,3132,عالی چمن,400158,6
58915,3132,مزرعه گره گیجک,400159,6
58916,3132,مزرعه میل,400160,6
58917,3132,ابوتراب آباد,403958,6
58918,3132,چشمه خندان بالا,404051,6
58919,3132,چاههای آب مدیریت بحران,810449,6
58920,3132,مجموعه تفریحی و گردشگری آبشار,810646,6
58921,3133,مزرعه ثباتی,176984,6
58922,3133,دره بید,176995,6
58923,3133,طرار,177002,6
58924,3133,قفر,177005,6
58925,3133,ایستگاه تولید بذر گیاهان مرتعی قهیز,402376,6
58926,3133,مجموعه جاههای کشاورزی دامنه,404043,6
58927,3133,مجموعه چاههای کشاورزی غرب دامنه,404740,6
58928,3133,مجموعه چاههای کشاورزی اشجرد,404741,6
58929,3133,جهادآباد دامنه,404742,6
58930,3133,مجموعه چاههای قفر,404744,6
58931,3133,مجموعه چاههای دره بید,404745,6
58932,3133,مجموعه چاههای کشاورزی قهیز شماره 1,404746,6
58933,3133,مجموعه چاههای کشاورزی قهیز شماره 2,404747,6
58934,3133,جهادآباد دره بید,404748,6
58935,3133,باغ جوجعلی,595951,6
58936,3133,مجموعه چاههای کشاورزی شمال اشجرد,810151,6
58937,3133,مزرعه محمد باقری,810651,6
58938,3133,مجموعه تفریحی و باغ تالار ترنم,810656,6
58939,3133,گلخانه رضوی,810657,6
58940,3133,پرورش کبک میرزایی,810659,6
58941,3133,پلیس راه دامنه,810661,6
58942,3133,مزرعه و گاوداری جهانگیر باقری,810662,6
58943,3133,شهرک صنعتی فریدن,910126,6
58944,3133,دانشگاه آزاد اسلامی,910127,6
58945,3133,امامزاده ابراهیم و عبداله,910129,6
58946,3133,کارخانه آسفالت و شن و ماسه شهرداری دامنه,910130,6
58947,3134,اسکندری برآفتاب,176532,6
58948,3134,سینگرد,176625,6
58949,3134,عادگان,176634,6
58950,3134,نساراسکندری,176724,6
58951,3134,گل امیر,176981,6
58952,3135,غرغن,176983,6
58953,3135,چیگان,176989,6
58954,3135,خویگان سفلی,176992,6
58955,3135,سفتجان,176999,6
58956,3135,سواران,177000,6
58957,3135,قلعه ملک,177006,6
58958,3135,مزرعه میرجان,177022,6
58959,3135,موغان,177025,6
58960,3135,نماگرد,177026,6
58961,3135,ننادگان,177027,6
58962,3135,گاوداری عبدالله کریمی,810442,6
58963,3135,مزرعه دروینان,810443,6
58964,3135,گاوداری قدرت الله کلشاهی,810444,6
58965,3135,دامداری ناصر باقری,810652,6
58966,3135,گاوداری یوسف سلیمانی,810653,6
58967,3135,مقبره گریگور,810654,6
58968,3135,تصفیه خانه فاضلاب داران,810663,6
58969,3136,درختک,176994,6
58970,3136,مزرعه دمدار,176996,6
58971,3136,دهق,176997,6
58972,3136,قودجانک,177007,6
58973,3136,قوزای,402678,6
58974,3136,آق بلاغ,402681,6
58975,3136,جوی ناو,404542,6
58976,3136,پاچ آقا,404545,6
58977,3136,پست 400/36 کیلو ولت داران,910136,6
58978,3137,ازون بلاغ,176972,6
58979,3137,بادجان,176975,6
58980,3137,چهل خانه,176988,6
58981,3137,حصور,176990,6
58982,3137,خلج,176991,6
58983,3137,قوهک,177008,6
58984,3137,کتوان,177010,6
58985,3137,گنجه,177012,6
58986,3137,نهرخلج,177028,6
58987,3137,آقا بلاغ,402647,6
58988,3137,عزیزآباد,402660,6
58989,3137,دره باغ سفلی,402689,6
58990,3137,خلیل بلاغی,402692,6
58991,3137,مرغداری موسی خوانی,595948,6
58992,3137,دامداری غلامرضا افشاری,595949,6
58993,3137,دامداری صفر پور,595950,6
58994,3137,گاوداری احرارسپاهان,810153,6
58995,3137,مزرعه بوقلمون گوشتی حاج محمد علی افشاری,810439,6
58996,3137,شرکت تعاونی پرورش بوقلمون زرین فریدن,810440,6
58997,3137,دامداری صنعتی حیدری,810441,6
58998,3137,باغات ملا جعفر,810655,6
58999,3137,مرغداری مهندس مجید سلیمانی,810658,6
59000,3137,شرکت بوقلمون سبحانی,810660,6
59001,3137,گاوداری براتعلی حسینی,910134,6
59002,3138,بزمه,176980,6
59003,3138,چقا,176987,6
59004,3138,خویگان علیا,177255,6
59005,3138,مزرعه چقاگرد,177271,6
59006,3138,بادجان,177761,6
59007,3138,برف انبار,177765,6
59008,3138,بیجگرد,177766,6
59009,3138,چشمه لیلی,177774,6
59010,3138,چقادر,177775,6
59011,3138,صادقیه,177779,6
59012,3138,ده سور سفلی,177796,6
59013,3138,ده سور علیا,177797,6
59014,3138,ده شرف,177798,6
59015,3138,سروش جان,177805,6
59016,3138,خلیل آباد,177808,6
59017,3138,قلعه سبز علی (چغا سفید),177816,6
59018,3138,لقمگیر,177820,6
59019,3138,مزرعه زاغی,177827,6
59020,3138,مزرعه لکان,177834,6
59021,3138,میلاگرد,177839,6
59022,3138,ورتجان,177841,6
59023,3138,دهنو,400309,6
59024,3138,حیدرآباد,400310,6
59025,3138,شهرک زاگرس,404725,6
59026,3138,شهرک صنعتی برف انبار,404726,6
59027,3138,مرغداری هوشنگ خلیلی,810438,6
59028,3138,گاوداری دکتر ترکی,810666,6
59029,3138,کارگاه تولید کنسانتره آهن فریدونشهر,810667,6
59030,3138,امامزاده محمد,910173,6
59031,3139,بنه کمر,177530,6
59032,3139,خوش بهار,177536,6
59033,3139,مازه عبدل,177549,6
59034,3139,مزرعه شیخ فاضل,177554,6
59035,3139,برداسیاب,177763,6
59036,3139,نهضت آباد,177770,6
59037,3139,چغیورت,177777,6
59038,3139,دادرجان,177780,6
59039,3139,دربند,177781,6
59040,3139,دره تاج الدین,177785,6
59041,3139,دره دولت,177790,6
59042,3139,سرداب علیا,177802,6
59043,3139,سرداب سفلی,177803,6
59044,3139,سیبک,177806,6
59045,3139,ده نشین,177809,6
59046,3139,علی مکان,177811,6
59047,3139,چالیان,177814,6
59048,3139,قشلاق پایین,177815,6
59049,3139,مازه قلعه,177822,6
59050,3139,واربیده,177840,6
59051,3139,مزارع غرب فریدونشهر,404728,6
59052,3139,مالگرد,595952,6
59053,3139,مزارع جنوب فریدونشهر,810074,6
59054,3139,چشمه سرده,810076,6
59055,3139,مزرعه ماشورد(امام قلی گوگونانی),810664,6
59056,3139,کارخانه سنگ شکن شهرداری,810665,6
59057,3139,ایستگاه پمپاژ چشمه لنگان,910009,6
59058,3139,معدن سنگ خاتم الانبیاء,910010,6
59059,3139,مایه بلاغ,910197,6
59060,3140,کمران,177413,6
59061,3140,کیوارستان,177415,6
59062,3140,گوکان,177416,6
59063,3140,ویهه,177439,6
59064,3140,بردشیر دوم,177602,6
59065,3140,دره بنو,177604,6
59066,3140,پیرگلی,177612,6
59067,3140,تهلگی سفلی,177614,6
59068,3140,دره سیب,177631,6
59069,3140,دره قنبر,177632,6
59070,3140,دره مهدی,177635,6
59071,3140,دره هرگل,177637,6
59072,3140,قلعه سرخ,177649,6
59073,3140,گاوخفت,177654,6
59074,3140,گلال آباد,177658,6
59075,3140,مزرعه دره باریکه,177664,6
59076,3140,جعفرآباد,177769,6
59077,3140,میدانک اول,177837,6
59078,3140,میدانک دوم,177838,6
59079,3140,مرغداری تیمور گشول,910174,6
59080,3141,ابچک,177357,6
59081,3141,باباخسرو,177358,6
59082,3141,باغ بامیر,177359,6
59083,3141,بندر,177360,6
59084,3141,بوره گان,177361,6
59085,3141,بهرام آباد,177362,6
59086,3141,پاتاگاه,177364,6
59087,3141,خرم دره,177365,6
59088,3141,پشندگان,177366,6
59089,3141,تبر,177367,6
59090,3141,چال چرانه,177371,6
59091,3141,چهل جریب,177373,6
59092,3141,حبیبک,177375,6
59093,3141,خاک پری,177376,6
59094,3141,خوشمیوه,177377,6
59095,3141,دره چیله,177385,6
59096,3141,دره هیوه,177388,6
59097,3141,دستگرد,177389,6
59098,3141,دورک,177390,6
59099,3141,ده نو,177391,6
59100,3141,رودبار,177392,6
59101,3141,زمستانه,177396,6
59102,3141,شادکوه,177401,6
59103,3141,طرزه,177403,6
59104,3141,عنایشت,177405,6
59105,3141,کاگونک,177410,6
59106,3141,کاهگان علیا,177411,6
59107,3141,کلوسه,177412,6
59108,3141,کولاب,177414,6
59109,3141,تنگستان,177418,6
59110,3141,دره شادی,177427,6
59111,3141,مزرعه لاابر,177429,6
59112,3141,مزرعه لاشخم,177430,6
59113,3141,مزرعه مورقادی,177431,6
59114,3141,چشمه رودبار,177432,6
59115,3141,مصیر,177434,6
59116,3141,نساربرآفتاب,177435,6
59117,3141,وارنا,177436,6
59118,3141,وزوه,177437,6
59119,3141,وستگان,177438,6
59120,3141,همه,177440,6
59121,3141,هیران,177441,6
59122,3141,گله نرموگویی,400295,6
59123,3141,کچاره,400315,6
59124,3141,هیزم,400317,6
59125,3141,کاهگان سفلی,404727,6
59126,3141,یوزستان,810078,6
59127,3141,ونیزان,810079,6
59128,3141,مهله وک,810080,6
59129,3141,مزرعه شاهان,810273,6
59130,3142,تزره,177368,6
59131,3142,دره بادام سفلی,177379,6
59132,3142,دره بادام علیا,177380,6
59133,3142,خسروآباد,177449,6
59134,3142,امین آباد,177531,6
59135,3142,چاله قو,177532,6
59136,3142,چشمه ریسان,177533,6
59137,3142,راچه,177538,6
59138,3142,رمه چر,177539,6
59139,3142,زردفهره,177540,6
59140,3142,سکان,177541,6
59141,3142,سیرزار,177542,6
59142,3142,اسلام آباد موگویی,177543,6
59143,3142,سخی آباد,177544,6
59144,3142,سربیشه,177545,6
59145,3142,کشت زاران,177546,6
59146,3142,حاجی آباد,177547,6
59147,3142,گوهردره,177548,6
59148,3142,مازه وهرگان,177551,6
59149,3142,مزرعه کیماس,177552,6
59150,3142,مزرعه سیب,177553,6
59151,3142,مزرعه میر,177555,6
59152,3142,وارگه پهنه,177556,6
59153,3142,وهرگان,177557,6
59154,3142,هرموستان,177558,6
59155,3142,همستان,177559,6
59156,3142,مکدین سفلی,216928,6
59157,3142,مکدین علیا,216929,6
59158,3142,دره لوز,400292,6
59159,3142,اسلام آباد مکدین,400293,6
59160,3142,گله نراحمدآباد,400294,6
59161,3142,چشمه ماماچپی,400303,6
59162,3142,مزرعه سرتنگ,407701,6
59163,3143,پلارت,178128,6
59164,3143,پلارتگان,178129,6
59165,3143,تمندگان,178131,6
59166,3143,چهاربرج,178133,6
59167,3143,خوانسارک,178136,6
59168,3143,دارافشان,178137,6
59169,3143,دارگان,178138,6
59170,3143,دستنا,178140,6
59171,3143,رارا,178141,6
59172,3143,رحیم آباد,178142,6
59173,3143,سمسان,178143,6
59174,3143,سیاه افشار,178146,6
59175,3143,شرکت تهیه مواد غیر فلزی,178147,6
59176,3143,صادق آباد,178148,6
59177,3143,علی آباد,178149,6
59178,3143,علی شاهدان,178150,6
59179,3143,قلعه سرخ,178152,6
59180,3143,کلیسان,178154,6
59181,3143,شرکت معدنی باما,178156,6
59182,3143,مهرگان,178157,6
59183,3143,نودرامد,178158,6
59184,3143,وزیرآباد,178159,6
59185,3143,انبار مهمات شرکت تهیه مواد,400349,6
59186,3143,واحدهای کشاورزی و گلخانه های وزیرآباد,400359,6
59187,3143,مجموعه کارگاهی رارا,595957,6
59188,3143,صحرا لورک پا کوه چی,595958,6
59189,3143,صحرا پا کانال,595959,6
59190,3143,صحرا عباسقلی,595960,6
59191,3143,صحرای حبیب آباد,595962,6
59192,3143,صحرای باغ کومه,595963,6
59193,3143,صحرا سر دو پل,595975,6
59194,3143,صحرا دستگرد,595976,6
59195,3143,انبار شرکت نفت,810491,6
59196,3143,صحرا محمدآباد,810492,6
59197,3143,صحرا قروق سیاه افشار (ویلاهای جاده خوانسارک),810493,6
59198,3143,صحرا باغ مس,810494,6
59199,3143,حسینیه شهدای دارگان و ساختمانهای مجاور,810495,6
59200,3143,صحرا لورک مهرگان,810543,6
59201,3143,دهکده ویلایی قلعه سرشیر,810556,6
59202,3143,صحرا سهلوان,810561,6
59203,3143,صحرا پابرج,810668,6
59204,3143,صحرای جمال آباد,810669,6
59205,3143,صحرای دارگان,810670,6
59206,3143,صحرای سنگانچه,810671,6
59207,3143,صحرا مزارع سرخ بوستان,910019,6
59208,3143,ویلاهای صحرا رارا,910020,6
59209,3144,اردال و صفی آباد,177989,6
59210,3144,بجگرد,177997,6
59211,3144,چم رود,178003,6
59212,3144,سهروفیروزان,178023,6
59213,3144,فیلرگان,178029,6
59214,3144,گلگون,178040,6
59215,3144,نرگان,178051,6
59216,3144,ونهر,178052,6
59217,3144,شاه شمس الدین,400422,6
59218,3144,صحرا گردان و صحرا مزارع طاد,810496,6
59219,3144,دامداری محمد تقی محمدی (صحرا پاکوشک),810497,6
59220,3144,صحرا فیروزان,810501,6
59221,3144,صحرا میان برج,810566,6
59222,3144,اکبر آباد,810677,6
59223,3144,صحرا قصر سفید,810678,6
59224,3144,صحرا بیابان ونهر,810679,6
59225,3144,مزرعه احمد آباد,810680,6
59226,3145,اردوگاه تربیتی شهید بهشتی,177990,6
59227,3145,جوجیل,178000,6
59228,3145,جولرستان,178001,6
59229,3145,حسین آباد,178007,6
59230,3145,دشتچی,178015,6
59231,3145,ریاخون,178017,6
59232,3145,کافشان,178034,6
59233,3145,کرسگان,178035,6
59234,3145,معدن تپه سرخ,178044,6
59235,3145,موسیان,178047,6
59236,3145,میان رشید,178050,6
59237,3145,هویه,178053,6
59238,3145,صحرا پاسنجدی,595954,6
59239,3145,صحرا ریگی ها,595961,6
59240,3145,مجموعه دامداریهای صحرا آغچه,595966,6
59241,3145,صحرا افجد,595968,6
59242,3145,صحرا گونیون,595977,6
59243,3145,کارخانه سیمان اصفهان,595978,6
59244,3145,صحرا مرغه,595980,6
59245,3145,صحرا صد و شصت جریبی,810502,6
59246,3145,صحرا نیم دنگی,810503,6
59247,3145,پرورش ماهی محمد براتی,810506,6
59248,3145,صحرا بیشه,810674,6
59249,3145,صحرای بندهای غرق,810675,6
59250,3145,صحرا لورک جوجیل,810676,6
59251,3145,صحرا شط,810682,6
59252,3145,صحرا 200 جریبی اوقاف,810683,6
59253,3145,واحدهای کشاورزی غرب ابریشم,810684,6
59254,3145,صحرا قرق بالا,810685,6
59255,3146,بندارت,177998,6
59256,3146,جیلاب,178002,6
59257,3146,حسین آباد,178008,6
59258,3146,خیرآباد,178011,6
59259,3146,دارافشان,178013,6
59260,3146,دشتلو,178016,6
59261,3146,زفره,178019,6
59262,3146,شرودان,178024,6
59263,3146,کروج,178036,6
59264,3146,کاویان(گاونان),178039,6
59265,3146,محمدیه,178046,6
59266,3146,مهرنجان ارامنه,178048,6
59267,3146,مهرنجان اتراک,178049,6
59268,3146,منطقه صنعتی اشترجان,178055,6
59269,3146,مزرعه کوپن,400419,6
59270,3146,مزرعه سیمرغ واحدشماره 1,400447,6
59271,3146,لورک سرخی,595955,6
59272,3146,صحرا پیر,595973,6
59273,3146,مجموعه کارگاههای جاه قدیم لارگان,810515,6
59274,3146,باغات شرق گلزار شهدای اشترجان,810516,6
59275,3146,صحرا شریف آباد,810517,6
59276,3146,دامداری نبی اله زمانی,810518,6
59277,3146,صحرا جا یونجه,810538,6
59278,3146,مجموعه باغ ویلاهای صحرای لاجون بالا,810672,6
59279,3146,صحرا برز مار مار,810686,6
59280,3146,صحرا اشترجان,810687,6
59281,3146,صحرا کاویان,810688,6
59282,3146,صحرا باغ پیش,810768,6
59283,3146,صحرا مرق,810769,6
59284,3146,تالار سپیدار,910011,6
59285,3146,صحرا شوردانی بندارت,910021,6
59286,3146,صحرا غروقی ها و باغ بلندی های جیلاب,910022,6
59287,3147,اسفهران,177991,6
59288,3147,قلعه میر,178030,6
59289,3147,کارویه,178033,6
59290,3147,پهران,404148,6
59291,3147,صحرا اردوشاه,404426,6
59292,3147,صحرا درب قلعه میر,595956,6
59293,3147,صحرا قرق,810511,6
59294,3147,صحرا شوری ها,810514,6
59295,3147,صحرا برزه,810692,6
59296,3147,صحرا بزرگ,910172,6
59297,3148,امامزاده سید محمد قهدریجان,177994,6
59298,3148,جلال آباد ماربین,177999,6
59299,3148,خرم آباد,178010,6
59300,3148,قسنان,400412,6
59301,3148,صحرا مزرا,400413,6
59302,3148,صحرا زارچان علیا,400414,6
59303,3148,صحرا اکبرآباد قهدریجان و باغات معتمدی,400417,6
59304,3148,صحرا همت آباد,400418,6
59305,3148,ایستگاه تحقیقاتی شهید یوسف فزوه,401391,6
59306,3148,صحرا حسین آباد,595969,6
59307,3148,صحرا پنجاه جریبی,595970,6
59308,3148,صحرا قهدریجان,595971,6
59309,3148,صحرا لازیار,595972,6
59310,3148,صحرا شش جریبی,595974,6
59311,3148,صحرا عزیز آباد,595979,6
59312,3148,صحرا قلعه غلامعلی,810507,6
59313,3148,صحرا میان جوی میان تپه,810508,6
59314,3148,صحرا لورک,810509,6
59315,3148,نهالستان شهید جبل عاملیان,810673,6
59316,3148,صحرا زارچان سفلی,810681,6
59317,3149,ابکاه,178220,6
59318,3149,اسفرجان,178231,6
59319,3149,امین آباد,178239,6
59320,3149,مزرعه ایزدیان,178270,6
59321,3149,چشمه روی,178306,6
59322,3149,مزرعه شنگ,178366,6
59323,3149,علی جوب,178383,6
59324,3149,قلتقشاه,178391,6
59325,3149,ماش,178428,6
59326,3149,مرغ مهین علیا,178445,6
59327,3149,مسجدک,178454,6
59328,3149,هونجان,178479,6
59329,3149,شهرک صنعتی امین آباد,810487,6
59330,3149,مرغداری ناصر معتمدی,810488,6
59331,3149,مرغداری غلامرضا صابری,810489,6
59332,3149,کارگاههای خدمات اتومبیل بین راهی,810589,6
59333,3149,قنات و مزرعه خسروآباد,910162,6
59334,3150,اسفه,178778,6
59335,3150,افتخاریه,178779,6
59336,3150,امین آباد,178780,6
59337,3150,پرزان,178782,6
59338,3150,امامزاده علی اکبر,178793,6
59339,3150,موسسه کشاورزی فجراصفهان (بنیادمستضعفان),178795,6
59340,3150,مزرعه حاج امیرقدیری,178797,6
59341,3150,قاپوچی,178798,6
59342,3150,مجتمع کوره های گچ پزی,178812,6
59343,3150,مزرعه ایزدی,178815,6
59344,3150,کیان آباد,178816,6
59345,3150,شهرک صنعتی سپهرآباد شهرضا,178819,6
59346,3150,شهرک صنعتی بزرگ رازی,178820,6
59347,3150,مهیار,178825,6
59348,3150,مهین آباد,178826,6
59349,3150,واژنان,178828,6
59350,3150,رکن آباد,178918,6
59351,3150,گروه رمضان رحیمی,400611,6
59352,3150,مزرعه خرده مالکین مهیار,400788,6
59353,3150,شرکت مرغداری سلمان,400864,6
59354,3150,تولید پروتیین سپاهان,400871,6
59355,3150,چاه محمد عبادی,404385,6
59356,3150,مجتمع خدمات رفاهی مهیار,404620,6
59357,3150,صحرای افتخاریه,404767,6
59358,3150,صحرای امیریه,404768,6
59359,3150,صحرای کلاه قاضی,404769,6
59360,3150,صحرای پرزان,404770,6
59361,3150,صحرای غضنفریه جنوبی,404771,6
59362,3150,صحرای زرهه,404772,6
59363,3150,صحرای چغاد,404773,6
59364,3150,سپهر آباد,595985,6
59365,3150,صحرا فودان,595986,6
59366,3150,دانشگاه آزاد واحد شهرضا,595987,6
59367,3150,صحرا مغان,595988,6
59368,3150,مزرعه قاپوچی,810108,6
59369,3150,مزرعه باباربیع,810109,6
59370,3150,شرکت تهیه موادمعدنی استقلال سپاهان,810110,6
59371,3150,چاه هراتی,810257,6
59372,3150,مجموعه گروههای کشاورزی مهیار,810258,6
59373,3150,مزارع کشاورزی مهیار,810259,6
59374,3150,شریف آباد,810564,6
59375,3150,منطقه صنعتی پرزان,810583,6
59376,3150,مزارع جرم افشار,810584,6
59377,3150,لورک حسین آباد,810585,6
59378,3150,تنگ اسدآباد,810586,6
59379,3150,مزارع اطراف مهیار,810588,6
59380,3150,معادن شن وماسه مهیار,810590,6
59381,3150,معدن شن وماسه احسانی,810591,6
59382,3150,معدن شن کوهی استقلال سپاهان,810592,6
59383,3150,مجموعه کارگاههای صنعتی اسفه,810593,6
59384,3150,شهرک صنعتی خرم,910123,6
59385,3151,قنبرقویی,178404,6
59386,3151,آمادگاه شهید محمد منتظری,178892,6
59387,3151,باغ سرخ,178894,6
59388,3151,بوان,178895,6
59389,3151,چاه تهرانی,178902,6
59390,3151,مجموعه چاههای شهرداری,178910,6
59391,3151,حسین آباد,178913,6
59392,3151,دهک,178916,6
59393,3151,زیارتگاه,178920,6
59394,3151,سولار,178921,6
59395,3151,شرکت پاتله,178924,6
59396,3151,صحرا فیض آباد,178930,6
59397,3151,قصرچم,178933,6
59398,3151,قوام آباد,178935,6
59399,3151,شن شویی علی حبیبی (110),178937,6
59400,3151,پادگان گروه 22 توپخانه و منازل مسکونی,178939,6
59401,3151,ماران,178941,6
59402,3151,محمدیه,178943,6
59403,3151,مسینه,178949,6
59404,3151,مقصودبیک,178952,6
59405,3151,منطقه صنعتی شهرضا,178954,6
59406,3151,میرآباد,178957,6
59407,3151,نهضت آباد,178959,6
59408,3151,وشاره,178960,6
59409,3151,ولندان,178962,6
59410,3151,قاسم آباد,400473,6
59411,3151,پمپ بنزین,400478,6
59412,3151,مرغداری سیدین,404654,6
59413,3151,شهرک صنعتی اسفرجان,404670,6
59414,3151,صحرا بابوکان,595983,6
59415,3151,صحرا عمرو آباد,595984,6
59416,3151,منطقه صنعتی پاتله,810106,6
59417,3151,مجتمع صنایع کارگاهی امیرکبیر,810107,6
59418,3151,کشتارگاه دام شهرضا,810486,6
59419,3151,فضل آباد,810582,6
59420,3151,مزرعه بابا عبداله,810587,6
59421,3151,مجتمع دام و طیور سولار,910120,6
59422,3151,مرغداری ولی اله شعبانی,910121,6
59423,3151,مجتمع دامداری های قصرچم,910122,6
59424,3152,باجیران علیا,178245,6
59425,3152,بیدک,178254,6
59426,3152,تنگله,178264,6
59427,3152,جانی آباد,178265,6
59428,3152,چشمه نقشی,178311,6
59429,3152,کهرویه,178416,6
59430,3152,مهدی آباد,178463,6
59431,3152,هوک,178478,6
59432,3152,یحیی آباد,178480,6
59433,3152,صحرا پا برج کهرویه,595982,6
59434,3152,ایستگاه تقویت فشار گاز دهاقان - شهرضا,810490,6
59435,3153,ارنده,179385,6
59436,3153,الزگ,179393,6
59437,3153,پاگدار سرخ,179401,6
59438,3153,چال پلور,179411,6
59439,3153,چاه شماره 1 انقلاب,179413,6
59440,3153,مزرعه چنگیز,179422,6
59441,3153,کلوخ پایین,179465,6
59442,3153,مزرعه حاجی,179485,6
59443,3153,معدن سنگ جوشقان,179487,6
59444,3153,مزرعه مین جیرز,179494,6
59445,3153,سرسوله,401171,6
59446,3153,فارند,401174,6
59447,3153,گلهرود,404223,6
59448,3153,پاغون,404224,6
59449,3153,دشت لاستان,595992,6
59450,3153,دشت قهاب,810131,6
59451,3153,سنگبری اسلب,810525,6
59452,3153,ایستگاه مخابرات شرکت نفت,810745,6
59453,3153,رصد خانه ملی ایران,810772,6
59454,3154,جعفرک,179650,6
59455,3154,جوینان,179652,6
59456,3154,حسین آباد,179659,6
59457,3154,شرکت کشت و صنعت بهشت قمصر کاشان,179663,6
59458,3154,قزاآن,179684,6
59459,3154,قهرود,179687,6
59460,3154,گلستانه,179694,6
59461,3154,مرغداری وکیلی,179702,6
59462,3154,مسلم آباد,179713,6
59463,3154,قنات حاج محسن,401211,6
59464,3154,مزرعه کوجار,401213,6
59465,3154,اردوگاه تربیتی لقمان حکیم,401214,6
59466,3155,بارونق,179836,6
59467,3155,خنچه,179874,6
59468,3155,کوه سنج,179947,6
59469,3155,آب سفیداب (مرکز نگهداری از سالمندان),180260,6
59470,3155,جزه,180276,6
59471,3155,خنب,180286,6
59472,3155,دره,180288,6
59473,3155,شوراب,180300,6
59474,3155,صفی آباد,180303,6
59475,3155,عباس آباد,180304,6
59476,3155,کارخانه درین,180311,6
59477,3155,مال,180318,6
59478,3155,یزدآباد,180334,6
59479,3155,استرک,180411,6
59480,3155,جعفرآباد,180421,6
59481,3155,جوشقان استرک,180422,6
59482,3155,دشت کودن,180432,6
59483,3155,سراره,180437,6
59484,3155,سرنج,180438,6
59485,3155,بالا عباس آباد,180444,6
59486,3155,علی آباد,180446,6
59487,3155,فتح آباد جوشقان,180447,6
59488,3155,شرکت صنایع موتورکاشان,401106,6
59489,3155,ناجی آباد,404560,6
59490,3155,دشت لتحر,404750,6
59491,3155,دشت حاج حسینی,595989,6
59492,3155,دشت استرک,595990,6
59493,3155,سیمان کویر کاشان,810134,6
59494,3155,مجتمع دامداری و گاوداری جوشقان استرک,810512,6
59495,3155,معادن سنگ شرق جوشقان استرک,810513,6
59496,3155,چاه راوندیها,810749,6
59497,3155,صنایع تک واحدی کاشان,810750,6
59498,3155,شهرک صنعتی زاگرس پارس کویر(فتح المبین),810751,6
59499,3155,پارک کوهستانی امیرکبیر کاشان,910146,6
59500,3156,آب شیرین,179093,6
59501,3156,امین آباد,179100,6
59502,3156,باقرآباد,179107,6
59503,3156,گلستان امام خمینی,179124,6
59504,3156,مزرعه حسن قره خانی,179128,6
59505,3156,چاه قربانی,179130,6
59506,3156,شرکت کشت و صنعت سن,179131,6
59507,3156,چاه مهدی طالبیان,179141,6
59508,3156,ده نار,179163,6
59509,3156,امیرآباد,179834,6
59510,3156,بیچاره بزرگ,179848,6
59511,3156,رضاآباد,179890,6
59512,3156,سلخک,179911,6
59513,3156,مهرآباد,179985,6
59514,3156,یحیی آبادبالا,180008,6
59515,3156,باغشاه,180415,6
59516,3156,گزلا,180419,6
59517,3156,حسین آباد شیبانی,180426,6
59518,3156,خیرآباد,180430,6
59519,3156,درم,180431,6
59520,3156,زهراییه 2,180435,6
59521,3156,سن سن,180439,6
59522,3156,محمدیه,180451,6
59523,3156,دشت غمخوار,401224,6
59524,3156,منطقه صنعتی خزاق,401245,6
59525,3156,رحمت آباد,595991,6
59526,3156,باغ همزور,810135,6
59527,3156,رحمت آباد,810136,6
59528,3156,مزرعه شورآب,810137,6
59529,3156,مزرعه طهماسبی,810138,6
59530,3156,رضا آباد,810504,6
59531,3156,شرکت صنایع سپیدپودر,810505,6
59532,3156,ناحیه صنعتی پشم سنگ,910147,6
59533,3156,پادگان شهید سید مصطفی حسن زاده,910148,6
59534,3156,ناحیه صنعتی بهارستان کاشان,910149,6
59535,3156,پادگان سردار شهید رشادی,910150,6
59536,3156,کارخانه یخچال سازی پارسیان ساز,910151,6
59537,3156,زندان کاشان,910152,6
59538,3156,مرغداری حسن رمضانپور,910164,6
59539,3156,مرغداری محمد رمضانپور,910165,6
59540,3157,تتماچ,179645,6
59541,3157,جهق,179653,6
59542,3157,زنجان بر (جهق پایین),179672,6
59543,3157,شهرک صنعتی قمصر,179689,6
59544,3157,مزرعه سادات,179707,6
59545,3157,نصرآباد,179716,6
59546,3157,احمدآباد,180261,6
59547,3157,توکل آباد,180274,6
59548,3157,چاله قره,180279,6
59549,3157,خرمدشت,180285,6
59550,3157,ده زیره,180290,6
59551,3157,شادیان,180298,6
59552,3157,شجاع آباد,180299,6
59553,3157,شوراب,180301,6
59554,3157,مزرعه نواب,180333,6
59555,3157,شرکت تعاونی کشتارگاه صنعتی مرغداران,400960,6
59556,3157,پادگان عاشورا,400962,6
59557,3157,اسدآباد بالا,400963,6
59558,3157,فرودگاه کاشان,400965,6
59559,3157,صنایع گچ کاشان,400970,6
59560,3157,چاه قربانی,400983,6
59561,3157,جعفرآباد,400986,6
59562,3157,شهرک صنعتی امیرکبیر,404634,6
59563,3157,مزرعه قمصریها,404635,6
59564,3157,شرکت فولاد امیرکبیر کاشان,404752,6
59565,3157,شرکت سهامی آلومینیم ایران,810133,6
59566,3157,شرکت سایپا کاشان,810361,6
59567,3157,نیروگاه سیکل ترکیبی کاشان,910143,6
59568,3157,مزرعه علی سلمانی,910163,6
59569,3158,ارمک,179824,6
59570,3158,ازناوه,179826,6
59571,3158,برز آباد,179841,6
59572,3158,رحق,179896,6
59573,3158,سار,179903,6
59574,3158,مزرعه عشق آباد,179928,6
59575,3158,فرح آباد,179934,6
59576,3158,قه,179939,6
59577,3158,کله,179945,6
59578,3158,وادقان,179994,6
59579,3158,ون,179996,6
59580,3159,غیاث آباد,002421,6
59581,3159,اسحق آباد,179830,6
59582,3159,باری کرسف,179837,6
59583,3159,ایران گلاب,179840,6
59584,3159,مزرعه بله لا,179846,6
59585,3159,تجره,179852,6
59586,3159,چنار,179862,6
59587,3159,حسامیه,179864,6
59588,3159,حسنارود,179866,6
59589,3159,مزرعه روی ده,179895,6
59590,3159,مرغداری اکرمیان بصره ای,179916,6
59591,3159,صورآباد,179923,6
59592,3159,علوی,179930,6
59593,3159,علی آباد,179933,6
59594,3159,نشلج,179989,6
59595,3159,نظام آباد,179990,6
59596,3159,معدن سنگ آهن نیاسر,180026,6
59597,3159,مزرعه سنجان,401076,6
59598,3159,مزرعه لادهان,401079,6
59599,3159,مزرعه اکبر آباد,404215,6
59600,3159,مرغداری جمشیدی,404337,6
59601,3159,مرغداری اکرمیان,810524,6
59602,3159,شرکت باریج اسانس کاشان,810544,6
59603,3159,شهرک باغ ویلایی باغ شهر,810746,6
59604,3159,امامزاده خاتون,810747,6
59605,3159,معادن مرمریت نشلج,910144,6
59606,3160,قاسوره,179457,6
59607,3160,بنابه مرق,179847,6
59608,3160,سادیان مرق,179902,6
59609,3160,مرق,179973,6
59610,3160,سعدآباد,180020,6
59611,3160,لالالون,180025,6
59612,3160,نابر,180027,6
59613,3160,مجتمع مرغداری های حاج اصغر قطبی,910145,6
59614,3161,ارنجن,179384,6
59615,3161,ازران,179386,6
59616,3161,پنداس,179403,6
59617,3161,تجره,179405,6
59618,3161,تجره,179406,6
59619,3161,ورکان,179502,6
59620,3161,ارمزگان,179823,6
59621,3161,ازوار,179828,6
59622,3161,دنگیز,179887,6
59623,3161,عباس آبادسده,179926,6
59624,3161,مزرعه قاسم آباد,179936,6
59625,3161,گله سرخه,179957,6
59626,3161,سینه گرد,179980,6
59627,3161,ویدوجا,179999,6
59628,3161,ویدوج,180000,6
59629,3161,مزرعه مهاباد,180018,6
59630,3161,اسلام آباد,401011,6
59631,3161,دولت آباد,401024,6
59632,3161,میانده,401027,6
59633,3161,منطقه صنعتی برزک,810084,6
59634,3161,مزرعه المهدی,810130,6
59635,3161,قلعه حاجی,810519,6
59636,3161,مرغداری طلاونگ کاشان,810520,6
59637,3161,کارخانه عطر افشان کاشان,810521,6
59638,3161,مرغداری رضایی,810522,6
59639,3161,خاتون آباد,810748,6
59640,3161,صادق آباد,810774,6
59641,3161,دشت کاهی,910170,6
59642,3161,باغات غرب ویدوجا,910184,6
59643,3162,آرجان,180754,6
59644,3162,اسفرنجان,180755,6
59645,3162,دستجرده,180762,6
59646,3162,دم آسمان,180764,6
59647,3162,رباط ملکی,180766,6
59648,3162,سراور,180768,6
59649,3162,شادگان,180769,6
59650,3162,شیدآباد,180779,6
59651,3162,فاویان,180781,6
59652,3162,کلوچان,180786,6
59653,3162,معادن سنگ گدارسرخ,180791,6
59654,3162,وارنیان,180795,6
59655,3162,معدن چینی صالح پیغمبر,401283,6
59656,3162,دشت عباس,404723,6
59657,3162,دشت کنجدجان,810693,6
59658,3162,مزارع جنوب کنجدجان(موتور کلنگی),810694,6
59659,3162,مزارع جهادی,810695,6
59660,3162,مزارع شمال دم آسمان,810696,6
59661,3162,مجموعه کوره های آجرپزی اشرف آباد,810700,6
59662,3162,مزرعه لاگز,910050,6
59663,3162,مرغداری سیدمرتضی صفوی,910054,6
59664,3162,صحرا مفت آباد,910056,6
59665,3162,صحرا اشرف آباد,910057,6
59666,3162,صحرا دشنه (صحرا سراود),910058,6
59667,3162,مجموعه مرغداری و دامداری های جاده صالح پیغمبر,910059,6
59668,3163,حاجیله,180722,6
59669,3163,سد گلپایگان,180725,6
59670,3163,عباس آباد,180726,6
59671,3163,قرغن,180727,6
59672,3163,تاسیسات سد کوچری,180729,6
59673,3163,ماکوله,180730,6
59674,3163,هرستانه سفلی,180731,6
59675,3163,هرستانه علیا,180732,6
59676,3163,هنده,180733,6
59677,3163,رباط قالقان,180765,6
59678,3163,قالقان,180784,6
59679,3163,مزرعه,180790,6
59680,3163,قلعه حاج میرزا آغاسی,180845,6
59681,3163,آزادان,180903,6
59682,3163,استهلک,180904,6
59683,3163,اسفآجرد,180905,6
59684,3163,غرقاب,180907,6
59685,3163,غرقه,180908,6
59686,3163,خاکه,180909,6
59687,3163,درب امامزاده ابراهیم,180911,6
59688,3163,دیزجان,180913,6
59689,3163,رباط ابوالقاسم,180914,6
59690,3163,رباط زیلیا,180915,6
59691,3163,رباط سرخ,180916,6
59692,3163,رباط گوگدی,180917,6
59693,3163,رباط محمود,180918,6
59694,3163,سعیدآباد,180919,6
59695,3163,ضامن آباد,180921,6
59696,3163,علی آباد,180922,6
59697,3163,فرج آباد,180923,6
59698,3163,فقستان,180924,6
59699,3163,قشلاق,180925,6
59700,3163,قلعه عباس بک,180926,6
59701,3163,قهوه خانه مرغ,180927,6
59702,3163,لهرامش,180929,6
59703,3163,لالان,180930,6
59704,3163,لالانک,180931,6
59705,3163,مرغ,180932,6
59706,3163,معدن دره نقره,180933,6
59707,3163,ملازجان,180934,6
59708,3163,مجتمع پتروشیمی قایدبصیر,180935,6
59709,3163,تصفیه خانه آب شرب گلپایگان,401265,6
59710,3163,ناحیه صنعتی سعیدآباد,404724,6
59711,3163,صحرا رباط سرخ,595993,6
59712,3163,صحرا عرب,595995,6
59713,3163,صحرا آبلولان,595996,6
59714,3163,صحرا قلعه جمال,595997,6
59715,3163,صحرا محل چال,595998,6
59716,3163,صحرا لا,595999,6
59717,3163,دشت شمال گلپایگان,810085,6
59718,3163,امامزادگان جعفر و هاشم دره شهیدان,810086,6
59719,3163,موسسه آموزش عالی پیام گلپایگان,810453,6
59720,3163,مرغداری صیفی(البرز),810454,6
59721,3163,مرغداری سیدمحمد میرکریمی,810455,6
59722,3163,مرغداری محسنی,810456,6
59723,3163,تولید شن و ماسه محسنی,810697,6
59724,3163,صحرا ضامن آباد,810698,6
59725,3163,صحرا قلعه موتور,810699,6
59726,3164,زرنجان,180767,6
59727,3164,شرکت سهامی زراعی,180772,6
59728,3164,مرغداری شرکت رنگین جوجه فارم 1,180773,6
59729,3164,کارخانه پنیرپگاه گلپایگان,180785,6
59730,3164,نیوان سوق,180793,6
59731,3164,نیوان نار,180794,6
59732,3164,صحرا حسن آباد,180843,6
59733,3164,مجتمع کشاورزی پدر طالقانی,180847,6
59734,3164,منطقه صنعتی گلپایگان,180848,6
59735,3164,وانشان,180849,6
59736,3164,یاغستان,180850,6
59737,3164,تیکن,180873,6
59738,3164,در,180875,6
59739,3164,شورچه,180876,6
59740,3164,صحرا صارم آباد و صحرا میدان,401291,6
59741,3164,صالح پیغمبر,401293,6
59742,3164,مرغداری برادران عین الهی,910051,6
59743,3164,صحرا اسلام آباد,910052,6
59744,3164,صحرا دزباغا(دزد باغها),910053,6
59745,3164,صحرا جنوب گوگد,910055,6
59746,3164,صحرا پایین نیوان سوق,910060,6
59747,3164,مرغداری عرفان,910061,6
59748,3164,کوره آجر حاج جواد طالاری نیوان نار,910069,6
59749,3164,صحرا بالا نیوان سوق,910142,6
59750,3165,ایدوغمیش,181465,6
59751,3165,برنجگان,181471,6
59752,3165,چم پیر,181506,6
59753,3165,حاجی الوان,181517,6
59754,3165,خشوییه,181528,6
59755,3165,دورک,181546,6
59756,3165,رحمت آباد,181550,6
59757,3165,زردخشوییه,181555,6
59758,3165,سعیدآباد,181561,6
59759,3165,صادق آباد,181567,6
59760,3165,فتح آباد,181580,6
59761,3165,قلعه ترکی,181584,6
59762,3165,کته شور,181593,6
59763,3165,کرچگان,181595,6
59764,3165,محمدآباد,181607,6
59765,3165,مورکان,181625,6
59766,3165,همام,181632,6
59767,3165,وشمندجان,402862,6
59768,3165,امیرآباد,402871,6
59769,3165,گردماهور,402897,6
59770,3165,دره سنگاب,402899,6
59771,3165,مزرعه سر آب,596011,6
59772,3165,چم کلبی,596012,6
59773,3165,مزرعه حسن خان(مزرعه باغ خان),810240,6
59774,3165,دره لاجرستون,810241,6
59775,3165,دشت گل,810318,6
59776,3165,صحرا چم کوچک مورکان,810463,6
59777,3165,محله اردال,810569,6
59778,3166,بوداق آباد,181472,6
59779,3166,چغاگرد,181504,6
59780,3166,چم آسمان,181505,6
59781,3166,حاجت آقا,181515,6
59782,3166,حسین آباد,181522,6
59783,3166,خاک سفید,181526,6
59784,3166,دره دراز,181541,6
59785,3166,رکن آباد,181553,6
59786,3166,زمان آباد,181556,6
59787,3166,شورجه,181566,6
59788,3166,قلعه آقا,181583,6
59789,3166,کچوییه,181594,6
59790,3166,کلیشادرخ,181599,6
59791,3166,لای بید,181605,6
59792,3166,محسن آباد,181606,6
59793,3166,دره زیدعلی,181614,6
59794,3166,مزرعه سعادت آباد,181617,6
59795,3166,شاه لرها,181618,6
59796,3166,هاردنگ,181631,6
59797,3166,مزرعه گنج آباد,402908,6
59798,3166,دره یحیی,402909,6
59799,3166,چشمه طاهر,402912,6
59800,3166,ایستگاه رله ماکروویو,402914,6
59801,3166,چشمه موزک,402934,6
59802,3166,مزرعه حسن آباد,596004,6
59803,3166,صحرا سوره,596005,6
59804,3166,تصفیه خانه آب یزد,810320,6
59805,3166,شهرک صنعتی سه راهی گاز,810321,6
59806,3166,منطقه کارگاهی پیامبر اعظم,810457,6
59807,3166,ناحیه صنعتی باغ بهادران,810458,6
59808,3167,پرکستان,181476,6
59809,3167,جعفرآباد,181489,6
59810,3167,جعفرآباد,181491,6
59811,3167,چم حیدر,181507,6
59812,3167,چم طاق,181508,6
59813,3167,چم علیشاه,181509,6
59814,3167,چم کهریز,181510,6
59815,3167,چم نور,181511,6
59816,3167,چم یوسفعلی,181513,6
59817,3167,مزرعه حسین آباد ( دره شاهی ),181521,6
59818,3167,علی آباد,181578,6
59819,3167,قاره دره,181581,6
59820,3167,کنه قرا,181600,6
59821,3167,یال بلند,181633,6
59822,3167,شرکت کشت و صنعت بادام کاران چم طاق,810234,6
59823,3167,مزرعه بیدر,810316,6
59824,3167,آغل دره,810317,6
59825,3167,نوکن,810578,6
59826,3167,مزرعه سربند,810581,6
59827,3167,گاوداری سفی اله شمس,910125,6
59828,3168,اشیان,181394,6
59829,3168,شرکت هاراپا,181406,6
59830,3168,قرق آقا,181409,6
59831,3168,مبارک آباد,181412,6
59832,3168,اردوگاه قدس بسیج لنجان,181414,6
59833,3168,تاسیسات آب آشامیدنی زرین شهر,181421,6
59834,3168,صادق آباد,181568,6
59835,3168,مجتمع صنایع دفاع اصفهان,181571,6
59836,3168,کاریز,181592,6
59837,3168,سیبه,181640,6
59838,3168,شرکت زرین سپاهان,402938,6
59839,3168,کارخانه ماشین سازی اصفهان,402940,6
59840,3168,اراضی حسین آباد,402973,6
59841,3168,زیر آب,402977,6
59842,3168,مجموعه کارگاهی کوه کولادان,596000,6
59843,3168,صحرا بیابان,596001,6
59844,3168,صحرا جعفر آباد,596006,6
59845,3168,مجموعه دامداریهای چرخاب,596007,6
59846,3168,صحرا مرزیون,810236,6
59847,3168,مجتمع دامداری های به پرور زرین شهر,810322,6
59848,3168,کشتارگاه صنعتی لنجان,810323,6
59849,3168,معدن شن وکارخانه آسفالت ادیبی,810579,6
59850,3168,مجموعه کارگاهی ورنامخواست,910171,6
59851,3168,شهرک صنعتی زرین شهر,910207,6
59852,3169,قلعه بوه,181398,6
59853,3169,کارخانه و تاسیسات ذوب آهن اصفهان,181411,6
59854,3169,شرکت بازیافت لنجان,181452,6
59855,3169,طبس,181572,6
59856,3169,معدن سنگ تنگ جوزدان,184223,6
59857,3169,کارگاه آسفالت سازی شرکت آبادگران جنوب,401537,6
59858,3169,تاسیسات سد چم آسمان,403024,6
59859,3169,شهرک صنعتی فولاد,404420,6
59860,3169,مجتمع دانشگاهی مخابرات,409609,6
59861,3169,شهرک صنعتی سده لنجان,596002,6
59862,3169,مجموعه کارگاهی و دامداری مزرعه ولی عصر,596003,6
59863,3169,مجموعه فرهنگی تفریحی فجر ذوب آهن,596008,6
59864,3169,تصفیه خانه آب بابا شیخ علی,596009,6
59865,3169,علی آباد,596010,6
59866,3169,مزرعه محبعلی,810255,6
59867,3169,دکل ماکروویو,810580,6
59868,3169,قلعه حسینعلی,910206,6
59869,3170,اسماعیلان,181880,6
59870,3170,بیدچاه,181886,6
59871,3170,پیوک,181887,6
59872,3170,جیربو,181888,6
59873,3170,چاه خربزه,181889,6
59874,3170,چاه گربه,181893,6
59875,3170,عشین,181916,6
59876,3170,علم حاجی باقری,181917,6
59877,3170,مزرعه حاجی باقری,181926,6
59878,3170,معدن طالمسی,181937,6
59879,3170,معدن نخلک,181941,6
59880,3170,پایگاه هوایی,181943,6
59881,3170,اشتیان,182020,6
59882,3170,چوپانان,182024,6
59883,3170,حجت آباد,182025,6
59884,3170,نورآباد,182026,6
59885,3170,زالوبند,182027,6
59886,3170,عروسان,182029,6
59887,3170,چشمه مغان,182033,6
59888,3170,محمدآباد,182034,6
59889,3170,مشجری,182037,6
59890,3170,عباس آباد,401350,6
59891,3170,زاغاب,404694,6
59892,3170,شرکت تعاونی مشاع کویر,404696,6
59893,3170,معدن مرمریت تخت عروس,404717,6
59894,3170,مزرعه همت آباد,810139,6
59895,3170,مزرعه حاج عبداله,810140,6
59896,3170,مزرعه شورابه,810141,6
59897,3170,مزرعه مالکه,810145,6
59898,3170,چاه بابا بزرگی,810147,6
59899,3170,دکتر جعفری,810148,6
59900,3170,مزرعه بابا خالد,810149,6
59901,3170,معدن طلای خونی,810150,6
59902,3170,بندهای دراز,810483,6
59903,3170,مرغداری عامری,810484,6
59904,3170,دربندو,810485,6
59905,3171,ایستگاه راه آهن نایین,181899,6
59906,3171,بداق,182678,6
59907,3171,بنوید سفلی,182680,6
59908,3171,بنوید علیا,182681,6
59909,3171,کارخانه سیمان سفیدبنوید,182683,6
59910,3171,رحمت آباد,182701,6
59911,3171,رحیم آباد,182702,6
59912,3171,لردستان,182732,6
59913,3171,مزرعه امام,182741,6
59914,3171,منطقه صنعتی بافران,182757,6
59915,3171,نوگنبد,182761,6
59916,3171,هندوچوب,182764,6
59917,3171,سپرو,182884,6
59918,3171,سهیل,182887,6
59919,3171,فرح آباد,182894,6
59920,3171,مزرعه حاج حسین,182912,6
59921,3171,مزرعه امیرخان,183530,6
59922,3171,سالکیه,401306,6
59923,3171,حنفش,401335,6
59924,3171,قرارگاه کویری نایین,404321,6
59925,3171,کلوت محمدیه,404783,6
59926,3171,یداله آباد,409320,6
59927,3171,شرکت توسعه عمران شهرستان نایین,596013,6
59928,3171,صحرا جزی سر,596014,6
59929,3171,چشمه خونی,810180,6
59930,3171,کشتخوان بافران,810481,6
59931,3171,مجموعه زراعی و دامداری جنوب شرق بافران,810482,6
59932,3171,کارخانه سیمان خاکستری نایین,810770,6
59933,3171,رستوران دوستان,910175,6
59934,3171,علی آباد,910176,6
59935,3172,احمدآباد,171644,6
59936,3172,اشنان,171649,6
59937,3172,حجت آباد,171659,6
59938,3172,ایلیه,171664,6
59939,3172,جزن آباد,171677,6
59940,3172,حیدرآباد,171705,6
59941,3172,خاروان,171708,6
59942,3172,زوروکی,171728,6
59943,3172,سرخونی,171732,6
59944,3172,صالح آباد,171751,6
59945,3172,صفی آباد,171752,6
59946,3172,قاسم آباد,171772,6
59947,3172,کجان,171777,6
59948,3172,محمودآباد,171798,6
59949,3172,مهرادران,171818,6
59950,3172,ولی آباد,171832,6
59951,3172,وندیش,171833,6
59952,3172,اشکستان,183589,6
59953,3172,تیرآباد,183598,6
59954,3172,جلال آباد,183602,6
59955,3172,جوی آباد,183604,6
59956,3172,دلنگی,183614,6
59957,3172,شاه کوه,183622,6
59958,3172,صالح آباد,183623,6
59959,3172,فخرآباد,183628,6
59960,3172,گاله کجان,183634,6
59961,3172,ملکان,183648,6
59962,3172,نجف آباد,183652,6
59963,3172,نصیرآباد,183653,6
59964,3172,جوزدان سفلی,183742,6
59965,3172,جوزدان علیا,183743,6
59966,3172,فرح آباد,183751,6
59967,3172,کافی آباد,183754,6
59968,3172,گلستان,183755,6
59969,3172,مقصودآباد,183762,6
59970,3172,نعیمیه,183764,6
59971,3172,نوبهار,183765,6
59972,3172,نیستانک,183766,6
59973,3172,معدن خاک چینی چاه کفتار,810183,6
59974,3172,ناحیه صنعتی نیستانک,810365,6
59975,3173,ابراهیم علی پایین,183193,6
59976,3173,ارجک,183196,6
59977,3173,ارموده,183197,6
59978,3173,ارور,183198,6
59979,3173,اسفیجان,183200,6
59980,3173,آقا حساب,183202,6
59981,3173,باباجمال,183205,6
59982,3173,باباچو,183206,6
59983,3173,برزو,183208,6
59984,3173,برگشاد,183209,6
59985,3173,مزرعه ابوالحسین,183210,6
59986,3173,بیل آباد,183213,6
59987,3173,پندستان,183214,6
59988,3173,پیرکان,183215,6
59989,3173,تیوکچه,183216,6
59990,3173,جلال آباد,183221,6
59991,3173,مزرعه جلالیه,183222,6
59992,3173,چاه سفید,183227,6
59993,3173,چم,183229,6
59994,3173,چیر علیا,183230,6
59995,3173,چیر سفلی,183231,6
59996,3173,حاجی آباد,183232,6
59997,3173,مزرعه حاج رحیم,183234,6
59998,3173,حجت آباد,183235,6
59999,3173,حجت آباد,183236,6
60000,3173,حسن آباد کوکول,183241,6
60001,3173,حسین آباد,183243,6
60002,3173,حسین آباد عاشق,183247,6
60003,3173,ونجه,183248,6
60004,3173,خونی سره,183256,6
60005,3173,خیرآباد,183258,6
60006,3173,دنبه,183259,6
60007,3173,دولت آباد,183260,6
60008,3173,دیزکان,183262,6
60009,3173,زرده,183265,6
60010,3173,سعدآباد,183266,6
60011,3173,سلطان نصیر,183268,6
60012,3173,سنگیج,183271,6
60013,3173,شرکت مرغداری امید,183273,6
60014,3173,شمس آباد,183274,6
60015,3173,شیخ آباد,183276,6
60016,3173,صفی آبادنو,183278,6
60017,3173,سیدآباد,183280,6
60018,3173,عباس آباد,183281,6
60019,3173,عباس آبادکلانیه,183282,6
60020,3173,علی آباد,183285,6
60021,3173,کم آباد,183295,6
60022,3173,کهنویه علیا و سفلی,183296,6
60023,3173,گل آباد,183299,6
60024,3173,گلچی,183302,6
60025,3173,مازمهرآباد,183305,6
60026,3173,محمدآباد,183310,6
60027,3173,مردان,183313,6
60028,3173,مردوی,183314,6
60029,3173,مرغ پایین,183315,6
60030,3173,مرغ علیا,183317,6
60031,3173,مزرعه نو,183325,6
60032,3173,مزرعه نوروز,183326,6
60033,3173,میرصیفی,183330,6
60034,3173,وازچیر,183332,6
60035,3173,واشه,183333,6
60036,3173,ونستان,183335,6
60037,3173,هرمزآباد,183336,6
60038,3173,همت آباد,183337,6
60039,3173,هیود,183339,6
60040,3173,حیدرآباد,183340,6
60041,3173,یوزستان بالا,183341,6
60042,3173,یوزستان پایین,183342,6
60043,3173,دهنو,183347,6
60044,3173,آرند,183587,6
60045,3173,اسدآباد,183588,6
60046,3173,بلان,183594,6
60047,3173,بیک آباد,183595,6
60048,3173,جامکان,183599,6
60049,3173,جعفرآباد,183600,6
60050,3173,جلال آباد چاه سرخ,183603,6
60051,3173,حسن آباد,183610,6
60052,3173,حسین آباد حاج کاظم,183612,6
60053,3173,رومند,183617,6
60054,3173,رومندچه,183618,6
60055,3173,فیض آباد حاج کاظم,183629,6
60056,3173,کاج آباد,183631,6
60057,3173,کمال آباد,183633,6
60058,3173,مزرعه نوحاجی قنبری,183645,6
60059,3173,مزیک,183646,6
60060,3173,مزیکچه,183647,6
60061,3173,مهرآباد,183650,6
60062,3173,وچه,183655,6
60063,3173,ورپای سفلی,183656,6
60064,3173,ورپای علیا,183657,6
60065,3173,هامون آباد,183660,6
60066,3173,یورتگا,183662,6
60067,3173,علی آباد,183750,6
60068,3173,محمدآباد,183757,6
60069,3173,مزرعه چه آهنگران,401311,6
60070,3173,سیدآباد,401313,6
60071,3173,توتچو,401315,6
60072,3173,مزرعه کوثری,409309,6
60073,3173,محمدآباد,409310,6
60074,3173,مزرعه خان علی,810184,6
60075,3174,حاجی آباد,174014,6
60076,3174,خانه سنجد,174025,6
60077,3174,خرم دشت,174030,6
60078,3174,رسول آباد,174047,6
60079,3174,شکرآباد,174063,6
60080,3174,تمینان,174070,6
60081,3174,قلعه دار,174086,6
60082,3174,قیوم آباد,174088,6
60083,3174,کاله چو,174091,6
60084,3174,کبرآباد,174092,6
60085,3174,محمودآباد,174105,6
60086,3174,مظفرآباد,174124,6
60087,3174,موسی آباد,174126,6
60088,3174,مهرآباد,174127,6
60089,3174,نصرآباد,174132,6
60090,3174,یک باغی,174140,6
60091,3174,چاه گریز,182690,6
60092,3174,ابی آباد,182994,6
60093,3174,اشناآباد,182996,6
60094,3174,آقا آباد,182997,6
60095,3174,اقبالیه,182998,6
60096,3174,امین آباد,183000,6
60097,3174,عندبر,183002,6
60098,3174,بلاآباد,183004,6
60099,3174,بلاآبادچه,183005,6
60100,3174,بیدچه,183009,6
60101,3174,تنگستان,183010,6
60102,3174,توتچو,183011,6
60103,3174,جزن آباد,183012,6
60104,3174,جنت آباد,183013,6
60105,3174,جهان آباد,183014,6
60106,3174,حاجی آباد,183017,6
60107,3174,مرغداری رحمت اله عباسی,183019,6
60108,3174,حسن آباد علیا,183020,6
60109,3174,حمیدی,183023,6
60110,3174,خاتون آباد,183024,6
60111,3174,خارزن,183025,6
60112,3174,ورچم,183027,6
60113,3174,خرم آباد,183028,6
60114,3174,خیرآباد,183029,6
60115,3174,دولت آباد شیخ,183035,6
60116,3174,راحت آباد,183036,6
60117,3174,رازآباد,183037,6
60118,3174,رحیم آباد,183038,6
60119,3174,رستم آباد,183039,6
60120,3174,زمان آباد,183040,6
60121,3174,شیرآباد,183047,6
60122,3174,عباس آباد,183050,6
60123,3174,علی آباد,183051,6
60124,3174,فخرآباد,183052,6
60125,3174,فریدون,183053,6
60126,3174,قامیشلو,183055,6
60127,3174,کریم آباد,183060,6
60128,3174,کوشکوییه,183067,6
60129,3174,کچی,183069,6
60130,3174,لاغره,183070,6
60131,3174,ماندگی علیا,183071,6
60132,3174,ماندگی سفلی,183072,6
60133,3174,محمدآباد,183073,6
60134,3174,مزرعه نو,183079,6
60135,3174,معصوم آباد,183080,6
60136,3174,نرگور,183081,6
60137,3174,نوجوک,183082,6
60138,3174,نوشین,183084,6
60139,3174,ورپشت,183086,6
60140,3174,هماآبادسفلی,183089,6
60141,3174,هماآبادعلیا,183090,6
60142,3174,یوسف آباد,183092,6
60143,3174,اشکستان,183201,6
60144,3174,حسن آباد توکلی,183240,6
60145,3174,خون سنجد,183251,6
60146,3174,مرغ سرراه,183269,6
60147,3174,عمادیه,183287,6
60148,3174,فیض آباد معدن,183289,6
60149,3174,گنوییه,183303,6
60150,3174,مارچوییه,183304,6
60151,3174,مزرعه میان,183323,6
60152,3174,معین آباد,183328,6
60153,3174,ورشت,183334,6
60154,3174,ارزنچه,183495,6
60155,3174,الله آباد,183496,6
60156,3174,امیرآباد,183497,6
60157,3174,امیرآباد,183498,6
60158,3174,اوشن علیا,183500,6
60159,3174,توکلیه,183502,6
60160,3174,جزلان,183503,6
60161,3174,چاه سوتک,183505,6
60162,3174,قلعه و مجموعه مرغداریهای حسین آبادخان,183514,6
60163,3174,سرشک,183518,6
60164,3174,سفیده,183519,6
60165,3174,سیف آباد,183520,6
60166,3174,عشرت آباد,183521,6
60167,3174,عفیف آباد,183522,6
60168,3174,فوداز,183523,6
60169,3174,فهیه,183524,6
60170,3174,کدونوییه,183526,6
60171,3174,مرغ چوییه,183529,6
60172,3174,هاشم آباد,183539,6
60173,3174,یوسف آباد,401299,6
60174,3174,علی آباد,401300,6
60175,3174,زنگی آباد,401301,6
60176,3174,توتچو,401303,6
60177,3174,کارخانه آسفالت غفرانی,404333,6
60178,3174,مرغداری حسین ویداله خوشبخت,404334,6
60179,3174,امامزاده سید ابراهیم,810185,6
60180,3174,قلعه معاضدیه,810186,6
60181,3174,منطقه صنعتی نایین,810545,6
60182,3175,دامداری و کشاورزی برادران,184200,6
60183,3175,رحمت آباد,184201,6
60184,3175,فیلور,184208,6
60185,3175,محمودآباد,184217,6
60186,3175,شرکت تولیدفراورده های گوشتی لورک نو,184236,6
60187,3175,گروه شهیدحجتی,401539,6
60188,3175,گروه مشاع محمدرضا علیان,401540,6
60189,3175,گروه اسداله خدادادی,401541,6
60190,3175,جنت آباد,401544,6
60191,3175,مجموعه گروههای مشاع جوزدان,404729,6
60192,3175,صحرا قرق رحمت آباد,596015,6
60193,3175,صحرا لورک رحمت آباد,596016,6
60194,3175,صحرا لته پشت,596017,6
60195,3175,تصفیه خانه فاضلاب نجف آباد,596018,6
60196,3175,مزرعه آموزشی-پژوهشی دانشکده کشاورزی دانشگاه صنعتی اصف,810123,6
60197,3175,مزرعه علی آباد,810124,6
60198,3175,مزرعه اسلام آباد,810125,6
60199,3175,هنرستان کشاورزی شهید پارسا,810126,6
60200,3175,شهرک صنعتی نجف آباد 2,810357,6
60201,3175,صحرای جوزدان,810358,6
60202,3175,تصفیه خانه فاضلاب فولادشهر,810701,6
60203,3175,مجموعه زمینهای کشاورزی شمال رحمت آباد,810702,6
60204,3175,صحرا حسرت آباد,810706,6
60205,3175,صحرا انقلاب,810707,6
60206,3175,مزارع شمال فیلور,810708,6
60207,3175,صحرا پشت لا,810709,6
60208,3175,لورک نو,810710,6
60209,3175,لورک جوزدان,910093,6
60210,3175,شرکت تولید شن و ماسه سیمین سپاهان,910094,6
60211,3175,صحرا حسن آباد,910098,6
60212,3176,نهضت آباد,183971,6
60213,3176,محمودآباد شاهدان,183984,6
60214,3176,مزرعه شیخ,183990,6
60215,3176,مزرعه بلمچه,184191,6
60216,3176,جلال آباد,184193,6
60217,3176,حاجی آباد,184198,6
60218,3176,شمس آباد,184207,6
60219,3176,قلعه یاور,184212,6
60220,3176,مزرعه معدن سورمه,184222,6
60221,3176,همت آباد,184232,6
60222,3176,اردوگاه قدس شهید اژدری,401522,6
60223,3176,نصرآباد,404572,6
60224,3176,مجموعه کارگاههای تولیدی و مرغداریهای حاجی آباد,404576,6
60225,3176,مجموعه کارگاههای صحراخرابه,404577,6
60226,3176,دادگستری نجف آباد,596027,6
60227,3176,دشت آباد,596031,6
60228,3176,مزرعه گودعلی آباد (گود جلال آباد ),810527,6
60229,3176,پست 400 کیلو ولت برق نجف آباد,810539,6
60230,3176,ناحیه صنعتی نهضت آباد,810540,6
60231,3176,مزرعه جلال آباد,810555,6
60232,3176,مرغداری جلالی,810704,6
60233,3176,مجموعه مرغداری ها و دامداری های کوه سرخ,810711,6
60234,3176,مزرعه اسلامی,810775,6
60235,3176,میان کوه,910092,6
60236,3176,دامداری غلامرضا صفری,910097,6
60237,3176,جعفرآباد,910195,6
60238,3176,صحرا سرخان,910196,6
60239,3177,صحرا اسلام آباد,184202,6
60240,3177,شهرک صنعتی منتظریه,184216,6
60241,3177,گاوداری زرین فام سپاهان,404579,6
60242,3177,مهر آباد,404582,6
60243,3177,چاه سنگ سفید,409607,6
60244,3177,صحرا خال سفید,596021,6
60245,3177,صحرا هشتصد جریبی,596022,6
60246,3177,مجموعه باغات شرق گلدشت,596023,6
60247,3177,مجموعه باغات غرب گلدشت,596024,6
60248,3177,مجموعه باغات جنوب گلدشت,596025,6
60249,3177,صحرا مزرعه,596026,6
60250,3178,اشن,184281,6
60251,3178,جنت آباد,184288,6
60252,3178,خیرآباد,184306,6
60253,3178,دماب,184309,6
60254,3178,کوی لطف,184322,6
60255,3178,گلدره,184323,6
60256,3178,حسام آباد,404374,6
60257,3178,مرغداری حبیب اله فاتحی,810532,6
60258,3178,مزرعه امین آباد,810533,6
60259,3178,امامزاده نورالدین,810534,6
60260,3178,چغاگدار سفلی,810703,6
60261,3178,باغهای پایین,810705,6
60262,3178,اکبرآباد,910194,6
60263,3179,مزرعه بیستن,184062,6
60264,3179,محمدآباد,184102,6
60265,3179,کوی سازمانی ایستگاه تقویت فشار گاز دهق,184283,6
60266,3179,خونداب,184305,6
60267,3179,علی آباد,184317,6
60268,3179,مزرعه عبایی,184329,6
60269,3179,مهدی آباد,184333,6
60270,3179,هسنیجه,184390,6
60271,3179,حسین آباد,184391,6
60272,3179,سه چاه,184392,6
60273,3179,دشت بلقویی,184394,6
60274,3179,معدن سرب گالون,401419,6
60275,3179,گروه احمد میرزایی فرزند محمدعلی,401422,6
60276,3179,سراب ده,401425,6
60277,3179,مزرعه ارکولو,401427,6
60278,3179,مزرعه سه چاه,401428,6
60279,3179,مزرعه چاه سم,401429,6
60280,3179,شهرک صنعتی دهق,401430,6
60281,3179,مزرعه عباس آباد,401431,6
60282,3179,شهرک صنعتی علویجه,404157,6
60283,3179,مجموعه شرکتهای تعاونی علویجه,404730,6
60284,3179,نظام آباد,409602,6
60285,3179,مجتمع اداری بخش مهردشت,409603,6
60286,3179,کریم آباد,596019,6
60287,3179,امامزاده شاه شمس الدین,596020,6
60288,3179,باغات کوچه عربها,596028,6
60289,3179,دشت پا چنار,596029,6
60290,3179,صحرا میر ایوب,596030,6
60291,3179,مجموعه باغات علویجه,596083,6
60292,3179,گاوداری یونس میرآباد,810129,6
60293,3179,پاسگاه محیط بانی قمشلو,810278,6
60294,3179,شرکت تعاونی مرغ گوشتی نسیم کوهستان,810279,6
60295,3179,منطقه صنعتی حسین آباد,810280,6
60296,3179,مرغداری علی احمدی,810536,6
60297,3179,مزرعه ولیعصر,810713,6
60298,3179,دشت علویجه,910091,6
60299,3179,احمدآباد,910095,6
60300,3180,ابیانه,184631,6
60301,3180,برز,184634,6
60302,3180,بیدهند,184635,6
60303,3180,تکیه,184638,6
60304,3180,چیمه,184639,6
60305,3180,حسن آباد,184640,6
60306,3180,طاهرآباد,184645,6
60307,3180,طره,184646,6
60308,3180,فریزهند,184647,6
60309,3180,کمجان,184650,6
60310,3180,ولوجرد,184657,6
60311,3180,هنجن,184658,6
60312,3180,یارند,184659,6
60313,3180,صالح آباد,184727,6
60314,3180,عباس آباد,184729,6
60315,3181,آب سنجد,184833,6
60316,3181,اکبرآباد,184838,6
60317,3181,پاپخت,184845,6
60318,3181,مزرعه حاجی آباد,184857,6
60319,3181,خسروآباد,184863,6
60320,3181,سرمرق,184868,6
60321,3181,سعیدآباد,184869,6
60322,3181,طار,184878,6
60323,3181,مجتمع کشاورزی طرق رود,184880,6
60324,3181,گودرزن,184903,6
60325,3181,لابیداک,184907,6
60326,3181,لادرجه,184910,6
60327,3181,مزده,184925,6
60328,3181,نیه,184949,6
60329,3181,ورزان,184950,6
60330,3181,ورگوران,184952,6
60331,3181,لابیخ,403061,6
60332,3181,معدن سرب متروکه چنگزه,404029,6
60333,3181,دهکده توریستی رایان,910137,6
60334,3182,رنگان,172454,6
60335,3182,شورغستان,172477,6
60336,3182,گل آباد,172512,6
60337,3182,مزرعه مارسار,172539,6
60338,3182,مزرعه باباحاجی,172546,6
60339,3182,مزرعه وربنده,172576,6
60340,3182,ابیازن,184693,6
60341,3182,اسفیدان,184696,6
60342,3182,اوره,184699,6
60343,3182,تاج آباد,184706,6
60344,3182,جاریان,184707,6
60345,3182,جزن,184708,6
60346,3182,حسین آباد کورموش,184710,6
60347,3182,حمیدیه,184711,6
60348,3182,حیدرآباد,184712,6
60349,3182,خفر,184714,6
60350,3182,دستجرد,184716,6
60351,3182,رحمت آباد,184720,6
60352,3182,شجاع آباد,184725,6
60353,3182,طامه,184728,6
60354,3182,لایار,184742,6
60355,3182,میلآجرد,184751,6
60356,3182,نسران,184752,6
60357,3182,چاه قم,184855,6
60358,3182,ویشته,403037,6
60359,3182,لای اسپیدانی,403045,6
60360,3182,قطب صنعتی اوره,404198,6
60361,3182,دشت چغاد,596037,6
60362,3182,مزرعه مومدو,810090,6
60363,3182,مجتمع کارخانه های فولاد نطنز,810091,6
60364,3183,اریسمان,184451,6
60365,3183,اله آباد,184455,6
60366,3183,امامزاده آقا علی عباس,184456,6
60367,3183,قلعه گوشه,184490,6
60368,3183,حبیب آباد,184493,6
60369,3183,حسینیه,184494,6
60370,3183,مزرعه شهید دستغیب بادرود,184495,6
60371,3183,سراسیاب,184501,6
60372,3183,عباس آباد,184520,6
60373,3183,مزرعه ابوذر,184529,6
60374,3183,مهدی آباد,184537,6
60375,3183,مجموعه چاههای قدس,404734,6
60376,3183,مجموعه چاههای طالقانی,404735,6
60377,3183,مزرعه حاجی آباد,596032,6
60378,3183,مجموعه باغات جنوب بادرود,596033,6
60379,3183,قلعه سفید,596034,6
60380,3183,مجموعه گروه های مشاع خالد آباد,596035,6
60381,3183,رحمت آباد,596036,6
60382,3183,مزرعه عسگریه,810087,6
60383,3183,عرب آباد,810088,6
60384,3183,مزرعه احمدی,810089,6
60385,3183,دشت چشمه اریسمان,810572,6
60386,3184,ده آباد,184498,6
60387,3184,فمی,184523,6
60388,3184,متین آباد,184528,6
60389,3184,کریم آباد,403104,6
60390,3184,صیدآباد,403109,6
60391,3184,کارخانه ریسندگی,403112,6
60392,3184,شهرک صنعتی بادرود,910199,6
60393,3185,چاه تره,175493,6
60394,3185,چاه میل,175499,6
60395,3185,حسن رباط پایین,175510,6
60396,3185,حسن رباط بالا,175511,6
60397,3185,موتورخانه شرکت گاز,175518,6
60398,3185,مجتمع طلای موته,175519,6
60399,3185,لوشاب,175538,6
60400,3185,معدن تخت سرخ,175546,6
60401,3185,معدن چینی لای بید,175548,6
60402,3185,موته,175552,6
60403,3185,معدن جآجرمی,403559,6
60404,3185,جلدک,403561,6
60405,3185,فغه,403562,6
60406,3185,معدن چینی گدارسفید,403563,6
60407,3185,لای بیدسفلی,403565,6
60408,3185,معدن چینی لوشاب,403571,6
60409,3185,معادن سنگ جوادباطنی و حسن رباط,403580,6
60410,3185,معدن سنگ شرکت مشعل,403583,6
60411,3185,جختو,403586,6
60412,3185,گروه مشاع فاطمیه,403587,6
60413,3185,مجتمع شرکتهای زراعی موته,404780,6
60414,3185,شهرک صنعتی زرکان,596038,6
60415,3185,پاسگاه محیط بانی,810053,6
60416,3185,معادن سنگ منطقه غارروباه,810054,6
60417,3185,مجتمع گاوداری های صنعتی لای بید,910114,6
60418,3186,اذان,175487,6
60419,3186,پاسگاه محیط بانی ورکان,175490,6
60420,3186,پمپ بنزین,175491,6
60421,3186,مزرعه طاغوت,175495,6
60422,3186,چقاده,175508,6
60423,3186,خسروآباد,175512,6
60424,3186,رباط آقاکمال,175516,6
60425,3186,زیادآباد,175517,6
60426,3186,سعیدآباد,175520,6
60427,3186,شهرک صنعتی رخشان میمه,175523,6
60428,3186,مرغداری امیررضا صاحبقرانی,175528,6
60429,3186,قاسم آباد,175533,6
60430,3186,مرغ آباد,175541,6
60431,3186,ونداده,175554,6
60432,3186,راهدارخانه قرقچی,179438,6
60433,3186,سرتخت,184867,6
60434,3186,مراوند,184919,6
60435,3186,شوراب,403494,6
60436,3186,چاه صاحب الزمان,403495,6
60437,3186,ایران کشت,403496,6
60438,3186,معدن سنگ تپه استخرمیمه,403510,6
60439,3186,شاه آباد,403523,6
60440,3186,معدن شن وماسه علی آباد,403529,6
60441,3186,جهاد خودکفایی مرکز توپخانه,403531,6
60442,3186,چاه اسلامی,403534,6
60443,3186,کارخانه آسفالت سازی مزروعی,403536,6
60444,3186,مزرعه مشاع گلدشت,403550,6
60445,3186,چاه مختاری,403551,6
60446,3186,چشمه بغلی,403552,6
60447,3186,تخت نیازمرغ,403553,6
60448,3186,دانشگاه آزاد اسلامی میمه,404306,6
60449,3186,کارخانه آسفالت معماریان,404419,6
60450,3186,مجموعه چاههای کشاورزی وزوان,404774,6
60451,3186,مزرعه آخوند موسوی,810058,6
60452,3186,مزرعه آخوند,810059,6
60453,3186,چاه قرمه,810060,6
60454,3186,چاه امام زمان,810061,6
60455,3186,تاسبسات آبرسانی کاشان,810062,6
60456,3186,شرکت پارس پلیمر صنعت,810063,6
60457,3186,شرکت کشت و صنعت روغن نباتی گلبهار,810064,6
60458,3186,چاه شماره 1 ازان,810425,6
60459,3186,سرآب,810426,6
60460,3186,تخت مزد آباد,810567,6
60461,3186,دشت بالا اذان,810715,6
60462,3186,دشت پایین میمه,810716,6
60463,3186,دشت ده دانه,810717,6
60464,3186,منطقه صنعتی وزوان,810718,6
60465,3186,معدن سنگ مرمریت حمیدرضا سالاری,910115,6
60466,3186,ایستگاه میمه کوه,910117,6
60467,3186,معدن کوه کمان,910178,6
60468,3187,کوره آجرپزی عمران نو,173145,6
60469,3187,باغ بلوریان,173164,6
60470,3187,بهشت معصومه,173172,6
60471,3187,پالایشگاه اصفهان,173176,6
60472,3187,جعفرآباد,173187,6
60473,3187,جهادآباد,173192,6
60474,3187,مزرعه مولوی,173247,6
60475,3187,شرکت تولیدی وصنعتی دوشین,173266,6
60476,3187,صنایع هواپیماسازی ایران,173290,6
60477,3187,مرغداری والفجر,173293,6
60478,3187,قند نور سپاهان,173318,6
60479,3187,مجتمع کشت و صنعت زاینده رود,173341,6
60480,3187,مرغداری حاج اسماعیل ذکاوتمند,173353,6
60481,3187,مزرعه نیلفروشان,173362,6
60482,3187,نورآباد,173410,6
60483,3187,نیروگاه شهیدمحمدمنتظری,173412,6
60484,3187,یاقوت آباد,173414,6
60485,3187,تپه ماهور,184203,6
60486,3187,مزرعه بی نظیر,401399,6
60487,3187,پاسگاه محیط بانی,403242,6
60488,3187,چاه اعتضادی,403245,6
60489,3187,مزرعه خسروی,403251,6
60490,3187,پاسگاه پلیس راه اصفهان-تهران,403252,6
60491,3187,شرکت آسفالت زرین سپاهان,403253,6
60492,3187,قلعه باقرآباد,403256,6
60493,3187,مجتمع کارخانه های صنعتی شاهین شهر,403261,6
60494,3187,مجموعه کوره های آجرپزی گرگاب,403328,6
60495,3187,رحمت آباد,403350,6
60496,3187,مجتمع کارخانه های صنعتی و سنگبریها,403974,6
60497,3187,فرماندهی مرکز پشتیبانی منطقه ای اصفهان,404407,6
60498,3187,مجتمع کشت و صنعت نور مصفا,404410,6
60499,3187,مزرعه محمدآباد,404590,6
60500,3187,مجتمع پتروشیمی اصفهان,404594,6
60501,3187,چاه عابدیان,404603,6
60502,3187,مجموعه کورههای آجرپزی گز,404776,6
60503,3187,مجموعه باغات جهاد آباد,596039,6
60504,3187,دامداری گلدشت,810041,6
60505,3187,پالایشگاه نفت سپاهان,810042,6
60506,3187,شرکت سرمایه گذاری صنایع شیمیایی,810043,6
60507,3187,چاه های کشاورزی گرگاب,810298,6
60508,3187,چاه های انقلاب,810299,6
60509,3187,صحرا پنج جویی ها,810301,6
60510,3187,پمپ بنزین بیدرام,810328,6
60511,3187,چاه عبدالکریم بیدرام,810330,6
60512,3187,دانشگاه آزاد اسلامی,810431,6
60513,3187,مزارع ودامداریهای صحرا گز,810720,6
60514,3187,صحرا گلیش آباد,810721,6
60515,3187,صحرا پیاز آباد,810722,6
60516,3187,معدن سنگ شکن سیمین سپاهان,910111,6
60517,3187,معدن شن جهادآباد,910112,6
60518,3188,امامزاده شاهزاده قاسم,173161,6
60519,3188,باغ میران,173165,6
60520,3188,چاه پیمانی,173179,6
60521,3188,صحرا خال سفید,173226,6
60522,3188,صحراخیرآباد,173229,6
60523,3188,مزرعه دوقلی,173235,6
60524,3188,معدن شن وماسه خیریه همدانیان,173280,6
60525,3188,شهرک صنعتی مورچه خورت,173402,6
60526,3188,مورچه خورت,173404,6
60527,3188,بیدشک,184843,6
60528,3188,دهلر,184864,6
60529,3188,سه,184872,6
60530,3188,کلهرود,184897,6
60531,3188,مزرعه دستکن,403359,6
60532,3188,صحرا حیدرآباد,403371,6
60533,3188,پادگان ولی عصر,403386,6
60534,3188,پادگان شهدای دارخویین,403387,6
60535,3188,چاه چاله مورچه خورت,403392,6
60536,3188,شرکت شیر و گوشت اصفهان,403441,6
60537,3188,شرکت اصفهان مترو,403457,6
60538,3188,مزرعه الهی آباد,403458,6
60539,3188,شرکت صنعتی فرآورده های شهرک چرمشهر,403472,6
60540,3188,مجموعه گروههای مشاع کشاورزی,403487,6
60541,3188,صحراحجت آباد,403972,6
60542,3188,شهرآباد,404088,6
60543,3188,چاه سرخ,404089,6
60544,3188,مجتمع مسکونی شهید قوچانی,404189,6
60545,3188,کارخانه لوله وپروفیل مهیار,404400,6
60546,3188,مجتمع مواد شیمیایی نارگستر,404422,6
60547,3188,کارخانه آسفالت اداره راه,404612,6
60548,3188,مرغداری سپاهان تخم,404784,6
60549,3188,معدن شن وماسه کیوان صفوی,404785,6
60550,3188,شرکت گلدشت نمونه اصفهان,810044,6
60551,3188,مجموعه کارخانه های تولیدی گدار سرخ,810051,6
60552,3188,ایستگاه تحقیقاتی آموزشی و ترویجی سیلاب برآبخوان سه,810052,6
60553,3188,مزرعه احمد آباد,810055,6
60554,3188,مرغداری فدک,810296,6
60555,3188,مرغداری نمونه سپاهان,810297,6
60556,3188,شهرک صنعتی بزرگ اصفهان,810429,6
60557,3188,مجتمع خدماتی رفاهی سه,810430,6
60558,3188,شرکت فن آوری کسب و کار,810433,6
60559,3188,پمپ بنزین چهلستون,810719,6
60560,3188,کشتارگاه نوشین دام,910116,6
60561,3189,ابرو,178218,6
60562,3189,امین آباد,178240,6
60563,3189,صحرا جارجار,178272,6
60564,3189,حوض ماهی,178324,6
60565,3189,دولت آباد,178342,6
60566,3189,قلعه بدر,178392,6
60567,3189,مزرعه قلعه غلام,178393,6
60568,3189,قلعه سفید,178394,6
60569,3189,لامرزان,178425,6
60570,3189,لاو,178427,6
60571,3189,معدن اهک حوض ماهی,178455,6
60572,3189,مهرآباد,178468,6
60573,3189,چاه عبدالحسین عباسعلی پور,400556,6
60574,3189,چاه قاسم میرزاپور شماره 2,403863,6
60575,3189,معدن شن تنگ چوبی,403884,6
60576,3189,شریف آباد,403900,6
60577,3189,عیسی آباد,403901,6
60578,3189,چاه فرهاد سدهی,403903,6
60579,3189,چاه خسرو رنجبر,403904,6
60580,3189,چاه سیدباقر کوچکی,403905,6
60581,3189,چاه عباسعلی خوشکام,403906,6
60582,3189,سایت صنعتی شهرک مجلسی,403907,6
60583,3189,چاه رحیم معینی,403908,6
60584,3189,چاه رمضان قاسمیان,403909,6
60585,3189,چاه حیدر شمس,403910,6
60586,3189,چاه علی کارگر,403911,6
60587,3189,چاه کیومرث سدهی,403912,6
60588,3189,چاه داتلی بیگی,403913,6
60589,3189,چاه قنبرعلی کریمیان,403914,6
60590,3189,چاه خسرو کریمی,403916,6
60591,3189,صحرا سینه کش طالخونچه,404755,6
60592,3189,مزارع رودخانه شور,404756,6
60593,3189,صحرا نهجیر,404757,6
60594,3189,گلخانه مجلسی,810119,6
60595,3189,کارخانه آتی فلز شهریار,810120,6
60596,3189,پایانه حمل و نقل مبارکه,810324,6
60597,3189,صحرا بداغ آباد,810370,6
60598,3189,مجموعه باغات و مزارع شرق لاو,810603,6
60599,3189,چشمه عباسی,810604,6
60600,3189,خرم دشت,810605,6
60601,3189,دامداری اینچ دره,910140,6
60602,3190,بداغ آباد,181152,6
60603,3190,تاسیسات سد نکوآباد,181190,6
60604,3190,کارخانه سیمان سپاهان,181195,6
60605,3190,مزرعه چه,181239,6
60606,3190,ایستگاه راه آهن دیزیچه,403745,6
60607,3190,صحرا قرق وینیچه,596049,6
60608,3190,باغات پشت راه آهن,596053,6
60609,3190,مجموعه صنایع کارگاهی مزاحم شهری دیزیچه,810371,6
60610,3190,صحرا پیر حاجات,810478,6
60611,3190,صحرا پشت ایستگاه راه آهن,810557,6
60612,3190,باغات دامنه قلعه بزی,810558,6
60613,3190,صحرا امامزاده سید محمد,810559,6
60614,3191,تنگ چوبی,178262,6
60615,3191,اسدآباد,181142,6
60616,3191,باقرآباد,181151,6
60617,3191,چاه ناصر کرمی,181169,6
60618,3191,حسن آباد تنگ بیدکان,181178,6
60619,3191,سورچه بالا,181191,6
60620,3191,مجتمع فولاد مبارکه,181224,6
60621,3191,چاه محمدآباد شماره 1,181229,6
60622,3191,مزرعه احمدیه,181234,6
60623,3191,مزرعه بیدکان,181237,6
60624,3191,تصفیه خانه آب فولاد مبارکه,403756,6
60625,3191,چاه ابراهیم حیدری,403783,6
60626,3191,چاه باقر احمدپور,403798,6
60627,3191,چاه حاج صفر ایرانپور,403838,6
60628,3191,چاه شماره 2 مجتمع فولاد مبارکه,403839,6
60629,3191,صفی آبادجزایری,403845,6
60630,3191,چاه غلامعلی احمدپور,403846,6
60631,3191,چایان تنگ بیدکان,403861,6
60632,3191,صحرا قلعه شازده,404758,6
60633,3191,صحرا قلعه حکیم,404759,6
60634,3191,صحرا جنت آباد,404760,6
60635,3191,صحرا علی آباد,404761,6
60636,3191,صحرا نصیرآباد,404762,6
60637,3191,صحرا نقی آباد,404763,6
60638,3191,صحرا محمدآباد,404765,6
60639,3191,مجموعه ورزشی کارگران مبارکه,596044,6
60640,3191,مجموعه کارگاهی صحرا مزرا,596045,6
60641,3191,صحرا قرق دهنو,596046,6
60642,3191,صحرا کلمخواران پایین,596047,6
60643,3191,صحرا کهنو,596048,6
60644,3191,باقرآباد,810121,6
60645,3191,مجموعه چاههای کشاورزی مهرآباد و محسن آباد,810372,6
60646,3191,صحرا جنت آباد 2,810560,6
60647,3191,ابراهیم آباد,810568,6
60648,3191,محمدآبادبالا,910192,6
60649,3192,احمدآباد,180993,6
60650,3192,بارچان,181000,6
60651,3192,جوشان,181005,6
60652,3192,دستگرد مهراوران,181009,6
60653,3192,زودان,181012,6
60654,3192,فخرآباد,181019,6
60655,3192,کوشکیچه,181024,6
60656,3192,هراتمه,181064,6
60657,3192,عباس آباد,181205,6
60658,3192,مجتمع مسکونی هفتم تیر,400587,6
60659,3192,مجتمع صنعتی هفتم تیر,400588,6
60660,3192,مزرعه دکتربهشتی,403705,6
60661,3192,مزرعه ودامداری سیدمیرزاحسینی,403707,6
60662,3192,صحرا هفتم تیر,403708,6
60663,3192,شرکت کشت و دام فراز,403714,6
60664,3192,کارگاه آسفالت مبارکه,403717,6
60665,3192,صحرا هاشم آباد,403720,6
60666,3192,سینه کوه نهجیر و صحرا ده نهجیر,403728,6
60667,3192,مرق هراتمه,596040,6
60668,3192,صحرا قلعه میرزا خان,596041,6
60669,3192,صحرا خرابه ها,596042,6
60670,3192,صحرا گود,596043,6
60671,3192,منطقه کارگاهی زیباشهر,596050,6
60672,3192,پادگان امام علی,596051,6
60673,3192,شریف آباد,596052,6
60674,3192,ایستگاه راه آهن,810474,6
60675,3192,صحرا میان جوی فخر آباد,810475,6
60676,3192,صحرا میان جوی میرزاتقی,810476,6
60677,3193,اراضی,180995,6
60678,3193,اسدآباد,180996,6
60679,3193,اکبرآباد,180997,6
60680,3193,باغ ملک,181001,6
60681,3193,بروزاد,181002,6
60682,3193,جوهرستان,181006,6
60683,3193,صحراخرم آباد,181008,6
60684,3193,شرکت تولیدی وسایل ابیاری وابرسانی,181013,6
60685,3193,شرکت پلی اکریل ایران,181015,6
60686,3193,کارخانه قندنقش جهان,181022,6
60687,3193,اسلام آباد,181027,6
60688,3193,شهرک صنعتی مبارکه,181058,6
60689,3193,میرآباد,181060,6
60690,3193,اردوگاه آموزش قدس,400387,6
60691,3193,مرکزارتباطات ماهواره ای اصفهان,403605,6
60692,3193,چاه شماره یک محمد نبوی نژاد,403617,6
60693,3193,شرکت تولیدی دی ام تی,403661,6
60694,3193,مجتمع کشاورزی رجبعلی حر,403733,6
60695,3193,کارخانه چینی زرین,403734,6
60696,3193,صحرا غضنفریه شمالی,404754,6
60697,3193,چاه و گلخانه ایثارگران,810112,6
60698,3193,مجموعه گروههای مشاع ده سرخ,810281,6
60699,3193,صحرا میان بالا,810282,6
60700,3193,صحرا قلعه قرمزی,810283,6
60701,3193,صحرا مراد چقوری,810286,6
60702,3193,صحرا بابا عبدالله,810287,6
60703,3193,ناحیه صنعتی ده سرخ,810325,6
60704,3193,زندان اسدآباد,810326,6
60705,3193,صحرا بیابان,810473,6
60706,3193,دامداری حاج اسداله نصیری,810499,6
60707,3193,صحرا نور آباد,810606,6
60708,3193,صحرا ده سرخ,810607,6
60709,3193,صحرا کوشکیچه,810608,6
60710,3193,صحرا هشتاد جریبی دستگرد,810609,6
60711,3193,صحرا باریکه (پشت قلعه),810610,6
60712,3193,صحرا آقا جوهرستان,810611,6
60713,3193,صحرا غروق سمسون,810612,6
60714,3193,صحرا میرآباد,810613,6
60715,3194,امین آباد,180266,6
60716,3194,مزرعه مجیدآباد,180267,6
60717,3194,مجموعه دامداریها و دشت انقلاب,180321,6
60718,3194,مزرعه نو,180324,6
60719,3194,مزرعه ملاحبیب,180330,6
60720,3194,ایستگاه راه آهن سرخ گل,180528,6
60721,3194,حاجی آباد,180539,6
60722,3194,ریجن,180546,6
60723,3194,شهریاری,180550,6
60724,3194,علی آباد,180553,6
60725,3194,فخره,180554,6
60726,3194,محمد آباد,180565,6
60727,3194,محمدیه,180566,6
60728,3194,شهیدنصیری,180570,6
60729,3194,مزرعه ملامحسن فیض کاشانی,400938,6
60730,3194,شاطر آباد,400952,6
60731,3194,چاه و مزرعه اعتمادی,404180,6
60732,3194,چاه شماره 2 گلشن آباد,404211,6
60733,3194,مزرعه و چاه ابراهیمی,408017,6
60734,3194,فدک فاطمیه,408018,6
60735,3194,یحیی آباد,596096,6
60736,3194,همت آباد,810785,6
60737,3195,اقبالیه,180527,6
60738,3195,بیشه,180531,6
60739,3195,چاه تقی,180533,6
60740,3195,چشمه سفید,180538,6
60741,3195,حسین آباد,180540,6
60742,3195,خال سفید,180541,6
60743,3195,خانی آباد,180542,6
60744,3195,مزرعه خواجه علی,180543,6
60745,3195,پاسگاه محیط بانی و چشمه سفیدآب,180547,6
60746,3195,قاسم آباد,180555,6
60747,3195,کاغذی,180556,6
60748,3195,کرچه,180557,6
60749,3195,کرشاهی,180558,6
60750,3195,گرماب,180559,6
60751,3195,گلستان خمینی,180561,6
60752,3195,گنداب,180563,6
60753,3195,گوشکوه,180564,6
60754,3195,همرو,180573,6
60755,3195,یخاب,180574,6
60756,3195,یزدلان,180575,6
60757,3195,چاه تلخ,400951,6
60758,3195,معدن همرو,400957,6
60759,3195,چاه شیرین,401123,6
60760,3195,مزرعه دو چاهی,404643,6
60761,3195,مزرعه جهاد شماره 6,404648,6
60762,3195,مجتمع دامداری های روستای کاغذی,810529,6
60763,3195,مرغداری حاج عباسعلی علیزاده,810530,6
60764,3195,مرغداری بشیر علیزاده,810531,6
60765,3195,حسن آباد کویر جه,810754,6
60766,3195,مجتمع دامداری حسین آباد,810757,6
60767,3196,ابراهیم آباد,179094,6
60768,3196,اقبالیه شماره 1,179097,6
60769,3196,بعدی آباد,179108,6
60770,3196,تاج آباد 1,179111,6
60771,3196,تقی آباد,179113,6
60772,3196,مزرعه تلک آباد بالا,179115,6
60773,3196,غول آباد,179116,6
60774,3196,غیاث آباد 1,179117,6
60775,3196,جلال آباد,179119,6
60776,3196,چاه ارغوانی,179122,6
60777,3196,مزرعه انقلاب,179125,6
60778,3196,علی آباد قریشی,179135,6
60779,3196,چاه کنجه,179138,6
60780,3196,حسین آباد,179151,6
60781,3196,شرف آباد,179154,6
60782,3196,چاه دستکن,179158,6
60783,3196,دولاب,179162,6
60784,3196,امامزاده ابراهیم,179169,6
60785,3196,دشت امام خمینی محمد آباد,179171,6
60786,3196,مزرعه عالی آباد,179181,6
60787,3196,مزرعه عبداله آباد1,179182,6
60788,3196,علی آباد کویر,179184,6
60789,3196,فیض آباد بیدگل,179188,6
60790,3196,شجاع آباد,179195,6
60791,3196,کدیش,179199,6
60792,3196,مجد آباد,179204,6
60793,3196,محمد آباد,179205,6
60794,3196,محمد آباد,179206,6
60795,3196,مرنجاب,179209,6
60796,3196,مزرعه خواجه منصور,179215,6
60797,3196,گلچین آباد,179219,6
60798,3196,معین آباد,179228,6
60799,3196,منصورآباد,179229,6
60800,3196,مزرعه میرزاتقی,179231,6
60801,3196,رحمت آباد,179234,6
60802,3196,یزدل,179237,6
60803,3196,چاله,401083,6
60804,3196,مزرعه خیم,401085,6
60805,3196,فیض آباد,401086,6
60806,3196,ایستگاه تثبیت شن شهید مطهری,401092,6
60807,3196,دولت آباد,401094,6
60808,3196,مزرعه انقلاب مستوفی,401099,6
60809,3196,مزرعه صدر,401100,6
60810,3196,مجتمع کوره های آجر پزی آران و بیدگل,401104,6
60811,3196,محمد آباد,401112,6
60812,3196,ایستگاه تثبیت شن شهید دستغیب,401115,6
60813,3196,مجتمع گاوداری عباس آباد آران,404203,6
60814,3196,حامد آباد,404204,6
60815,3196,حسین آباد,404205,6
60816,3196,چاه شهید بهشتی,404206,6
60817,3196,پادگان 02 آران (شهید مصطفی کبریایی),404651,6
60818,3196,چاه محمدرضا,404652,6
60819,3196,شهرک صنعتی سلیمان صباحی بیدگلی,404668,6
60820,3196,عبداله آباد آران,408002,6
60821,3196,شهرک صنعتی مالک اشتر,596092,6
60822,3196,مجموعه دامداریهای جاده مسجد الحسین,596093,6
60823,3196,صالح آباد,596094,6
60824,3196,دشت سرکاری,596095,6
60825,3196,مجموعه دامداریهای یزدل,596129,6
60826,3196,مزرعه نورآباد2,810003,6
60827,3196,چاه کونک,810004,6
60828,3196,مجتمع فولاد کویر,810005,6
60829,3196,دامپروری محمد اکبرزاده,810526,6
60830,3196,دامپروری رییسی,810528,6
60831,3196,مسلم آباد,810546,6
60832,3196,دشت وحدت,810752,6
60833,3196,دشت انقلاب,810753,6
60834,3196,ایستگاه راه آهن محمد آباد,810756,6
60835,3196,منطقه صنعتی هلال,910089,6
60836,3197,آبگرم,184054,6
60837,3197,افجان,184057,6
60838,3197,بودان,184061,6
60839,3197,حسن آباد علیا,184072,6
60840,3197,حسن آباد وسطی,184073,6
60841,3197,حسین آباد,184074,6
60842,3197,رخ بالا,184084,6
60843,3197,رخ پایین,184085,6
60844,3197,سوران,184086,6
60845,3197,علی آباد کرون,184090,6
60846,3197,قاسم آباد,184092,6
60847,3197,قهریزجان,184094,6
60848,3197,گاوداری کمیته امدادامام,184097,6
60849,3197,گلاب,184098,6
60850,3197,مبارکه,184101,6
60851,3197,محمدیه,184103,6
60852,3197,مزرعه خداداد,184104,6
60853,3197,مزرعه سه چشمه,184105,6
60854,3197,مزرعه علی قلیان,184106,6
60855,3197,مهدی آباد,184110,6
60856,3197,میرآباد,184111,6
60857,3197,نسیم آباد,184112,6
60858,3197,مزرعه تل,401462,6
60859,3197,شرکت صنایع مادر دارویی,401466,6
60860,3197,صحرا بیابان,596097,6
60861,3197,صحرا زیر قلعه(نهال کاران),596098,6
60862,3197,صحرا لب رودخانه,596099,6
60863,3197,صحرا قصبه,596100,6
60864,3197,منطقه کارگاهی مبارکه,596101,6
60865,3197,صحرا حوض بیابانی,596102,6
60866,3197,مجموع گاوداری های مبارکه,810459,6
60867,3197,تصفیه خانه متمرکز آب زاینده رود,810541,6
60868,3197,دامداریهای بودان,810724,6
60869,3197,دامداریهای حسن آباد وسطی,810725,6
60870,3197,دامداریهای افجان,810726,6
60871,3197,گاوداری مهرداد نادری,810727,6
60872,3197,امامزاده شاهزاده حسین,810733,6
60873,3197,معدن شن و ماسه حسین غلامی,910032,6
60874,3197,گاوداری علی غلامی,910110,6
60875,3198,الور,184058,6
60876,3198,امامزاده بابا لنگر,184059,6
60877,3198,تقی آباد,184064,6
60878,3198,قلعه جوزک (شکارآباد),184068,6
60879,3198,چشمه احمدرضا,184069,6
60880,3198,دره بید,184078,6
60881,3198,دوتو,184080,6
60882,3198,دولت آباد,184081,6
60883,3198,قلعه ناظر,184093,6
60884,3198,کرد سفلی,184095,6
60885,3198,کرد علیا,184096,6
60886,3198,گنهران,184099,6
60887,3198,باغ کازرونی,401546,6
60888,3198,مزرعه مقصودآباد,404564,6
60889,3198,مجموعه چاههای کشاورزی نیلاب,404764,6
60890,3198,کارخانه کاشی مرجان,810359,6
60891,3198,مرغداری حسن محسنی,810542,6
60892,3198,دامداری کاظمی,810554,6
60893,3198,مزرعه محمد علی عباسی وشرکا,810728,6
60894,3198,چشمه شیخ علی,810729,6
60895,3199,آب پونه,176522,6
60896,3199,احمدآباد,176527,6
60897,3199,الله آباد,176538,6
60898,3199,پیرقلی علیا,176539,6
60899,3199,پیرقلی سفلی,176563,6
60900,3199,جمال آباد,176573,6
60901,3199,ملکی,176575,6
60902,3199,حسن آباد کهنه,176592,6
60903,3199,دره حشم پایین,176596,6
60904,3199,هلاب,176600,6
60905,3199,حیدرآباد,176602,6
60906,3199,رحمت آباد,176610,6
60907,3199,علی آباد,176641,6
60908,3199,قلعه ساربان,176661,6
60909,3199,قلعه حوض,176662,6
60910,3199,قلعه عرب,176665,6
60911,3199,قلعه مرغ,176666,6
60912,3199,قلعه موسی خان,176667,6
60913,3199,کهریز لطفی,176680,6
60914,3199,تقی آباد,183957,6
60915,3199,جاجا,183958,6
60916,3199,حسن آباد ابریزه,183960,6
60917,3199,دربند,183963,6
60918,3199,عزیزآباد,183973,6
60919,3199,عطاآباد,183975,6
60920,3199,علی آباد,183976,6
60921,3199,فضل آباد,183977,6
60922,3199,قره تپه,183978,6
60923,3199,مجتمع صنعتی معدنی انجیره,183982,6
60924,3199,مزرعه اسلام آباد,183986,6
60925,3199,کتی آباد,183988,6
60926,3199,مزرعه مستشاریه,183993,6
60927,3199,معدن وجین بالا,183994,6
60928,3199,منطقه صنعتی اسفیدواجان,183995,6
60929,3199,حافظیه (مزرعه استخرگرده),184199,6
60930,3199,قمیشلو,184213,6
60931,3199,عباس آباد,401512,6
60932,3199,مجموعه باغات غرب رضوانشهر,596103,6
60933,3199,مزرعه چاخمانک,810093,6
60934,3199,مزرعه قلعه فولادی,810095,6
60935,3199,قادرآباد,810096,6
60936,3199,مجموعه پرورش دام و طیور شرق جاده سامان,810313,6
60937,3199,منطقه تعمیرگاهی شهید چمران,810314,6
60938,3199,شهرک صنعتی تیران,810315,6
60939,3199,مزرعه لای مان,810465,6
60940,3199,مجموعه گاوداری های جاجا,810468,6
60941,3199,دانشگاه علمی کاربردی تیران,810469,6
60942,3199,مزرعه امین آباد,810723,6
60943,3199,قلعه چشمه ماست,810773,6
60944,3199,مزرعه شهریار,910030,6
60945,3199,معدن شن و ماسه هوشنگ پاک دامن,910033,6
60946,3199,معدن سنگ شکن کتی آباد,910034,6
60947,3199,مجموعه پرورش دام و طیور غرب جاده سامان,910039,6
60948,3200,ورپشت,183997,6
60949,3200,تندران,184065,6
60950,3200,جعفرآباد,184066,6
60951,3200,مزرعه جوجو,184067,6
60952,3200,خرمنان,184075,6
60953,3200,خمیران,184076,6
60954,3200,خیرآباد,184077,6
60955,3200,عباس آباد,184087,6
60956,3200,هومان,184114,6
60957,3200,مزرعه زلول,401468,6
60958,3200,چشمه زلول,401477,6
60959,3200,چاه زلول,401478,6
60960,3200,منطقه صنعتی ورپشت,810466,6
60961,3200,گاوداری حیدر شاه مرادی,810467,6
60962,3200,دامداریهای هومان,810730,6
60963,3200,مزرعه میل تپه,810731,6
60964,3200,مجموعه مرغداری و گاوداری های خرمنان,910031,6
60965,3200,صحرا بالا,910169,6
60966,3201,اورگان,176541,6
60967,3201,اگریجه,177597,6
60968,3201,باغ ناظر,177598,6
60969,3201,برآفتاب دولت آباد,177599,6
60970,3201,حرمانک,177621,6
60971,3201,حسین آباد,177622,6
60972,3201,هجرت آباد,177624,6
60973,3201,محمودآباد(خرسانک خشتی),177625,6
60974,3201,علی آباد(خرسانک سفلی),177626,6
60975,3201,خیرآباد (خرسانک علیا),177627,6
60976,3201,دره صالح (دره گاو),177633,6
60977,3201,دولت آباد (دولت آباد کریم),177639,6
60978,3201,ده باد سفلی,177640,6
60979,3201,ده باد علیا,177643,6
60980,3201,سرچشمه کوگانک,177644,6
60981,3201,شورنگاه,177646,6
60982,3201,کلیچه,177651,6
60983,3201,کنده ها,177652,6
60984,3201,گرداب,177655,6
60985,3201,گل سفیددولت آباد,177657,6
60986,3201,کوگانک,177660,6
60987,3201,گل ارزنا,177666,6
60988,3201,چناران (مزرعه ملک آباد),177667,6
60989,3201,چم قروق,402702,6
60990,3201,کوگانک سفلی,404142,6
60991,3201,دره آلوچه,404671,6
60992,3201,جلال آباد (خرسانک اول),810744,6
60993,3202,فراموشجان,176644,6
60994,3202,اصفهانک ساکی,177592,6
60995,3202,اصفهانک سفلی,177593,6
60996,3202,اصفهانک عبدل,177594,6
60997,3202,اصفهانک علیا,177595,6
60998,3202,اصفهانک مشاعی,177596,6
60999,3202,پرزگان خراج,177607,6
61000,3202,پرزگان سفلی,177608,6
61001,3202,پرزگان علیا,177609,6
61002,3202,پرمه علیا,177610,6
61003,3202,پرمه سفلی,177611,6
61004,3202,جان احمد,177616,6
61005,3202,چشمندگان سفلی,177617,6
61006,3202,چشمندگان علیا,177618,6
61007,3202,چشمندگان مجید,177619,6
61008,3202,چهل چشمه,177620,6
61009,3202,حیدرآباد,177623,6
61010,3202,درک آباد,177628,6
61011,3202,مهدیه(دره مهدی قلی),177636,6
61012,3202,ده زرگران سفلی,177641,6
61013,3202,ده زرگران علیا,177642,6
61014,3202,قلعه زنبورسفلی,177647,6
61015,3202,قلعه زنبورعلیا,177648,6
61016,3202,لگاله,177661,6
61017,3202,ورباد,177669,6
61018,3202,ونک سفلی,177670,6
61019,3202,ونک علیا,177671,6
61020,3202,تقی آباد,402731,6
61021,3202,پرمه نسار,810575,6
61022,3202,وربادسفلی,910212,6
61023,3203,چم آقا,176582,6
61024,3203,چشمه جولان,176586,6
61025,3203,مزرعه خرسان,176604,6
61026,3203,شامگان,176627,6
61027,3203,علی آباد,176642,6
61028,3203,کمیتک,176677,6
61029,3203,مشهدکاوه,176709,6
61030,3203,مزرعه دراب,402704,6
61031,3203,ایستگاه تحقیقات آبخیزداری سد زاینده رود,402705,6
61032,3203,مجموعه پلاژهای سد زاینده رود,404739,6
61033,3203,دهکده فرهنگی- تفریحی زاینده رود,407203,6
61034,3203,شرکت تعاونی کشت و تولید دام جلگه فریدن,810460,6
61035,3203,دامداری غلامی,810462,6
61036,3203,مجموعه چاهها و دامداریهای مشهد کاوه,810735,6
61037,3203,ساختمان فرماندهی نیروی انتظامی,810738,6
61038,3203,مرکز آموزش توپخانه ارتش,810742,6
61039,3203,کارگاه شن شویی صالحی,910028,6
61040,3203,بیمارستان 32 تختخوابی بوعلی,910029,6
61041,3203,اسماعیل آباد,910211,6
61042,3204,آبادچی,176520,6
61043,3204,انالوچه,176540,6
61044,3204,ایستگاه آبخیزداری سد زاینده رود,176543,6
61045,3204,حجت آباد,176591,6
61046,3204,درکان,176605,6
61047,3204,ده کلبعلی,176609,6
61048,3204,مزرعه شافلق,176626,6
61049,3204,طالب آباد,176632,6
61050,3204,عاشق آباد,176635,6
61051,3204,عباس آباد,176638,6
61052,3204,علی عرب,176643,6
61053,3204,قرقر,176657,6
61054,3204,کهکرد,176681,6
61055,3204,گشنیزجان,176687,6
61056,3204,مجتمع اداری و تاسیسات سد زاینده رود,176693,6
61057,3204,معروف آباد,176711,6
61058,3204,منصوریه,176716,6
61059,3204,هلیله سفلی,176726,6
61060,3204,یداله آباد,404520,6
61061,3204,صحرا دالان گرکمز,810067,6
61062,3204,چاه براتی و حاج موسی,810068,6
61063,3204,شهرک صنعتی چادگان,810367,6
61064,3204,کارخانه سنگ شکن سازمان عمران,810434,6
61065,3204,دهکده دوم فرهنگی تفریحی زاینده رود,810435,6
61066,3204,مرغداری صرامی شماره 1,810461,6
61067,3204,صحرا گاویاران,810734,6
61068,3204,مرغداری مهندس کلباسیان,810736,6
61069,3204,مرغداری نجف نجفی,810737,6
61070,3204,کشتارگاه صالحی و شرکاء,810739,6
61071,3204,مرغداری میرزایی,810740,6
61072,3204,مزرعه قزولچه,810741,6
61073,3204,گاوداری حاج یحیی قاسمی,810743,6
61074,3204,لامیان,910025,6
61075,3204,قنات سفید,910026,6
61076,3204,مزرعه دهیرچی,910027,6
61077,3205,بداغ آباد,178249,6
61078,3205,پوده,178257,6
61079,3205,جمبزه,178269,6
61080,3205,چاه آبزای,178273,6
61081,3205,صحرا گود زندان,178286,6
61082,3205,شاه آباد,178361,6
61083,3205,شریف آباد,178365,6
61084,3205,علی آباد جمبزه,178379,6
61085,3205,قمبوان,178398,6
61086,3205,قهه,178405,6
61087,3205,کاچک,178406,6
61088,3205,گنج قباد,178421,6
61089,3205,هفت یکی,178476,6
61090,3205,حکیم آباد,178484,6
61091,3205,چاه غلامرضا نمازیان,400534,6
61092,3205,چاه ناصرآباد,400546,6
61093,3205,مزرعه شورجه,400567,6
61094,3205,امامزاده شاه زید,596106,6
61095,3205,ناحیه صنعتی جمبزه,810266,6
61096,3205,مزرعه یالانچی,810267,6
61097,3205,مجموعه چاه های کشاورزی قمبوان,810268,6
61098,3205,مجموعه چاه های کشاورزی علی آبادجمبزه,810270,6
61099,3205,شهرک صنعتی پوده,810479,6
61100,3205,چاه نوروزآباد,910012,6
61101,3206,چاه غلامعلی حسین زاده,178334,6
61102,3206,کره,178408,6
61103,3206,کوشک سنگر,178413,6
61104,3206,کوشک هادی,178414,6
61105,3206,لاریچه,178426,6
61106,3206,محمودآباد,178438,6
61107,3206,مهدی آباد,178464,6
61108,3206,علی آباد گچی,178928,6
61109,3206,پادگان قدس,400486,6
61110,3206,لورک مهدی آباد,400487,6
61111,3206,شهرک صنعتی دهاقان,400490,6
61112,3206,دانشگاه آزاد اسلامی دهآقان,400491,6
61113,3206,دره لابود,400500,6
61114,3206,مجتمع گروههای کشاورزی,404766,6
61115,3206,باغات ودامداریهای موسی آباد,596105,6
61116,3206,باغ بزرگ,810335,6
61117,3206,مزرعه کیان آباد,810336,6
61118,3206,چشمه مرغک,810337,6
61119,3206,ساوردی,810338,6
61120,3206,سورمنده,810339,6
61121,3206,دولت آباد,810562,6
61122,3206,لورک دولت آباد,810563,6
61123,3206,حسین آباد,910013,6
61124,3206,لورک,910014,6
61125,3206,علی آباد کهنه,910015,6
61126,3206,پرورش بلدرچین حجت اله یوسفی,910016,6
61127,3206,مجتمع بزرگ گلخانه ای دهاقان,910018,6
61128,3207,اشگفتک,178232,6
61129,3207,بودجان,178252,6
61130,3207,تنگ دزدان,178263,6
61131,3207,چشمه حیدر,178305,6
61132,3207,حیدرآباد,178326,6
61133,3207,دره جیک,178335,6
61134,3207,دزج,178338,6
61135,3207,دماغه سفید,178340,6
61136,3207,سلیجان,178352,6
61137,3207,سنجدی,178353,6
61138,3207,سه چاه,178356,6
61139,3207,قمیشلو,178399,6
61140,3207,چشمه شاه مار,178449,6
61141,3207,همگین,178477,6
61142,3207,مزرعه هرندی,400510,6
61143,3207,مجتمع گلخانه‌ای مباشری و ارجمند,596104,6
61144,3207,آب کک,810327,6
61145,3207,حسن آباد,810333,6
61146,3207,گلی سار,810334,6
61147,3207,واحدهای کشاورزی شمال دزج,810689,6
61148,3207,مجموعه گلخانه های شرق دزج,810690,6
61149,3207,معدن سنگ آهک قمیشلو,910017,6
61150,3208,چاه سنگ سفید,172403,6
61151,3208,احمدآباد,173147,6
61152,3208,اکبرآباد کمشچه,173158,6
61153,3208,پروانه,173177,6
61154,3208,جورابی,173190,6
61155,3208,جهان آباد,173191,6
61156,3208,دنبی,173234,6
61157,3208,شرکت ایران چای,173273,6
61158,3208,شورچه,173282,6
61159,3208,طالب آباد,173292,6
61160,3208,علی آبادچی,173301,6
61161,3208,علی آباد ملاعلی,173302,6
61162,3208,مرغ,173361,6
61163,3208,سرآباد,173375,6
61164,3208,پیمار,175281,6
61165,3208,حسین آباد کچلی,175290,6
61166,3208,زرندید,175296,6
61167,3208,شاهمزی,175302,6
61168,3208,همت آباد,175322,6
61169,3208,مزرعه عطاخان,402119,6
61170,3208,تصفیه خانه فاضلاب اصفهان شماره 2,402120,6
61171,3208,نجم آباد,402129,6
61172,3208,خوش آب,402135,6
61173,3208,چاه حاج حسین نوربخش شماره 1,403190,6
61174,3208,مجموعه چاه های کشاورزی شهرداری,403191,6
61175,3208,کانیه,403193,6
61176,3208,مزرعه دره,403194,6
61177,3208,ناحیه صنعتی کمشچه,404077,6
61178,3208,معدن شن باقرآباد,404399,6
61179,3208,شرکت مروارید سیاه اصفهان,404613,6
61180,3208,صحرا حبیب آباد,404781,6
61181,3208,مجموعه انبارهای سنگ برادران پورمحسنی,810037,6
61182,3208,مجتمع تولیدی مرغ شهنام,810038,6
61183,3208,صحرا کمال آباد 2,810312,6
61184,3208,مجموعه صنعتی پردیس,810420,6
61185,3208,امامزاده شاهزاده ابوالحسن,810423,6
61186,3208,کشتارگاه سپاهان مرغ,810424,6
61187,3208,مجموعه دامداریهای صحرا علی آباد,810600,6
61188,3208,محمدآباد,910037,6
61189,3208,صحرا علی آباد,910043,6
61190,3208,سنگ شکن طاهری,910045,6
61191,3208,معدن شن رود,910166,6
61192,3208,دامداری محوری,910198,6
61193,3209,توکل آباد,173181,6
61194,3209,درمیان,173231,6
61195,3209,دنبه ریز,173233,6
61196,3209,مزرعه رباط سرخ,173238,6
61197,3209,مزرعه رحیم آباد,173241,6
61198,3209,سروستان,173254,6
61199,3209,آجربنابان,173269,6
61200,3209,مزرعه شکل آباد,173278,6
61201,3209,مزرعه صیفی آباد,173291,6
61202,3209,قلعه تپه,173310,6
61203,3209,بهجت آباد,173333,6
61204,3209,مزرعه محمود آباد,173349,6
61205,3209,منطقه صنعتی شاپورآباد,173400,6
61206,3209,شرکت ارفع سقف,403120,6
61207,3209,شرکت ساحل (شن و ماسه ذوفن),403122,6
61208,3209,گروه مشاع رضارستمی,403138,6
61209,3209,گروه مشاع عباسعلی ابراهیمی,403159,6
61210,3209,چاه حاج هوشنگ نیسانی,403189,6
61211,3209,دامداری علیرضا سلیمی,403233,6
61212,3209,گروه مشاع حسین احمدی,403988,6
61213,3209,شرکت اصفهان شن,404398,6
61214,3209,صحرا کمال آباد 1,404782,6
61215,3209,صحرا ده شاپور آباد,596107,6
61216,3209,مزرعه سفیدآباد,810308,6
61217,3209,مزرعه اسدآباد,810309,6
61218,3209,مزرعه محمدآباد,810310,6
61219,3209,مزرعه نصراله طوطی,810311,6
61220,3209,گاوداری جمالی فر,810341,6
61221,3209,مزرعه حیدرآباد,810342,6
61222,3209,مزرعه روح آباد,810343,6
61223,3209,گچ عندلیب,810344,6
61224,3209,شرکت زراعی فدک,810345,6
61225,3209,مزرعه علی آباد,810346,6
61226,3209,مزرعه بنایی,810348,6
61227,3209,مزرعه لنگون,810349,6
61228,3209,گروه مشاع رحمت اله احمدی,810350,6
61229,3209,گروه مشاع روانبخش,810351,6
61230,3209,گروه مشاع شهید حسین آقابابایی,810352,6
61231,3209,گروه مشاع شهید ملکی,810353,6
61232,3209,گروه مشاع عباسعلی مظاهری,810354,6
61233,3209,دامداری محمدجواد روانبخش,910044,6
61234,3209,چاه حاج هوشنگ نیسانی,910049,6
61235,3210,معادن سنگ اهک جعفرآباد سفیدچی,173390,6
61236,3210,مجتمع کشاورزی شیرنوش اصفهان,403281,6
61237,3210,چاه حاج حبیب اله غفوری,403320,6
61238,3210,چاه جوی حبیب,403324,6
61239,3210,شرکت فتح المبین,403341,6
61240,3210,گروه مشاع حاج حسین پوردایی,403473,6
61241,3210,شرکت زراعی 196,403474,6
61242,3210,گروه مشاع محمودرفیعی,403475,6
61243,3210,گروه مشاع هاشم میرآبادی,403479,6
61244,3210,گروه مشاع رسول غفوری,403480,6
61245,3210,چاه حاج عباسعلی گوشتی,403486,6
61246,3210,شرکت زراعی فجر,403489,6
61247,3210,شرکت تعاونی روستای خوشه,404415,6
61248,3210,محمود آباد,404777,6
61249,3210,مجموعه چاههای کشاورزی سین,404779,6
61250,3210,مجتمع دامداریهای سین,596108,6
61251,3210,گروه مشاع حاج عباس بیدرام,810302,6
61252,3210,قلعه مومن آباد,810303,6
61253,3210,مزرعه دهچی,810304,6
61254,3210,چاه امیر شاه رجبیان,810329,6
61255,3210,گروه مشاع اکبرحق شناس,810331,6
61256,3210,گروه مشاع حاج عبدالکریم بیدرام,810332,6
61257,3210,چاه رضا بیدرام,810340,6
61258,3210,گروه مشاع رحیم غفوری,810347,6
61259,3210,گروه مشاع رضا غفوری,810998,6
61260,3210,گروه مشاع عباس حسین پور,810999,6
61261,3210,مجتمع خدمات رفاهی گردشگری سپاهان پردیس کویر,910062,6
61262,3211,محسن آباد,173150,6
61263,3211,امامزاده شاهزاده محمود,173162,6
61264,3211,معدن شن و ماسه سپاهان کان,173199,6
61265,3211,رباط سلطان,173239,6
61266,3211,صحرا سهل آباد,173262,6
61267,3211,صحرا لیشی,173334,6
61268,3211,منطقه صنعتی جاده دولت آباد,173399,6
61269,3211,نظام آباد,173409,6
61270,3211,چاه فرهاد فروتن,403121,6
61271,3211,دامداری بنایی,403136,6
61272,3211,گزآباد,403144,6
61273,3211,صالح آباد,403995,6
61274,3211,مرغداری توکلی,404414,6
61275,3211,مجموعه چاه های کشاورزی شاپور آباد,404778,6
61276,3211,صحرا خورزوق,596109,6
61277,3211,مرغداری فروتن,810045,6
61278,3211,مرغداری زارع زاده,810046,6
61279,3211,صحرا کیوان,810305,6
61280,3211,صحرا نرمی,810306,6
61281,3211,مزرعه رشتوان,810355,6
61282,3211,مرغداری معتمدی,810422,6
61283,3211,مجموعه سنگبریها و کوره های آجرپزی دولت آباد (1),810595,6
61284,3211,مجموعه کارگاهها وکوره های آجرپزی دولت آباد(2),810596,6
61285,3211,صحرا دستگرد,810598,6
61286,3211,صحرا پیری,810599,6
61287,3211,گاوداری رضا حیدری,810601,6
61288,3211,الله آباد,810602,6
61289,3211,ظهیر آباد شمالی,810786,6
61290,3211,ظهیر آباد جنوبی,810787,6
61291,3211,صحرا قاسمعلی,810788,6
61292,3211,صحرا کتایونچه,810790,6
61293,3211,صحرای محسن آباد,910046,6
61294,3211,صحرا اربابی محسن آباد,910047,6
61295,3211,صحرا حیدرآباد,910048,6
61296,3212,آبادان,182422,6
61297,3212,ابراهیم زهرا,182423,6
61298,3212,ابراهیم آباد,182424,6
61299,3212,مجتمع کشاورزی اسلام شهر,182427,6
61300,3212,باغ زیتون,182436,6
61301,3212,جعفرآباد,182443,6
61302,3212,جگارگ,182444,6
61303,3212,چاه افضل,182449,6
61304,3212,چاه ملک,182451,6
61305,3212,حسن آباد,182455,6
61306,3212,خرمدشت,182459,6
61307,3212,عباس آباد,182473,6
61308,3212,عرب آباد,182474,6
61309,3212,عروسان کوره گز,182475,6
61310,3212,قادرآباد,182484,6
61311,3212,قانون آباد,182485,6
61312,3212,محمد آباد کوره گز,182489,6
61313,3212,محمدآباد,182492,6
61314,3212,مزرعه نقی,182504,6
61315,3212,ده بالا,182505,6
61316,3212,مزرعه علی آباد,182509,6
61317,3212,مزرعه کمال,182510,6
61318,3212,نهرود,182514,6
61319,3212,مهین دشت,182521,6
61320,3212,میان آباد,182522,6
61321,3212,مینودشت,182524,6
61322,3212,نصرآباد,182526,6
61323,3212,نودشت,182527,6
61324,3212,هاشم آباد,182530,6
61325,3212,ایزد آباد,401385,6
61326,3212,کشتارگاه خور,404310,6
61327,3212,ایستگاه چاه ملک کوه,404698,6
61328,3212,معدن بقیه الله و ارسلان ادوایی,404702,6
61329,3212,معدن سنگ رضایی,404703,6
61330,3212,مجموعه دامداریهای نوبهار,596115,6
61331,3212,مجموعه کارگاههای تولیدی فرخی,810165,6
61332,3212,کشت خوان فرخی,810480,6
61333,3212,کارخانه آسفالت شرکت زرین سپاهان,910072,6
61334,3212,مرغداری مجتبی داوودی,910073,6
61335,3212,مجموع معادن سنگ جعفرآباد,910074,6
61336,3212,معدن سنگ بهسنگان سپاهان,910075,6
61337,3213,بهاآباد,182310,6
61338,3213,چاه زرد,182316,6
61339,3213,چاه گیر,182317,6
61340,3213,حوضک,182324,6
61341,3213,طاقی,182331,6
61342,3213,کاظم آباد,182337,6
61343,3213,گزستان بالا,182348,6
61344,3213,نوق آباد,182358,6
61345,3213,هد(مزرعه بالا),182360,6
61346,3213,امیرآباد,182432,6
61347,3213,دره بیدان,182461,6
61348,3213,فرحزاد,182479,6
61349,3213,مصر,182516,6
61350,3213,پلیس راه خور- جندق,404683,6
61351,3213,معدن باریت,404688,6
61352,3213,مرغداری سیدحسین طباطبایی,409306,6
61353,3213,شهرک صنعتی جندق,596116,6
61354,3213,مزرعه آسیاب کهنه,810167,6
61355,3213,کارخانه دانه بندی سیلیس حسین افضلی,810169,6
61356,3213,حسین آباد,810170,6
61357,3213,مجموعه دامداریهای حسن جعفر و مهروروی,810691,6
61358,3213,ایستگاه پمپاژ آب به جندق,910077,6
61359,3213,تفرجگاه بهشت کویر (آبشار),910078,6
61360,3214,آبگرم,182080,6
61361,3214,اردیب,182082,6
61362,3214,ایراج,182084,6
61363,3214,بازیاب,182085,6
61364,3214,حسین آباد,182090,6
61365,3214,هفتومان,182103,6
61366,3214,بیاضه,182132,6
61367,3214,خنج,182153,6
61368,3214,عروسان گلستان,182177,6
61369,3214,گرمه,182186,6
61370,3214,محمدآباد,182191,6
61371,3214,شرکت باریت مهرجان,182209,6
61372,3214,مهرجان,182211,6
61373,3214,تشتاب,182441,6
61374,3214,چشمه دره انجیر,182452,6
61375,3214,سلام آباد,182467,6
61376,3214,گزان پشت,182491,6
61377,3214,مزرعه شهیدبهشتی,182507,6
61378,3214,نیشابور,182529,6
61379,3214,چاه قدس رضوی,182532,6
61380,3214,معدن باریت فلات حاجی آباد ایران,401369,6
61381,3214,مجتمع معادن سنگ مرمریت هفتومان,404712,6
61382,3214,شرکت بنتونیت کویر مهرجان,404719,6
61383,3214,شرکت معدنی دشت خور(سنگاب مار),404720,6
61384,3214,شرکت صنعتی پتاس,404721,6
61385,3214,ایستگاه تحقیقاتی آموزشی و ترویجی بخش سیلاب برآبخوان ه,404736,6
61386,3214,معدن مس,810172,6
61387,3214,حوض میرزا ( آب انبار),810712,6
61388,3214,ناحیه صنعتی خور,910079,6
61389,3214,معدن سنگ ماهسنگان,910088,6
61390,3215,ماینده,177013,6
61391,3215,احمدآباد,177091,6
61392,3215,ارتی جان,177092,6
61393,3215,جوزار,177103,6
61394,3215,حسین آباد,177106,6
61395,3215,خلیلی,177109,6
61396,3215,ده رجب,177119,6
61397,3215,معصوم آباد,177123,6
61398,3215,قره بلطاق,177127,6
61399,3215,ماربر,177140,6
61400,3215,میرآباد,177160,6
61401,3215,هدان,177164,6
61402,3215,معدن سنگ چالک,402698,6
61403,3215,قره داغ,402700,6
61404,3216,داش کسن,177257,6
61405,3216,قره داش,177262,6
61406,3216,منطقه گردشگری سرچشمه,810436,6
61407,3216,مرغداری خوانساری,810437,6
61408,3216,دامداری غضنفری,810553,6
61409,3216,ناحیه صنعتی داش کسن,910128,6
61410,3216,گاوداری اسماعیل دوست محمدی,910131,6
61411,3216,تصفیه خانه فاضلاب بویین و میاندشت,910132,6
61412,3217,قایم آباد,177126,6
61413,3217,قلعه خواجه,177133,6
61414,3217,آغچه,177245,6
61415,3217,ازناوله,177246,6
61416,3217,استخرپهن,177247,6
61417,3217,آقا گل,177249,6
61418,3217,تنگ بید,177252,6
61419,3217,حاجی فتحعلی,177253,6
61420,3217,زرنه,177259,6
61421,3217,ماهورستان سفلی,177268,6
61422,3217,مغاندر,177269,6
61423,3217,هزارجریب,177273,6
61424,3217,ماهورستان علیا,402857,6
61425,3217,مرغداری جهانگیری,810445,6
61426,3217,مجموعه سنگبریهای ازناوله,810446,6
61427,3217,پرورش ماهی آغچه دشت فریدن,810594,6
61428,3217,سد مخزنی آغچه,910135,6
61429,3217,چشمه مروارید,910213,6
61430,3218,بلطاق,177099,6
61431,3218,تیرکرت,177102,6
61432,3218,خلعت پوشان,177108,6
61433,3218,دره ساری,177113,6
61434,3218,دره حوض,177125,6
61435,3218,قلعه اخلاص,177131,6
61436,3218,ماهورک,177141,6
61437,3218,باغ مادی,177250,6
61438,3219,بسی نان,177097,6
61439,3219,بتلیجه,177098,6
61440,3219,تخماقلو,177101,6
61441,3219,دره سوخته,177115,6
61442,3219,قلعه بهمن,177132,6
61443,3219,کرچ,177137,6
61444,3219,نوغان,177162,6
61445,3219,هلاغره,177165,6
61446,3219,هندوکش,177166,6
61447,3219,راهدارخانه نوغان,910177,6
61448,3220,آب چوییه,173981,6
61449,3220,اروجه,173985,6
61450,3220,انجیلان,173987,6
61451,3220,انگورود,173988,6
61452,3220,بادافشان,173989,6
61453,3220,بیدآباد,173994,6
61454,3220,پایگاه پدافند هوایی هاشم آباد,173997,6
61455,3220,پهنگان,173999,6
61456,3220,جشوقان,174007,6
61457,3220,جوکاران,174010,6
61458,3220,چیرمان سفلی,174012,6
61459,3220,چیرمان علیا,174013,6
61460,3220,حسن آباد,174016,6
61461,3220,حسن آباد,174017,6
61462,3220,حسن بیگی,174018,6
61463,3220,حسین آباد,174019,6
61464,3220,حکمتستان,174020,6
61465,3220,خارزنان,174021,6
61466,3220,خالتی,174023,6
61467,3220,خانه قوچ,174026,6
61468,3220,دره شاه نظر,174037,6
61469,3220,دستگردو,174039,6
61470,3220,دلگشا,174041,6
61471,3220,دمبه,174042,6
61472,3220,زدرک,174050,6
61473,3220,زرنگ آباد,174051,6
61474,3220,زمان آباد,174052,6
61475,3220,زینت آباد,174053,6
61476,3220,سهرانه,174060,6
61477,3220,سیدآباد,174061,6
61478,3220,شیران,174066,6
61479,3220,صالح آباد,174068,6
61480,3220,توتچی,174071,6
61481,3220,عطرافشان,174077,6
61482,3220,علی آباد,174078,6
61483,3220,علی آباد کوهان,174079,6
61484,3220,عیش آباد,174081,6
61485,3220,قامشلو,174085,6
61486,3220,مزرعه قندی,174087,6
61487,3220,کاظم آباد,174090,6
61488,3220,گجد,174093,6
61489,3220,کیماران,174096,6
61490,3220,گیل آباد,174099,6
61491,3220,محمدآباد,174102,6
61492,3220,مزرعه ملک,174117,6
61493,3220,مزرعه ملااحمد,174118,6
61494,3220,مزرعه یزدی,174121,6
61495,3220,میرلطف اله,174129,6
61496,3220,میرلطیف,174130,6
61497,3220,نوگباد,174133,6
61498,3220,وج,174136,6
61499,3220,هفت یاران,174137,6
61500,3220,یزدآباد,174138,6
61501,3220,امامزاده قاسم,174639,6
61502,3220,برزآباد,174641,6
61503,3220,پردز,174642,6
61504,3220,جندابه,174646,6
61505,3220,چاه کندی,174647,6
61506,3220,حسین آبادخان,174652,6
61507,3220,خان آباد,174654,6
61508,3220,خیرآباد,174657,6
61509,3220,دستکن,174658,6
61510,3220,دستگرد,174659,6
61511,3220,دولت آباد,174660,6
61512,3220,زردآباد,174661,6
61513,3220,سرخی,174662,6
61514,3220,سنگ زبره,174663,6
61515,3220,مهدی آباد(شاه آباد),174665,6
61516,3220,شاه مراد,174666,6
61517,3220,شمس آباد,174670,6
61518,3220,شیرآباد,174672,6
61519,3220,عشق آباد,174674,6
61520,3220,قاسمعلی,174677,6
61521,3220,کی,174679,6
61522,3220,مزرعه نو,174688,6
61523,3220,مشکنان,174689,6
61524,3220,ممباشی,174690,6
61525,3220,مهرآباد,174691,6
61526,3220,مزرعه نوراله,174692,6
61527,3220,یحیی آباد,174694,6
61528,3220,مزرعه خروس,401716,6
61529,3220,مزرعه میرزاتقی,401723,6
61530,3220,سایت رادار پایگاه پدافند هوایی,401730,6
61531,3220,مجیدآباد(اشرف),401736,6
61532,3220,منزلی,401737,6
61533,3220,منطقه صنعتی تودشک,810025,6
61534,3221,آب خارک,174487,6
61535,3221,فازه,174490,6
61536,3221,پرتینجان,174492,6
61537,3221,تینجان,174494,6
61538,3221,جزه,174495,6
61539,3221,حجت آباد,174498,6
61540,3221,حیدرآباد,174501,6
61541,3221,خواجه,174503,6
61542,3221,دخرآباد,174504,6
61543,3221,دولت آباد,174506,6
61544,3221,سسن آباد,174509,6
61545,3221,شاهان علیا,174511,6
61546,3221,گبرآباد,174515,6
61547,3221,علون آباد,174517,6
61548,3221,علی آباد,174518,6
61549,3221,قایم آباد,174523,6
61550,3221,سجادیه,174525,6
61551,3221,کهران,174526,6
61552,3221,کردآباد,174527,6
61553,3221,کمال بیک,174529,6
61554,3221,کیان آباد,174530,6
61555,3221,کیچی,174531,6
61556,3221,گزن آباد,174533,6
61557,3221,گلستانه,174534,6
61558,3221,لوتری,174536,6
61559,3221,ماری بهارستان,174539,6
61560,3221,مزرعه حاج حسن,174543,6
61561,3221,مزرعه حاج عبدالکریم,174544,6
61562,3221,علی ابراهیم,174549,6
61563,3221,مندآباد,174551,6
61564,3221,موسی آباد,174552,6
61565,3221,میرجعفر,174553,6
61566,3221,میرهمایون,174554,6
61567,3221,ندیم آباد,174555,6
61568,3221,مزرعه نوبهار,174556,6
61569,3221,هریزه,174558,6
61570,3221,هماگران,174560,6
61571,3221,مزرعه میرعلی اکبر,174563,6
61572,3221,اکبرآباد,174638,6
61573,3221,رضا آباد,174640,6
61574,3221,مزرعه توکلی,174643,6
61575,3221,جلال آباد,174644,6
61576,3221,جمال الدین,174645,6
61577,3221,چگایگان,174648,6
61578,3221,حاجی آباد,174649,6
61579,3221,حسین آباد,174651,6
61580,3221,خطی,174655,6
61581,3221,سهر,174664,6
61582,3221,عباس آباد,174673,6
61583,3221,عموچی,174675,6
61584,3221,کریم آباد,174678,6
61585,3221,لولاچی,174681,6
61586,3221,مزرعه بالا,174684,6
61587,3221,مزرعه گودی,174686,6
61588,3221,مزرعه محمد,174687,6
61589,3221,وندایی,174693,6
61590,3221,صادق آباد,401744,6
61591,3221,منطقه صنعتی کوهپایه,404786,6
61592,3221,پمپ بنزین,810362,6
61593,3221,شرکت ره پویان صالح,810759,6
61594,3221,مزرعه پایین,810760,6
61595,3222,تره پی,174344,6
61596,3222,حسین آباد,174348,6
61597,3222,ورطون,174373,6
61598,3222,مزرعه جعفری,174446,6
61599,3222,حسین آباد,174447,6
61600,3222,حسین آباد,174448,6
61601,3222,مجیدآباد,174455,6
61602,3222,مزرعه علی آباد,174458,6
61603,3222,مزرعه نو,174459,6
61604,3222,مهدی آباد,174462,6
61605,3222,یک لنگی,174464,6
61606,3222,بهجت آباد,174835,6
61607,3222,مزرعه محمدرضا فتحیان,401770,6
61608,3222,مزرعه بدر,401771,6
61609,3222,مجموعه کوره های آجرپزی حجت آباد,401772,6
61610,3222,مزرعه امام خمینی,401776,6
61611,3222,معدن سنگ تل سرخ,401778,6
61612,3222,منطقه صنعتی الزهرا,404239,6
61613,3222,گروه مشاع علی اکبر جعفری,404240,6
61614,3222,مهدیه,404241,6
61615,3222,گروه مشاع علی قانعی,404242,6
61616,3222,چاه اکبریان,404243,6
61617,3222,گروه مشاع حیدرمظاهری,404245,6
61618,3222,گروه مشاع رحمت الله کنعانی,404246,6
61619,3222,شهرک صنعتی بزرگ شرق اصفهان,404247,6
61620,3222,باسکول شهدای مظاهری,404249,6
61621,3222,فرودگاه کمکی شهید اشتری,810395,6
61622,3222,فولادگستر,810763,6
61623,3222,محمودآباد,910070,6
61624,3222,مزرعه حاج محمد مظاهری و شرکاء,910071,6
61625,3223,مجموعه تفریحی گردشگری آبگرم,174305,6
61626,3223,اولوکچی,174307,6
61627,3223,ایستگاه ارتباطی مارشینان,174309,6
61628,3223,باغ گل,174311,6
61629,3223,مزرعه برزنگه,174312,6
61630,3223,پس آب بالا,174313,6
61631,3223,چاه سرخ,174315,6
61632,3223,مزرعه پا درخت ون,174317,6
61633,3223,مزرعه دیزی,174319,6
61634,3223,رندوان,174320,6
61635,3223,زفره,174321,6
61636,3223,سرسری,174322,6
61637,3223,شصت پا,174325,6
61638,3223,مزرعه عباسعلی,174326,6
61639,3223,خالی شاه,174327,6
61640,3223,علی قاصدی سفلی,174328,6
61641,3223,فشارک کهنه,174330,6
61642,3223,قلعه کهنه,174331,6
61643,3223,کاظم آباد,174332,6
61644,3223,کیچی,174333,6
61645,3223,گل اشک,174334,6
61646,3223,لوشان دره,174335,6
61647,3223,مزرعه لادوره,174336,6
61648,3223,لاوانی,174337,6
61649,3223,مجیدآباد,174338,6
61650,3223,مزرعه دکتررضوان,174341,6
61651,3223,مزرعه حاجی رجب,174345,6
61652,3223,مزرعه حاج علی,174346,6
61653,3223,مزرعه حبیب اله,174347,6
61654,3223,مزرعه حسین,174349,6
61655,3223,مزرعه رجبعلی,174351,6
61656,3223,عباس آباد,174354,6
61657,3223,مزرعه عبداله,174355,6
61658,3223,مزرعه علیه,174357,6
61659,3223,مزرعه محمدآباد,174359,6
61660,3223,مزرعه مشهدی,174360,6
61661,3223,مزرعه چشمه دراز,174363,6
61662,3223,نصرتیه,174371,6
61663,3223,مزرعه وادار,174372,6
61664,3223,ایستگاه رادارمارشینان,174507,6
61665,3223,فشارک,174522,6
61666,3223,هینی,401751,6
61667,3223,سورچه پایین,401759,6
61668,3223,گهر آباد پایین,401760,6
61669,3223,علی آباد,401761,6
61670,3223,معدن سنگ تراورتن قرمز,401779,6
61671,3223,پس اب چه,404237,6
61672,3223,دوبحری حسین آباد,404451,6
61673,3223,معدن سنگ سیلیس سورچه,404452,6
61674,3223,مرغداری کویر,810026,6
61675,3223,مزرعه نچفت,810363,6
61676,3223,معدن سنگ دولومیت و کوارتیزیت,810396,6
61677,3223,مزرعه مهدی آباد,810397,6
61678,3223,مزرعه میرزاحسین شریعتی,810398,6
61679,3223,حجت آباد,810399,6
61680,3224,آذرخواران (حبیب آباد),173716,6
61681,3224,مزرعه امین آباد,173717,6
61682,3224,مزرعه پروین,173727,6
61683,3224,مزرعه خلیفه سلطانی,173732,6
61684,3224,ده چی,173757,6
61685,3224,رحمت آباد,173758,6
61686,3224,سیان,173761,6
61687,3224,عباس آباد,173767,6
61688,3224,پاسگاه محیط بانی محمدآباد,173771,6
61689,3224,گنج آباد,173775,6
61690,3224,قارنه,175037,6
61691,3224,مزرعه لطف الله جهانگرد,401915,6
61692,3224,چاه رضا شفیعی,401916,6
61693,3224,مزرعه حسین جعفرپور,401917,6
61694,3224,مزرعه عبدالرضاشیرپور,401918,6
61695,3224,مزرعه تقی جانقربان,401919,6
61696,3224,مزرعه حاج حسین نوذری,401920,6
61697,3224,مزرعه محمدرضااسماعیلی,401921,6
61698,3224,مزرعه علی عسگرنیکبخت,401922,6
61699,3224,مزرعه حسین جهانگرد,401923,6
61700,3224,چاه علیرضاپورمختار(امیرآباد),401924,6
61701,3224,مزرعه نادری,401934,6
61702,3224,کارگاه آسفالت جرقویه,401938,6
61703,3224,ناحیه صنعتی جرقویه سفلی,401939,6
61704,3224,گروه مشاع یا مهدی,401941,6
61705,3224,مزرعه تقی پور,401955,6
61706,3224,حسین شهابی شماره1,401957,6
61707,3224,طالب آباد پایین,401960,6
61708,3224,چاه طالب آبادبالایی,401961,6
61709,3224,چاه دخانیات,401962,6
61710,3224,چاه عربها,401963,6
61711,3224,چاه یداله جوانی,401964,6
61712,3224,چاه عباس یزدانی,401965,6
61713,3224,سلطان آباد,401970,6
61714,3224,چاه سیدمصطفی سجادی,401972,6
61715,3224,چاه رضاصادقیان,401973,6
61716,3224,چاه غضنفرشیبانی,401974,6
61717,3224,چاه دکتر عباسی,401976,6
61718,3224,سید محمد امیری,401978,6
61719,3224,چاه سرهنگ,401979,6
61720,3224,چاه رضامیرجانی,401981,6
61721,3224,چاه عباس اسماعیل زاده,401982,6
61722,3224,مزرعه موسوی,401983,6
61723,3224,چاه محمدرضانیکبخت,401985,6
61724,3224,چاه فرهنگیها,401986,6
61725,3224,چاه محمدحسین جعفری,401987,6
61726,3224,چاه سیدعباس سجادی,401988,6
61727,3224,چاه حاج اصغراسماعیل زاده,401989,6
61728,3224,چاه حسن دهقان,401990,6
61729,3224,چاه ارتش,401991,6
61730,3224,چاه سیداسداله فاطمی,401992,6
61731,3224,چاه رضاقلی رنجبر,401993,6
61732,3224,چاه ذاکری,401994,6
61733,3224,چاه محمدعلی شیرپور,401995,6
61734,3224,چاه سیدنعمت اله حسینی,401997,6
61735,3224,مزرعه امام رضا,401998,6
61736,3224,چاه عباسقلی شهرضایی(رمضان کاظم زاده),401999,6
61737,3224,چاه محمد نیکبخت,402000,6
61738,3224,چاه رضاکاظم زاده,402001,6
61739,3224,چاه یعقوب کریمی,402002,6
61740,3224,چاه حسین روشنی,402003,6
61741,3224,چاه حسن آقاخانی,402004,6
61742,3224,چاه قاسم مختاری,402005,6
61743,3224,محمد معتمدی,402006,6
61744,3224,چاه حسینعلی صفری,402007,6
61745,3224,حسین شهابی شماره 2,404054,6
61746,3224,مزرعه عباس رضایی,404056,6
61747,3224,کارخانه گچ پزی واحدی,810018,6
61748,3224,شرکت کشت و دام ایثار بهاران,810019,6
61749,3224,مکان تفریحی کوه محمد نوجوان,810767,6
61750,3224,دامداری سید جواد رهنمایی,910193,6
61751,3225,مزرعه جلو بند,173715,6
61752,3225,پیکان,173721,6
61753,3225,حسین آباد,173751,6
61754,3225,حیدرآباد,173752,6
61755,3225,مزرعه خلیفه,173753,6
61756,3225,دشت آسمان,173755,6
61757,3225,دشت جهان,173756,6
61758,3225,سعادت آباد,173760,6
61759,3225,سیدآباد,173762,6
61760,3225,مزرعه عرب,173794,6
61761,3225,چاه حسینعلی ملک پور 1,401836,6
61762,3225,حسن آباد آقا,401848,6
61763,3225,عباس آباد,401852,6
61764,3225,مزرعه خیرآباد,401870,6
61765,3225,کوره گچ پزی برهانی,401879,6
61766,3225,مزرعه حسین نوذری,401914,6
61767,3225,مزرعه قاسم آباد,401945,6
61768,3225,مزرعه کمیته امدادامام خمینی,810390,6
61769,3225,مزرعه تراب,810391,6
61770,3225,گنج آباد,810392,6
61771,3225,مزرعه استادمحمدفاتحی,810393,6
61772,3225,تراب آباد,810394,6
61773,3226,الله آباد (یخچال),173888,6
61774,3226,چاه گسترش,173890,6
61775,3226,خارا,173899,6
61776,3226,دستجرد,173901,6
61777,3226,کمال آباد,173914,6
61778,3226,مالوآجرد,173915,6
61779,3226,گروه رضاخدامی,401801,6
61780,3226,کوره گچ پزی منصوری,401813,6
61781,3226,مزرعه تووش,404268,6
61782,3226,مزرعه حاج میرعلی بک,810412,6
61783,3226,مزرعه رضاییه درباغ,810413,6
61784,3226,علی آباد,810414,6
61785,3226,ناحیه صنعتی حسن آباد,810415,6
61786,3226,صحرا سرچشمه,810552,6
61787,3226,صحرا پایین دشت علی آباد,910063,6
61788,3226,صحرا گارتولا,910064,6
61789,3226,صحرا کارون,910065,6
61790,3226,صحرا قلعه,910066,6
61791,3226,صحرا آسیاب کاچی,910067,6
61792,3226,صحرا قلماج,910068,6
61793,3227,احمدآباد,173885,6
61794,3227,اسفنداران,173886,6
61795,3227,چاه قلی,173891,6
61796,3227,چشمه ریزه,173892,6
61797,3227,حارث آباد,173895,6
61798,3227,رامشه,173902,6
61799,3227,فیض آباد,173909,6
61800,3227,مزرعه قلیجان,173911,6
61801,3227,مزرعه کته نو,173913,6
61802,3227,مبارکه,173916,6
61803,3227,مجموعه معادن چشمه ترش,173921,6
61804,3227,نیستانک,173926,6
61805,3227,اسدآباد,178887,6
61806,3227,الله آباد,178891,6
61807,3227,چاه جمال,401829,6
61808,3227,شهرک صنعتی رامشه,596118,6
61809,3227,مزرعه سه گنبد,810020,6
61810,3227,مزرعه تل پلویی,810021,6
61811,3227,صحرا اسفنداران,810407,6
61812,3227,چاه عشایر,810408,6
61813,3227,معدن گچ سفید,810409,6
61814,3227,مزرعه ریزآباد,810410,6
61815,3227,مزرعه اله آباد,810411,6
61816,3228,ایستگاه راه آهن ورزنه,174761,6
61817,3228,شاخ کنار,174772,6
61818,3228,قورتان,174777,6
61819,3228,مزرعه عطاالملک,174785,6
61820,3228,صحرا پچویز,401799,6
61821,3228,مجموعه کارگاهی مزاحم شهری ورزنه,596119,6
61822,3228,صحرا بابا شیخ,596121,6
61823,3228,صحرا رعیتهای اشکهران,810401,6
61824,3228,شهرک صنعتی ورزنه,810418,6
61825,3228,تصفیه خانه آب یزد,810419,6
61826,3228,صحرای اربابی قورتان,910007,6
61827,3228,صحرا رعیتها قورتان,910008,6
61828,3229,اشکهران,174758,6
61829,3229,بزم,174763,6
61830,3229,بلان,174764,6
61831,3229,جبشت,174766,6
61832,3229,سهران,174771,6
61833,3229,شاخ میان,174773,6
61834,3229,مزرعه هینی جرد,174783,6
61835,3229,قلعه امام,174788,6
61836,3229,صحرا مارپیچ,810400,6
61837,3229,لا سهران,810783,6
61838,3229,سایت تفریحی واحه,910214,6
61839,3230,رنگینده,174769,6
61840,3230,فارفان,174776,6
61841,3230,کفران,174779,6
61842,3230,صحرابرا,810402,6
61843,3230,صحرا دوگرا,810403,6
61844,3230,صحرا سوخته,810404,6
61845,3230,صحرا لاچی,810406,6
61846,3230,صحرا جوب کلایه,910141,6
61847,3231,ابوالخیر,174753,6
61848,3231,اسحق آباد,174757,6
61849,3231,جندان,174767,6
61850,3231,طهمورثات,174775,6
61851,3231,کفرود,174780,6
61852,3231,صحرا پایین,810405,6
61853,3231,صحرا شونحه,910138,6
61854,3231,صحرا مصلیا,910139,6
61855,3232,ایستگاه خیرآباد,174830,6
61856,3232,خیرآباد,174850,6
61857,3232,سید احمدیان,174859,6
61858,3232,امامزاده عبدالعزیز,174861,6
61859,3232,قلعه بالا,174869,6
61860,3232,قمشان,174872,6
61861,3232,کلیل,174875,6
61862,3232,گیشی,174877,6
61863,3232,نورآباد,174890,6
61864,3232,هاشم آباد,174891,6
61865,3232,مزرعه شعبان صاحبی,810022,6
61866,3232,مرغ گوشتی جزیران,910006,6
61867,3232,صحرا دینان,910215,6
61868,3232,منطقه کارگاهی امامزاده,910216,6
61869,3233,باقرآباد,174762,6
61870,3233,شریف آباد,174774,6
61871,3233,کبریت,174778,6
61872,3233,هاشم آباد,174787,6
61873,3233,قهی,174873,6
61874,3233,مزرعه کاظم آباد,174888,6
61875,3233,شهرک صنعتی هرند,404309,6
61876,3233,مزرعه سیدحسن حسینی,404731,6
61877,3233,مرغداری رمضان ظهیری,910168,6
61878,3234,از,174826,6
61879,3234,اسلام آباد,174827,6
61880,3234,المزآباد,174828,6
61881,3234,امین آباد,174829,6
61882,3234,دیزه چی,174833,6
61883,3234,بشنق آباد,174834,6
61884,3234,تالجرد,174838,6
61885,3234,حسین آباد,174843,6
61886,3234,سیان,174856,6
61887,3234,سیدآباد,174858,6
61888,3234,شیخ آباد,174865,6
61889,3234,مزرعه بالا,174881,6
61890,3234,مزرعه پایین,174882,6
61891,3234,میانه ها,174889,6
61892,3234,رحمت آباد,401789,6
61893,3234,امامزاده سید محمد,401794,6
61894,3234,قلعه وحش,401830,6
61895,3234,مجموعه کارگاهی رجایی,404308,6
61896,3234,کارخانه گچ گل گوهر اژیه,810024,6
61897,3235,پاجیک آباد,174837,6
61898,3235,جمبزه,174841,6
61899,3235,خرم,174846,6
61900,3235,خورچان,174848,6
61901,3235,خویا,174849,6
61902,3235,سریان,174853,6
61903,3235,سکان,174854,6
61904,3235,سنوچی,174855,6
61905,3235,سیچی,174857,6
61906,3235,سیدان,174860,6
61907,3235,شریف آباد,174863,6
61908,3235,فیض آباد,174868,6
61909,3235,قلعه ساربان,174870,6
61910,3235,قلعه عبداله,174871,6
61911,3235,کلیشاد,174874,6
61912,3235,کمندان,174876,6
61913,3235,مادرگان (مادرکان),174878,6
61914,3235,مارچی,174879,6
61915,3235,هلارته,174893,6
61916,3235,سروشان,810416,6
61917,3236,شوراب,410544,6
61918,3236,هنجیرک,410546,6
61919,3236,پاسگاه ژاندارمری سهرکان,410547,6
61920,3236,رامکان(مسجدابوالفضل),410548,6
61921,3236,چاه نلی,410549,6
61922,3236,نوک آباد,410550,6
61923,3236,حبیب آباد,410551,6
61924,3236,ده جهیل,410552,6
61925,3236,خیرآباد,410553,6
61926,3236,توکل آباد,410554,6
61927,3236,شریف آباد,410555,6
61928,3236,زبرآباد,410556,6
61929,3236,غریب آباد,410558,6
61930,3236,ده گمی,410559,6
61931,3236,مهیم آباد,410560,6
61932,3236,شاه مرادآباد,410561,6
61933,3236,چشمه گلزار(بلوچ آباد),410562,6
61934,3236,یوسف آباد,410563,6
61935,3236,محمدآباد,410564,6
61936,3236,نورآباد(الله یارآباد),410565,6
61937,3236,ده پکیر,410567,6
61938,3236,ده رحیم,410568,6
61939,3236,عباس آباد,410569,6
61940,3236,حاجی آباد,410571,6
61941,3236,شاه آباد(حلیم آباد),410573,6
61942,3236,مچک لشکری,410574,6
61943,3236,ریگک,410575,6
61944,3236,عیسی آباد,412479,6
61945,3236,فقیرآبادبالا,412480,6
61946,3236,گیگان,412481,6
61947,3236,چاه قزلباش,412859,6
61948,3236,چاه قربان,412860,6
61949,3236,ده جلال,412861,6
61950,3236,حاجی آبادابراهیم,412862,6
61951,3236,کریم آبادشهیکی,413152,6
61952,3236,عیسی آبادشهیکی,413154,6
61953,3236,رادوآبادشه بخش,413155,6
61954,3236,حبیب آبادشه بخش,413156,6
61955,3236,چاه گز,413157,6
61956,3236,ولی آباد,413158,6
61957,3236,ناگتک,413159,6
61958,3236,میان چاه,413160,6
61959,3236,چاه پوده,413161,6
61960,3236,حنجره,413162,6
61961,3236,چاه شیرخان,413163,6
61962,3236,پایگاه انتظامی الله آباد,414546,6
61963,3236,اله آباد,414547,6
61964,3236,چاه رحیم,414548,6
61965,3236,پاگ,414979,6
61966,3236,علی آباد,416335,6
61967,3236,شندگنان,416340,6
61968,3236,حوض انبار,711644,6
61969,3236,شاشکان,711645,6
61970,3236,گل کن,711646,6
61971,3236,کافه جنگیان,811888,6
61972,3236,پایگاه انتظامی جنگیان,811889,6
61973,3236,الله آباد,842118,6
61974,3236,حسین آبادشیهکی,842119,6
61975,3236,گونستان,842588,6
61976,3236,موتورحمزه شه بخش,911441,6
61977,3236,موتورشمشیر,911442,6
61978,3236,موتورنورمحمدنارویی,911443,6
61979,3236,موتورنظر,911444,6
61980,3237,ابراهیم آباد,185759,6
61981,3237,آبگرم(چاه آبگرم),185760,6
61982,3237,آسان کوک,185761,6
61983,3237,اسپوست,185762,6
61984,3237,اسپی دز,185764,6
61985,3237,الماپ محمدآباد,185766,6
61986,3237,المدین,185767,6
61987,3237,بسونی,185770,6
61988,3237,پس رمگ,185771,6
61989,3237,پنساره,185772,6
61990,3237,پوزه باغ,185773,6
61991,3237,پیرکله,185774,6
61992,3237,تچکان,185775,6
61993,3237,تشت مکسان,185776,6
61994,3237,تشت,185777,6
61995,3237,تنهک,185778,6
61996,3237,تیغ آب,185779,6
61997,3237,جوژک,185781,6
61998,3237,چاه زاگ,185784,6
61999,3237,چاه قربان,185786,6
62000,3237,چاهان,185787,6
62001,3237,چاهوک,185788,6
62002,3237,خشکی,185790,6
62003,3237,درآهو,185791,6
62004,3237,درپنیری,185792,6
62005,3237,درچاهی,185793,6
62006,3237,دردزدان,185794,6
62007,3237,درودک,185795,6
62008,3237,درگیابان,185796,6
62009,3237,دره کشکین,185797,6
62010,3237,ده دادل,185799,6
62011,3237,ده رحیم,185800,6
62012,3237,ده نجیم,185802,6
62013,3237,رنگنی,185804,6
62014,3237,رودخانه روستا,185805,6
62015,3237,سرگاه,185806,6
62016,3237,سر تاپ,185807,6
62017,3237,سیاه گر,185808,6
62018,3237,شسران,185809,6
62019,3237,شندک,185810,6
62020,3237,شور,185811,6
62021,3237,علی آباد,185815,6
62022,3237,علی آبادملنگ,185816,6
62023,3237,کرکوکان,185818,6
62024,3237,کرودان,185820,6
62025,3237,کسوردان,185821,6
62026,3237,کشک,185822,6
62027,3237,کلک,185823,6
62028,3237,گوانزبالا(کوه خضر),185824,6
62029,3237,گزهک,185827,6
62030,3237,گسک,185828,6
62031,3237,گنج آباد,185830,6
62032,3237,گوانزپایین,185831,6
62033,3237,گیمان,185832,6
62034,3237,لوترک,185833,6
62035,3237,حاجی آباد(مادرمکسان),185834,6
62036,3237,مچ رزان,185835,6
62037,3237,محمدآباد,185836,6
62038,3237,مکسان,185837,6
62039,3237,مدهان,185838,6
62040,3237,میرگلی,185839,6
62041,3237,ناجگ,185840,6
62042,3237,نرازاد,185841,6
62043,3237,چاه یارمحمد,270137,6
62044,3237,شندملا,410385,6
62045,3237,ده زنگو,410386,6
62046,3237,دهنو,410387,6
62047,3237,گربودار,410388,6
62048,3237,موکی,410391,6
62049,3237,کرکیدر,410392,6
62050,3237,سرابک,410395,6
62051,3237,پادرنگ,410396,6
62052,3237,جک,410397,6
62053,3237,چاه مراد,410398,6
62054,3237,سنگری,410399,6
62055,3237,چاه کنر,410400,6
62056,3237,چاه کمال,410401,6
62057,3237,کدو,410402,6
62058,3237,هوژاری,410403,6
62059,3237,پیرک,410404,6
62060,3237,جگان,410410,6
62061,3237,بانده,410411,6
62062,3237,چاه گمشاد,410412,6
62063,3237,زهیرآباد,410413,6
62064,3237,کلک سری,410414,6
62065,3237,سنگ لک,410416,6
62066,3237,کلهداد,410418,6
62067,3237,عزیزآباد,410420,6
62068,3237,ملک مراد,410421,6
62069,3237,اسدآباد,410422,6
62070,3237,استخرک,410424,6
62071,3237,چاهک,410425,6
62072,3237,تنگ راهین,410426,6
62073,3237,کهورک استخرک,410427,6
62074,3237,کرمانچی,410429,6
62075,3237,اسپیدآباد,411015,6
62076,3237,کنارک,411016,6
62077,3237,تیره خیرآباد,411017,6
62078,3237,چاهوک محراب,412849,6
62079,3237,چاه حیدر,412857,6
62080,3237,پتکوهی,412863,6
62081,3237,چاه میرآباد,412864,6
62082,3237,شورک,413147,6
62083,3237,مچک,413148,6
62084,3237,سراب,413150,6
62085,3237,بارک آباد,413151,6
62086,3237,بدک,414096,6
62087,3237,چاه ترش,414097,6
62088,3237,معدن سنگ درگیابان,414549,6
62089,3237,معدن سنگ چاه ترش,414550,6
62090,3237,سرگروک,416344,6
62091,3237,کاسکین,416345,6
62092,3237,شیردل آباد,416346,6
62093,3237,چکلان,711640,6
62094,3237,کهورک ملنگ,811098,6
62095,3237,بزجری,811763,6
62096,3237,مرغداری هوشنگ اربابی,842120,6
62097,3237,مرغداری حمیدپرمر,842121,6
62098,3237,مرغداری محمدبخش گلشن,842122,6
62099,3237,مرغداری علی بیابانی,842123,6
62100,3237,مرغداری جنگی سهراب زهی,842124,6
62101,3237,مرغداری محمداربابی,842125,6
62102,3237,مرغداری سعیدمهدیان,842126,6
62103,3237,کیال آبادسیاه بند,842127,6
62104,3237,میدان سیاه بند,842410,6
62105,3237,مرکزتحقیقات منابع طبیعی,911378,6
62106,3237,داری,911445,6
62107,3237,گتی,911446,6
62108,3237,نوک آباد(توحیدآباد),911447,6
62109,3237,گرگاوکش,911448,6
62110,3237,زه لمپان,911449,6
62111,3237,پاسگاه کاسکین,911450,6
62112,3237,پیشک,911451,6
62113,3238,ابتر,189430,6
62114,3238,احمدآباد,189433,6
62115,3238,ازمن آباد,189434,6
62116,3238,آسانو,189435,6
62117,3238,سرایدان,189447,6
62118,3238,قادرآباد,189453,6
62119,3238,کتوکان,189455,6
62120,3238,کلیران,189457,6
62121,3238,گلشهر,189460,6
62122,3238,گنج آباد,189461,6
62123,3238,سوروگو,189473,6
62124,3238,حومیتی(همیتی),189475,6
62125,3238,کروچی(زراگن),189489,6
62126,3238,کهن دکال,189491,6
62127,3238,گورناک,189497,6
62128,3238,مزرعه نوک بند,189506,6
62129,3238,ناصرآبادسیاتی کلات,189508,6
62130,3238,توکر,410271,6
62131,3238,ناصرآباد,410272,6
62132,3238,هپچکان,410274,6
62133,3238,بزماهی,410275,6
62134,3238,منجین,410276,6
62135,3238,گی شیچ,410277,6
62136,3238,کلیری,410330,6
62137,3238,سیاه تی کلات,410331,6
62138,3238,نلی,410332,6
62139,3238,موتورامیر(شیزاردر),412486,6
62140,3238,شیرین پتان,412487,6
62141,3238,گروکی,412489,6
62142,3238,گیتی,412491,6
62143,3238,وش آپی,412493,6
62144,3238,کرگوک,412494,6
62145,3238,روحی,412502,6
62146,3238,سهران,413112,6
62147,3238,نوک آباد,413988,6
62148,3238,کوسیچی,413991,6
62149,3238,همیتی,413992,6
62150,3238,هرمز,414058,6
62151,3238,بندوک,414104,6
62152,3238,راهون برن,414105,6
62153,3238,ندگ دان,414106,6
62154,3238,آب ماران,414957,6
62155,3238,شرکت تعاونی مرغداری 834جهاد,416388,6
62156,3238,مرغداری ایرانشهر,416389,6
62157,3238,سورچاهان,811689,6
62158,3238,موتورمولوی ابراهیم,911452,6
62159,3238,موتورابراهیم رکنی,911453,6
62160,3238,مرغداری ستوده,911454,6
62161,3238,موتوربرکت خان(حسن گنوک),911455,6
62162,3239,اله آباد,186702,6
62163,3239,خیرآباد,186754,6
62164,3239,باغ چاه,189593,6
62165,3239,فازیک کارگاهی(بافت بلوچ),189594,6
62166,3239,بغدانیه,189595,6
62167,3239,تمپ ریگان,189597,6
62168,3239,چاه جمال,189598,6
62169,3239,خلیل آباد,189599,6
62170,3239,سدبمپور,189602,6
62171,3239,سرزه ایرانشهر,189604,6
62172,3239,سرکهوران,189605,6
62173,3239,سوراب,189606,6
62174,3239,نوک آبادسرهنگ,189607,6
62175,3239,شهردراز,189608,6
62176,3239,کورکلکیان,189616,6
62177,3239,موتوردانا,189617,6
62178,3239,موتوراحمدبلوچی,189621,6
62179,3239,موتورسیدمحمد,189624,6
62180,3239,موتورخدابخش زردکوهی,189625,6
62181,3239,موتورعلیزاده(علی آباد),189626,6
62182,3239,موتورعیسی آباد,189627,6
62183,3239,موتوراله بخش,189629,6
62184,3239,موتورمحمدزمان,189630,6
62185,3239,کارخانه آسفالت,410318,6
62186,3239,زندان مرکزی,410321,6
62187,3239,رسول آباد,410324,6
62188,3239,موتورعبدالغنی بهادری,410326,6
62189,3239,گاوداری امیری,410327,6
62190,3239,نوک آباد,410328,6
62191,3239,ناصرآباد,410339,6
62192,3239,موتوربرنایون,410340,6
62193,3239,کارخانه اجرماشینی,410341,6
62194,3239,شرکت کشت و دام ایرانشهر,410342,6
62195,3239,پایگاه انتظامی,410343,6
62196,3239,موتوریونس شهنوازی,410344,6
62197,3239,موتورخیرمحمدشهردرازی,410345,6
62198,3239,موتوررحیم,410346,6
62199,3239,موتورمحمدشاهو(حاج خدابخش زردکوهی),410347,6
62200,3239,موتورجعفر,410348,6
62201,3239,موتورچنگیز(رحیم آبادسوراپ),410349,6
62202,3239,موتورحاتم,410351,6
62203,3239,موتورکریم خان,410352,6
62204,3239,موتورآصف,410353,6
62205,3239,موتورحاجی امید,410354,6
62206,3239,موتورصاحب خان,410355,6
62207,3239,موتورنبی سارانی,410356,6
62208,3239,موتورحاجی شهسوار,410360,6
62209,3239,کلینگ حسن خانی,410363,6
62210,3239,فازدوکارگاهی(شرکت جهادزمزم),410366,6
62211,3239,کریم آباددوراهی سد,410372,6
62212,3239,شهرک صنعتی ایرانشهر,410373,6
62213,3239,موتورغلام شاه,410376,6
62214,3239,موتوردوشنبه دوستکام(حاجی آباد),410377,6
62215,3239,موتوردرا,410378,6
62216,3239,موتورمحمدرضاگرگیج,410379,6
62217,3239,فرودگاه,410380,6
62218,3239,موتورایمان زردکوهی,412463,6
62219,3239,موتورحاجی گل محمدبرهانزهی(موتورعبدالناصربرهانزهی),412464,6
62220,3239,موتورعظیم برهانزهی,412465,6
62221,3239,موتورحاج شاهک کلکلی,412472,6
62222,3239,موتورمحمدحسین کلکلی(هول آباد),412473,6
62223,3239,کل چات,413103,6
62224,3239,گاوداری کیانی,413115,6
62225,3239,موتورحیات,413119,6
62226,3239,گراوان نایگون(کلنگان),413120,6
62227,3239,آواران,413121,6
62228,3239,انباری,413123,6
62229,3239,سکن,413124,6
62230,3239,موتورخدامراددادگر,413125,6
62231,3239,موتورعبدالرحمان پی خواسته,413126,6
62232,3239,سرخ بان,413130,6
62233,3239,سی تل,413131,6
62234,3239,دو راهی سد,413133,6
62235,3239,گاوداری داوری,413998,6
62236,3239,علی آباد,413999,6
62237,3239,شرکت نفت,414027,6
62238,3239,کوره رییسی,414030,6
62239,3239,مشاع گلستان,414059,6
62240,3239,شرکت شن وماسه آرمان,414062,6
62241,3239,شرکت شندان,414063,6
62242,3239,هناروک,414067,6
62243,3239,سبزانی,414069,6
62244,3239,اسپتکی,414070,6
62245,3239,پتکانی دپ,414071,6
62246,3239,ریزبرین,414072,6
62247,3239,موتور میربل,414073,6
62248,3239,اناردر,414077,6
62249,3239,موتورمرادبخش نارویی,414079,6
62250,3239,موتورسیدشاهک زهی,414570,6
62251,3239,موتورحاج علی صلاحزهی,414571,6
62252,3239,پتکوکی,414574,6
62253,3239,مزرعه رزی,414575,6
62254,3239,رودان,414576,6
62255,3239,مزرعه بن کوه,414577,6
62256,3239,مزرعه کشاورزی نوذری,414579,6
62257,3239,موتورحنیف شه بخش,414946,6
62258,3239,کوره عبدالرشیدبلوچی,414963,6
62259,3239,موتورمحمدحسین شهلی بر(1),414966,6
62260,3239,کوره حبیب ریگی,414968,6
62261,3239,موتورنادرشاهک زهی,414973,6
62262,3239,پرکن,415356,6
62263,3239,پلنگانی,416354,6
62264,3239,کوره حاج نبی سارانی,416355,6
62265,3239,طرح آبرسانی نیروگاه بخار,416356,6
62266,3239,کلوبچوک,416357,6
62267,3239,رحمان آباد,416358,6
62268,3239,سرزه,416359,6
62269,3239,موتورغلامحسین ایران,416361,6
62270,3239,موتورولی برهانزهی,416362,6
62271,3239,میثم آباد,416363,6
62272,3239,موتورحاتم رودینی,416365,6
62273,3239,موتورولی کلکلی(عبدالواحد),416366,6
62274,3239,موتورپیرمحمدبرهانزهی,416367,6
62275,3239,موتورشیخ محمدمحمودی,416368,6
62276,3239,موتورحاج خدارحم شه بخش(1),416370,6
62277,3239,موتورملاوحیدکلکلی,416372,6
62278,3239,موتورخدابخش قادری,416375,6
62279,3239,مجتمع گلخانه ابتر,416384,6
62280,3239,موتورنبی بخش بلوچ زهی,416884,6
62281,3239,موتوردرمحمدجمشید زهی,416885,6
62282,3239,موتورشریف خان,416886,6
62283,3239,موتوروهاب کلکلی,416887,6
62284,3239,کلینک اعظم خانی,711420,6
62285,3239,کلینک تاج محمدخانی,711421,6
62286,3239,حسین آباد,711571,6
62287,3239,موتوراسلم بیجارزهی,711618,6
62288,3239,آب علی,711647,6
62289,3239,موتورعبدل الخالق درزاده,711648,6
62290,3239,موتورحاجی کریم بخش,711693,6
62291,3239,موتورقدرت اله جمالزهی,711694,6
62292,3239,بلال آباد,711858,6
62293,3239,موتوراحمدتوحیدی,711889,6
62294,3239,موتورعبدالرشیدبلوچی,711916,6
62295,3239,موتورحلیم خاشی,811679,6
62296,3239,نورآباد,811680,6
62297,3239,موتورخدامراد هاشمزهی(هاشم آباد),811690,6
62298,3239,موتورعبدالغفورقلندرزهی,811691,6
62299,3239,موتورحاج یارمحمدزردکوهی(1),811993,6
62300,3239,موتورحاج حمیدزردکوهی,811994,6
62301,3239,موتورحاج یارمحمدزردکوهی(2),811995,6
62302,3239,موتوریوسف میربلوچزهی,811996,6
62303,3239,ایستگاه شرکت گاز,811997,6
62304,3239,موتوراعظم زردکوهی,811998,6
62305,3239,موتورحاج یحیی,811999,6
62306,3239,موتورعبدالصمدسپاهی,842104,6
62307,3239,موتورجان محمدهنزرانی,842128,6
62308,3239,موتورولی محمدبلوچی,842129,6
62309,3239,موتورحاج خدادادشه بخش,842130,6
62310,3239,کلتپاکی(شمال),842131,6
62311,3239,مرغداری بخشی,842243,6
62312,3239,عظیم آباد,842269,6
62313,3239,موتورحاجی نجات اله بلوچی,842331,6
62314,3239,خالدآباد,842332,6
62315,3239,شریف آباد,842344,6
62316,3239,ربیگان,842345,6
62317,3239,ملک آباد,842346,6
62318,3239,موتوررستم سندک زهی,842347,6
62319,3239,موتورعبدالباقی زردکوهی,842348,6
62320,3239,کهوران دپ هوا,842349,6
62321,3239,طاهرآباد,842350,6
62322,3239,موتورعیدمحمد,842351,6
62323,3239,مصطفی آباد,842352,6
62324,3239,مهراب آباد,842526,6
62325,3239,مهرآباد(ابراهیم آباد),842529,6
62326,3239,کریم آباد,911814,6
62327,3239,الله آباد,911815,6
62328,3239,موتورحاج نبی یارمحمدزهی,911846,6
62329,3239,موتورارسلان,911847,6
62330,3239,موتورمیرجان محمودی,911848,6
62331,3239,موتورزردکوهی,911849,6
62332,3239,موتورمرادبرهانزهی,911850,6
62333,3239,موتورعبدالرحمان برهانی,911851,6
62334,3239,موتورعلی برهانزهی,911852,6
62335,3239,موتورحاج قاسم شهنوازی,911853,6
62336,3239,موتورحاج احمدصلاح زهی,911854,6
62337,3239,موتورحاج خیرمحمدرحمانی,911855,6
62338,3239,موتورحبیب ربانی,911856,6
62339,3239,موتورعمربرهانزهی,911857,6
62340,3239,موتورنارویی,911858,6
62341,3239,موتوریارمحمدکریمزایی,911859,6
62342,3239,موتورجماکلکلی,911860,6
62343,3239,موتورحاج فقیرشه بخش,911861,6
62344,3239,موتورحاج درمحمدقنبرزهی,911862,6
62345,3239,موتورحاج خلیل زردکوهی,911863,6
62346,3239,موتورولی کلکلی,911864,6
62347,3239,موتورغلام قادربامری,911865,6
62348,3239,موتورخان محمدبرهانی,911866,6
62349,3239,موتورحاج سلیمان برهانزهی,911867,6
62350,3239,موتوردوست محمدآهورانی,911868,6
62351,3239,موتوربهمن آهورانی,911869,6
62352,3239,موتورحمزه بلوچی,911870,6
62353,3239,موتورمرادشاهک زهی,911871,6
62354,3239,موتورامیرصلاح زهی,911872,6
62355,3239,موتورمرادشهنوازی,911873,6
62356,3239,موتورشهدادشاهک زهی,911874,6
62357,3239,موتورحاج احمدشه بخش,911875,6
62358,3239,موتورعیسی ریگی,911876,6
62359,3239,مزرعه کشاورزی گرگیج,911877,6
62360,3239,شرکت شن وماسه صدف,911878,6
62361,3239,شرکت شن وماسه گلدانه,911879,6
62362,3239,مرغداری اله بخش نارویی,911880,6
62363,3239,موتورمحموددلاوری,911881,6
62364,3239,شرکت شن وماسه بتون ایرانشهر,911882,6
62365,3239,موتوررودینی,911883,6
62366,3239,موتوردکالی,911884,6
62367,3239,گلخانه بهادری,911885,6
62368,3239,موتورمحمدرضا زردکوهی,911886,6
62369,3239,موتورخداداد زردکوهی,911887,6
62370,3239,موتورایوب زردکوهی,911888,6
62371,3239,موتورعبدالخالق برهانزهی,911889,6
62372,3239,موتورشنبه لشکری,911890,6
62373,3239,پارک جنگلی(موتوراشرف شهنوازی),911891,6
62374,3239,آب معدنی گوارا مکران,911892,6
62375,3239,موتورکمالزهی,911893,6
62376,3239,یوسف آباد,911894,6
62377,3239,بیرجت,911895,6
62378,3239,دل جوی,911896,6
62379,3239,موتوردوست محمدآهورانی نایگون,911897,6
62380,3239,کهیری,911898,6
62381,3239,مندایی,911899,6
62382,3239,ریدگی,911900,6
62383,3239,موتورشهداد آهورانی,911901,6
62384,3239,اسپتکی پلنگانی,911902,6
62385,3239,تشت,911903,6
62386,3239,پتکانی,911904,6
62387,3239,موتوردادکریم بلوچی,911905,6
62388,3239,ایستگاه پمپاژ آب,911906,6
62389,3239,موتورعبدالمجیدزردکوهی(جنگی خان),911907,6
62390,3239,موتورحاتم آهورانی,911908,6
62391,3239,موتورامان اله نایکونی,911909,6
62392,3239,موتوراحمدصلاحزهی,911910,6
62393,3239,موتورحاج علی نارویی,911911,6
62394,3239,موتورسپاهی,911912,6
62395,3239,موتورحاج خدارحم شه بخش(2),911913,6
62396,3239,موتورمحمدحسین شهلی بر,911914,6
62397,3239,موتورگل محمداربابی,911915,6
62398,3239,موتورعبدالکریم شهلی بر,911916,6
62399,3239,موتوراسماعیل سپاهی,911917,6
62400,3239,موتورملاوحید,911918,6
62401,3239,موتورمولوی عبدالسلام(1),911919,6
62402,3239,موتورمولوی عبدالسلام(2),911920,6
62403,3239,موتورمولوی عبدالسلام (3),911921,6
62404,3239,کوره عبدالغنی سپاهی,911922,6
62405,3239,کوره شهداد,911923,6
62406,3239,کوره گل محمد کلکلی,911924,6
62407,3239,کوره عبدالرضا ریگی,911925,6
62408,3239,کوره ولی کریمی,911926,6
62409,3239,کوره مولوی کلکلی,911927,6
62410,3239,کوره ظریف ریگی,911928,6
62411,3239,کوره حاج احمد استاد,911929,6
62412,3239,کوره عبداله کلکلی,911930,6
62413,3239,کوره بلوچستان,911931,6
62414,3239,کوره حاج شربت,911932,6
62415,3239,کوره حاج عزیز,911933,6
62416,3239,کوره رسول,911934,6
62417,3239,موتورآب,911935,6
62418,3239,موتورعید,911936,6
62419,3239,موتوربگم فخیره,911937,6
62420,3239,موتورحاج حنیف شه بخش,911938,6
62421,3239,موتورلهدادگرگیج,911939,6
62422,3239,موتوربلوچی,911940,6
62423,3239,کوره ملاوحید کلکلی,911941,6
62424,3239,دانشگاه ایرانشهر,911942,6
62425,3239,فرستنده رادیویی ایرانشهر,911943,6
62426,3239,موتورخدابخش برهانزهی,911944,6
62427,3239,احسان آباد,911973,6
62428,3239,زنگویی,911980,6
62429,3240,بلوچکان,189680,6
62430,3240,بنوک,189681,6
62431,3240,چاهان,189684,6
62432,3240,دتک,189685,6
62433,3240,دره سیه تپی,189686,6
62434,3240,ده ولوک,189687,6
62435,3240,دامن(زهلنفان),189688,6
62436,3240,سایگان,189689,6
62437,3240,سرجوب,189690,6
62438,3240,شیبان,189693,6
62439,3240,شیرآباد,189694,6
62440,3240,قلعه تاروان,189698,6
62441,3240,کج,189699,6
62442,3240,کچ کورین,189700,6
62443,3240,کجکوش,189701,6
62444,3240,کرهمید,189702,6
62445,3240,کوران سفلی,189705,6
62446,3240,کوران علیا,189706,6
62447,3240,کورچور,189707,6
62448,3240,کهنو,189710,6
62449,3240,محمودآباد,189711,6
62450,3240,مرآباد,189712,6
62451,3240,کهورکوت,189719,6
62452,3240,مزرعه گاگور,189720,6
62453,3240,مزرعه حیط,189721,6
62454,3240,ملک آباد,410304,6
62455,3240,کلگ پایین,410305,6
62456,3240,کلگ بالا,410306,6
62457,3240,زیارت,410307,6
62458,3240,کلگ جهلی,410308,6
62459,3240,دستکرتوک,410309,6
62460,3240,کلگ سری,410310,6
62461,3240,کلگ بگ,410311,6
62462,3240,سکن,410312,6
62463,3240,گزان اشه ای,410316,6
62464,3240,قنات اله آباد,410317,6
62465,3240,لوپ جاهی,911374,6
62466,3241,آبادان,189678,6
62467,3241,آبچکان,189679,6
62468,3241,پازرد,189682,6
62469,3241,پیرانچ,189683,6
62470,3241,شمس آباد,189692,6
62471,3241,قادرآباد,189697,6
62472,3241,کوچه,189704,6
62473,3241,کوهیگان سری,189708,6
62474,3241,کوهیگان جهلی,189709,6
62475,3241,بلبلو,189713,6
62476,3241,مزرعه بیرچنگ,189714,6
62477,3241,قادرآبادصادقی,189716,6
62478,3241,مورتان,189722,6
62479,3241,چادربیان,410303,6
62480,3241,وپکو,410313,6
62481,3241,افضل آباد(راست آباد),410314,6
62482,3241,شورگو,413995,6
62483,3241,حاجی آباد,413996,6
62484,3241,صلاح الدین کلات,911439,6
62485,3241,خیرآباد,911440,6
62486,3242,بله سر,190988,6
62487,3242,شیران,191033,6
62488,3242,کچو,191044,6
62489,3242,کمبل سلیمان,191049,6
62490,3242,پاسگاه لیپار,191054,6
62491,3242,بهاران,191058,6
62492,3242,گوران کش جماعت,191059,6
62493,3242,گوران کش عبدالرحمان,191060,6
62494,3242,گوران کش ملاگهرام,191061,6
62495,3242,رمین,191608,6
62496,3242,کمپ مراد آباد,191610,6
62497,3242,لیپار,410789,6
62498,3242,ماشی,410791,6
62499,3242,پاسگاه کچو,410793,6
62500,3242,پلانی,410795,6
62501,3242,مسجدکمال خان,410796,6
62502,3242,شرکت طریق القدس,410797,6
62503,3242,کمبل کریم بخش,410801,6
62504,3242,کمبل بالاد,410802,6
62505,3242,کمبل دلمراد,410803,6
62506,3242,احمدآباد,711412,6
62507,3242,احمدآبادرمین,811293,6
62508,3242,عثمان آباد,842134,6
62509,3243,پرومی حاجی حیدر,190998,6
62510,3243,مردان حیدری,191011,6
62511,3243,دمبدف مرادی,191014,6
62512,3243,تیسکوپان,191036,6
62513,3243,کمبل محمدعظیم,191047,6
62514,3243,گومازی عثمان(گومازی شیرک),191053,6
62515,3243,وشنام شهداد,191062,6
62516,3243,گومازی سنجر,191063,6
62517,3243,گومازی فقیر,191064,6
62518,3243,وشنام اسحاق,191065,6
62519,3243,میرآباد,191072,6
62520,3243,وشنام حاجی رمضان,191079,6
62521,3243,وشنام حیدر صالح زهی,191080,6
62522,3243,وشنام دوست محمد,191081,6
62523,3243,وشنام فقیرمحمد,191082,6
62524,3243,گومازی کوثر(کوثرملازهی),191083,6
62525,3243,وشنام دری,191084,6
62526,3243,وشنام میرگل,191085,6
62527,3243,افغان,191607,6
62528,3243,تیس,191609,6
62529,3243,دمبدف عثمان,410771,6
62530,3243,دمبدف میران,410772,6
62531,3243,دمبدف (دمبدف شفیع محمد),410773,6
62532,3243,وشنام احمد سنجر,410774,6
62533,3243,گومازی صالح,410775,6
62534,3243,گومازی جاری بازاردادخدا,410776,6
62535,3243,وشنام مرید,410777,6
62536,3243,کارگاه شرکت اسپی دز,410779,6
62537,3243,پلیس راه چابهار,410780,6
62538,3243,لکی,410781,6
62539,3243,کهیرکندحاج خداداد,410784,6
62540,3243,تیسکوپان حاج سلیمان,410785,6
62541,3243,خانه های چهارشنبه(شیردل),410786,6
62542,3243,مغازه های اله بخش,410800,6
62543,3243,نوک آباد,414605,6
62544,3243,گیرنده تلویزیون,414606,6
62545,3243,وشنام خیر محمد,414609,6
62546,3243,پلاژساحلی(منطقه آزاد چابهار),415004,6
62547,3243,ساحل گاز,416462,6
62548,3243,شرکت ایران دمبدف,416475,6
62549,3243,عمرحوت(وشنام محمدحوت),416883,6
62550,3243,گومازی عبدالکریم,711408,6
62551,3243,دمبدف دوستین,711409,6
62552,3243,نمرآباد(پرومی حاجی ابراهیم),711410,6
62553,3243,نوکبند,711411,6
62554,3243,نیروگاه برق,711413,6
62555,3243,شهرک صنعتی,711414,6
62556,3243,وشنام محمدحسین,711415,6
62557,3243,وشنام خدابخش,711434,6
62558,3243,شرکت صدرا امید,711852,6
62559,3243,وشنام نورمحمد,842116,6
62560,3243,گومازی حاجی عیسی(حسین),842266,6
62561,3244,رانک,191019,6
62562,3244,الله داد زهی,191192,6
62563,3244,آدم آباد بلوچی نو,191199,6
62564,3244,بنگل زهی,191202,6
62565,3244,بوتی بالا,191203,6
62566,3244,بوتی پایین (بوتی نور محمد ),191204,6
62567,3244,پلکان,191207,6
62568,3244,غلام محمدبازار,191213,6
62569,3244,جادو زهی حاجی پیری,191214,6
62570,3244,کوه دیم بالا,191215,6
62571,3244,جماعت زهی,191216,6
62572,3244,چاکرزهی,191217,6
62573,3244,چیلسر,191218,6
62574,3244,کورسر,191219,6
62575,3244,چوکات پایین,191220,6
62576,3244,چوکات بالا,191221,6
62577,3244,چوکات وسط,191222,6
62578,3244,حسین بازار پلان,191223,6
62579,3244,فقیرزهی مرادبازار,191228,6
62580,3244,داد رحمان بازار (کلمتی ),191229,6
62581,3244,رادوپایین,191234,6
62582,3244,ساندک زهی بالا,191244,6
62583,3244,ساندک زهی پایین,191245,6
62584,3244,سلوربازار,191246,6
62585,3244,سوماربار(سیدبارجدگال),191250,6
62586,3244,سومارزهی,191251,6
62587,3244,سید بار,191253,6
62588,3244,شمل بازار,191256,6
62589,3244,صدیق زهی,191258,6
62590,3244,عبدک زهی,191259,6
62591,3244,عرب زهی,191260,6
62592,3244,عیسی بازار,191262,6
62593,3244,عثمان بازار,191263,6
62594,3244,فقیرزهی خان محمدبازار,191264,6
62595,3244,گار کندی,191265,6
62596,3244,کموبازار,191270,6
62597,3244,کوه دیم نوک آباد,191271,6
62598,3244,گزانی تاج محمد,191273,6
62599,3244,گزانی پایین,191274,6
62600,3244,گندوبازار,191276,6
62601,3244,گیتیگ,191277,6
62602,3244,للو بازار,191278,6
62603,3244,لاغرزهی,191280,6
62604,3244,ماندیرو,191282,6
62605,3244,محمدزهی,191283,6
62606,3244,مرادبازار,191284,6
62607,3244,مراد هیبتان بازار (کنر ),191285,6
62608,3244,مریداروبالا,191286,6
62609,3244,مریداروپایین,191287,6
62610,3244,مسافرزهی,191289,6
62611,3244,ملوک بازار,191290,6
62612,3244,ولی محمدبازار,191295,6
62613,3244,یارمحمدبازار,191296,6
62614,3244,یعقوب زهی,191297,6
62615,3244,یوسف زهی,191298,6
62616,3244,توحیدآباد,191304,6
62617,3244,دیگرو,410590,6
62618,3244,بند سرچوکات (دوست محمد ),410595,6
62619,3244,جادوزهی بوهیر,410647,6
62620,3244,دلمرادبازار,410648,6
62621,3244,رادو پلان (بالا ),410650,6
62622,3244,عیدو بازار,410651,6
62623,3244,دیول,410652,6
62624,3244,کهیرداری,410653,6
62625,3244,مرادمحمدبازار,410654,6
62626,3244,فقیرزهی نورمحمد,410655,6
62627,3244,کوه دیم پایین,410656,6
62628,3244,نندو آباد,410657,6
62629,3244,جان محمدبازار,410658,6
62630,3244,عباس بازار,410659,6
62631,3244,کهیربن عثمان بازار,410660,6
62632,3244,محراب بازار,410662,6
62633,3244,خیروک بازار,410663,6
62634,3244,مولابخش بازار,410664,6
62635,3244,عمرآباد,410665,6
62636,3244,بلوچی بالا,410666,6
62637,3244,بلوچی پایین,410667,6
62638,3244,سندباروزهی,410668,6
62639,3244,مولادادزهی,410669,6
62640,3244,قنبرزهی,413714,6
62641,3244,جمک بازار,414203,6
62642,3244,دنب سر,414205,6
62643,3244,فقیربازار,414589,6
62644,3244,شکیل آباد(معلم بازار),414591,6
62645,3244,پتی هان بازار,415007,6
62646,3244,ابراهیم حوت بازار,415008,6
62647,3244,الله نوبازار,415010,6
62648,3244,خیرک آباد,415011,6
62649,3244,نوک آباد,415012,6
62650,3244,چاکربازار,415014,6
62651,3244,حسین بازار,415015,6
62652,3244,هارون بازار,416441,6
62653,3244,جماالوکی بازار,416442,6
62654,3244,گارکندی رسول بخش بازار,416443,6
62655,3244,شیرمحمدبازار,416445,6
62656,3244,بندسرملااحمدبازار,416446,6
62657,3244,جما زهی کوه دیم (فقیر محمد بازار ),416447,6
62658,3244,چوکات عبدالکریم بازار,416877,6
62659,3244,شیخ ابراهیم بازارعربزهی,416878,6
62660,3244,عاروبازار,711416,6
62661,3244,سجرا,711417,6
62662,3244,ماندیروملاابراهیم,711418,6
62663,3244,شهدادبازار,711419,6
62664,3244,سیداحمدشاه بازار,711616,6
62665,3244,کریم آباد,711617,6
62666,3244,گارکندی یعقوب آباد,711851,6
62667,3244,جمازهی صالح,711855,6
62668,3244,کمب,811934,6
62669,3244,گزوکی,811935,6
62670,3244,حسین بازار گزانی,811937,6
62671,3244,اسماعیل بازار,842135,6
62672,3244,گزانی مولاداد,842213,6
62673,3244,رحمت آباد,842490,6
62674,3244,صفرآباد,842562,6
62675,3244,گزانی خان محمد,911153,6
62676,3245,بندگاه پیرسهراب,190990,6
62677,3245,بی بان زهی,190993,6
62678,3245,پاسگاه انتظامی پیرسهراب,190994,6
62679,3245,پیرسهراب,191000,6
62680,3245,دج دادخدا,191012,6
62681,3245,رگتی,191020,6
62682,3245,زهراب,191022,6
62683,3245,زیردج,191023,6
62684,3245,سردج دلمراد,191025,6
62685,3245,فتحعلی کلات,191039,6
62686,3245,کلسکان,191045,6
62687,3245,گمدادبازار,191057,6
62688,3245,لاتیدان,191066,6
62689,3245,ندکان مرادی,191074,6
62690,3245,ندکان شفیع محمد,191075,6
62691,3245,ندکان گورمی,191076,6
62692,3245,عورکی ملاعبدالرحمان,410604,6
62693,3245,شرکت آبادگسترپمپاژآب,410605,6
62694,3245,توجان,410606,6
62695,3245,حوشم(هوشمب),410607,6
62696,3245,بندسرترکانی,410608,6
62697,3245,ترکانی,410609,6
62698,3245,ریگ(دج شنبه),410612,6
62699,3245,دج جندو,410613,6
62700,3245,دج دگارو,410614,6
62701,3245,دج رحمت,410615,6
62702,3245,دج درابول,410616,6
62703,3245,ندکان شهداد,410617,6
62704,3245,عورکی بزرگ(خدابخش),412212,6
62705,3245,کچ,412521,6
62706,3245,نیام بیت پایین,412522,6
62707,3245,عثمان بازارعورکی,414210,6
62708,3245,موتورمولادادجدگال,414211,6
62709,3245,موتورمولابخش پیکن,414212,6
62710,3245,میرآباد,414214,6
62711,3245,فیض محمدبازار,414215,6
62712,3245,میران بازارعورکی,414216,6
62713,3245,دادرحمان جدگال بازار,414217,6
62714,3245,بل شمل,414218,6
62715,3245,پیربخش سوپک بازار,414220,6
62716,3245,موتورتاج محمدپاهنگ,414227,6
62717,3245,عورکی حاج عبداله بازار,414242,6
62718,3245,موتوردادمحمدراهبر,414243,6
62719,3245,موتوردادرحمن نالیتی,414244,6
62720,3245,موتورشیخ اسماعیل یزدان پناه,414245,6
62721,3245,موتوربرکت بلوچ,414246,6
62722,3245,عورکی عبدالرحمن درفشه بازار,414247,6
62723,3245,عورکی جما بازار,414252,6
62724,3245,نوهانی بازار,414255,6
62725,3245,مولابخش بازار,414256,6
62726,3245,موتور رسول بخش درکاله,414257,6
62727,3245,غلام محمدبازارعورکی,414597,6
62728,3245,دادرحمان بادفر,414601,6
62729,3245,ریس,415006,6
62730,3245,ایستگاه پمپاژآب کلسکان,416436,6
62731,3245,مراد محمد بازار (سه راهی تلنگ ),416440,6
62732,3245,برکت توش بازار,416880,6
62733,3245,فتی محمد درگشیده بازار,416882,6
62734,3245,زیارتگاه میاتوفیق,711425,6
62735,3245,نیام بیت بالا,711426,6
62736,3245,ایستگاه پمپاژآب,711427,6
62737,3245,ایستگاه پمپاژآب ندکان,711432,6
62738,3245,حاجی نور محمد خانزایی بازار,711490,6
62739,3245,مهراب بازار,811054,6
62740,3245,عورکی حاج آدم بازار,811055,6
62741,3245,نوازان خرم,811057,6
62742,3245,موتورحاجی درمحمد,811058,6
62743,3245,عورکی ملنگ بازار,811059,6
62744,3245,موتورجان محمددرکاله,811674,6
62745,3245,خدابخش ترکانی بازار,811892,6
62746,3245,خیرمحمدجامی زهی بازار,811923,6
62747,3245,عورکی شکربازار,811926,6
62748,3245,پیرمحمدبازارجد,811929,6
62749,3245,موتوراحمدجدگال,811930,6
62750,3245,موتور هارون امیری,811931,6
62751,3246,اسحاق بازار,190984,6
62752,3246,بجاربازار,190985,6
62753,3246,بریانی,190986,6
62754,3246,بناروحاجی شکر,190989,6
62755,3246,بنو,190991,6
62756,3246,بلنگی,190992,6
62757,3246,پتی,190997,6
62758,3246,چوتانی,191008,6
62759,3246,حسین زهی,191010,6
62760,3246,رادودج,191018,6
62761,3246,سایانی,191024,6
62762,3246,سیناچو,191028,6
62763,3246,شهدادبازار,191032,6
62764,3246,صفرزهی,191035,6
62765,3246,عثمان بازار,191037,6
62766,3246,کارانی,191040,6
62767,3246,لانیاری,410591,6
62768,3246,جنگارک پایین,410593,6
62769,3246,جنگارک بالا,410594,6
62770,3246,نور محمد بازار,410596,6
62771,3246,بناروعلی محمد,410597,6
62772,3246,اورعی,410598,6
62773,3246,دادرحمان بازار,410600,6
62774,3246,بندسر,410601,6
62775,3246,سیدی بازار,410602,6
62776,3246,کورکچ,410603,6
62777,3246,شفیع محمدبازار,414222,6
62778,3246,پنجشنبه بازار,414593,6
62779,3246,دوکو,414594,6
62780,3246,آچوبازار,416434,6
62781,3246,مرید بازار,416435,6
62782,3246,غلام محمد بازار,711423,6
62783,3246,میران بازار,711424,6
62784,3246,علی هیبتان بازار,711428,6
62785,3246,غلام محمدبازاربنارو,711429,6
62786,3246,عبدل بازار,711430,6
62787,3246,اسماعیل بازار,711431,6
62788,3246,بناروفقیربازار,711580,6
62789,3246,کوه دیم,711619,6
62790,3246,مزاربازار,711633,6
62791,3246,هالو بازار,811932,6
62792,3247,چه زار,193060,6
62793,3247,اسپتک حاجی غلام,193180,6
62794,3247,اسپتک مولوی,193181,6
62795,3247,استخر,193182,6
62796,3247,برابک,193183,6
62797,3247,بولانی,193184,6
62798,3247,پاول,193185,6
62799,3247,پاول گل شاه,193186,6
62800,3247,پوچ گلی,193187,6
62801,3247,تاجنان,193188,6
62802,3247,تپه لال محمد,193189,6
62803,3247,تودی,193192,6
62804,3247,چشمه رییس,193194,6
62805,3247,چکل,193195,6
62806,3247,خلبند,193196,6
62807,3247,دروک,193197,6
62808,3247,شهرک درودی,193198,6
62809,3247,درونه,193199,6
62810,3247,زاغک,193201,6
62811,3247,سرسارو,193203,6
62812,3247,سنگان علیا,193204,6
62813,3247,تراتی سنگ,193205,6
62814,3247,سولکی,193206,6
62815,3247,شونده,193208,6
62816,3247,کولکو,193210,6
62817,3247,گرز,193211,6
62818,3247,گزک,193212,6
62819,3247,ناک صدمنی,193214,6
62820,3247,ترشاب,193528,6
62821,3247,چاه زمان,193533,6
62822,3247,حاجی آباد,410881,6
62823,3247,تیاب,410883,6
62824,3247,سنگان سفلی,410886,6
62825,3247,کشیک,410887,6
62826,3247,خوشاب,410888,6
62827,3247,تراتی,412703,6
62828,3247,گورکانی,412704,6
62829,3247,گل کن,413866,6
62830,3247,امیدیه چه زار,413868,6
62831,3247,کله گروک(محمدآباد),414011,6
62832,3247,کندزرد,415114,6
62833,3247,تنگ وجگ,415115,6
62834,3247,گل گز,711559,6
62835,3247,نراب پدگی,711560,6
62836,3247,استخرپایین(قدیم),711562,6
62837,3247,مزار,711563,6
62838,3247,محمدآباددرودی,711612,6
62839,3247,علی آباد چه زار,811004,6
62840,3247,طایف(حاج شیرمحمد),811005,6
62841,3247,دومک,811006,6
62842,3247,انجیر تلخ,811718,6
62843,3247,امیرآباد,842114,6
62844,3247,چاه الله رسان,911154,6
62845,3247,کهنک,911180,6
62846,3247,ده زیرملستان,911181,6
62847,3247,کلی,911182,6
62848,3247,دره سیاه,911183,6
62849,3247,چکل بولانی,911184,6
62850,3247,مزرعه پور چنکی,911381,6
62851,3248,موتورزمان خان,192994,6
62852,3248,چاه کمال,192996,6
62853,3248,میرزاآباد,192997,6
62854,3248,رحمان آباد,192998,6
62855,3248,سعید آباد,192999,6
62856,3248,کارخانه آجرماشینی,193001,6
62857,3248,محمدآباددشت آبخوان,193002,6
62858,3248,موتورمراد,193014,6
62859,3248,ناصرآباد,193016,6
62860,3248,شیرآباد,193038,6
62861,3248,اسپیتک,193250,6
62862,3248,اگسک,193251,6
62863,3248,پدگان گلزار,193252,6
62864,3248,پی گل,193253,6
62865,3248,تشک,193254,6
62866,3248,چاه بلوچ خان,193257,6
62867,3248,اسلام آباد,193258,6
62868,3248,حسن آباد,193259,6
62869,3248,شهروک,193265,6
62870,3248,کارواندر,193268,6
62871,3248,کهن نوک,193269,6
62872,3248,کهنک,193270,6
62873,3248,گدوکان,193271,6
62874,3248,گزدیوان,193273,6
62875,3248,گونیچ,193274,6
62876,3248,گیدبست,193275,6
62877,3248,محمدآباد پدگان,193276,6
62878,3248,محمدآبادکارواندر,193277,6
62879,3248,نی پدان,193279,6
62880,3248,یوسف آباد,411036,6
62881,3248,قادرآباد(چاه صفر),411037,6
62882,3248,دوربن,411038,6
62883,3248,عباس آباد سیاه رشکک,411039,6
62884,3248,موتورشریف آباد,411040,6
62885,3248,موتورعبدالواحدسندک زهی,411042,6
62886,3248,موتورمحمدرحمت زهی,411043,6
62887,3248,موتورخان محمد,411045,6
62888,3248,موتورحاجی نیاز,411047,6
62889,3248,احمدآبادچاه دگال,411053,6
62890,3248,چاه حاجی محمدگل,411055,6
62891,3248,موتورلال محمد,411056,6
62892,3248,گل آبادسرتلاپ,411058,6
62893,3248,موتورحبیب,411059,6
62894,3248,تبرک,411062,6
62895,3248,محمدآباد,411063,6
62896,3248,ابگوشتوکان,411065,6
62897,3248,کوگ,411067,6
62898,3248,پایگاه تیغ آب,411068,6
62899,3248,گل شیر,411069,6
62900,3248,حیدرآباد,411070,6
62901,3248,کافه پی گل,411072,6
62902,3248,باقرآباد,411074,6
62903,3248,بجارآباد,411077,6
62904,3248,موتورامیرالمومنین,411078,6
62905,3248,اله آباد,411081,6
62906,3248,بیابانک نواب صفوی,411082,6
62907,3248,حبیب آباد,411084,6
62908,3248,امیرآباد,411085,6
62909,3248,گورمردان تیغ آب,411090,6
62910,3248,نورآبادسرتلاپ,412780,6
62911,3248,موتوردرمحمدسندک زهی,412783,6
62912,3248,محمدآبادچاه گاوی,412840,6
62913,3248,شریف آبادچه کان,412847,6
62914,3248,موتورمرادبخش شهنوازی,412892,6
62915,3248,موتورعیسی,413952,6
62916,3248,کریم آباد,413953,6
62917,3248,نظرآباد,414544,6
62918,3248,موتورمولاداد,415046,6
62919,3248,جوژی,415047,6
62920,3248,ولی آباد,415048,6
62921,3248,حسین آبادسوبایی,415049,6
62922,3248,نوک آباددشت آبخوان,415050,6
62923,3248,نورآباد ندگی,415051,6
62924,3248,موتورنورمحمدآباد,415055,6
62925,3248,چاه محمدرضا,415057,6
62926,3248,مشاع امیرحمزه,415064,6
62927,3248,محمدآبادسرتلاپ,415066,6
62928,3248,موتورحاجی اسلم براهویی,415067,6
62929,3248,سیکورک(لال بخش عیدوزهی),415068,6
62930,3248,اله آبادکارواندر,415070,6
62931,3248,تنگ هنزاب,415071,6
62932,3248,دره گرم (بی گل ),415073,6
62933,3248,کل گونک,415078,6
62934,3248,دره پیرسهرکان,415080,6
62935,3248,حسین آبادمیر,415082,6
62936,3248,موتور ملک قلندرزهی,416247,6
62937,3248,موتور خدارحم ریگی,416248,6
62938,3248,خلیل آباد,416249,6
62939,3248,موتور حاج قادربخش شه بخش,416250,6
62940,3248,نورآباددشت آبخوان,416251,6
62941,3248,موتورحاجی اله بخش قلندرزهی,416253,6
62942,3248,موتورمجیدشهلی بر(ولی محمد),416254,6
62943,3248,مهراب آبادآبخوان,416255,6
62944,3248,مشاع رمضان ریگی,416256,6
62945,3248,نوک آباد,416258,6
62946,3248,گرداک,416259,6
62947,3248,اکرام آباد,416260,6
62948,3248,شه میرآباد,711626,6
62949,3248,سلام آباد,711627,6
62950,3248,الله آباد,711938,6
62951,3248,توحیدآبادامین,711940,6
62952,3248,نظرآباددشت آبخوان,711959,6
62953,3248,جلال آبادچاه شهی,711960,6
62954,3248,موتورگل محمدنارویی,711977,6
62955,3248,الله آباد بالا,811019,6
62956,3248,عزیزآباد,811020,6
62957,3248,الله آبادتیغاب,842139,6
62958,3248,احمدآبادچاه شهی,842264,6
62959,3248,خلیل آبادچاه شهی,842265,6
62960,3248,چاه دادخدا,842329,6
62961,3248,ماده گون بالا,842336,6
62962,3248,ماده گون پایین,842337,6
62963,3248,حسین آبادتاگزوک,842390,6
62964,3248,تقی آباددشت آبخوان,842411,6
62965,3248,سرتلاپ,842424,6
62966,3248,موتور حاج خدایار,842531,6
62967,3248,محمدآبادتیغ آب(محمدکرد),911150,6
62968,3248,شیرآبادسرتلاپ,911268,6
62969,3248,حاجی آبادسرتلاپ(خانه های حاجی جما),911269,6
62970,3248,گیدبست بالا,911270,6
62971,3248,قنات باران (محمدآباد),911271,6
62972,3248,استراحتگاه کارواندر,911272,6
62973,3248,چاه بهرام,911273,6
62974,3248,موتورنبی اکرم,911274,6
62975,3248,موتوررحمان آباد,911275,6
62976,3248,شیرآباد(چاه دادمحمد),911276,6
62977,3248,موتورنوشیروان,911277,6
62978,3248,موتورحاجی جما,911278,6
62979,3248,موتورجلال محمودزهی,911279,6
62980,3248,مزرعه احمدآباد,911295,6
62981,3248,شهرک اسماعیل آباد,911296,6
62982,3248,حاجی آبادفردوس,911297,6
62983,3248,چاه عزیز محمودزهی,911298,6
62984,3248,عباس آباد,911299,6
62985,3248,موتورحاجی احمدقلندرزهی,911347,6
62986,3248,موتورملک اعظم عمرزهی,911348,6
62987,3248,موتور حاجی مهراب,911379,6
62988,3249,میرآبادپشت گرگ,192785,6
62989,3249,امیرآباددشت جارو,192790,6
62990,3249,ذوالفقارآباد,192797,6
62991,3249,نورآباددشت جارو,192800,6
62992,3249,موزن,192871,6
62993,3249,موتورحاج عبدالواحدریگی(نبی),193045,6
62994,3249,بوگ,193047,6
62995,3249,بیت آباد(بیات آباد),193048,6
62996,3249,جودین,193054,6
62997,3249,جوژک,193055,6
62998,3249,بهرام آباد,193056,6
62999,3249,موتورجلایی(شاه کرم ریگی),193057,6
63000,3249,درمحمدآباد,193058,6
63001,3249,چاه رحمت,193059,6
63002,3249,چاه سعادت طلایه,193061,6
63003,3249,موتورسهراب,193062,6
63004,3249,موتورسیاه مرد(غریب آباد),193063,6
63005,3249,خیرآباد,193064,6
63006,3249,موتورحاجی محمدعمر,193065,6
63007,3249,موتورملارضا,193066,6
63008,3249,چاه میرخان,193067,6
63009,3249,روستای خان بی بی,193069,6
63010,3249,موتورمولوی عبدالرحمان(خداآباد),193070,6
63011,3249,خدادادآباد,193071,6
63012,3249,رباط,193073,6
63013,3249,رحمت آباد,193074,6
63014,3249,سعیدآباد(سیدآباد),193077,6
63015,3249,قاسم آباد,193083,6
63016,3249,قادرآبادکلکلی,193087,6
63017,3249,کلکلی نو,193088,6
63018,3249,کمال آباد,193089,6
63019,3249,مزرعه محمدی,193092,6
63020,3249,موتورنواب ریگی تنها,193097,6
63021,3249,مهربان,193103,6
63022,3249,میرزاآباد,193104,6
63023,3249,ناصری,193106,6
63024,3249,نصرت آباد,193108,6
63025,3249,موتورحاجی پکیرمحمد,193119,6
63026,3249,شوگه,410842,6
63027,3249,پاسگاه انتظامی دوراهی ایرندگان,410843,6
63028,3249,حبیب آباد,410844,6
63029,3249,کارخانه سیمان خاش,410846,6
63030,3249,مشاع ده نواب,410847,6
63031,3249,موتورانوشیروان,410848,6
63032,3249,کوره حاجی قادر,410851,6
63033,3249,کوره حاج عثمان ریگی,410852,6
63034,3249,کوره حاجی قاسم براهویی,410853,6
63035,3249,محمودآباد(موتورآیت اله سعیدی),410858,6
63036,3249,چاه حاج خان محمدکرد,412542,6
63037,3249,حسین آباد(کوره حاج حسین جمشیدزهی),412733,6
63038,3249,موتور حاجی خان محمدکرد,412737,6
63039,3249,شهرک پیمان,412738,6
63040,3249,اناران,412744,6
63041,3249,کوره اله بخش ریگی,412893,6
63042,3249,برهان آباد(پندوک),412894,6
63043,3249,کوره نیک زادی,412895,6
63044,3249,بلال آباد(هاشم آباد),412896,6
63045,3249,کوره مرادجمشیدزهی,412897,6
63046,3249,موتور حاجی قاسم,412898,6
63047,3249,موتورحاج حیدربراهویی,412899,6
63048,3249,کوره حاج غلامرضا ابراهیمی,412900,6
63049,3249,شوراب,412901,6
63050,3249,بالی اناران,413846,6
63051,3249,علی آباد,413848,6
63052,3249,حسین آبادگرساز,413849,6
63053,3249,چاه کارخانه سیمان,413850,6
63054,3249,حسین آبادگرسازبوته گان,413851,6
63055,3249,الله آباد,413853,6
63056,3249,بامرآباد,413854,6
63057,3249,کوره خدابخش,414521,6
63058,3249,برهان آباد,414523,6
63059,3249,تل گزی,414524,6
63060,3249,مرغداری مرغک,414638,6
63061,3249,مرغداری پرندک دانه,414639,6
63062,3249,موتورچاکرشهنوازی(شهنور),414641,6
63063,3249,میرآباد,414642,6
63064,3249,مرغداری 413چوچه,415099,6
63065,3249,موتورحسن سلحشور,415102,6
63066,3249,گاوداری عبدالحمیدمحمدحسنی,415103,6
63067,3249,کوره ابراهیم جمالزهی(خداداد),415106,6
63068,3249,پمپ بنزین میلاد,416234,6
63069,3249,صمدآباد,416235,6
63070,3249,پرواربندی حاج دوست محمد,416236,6
63071,3249,مرغداری زربال هدهد,416237,6
63072,3249,کوره ملک خاتون ریگی,416281,6
63073,3249,کوره حاج رشید,416282,6
63074,3249,دادمحمدآباد,711561,6
63075,3249,دولت آباد,711613,6
63076,3249,چشمه قاسم,711614,6
63077,3249,نورآبادکلکلی(ریگ آباد),711715,6
63078,3249,دهکده اسماعیل,711964,6
63079,3249,چاه گرگین,811063,6
63080,3249,همت آباد,811064,6
63081,3249,قادرآباددشت جارو(موتور قادربخش),811065,6
63082,3249,موتورحاج احمدطلایه,811289,6
63083,3249,موتورخدابخش نارویی(حاجی عبداله),811290,6
63084,3249,عطامحمدیارمحمدزهی,811291,6
63085,3249,موتوراحمدشهنوازی,811292,6
63086,3249,اسپیتک,811594,6
63087,3249,شهسوارآباد,842140,6
63088,3249,کلکلی,842141,6
63089,3249,شریف آبادگره توره,842255,6
63090,3249,الله آبادآپک سیاهان,842256,6
63091,3249,نبی آباد,842257,6
63092,3249,محمدآباد,842258,6
63093,3249,انورآبادبوته گان,842282,6
63094,3249,احمدآباد,842328,6
63095,3249,شهرک کامران آباد,842461,6
63096,3249,عیدآباد,842537,6
63097,3249,شهرک عشایری دشت جارو,911143,6
63098,3249,موتورامیرهاشمزهی,911203,6
63099,3249,شهرک ناصری,911204,6
63100,3249,آپک سیاهان,911205,6
63101,3249,بوته گان,911206,6
63102,3249,موتورعیدمحمد,911208,6
63103,3249,پایانه باربری خاش,911209,6
63104,3249,کارگاه سنگ شکن اداره راه,911210,6
63105,3249,موتوربهمن شهلی بر,911211,6
63106,3249,کمپ اداره راه,911212,6
63107,3249,موتورعبدالرحمان,911213,6
63108,3249,موتوردوست محمدجمالزهی,911214,6
63109,3249,حاجی آباد,911215,6
63110,3249,چاه حاجی پکیرمحمد,911217,6
63111,3249,کوره مجیب الرحمان شهنوازی,911218,6
63112,3249,شهرک کلهر,911219,6
63113,3249,کوره حاج قاسم براهویی,911220,6
63114,3249,کوره حاج حیدربراهویی,911221,6
63115,3249,کوره حاج خدادادجمشیدزهی,911222,6
63116,3249,کوره حاج عیدمحمد,911223,6
63117,3249,کوره حاج خان محمدکرد,911224,6
63118,3249,موتورحاج مهراب قنبرزهی گرگیچ,911225,6
63119,3249,موتورحاجی قاسم براهویی,911226,6
63120,3249,علی آبادپایین,911256,6
63121,3249,عباس آباد,911257,6
63122,3249,رضاآباد,911258,6
63123,3249,موتورداریوش(رضا),911259,6
63124,3249,مجتمع تفریحی رحمان آباد,911260,6
63125,3249,عارف آباد,911261,6
63126,3249,محمودآباد,911262,6
63127,3249,مسجددوراهی گرنچین,911263,6
63128,3249,مسجداستخرو,911264,6
63129,3249,کوره سمیه هاشمزهی,911382,6
63130,3250,افتخارآباد,193043,6
63131,3250,اکبرآباد,193044,6
63132,3250,پادگان نظامی ارتش,193049,6
63133,3250,چاه سم,193050,6
63134,3250,غریب آباد,193053,6
63135,3250,خسروآباد,193072,6
63136,3250,رستم آباد,193075,6
63137,3250,اسپیتک,193076,6
63138,3250,موتورشهیدرجایی,193079,6
63139,3250,شهیدمدرس چاه سم,193080,6
63140,3250,عباس آباد,193081,6
63141,3250,قاسم آباد,193084,6
63142,3250,کروچی,193085,6
63143,3250,خیبرآباد,193086,6
63144,3250,محمودآباد,193093,6
63145,3250,مرادآباد,193094,6
63146,3250,جمهورآباد,193095,6
63147,3250,موتورانوشیروان,193096,6
63148,3250,موتورفجر(مولوی محمداسحق یاراحمدزهی),193098,6
63149,3250,موتور12فروردین,193100,6
63150,3250,موتور15خرداد,193101,6
63151,3250,نجف آباد,193107,6
63152,3250,نوش آباد,193109,6
63153,3250,همت آبادشکاری,193110,6
63154,3250,پیرکسری(نادرآباد),193483,6
63155,3250,ولی آبادکلچات,193494,6
63156,3250,استراحتگاه رانندگان,410864,6
63157,3250,منبع آب سازمان آب,410865,6
63158,3250,نیروگاه برق,410866,6
63159,3250,پاسگاه پلیس راه,410867,6
63160,3250,موتورسیدمختار,410869,6
63161,3250,ناصرآباد,410871,6
63162,3250,موتورحاجی گزابیک(مرادآباد),410874,6
63163,3250,تصفیه خانه آب ارتش,410875,6
63164,3250,محمدآباد,410877,6
63165,3250,علی آباد (مشاع خرمشهر),410879,6
63166,3250,محمدآبادکلچات,410880,6
63167,3250,نصیرآباد(پولی چاه),410917,6
63168,3250,موتورجهاد2,410919,6
63169,3250,نیک آباد,412529,6
63170,3250,حاجی آبادکلچات,412537,6
63171,3250,موتورسازمان آب,412539,6
63172,3250,یوسف آباد,412891,6
63173,3250,رودینار,413855,6
63174,3250,نظرآباد,413856,6
63175,3250,ملک آباد(نادرآباد),413858,6
63176,3250,نعمت آباد,413859,6
63177,3250,بایان آباد,413860,6
63178,3250,قنات شهداد,413861,6
63179,3250,حاجی آباد رودینار,413862,6
63180,3250,سرپلنگک,413864,6
63181,3250,حسین آبادرودگز,413865,6
63182,3250,موتور12 بهمن,414013,6
63183,3250,حیدرآبادکلچات,414525,6
63184,3250,گاوداری حاج خرم کرم زهی,414645,6
63185,3250,سه چاهان,414646,6
63186,3250,موتورحاج عیدمحمدچکوراپ,415024,6
63187,3250,موتورشکاری,415111,6
63188,3250,کوره های آهک پزی,415112,6
63189,3250,شهرک صنعتی,415113,6
63190,3250,نورآبادممسنی,416245,6
63191,3250,احمدآبادچاه سم(مرغداری عادل),711557,6
63192,3250,رحمان آبادشهیدمحمدگل,711558,6
63193,3250,محمدآبادرودهینار,711935,6
63194,3250,خرم آباد,711939,6
63195,3250,حسن آباد,811007,6
63196,3250,سعیدآباد (موتور سعید کرد),811008,6
63197,3250,موتور حاجی حنیف,811009,6
63198,3250,بدرآباد,842357,6
63199,3250,چاه کوندل آباد,842439,6
63200,3250,پیروز آباد,842504,6
63201,3250,خالدآباد,842530,6
63202,3250,کارخانه خوراک دام رحمت کهرازهی,911185,6
63203,3250,کشتارگاه صنعتی میلادخاش,911190,6
63204,3250,مالک آبادممسنی,911265,6
63205,3250,مجتمع مسکونی جمشیدزهی,911266,6
63206,3250,مرغداری,911267,6
63207,3250,سنگ شکن شهرداری,911317,6
63208,3250,پارک جنگلی نور,911318,6
63209,3250,کارگاه شرکت پاریز,911319,6
63210,3250,پست برق,911320,6
63211,3250,قرارگاه مرصاد,911321,6
63212,3250,مرغداری کاکلی,911323,6
63213,3250,مرغداری پرسفید,911324,6
63214,3250,گاوداری عبدالرحمان,911325,6
63215,3250,مرغداری محسن احمدزاده,911326,6
63216,3250,مرغداری حاج اخترمحمدکهرازهی,911327,6
63217,3250,مرغداری حاج عزیزهاشمزهی(دهقان),911328,6
63218,3250,مرغداری حاج غفور(دین محمد),911329,6
63219,3250,کوره آهک حاج اله بخش قلندرزهی(کوه پنج انگشت),911330,6
63220,3250,پمپ بنزین کلچات,911331,6
63221,3250,مرغداری حاج حیدربراهویی,911332,6
63222,3250,گاوداری,911333,6
63223,3250,گاوداری سرگزی,911334,6
63224,3250,مرغداری فیض محمدکهرازهی,911335,6
63225,3250,جلیل آباد(روستای امام حسین),911336,6
63226,3250,موتورعبدالرحمان(علی آباد),911337,6
63227,3250,موتورحاج انورکهرازهی,911338,6
63228,3250,نعیم آبادرودگز,911339,6
63229,3250,شورک,911340,6
63230,3250,موتوراسحق ریگی,911341,6
63231,3250,موتورملک محمدچکورآب,911342,6
63232,3250,موتورخدادادچکورآب,911343,6
63233,3250,صفرآباد,911344,6
63234,3250,موتوربنیاد,911345,6
63235,3250,موتورحاج محمدحسین رودینار,911346,6
63236,3250,کریم آباد(عیدوزهی پور),911835,6
63237,3251,بالاقلعه,192600,6
63238,3251,پروم,192609,6
63239,3251,پوسار,192612,6
63240,3251,جنگل,192615,6
63241,3251,جنگل موکان,192616,6
63242,3251,جنگلوک,192617,6
63243,3251,حدگان,192619,6
63244,3251,دادکان علیا,192620,6
63245,3251,دارسان,192621,6
63246,3251,دمبیکان,192624,6
63247,3251,قلعه پایین(ده قلعه),192625,6
63248,3251,دهنه,192626,6
63249,3251,زیرکیک,192632,6
63250,3251,شاه واتک,192637,6
63251,3251,کاشن,192644,6
63252,3251,کمنیک,192651,6
63253,3251,کوه پاسان,192653,6
63254,3251,کوه نورک,192654,6
63255,3251,گنز,192660,6
63256,3251,اسلام آباد,192671,6
63257,3251,واردان,192676,6
63258,3251,هشیک,192677,6
63259,3251,هیتگر,192679,6
63260,3251,شهرک,411089,6
63261,3251,شهرک علی آباد,415086,6
63262,3251,گنزریگ,415088,6
63263,3251,باغان,416264,6
63264,3251,دک آب روغن,416265,6
63265,3251,مرادآباد,711625,6
63266,3251,حکیم آباد,811048,6
63267,3251,جوادآباد,811049,6
63268,3251,مهراب آباد(دره دارسانی),811585,6
63269,3251,حیدرآباد,842434,6
63270,3251,دره تنگ,911243,6
63271,3251,دادکان سفلی,911244,6
63272,3251,کلات کوه,911245,6
63273,3251,اسکندر آباد,911380,6
63274,3252,اسپه,192596,6
63275,3252,اناران,192597,6
63276,3252,انجیرک کهنوک,192598,6
63277,3252,باگوک(باغک),192599,6
63278,3252,براتکی,192601,6
63279,3252,بک,192602,6
63280,3252,بومسک,192603,6
63281,3252,بهاءالدین,192604,6
63282,3252,بینگ,192605,6
63283,3252,پالیزان,192606,6
63284,3252,پدهی,192608,6
63285,3252,پورجنگی,192610,6
63286,3252,چگرد(چدرک),192618,6
63287,3252,دارنان,192622,6
63288,3252,رحمان آباد,192627,6
63289,3252,رندک,192628,6
63290,3252,ریش پیش,192629,6
63291,3252,سپتوک,192631,6
63292,3252,زیرگدان,192633,6
63293,3252,سرخ دگار,192634,6
63294,3252,سرخ گزی,192635,6
63295,3252,سورچاهی,192636,6
63296,3252,شرف الدین,192638,6
63297,3252,شمگت,192639,6
63298,3252,شورک,192640,6
63299,3252,شیرآباد,192641,6
63300,3252,قادرآبادکهنوک,192642,6
63301,3252,قنات میرقلندر,192643,6
63302,3252,کدقادری,192645,6
63303,3252,کرستان,192646,6
63304,3252,کل چاتک,192647,6
63305,3252,کل شب روان,192648,6
63306,3252,کله گرمک,192649,6
63307,3252,کله ماران,192650,6
63308,3252,گاوی,192656,6
63309,3252,گروک,192658,6
63310,3252,گمن,192659,6
63311,3252,گواتامک کهنوک,192662,6
63312,3252,گواتامک,192663,6
63313,3252,گوربند,192665,6
63314,3252,لشکران,192666,6
63315,3252,مارندگان,192667,6
63316,3252,مارندگان علیا,192668,6
63317,3252,محمودآباد,192669,6
63318,3252,میرآباد,192670,6
63319,3252,نابهری,192672,6
63320,3252,نالی,192673,6
63321,3252,نرگان,192674,6
63322,3252,نیلگان,192675,6
63323,3252,هوشاب الوک,192678,6
63324,3252,هیسک,192680,6
63325,3252,یک موکی,192681,6
63326,3252,چشمه کندور,192682,6
63327,3252,زیارت میل,192683,6
63328,3252,رسول آباد,411086,6
63329,3252,انگ یار,411087,6
63330,3252,سلطانک,411088,6
63331,3252,کلپچ,411091,6
63332,3252,بی به,411092,6
63333,3252,کشیکان,411093,6
63334,3252,هیرگان,412717,6
63335,3252,سرخکان,412718,6
63336,3252,قادران,412719,6
63337,3252,نراب,412720,6
63338,3252,پستاک,412722,6
63339,3252,سه سران,412723,6
63340,3252,سیرگونانی سرکونانی,412724,6
63341,3252,سیرود,412725,6
63342,3252,دشت کوه انجیرک,412726,6
63343,3252,پورکن,413955,6
63344,3252,بیدی,413959,6
63345,3252,دک جمال,413960,6
63346,3252,گران,413961,6
63347,3252,دره سرحدی,413962,6
63348,3252,پیشگور,413963,6
63349,3252,نلی دشتکوه,413965,6
63350,3252,کاساپ دشتکوه,413966,6
63351,3252,کوی پتکوک دشتکوه,413967,6
63352,3252,گری دشتکوه,413968,6
63353,3252,تمپ,413969,6
63354,3252,اکبرآباد,414004,6
63355,3252,چاه دشتک داراب,414005,6
63356,3252,کهورک,415083,6
63357,3252,خوشاب پلاسو,415090,6
63358,3252,رگان,415096,6
63359,3252,دارکشان,415097,6
63360,3252,سرکند,415098,6
63361,3252,ناگان,416261,6
63362,3252,میرآبادکهنو,416262,6
63363,3252,شندان,416263,6
63364,3252,نوک آبادمارندگان,416266,6
63365,3252,پتمپی,416267,6
63366,3252,موتورشه کلی,416268,6
63367,3252,سیه تاکان,416269,6
63368,3252,زردیان,416270,6
63369,3252,عالی مرادی,416271,6
63370,3252,جملی,416272,6
63371,3252,شندک,416273,6
63372,3252,گری,416275,6
63373,3252,خوکی,416276,6
63374,3252,زیان,416277,6
63375,3252,کله زردار,416278,6
63376,3252,کروچی,416279,6
63377,3252,موتورزمان شهدادزهی(رادمنش),711555,6
63378,3252,ملاآبادکهنوک,711569,6
63379,3252,موحدآباد,711624,6
63380,3252,غریب آباد,711808,6
63381,3252,چاه محمدکریم,711891,6
63382,3252,هیت شاهان,711933,6
63383,3252,مرغان کند,811021,6
63384,3252,ترادان,811022,6
63385,3252,گت رییس گلستان,811023,6
63386,3252,کلاه گور,811024,6
63387,3252,انجیرک,811025,6
63388,3252,هاشم آباد(درجکان),811026,6
63389,3252,زردین گر,811027,6
63390,3252,سیه ماری,811028,6
63391,3252,گونک,811029,6
63392,3252,چاه نیکبخت,811030,6
63393,3252,دلمراد(مادنی),811031,6
63394,3252,مرادآباد,842143,6
63395,3252,گواتامی,842327,6
63396,3252,گت رییس علیا,842343,6
63397,3252,نوک آبادکهورک,842364,6
63398,3252,جمشیدآباد,842365,6
63399,3252,شدروک,842366,6
63400,3252,قادرآباد,842367,6
63401,3252,کریم آباد,842433,6
63402,3252,نوک آباد,911280,6
63403,3252,ککی,911281,6
63404,3252,زیرگان,911282,6
63405,3252,کمال آباد,911283,6
63406,3252,زراگوک میرآباد,911284,6
63407,3252,گلی آباد,911285,6
63408,3252,موتورعشایری,911286,6
63409,3252,موتورنادرخاش,911287,6
63410,3252,موتورمسکانی,911288,6
63411,3252,نعیم آبادپاسگز,911289,6
63412,3252,جلال آباد,911290,6
63413,3252,کدوگ,911291,6
63414,3252,گیشانی,911292,6
63415,3252,پستاک بالا,911293,6
63416,3252,روندان(کاتاگر),911349,6
63417,3252,چاه دلشاد,911350,6
63418,3253,افضل آباد,192772,6
63419,3253,بلوچ آباد,192777,6
63420,3253,تقی آباد,192783,6
63421,3253,موتوررشیدشهنوازی,192784,6
63422,3253,پیل گوشکان,192786,6
63423,3253,تیلگ,192788,6
63424,3253,چاهوک,192808,6
63425,3253,حسن آباد,192812,6
63426,3253,حسن آباد دستگرد,192813,6
63427,3253,دره غلام,192820,6
63428,3253,دشتزار,192821,6
63429,3253,رحمت آبادپشته کمال,192825,6
63430,3253,رییس آباد,192829,6
63431,3253,سبزگزسفلی,192832,6
63432,3253,سبزگزعلیا,192833,6
63433,3253,سبزگزوسطی,192835,6
63434,3253,شکبند,192837,6
63435,3253,شهردراز,192838,6
63436,3253,فیض آباد,192845,6
63437,3253,کم زرد,192849,6
63438,3253,کلگ ته رود,192850,6
63439,3253,کمال آباد,192852,6
63440,3253,کهن کرمشاه,192853,6
63441,3253,گزوحاجی آباد,192856,6
63442,3253,گورچان,192857,6
63443,3253,محمدآبادگری(کوه کمربست),192861,6
63444,3253,موتورجهاد,192868,6
63445,3253,نوکجو,192874,6
63446,3253,نوک آباد,192877,6
63447,3253,کاشتاگ دستگرد,192878,6
63448,3253,پشته کمال,192884,6
63449,3253,حاجی آباد,192887,6
63450,3253,آب تر(موتورانوربلوچزهی),410830,6
63451,3253,حسین آباد,410831,6
63452,3253,گزدانان,410834,6
63453,3253,نورآباد(موتورحاجی حسین),413831,6
63454,3253,نورآباد ده بالا,413832,6
63455,3253,الله آبادمندوست,413839,6
63456,3253,نصرت آباد,414634,6
63457,3253,رحمت آباد,415118,6
63458,3253,پاسگاه انتظامی 107,415121,6
63459,3253,پاسگاه انتظامی 110,415122,6
63460,3253,پاسگاه انتظامی 114,415123,6
63461,3253,موتوراسکندرنارویی(گونیچ),416222,6
63462,3253,موتور عباس,416233,6
63463,3253,محمدآباد پشته کمال,711884,6
63464,3253,نادرآبادپشته کمال,711885,6
63465,3253,آپک بهاء الدین,842138,6
63466,3253,داروکان,842525,6
63467,3253,موتورشکرسوری زهی,911194,6
63468,3253,شهرک گلستان دستگرد,911195,6
63469,3253,صحبت آباد,911196,6
63470,3253,تنک,911197,6
63471,3253,گاوداری حاجی علی بیک,911198,6
63472,3253,مجتمع گلخانه ای حاج جلال,911199,6
63473,3253,پاسگاه شهردراز,911200,6
63474,3253,برجک مرزی,911236,6
63475,3253,برجک انتظامی109,911237,6
63476,3253,پاسگاه مرزی 112,911238,6
63477,3253,برجک انتظامی113,911239,6
63478,3253,پاسگاه مرزی,911240,6
63479,3253,پاسگاه مرزی117,911241,6
63480,3254,مشاع آزادی,192768,6
63481,3254,اسلام آبادگرنچین,192769,6
63482,3254,اسماعیل آبادگرنچین,192770,6
63483,3254,موتورحسن یارمحمدزهی(اسماعیل آباد),192771,6
63484,3254,اکبرآباد,192773,6
63485,3254,بیلری,192780,6
63486,3254,پشت گیابان,192781,6
63487,3254,دریحان آبادگرنچین,192789,6
63488,3254,بهادرآباد,192792,6
63489,3254,قدرت آباددوربن,192793,6
63490,3254,چاه دگار,192795,6
63491,3254,موتورشفیع محمد,192798,6
63492,3254,موتورحاج قادرداد,192801,6
63493,3254,چاه قاسم خان,192802,6
63494,3254,کرم بیک آباد,192803,6
63495,3254,چاه کمال سیاه جیهند,192804,6
63496,3254,موتورخوبیارشهنوازی,192806,6
63497,3254,گل آبادشفیع محمد(قدرت آباد),192810,6
63498,3254,حسین آبادنیلگون بالا,192815,6
63499,3254,حمیدآباد,192816,6
63500,3254,حیدرآباد چاه دگار,192817,6
63501,3254,خیرآباد,192819,6
63502,3254,ده بالا,192822,6
63503,3254,رکن آباد,192831,6
63504,3254,عباس آباد,192840,6
63505,3254,خلیل آباد,192841,6
63506,3254,علی آبادگرنچین,192842,6
63507,3254,علی آباد(مجتمع گلخانه ای علی آباد),192843,6
63508,3254,قادرآباد(مجتمع گلخانه ای),192846,6
63509,3254,هامون,192855,6
63510,3254,محمدآباد حیات,192863,6
63511,3254,موتورحاجی امام بخش شهنوازی,192864,6
63512,3254,مرغداری حاجی نادر(190),192866,6
63513,3254,ملک آباد,192867,6
63514,3254,حاجی آبادگرنچین,192869,6
63515,3254,موتورحاجی عبدالرحمان(شیرآباد),192870,6
63516,3254,خیرآباد(میرآباد),192872,6
63517,3254,نظرآباد,192873,6
63518,3254,وحیدآباد,192879,6
63519,3254,چاه توک,192881,6
63520,3254,حیدرآباد,192883,6
63521,3254,شهیدقلنبر,192886,6
63522,3254,اله آبادچاه دگار,192889,6
63523,3254,پاسگاه انتظامی روتک,198034,6
63524,3254,پاسگاه انتظامی کندی,198036,6
63525,3254,چاه نعلی,198043,6
63526,3254,رحمت آباد,198050,6
63527,3254,کله مسجد,198077,6
63528,3254,امیرآبادکندی,198078,6
63529,3254,رییس آبادگزه(گزه شهنوازی),198092,6
63530,3254,گورانی بالا,198094,6
63531,3254,جلال آبادگورانی,198095,6
63532,3254,محمدآباد,198099,6
63533,3254,نادرآباد,198101,6
63534,3254,ناصرآبادروتک,198106,6
63535,3254,چاه کمال نوراله,270014,6
63536,3254,مرغداری سنگان,410828,6
63537,3254,نوک آباد,410832,6
63538,3254,حاجی آبادچاه توک,410835,6
63539,3254,آزادآباد,410837,6
63540,3254,اله آبادروتک,410839,6
63541,3254,ولی آباد,410840,6
63542,3254,اسماعیل آباد,410841,6
63543,3254,غریب آباد(موتورشفیع محمد),410859,6
63544,3254,نوک آبادگرنچین,412708,6
63545,3254,محمدآبادتاگروک,412709,6
63546,3254,غریب آباد,412728,6
63547,3254,شهیدمدنی (لحوری),412729,6
63548,3254,اله آباد,412745,6
63549,3254,رحمت آباددوربن,412887,6
63550,3254,محمدآبادروتک,412888,6
63551,3254,کریم آبادسیدعلی خامنه ای,412889,6
63552,3254,میرزاآباد,413828,6
63553,3254,قدرت آباد,413833,6
63554,3254,حسین آباد(موتوررضایی),413834,6
63555,3254,حیدرآبادگرنچین,413838,6
63556,3254,موتورجانک,413841,6
63557,3254,حیدرآباد (دشتی),413842,6
63558,3254,موتورحاجی خان محمد شهنوازی,413843,6
63559,3254,موتورقادربخش(دیدک),413847,6
63560,3254,موتورزندان(مجتمع کشاورزی و دامپروری),414006,6
63561,3254,کمال آباد(موتورافغان),414008,6
63562,3254,فیروزآباد,414009,6
63563,3254,قادرآباد,414010,6
63564,3254,علی آباد,414630,6
63565,3254,ناصرآبادسیاه جیهند,414631,6
63566,3254,محمودآباد,414643,6
63567,3254,حاجی آباد,415101,6
63568,3254,حسن آبادروتک,415126,6
63569,3254,توحیدآباد(شهرک پشت گیابان),416223,6
63570,3254,سیدآباد,416225,6
63571,3254,حاجی آبادروتک,416226,6
63572,3254,موتورحاجی شادی خان,416229,6
63573,3254,مرغداری تذور(پاک نژاد),416230,6
63574,3254,سهراب آباد,416231,6
63575,3254,موتورفیض محمد,711422,6
63576,3254,بلال آباد,811083,6
63577,3254,اکبرآباد(موتورحمل),811288,6
63578,3254,سمرقند,811651,6
63579,3254,دربک,811706,6
63580,3254,کریم آباد روتک,811711,6
63581,3254,ولی آبادکندی,842136,6
63582,3254,اسلام آبادروتک(موتورحاجی خدابخش),842137,6
63583,3254,نظام آبادروتک(حاجی جنگی),842279,6
63584,3254,خان محمدآبادگورانی روتک(حاجی جنگی),842280,6
63585,3254,جلال آبادگرنچین(موتورحاجی جنگی),842281,6
63586,3254,محمدزمانیان,842320,6
63587,3254,انورآباد,842330,6
63588,3254,نیک آباد,842356,6
63589,3254,نعمت آبادگزه,842428,6
63590,3254,مسجدامام حسین(ع),911186,6
63591,3254,موتورآب دولتی,911187,6
63592,3254,مجتمع گلخانه ای خاش,911188,6
63593,3254,موتورحاجی یارمحمد,911189,6
63594,3254,موتورآزادی,911191,6
63595,3254,انبارسازمان آب,911192,6
63596,3254,شرکت پرورش مرغ گوشتی کپوت,911193,6
63597,3254,حسین آبادنیلگون پایین,911201,6
63598,3254,جلال آبادگزه,911202,6
63599,3254,حسن آباد,911207,6
63600,3254,غریب آبادحاجی دادمحمد,911216,6
63601,3254,موتورعبدالحق آذرنوش,911229,6
63602,3254,هیبت آباد,911230,6
63603,3254,نوکجو,911231,6
63604,3254,حسن آبادشه در,911232,6
63605,3254,بخارا,911233,6
63606,3254,علی آبادگورانی,911235,6
63607,3254,اندرآبادگورانی,911242,6
63608,3254,امیر آباد گرنچین,911972,6
63609,3255,ده ارباب,193857,6
63610,3255,امامیه,193866,6
63611,3255,دانشگاه آزادزابل,411096,6
63612,3255,ایستگاه رادیو,411097,6
63613,3255,حسین آبادکوهکن(ده شیخا),411102,6
63614,3255,زیارتگاه بی بی دوست,411103,6
63615,3255,ده کرم دهمرده,414180,6
63616,3255,ده رضاجر,414181,6
63617,3255,حسین آباد جر,415139,6
63618,3255,ده ریگی,711771,6
63619,3255,تولیدشن وماسه براهویی مقدم,711777,6
63620,3255,حسن کربلایی افغان,811244,6
63621,3255,ده عباس آقاجان,811973,6
63622,3255,ده حسن محمد,811974,6
63623,3255,دهکده گرگیج,842468,6
63624,3256,برج افغان,193874,6
63625,3256,ده درگی,193932,6
63626,3256,دهکول,193935,6
63627,3256,نظرسارانی,193937,6
63628,3256,ده سادات,193952,6
63629,3256,ده سرحدی,193953,6
63630,3256,حیدرآباد,193962,6
63631,3256,کلوخی,193981,6
63632,3256,گل محمد بیک,193994,6
63633,3256,خمرآبادمیرزنگ,194015,6
63634,3256,ده میرعبدالله,194017,6
63635,3256,گردان تکاوری111(شهرک افغانها),411104,6
63636,3256,ده بوله,411105,6
63637,3256,محمدآبادبولایی,411108,6
63638,3256,نراقی,411109,6
63639,3256,ده گت,411110,6
63640,3256,فرودگاه زابل,411111,6
63641,3256,ده حاجی عبدالله,411112,6
63642,3256,اسلام آباد,411262,6
63643,3256,ده سندگل,411298,6
63644,3256,ده گرگ,411334,6
63645,3256,دهمرده شمالی,412997,6
63646,3256,ده هابیل,412998,6
63647,3256,جبار,415137,6
63648,3256,انوربریچی,415138,6
63649,3256,رشیدخان,416420,6
63650,3256,ملاحسن چاری,711760,6
63651,3256,روستای سنچولی,711761,6
63652,3256,علی راست بالا(سارانی),711762,6
63653,3256,خانه های عظیمی,711763,6
63654,3256,وحدت آباد,711764,6
63655,3256,رسول سارانی,711765,6
63656,3256,کجیر دهمرده,711768,6
63657,3256,خدانظرسارانی,711769,6
63658,3256,حاج عیسی دهمرده,711770,6
63659,3256,حاج روشن ساسولی,711772,6
63660,3256,درویش سیدی,811295,6
63661,3256,حیدرسلیمان,811975,6
63662,3256,خواجه محمودی,811976,6
63663,3256,سلیم گله بچه,911082,6
63664,3257,ده بامری(ده غلامان),193872,6
63665,3257,جهانتیغ,193895,6
63666,3257,حاجی صفر,193907,6
63667,3257,حیدری,193920,6
63668,3257,کرباسک,193974,6
63669,3257,کربلایی قربان,193976,6
63670,3257,حسن آباد,194598,6
63671,3257,ده نو,195184,6
63672,3257,ده ملامحمد,195225,6
63673,3257,امیرآباد,411114,6
63674,3257,بامری جهانتیغ,411115,6
63675,3257,علی آباد,411116,6
63676,3257,محمدآبادهراتی,411117,6
63677,3257,ده غلامان,411118,6
63678,3257,گل میر,411121,6
63679,3257,پیری بنیاد,411357,6
63680,3257,فتح آباد,414182,6
63681,3257,کربلایی غلامرضا,415135,6
63682,3257,نورآبادغلامان,711773,6
63683,3257,شاهوزهی,811240,6
63684,3257,حیدری جهانتیغ,811241,6
63685,3258,ژاله ای,193851,6
63686,3258,ده اسکل,193858,6
63687,3258,بامری,193878,6
63688,3258,تپه دز,193884,6
63689,3258,جهانگیر,193896,6
63690,3258,حسن رحمان,193910,6
63691,3258,ده اصغر,193928,6
63692,3258,قاسم آباد,193970,6
63693,3258,ده نهور,194023,6
63694,3258,گل آبادسفلی,194604,6
63695,3258,گل آبادعلیا,411113,6
63696,3258,طلفک,412937,6
63697,3258,ده میرحسن سرحدی,415136,6
63698,3258,شرکت پرواربندی دام3577برادران ریگی جلایی,711716,6
63699,3258,عیسی خان(خرمازایی),711766,6
63700,3258,کوره های شاهوزهی,711776,6
63701,3258,ده جمال الدین(حسین خان کمالی),811116,6
63702,3258,ده میرحسین سرحدی,811766,6
63703,3258,ده بریچی,811970,6
63704,3258,ده دهمرده جنوبی,811971,6
63705,3258,ده جمانارویی,811972,6
63706,3259,پبی,195865,6
63707,3259,غریب آبادپایین (قنات میرزاخان),195868,6
63708,3259,چشمه بید,195872,6
63709,3259,ایستگاه پدگی,195956,6
63710,3259,بی سیم سنتو,195962,6
63711,3259,پاسگاه سفیدک,195963,6
63712,3259,پایگاه میل 19,195966,6
63713,3259,کچه رود,195979,6
63714,3259,حاجی آباد(چاه فقیر),196101,6
63715,3259,پلنگی آباد,196107,6
63716,3259,چاه محمود,196115,6
63717,3259,چشمه خان محمد,196116,6
63718,3259,حاجی آباداول,196117,6
63719,3259,حسین آباد پودچاه(محمد آباد گوکی),196120,6
63720,3259,خیرآبادپلگی,196123,6
63721,3259,رحمت آبادچشمه,196130,6
63722,3259,رحیم آبادپودچاه,196131,6
63723,3259,چاه خدانظر(حاجی آباد),196135,6
63724,3259,سیدآباد,196138,6
63725,3259,شاه کرم پایین,196140,6
63726,3259,شریف آبادچشمه,196142,6
63727,3259,عبداله آبادچشمه,196146,6
63728,3259,عزیزآبادگلستان,196148,6
63729,3259,عباس آباد(فقیر آباد/خیرآباد),196149,6
63730,3259,قنات اله آباد(جمال الدین),196150,6
63731,3259,قنات روغنی,196151,6
63732,3259,نظرآبادچشمه,196155,6
63733,3259,گوربنداول,196159,6
63734,3259,گوربنددوم,196160,6
63735,3259,گوربندسوم,196161,6
63736,3259,کریم آباد جرو,196164,6
63737,3259,محمدآبادروغنی,196166,6
63738,3259,محمدآبادنوک چاه,196167,6
63739,3259,مندیل آباد,196169,6
63740,3259,میان رود,196175,6
63741,3259,نظرآباد,196177,6
63742,3259,کریم آباد نوک چاه,196181,6
63743,3259,صفرآباد,196185,6
63744,3259,زیارتگاه,196186,6
63745,3259,پاسگاه قطارخنجک,196276,6
63746,3259,حاجی آبادپودچاه,196295,6
63747,3259,حاجی باران,196297,6
63748,3259,شندک قدرت آباد,196322,6
63749,3259,شندک توکل آباد,196323,6
63750,3259,نوک آباد(امان الله ),196402,6
63751,3259,وژداد(حاجی آباد شندک),196404,6
63752,3259,جهانگیرک,196562,6
63753,3259,حاجی آبادوژداد,270131,6
63754,3259,غریب آبادنوک چاه,270166,6
63755,3259,مرغ میکا,411403,6
63756,3259,علی آباد پایین( 2),411415,6
63757,3259,تنگ ندام (عیسی آباد),411458,6
63758,3259,بک جود,411484,6
63759,3259,کاشی مرکزی(سهراب ریگی),411486,6
63760,3259,موتورملنگ (حاجی آبادکوچکی ),411487,6
63761,3259,رحمت آبادسیاه شیر,411488,6
63762,3259,پاسگاه مزور (کمیته),411515,6
63763,3259,آبادی خروط,411550,6
63764,3259,چاه غنی,411561,6
63765,3259,گلخانه ذوالفقار ریگی,411682,6
63766,3259,گاوداری احسانفر,411685,6
63767,3259,شرکت تخم مرغ آمورگ,411687,6
63768,3259,گاوداری طوس کشت,411688,6
63769,3259,مجتمع تفریحی براسان,411691,6
63770,3259,سنجر آباد 1 ( چاه خدابخش),411693,6
63771,3259,کارخانه نان قدس رضوی,411697,6
63772,3259,کارخانه آسفالت,411703,6
63773,3259,موتورباباحسینی,411704,6
63774,3259,باسکول توکل,411705,6
63775,3259,شرکت قطعات پیش ساخته,411707,6
63776,3259,مرغداری کلاته,411710,6
63777,3259,قاضی آباد,411714,6
63778,3259,شورک,411715,6
63779,3259,منزلاب,411716,6
63780,3259,جیکولی,411717,6
63781,3259,قنات ساروک,411718,6
63782,3259,ملک آباد(سولاخ کوه),411719,6
63783,3259,خواجه مسک,411721,6
63784,3259,یوسف آبادخواجه مسک,411722,6
63785,3259,صالح آباد چیدگی,411723,6
63786,3259,رحمت آبادشندک,411724,6
63787,3259,مهناز آباد(غریب آباد),411727,6
63788,3259,خیرآبادماراکو,411730,6
63789,3259,خانه های جهانگیر ( محمد علی پرویز ریگی),411731,6
63790,3259,سفید سنگ عشایری,411732,6
63791,3259,ال گری حاجی پکیر,411734,6
63792,3259,روستای سم(سام),411735,6
63793,3259,شهدادآباد,411736,6
63794,3259,کلاته لال محمد,411739,6
63795,3259,دکل مخابراتی,411741,6
63796,3259,حاجی کرم آباد,411747,6
63797,3259,قنات محمدرحیم خان,411748,6
63798,3259,علی آباد سنگری,411750,6
63799,3259,محمدآباد پودچاه(بهرام آباد),411751,6
63800,3259,پود چاه دین محمد(دین آباد),411752,6
63801,3259,کریم آبادحسن,411753,6
63802,3259,گورگرزمان خان,411754,6
63803,3259,گورگر جلایی(جلایی آباد),411755,6
63804,3259,محمدآبادمیان رود,411756,6
63805,3259,محمدآبادپودچاه,411757,6
63806,3259,سعیدآباد شندک,411759,6
63807,3259,نبی آباد کودکی,411762,6
63808,3259,امام آباد کدوکی,411764,6
63809,3259,اسماعیل آبادنوک چاه,411765,6
63810,3259,توکل آبادهورشی,411768,6
63811,3259,غریب آباد لوری رود,411769,6
63812,3259,رحیم آبادچشمه,411774,6
63813,3259,حرماگی(حاج دوست محمد),411780,6
63814,3259,رحمت آبادلوچو,411781,6
63815,3259,میرزاچاهی,411783,6
63816,3259,کرم بیک روغنی,411786,6
63817,3259,برجک نیروی انتظامی,411787,6
63818,3259,غریب آبادخواجه مسک,411790,6
63819,3259,بیدی,411795,6
63820,3259,موتورمحمد نورشه بخش وعبدالحمید,411797,6
63821,3259,میرزاآباد(قنات حاجی میرزا),411798,6
63822,3259,خواجه مهربان,411799,6
63823,3259,مسیتی مسجدی,411802,6
63824,3259,انارشاهی,411804,6
63825,3259,قادرآباد,411808,6
63826,3259,فیض آبادلوچو,411810,6
63827,3259,کارخانه تولیدی نیوپان سبحان,412793,6
63828,3259,اردوگاه تربیتی شهیدمطهری,412794,6
63829,3259,انبارشرکت نفت,412795,6
63830,3259,جوجه کشی مرغ مادر,412803,6
63831,3259,ابراهیم آبادچشمه,412805,6
63832,3259,وش آب (عبدل آباد),412808,6
63833,3259,حاجی آباد(موتورحاجی عبدل قنبرزهی),412826,6
63834,3259,حکیم آباد,412827,6
63835,3259,چاه عزیز,412945,6
63836,3259,موتور حاجی عبدالرحمان (ملک داد),413445,6
63837,3259,کالی الله آباد,413500,6
63838,3259,غریب آباد لوچو,413504,6
63839,3259,چاه حاجی اله بخش رادوچاهی,413507,6
63840,3259,گلزارآباد,413512,6
63841,3259,شهدادآباد(موتورغلام محمد),413513,6
63842,3259,چاه سهراب,413516,6
63843,3259,امام آباد (موتور حسن شه میر ),413517,6
63844,3259,چاه محمداکبرشه بخش,413520,6
63845,3259,موتور دکترنعیم,413527,6
63846,3259,دادخداآباد,413534,6
63847,3259,پیرچاه(چاه حاجی جهانگیرقنبرزهی),413544,6
63848,3259,دولت آباد,413545,6
63849,3259,نلوکی(بک جود)(حمید آباد),413547,6
63850,3259,موتور حاجی آسا,413549,6
63851,3259,پتیکی پایین,413550,6
63852,3259,موتور عبدالنبی (جوان تل ),413552,6
63853,3259,چاه اسماعیل پتیکی,413553,6
63854,3259,عزیز آباد,413554,6
63855,3259,محمد آباد حرماگی,413557,6
63856,3259,کتیبی,413559,6
63857,3259,نوک آباد شهداد,413560,6
63858,3259,چاه رحیم جمشید زهی,413563,6
63859,3259,برجک شماره 1 نیروی انتظامی,413565,6
63860,3259,موتور حاجی حنیف,413567,6
63861,3259,تپی,413568,6
63862,3259,خانه های جان محمد,413569,6
63863,3259,گرتوت,413574,6
63864,3259,رادو آباد,413577,6
63865,3259,نبی آباد لوچو,413578,6
63866,3259,نبی آباد پودچاه,413580,6
63867,3259,خیرآبادمحمدحسنی,413582,6
63868,3259,نورآبادشهدادآباد,413583,6
63869,3259,قنات مدوحی,413584,6
63870,3259,قنات حنیف رییسی,413586,6
63871,3259,مجتمع گاوداری,413592,6
63872,3259,خواستی آباد,413594,6
63873,3259,محمدآبادچشمه,413596,6
63874,3259,مرغداری خلیج,413597,6
63875,3259,موتور حاجی محمد ریگی(عباس ریگی),413603,6
63876,3259,گرانشند,413611,6
63877,3259,اسلام آباد قنات شهباز,413612,6
63878,3259,ناگت آباد دین محمد,413613,6
63879,3259,غریب آباد بالا,413614,6
63880,3259,وادو برفی,413615,6
63881,3259,وادو اسحاق ریگی,413616,6
63882,3259,کاشی شور چاه,413621,6
63883,3259,موتورعبدالواحد,413622,6
63884,3259,قنات دلمرادبالا,414442,6
63885,3259,چاه شه دوست,414443,6
63886,3259,فجرکسوری,414444,6
63887,3259,جلال آبادسیاه کوه,414446,6
63888,3259,قنات دلمرادپایین,414448,6
63889,3259,چاه اسماعیل حسن,414452,6
63890,3259,موتورپارالدین جنگیان,414455,6
63891,3259,موتور نظر,414456,6
63892,3259,موتور خدادادبلوچزهی(آمنه),414457,6
63893,3259,غریب آبادپایین,414459,6
63894,3259,اکبرآباد,414460,6
63895,3259,شوری (چاه سلطان محمد),414462,6
63896,3259,نبی آباد (موتور الله بخش ),414463,6
63897,3259,موتور گرگی,414465,6
63898,3259,موتور گل محمد,414466,6
63899,3259,چاه گل محمد(وژداد),414469,6
63900,3259,موتورخدابخش (آذرباد),414473,6
63901,3259,موسی آباد,414474,6
63902,3259,چاه جمشید,414476,6
63903,3259,موتور پیر دادقنبرزهی,414477,6
63904,3259,اسماعیل آبادگوربند,414479,6
63905,3259,مشاع جری خان,414481,6
63906,3259,سفیدسنگ,414482,6
63907,3259,موتوررحمت (نادر),414483,6
63908,3259,گاوداری معتمدی,414484,6
63909,3259,حسین آباد کلات لوچان,414492,6
63910,3259,کارخانه سنگبری لعل رضوان,414493,6
63911,3259,موسی چاه(چاه گل بی بی شه بخش),414495,6
63912,3259,موراکو,414496,6
63913,3259,چاه مالداری عبدالله,414501,6
63914,3259,چاه مالداری حاج سلیمان,414502,6
63915,3259,چاه مالداری عبدالغنی,414503,6
63916,3259,چاه مالداری الله داد,414504,6
63917,3259,سیلو,414506,6
63918,3259,سرخ پرک,414507,6
63919,3259,پمپ بنزین هامون,414512,6
63920,3259,شرکت ساختمانی پاریز,414513,6
63921,3259,چاه حاجی محمد(عباس آباد),414514,6
63922,3259,چاه جمعه (قنات جمعه ),414515,6
63923,3259,همت آباد (موتورعبدالغفورشه بخش),414517,6
63924,3259,موتورعمر,414675,6
63925,3259,موتور سالار زهی,414676,6
63926,3259,چاه حاجی مراد عالیزهی(موتور حاجی عبدل),414678,6
63927,3259,احمدآبادبتمبر,414680,6
63928,3259,نورمحمد,414682,6
63929,3259,قدرت آباد پودچاه,414687,6
63930,3259,حسین آبادرادوچاهی,414688,6
63931,3259,ملک آبادسیاه توک,414694,6
63932,3259,موتور حاجی نواب بلوچ زهی شه بخش,414695,6
63933,3259,عبدالله آبادگوربند,414696,6
63934,3259,سنگری پیرمحمد,414697,6
63935,3259,بیدر آباد(محله حاجی دوست محمد),414699,6
63936,3259,کنگری چاه اله داد,414701,6
63937,3259,غلام رسول آباد(محمد آباد رودین),414705,6
63938,3259,حاجی آباد (آزاد),414706,6
63939,3259,اسلام آباد (نظر شه بخش ),415190,6
63940,3259,سعیدآبادبید,415198,6
63941,3259,سیاهدک,415206,6
63942,3259,حبیب آباد,415207,6
63943,3259,مرغداری برقی,415208,6
63944,3259,گلخانه,415210,6
63945,3259,موتور حاجی قزوینی,415211,6
63946,3259,گاوداری عباس نجفی,415214,6
63947,3259,موتورسیدمحمد,415218,6
63948,3259,موتور امام بخش,415222,6
63949,3259,موتور رسول( چاه حاجی نظر)(باگی),415225,6
63950,3259,چاه رحیم,415226,6
63951,3259,قنات غلام(ملک شاه),415227,6
63952,3259,حاجی آبادقجر,415229,6
63953,3259,سعیدآبادچشمه,415230,6
63954,3259,دوست محمد شاه کرم,415232,6
63955,3259,چاه گمشاد,415249,6
63956,3259,چاه حاجی کیچی میانرود,415250,6
63957,3259,اله آباد سیاه توک,415251,6
63958,3259,چاه لال محمد چهل منی,415252,6
63959,3259,بهجت آباد,415253,6
63960,3259,قنات ناسی(ناسی آباد),415254,6
63961,3259,چاه محمد گدایی(سر آباد),415256,6
63962,3259,چاه شهداد (چاه مبارک),415412,6
63963,3259,موتور باران قنبر زهی,415414,6
63964,3259,حاجی آبادنوت,415422,6
63965,3259,قنات شاه محمدشه بخش,415423,6
63966,3259,موتور حاجی کمال شه بخش,415424,6
63967,3259,علی آباد پودچاه,415426,6
63968,3259,چاه حاجی محمداسحاق,415428,6
63969,3259,مزرعه ابراهیم شه بخش,415429,6
63970,3259,قنات پیرداد,415431,6
63971,3259,چاه حاجی غلام,415432,6
63972,3259,قنات رودین(گزوگون آباد),415435,6
63973,3259,حمل آباد(چاه حمل),415436,6
63974,3259,موتوررضا,415441,6
63975,3259,چاه نوراله قنبر زهی,415442,6
63976,3259,چاه گل محمدگوربند,415443,6
63977,3259,چاه مصطفی,415444,6
63978,3259,چاه خدا نظر(پبی),415445,6
63979,3259,چاه غلام,415446,6
63980,3259,محمد آباد(موتور حاجی بهادر),415447,6
63981,3259,رحمت آبادهورشی,415450,6
63982,3259,نوک چاه,415451,6
63983,3259,سنجرآباد2,415452,6
63984,3259,بن رودمحمدحیاط,415456,6
63985,3259,قنات حاجی عبدل,415459,6
63986,3259,جماآباد(حاجی نورمحمد),415463,6
63987,3259,حسین آباد قنات (قنات علم خان ),415465,6
63988,3259,پلنگی آباد 2,415466,6
63989,3259,کاران کش (گران کش ),415469,6
63990,3259,جلال آباد,415472,6
63991,3259,موتور رحیم براهویی,415474,6
63992,3259,موتورغلامعلی,415476,6
63993,3259,چاه حاجی عزیز نوتی زهی,415478,6
63994,3259,چاه عبدالعزیز گوینده,415479,6
63995,3259,حمیدآباد(موتورحمید),415482,6
63996,3259,موتورحاجی عیسی,415483,6
63997,3259,چاه حاجی ابراهیم (کادر),415484,6
63998,3259,موتور لال محمد قنبر زهی,415485,6
63999,3259,موتورعیسی (محمدآباد),415486,6
64000,3259,موتورحاجی رضایی,415488,6
64001,3259,موتورحاجی حسین(حسین آباد),415490,6
64002,3259,موتور گران بی بی نارویی,415491,6
64003,3259,چاه حاجی ملا,415492,6
64004,3259,موتورآسا,415493,6
64005,3259,چاه بهارخان,415495,6
64006,3259,قنات دادمحمد,415499,6
64007,3259,موتوراحمد(وارو),415502,6
64008,3259,نادرآباد(امیرآباد),415503,6
64009,3259,چاه عیدمحمد,415505,6
64010,3259,چاه سداله,415506,6
64011,3259,شهرک حدآباد,415507,6
64012,3259,ابراهیم آباد(کلچات),415508,6
64013,3259,بورگر,415509,6
64014,3259,شریف آباد,415510,6
64015,3259,کمال آباد,415511,6
64016,3259,چاه حاجی نوک بندک,415513,6
64017,3259,موتوراحمد شه بخش,415514,6
64018,3259,کلیک,415516,6
64019,3259,الیاس گاز,415518,6
64020,3259,مرغداری ارسلان,415519,6
64021,3259,پیست موتورسواری,415520,6
64022,3259,پلیس راه,415521,6
64023,3259,کشتارگاه طیور,415522,6
64024,3259,چاه کریم,415524,6
64025,3259,ناصرآباد(موتورنادر),415525,6
64026,3259,وکیل آباد,415527,6
64027,3259,موتورملاموسی,415528,6
64028,3259,مرادآباد,415530,6
64029,3259,روستای سفیدک,415533,6
64030,3259,قنات نورمحمد(نظر آباد هومکی نوک چاه),415534,6
64031,3259,موتور سید محمد سید خان,415535,6
64032,3259,موتورمحمدفقیر,415536,6
64033,3259,موتور موسی فقیر( اله آبادموسی),415537,6
64034,3259,چاه رسول (چراغ قنبرزهی ),415590,6
64035,3259,موتور بنیاد,415613,6
64036,3259,توکل آباد (ملا وزیر ),415716,6
64037,3259,حاجی اکبر,415728,6
64038,3259,شنکی,415729,6
64039,3259,سیاه جک,415733,6
64040,3259,قادرآبادگرانشند,415738,6
64041,3259,پلیس راه(پاسگاه راهنمایی),415745,6
64042,3259,محمدآبادزیارتگاه,415814,6
64043,3259,موتور درخاتون( موتور حاج نظر نوتی زهی),415815,6
64044,3259,توکل آباد,415816,6
64045,3259,موتور رشید,415818,6
64046,3259,چاه جنگیان ریگی,415819,6
64047,3259,موتورحاج محمدجان سالارزهی,415821,6
64048,3259,چاه خدابخش(عبداله),415822,6
64049,3259,چاه حاج محمد بلوچ زهی,415823,6
64050,3259,موتور حاجی نظر (محمد),415824,6
64051,3259,موتورحاج قادر,415825,6
64052,3259,موتور حسین,415826,6
64053,3259,موتورمرید,415827,6
64054,3259,موتور حاجی مالکی,415829,6
64055,3259,موتورامیربراهویی,415830,6
64056,3259,نوک آباد,415831,6
64057,3259,چاه ملک داد,415832,6
64058,3259,چاه کالی اله داد,415833,6
64059,3259,چاه نورمحمد,415834,6
64060,3259,چاه نازبی بی,415835,6
64061,3259,دوربن حاجی فقیر,415836,6
64062,3259,چاه حاجی حسین (حسین آباد کالی),415837,6
64063,3259,موتورصالح محمد,415838,6
64064,3259,چاه غلام نبی خواستی,415839,6
64065,3259,محمدآباد(سلطان ),415841,6
64066,3259,مولوی آباد,415842,6
64067,3259,گزوآباد,415843,6
64068,3259,موتورقنبرزهی,415844,6
64069,3259,مرغداری ابراهیم نارویی,415845,6
64070,3259,چاه حسن,415846,6
64071,3259,توکل آباد (عزیز آباد ),415847,6
64072,3259,قنات ابراهیم,415850,6
64073,3259,چاه نوک بندک,415851,6
64074,3259,ابراهیم آباد,415852,6
64075,3259,عظیم آبادپودچاه,415853,6
64076,3259,سنگری پایین(عظیم),415854,6
64077,3259,علی آبادبالا(1),415856,6
64078,3259,موتوراسلام آباد,415857,6
64079,3259,موتوراله یار,415859,6
64080,3259,عبدل آباد سیاه شیر,415860,6
64081,3259,موتور خدابخش ریگی(گیمی),415861,6
64082,3259,نوک آبادچشمه,415862,6
64083,3259,یوسف آباد,415863,6
64084,3259,موتورارتش,415866,6
64085,3259,گاوداری محمودی,415867,6
64086,3259,موتورخدابخش,415868,6
64087,3259,دین محمد آباد,415869,6
64088,3259,پارک جنگلی,415870,6
64089,3259,موتور حاجی نیک محمد,415873,6
64090,3259,موتور حاجی حبیب اله,415874,6
64091,3259,الهدادآباد,415875,6
64092,3259,چاه حاجی شاه محمد,415877,6
64093,3259,مزرعه محمداعظم,415879,6
64094,3259,چاه عبدالغنی (نور آباد),415880,6
64095,3259,رحمت آباد,415882,6
64096,3259,پمپ بنزین,415885,6
64097,3259,مرغداری حسین ملاشاهی (ققنوس),415886,6
64098,3259,مرغداری ماکادام,415887,6
64099,3259,مرغداری نارویی,415888,6
64100,3259,کلاته رزاق زاده,415889,6
64101,3259,موتوراحمدآباد,415890,6
64102,3259,موتورعبدالکریم,415893,6
64103,3259,موتور حاج عبدالحمید ریگی(غنی آباد),415894,6
64104,3259,پایگاه پدگی,415934,6
64105,3259,قاسم آباد,415937,6
64106,3259,گاوداری الله دینی( حسین آباد),416533,6
64107,3259,گاوداری جهادکشاورزی,416534,6
64108,3259,مرغداری صمدشهرکی,416536,6
64109,3259,مرغداری نخعی,416537,6
64110,3259,گاوداری شهدادشه بخش,416538,6
64111,3259,موتور محمد علی گرگیچ (موتور عظیم ),416540,6
64112,3259,موتور حاجی شیر محمد,416541,6
64113,3259,خیرآباد,416543,6
64114,3259,حاجی آباد,416550,6
64115,3259,چاه مریم,416551,6
64116,3259,کریم آباد (الله داد),416553,6
64117,3259,گاوداری محمد محمدی,416555,6
64118,3259,چاه علم شه بخش,416556,6
64119,3259,رحیم آباد,416558,6
64120,3259,کارخانه خوراک دام,416561,6
64121,3259,مرغداری صباغی,416563,6
64122,3259,نور آباد,416568,6
64123,3259,سنگی چاه,416569,6
64124,3259,حسن آبادکروکی,416570,6
64125,3259,چاه حسین,416572,6
64126,3259,کودکی,416573,6
64127,3259,موتوربهادر,416574,6
64128,3259,موتوربهرام نوتی زهی,416575,6
64129,3259,حسن آبادبزگونی,416577,6
64130,3259,موتور هاجره قنبر زهی,416579,6
64131,3259,موتور جینهدوک,416581,6
64132,3259,چاه فیض اله (عیسی),416582,6
64133,3259,قنات حاجی میرزا,416583,6
64134,3259,علی آباد (چاه حاجی نواب),416584,6
64135,3259,اسلام آبادشندک,416586,6
64136,3259,علی آباد,416587,6
64137,3259,چاه نورالدین,416589,6
64138,3259,امام آبادچشمه,416590,6
64139,3259,چاه حسن(جلال آباد),416592,6
64140,3259,موتوردادخدا,416594,6
64141,3259,عظیم آباد,416595,6
64142,3259,غریب آبادپوگی,416596,6
64143,3259,امیرآباد,416597,6
64144,3259,نورآبادهش,711565,6
64145,3259,لجه ای,711566,6
64146,3259,امیدآبادپودچاه,711567,6
64147,3259,تاج محمدآبادسیاه کوه,711574,6
64148,3259,چشمه نادر,711581,6
64149,3259,موتورعلیرضاریگی,711602,6
64150,3259,موتورزمان خان,711615,6
64151,3259,حسین آبادخواجه مسک,711621,6
64152,3259,مصطفی آبادتنگ ندام,711622,6
64153,3259,عزیزآبادگرانشند,711623,6
64154,3259,موتورحبیب آباد,711676,6
64155,3259,شیرکروداکبرآباد,711678,6
64156,3259,حاجی آبادپبی(تیموری),711679,6
64157,3259,اله آبادپبی,711680,6
64158,3259,مصطفی آبادتنگ ندام(فیض آباد),711681,6
64159,3259,چاه برادران,711712,6
64160,3259,موتور حمزه شه بخش,711856,6
64161,3259,نعمت آباد پوگی,711857,6
64162,3259,گنجکک,711863,6
64163,3259,الله آبادپوگی,711864,6
64164,3259,حسین آبادسیاه جک,711892,6
64165,3259,کریم آبادچشمه,711893,6
64166,3259,عبداله آباد,711894,6
64167,3259,چاه علی رضانوتی زایی,711895,6
64168,3259,شهرک علی آبادزردچاه,711897,6
64169,3259,کوزگی,711898,6
64170,3259,اسلام آبادوارو,711901,6
64171,3259,مجیدآباد,711902,6
64172,3259,چراغ ریگی,711903,6
64173,3259,غلام آباد,711941,6
64174,3259,انوشیروان آباد,711942,6
64175,3259,عیسی آباد,711943,6
64176,3259,حسن آبادپوگی,711944,6
64177,3259,نظرآبادپوگی,711945,6
64178,3259,چاه یارمحمدگمشادزهی,711946,6
64179,3259,خانه های براهویی,711947,6
64180,3259,چاه حاجی عزیز(چشمه زیارتگاه),811032,6
64181,3259,چاه رضا حسن زهی,811033,6
64182,3259,چاه حسین (نظر),811037,6
64183,3259,عظیم آباد کدوکی,811040,6
64184,3259,چاه حاجی نظر( کریم آباد),811041,6
64185,3259,چاه حبیب نهتانی,811042,6
64186,3259,چاه محمد گمشاد زهی,811043,6
64187,3259,اله آباد(تاج محمد),811044,6
64188,3259,شمس آباد(عبدالسلام),811045,6
64189,3259,مجتمع تفریحی ایران بلوچ,811162,6
64190,3259,دامپروری محمد علی ریگی و پسران,811163,6
64191,3259,اله آباد روغنی(حاجی محمد شه بخش),811164,6
64192,3259,چاه روغنی (هاشم آباد),811165,6
64193,3259,رحیم آبادکروکی,811166,6
64194,3259,صبرآباد,811169,6
64195,3259,سنجرآباد3,811170,6
64196,3259,ابراهیم آبادپودچاه,811171,6
64197,3259,اردوگاه الغدیر,811173,6
64198,3259,موتورعظیم پرست,811174,6
64199,3259,رسول آباد,811175,6
64200,3259,موتور ابراهیم شه بخش,811176,6
64201,3259,حسین آبادجیکولی,811177,6
64202,3259,موتور حاجی غنی,811178,6
64203,3259,نوک آباد(سرآباد),811180,6
64204,3259,غریب آباد,811181,6
64205,3259,جلال آبادوادو,811182,6
64206,3259,کشتارگاه صنعتی دام,811188,6
64207,3259,آهوآب,811189,6
64208,3259,امام آباد,811190,6
64209,3259,احمد آباد الماسکی,811191,6
64210,3259,پیرکان(پیرکهن),811192,6
64211,3259,رحمت آباد( قنات شاه محمد شاهوزایی),811193,6
64212,3259,نوک چاه پالیزی(نادر),811242,6
64213,3259,شیرآباد,811260,6
64214,3259,نوک آباد گیمی,811261,6
64215,3259,موتور حاجی کمال (میر احمد),811262,6
64216,3259,اسلام آباد خواجه مسک,811263,6
64217,3259,علی آباد پود چاه,811264,6
64218,3259,محمدآبادجرو پودچاه,811265,6
64219,3259,کریم آباد سیاه کوه,811267,6
64220,3259,جمشید آباد (محمد علی سالار زهی),811268,6
64221,3259,ابراهیم آباد (پیرزنگو),811269,6
64222,3259,شهرک عشایری شه مراد آباد,811270,6
64223,3259,همت آبادخواجه مسک,811271,6
64224,3259,چاه ملک پکیر,811272,6
64225,3259,نبی آباد,811273,6
64226,3259,موتور ناصر,811274,6
64227,3259,قنات حاج عظیم قنبرزهی,811286,6
64228,3259,ملک آباد,811287,6
64229,3259,محمدآباد سنگری,811303,6
64230,3259,عباس آباد,811304,6
64231,3259,چاه محمد علی,811305,6
64232,3259,چاه محمد گل قنبرزهی,811306,6
64233,3259,موتور حاجی رشید,811307,6
64234,3259,توکل آبادگردجنگل,811308,6
64235,3259,علی آباد پایین کم زرد(سید محمد),811309,6
64236,3259,چاه حاجی اله داد (سیاه توک),811310,6
64237,3259,محله حاجی ملک داد,811311,6
64238,3259,کلاغ آباد میرزا چاهی(غریب آباد میرزا چاهی),811312,6
64239,3259,چاه یار محمد شه بخش,811313,6
64240,3259,چاه دادشاه,811314,6
64241,3259,چاه نوک بندک قنبرزهی,811315,6
64242,3259,خیرآباد کم زرد,811316,6
64243,3259,چاه موسی,811317,6
64244,3259,گاوداری جیگولی,811318,6
64245,3259,گلخانه حاجی اکبری,811372,6
64246,3259,گاوداری,811373,6
64247,3259,گاوداری 819,811374,6
64248,3259,گاوداری خانم کنیز رضا روستایی,811375,6
64249,3259,گاوداری در دست ساخت,811376,6
64250,3259,کشت و صنعت قوه قضاییه,811377,6
64251,3259,میدان بار هامون ثمر,811378,6
64252,3259,گلخانه سرهنگ کیخا (امین),811380,6
64253,3259,چاه حلیم شهلی بر,811381,6
64254,3259,چاه حاجی امرالدین,811382,6
64255,3259,مرغداری براهویی,811383,6
64256,3259,چاه حاجی محمد,811384,6
64257,3259,انبار عشایری جهاد,811386,6
64258,3259,مزرعه حاجی مجید,811390,6
64259,3259,چاه شمس الدین میر بلوچزهی,811394,6
64260,3259,موتور گل محمدعالی زهی,811395,6
64261,3259,چاه حاجی شهداد,811396,6
64262,3259,چاه ملک,811397,6
64263,3259,چاه گل محمد,811398,6
64264,3259,چاه حبیب اله,811399,6
64265,3259,چاه ابراهیم (فرزند شهداد),811400,6
64266,3259,موتور ملاخداداد,811401,6
64267,3259,چاه حاجی خداداد,811402,6
64268,3259,چاه دلدار قنبرزهی,811403,6
64269,3259,مجید آباد (گمشاد زهی),811406,6
64270,3259,چاه اله داد میر بلوچزهی شه بخش,811407,6
64271,3259,چاه نادر گمشاد زهی,811408,6
64272,3259,موتورحاجی مهراب,811409,6
64273,3259,حسین آباد,811410,6
64274,3259,اسماعیل آباد,811411,6
64275,3259,چاه اله داد شه بخش,811412,6
64276,3259,موتور لعل محمد شه بخش,811413,6
64277,3259,چاه عمرشه بخش,811414,6
64278,3259,موتور منگل قنبر زهی (زر بی بی),811415,6
64279,3259,موتور محمد عظیم علیزهی شه بخش,811416,6
64280,3259,موتور حور نسا قنبر زهی,811417,6
64281,3259,اسماعیل آباد (فرزند احمد/پری خاتون),811418,6
64282,3259,چاه رحیم دلشاد,811432,6
64283,3259,چاه محمود نارویی,811433,6
64284,3259,چاه محمد نوتی زهی چشمه,811434,6
64285,3259,چاه محمد رسول نوتی زهی,811435,6
64286,3259,چاه ولی محمد,811436,6
64287,3259,چاه حاجیه بی بی حوا,811437,6
64288,3259,چاه محمد درخواه (ابراهیم),811438,6
64289,3259,چاه فیض محمد نوتی زهی,811439,6
64290,3259,چاه فاطمه نوتی زهی,811440,6
64291,3259,چاه کمال شه بخش,811441,6
64292,3259,چاه خدابخش نوتی زهی,811442,6
64293,3259,دامداری نوراله رسولی مقدم,811443,6
64294,3259,موتور حاجی حسین شه بخش,811444,6
64295,3259,موتور حبیب اله قنبر زهی,811445,6
64296,3259,موتور رشید شه بخش,811446,6
64297,3259,چاه رحیم براهویی,811447,6
64298,3259,چاه احمدشه بخش,811448,6
64299,3259,چاه جنگیان قنبرزهی,811449,6
64300,3259,چاه محمد نوتی زهی,811450,6
64301,3259,چاه موسی شه بخش,811451,6
64302,3259,پدکی,811456,6
64303,3259,چاه نادر(فیض آباد),811457,6
64304,3259,یوسف آباد وارو(عبدالله),811458,6
64305,3259,کاران کشی(میر آباد),811459,6
64306,3259,اله آبادبید,811460,6
64307,3259,چاه سرهنگ جمشید نیا,811463,6
64308,3259,چاه حاجی مرید,811469,6
64309,3259,خداآباد,811471,6
64310,3259,موتور نورالدین,811472,6
64311,3259,موتور رحمت عالی زهی,811473,6
64312,3259,چاه محمد حیات (زور آباد),811474,6
64313,3259,چاه شه مراد,811475,6
64314,3259,زرین چاهوک (چاه رحیم جمشید زهی),811476,6
64315,3259,چاه محمد نور بلوچزهی,811477,6
64316,3259,چاه پرویز جمشید زهی,811478,6
64317,3259,چاه قادر,811479,6
64318,3259,چاه دلمراد هپوزاده,811480,6
64319,3259,چاه صاحبداد,811481,6
64320,3259,چاه باران براهویی,811482,6
64321,3259,چاه ملک داد گرگیچ,811483,6
64322,3259,چاه حاجی خواستی قنبرزهی,811484,6
64323,3259,چاه نبی اله داد (قنبرزهی),811485,6
64324,3259,چاه عبدالمالک,811486,6
64325,3259,شاندیز,811487,6
64326,3259,نلوکی حاجی نور خاتون,811488,6
64327,3259,موتور حاجی ماء الدین قنبرزهی,811489,6
64328,3259,نعمت آباد روغنی,811490,6
64329,3259,چاه عبدالحمید قنبرزهی(شهسوار),811491,6
64330,3259,عمرگزی,811492,6
64331,3259,موتور حاجی عزیز,811495,6
64332,3259,لقمان آباد,811496,6
64333,3259,حمیدآباد,811497,6
64334,3259,چاه حاجی سید محمد,811498,6
64335,3259,کریم آباد,811499,6
64336,3259,موسی آباد کالی,811500,6
64337,3259,چاه حاجی شاه محمد (نوک آباد),811501,6
64338,3259,سعیدآبادرادوچاهی,811502,6
64339,3259,موتورحاجی عبدل (حاجی موسی),811503,6
64340,3259,چاه حاجی عبدالرحمان(علی آباد),811504,6
64341,3259,چاه حاجی شاه برات شه بخش,811505,6
64342,3259,موتور حاجی اسماعیل,811506,6
64343,3259,چاه موتور حاجی فقیر,811507,6
64344,3259,پلنگی آباد 3,811508,6
64345,3259,موتوردلمرادشه بخش,811510,6
64346,3259,قنات دلمراد,811511,6
64347,3259,موتور علی گرگیچ,811512,6
64348,3259,موتورنادر,811513,6
64349,3259,موتور نور بی بی ریگی,811514,6
64350,3259,چاه پیر محمد براهویی(موتور علی شیر),811515,6
64351,3259,موتورعلی اسماعیل زایی,811516,6
64352,3259,موتور حاجی انور ریگی,811517,6
64353,3259,موتور گل پری اربابی (موتور محمد علی گرگیچ/عظیم),811518,6
64354,3259,خانه های کادر,811519,6
64355,3259,کارخانه آسفالت,811520,6
64356,3259,موتور سید نور ریگی,811521,6
64357,3259,چاه بیگم شه بخش,811522,6
64358,3259,مرغداری 418 ایثارگران,811523,6
64359,3259,گلخانه سرحدی,811524,6
64360,3259,حسن آباد ناسی,811525,6
64361,3259,نوک آباد ناسی,811526,6
64362,3259,تلارک(قادر شاهو زهی),811527,6
64363,3259,شیرآباد خواجه مسک,811528,6
64364,3259,نظرمحمدآباد,811529,6
64365,3259,محمدآبادخواجه مسک,811530,6
64366,3259,اله آباد آل گری (بی برگ شه بخش),811531,6
64367,3259,آل گری زرد چاهوک,811532,6
64368,3259,کریم آباد سیاه شیر,811533,6
64369,3259,مرغداری,811534,6
64370,3259,مجتمع فدک,811535,6
64371,3259,انبار بانک استان,811536,6
64372,3259,بهشت محمد,811537,6
64373,3259,معدن سنگ (مهندس چاوشی),811538,6
64374,3259,عبدل آبادموراکو,811539,6
64375,3259,موتورانور,811540,6
64376,3259,اکبرآبادخرنه,811542,6
64377,3259,خانه های اسماعیل شه بخش,811543,6
64378,3259,پایگاه برجک اول,811544,6
64379,3259,دلمرادآباد,811545,6
64380,3259,موتورمحمدگل,811546,6
64381,3259,مسجد,811548,6
64382,3259,سعید آباد پودچاه,811549,6
64383,3259,موتور حاجی نادر,811550,6
64384,3259,الله آباد جهانگیرک(کاکر),811551,6
64385,3259,موتور محمد ریگی (رایه),811552,6
64386,3259,چاه حاجی لال محمد(فاطمه شه بخش),811553,6
64387,3259,یاسر آباد,811554,6
64388,3259,گاوداری کبدانی,811555,6
64389,3259,چاه حاجی نصرالله شه بخش,811556,6
64390,3259,چاه سلطان محمد,811557,6
64391,3259,چاه حاجی یار محمد,811559,6
64392,3259,چاه حاجی جلال,811560,6
64393,3259,چاه حاجی عبدالواحد,811561,6
64394,3259,موتور حاجی عیسی قنبر زهی,811562,6
64395,3259,موتور حاجی حامد نارویی,811563,6
64396,3259,چاه حاج سیاه خان گرگیج(سالارزهی),811564,6
64397,3259,موتور حاجی ملنگ,811565,6
64398,3259,عادل آباد,811566,6
64399,3259,چاه حاجی احمد عالی زهی,811568,6
64400,3259,موتور حاجی ملک غلام شاه,811569,6
64401,3259,تیپ110سلمان فارسی,811572,6
64402,3259,موتور پیر محمد ریگی,811605,6
64403,3259,کم زرد,811652,6
64404,3259,چاه حاجی شاه محمدکالی,811685,6
64405,3259,اتوبوسرانی,811688,6
64406,3259,شریف آباد رادو چاهی (حاجی شریف),811696,6
64407,3259,چاه خدا نظر نوتی زهی,811697,6
64408,3259,چاه منصور,811698,6
64409,3259,محمدآبادپوگی,842094,6
64410,3259,حاجی آبادشورک,842113,6
64411,3259,ملک آبادسفیدک,842117,6
64412,3259,قادرآبادمومن,842144,6
64413,3259,حق آباد,842145,6
64414,3259,الله آبادراهب,842146,6
64415,3259,عزت آبادنلوکی,842147,6
64416,3259,جکو,842148,6
64417,3259,کوثرآبادالماسکی,842149,6
64418,3259,اسماعیل آباداناری,842150,6
64419,3259,مهراب آبادجهانگیر,842151,6
64420,3259,علی آبادمحمودآباد,842152,6
64421,3259,احمدآبادجوانتل,842153,6
64422,3259,جمشیدآبادپیتکی,842154,6
64423,3259,بیتگ,842155,6
64424,3259,پالیزی(زرین چاه پیتکی),842156,6
64425,3259,نوک آبادرادوچاهی,842157,6
64426,3259,الله آبادسنگری,842158,6
64427,3259,اسماعیل آبادپوگی,842159,6
64428,3259,درانگولوک,842161,6
64429,3259,بیرلوتی,842162,6
64430,3259,متین آباد(موتورعبدالرحمان گمشادزهی),842163,6
64431,3259,خروط,842164,6
64432,3259,حسن آباد,842166,6
64433,3259,عارف آباد,842214,6
64434,3259,حیدرآبادچیدگی,842230,6
64435,3259,سمندرآباد,842246,6
64436,3259,بزگونی,842247,6
64437,3259,اله آباد,842250,6
64438,3259,غریب آباد(آساآباد),842251,6
64439,3259,محمدآبادگریگه,842252,6
64440,3259,شیرآبادپوگی,842301,6
64441,3259,پیرکهن پایین,842314,6
64442,3259,بهادرآباد,842325,6
64443,3259,اسماعیل آبادگمشادزهی,842354,6
64444,3259,فیض آبادشندک,842386,6
64445,3259,بالارودسنگری سرتوک گوربند,842392,6
64446,3259,کنگری,842409,6
64447,3259,صغیرآباد,842413,6
64448,3259,موتورحاجی یحیی,842437,6
64449,3259,مجتمع رفاهی تیرپارک,842472,6
64450,3259,ایستگاه راه آهن,842483,6
64451,3259,لشکران آباد پبی,842488,6
64452,3259,غلام آباد پبی,842489,6
64453,3259,هاشم آبادلخشک,842492,6
64454,3259,عیسی آبادخواجه مسک,842493,6
64455,3259,نورآباد پالیزی,842495,6
64456,3259,حبیب آباد,842508,6
64457,3259,دوربن بک جود,842509,6
64458,3259,دوربن پایین,842510,6
64459,3259,ابراهیم آباد,842515,6
64460,3259,حسن آباد پبی,842532,6
64461,3259,رحمت آبادحاجی رحیم,842539,6
64462,3259,چوژمحمدآباد,842560,6
64463,3259,مرادآبادچشمه,842587,6
64464,3259,معدن سنگ,911007,6
64465,3259,آل گری زین الدین آباد,911009,6
64466,3259,چاه خدانور (غلام),911010,6
64467,3259,الله آباد,911011,6
64468,3259,محله جنگیان قنبر زهی,911014,6
64469,3259,چاه خداداد,911015,6
64470,3259,موتورهاجره قنبرزهی شه بخش,911034,6
64471,3259,بهزاد آباد جمشید زهی,911044,6
64472,3259,رییس آباد پبی,911046,6
64473,3259,شرکت تمیز نیمروز,911047,6
64474,3259,چاه حبیب اله شاهوزهی,911144,6
64475,3259,چاه پیرمحمد,911146,6
64476,3259,برجک,911147,6
64477,3259,موتور حاجی نواب(نبی آباد),911151,6
64478,3259,سعیدآباد,911161,6
64479,3260,بوک حرمک(بوک پایین),196029,6
64480,3260,پاسگاه کوله سنگی,196033,6
64481,3260,پایگاه لواریاب,196034,6
64482,3260,شرکت تعاونی ایثار یک,196037,6
64483,3260,پدگی بالا,196038,6
64484,3260,پیران,196039,6
64485,3260,حرمک,196047,6
64486,3260,لواری آب,196053,6
64487,3260,لاربالا,196054,6
64488,3260,لارپایین,196055,6
64489,3260,یوسف آباد,196063,6
64490,3260,بوک,270073,6
64491,3260,قرقروک,270075,6
64492,3260,بی سیم پدگی فرودگاه,270080,6
64493,3260,بی سیم فرودگاه,270081,6
64494,3260,جلال آباد,270140,6
64495,3260,ماکریوو(ایستگاه تلویزیون),270141,6
64496,3260,مرغداری نسیم,411410,6
64497,3260,پادگان اموزشی شیخ بهاالدینی,411413,6
64498,3260,شرکت شن ملک رییسی,411418,6
64499,3260,حکیم آباد,411421,6
64500,3260,پاسگاه مرزی بوک,411423,6
64501,3260,پایگاه میل8,411426,6
64502,3260,پایگاه میل 6,411427,6
64503,3260,چاه دیوان,411429,6
64504,3260,پمپاژآب شماره 3,411432,6
64505,3260,پایگاه انتظامی وبرجک مرزی,411435,6
64506,3260,پایگاه ناور چاه,411436,6
64507,3260,پدگی پایین,411437,6
64508,3260,بلوچ آب,411438,6
64509,3260,پاسگاه گنومیل17,411482,6
64510,3260,مجتمع خاتم,412854,6
64511,3260,کلاته کامبوزیا,413200,6
64512,3260,پلیس راه,413201,6
64513,3260,قنات پیر محمد ترک براهویی(اسلام آباد),413203,6
64514,3260,رحیم آباد(عشق آباد),413205,6
64515,3260,مزرعه آموزشی دانشگاه,414289,6
64516,3260,معدن سنگ ارتش,414298,6
64517,3260,علی آباد,414711,6
64518,3260,پایگاه قرقروک,414712,6
64519,3260,دامداری عید محمد رحمان نژاد,415171,6
64520,3260,پاسگاه رباط,415176,6
64521,3260,چاه شماره 1(اکبریان),415721,6
64522,3260,چاه شماره 2(شهیدجمالزهی),415722,6
64523,3260,چاه شماره 3(عرفان),415723,6
64524,3260,چاه شماره 4(محمد),415724,6
64525,3260,چاه شماره 5(دهمرده),415725,6
64526,3260,چاه شماره 6(سارانی),415726,6
64527,3260,چاه شماره 7 (شهرکی),415727,6
64528,3260,پاسگاه انتظامی,415798,6
64529,3260,چاه حمل شه بخش,415799,6
64530,3260,موتور حاجی قادر گرگیچ,415801,6
64531,3260,موتور حنیف گرگیچ,415802,6
64532,3260,پایانه بار,415803,6
64533,3260,برجک,415804,6
64534,3260,شهرک کامبوزیا,415805,6
64535,3260,دامداری گرگیج,415806,6
64536,3260,مجتمع کارخانه های آرد زاهدان,415807,6
64537,3260,مرغداری حاجی رضایی,415812,6
64538,3260,گاوداری حاجی نظر,415813,6
64539,3260,جوژک( دین محمدنهتانی),416893,6
64540,3260,کسوری (یارمحمد),416894,6
64541,3260,چاهک (مصریان براهویی ),416895,6
64542,3260,تروشه,416896,6
64543,3260,روباهک رادوچاهی,416897,6
64544,3260,پوگی ناگت (نبی بخش شه بخش ),416898,6
64545,3260,شورچاه ناگت (سیدشه بخش ),416899,6
64546,3260,کورگزی,416900,6
64547,3260,ایستگاه پمپاژآب شماره 5,416901,6
64548,3260,موتور غلام نبی گرگیچ,416902,6
64549,3260,چاه رحمان لار,711564,6
64550,3260,محمدآبادشوره رود,711582,6
64551,3260,میان بازار,711631,6
64552,3260,چاه شماره17(گرگین آباد),711865,6
64553,3260,فیض آبادشوره رود,711937,6
64554,3260,نورآبادشوره رود,711962,6
64555,3260,رحمت آباد(محمدگل شه بخش),711963,6
64556,3260,موتورعلیجان باقری,811001,6
64557,3260,خوراک دام و طیور دیانت,811123,6
64558,3260,کشتارگاه صنعتی نسیم طیور,811124,6
64559,3260,نورآباد,811125,6
64560,3260,گاوداری علی پودینه,811126,6
64561,3260,موتور احمد عزیزی,811266,6
64562,3260,موتور حاجی عبدی,811366,6
64563,3260,مرغداری حاجی محمد,811385,6
64564,3260,یگان ویژه پاسداران,811387,6
64565,3260,مرغداری حاجی رضا(امید),811388,6
64566,3260,گاوداری حاجی عین الدین کبدانی,811389,6
64567,3260,شرکت خودرو شرق,811392,6
64568,3260,ایستگاه پمپاژ آب 4,811421,6
64569,3260,کارخانه سیمان سیستان,811427,6
64570,3260,موتور حاجی محسن مالکی,811428,6
64571,3260,عزیز آباد,811430,6
64572,3260,نوک آباد(گل بیک قنبرزهی),811431,6
64573,3260,موتور جمال گرگیچ,811452,6
64574,3260,چاه ملک محمد مالکی (ملک آباد),811453,6
64575,3260,موتورعبدالحق رواء(عبدالباسط),811454,6
64576,3260,موتور حاج ناصر گرگیچ,811455,6
64577,3260,موتور محمد ارجمندی,811466,6
64578,3260,موتور نعیم گرگیچ,811699,6
64579,3260,شرکت مرغ طلوع,811702,6
64580,3260,گرانازآبی,842167,6
64581,3260,شریف آبادمیان بازار,842215,6
64582,3260,غفورآباد,842360,6
64583,3260,امان آباد,842534,6
64584,3260,مجتمع خدماتی و رفاهی طوفان,842590,6
64585,3260,انبار بانک صادرات,911016,6
64586,3260,چاه محمد بخش عالی زهی,911048,6
64587,3260,یکه بنه,911049,6
64588,3260,نمازخانه علی آباد,911050,6
64589,3260,لخشک بالا,911057,6
64590,3260,ملنگ آباد,911079,6
64591,3260,ملک آباد( ملک محمد مالکی/بوک بالا),911080,6
64592,3260,لخشک پایین,911081,6
64593,3260,نمازخانه,911101,6
64594,3260,گاوداری محمد حسن زهی,911148,6
64595,3261,چاه زرد,196114,6
64596,3261,الله آباد دومک,196126,6
64597,3261,عزیزآباد,196147,6
64598,3261,کشمک,196156,6
64599,3261,موتوردرمحمد,196371,6
64600,3261,موتور حاجی محمد,411660,6
64601,3261,کشهک,411815,6
64602,3261,موتورجما,413222,6
64603,3261,موتورحاج مسافرقنبرزهی,413228,6
64604,3261,چاه درمحمدمکام,413229,6
64605,3261,پردل آباد,413230,6
64606,3261,موتور محمد کریم (پدگی),413242,6
64607,3261,چاه جما قنبر زهی,413247,6
64608,3261,موتور عیسی( فاطمه شه بخش),413261,6
64609,3261,موتور جمال الدین قنبر زهی,413267,6
64610,3261,موتور رحیم,413302,6
64611,3261,موتور امام بخش,413309,6
64612,3261,حسین آباد,413311,6
64613,3261,موتورصاحبداد,413312,6
64614,3261,موتور دلمراد,413313,6
64615,3261,کوره چنگیز,413319,6
64616,3261,موتور شهباز,413321,6
64617,3261,موتور مزار,413323,6
64618,3261,کوره پیرمحمدشه بخش,413324,6
64619,3261,موتور ناصر,413328,6
64620,3261,عارف آباد,413336,6
64621,3261,موتور غلام رسول,413339,6
64622,3261,موتور گلاب قنبرزهی,413341,6
64623,3261,موتور حاجی غلام,413347,6
64624,3261,چاه حاج محموداسماعیل زهی,413350,6
64625,3261,موتور یارمحمد,413351,6
64626,3261,موتور رسول کمال زهی,413355,6
64627,3261,موتور لشکران,413356,6
64628,3261,موتور سیاه خان,413357,6
64629,3261,موتور ملا بلوچ,413359,6
64630,3261,موتور عباس قنبرزهی (حاجی غلام ),413360,6
64631,3261,موتور حاجی نظر(کمال),413402,6
64632,3261,موتورحاج پسند,413420,6
64633,3261,موتور نظر قنبرزهی فرد,413447,6
64634,3261,موتور حبیب الله,413454,6
64635,3261,موتور تاج محمد,413475,6
64636,3261,موتور حاجی میرزا,413483,6
64637,3261,موتورخان محمدنارویی,414321,6
64638,3261,موتوربالاچ,414341,6
64639,3261,موتور حاجی فیض اله,414343,6
64640,3261,موتورپیربخش(پیرداد),414352,6
64641,3261,موتور امان الله قنبرزهی,414374,6
64642,3261,موتورعبدالعزیز(علیرضا شه بخش ),414401,6
64643,3261,موتور حاجی صاحبداد,414405,6
64644,3261,موتور مهراب(کریم),414406,6
64645,3261,موتور لشکران خدابخش,414412,6
64646,3261,موتور سیدمحمد,414428,6
64647,3261,موتور حاج یوسف,414737,6
64648,3261,موتور ابراهیم شه بخش,414742,6
64649,3261,مجید آباد,414745,6
64650,3261,موتور الله نظر(فیض محمد),414760,6
64651,3261,موتور موسی,414761,6
64652,3261,موتورعبدالصمد,414768,6
64653,3261,موتور علم خان,415153,6
64654,3261,خیرآباد برفی,415155,6
64655,3261,خانه های رضایی,415156,6
64656,3261,موتور غلام شه بخش,415279,6
64657,3261,سید محمد نور قنبرزهی گرگیج,415553,6
64658,3261,موتور محمد (کیچی),415554,6
64659,3261,موتور حاج ابراهیم طاگزی,415555,6
64660,3261,خانه های حاجی داداله,415556,6
64661,3261,چاه سلام,415560,6
64662,3261,موتور دادمحمد قنبر زهی,415563,6
64663,3261,قنات سلیم,415564,6
64664,3261,قنات ناصر(حاجی مجید),415565,6
64665,3261,موتورحاجی گل بی بی,415568,6
64666,3261,کوره حاجی کریم,415569,6
64667,3261,کوره محمد,415570,6
64668,3261,موتور حاجی آقا محمد(موتور آقا),415574,6
64669,3261,موتور محمد میران,415576,6
64670,3261,موتورقادر,415577,6
64671,3261,موتورانور,415581,6
64672,3261,چاه غنی,415584,6
64673,3261,درویش آبادچاه زرد,415586,6
64674,3261,موتور حاجی اسلام,415592,6
64675,3261,موتور اسماعیل (موتور رضایی ),415684,6
64676,3261,موتورتاج محمد,415704,6
64677,3261,موتورخان محمد,415997,6
64678,3261,اسلام آباد,416006,6
64679,3261,نوک آبادلوچو,416017,6
64680,3261,موتورمحمدخان,416018,6
64681,3261,موتورمبین,416020,6
64682,3261,موتورمصطفی قنبرزهی,416022,6
64683,3261,نظرآباد,416023,6
64684,3261,عبدل آباد,416031,6
64685,3261,موتور حاجی رحیم بخش,416050,6
64686,3261,موتور توکل آباد (نور محمد کمال زهی ),416052,6
64687,3261,موتورلال محمد,416056,6
64688,3261,موتورصفر,416079,6
64689,3261,موتور چراغعلی,416087,6
64690,3261,موتور محمد حسین پاک نژاد,416089,6
64691,3261,موتور حاجی واحد,416090,6
64692,3261,موتور حاجی خان محمد,416091,6
64693,3261,موتور شهداد,416093,6
64694,3261,موتورعبدالحسین,416094,6
64695,3261,موتورکریم,416098,6
64696,3261,فضل آباد (پیر محمد),416099,6
64697,3261,توحیدآباد,416117,6
64698,3261,موتور حاج شریف شه بخش,416118,6
64699,3261,موتور خیر بی بی,416599,6
64700,3261,موتور حاجی عبدالقادر,416612,6
64701,3261,کوره حاج محمد اکبر,416669,6
64702,3261,کوره حاجی محمد,416692,6
64703,3261,موتور حاجی شریف,416698,6
64704,3261,موتورملکشاه قنبرزهی,416702,6
64705,3261,موتورکریم (بهادر شه بخش ),416704,6
64706,3261,موتور محمدقنبرزهی,416706,6
64707,3261,نبی آباد,416714,6
64708,3261,موتور حاجی تاج محمد,416715,6
64709,3261,کریم آبادکریم سوره زهی,711904,6
64710,3261,عظیم آباد,711952,6
64711,3261,هاشم آباد,711953,6
64712,3261,موتور جما (عادل آباد),811129,6
64713,3261,کوره حاجی صاحبداد,811131,6
64714,3261,موتور زربی بی,811209,6
64715,3261,روبهک,811281,6
64716,3261,موتور حاجی پتی,811650,6
64717,3261,موتورمهراب (موتور بی بی ناز مهراب),811694,6
64718,3261,خیرآبادچاه زرد,842168,6
64719,3261,سعیدآبادمشترک,842169,6
64720,3261,توحیدآبادبالا,842170,6
64721,3261,گردی جنگل,842216,6
64722,3261,محمدآباد,842217,6
64723,3261,موتورمحمدرضا(شیردل آباد),842248,6
64724,3261,مزرعه ایران نوت,842491,6
64725,3261,موتور محمد یوسف شه بخش,911004,6
64726,3261,موتور برفی قنبرزهی (دادمحمد),911006,6
64727,3261,موتور کریم(عید خان),911051,6
64728,3261,چاه احمد مستیان,911052,6
64729,3261,چاه برفی محمد زهی,911053,6
64730,3261,موتور ملکداد,911055,6
64731,3261,موتور حاجی الله نظر,911056,6
64732,3261,موتور بندو شه بخش,911058,6
64733,3261,موتوراسماعیل دومک,911059,6
64734,3261,موتور حاجی حوا,911061,6
64735,3261,موتور حاجی سعید,911062,6
64736,3261,موتور حاجی اسماعیل,911063,6
64737,3261,موتور محمد انور,911064,6
64738,3261,کوره اسلام شه بخش,911065,6
64739,3261,کوره حکیم (گهرام),911066,6
64740,3261,چاه مجید شه بخش,911067,6
64741,3261,موتور حاجی خداداد,911068,6
64742,3261,موتور عبدالرحمان بریچ,911069,6
64743,3261,موتور عبدالحمید قاسمی قنبر زهی,911070,6
64744,3261,موتور حاجی بهادر,911071,6
64745,3261,چاه سید محمد,911072,6
64746,3261,چاه میربیک,911073,6
64747,3261,موتور عبدالرحیم,911074,6
64748,3261,موتورنعمت اله دومک,911075,6
64749,3261,توکل آباد,911076,6
64750,3261,موتور نعمت اله,911087,6
64751,3261,چاه جمعه,911088,6
64752,3261,چاه حاجی امان اله,911089,6
64753,3261,موتور دادخدا,911090,6
64754,3261,موتور حاجی خدابخش,911091,6
64755,3261,موتور نوک بندک,911092,6
64756,3261,موتور حاجی یوسف,911093,6
64757,3261,موتور ماه بی بی,911094,6
64758,3261,موتورحاج عبدالکریم,911095,6
64759,3261,موتور حاجی عبداله,911096,6
64760,3261,موتور اسماعیل,911097,6
64761,3261,موتور حاجی اسلام شه بخش,911098,6
64762,3261,موتور حاجی عید محمد,911099,6
64763,3261,چاه کمال کمال زهی,911100,6
64764,3261,موتورحاجی شاه نظر,911159,6
64765,3261,موتورماه گل قنبرزهی,911160,6
64766,3261,موتوراسداله قنبرزهی,911162,6
64767,3262,چاه بی ریش,196113,6
64768,3262,ساروک,196134,6
64769,3262,محمدآبادجنگونه,196162,6
64770,3262,پاسگاه تل سیاه,196556,6
64771,3262,جنگونه,196560,6
64772,3262,شهرک چاه حسینعلی,196564,6
64773,3262,اسلام آباد(مهرآباد),196566,6
64774,3262,قنات گرگ آباد,196572,6
64775,3262,دهانه باغی,196586,6
64776,3262,سبزپوشان,196590,6
64777,3262,موتور حاجی محمد,196596,6
64778,3262,کهورک,196605,6
64779,3262,موتور خدانظر جبالی,196606,6
64780,3262,محمودآباد,196612,6
64781,3262,مدوهان,196613,6
64782,3262,قنات گیمی(عزیز),196615,6
64783,3262,مزارآب,196616,6
64784,3262,نوک آباد,196623,6
64785,3262,آب خوران,270147,6
64786,3262,انجیرک بالا,270148,6
64787,3262,جوژ,270152,6
64788,3262,چاه گنج,270158,6
64789,3262,اسلام آبادحصارو,411818,6
64790,3262,خانه های حاجی میربیک,411824,6
64791,3262,رودماهی,411826,6
64792,3262,خانه های خداداد,411828,6
64793,3262,گرگ حیدرآباد,411830,6
64794,3262,دهنه رودماهی,411831,6
64795,3262,قهوه خانه نارویی,411832,6
64796,3262,موتور لشکران,411844,6
64797,3262,کهنوک,411847,6
64798,3262,انجیرک پایین,411848,6
64799,3262,موتور حاج خداداد نارویی,413210,6
64800,3262,ملک آباد,413211,6
64801,3262,مرغداری اسکل,413213,6
64802,3262,گاوداری عیدو,413214,6
64803,3262,مرغداری سعید (شهریاری),413215,6
64804,3262,مرغداری گلدشت,413216,6
64805,3262,مرغداری ایمان,413217,6
64806,3262,گاوداری هوشنگ,413218,6
64807,3262,بی سیم سنتو,413219,6
64808,3262,غریب آباد,413231,6
64809,3262,چاه عبدالحکیم نارویی,413234,6
64810,3262,احمدآبادحصارو,413235,6
64811,3262,میرآبادگرگ محمدنارویی,413236,6
64812,3262,موتور شابیک(خلیل),413238,6
64813,3262,موتوردرمحمدحصارو,413239,6
64814,3262,موتورعلی زابلی,413240,6
64815,3262,جوری,413244,6
64816,3262,موتورنظربشام,413245,6
64817,3262,پردل آباد,413250,6
64818,3262,چاه زمان خان,413252,6
64819,3262,موتور حلیم نارویی,413257,6
64820,3262,موتور یار محمد نارویی مختار,413259,6
64821,3262,مشاع امرالله نارویی پگاه,413262,6
64822,3262,چاه حاجی دوست محمد (سیاه لوپ),413265,6
64823,3262,چاه موسی نارویی,413266,6
64824,3262,چاه مالداری انورنوتی زهی,413268,6
64825,3262,موتور موسی نارویی (رحمت),413269,6
64826,3262,موتور مولوی رحمت,413270,6
64827,3262,شهرک حصاروییه,413272,6
64828,3262,فضل آباد,413275,6
64829,3262,رضاآبادحصارو,413276,6
64830,3262,چاه سید محمد,413284,6
64831,3262,موتورحاجی ابراهیم,413289,6
64832,3262,موتور علیم(غلامرضا),413290,6
64833,3262,موتورحاجی محمدشریف,413294,6
64834,3262,چاه درمحمدنوتی زهی(حسن),413296,6
64835,3262,موتور حاجی شیر محمد(عبداله),413297,6
64836,3262,محمدآباد,414300,6
64837,3262,رستوران ستاره کویر,414313,6
64838,3262,شرکت پرواربندی 389 مهران,414315,6
64839,3262,پایگاه رودماهی,414320,6
64840,3262,موتورحاجی محمودنارویی,414330,6
64841,3262,موتورامام بخش,414335,6
64842,3262,الله آباد(حاجی محمدنور),414336,6
64843,3262,علی آبادگرگ,414788,6
64844,3262,خانه های حاجی نور محمد,414789,6
64845,3262,کوره های شهید بهشتی,414790,6
64846,3262,موتورنظرمحمد,414791,6
64847,3262,موتور حاجی جما,414794,6
64848,3262,خیرآبادپدشاهی,414799,6
64849,3262,موتور پیر محمد,414801,6
64850,3262,موتورمهیم نارویی,414803,6
64851,3262,جلال آباد,415177,6
64852,3262,موتور حاجی لشکران,415178,6
64853,3262,شهرک گرگ حیدر آباد,415179,6
64854,3262,موتور حاجی شیر علی,415180,6
64855,3262,موتورمولوی احمدنارویی,415181,6
64856,3262,موتور قیمتی نارویی,415183,6
64857,3262,موتورکریم نوتی زهی,415184,6
64858,3262,موتورغلامحسین,415185,6
64859,3262,همت آباد,415395,6
64860,3262,موتورچنگیز,415542,6
64861,3262,موتورزمان خان حصارو,415543,6
64862,3262,موتورحسین نارویی نصرتی,415547,6
64863,3262,موتورمولوی جان محمد,415548,6
64864,3262,موتور نصیر(مجید),415551,6
64865,3262,گاوداری شهرکی,415559,6
64866,3262,موتور علیخان تخشی,415948,6
64867,3262,موتور سلطان محمد,415949,6
64868,3262,موتور عبداله زردازهی,415950,6
64869,3262,موتورحاجی دین محمد,415951,6
64870,3262,موتور مهراب,415953,6
64871,3262,موتور حمید,415954,6
64872,3262,شهرک گراغه,415956,6
64873,3262,موتور شیرا,415957,6
64874,3262,روشن آباد,415958,6
64875,3262,اسلام آباد,415959,6
64876,3262,حسین آباد,415963,6
64877,3262,پورجنگی,415964,6
64878,3262,بندملک محمد,415967,6
64879,3262,گل محمد(چاه حسینعلی),415968,6
64880,3262,محمد آبادچاه گنج,415969,6
64881,3262,چاه رحمان,415971,6
64882,3262,سوت آپ,415972,6
64883,3262,گروهان انتظامی مدوهان,415976,6
64884,3262,چاه حسین نارویی(توکل آباد),415978,6
64885,3262,موتور حمید براهویی,415979,6
64886,3262,چاه خان محمد سالارزهی,415980,6
64887,3262,شهرک شور چاه,415981,6
64888,3262,همت آبادشورچاه(عبدالکریم),415983,6
64889,3262,موتورمهدی نارویی نصرتی,415986,6
64890,3262,موتور خدابخش,415987,6
64891,3262,موتورانوشیروان حصارو,415988,6
64892,3262,موتورابراهیم(حاجی شوکت),415989,6
64893,3262,علی آباد(لطیف),415990,6
64894,3262,موتور محمد رسول نارویی,415991,6
64895,3262,موتورشیرمحمد,415992,6
64896,3262,موتورصاحب داد(رضا),415994,6
64897,3262,موتورخدانظر(کریم آباد),415995,6
64898,3262,رحمت آباد,415996,6
64899,3262,گلک,416002,6
64900,3262,رسول آباد,416009,6
64901,3262,رباط(آبریزک),416012,6
64902,3262,آب دوزک,416013,6
64903,3262,کریم آباد چاه گلی,416016,6
64904,3262,موتورقادربخش شه بخش,416699,6
64905,3262,موتورزمان خان,416700,6
64906,3262,موتورخواستی نوتی زهی,416705,6
64907,3262,موتوراسماعیل نارویی,416717,6
64908,3262,قرارگاه مقداد,416718,6
64909,3262,موتورجما میر خان,416719,6
64910,3262,حسن آبادلنکه,416721,6
64911,3262,جلایی لنکه,416722,6
64912,3262,چاه رشیدلنکه,416724,6
64913,3262,مددآبادلنکه,416725,6
64914,3262,موتورعبدالمجید,416726,6
64915,3262,آسکوه,416728,6
64916,3262,بگ(چاه جان محمد),416729,6
64917,3262,گلک توکلی,416730,6
64918,3262,قاسم بمپوری (جلیل آباد),416731,6
64919,3262,موتور حاجی عبدالرحمان,416800,6
64920,3262,خیرآبادپدگی موتورصاحبدادنوتی زهی,416867,6
64921,3262,علی آباد,416870,6
64922,3262,افضل آباد,416871,6
64923,3262,بنی رود(داوود),416873,6
64924,3262,موتور منصور,416875,6
64925,3262,موتورعید محمد نارویی,416876,6
64926,3262,موتور حاجی شهباز براهویی,596084,6
64927,3262,چاه بولان,711474,6
64928,3262,چاه حاج موسی,711475,6
64929,3262,موتورپیربخش(انجیروک),711476,6
64930,3262,کمپینگ مس چهل کوره,711584,6
64931,3262,محمودآباددهنه باغی,711585,6
64932,3262,موتورحمیدنارویی,711593,6
64933,3262,شمس آبادگراغه,711660,6
64934,3262,علی آبادگراغه,711661,6
64935,3262,شرکت راهسازی کنستروکسیون,711670,6
64936,3262,احمدآباد,711671,6
64937,3262,معدن سفیدسنگ رضایی,711672,6
64938,3262,پدگی بالا(دوران),711905,6
64939,3262,پدگی پایین(عیسی),711906,6
64940,3262,کله گر,711907,6
64941,3262,کمال آباد,711908,6
64942,3262,حاجی آبادکله گر,711909,6
64943,3262,گره توت,711911,6
64944,3262,گرونلی جهانگیر,711912,6
64945,3262,موتورواحدپاک توتازهی,711913,6
64946,3262,موتورعبدالرحمن,711914,6
64947,3262,موتورمحمدصفر,711915,6
64948,3262,فقیرآباد,711978,6
64949,3262,خلیل آباد,711984,6
64950,3262,موتورخدابخش,811046,6
64951,3262,موتور محمد حسین نژاد نوتی زهی,811105,6
64952,3262,موتور قادر بخش نوتی زهی,811117,6
64953,3262,موتورانوشیروان,811118,6
64954,3262,موتورحاجی میرشیر,811119,6
64955,3262,تخت,811120,6
64956,3262,موتور عبدالواحد توتازهی,811121,6
64957,3262,موتورشماره 2 (حاج محمد),811128,6
64958,3262,موتور محمد نارویی نصرتی,811714,6
64959,3262,موتور شماره 1 (صفر نارویی),811715,6
64960,3262,موتور شماره 3(عیسی),811716,6
64961,3262,حاجی آباد(چاه حسینعلی),842036,6
64962,3262,موتورسهراب,842039,6
64963,3262,زورآباد,842040,6
64964,3262,حاجی آبادگراغه,842041,6
64965,3262,معدن نوک آباد,842042,6
64966,3262,رضاآباد,842043,6
64967,3262,موتورعلیشاه(عبدالحمید),842044,6
64968,3262,موتورنورمحمد,842045,6
64969,3262,چاه محمدافضل,842046,6
64970,3262,چاه محمد(گلزار),842047,6
64971,3262,موتورحاجی خدابخش سیاه لوپ,842048,6
64972,3262,موتورعبدالباسط,842049,6
64973,3262,عباس آبادگلک,842050,6
64974,3262,گرونلی حصاروییه,842051,6
64975,3262,چاه حمیدنارویی,842052,6
64976,3262,موتورعبدالعزیزنارویی,842053,6
64977,3262,موتورپتی(مهیم),842054,6
64978,3262,موتورمنصورنارویی(شهیدعبدل صالح),842055,6
64979,3262,موتورمحمدنارویی,842171,6
64980,3262,امیدآبادشوین,842172,6
64981,3262,رحیم آباد,842173,6
64982,3262,الله آباد,842174,6
64983,3262,مهرآباد,842262,6
64984,3262,عیدوجان نارویی,842412,6
64985,3262,موتور کریم شاهوزهی,842494,6
64986,3262,حاضرآباد,842496,6
64987,3262,مزرعه فتح اله,842498,6
64988,3262,مزرعه عبدالرحیم نارویی,842499,6
64989,3262,مزرعه غفورآباد,842500,6
64990,3262,مزرعه مهدی آباد,842502,6
64991,3262,مزرعه عبدالعزیز,842503,6
64992,3262,زورآباد(محمد),842512,6
64993,3262,گزفقیران,842513,6
64994,3262,محمدآبادکله پده,842565,6
64995,3262,محمدآبادپده,842566,6
64996,3262,حسین آبادپده,842567,6
64997,3262,چشمه سنجی,842583,6
64998,3262,حاجی آباد,842586,6
64999,3262,نعمت آباد,842593,6
65000,3262,محمدآبادمیروزهی,842594,6
65001,3262,موتور قاسم,911103,6
65002,3262,موتورحبیب نارویی راغ,911104,6
65003,3262,چاه یوسف نارویی,911105,6
65004,3262,موتور حاجی شیر محمد,911106,6
65005,3262,تخت جمشید,911107,6
65006,3262,موتور محمد گل مزاری,911108,6
65007,3262,موتوردرمحمد,911109,6
65008,3262,موتور حمید (حاجی یعقوب),911110,6
65009,3262,موتور عبدل لطیف,911111,6
65010,3262,علی آبادچاه شهداد,911112,6
65011,3262,چاه زمان خان حصارو,911113,6
65012,3262,موتور عید محمد نارویی,911115,6
65013,3262,موتور محمد حسین نارویی,911116,6
65014,3262,موتور حاج آسا (عزیز),911117,6
65015,3262,مرغداری سلجوقیان,911118,6
65016,3262,گاوداری محمود,911119,6
65017,3262,موتور احمدیان,911120,6
65018,3262,موتور محمد نارویی,911121,6
65019,3262,دامداری نارویی,911122,6
65020,3262,دامداری اله بخش,911123,6
65021,3262,کبابی ساقی,911124,6
65022,3262,شهرک صنعتی,911125,6
65023,3262,دامپزشکی,911126,6
65024,3262,موتور یوسف,911127,6
65025,3262,موتورنصراله,911128,6
65026,3262,موتوربجار,911129,6
65027,3262,محبت آباددایی جبالی,911130,6
65028,3262,موتور عید محمد,911131,6
65029,3262,موتور عبدالحکیم,911132,6
65030,3262,چاه عباس,911133,6
65031,3262,قنات رسول,911135,6
65032,3262,چاه اسماعیل,911136,6
65033,3262,موتور ابراهیم شه بخش,911137,6
65034,3262,موتورعلی بیک نارویی,911138,6
65035,3262,موتورحبیب سالارزهی,911139,6
65036,3262,چاه عبدالصمد,911141,6
65037,3262,موتور رحیم نارویی,911152,6
65038,3263,شریف آباد,196141,6
65039,3263,اسماعیل آبادشورک,196269,6
65040,3263,باگو,196274,6
65041,3263,توکل آباد,196280,6
65042,3263,جمال آباد,196282,6
65043,3263,حاجی آباد مینویی,196291,6
65044,3263,حاجی آباد,196293,6
65045,3263,حافظ آباد,196299,6
65046,3263,حسن آبادکورین,196300,6
65047,3263,رحمت آبادمینویی,196301,6
65048,3263,دهک عبداله,196306,6
65049,3263,دهک سیدآباد,196307,6
65050,3263,دهو,196308,6
65051,3263,رستم آباد (شورشادی ),196312,6
65052,3263,زورآباد,196314,6
65053,3263,سردشت سرجنگل,196317,6
65054,3263,قلعه بید,196332,6
65055,3263,قنات حاجی مستان(مخروبه),196333,6
65056,3263,کاشی,196334,6
65057,3263,چوری,196335,6
65058,3263,کریم آبادکورین,196336,6
65059,3263,محمدآبادکورین,196345,6
65060,3263,موتور حاجی جمالدین,196351,6
65061,3263,موتورحاجی بایان,196364,6
65062,3263,موتورعبدالواحد,196382,6
65063,3263,تگورناصری,196399,6
65064,3263,نوکجو,196401,6
65065,3263,نیازآباد,196403,6
65066,3263,هلور,196405,6
65067,3263,گلچاه,270115,6
65068,3263,مومن آباد,270118,6
65069,3263,میرهین,270119,6
65070,3263,چانعلی,410924,6
65071,3263,پاسگاه دوراهی جون آباد,411551,6
65072,3263,مسجددوراهی کورین,411552,6
65073,3263,موتورعبدالکریم,411555,6
65074,3263,رسول آبادشورک,411556,6
65075,3263,موتورگلزار,411557,6
65076,3263,موتورملااسماعیل,411560,6
65077,3263,موتورشیرمحمد,411565,6
65078,3263,موتور رحمت,411574,6
65079,3263,موتور ناز خاتون,411578,6
65080,3263,موتورحاجی صاحبداد,411585,6
65081,3263,کیتگی,411590,6
65082,3263,موتورحلیم خان,411596,6
65083,3263,موتورصوفی نظر,411600,6
65084,3263,موتورمزار,411605,6
65085,3263,کوره آجرپزی شماره 5,411606,6
65086,3263,موتورفاطمه,411607,6
65087,3263,برجک,411609,6
65088,3263,موتورنظرشورشادی,411611,6
65089,3263,کوره بی برگ شماره 3,411613,6
65090,3263,کارگاه گچ,411615,6
65091,3263,موتورغلام محمد,411617,6
65092,3263,ملک آبادکورین,411618,6
65093,3263,موتورمحمدحیات,411626,6
65094,3263,موتور حاجی بجار,411629,6
65095,3263,موتورحاجی ابراهیم سرجنگل,411630,6
65096,3263,موتور شاهپری شه بخش,411635,6
65097,3263,موتورسلطان محمد,411639,6
65098,3263,موتور امام بخش,411644,6
65099,3263,موتورکیچی,411646,6
65100,3263,موتور تاج محمدحسن,411649,6
65101,3263,رحیم آباد,411653,6
65102,3263,محمدآبادقلعه بید,411654,6
65103,3263,موتور شریف,411661,6
65104,3263,موتوراحمدنایب,411662,6
65105,3263,موتورحاجی نظر,411665,6
65106,3263,موتورشریف1,411668,6
65107,3263,موتورحاجی لشکران,411670,6
65108,3263,موتورآمنه,411672,6
65109,3263,محمدآباد(قنات شاه محمد),411673,6
65110,3263,فضل آباد(شورچاه),411675,6
65111,3263,نوک کانک,411676,6
65112,3263,بگک,411677,6
65113,3263,ارزانتاک,412688,6
65114,3263,حمیدآباد,412813,6
65115,3263,موتور ملا عیسی,412814,6
65116,3263,کوره شماره 1,412834,6
65117,3263,موتورعلیم,412955,6
65118,3263,موتور خدابخش,412958,6
65119,3263,الله آبادشریف,412961,6
65120,3263,موتور موسی,413300,6
65121,3263,موتور درمحمد1,413304,6
65122,3263,موتور امید,413307,6
65123,3263,موتور تاج محمدامام قادر,413317,6
65124,3263,رحمت آباد,413325,6
65125,3263,موتور عبدالخلیل,413326,6
65126,3263,موتورحاجی محمدگل آباد,413340,6
65127,3263,موتورقادربخش,413345,6
65128,3263,موتور امان الله,413370,6
65129,3263,موتور درخاتون,413376,6
65130,3263,موتوریوسف,413377,6
65131,3263,موتور مرود شه بخش,413384,6
65132,3263,موتور رسول,413387,6
65133,3263,موتوردادخدا(اسماعیل),413391,6
65134,3263,موتور زرین,413407,6
65135,3263,موتور نبی,413411,6
65136,3263,موتور پیرمحمدکلچات,413412,6
65137,3263,ملک آباد مینویی,413422,6
65138,3263,محمدآباد تلارک,413425,6
65139,3263,موتور مهراب (مهرالله ),413426,6
65140,3263,موتورمهراب مهرآباد,413427,6
65141,3263,موتورمحمداندرواژ(موتورجعفرمهراب),413429,6
65142,3263,موتور سلیمان,413430,6
65143,3263,موتورنظرگل آباد,413432,6
65144,3263,موتور نورمحمد لهداد,413433,6
65145,3263,موتور عبدالنبی,413436,6
65146,3263,موتور سیدخان,413437,6
65147,3263,موتور پریا,413441,6
65148,3263,موتورعمرقلعه بید,413443,6
65149,3263,موتور بهاءالدین,413450,6
65150,3263,موتور درمحمد,413451,6
65151,3263,موتور رحیم روشن آباد,413452,6
65152,3263,موتوربی برگ(جان بی بی),413453,6
65153,3263,موتور عبدالله,413455,6
65154,3263,موتور محمدعلی,413459,6
65155,3263,روشن آباد,413461,6
65156,3263,موتور عبدالکریم,413463,6
65157,3263,موتور حاجی گهرام,413464,6
65158,3263,موتور بی برگ,413468,6
65159,3263,موتور بلوچ,413469,6
65160,3263,موتور عیدمحمد,413473,6
65161,3263,موتور حیات,413476,6
65162,3263,موتور ابراهیم,413480,6
65163,3263,موتور مجید,413484,6
65164,3263,موتور نظرشه بخش(موتور نورمحمد),413487,6
65165,3263,موتورتاج محمدگل آباد,413488,6
65166,3263,موتور نور محمد شه بخش,413571,6
65167,3263,موتورحاجی تاج محمدروشن آباد,414363,6
65168,3263,موتوربی برگ1,414375,6
65169,3263,موتور چراغعلی,414376,6
65170,3263,موتور ملکشاه,414383,6
65171,3263,موتور عبداله شه بخش,414385,6
65172,3263,چاه کتوری,414388,6
65173,3263,شکرآباد,414396,6
65174,3263,موتورحاج بندو(کریم),414397,6
65175,3263,پدگی پایین,414400,6
65176,3263,موتور عمر(محمدعمر),414402,6
65177,3263,موتور جمشید,414410,6
65178,3263,موتور ملامصریان گمشادزهی,414421,6
65179,3263,موتور حاجی صاحب خان,414423,6
65180,3263,موتورچنگیزسرجنگل,414725,6
65181,3263,موتور حاجی مزار,414735,6
65182,3263,موتور عبدالغفور,414736,6
65183,3263,موتورآسا,414747,6
65184,3263,توکل آبادقلعه بید,414756,6
65185,3263,موتور برفی,414766,6
65186,3263,دولت آباد,414769,6
65187,3263,موتورخداداد,414779,6
65188,3263,موتور مراد براهویی (ستار),414782,6
65189,3263,موتورمیربیک,414784,6
65190,3263,کوره آجرپزی نیازمحمد,414785,6
65191,3263,خیرآباد,415164,6
65192,3263,موتوربهادر,415166,6
65193,3263,حامدآباد,415246,6
65194,3263,موتور رشید,415260,6
65195,3263,فضل آباد,415267,6
65196,3263,توکل آباد مینویی,415273,6
65197,3263,الله آبادمینویی,415274,6
65198,3263,موتورگل خاتون,415285,6
65199,3263,موتور حاج خیرمحمد,415287,6
65200,3263,موتور بیجار,415289,6
65201,3263,موتور حاجی پکیر,415292,6
65202,3263,موتورعبدالکریم شورک,415294,6
65203,3263,موتورپتی محمدروشن آباد,415562,6
65204,3263,موتورحبیب اله شه بخش,415579,6
65205,3263,موتورحسین,415580,6
65206,3263,موتورحاجی جان محمد,415583,6
65207,3263,اسلام آباد(موتورعبدالواحدشه بخش),415599,6
65208,3263,موتور رضا اسماعیل زهی,415600,6
65209,3263,موتورقیص,415603,6
65210,3263,موتورحاجی امیدسردشت,415604,6
65211,3263,موتور حاجی بهمن,415605,6
65212,3263,چاه عیسی,415609,6
65213,3263,موتورحجت اله,415611,6
65214,3263,موتورحاجی نظر1,415612,6
65215,3263,موتور پیرمحمد,415616,6
65216,3263,موتور حاجی حلیم,415621,6
65217,3263,موتورحاجی جلال,415626,6
65218,3263,موتور عمر,415627,6
65219,3263,موتورحاجی بندو,415629,6
65220,3263,موتورحاجی رستم,415631,6
65221,3263,موتورحبیب اله,415636,6
65222,3263,چاه موسی,415648,6
65223,3263,موتور شه دوست,415650,6
65224,3263,چاه محمدشه بخش (دلکوه ),415663,6
65225,3263,موتورحاجی پکیر(موتوراکبر),415671,6
65226,3263,موتورحاجی امید,415677,6
65227,3263,موتورحاج ابراهیم,415678,6
65228,3263,موتورحاجی مجید,415682,6
65229,3263,موتورحاجی کرم,415683,6
65230,3263,موتور عبدالرحمن نوک بندک,415688,6
65231,3263,موتور جما,415693,6
65232,3263,موتور حاج نیک عمل,415695,6
65233,3263,موتوربیگم,415697,6
65234,3263,موتورشکور,415699,6
65235,3263,موتورحاجی ابراهیم قلعه بید,415702,6
65236,3263,چاه دادخدا,415703,6
65237,3263,قنات حجت,415707,6
65238,3263,قنات جما,415708,6
65239,3263,موتورشاه کریم ریگی (شاه کرم),415709,6
65240,3263,موتور دلدار,415710,6
65241,3263,موتور حاج محمد(محمدعلی),415712,6
65242,3263,موتورحاجی ابراهیم,415713,6
65243,3263,موتورحاجی فقیر,415714,6
65244,3263,موتورملاقادر,415715,6
65245,3263,مرادعلی,415757,6
65246,3263,مسجد,415758,6
65247,3263,الله آبادباگو,415759,6
65248,3263,موتورموسی,416028,6
65249,3263,موتور یوسف(موتورحاجی نبی),416029,6
65250,3263,موتورمحمدعمر,416030,6
65251,3263,موتورچنگیز,416032,6
65252,3263,موتورستار,416033,6
65253,3263,چاه رحمت اله,416034,6
65254,3263,موتور محمد زمان,416036,6
65255,3263,موتورکمال خان,416038,6
65256,3263,موتورحاجی احمد,416039,6
65257,3263,موتورشریف قلعه بید,416040,6
65258,3263,موتور توکل,416042,6
65259,3263,موتور چنگیز,416043,6
65260,3263,موتورنیک عمل1,416044,6
65261,3263,موتورپتی محمد,416045,6
65262,3263,موتورامام بخش,416046,6
65263,3263,موتور هوشنگ,416047,6
65264,3263,موتوریوسف قلعه بید,416048,6
65265,3263,موتورنیک عمل,416049,6
65266,3263,موتور مولوی علیم,416051,6
65267,3263,موتورشاه محمد اختر,416055,6
65268,3263,مهرآباد,416057,6
65269,3263,عزیزآباد,416058,6
65270,3263,موتورلال محمد,416059,6
65271,3263,کلیکه,416060,6
65272,3263,قنات تاج محمد,416062,6
65273,3263,موتور عبدالسلام توتازهی,416066,6
65274,3263,موتورعبدالمجید,416067,6
65275,3263,موتور جمعه,416068,6
65276,3263,موتورسیداحمد,416070,6
65277,3263,چاه دوست محمد,416071,6
65278,3263,امیرآباد(احمدآباد),416072,6
65279,3263,امام آباد,416073,6
65280,3263,موتوراسد,416074,6
65281,3263,موتور بلوچ خان,416077,6
65282,3263,موتوررشید,416082,6
65283,3263,موتور کریم بخش (حاجی زمان),416085,6
65284,3263,موتور عبدالعزیز,416092,6
65285,3263,موتورنظرمینویی,416100,6
65286,3263,موتور رحمان شه بخش,416101,6
65287,3263,موتورعبدالسلام,416102,6
65288,3263,موتور فیض محمد,416106,6
65289,3263,موتوردرخاتون1,416109,6
65290,3263,موتور یوسف,416111,6
65291,3263,موتوراله داد,416114,6
65292,3263,موتور عبدالقیوم,416124,6
65293,3263,موتور حاجی عبدالرحمان,416604,6
65294,3263,کریم آبادمینویی,416605,6
65295,3263,غریب آبادمینویی,416606,6
65296,3263,موتور حاج علی اکبر شه بخش,416609,6
65297,3263,موتور حاجی کمال,416611,6
65298,3263,قنات امام قادر,416613,6
65299,3263,موتور نورمحمد,416619,6
65300,3263,موتوراحمد,416621,6
65301,3263,موتورچراغ,416623,6
65302,3263,موتورجلال,416624,6
65303,3263,چاه عبدالله,416627,6
65304,3263,موتورخان محمد,416628,6
65305,3263,موتورگل محمدشه بخش (نوک آباد),416630,6
65306,3263,موتورحاجی مهراب,416635,6
65307,3263,موتور قاسم آباد(انوشیروان),416636,6
65308,3263,محمدآباد,416637,6
65309,3263,موتور عبدالرضا(نورمحمد),416641,6
65310,3263,شیرآباد,416642,6
65311,3263,قنات حاجی ابراهیم,416644,6
65312,3263,موتور خیر محمد,416646,6
65313,3263,موتور حاجی عید محمد,416648,6
65314,3263,موتورسهراب گل آباد,416649,6
65315,3263,موتورکریم,416650,6
65316,3263,موتورحاجی امیدشورشادی,416666,6
65317,3263,موتور نظر شه بخش,416668,6
65318,3263,موتور یوسف (حاجی درخان),416670,6
65319,3263,موتور حاجی جان محمد(عبدالغفور),416671,6
65320,3263,محمدآباد کلچات,416672,6
65321,3263,موتورپرویزشه بخش,416675,6
65322,3263,قادرآباد,416676,6
65323,3263,چاه فیض محمد,416677,6
65324,3263,موتور یوسف (حاج عبدل ),416678,6
65325,3263,موتورحاجی محمد,416681,6
65326,3263,موتور حلیم,416688,6
65327,3263,الله آباد,416693,6
65328,3263,موتور کمال,416708,6
65329,3263,موتورکریم سرجنگل,416709,6
65330,3263,موتور نیاز محمد,416711,6
65331,3263,موتور نوک بندک براهویی,416782,6
65332,3263,موتور عزیزاله,416801,6
65333,3263,محمدآبادگردتاگز,596086,6
65334,3263,نورآباددوربن,711032,6
65335,3263,قادرآبادمینویی,711575,6
65336,3263,موتور حاجی حسین(اوکابی),711850,6
65337,3263,انورآباد,711974,6
65338,3263,موتور نظر قنبرزهی,811149,6
65339,3263,موتور حاجی حکیم,811150,6
65340,3263,موتور عمرشاه,811151,6
65341,3263,موتور حاجی صاحبداد,811153,6
65342,3263,موتور عبدالرحمن,811155,6
65343,3263,موتور مولوی خدانظر,811156,6
65344,3263,ملک آباد,811223,6
65345,3263,موتور ملک,811224,6
65346,3263,موتور نورمحمد شه بخش,811225,6
65347,3263,موتور اکبر,811275,6
65348,3263,موتور حاجی عبدالغنی شه بخش,811369,6
65349,3263,موتور لال محمدشورشادی,811595,6
65350,3263,موتور حاجی غلام,811596,6
65351,3263,موتور مصریان,811598,6
65352,3263,موتور محمدزمان (مولا داد),811599,6
65353,3263,موتور رحمت اله شه بخش,811600,6
65354,3263,موتور مصریان شه بخش,811601,6
65355,3263,موتور مصطفی,811602,6
65356,3263,موتور ناز بی بی بلوچ,811603,6
65357,3263,موتور هدایت اله,811604,6
65358,3263,موتور چراغ,811606,6
65359,3263,موتور حاجی کریم,811607,6
65360,3263,موتور حاج ابراهیم,811608,6
65361,3263,موتور حاجی تاج محمد,811609,6
65362,3263,موتور عبدالوهاب,811610,6
65363,3263,موتور رحیم,811611,6
65364,3263,موتور محمد علی شه بخش,811612,6
65365,3263,موتور جما ریگی,811613,6
65366,3263,موتور حاج امید,811614,6
65367,3263,چاه نواب,811615,6
65368,3263,موتور فتح اله شه بخش,811616,6
65369,3263,موتور حاجی امان اله,811618,6
65370,3263,موتور نعیم,811620,6
65371,3263,موتور حاجی عبدالحمید,811621,6
65372,3263,عامرآباد,811622,6
65373,3263,موتور حاجی نصیر,811623,6
65374,3263,موتور حاجی کیچی شه بخش,811624,6
65375,3263,موتور حاجی خواستی شه بخش,811625,6
65376,3263,چاه خدابخش,811626,6
65377,3263,موتورنظرقلعه بید,811627,6
65378,3263,کریم آباد,811628,6
65379,3263,موتور حاجی نمرد,811629,6
65380,3263,موتور نمرد(ملک محمد),811630,6
65381,3263,موتور سلطان محمد(عزیز),811631,6
65382,3263,موتور حاجی بیداله,811632,6
65383,3263,موتور حاجی نمرد شه بخش (رحیم),811633,6
65384,3263,موتور حاجی عبدالرحیم,811634,6
65385,3263,موتور استوارنظر,811635,6
65386,3263,موتور صوفی جما(غلام نبی),811636,6
65387,3263,موتور ملا سلیمان,811637,6
65388,3263,موتور ماه خاتون,811638,6
65389,3263,موتور اسماعیل,811639,6
65390,3263,موتور محمود,811640,6
65391,3263,موتور غلامرضا(حاجی عبدل),811641,6
65392,3263,موتورحاجی محمدسرجنگل,811644,6
65393,3263,موتور صاحب خاتون(خدانظر),811645,6
65394,3263,موتور ولی محمد,811646,6
65395,3263,موتور حاج کمال اسماعیل زهی,811647,6
65396,3263,موتور حاجی خواستی قنبر زهی,811653,6
65397,3263,موتور آمنه کریم پور,811654,6
65398,3263,موتور درملک شه بخش,811655,6
65399,3263,موتور احمد(حاجی ابراهیم),811656,6
65400,3263,موتور حاجی محمود,811657,6
65401,3263,موتور بی برگ (حاجی دوست محمد),811658,6
65402,3263,موتور حاجی امید 2,811659,6
65403,3263,درخشان آباد,842088,6
65404,3263,رسول آباد,842089,6
65405,3263,دوست آبادگردتاگز,842090,6
65406,3263,تعاونی توسعه گران کورین,842091,6
65407,3263,کریم آبادسردشت,842092,6
65408,3263,سمندرآباد,842093,6
65409,3263,رضاآبادتوکل آباد,842102,6
65410,3263,موتوراسماعیل,842106,6
65411,3263,موتوراکبرآباد,842107,6
65412,3263,نبی آبادنوک آباد,842108,6
65413,3263,موتورسلام,842109,6
65414,3263,موتورعبدل براهویی,842110,6
65415,3263,موتورنظر,842111,6
65416,3263,علی آبادسرجنگل,842112,6
65417,3263,سعیدآبادرحمت,842175,6
65418,3263,خیرآبادکالیکه,842176,6
65419,3263,بدرآباد,842177,6
65420,3263,یعقوب آبادمینویی,842178,6
65421,3263,مهران آباد,842179,6
65422,3263,عزیزآبادپرگ,842283,6
65423,3263,چاه خان محمدسرنایی,842284,6
65424,3263,رحمت آبادقلعه بید,842285,6
65425,3263,نوک آبادشورک,842303,6
65426,3263,صالح آباد,842312,6
65427,3263,جیهندآباد,842322,6
65428,3263,موتورنوکبنده,842358,6
65429,3263,دشت آبادسرنایی,842462,6
65430,3263,ملک آبادسرنایی,842482,6
65431,3263,الله آباد(سهیل آباد),842533,6
65432,3263,عاصم آباد شورشادی,842535,6
65433,3263,چاه حاجی کریم,911000,6
65434,3263,موتور عیدو,911001,6
65435,3263,موتور حاجی پتی,911003,6
65436,3263,خلیل آبادمینویی,911005,6
65437,3263,موتور سهراب,911019,6
65438,3263,مومن آبادمینویی,911020,6
65439,3263,موتور لال محمدمینویی,911021,6
65440,3263,حسن آباد مینویی,911022,6
65441,3263,اسماعیل آباد,911023,6
65442,3263,گل آباد,911026,6
65443,3263,موتور حاج محمد,911027,6
65444,3263,موتور تاج محمد,911028,6
65445,3263,موتور حاجی حمید,911029,6
65446,3263,موتور کمال اسماعیل زهی,911084,6
65447,3263,وزیرآباد,911085,6
65448,3263,موتور رضا گمشاد زهی,911086,6
65449,3263,موتور حاجی سعید,911149,6
65450,3263,امام قادر,911362,6
65451,3264,حاجی آباد,196294,6
65452,3264,گلوگاه,196341,6
65453,3264,موتوربهادر,196357,6
65454,3264,موتور جنگیان (محمد حسین),196406,6
65455,3264,توکل آباد,411562,6
65456,3264,جاروک,411567,6
65457,3264,موتور مجید,411569,6
65458,3264,پلگی (پلگی حاجی محمد),411570,6
65459,3264,موتور زلیخا شه بخش,411631,6
65460,3264,موتورشیرمحمد,411638,6
65461,3264,موتور حاجی درمحمد,411679,6
65462,3264,سیاه جر,411681,6
65463,3264,موتور حاجی جلال گلوگاه,412816,6
65464,3264,موتورنجم الدین,412824,6
65465,3264,موتورهاجره شه بخش,412836,6
65466,3264,موتور حاجی اکبر,413343,6
65467,3264,نعمت آباد,413346,6
65468,3264,صفرآباد,413361,6
65469,3264,موتور عبدالقادر,413367,6
65470,3264,چاه حاجی روزالدین,413368,6
65471,3264,موتور حاجی غفور,413371,6
65472,3264,موتور محمد زمان,413381,6
65473,3264,موتور اله آباد,413382,6
65474,3264,موتور حاجی مجید,413396,6
65475,3264,موتور بدیع الزمان,413415,6
65476,3264,موتور نجم الدین,413419,6
65477,3264,موتور محمدحسین,413448,6
65478,3264,موتور چراغ,413477,6
65479,3264,موتور کریم گمشادزهی,413490,6
65480,3264,موتور روزالدین(مهیم),414353,6
65481,3264,موتور دادشاه,414359,6
65482,3264,موتور محمدرضا(مرادبی بی),414364,6
65483,3264,موتور عبدالواحد,414365,6
65484,3264,چاه داوود,414366,6
65485,3264,موتور خداداد شه بخش (خدابحش ),414369,6
65486,3264,چاه حاجی مهناز(موسی),414373,6
65487,3264,موتورحاجی کرم چاه رحیم,414380,6
65488,3264,موتور عیدمحمد,414404,6
65489,3264,موتورحاجی کرم گلوگاه,414417,6
65490,3264,شورک,414434,6
65491,3264,موتوریوسف,414730,6
65492,3264,موتور حاجی عبدل,414740,6
65493,3264,موتور اله یار,414743,6
65494,3264,چاه امید,414748,6
65495,3264,شهرک محمدآباد,414755,6
65496,3264,موتور جیهند,414757,6
65497,3264,موتورحاجی حسین چاه رحیم,414774,6
65498,3264,شورو,414786,6
65499,3264,موتورحاجی جلال,415243,6
65500,3264,علی آباد,415280,6
65501,3264,موتور عبدالرحیم,415284,6
65502,3264,چاه جمشید(گل محمد),415589,6
65503,3264,موتورحاجی مجید,415601,6
65504,3264,موتوربلوچ خان,415602,6
65505,3264,موتورحاجی حیدر,415619,6
65506,3264,موتورپسند,415620,6
65507,3264,موتوررسول,415641,6
65508,3264,چاه یارمحمد,415642,6
65509,3264,چاه پکیر,415643,6
65510,3264,چاه شیرمحمد,415644,6
65511,3264,چاه رحیم,415645,6
65512,3264,چاه شهداد,415646,6
65513,3264,چاه حسین,415647,6
65514,3264,چاه جلال,415651,6
65515,3264,چاه شاه محمد,415652,6
65516,3264,چاه محمود,415653,6
65517,3264,چاه تاج محمد,415654,6
65518,3264,چاه حیاط,415655,6
65519,3264,موتور مهراب(شیرمحمد),415656,6
65520,3264,چاه پارالدین,415657,6
65521,3264,چاه عبدالرحمان,415658,6
65522,3264,موتوردرخان,415659,6
65523,3264,جهادآبادپیچکی,415660,6
65524,3264,چاه یار محمد رشید,415661,6
65525,3264,چاه نعمت اله,415667,6
65526,3264,موتور رحمت اله جیهند,415668,6
65527,3264,چاه موسی,415672,6
65528,3264,موتور درمحمد,415674,6
65529,3264,موتورمحمدشاه,415680,6
65530,3264,موتورحاجی حکیم,415685,6
65531,3264,موتورنواب,415686,6
65532,3264,موتورحاجی محمدنور,415687,6
65533,3264,موتور صاحبداد,415689,6
65534,3264,غریب آباد(موتورحاجی رحمت),415690,6
65535,3264,چاه کمال,415692,6
65536,3264,موتورعبدالرحمن,415694,6
65537,3264,موتوررحمت,415701,6
65538,3264,چاه ملک محمد شه بخش,416065,6
65539,3264,صدرآباد,416080,6
65540,3264,موتورملاحسن,416081,6
65541,3264,موتورمحمدنور,416084,6
65542,3264,نعمت آبادگلوگاه,416086,6
65543,3264,موتورشاه برات,416103,6
65544,3264,موتورمحمدناصر,416104,6
65545,3264,چاه توک,416107,6
65546,3264,موتوردین محمد,416123,6
65547,3264,موتورجمال الدین,416125,6
65548,3264,موتوررشید,416126,6
65549,3264,موتور محمد حسن,416618,6
65550,3264,قاسم آباد,416634,6
65551,3264,چاه الله بخش,416651,6
65552,3264,موتور حاجی محمد رحیم,416653,6
65553,3264,چاه زلیخا(دلدار),416659,6
65554,3264,چاه ولی محمد,416661,6
65555,3264,چاه محمد بخش,416667,6
65556,3264,موتورحاجی رحمت,416679,6
65557,3264,چاه عیسی خان,416683,6
65558,3264,چاه بجار,416684,6
65559,3264,موتور پرویز( حاجی محمد کریم),416689,6
65560,3264,موتور محمدگل,416691,6
65561,3264,موتور خورشید,416696,6
65562,3264,چاه سیاه خان,416697,6
65563,3264,موتور عطاء الله (چاه پکیر ),416802,6
65564,3264,موتورمحمدعلی شه بخش(الله آبادچاه رحیم),711948,6
65565,3264,موتورولی محمدشه بخش,711949,6
65566,3264,موتورمجیدنارویی,711950,6
65567,3264,موتورمنصوراسماعیل زهی گلوگاه,711951,6
65568,3264,موتور محمد(حاج عبداله),811132,6
65569,3264,غفورآباد,811133,6
65570,3264,کریم آبادگلوگاه,811134,6
65571,3264,چاه حاجی جلال,811136,6
65572,3264,موتور حاجی جلال,811137,6
65573,3264,چاه سیاه خان شورو,811138,6
65574,3264,موتورملاعزیز,811139,6
65575,3264,چاه عثمان,811140,6
65576,3264,ملک آباد,811141,6
65577,3264,موتورنیک محمد,811144,6
65578,3264,موتور میرزا,811146,6
65579,3264,موتور پری ناز (عبدالعزیز),811574,6
65580,3264,موتور اسماعیل شه بخش,811575,6
65581,3264,نعمت آباد(حاجی آباد),811576,6
65582,3264,موتور حاجی حبیب,811577,6
65583,3264,مزارآباد(مرادآباد),811578,6
65584,3264,موتور حاجی یار محمد,811579,6
65585,3264,موتور حاجی عیسی,811580,6
65586,3264,موتور حاجی حسن,811581,6
65587,3264,موتور حاجی عزیز(اقبال),811582,6
65588,3264,موتورحاج علم,811583,6
65589,3264,چاه عبدالعزیز,811584,6
65590,3264,خانه های حاجی شاه محمد,811586,6
65591,3264,موتور حاجی احمد,811587,6
65592,3264,موتور حاجی حسین,811588,6
65593,3264,موتور حاجی شاه محمد,811589,6
65594,3264,موتور گل محمد,811590,6
65595,3264,موتور جنگیان,811591,6
65596,3264,موتور نواب,811617,6
65597,3264,موتور محمد علی شه بخش,811619,6
65598,3264,موتور حاجی رحمت,811643,6
65599,3264,موتور حاجی جلال (عید محمد),811686,6
65600,3264,موتورعبدالغفور,811687,6
65601,3264,چاه نعیم,811703,6
65602,3264,موتورمحمدعثمان,811704,6
65603,3264,موتور حاجی عبدالله,811724,6
65604,3264,اکبرآباد,842028,6
65605,3264,گل آبادگلوگاه,842095,6
65606,3264,نوک آبادشورو,842096,6
65607,3264,غلام آباد,842097,6
65608,3264,سعدآبادچاه رحیم,842098,6
65609,3264,رب آبادچاه رحیم,842099,6
65610,3264,فقیرآبادچاه رحیم,842100,6
65611,3264,جابرآبادچاه رحیم,842180,6
65612,3264,علی آبادشورک,842181,6
65613,3264,فضل آبادشورو,842368,6
65614,3264,ده رحمت چاه رحیم,842414,6
65615,3264,علی آبادچاه رحیم,842415,6
65616,3264,الیاس آباد,842416,6
65617,3264,لطف آباد,842417,6
65618,3264,خلیل آباد(سعیدآباد),842418,6
65619,3264,سرخ تپه,842452,6
65620,3264,جاروک اله بخش,842471,6
65621,3264,ملک آباد(عادل آباد),842538,6
65622,3264,موتور غلام رسول(اله آباد),911017,6
65623,3264,موتور نظر شه بخش,911018,6
65624,3265,آسپیچ,199499,6
65625,3265,خداآباد,199502,6
65626,3265,پایگاه دوراهی سوران(پلیس راه),199503,6
65627,3265,پرکنت,199504,6
65628,3265,پورچنگان,199505,6
65629,3265,پیرآباد,199506,6
65630,3265,جهادآباد,199508,6
65631,3265,جهلین,199509,6
65632,3265,چشمه میرعمر,199516,6
65633,3265,دشتوک,199518,6
65634,3265,دهک,199521,6
65635,3265,زنگیان,199522,6
65636,3265,زیارت سلطان باباحاجی,199523,6
65637,3265,سیدآباد,199525,6
65638,3265,شمس آباد,199526,6
65639,3265,دزک,199527,6
65640,3265,کرش,199528,6
65641,3265,کلپورگان,199529,6
65642,3265,کلاتک,199531,6
65643,3265,کمبی,199532,6
65644,3265,کناردان,199533,6
65645,3265,کولو,199534,6
65646,3265,کهن مدان,199535,6
65647,3265,کهنوک محمدی,199536,6
65648,3265,گنبان(ملکوک),199537,6
65649,3265,گیشدر,199538,6
65650,3265,مرغداری دهواری(وحدت),199540,6
65651,3265,مجتمع فرهنگی تفریحی ورزشی صالح,199541,6
65652,3265,مشکوتک,199542,6
65653,3265,ناگان,199543,6
65654,3265,نران,199545,6
65655,3265,نیتول,199546,6
65656,3265,هوشک,199547,6
65657,3265,کارخانه آسفالت اداره راه,411913,6
65658,3265,مرغداری فجر(هاشمی),411914,6
65659,3265,معدن سنگ اداره راه,411915,6
65660,3265,مرغداری چلچله,411916,6
65661,3265,موتوربایگان,411918,6
65662,3265,تیران,411930,6
65663,3265,نورآباد,411931,6
65664,3265,بام پیشی,411932,6
65665,3265,زردککان,411933,6
65666,3265,نوربخش سیاهانی(سهرود),411935,6
65667,3265,عیدوآباد,411936,6
65668,3265,زیارت,412770,6
65669,3265,هرمزی,413741,6
65670,3265,کروچان,413742,6
65671,3265,جوگنانی,413743,6
65672,3265,سونت,413744,6
65673,3265,سردن,414116,6
65674,3265,چاه شاهی,414814,6
65675,3265,دردوک,414815,6
65676,3265,چاه یارمحمد(درانار),414816,6
65677,3265,ککی سامرو,415295,6
65678,3265,شهرک صنعتی,415297,6
65679,3265,مرغداری رحمانی (مکران),416752,6
65680,3265,مرغداری گلپر,416753,6
65681,3265,محمدآبادچاه شاهی,416754,6
65682,3265,حسین آباد(دازوکی),416755,6
65683,3265,ناواران,416756,6
65684,3265,کندی,416757,6
65685,3265,علی آبادچاه شاهی,711033,6
65686,3265,پلپات,711034,6
65687,3265,علی آباد,711035,6
65688,3265,مرغداری عبداله زارعی,711036,6
65689,3265,مرغداری عالم ایران نژاد,711037,6
65690,3265,مرغداری حمیدمحمدی (چپل),711038,6
65691,3265,نادرآباد,711039,6
65692,3265,مرغداری مرغک دشت,711040,6
65693,3265,مرغداری طاهرمهدوی,711041,6
65694,3265,مرغداری عیسی ارباب(شرکت تعاونی1636),711042,6
65695,3265,گاوداری رضابهرامی,711043,6
65696,3265,شرکت تعاونی 786تصفیه روغن,711044,6
65697,3265,مرغداری زرین بال,711045,6
65698,3265,کارخانه آسفالت شهرداری,711046,6
65699,3265,پلیس راه,711047,6
65700,3265,دانشکده کشاورزی,711048,6
65701,3265,فرودگاه,711049,6
65702,3265,سردخانه سیروس,711050,6
65703,3265,سردخانه شرکت نخل کاران,711051,6
65704,3265,گاوداری محمدامین,711053,6
65705,3265,کارخانه پوست فجردشتوک,711055,6
65706,3265,محمدآباد,711060,6
65707,3265,گاوداری محمدرضاسیاهانی,711061,6
65708,3265,گیشدرمحمدرحیم,711062,6
65709,3265,سنگ شکن ناگان,711063,6
65710,3265,ناگان بالا,711064,6
65711,3265,مجتمع گلخانه ای صباغ(ملک زاده),711065,6
65712,3265,موتورغلام,711066,6
65713,3265,مجتمع گلخانه ای جهادکشاورزی,711067,6
65714,3265,سازمان عشایری وسردخانه شهیدبهنام,711068,6
65715,3265,جوان برین,711069,6
65716,3265,دنگ سر,711070,6
65717,3265,جوبلوچان,711071,6
65718,3265,عیدگاه,711072,6
65719,3265,غفورآباد(قلعه امرا),711073,6
65720,3265,سرجو,711074,6
65721,3265,احمدآباد,711075,6
65722,3265,کشتارگاه,711076,6
65723,3265,ناهیچ,842218,6
65724,3265,سوخته اوک,842371,6
65725,3265,حاجی آبادپیرچاه,842372,6
65726,3265,گونکی(رحمت آباد),842373,6
65727,3265,کریم آباد,842523,6
65728,3266,آب انار,199784,6
65729,3266,اله آباد,199785,6
65730,3266,بادامو,199786,6
65731,3266,بزم بلوم,199787,6
65732,3266,بندران,199788,6
65733,3266,تیغی,199790,6
65734,3266,تیغ آب,199791,6
65735,3266,چاه الو,199793,6
65736,3266,چاه خدابخش,199794,6
65737,3266,چاه گروک(چاه بهادر),199795,6
65738,3266,چاه ویدی,199796,6
65739,3266,خلیل آباد,199797,6
65740,3266,دشتو,199798,6
65741,3266,زراگی,199799,6
65742,3266,جلال آباد,199801,6
65743,3266,کلگ پلنگ,199803,6
65744,3266,کلگ جمال,199804,6
65745,3266,گیلی بالا,199806,6
65746,3266,پایگاه انتظامی سد,199807,6
65747,3266,کوهی سر,199809,6
65748,3266,کهن سکن,199810,6
65749,3266,چاه تاج محمد,199812,6
65750,3266,خانه های قادرداد,411961,6
65751,3266,برجک انتظامی شهید رحیمی,411962,6
65752,3266,کمال آباد,411963,6
65753,3266,پتکوک,411964,6
65754,3266,همپانی,411965,6
65755,3266,سیک اندر,411967,6
65756,3266,برجک انتظامی شهید خسروی,411968,6
65757,3266,چاه ولی خان,411969,6
65758,3266,برجک انتظامی شهید بهنام,411970,6
65759,3266,کلک دینار(کله دینار),412715,6
65760,3266,گیدبست,412716,6
65761,3266,کلک کوه سفید,412764,6
65762,3266,انجیری,412766,6
65763,3266,مهرآپ کوه سفید,412969,6
65764,3266,دمیتوک,413745,6
65765,3266,چاه بهارشاه,413746,6
65766,3266,اناران پایین,414118,6
65767,3266,نوک آباد,414122,6
65768,3266,لاغرکوه,414123,6
65769,3266,چاه نخود,414124,6
65770,3266,گزن بالا,414125,6
65771,3266,تنگ آب کاهوکان,414126,6
65772,3266,چکل,414819,6
65773,3266,گیشان,414820,6
65774,3266,کسوری,414824,6
65775,3266,چاه دادرحمان,414825,6
65776,3266,گواتامک,415305,6
65777,3266,چاه محمد,415306,6
65778,3266,شنگری,415307,6
65779,3266,ایستگاه پمپاژآب سراوان,416750,6
65780,3266,هوت آباد,416751,6
65781,3266,نیل سهراب,711078,6
65782,3266,هفتاری(برج بوج),711079,6
65783,3266,اناران بالا,711080,6
65784,3266,سیاه گروکی,711081,6
65785,3266,لپ دز,711082,6
65786,3266,چاه جنگی خان,711083,6
65787,3266,گواتامک گزن,711084,6
65788,3266,سوره در,711085,6
65789,3266,گتی,711086,6
65790,3266,جلایی,711087,6
65791,3266,زهه,711088,6
65792,3266,پوچنک کوه,711089,6
65793,3266,گیشتک,711090,6
65794,3266,تحتی,711091,6
65795,3266,آهنگری,711092,6
65796,3266,مدوح,711093,6
65797,3266,هانیان,711094,6
65798,3266,خانه های عبدالکریم(محمدنور),711095,6
65799,3266,لشکران,711096,6
65800,3266,نلوکی(کالی),711097,6
65801,3266,سوره در(سنگدل),711098,6
65802,3266,کیلر,711099,6
65803,3266,دروادی,711100,6
65804,3266,پایگاه بسیج,711101,6
65805,3266,گیلی پایین,711102,6
65806,3266,هنجیروک,711103,6
65807,3266,خاتونی,711104,6
65808,3266,گزک,711105,6
65809,3266,سرکلکی,711106,6
65810,3266,گزن پایین,711107,6
65811,3266,جلال آباددورآب,711108,6
65812,3266,پاگوک,711109,6
65813,3266,چاه نظر,711110,6
65814,3266,نفستک,711111,6
65815,3266,چاه صاحب خان,711112,6
65816,3266,چاه مرادمحمد,711113,6
65817,3266,من رود(خانه های محمدگمشادزهی),711114,6
65818,3266,پده ای,711115,6
65819,3266,چاه شیرمحمد,711116,6
65820,3266,کارگاه شن وماسه نصیررییسی,711117,6
65821,3266,کارگاه شن وماسه نصرت,711118,6
65822,3266,چیزگزی,711119,6
65823,3266,نورآباد,711120,6
65824,3266,پردیس آباد,811085,6
65825,3266,هدایت تنگ,811086,6
65826,3266,کل پیچوک,811087,6
65827,3266,شریف آباد,842220,6
65828,3266,دادشاه آباد,911227,6
65829,3266,شهسوارکلک دینار,911228,6
65830,3266,نواب آباد,911255,6
65831,3266,شیری در,911989,6
65832,3266,امیرآباد,911992,6
65833,3267,کوپک,198079,6
65834,3267,کوشکوک ناهوک,198082,6
65835,3267,پایگاه انتظامی ناهوک,411956,6
65836,3267,گچی,415301,6
65837,3267,سهرآباد,415303,6
65838,3267,پیرگوران,416777,6
65839,3267,طاعونان سردشت,416779,6
65840,3267,گری,416780,6
65841,3267,گزن,711130,6
65842,3267,مسجدالرحمن,711131,6
65843,3267,کورچاه,711132,6
65844,3267,نورآباد,711133,6
65845,3267,سیکندر,711134,6
65846,3267,دره نگاران,711135,6
65847,3267,نگاران,711136,6
65848,3267,گروانی,711137,6
65849,3267,کالی,711138,6
65850,3267,سرفهره,711139,6
65851,3267,مزارآب سرگان,711141,6
65852,3267,گزن سرگان,711142,6
65853,3267,حرکپ سرگان,711143,6
65854,3267,پیشین سرگان,711144,6
65855,3267,رودخانه فهره,711150,6
65856,3267,سرگز,711151,6
65857,3267,موکونتوکان,711152,6
65858,3267,اسماعیل آباد,711153,6
65859,3267,تنکان,711154,6
65860,3267,قادرآباد,711155,6
65861,3267,سرچشمه,711156,6
65862,3267,زینوکان هاشم,842568,6
65863,3267,چاه کامران,842569,6
65864,3267,درونزگ,842570,6
65865,3267,چوتین گون,842571,6
65866,3267,گله,842572,6
65867,3267,کوه زاتی,842573,6
65868,3267,سونت شور,842574,6
65869,3267,نلوکی نوکدار,842575,6
65870,3267,هنجره,842576,6
65871,3267,گورن آپ,842577,6
65872,3267,جورک,842578,6
65873,3267,طاعونان پایین,842579,6
65874,3267,زیررگی,842580,6
65875,3267,گیتگ نوکدار,842581,6
65876,3267,داوودی,842582,6
65877,3268,اسکاندشت,198869,6
65878,3268,کلاه ماشکید,198946,6
65879,3268,نیرهی,198984,6
65880,3268,بورویی,199151,6
65881,3268,پرکن,199158,6
65882,3268,جمیلی,199167,6
65883,3268,شیتاپ,199169,6
65884,3268,چاهان,199173,6
65885,3268,حقمی,199177,6
65886,3268,حمزه جاهان,199178,6
65887,3268,دومکی,199187,6
65888,3268,رودکان,199191,6
65889,3268,شیهو,199193,6
65890,3268,ریش پیش بالا,199195,6
65891,3268,ریش پیش پایین,199196,6
65892,3268,زرداگ آپ,199198,6
65893,3268,زهی,199199,6
65894,3268,سرچمگ,199204,6
65895,3268,سرزه میرخان,199205,6
65896,3268,سوخته مک,199211,6
65897,3268,شم ماهی,199217,6
65898,3268,شیرین زاد,199226,6
65899,3268,تکشوک,199241,6
65900,3268,گشین,199243,6
65901,3268,کلچاتی,199245,6
65902,3268,کلان بالا,199254,6
65903,3268,کماشی(جوراشتر),199256,6
65904,3268,گروکان,199269,6
65905,3268,گیتان,199282,6
65906,3268,محمدناگی,199288,6
65907,3268,مودگلی,199293,6
65908,3268,مورتی,199294,6
65909,3268,بلبل,199607,6
65910,3268,طراده,199608,6
65911,3268,ننگارو,199618,6
65912,3268,دراهیچ,199624,6
65913,3268,دشت,199625,6
65914,3268,روشوک,199630,6
65915,3268,سرجنگان,199635,6
65916,3268,سرگربالا,199640,6
65917,3268,سرگرپایین,199641,6
65918,3268,سورچاهان,199644,6
65919,3268,سری گروک پایین,199645,6
65920,3268,شادی کلک بالا,199646,6
65921,3268,ضیایی,199649,6
65922,3268,کاتاگر,199654,6
65923,3268,کپوتی,199657,6
65924,3268,کرسوچی,199658,6
65925,3268,گرآپ,199667,6
65926,3268,گرآپ پایین,199668,6
65927,3268,گربن,199670,6
65928,3268,گنوش,199675,6
65929,3268,میدان,199685,6
65930,3268,نگن داپ,199689,6
65931,3268,کوهانسنت بالا,411870,6
65932,3268,سرگرتوکین,411871,6
65933,3268,درندان,411872,6
65934,3268,کیکنوک,411874,6
65935,3268,سری گری (سری گروک بالا),411877,6
65936,3268,مندر,411881,6
65937,3268,گیشی,411885,6
65938,3268,گتی,411887,6
65939,3268,کله کنار,411890,6
65940,3268,گنانی,411893,6
65941,3268,کلوکی,411896,6
65942,3268,دپکور,411940,6
65943,3268,جوران گورم,411941,6
65944,3268,میجونی,412014,6
65945,3268,زمینان,412016,6
65946,3268,شادی کلک پایین,412776,6
65947,3268,هوشاپی,413725,6
65948,3268,پتکوک,413727,6
65949,3268,ناگ پهن,413728,6
65950,3268,عروس جاهی,413729,6
65951,3268,مارزه,413732,6
65952,3268,گیشتریان,413733,6
65953,3268,گرانی بن,414828,6
65954,3268,بوجیری,414829,6
65955,3268,گواتامین,414831,6
65956,3268,همبونان,415312,6
65957,3268,گروکی,415317,6
65958,3268,کوهانسنت پایین,416745,6
65959,3268,کاسگی,416746,6
65960,3268,چاه حبیب اله دهواری,711121,6
65961,3268,نوتی گوران,711122,6
65962,3268,خانه های خیرمحمد,711123,6
65963,3268,عزت آباد,711124,6
65964,3268,بوجیری پیر,811084,6
65965,3268,خیرآباد,811259,6
65966,3268,قوقارچ,842505,6
65967,3269,اسکان,199145,6
65968,3269,بات بزرگ,199148,6
65969,3269,بات کوچک,199149,6
65970,3269,جکان,199166,6
65971,3269,زیارت,199175,6
65972,3269,آباده,199180,6
65973,3269,سرکلوکی,199206,6
65974,3269,سورانگتان,199212,6
65975,3269,کرپاسی,199234,6
65976,3269,کشتگان,199239,6
65977,3269,درتنگ,199250,6
65978,3269,گروانی,199267,6
65979,3269,گزن لومب,199271,6
65980,3269,گوارایی,199276,6
65981,3269,گوسال,199278,6
65982,3269,لی خاکی,199285,6
65983,3269,نلی,199304,6
65984,3269,هندوان,199312,6
65985,3269,شمه سر,411857,6
65986,3269,حق آباد,411858,6
65987,3269,همناری,412788,6
65988,3269,گزن بالا,412790,6
65989,3269,گزدر,412968,6
65990,3269,گریشه,413724,6
65991,3269,کشکوک(غلام آباد),414114,6
65992,3269,دروکان,414833,6
65993,3269,جاییک,414834,6
65994,3269,پاسگاه مرزی کشتگان,711127,6
65995,3269,پاسگاه مرزی شمه سر,711128,6
65996,3269,رحمت آباد,842188,6
65997,3269,عارف رسول آباد,842221,6
65998,3269,کمال آباد,842563,6
65999,3269,چالاک,842564,6
66000,3270,جوان دانان,197994,6
66001,3270,کناربست,198000,6
66002,3270,ناگان,198007,6
66003,3270,ناهیچک,198009,6
66004,3270,بتلی,198236,6
66005,3270,بن آب,198237,6
66006,3270,پیرسر,198239,6
66007,3270,جمام,198240,6
66008,3270,چاهوکی,198241,6
66009,3270,دهان,198242,6
66010,3270,زردلگان,198243,6
66011,3270,عیسی کلگ,198247,6
66012,3270,کله هوک,198249,6
66013,3270,کوهک,198252,6
66014,3270,کهنک,198256,6
66015,3270,گرگاندر,198257,6
66016,3270,ماهوکلک,198260,6
66017,3270,نوکجو,198263,6
66018,3270,پاسگاه مرزبانی کوهک,199153,6
66019,3270,آزادکور,411851,6
66020,3270,گونانی,411852,6
66021,3270,خشکی در,411908,6
66022,3270,گلی,411909,6
66023,3270,گنزی,411910,6
66024,3270,ناهوکی,413737,6
66025,3270,پاسگاه مرزی,711125,6
66026,3270,پاسگاه انتظامی گزبستان,711126,6
66027,3270,سنگانی,711592,6
66028,3270,گزبستان,711649,6
66029,3270,گوجر,842189,6
66030,3270,بازارچه مرزی کوهک,911991,6
66031,3271,اناروک,197989,6
66032,3271,تبرجد,197990,6
66033,3271,جواپاتان,197993,6
66034,3271,دریدر,197996,6
66035,3271,امان آباد,197997,6
66036,3271,کوتگان,198001,6
66037,3271,کهوردل,198002,6
66038,3271,مورت,198004,6
66039,3271,مهیم آباد,198005,6
66040,3271,میرآباد,198006,6
66041,3271,ناود,198008,6
66042,3271,ناهیچک,198262,6
66043,3271,ریس,199194,6
66044,3271,سری کلک,199210,6
66045,3271,شوران,199219,6
66046,3271,گورباسو,199277,6
66047,3271,راهی ناگ,411888,6
66048,3271,کوکنار,411894,6
66049,3271,نهادک,411905,6
66050,3271,جکان,411906,6
66051,3271,جان محمدآباد,411938,6
66052,3271,ناوران,412765,6
66053,3271,میشود,412769,6
66054,3271,بزم,416748,6
66055,3271,تیغ آب,711570,6
66056,3271,گواتامین(دهنه لک),842516,6
66057,3271,سالار احمدی(دهنه لک),842517,6
66058,3271,علی آباد,842518,6
66059,3271,جعفرآباد,842519,6
66060,3271,سوروک,842520,6
66061,3271,پایگاه نظامی دهنه لک,842522,6
66062,3272,پی تاپ,186331,6
66063,3272,چاهوک,186347,6
66064,3272,دهان,186356,6
66065,3272,دسک,186362,6
66066,3272,دپ تولگ,186363,6
66067,3272,رودگلندام,186372,6
66068,3272,سررود,186377,6
66069,3272,سهرین دوک,186382,6
66070,3272,توجی,186388,6
66071,3272,کد,186399,6
66072,3272,کلک حمود,186405,6
66073,3272,کلک عبدو(نگور),186406,6
66074,3272,کلات سفلی,186409,6
66075,3272,کنارکمبان,186415,6
66076,3272,کورزیارت,186421,6
66077,3272,گوهرکوه,186434,6
66078,3272,گیمک,186435,6
66079,3272,وفا,186492,6
66080,3272,نیکوجهان,412221,6
66081,3272,کلک دادخدا,412222,6
66082,3272,روفنان,412225,6
66083,3272,کلات بالا,412637,6
66084,3272,گزگون,415391,6
66085,3272,گبدی,415392,6
66086,3272,جمکان,415393,6
66087,3272,دن قلمان(شاتاب),415394,6
66088,3272,احمدآباد,416187,6
66089,3272,مورتان کوه,416188,6
66090,3272,کلچات,416191,6
66091,3272,دن گراپ(اسلام آباد),416192,6
66092,3272,بخشک اشتر,711001,6
66093,3272,مطار,711328,6
66094,3272,زنگیان,711329,6
66095,3272,تل دسکی,711330,6
66096,3272,جمکان بنت,711783,6
66097,3273,باب دویی,186303,6
66098,3273,برکه,186312,6
66099,3273,بنفشی(گوالگی),186315,6
66100,3273,پگومزی,186324,6
66101,3273,پس کوهی,186325,6
66102,3273,دوشینکوه,186332,6
66103,3273,تب تاب,186335,6
66104,3273,توتان,186337,6
66105,3273,جاگور,186340,6
66106,3273,چراغ آباد,186349,6
66107,3273,چیدگی,186352,6
66108,3273,سرگل,186378,6
66109,3273,سفیدندوک,186380,6
66110,3273,سیزکی,186384,6
66111,3273,کشک,186403,6
66112,3273,کناردر,186414,6
66113,3273,کهن کوچان,186423,6
66114,3273,گوراندی,186433,6
66115,3273,هاکران,186456,6
66116,3273,مه عبداله,412383,6
66117,3273,چاتی,412612,6
66118,3273,مدحان,412614,6
66119,3273,زی بدک,412623,6
66120,3273,زرداری,412668,6
66121,3273,سه چان,412673,6
66122,3273,کمبان,412675,6
66123,3273,لردی,413700,6
66124,3273,سنت سر,413701,6
66125,3273,سوراب,414842,6
66126,3273,زه ماتین,414843,6
66127,3273,شماشیری,414854,6
66128,3273,ذارخشک,415396,6
66129,3273,کلوبراپ,415398,6
66130,3273,جورانی,415399,6
66131,3273,چاه,415400,6
66132,3273,گودل,415403,6
66133,3273,نوک آباد,711302,6
66134,3273,گنج آباد,711303,6
66135,3273,دیکو,711304,6
66136,3273,جران,711305,6
66137,3273,کهیرکان,711306,6
66138,3273,کلانی دپ,711307,6
66139,3273,کوه کلات,711308,6
66140,3273,باسیدی,811725,6
66141,3273,مسکنگ,811726,6
66142,3273,بارگین زه(بارگزهی),811727,6
66143,3273,تنگ دف,811728,6
66144,3274,استحلی,186300,6
66145,3274,باغ,186306,6
66146,3274,بانتک,186307,6
66147,3274,پتکان,186309,6
66148,3274,پای کند,186323,6
66149,3274,پله سین,186328,6
66150,3274,ترامپوک,186334,6
66151,3274,توجکان,186338,6
66152,3274,جوهانی,186345,6
66153,3274,چدرک,186348,6
66154,3274,حیدربند,186353,6
66155,3274,دستکرتکی,186360,6
66156,3274,دستگرد,186361,6
66157,3274,ریکو,186373,6
66158,3274,سرخ کلوت,186376,6
66159,3274,سیرگ,186385,6
66160,3274,شریکی,186389,6
66161,3274,کرچکی,186401,6
66162,3274,گل سندکوه,186404,6
66163,3274,ندودک(کلگ ندودک),186407,6
66164,3274,گتی,186427,6
66165,3274,کجویی,186428,6
66166,3274,مزرعه زه دوستک,186454,6
66167,3274,سمسوردر,186455,6
66168,3274,مزرعه گواروک,186466,6
66169,3274,ملگوری,186469,6
66170,3274,کله گی (مزرعه زه کرکی),186475,6
66171,3274,نیام کند,186483,6
66172,3274,میرآباد,186484,6
66173,3274,مین,186485,6
66174,3274,نلوک,186488,6
66175,3274,سری زه,410712,6
66176,3274,مزرعه گل گردان,410713,6
66177,3274,گدی درپک,412384,6
66178,3274,بن شهر,412385,6
66179,3274,کویچو,412397,6
66180,3274,جوان چاه,412398,6
66181,3274,عثمان آباد,412402,6
66182,3274,دپتنک,412654,6
66183,3274,پنسوکان,412655,6
66184,3274,دن علی,413683,6
66185,3274,زربر,413685,6
66186,3274,رابی,414856,6
66187,3274,پلسی,416189,6
66188,3274,هادرت,416190,6
66189,3274,گزان سیاهو,416193,6
66190,3274,علی آباد,711297,6
66191,3274,ماه سیلو,711298,6
66192,3274,شهرستان آباد,711299,6
66193,3274,سفیدسنگ,711300,6
66194,3274,تیغک,711301,6
66195,3274,پی زن,711687,6
66196,3274,عمرآباد,711688,6
66197,3274,گلور,711690,6
66198,3274,کددپ,842190,6
66199,3274,پاسگاه,842192,6
66200,3274,پیران دن,911997,6
66201,3275,بنگلی سور,186320,6
66202,3275,برمک,188082,6
66203,3275,جوکان,188102,6
66204,3275,جهکان,188103,6
66205,3275,چارپدان,188104,6
66206,3275,چاه علی,188105,6
66207,3275,دربانتو,188108,6
66208,3275,دفیسانی,188113,6
66209,3275,سهرک,188132,6
66210,3275,شهریری,188138,6
66211,3275,فتن در,188141,6
66212,3275,شیرکیهکان,188144,6
66213,3275,گوروان,188173,6
66214,3275,مردآسما,188185,6
66215,3275,ملوران,188190,6
66216,3275,پودک,191864,6
66217,3275,تابکی تل,191875,6
66218,3275,چاهان,191883,6
66219,3275,تراتی,410703,6
66220,3275,بورگ بالا,410706,6
66221,3275,گو,410728,6
66222,3275,گزر,410741,6
66223,3275,هنزم,410742,6
66224,3275,فتوچاه,410743,6
66225,3275,زیردان,410744,6
66226,3275,مدوخان,412079,6
66227,3275,تواران,412229,6
66228,3275,گورینگ,412230,6
66229,3275,تم تیلک,412231,6
66230,3275,کجانی,412232,6
66231,3275,کهوران دپ,412233,6
66232,3275,گردوک,412236,6
66233,3275,علی تیغ,412237,6
66234,3275,سراهنگی,412245,6
66235,3275,تم تهلک(کارگاهی),412246,6
66236,3275,کوانز,413658,6
66237,3275,گلبیر,413661,6
66238,3275,ملا آباد,413705,6
66239,3275,غلامک,415385,6
66240,3275,کورسر,415386,6
66241,3275,بندسر,415387,6
66242,3275,دن دستگرد(گروان),415388,6
66243,3275,دن کاپاران,415389,6
66244,3275,دستلنگین,415390,6
66245,3275,کهوک,416185,6
66246,3275,نژوک,416186,6
66247,3275,حاجی آباد,711324,6
66248,3275,بورگ پایین,711325,6
66249,3275,بورگ وسط,711326,6
66250,3275,چاکری کچ,811221,6
66251,3275,جم پلی,811228,6
66252,3275,ککی,842430,6
66253,3275,بوجو(بوجه),911078,6
66254,3276,آبشکی,191862,6
66255,3276,بازیگر,191863,6
66256,3276,بندان,191867,6
66257,3276,پتان,191868,6
66258,3276,پوتاپ,191871,6
66259,3276,جلایی کلگ,191880,6
66260,3276,حسین آباد,191885,6
66261,3276,دینارکلگ,191891,6
66262,3276,رمضان کلگ,191892,6
66263,3276,ره درگر,191893,6
66264,3276,شمیل,191903,6
66265,3276,کارپدین,191905,6
66266,3276,کوشک,191910,6
66267,3276,مخت,191919,6
66268,3276,آب شیب,191921,6
66269,3276,پیرکلک,191924,6
66270,3276,مزرعه جم,191925,6
66271,3276,شال مال,191926,6
66272,3276,کچ بالا,191927,6
66273,3276,کچ پایین,191928,6
66274,3276,گلادون,191929,6
66275,3276,نیکوجهان,191939,6
66276,3276,نوک آباد,412239,6
66277,3276,زیرک آباد,412240,6
66278,3276,اسلام آباد,412242,6
66279,3276,آبگیشان,412243,6
66280,3276,زردان,412244,6
66281,3276,گت,412248,6
66282,3276,درک چاندی,412249,6
66283,3276,جوزدر,412600,6
66284,3276,بلپیر,412631,6
66285,3276,تهرک,416181,6
66286,3276,روگ(راوک),416806,6
66287,3276,رخشان,416807,6
66288,3276,کلچات,416808,6
66289,3276,زهک بالا,711309,6
66290,3276,محله سهراب زهی(باغ سهراب زهی),711310,6
66291,3276,سنگ شکن حاج خدابخش بلیده,711311,6
66292,3276,کود,711312,6
66293,3276,ساختمان پایگاه هلال احمر,711313,6
66294,3276,مجتمع گلخانه ای جاوید,711314,6
66295,3276,پگمزی دپ,711683,6
66296,3276,میرآبادنیکوجهان,711966,6
66297,3276,کرین دوک,911998,6
66298,3276,سنگ شکن شرکت فاز,911999,6
66299,3277,اورنگ,186707,6
66300,3277,بیدی,186714,6
66301,3277,توک,186735,6
66302,3277,تیغ آب,186738,6
66303,3277,جمیدر,186740,6
66304,3277,جنگارک,186741,6
66305,3277,درمنان,186761,6
66306,3277,دشتاندر,186763,6
66307,3277,راوک,186768,6
66308,3277,سبز,186780,6
66309,3277,شی زندر,186796,6
66310,3277,کارواندر,186800,6
66311,3277,کرکوک,186803,6
66312,3277,کلان,186825,6
66313,3277,کاپاران دن,186831,6
66314,3277,گروک دپ,186848,6
66315,3277,گو,186858,6
66316,3277,لوندی,186875,6
66317,3277,مته سنگ,186879,6
66318,3277,مهبان,186890,6
66319,3277,میشود,186900,6
66320,3277,ندیک,186909,6
66321,3277,نوکایی کل,186911,6
66322,3277,داروکان,191888,6
66323,3277,ریگ,191894,6
66324,3277,سرگرانی,191898,6
66325,3277,کشیک,191906,6
66326,3277,بن گندر,191922,6
66327,3277,هیتک,191941,6
66328,3277,باکور,412352,6
66329,3277,گرشیب,412353,6
66330,3277,موکی پایین,412354,6
66331,3277,موکی بالا,412355,6
66332,3277,رونگ,412356,6
66333,3277,کلگی,412357,6
66334,3277,جگان مهبان,412360,6
66335,3277,تانان,412361,6
66336,3277,سهرکلوت(سرخ کلوت),412362,6
66337,3277,تهتانسر,412363,6
66338,3277,جگان,412369,6
66339,3277,بندگاه دن,412370,6
66340,3277,گریک,412371,6
66341,3277,گزان دن,412372,6
66342,3277,تیتران دن,412373,6
66343,3277,حواران,412635,6
66344,3277,کتوکدن,412659,6
66345,3277,رودسران,412660,6
66346,3277,گورگتان,412661,6
66347,3277,چیله بن,412662,6
66348,3277,احمدآباد,413638,6
66349,3277,جان محمدبازار,413639,6
66350,3277,بالرود,415375,6
66351,3277,جوگریگ دپ,415376,6
66352,3277,حاجی آباد,416170,6
66353,3277,تنک دپ,416171,6
66354,3277,جانک بوک(جان آباد),416172,6
66355,3277,کوسیچی,416851,6
66356,3277,زبران دن,811248,6
66357,3277,نگور,842191,6
66358,3278,آبگاه وانان,188075,6
66359,3278,درمضافتی,188110,6
66360,3278,زمین لشکو,188118,6
66361,3278,زیارتجاه,188124,6
66362,3278,شوشگز,188137,6
66363,3278,کلگ,188151,6
66364,3278,کمبیدر,188154,6
66365,3278,کوچینک,188159,6
66366,3278,گتی,188163,6
66367,3278,گتی درک,188164,6
66368,3278,گوشگرد(گشگرد),188175,6
66369,3278,گها(گه),188176,6
66370,3278,مکان دیگی,188189,6
66371,3278,ند,188191,6
66372,3278,نسپوران,188192,6
66373,3278,هشت کوه,188196,6
66374,3278,پیتاب جم,191872,6
66375,3278,تابکوه,191874,6
66376,3278,تخت ملک,191876,6
66377,3278,جکان,191884,6
66378,3278,خیرآباد,191887,6
66379,3278,سهتوان,191896,6
66380,3278,سوردر,191899,6
66381,3278,شگیم بالا,191901,6
66382,3278,شگیم پایین,191902,6
66383,3278,کناردان,191907,6
66384,3278,کنشکی,191908,6
66385,3278,کهورکان,191911,6
66386,3278,کتیچان,191912,6
66387,3278,غریب آباد,191933,6
66388,3278,ناگان,191935,6
66389,3278,نگارتاج آباد,191936,6
66390,3278,نگور,191937,6
66391,3278,هیچان,191942,6
66392,3278,رگزان,412080,6
66393,3278,جمکوه,412081,6
66394,3278,ریدگی,412082,6
66395,3278,زورآباد,412083,6
66396,3278,کانی کپکان(دشت کهتان),412084,6
66397,3278,مدوهی پایین,412085,6
66398,3278,مدوهی بالا,412086,6
66399,3278,پی تاپ,412227,6
66400,3278,دن سر,412254,6
66401,3278,گزتنگ دپ,412255,6
66402,3278,بن تنگ,412256,6
66403,3278,روچکان,412257,6
66404,3278,کندل مانچ,412260,6
66405,3278,هومبان,412264,6
66406,3278,سماران,412265,6
66407,3278,حسن آباد(بردران),412266,6
66408,3278,درچک بند,412267,6
66409,3278,گروانی,412268,6
66410,3278,زیار ندام,412269,6
66411,3278,جلال کشاری,412271,6
66412,3278,پنسان,412272,6
66413,3278,گتانی,412273,6
66414,3278,آبگاه,412274,6
66415,3278,مچک,412277,6
66416,3278,کدام یاز,412279,6
66417,3278,تیسروک,412280,6
66418,3278,شهنامی,412283,6
66419,3278,آبشک,412286,6
66420,3278,پیردانک,412287,6
66421,3278,مردان جنگجو,412604,6
66422,3278,گزمیر,413656,6
66423,3278,شی مرغ,413657,6
66424,3278,پات کوب,414272,6
66425,3278,پنکور,415379,6
66426,3278,کنارچانک,415381,6
66427,3278,سنگ سفید,415382,6
66428,3278,زمین بند,416183,6
66429,3278,پیش برینگ,416184,6
66430,3278,هیتان,416803,6
66431,3278,کارگاه سنگ شکن,711315,6
66432,3278,مجتمع خدماتی رفاهی دوست محمدنارویی,711316,6
66433,3278,شرکت راهسازی,711317,6
66434,3278,شهرک صنعتی نیکشهر,711318,6
66435,3278,بناب,811247,6
66436,3279,آب برین,186696,6
66437,3279,برشک,186709,6
66438,3279,بگ,186711,6
66439,3279,پتک,186722,6
66440,3279,پشت گر,186728,6
66441,3279,توکلی,186736,6
66442,3279,توکلی پایین,186737,6
66443,3279,جکبنان,186739,6
66444,3279,چنگ اناری,186749,6
66445,3279,خاربرد,186752,6
66446,3279,زییک,186776,6
66447,3279,زهرکان,186778,6
66448,3279,سفتک,186788,6
66449,3279,شهردراج(شهردراز),186791,6
66450,3279,شهریانچ,186792,6
66451,3279,شیزین فتان,186793,6
66452,3279,کرتکان شیب,186802,6
66453,3279,کل تیتران,186810,6
66454,3279,کلچات,186811,6
66455,3279,کلدان,186812,6
66456,3279,کله گوک(کلگوک),186819,6
66457,3279,کلی تک,186820,6
66458,3279,کوپه ای,186833,6
66459,3279,گراپان,186840,6
66460,3279,گروکدپ,186847,6
66461,3279,بجوکان بالا,186852,6
66462,3279,گورناگان,186867,6
66463,3279,گوهچ,186873,6
66464,3279,لال زمینان,186877,6
66465,3279,محمدآباد,186881,6
66466,3279,مهند,186893,6
66467,3279,ناگان,186903,6
66468,3279,ناگوک,186904,6
66469,3279,کوسی چی,186918,6
66470,3279,هیتکان,186922,6
66471,3279,کس مزور,412317,6
66472,3279,بجوکان,412322,6
66473,3279,گوران الیت,412326,6
66474,3279,پاگ,412341,6
66475,3279,گوانک,412342,6
66476,3279,گلیک,412347,6
66477,3279,رودبالوک,412349,6
66478,3279,چتاندر,412350,6
66479,3279,کونر,412365,6
66480,3279,کومانی,412366,6
66481,3279,ارچینی,412367,6
66482,3279,کرپاسی,412577,6
66483,3279,تلاربن,412578,6
66484,3279,گواتامی,412579,6
66485,3279,ساگیس,412581,6
66486,3279,پیش گلی,412582,6
66487,3279,کندگزی,412588,6
66488,3279,کل,412590,6
66489,3279,مورین پیش,412592,6
66490,3279,گزین گوهچ,412630,6
66491,3279,گت,413648,6
66492,3279,گیشتان,413651,6
66493,3279,پلکچار,414268,6
66494,3279,علی آباد(کارگاه اداره راه),414269,6
66495,3279,گه کوه,414863,6
66496,3279,کله کروچ(گرسور),414866,6
66497,3279,دشتوک,415353,6
66498,3279,کافران دن,415354,6
66499,3279,کریم آباد سیاه دن,416169,6
66500,3279,گردکان دن,711684,6
66501,3279,بن زه,711685,6
66502,3279,کارتاکان,711686,6
66503,3279,متکان کچ,842034,6
66504,3279,حسین آبادمتکان,842035,6
66505,3279,سی پچ,842222,6
66506,3279,پوزپرکان,842223,6
66507,3279,اله آباد,842379,6
66508,3279,بن رود,842380,6
66509,3279,گزین گوهچ بالا,842382,6
66510,3279,نوگیک دپ,842383,6
66511,3279,زییک پایین,842384,6
66512,3279,حوشاپی,842385,6
66513,3279,سکین,842406,6
66514,3279,گری,911837,6
66515,3279,میسی مچ,911838,6
66516,3279,کالکی ناگان,911839,6
66517,3280,بی تیچ,186715,6
66518,3280,بی تیچدپ,186716,6
66519,3280,پارود,186719,6
66520,3280,تنگ سر,186732,6
66521,3280,داربن,186756,6
66522,3280,کروزگیلکی,186805,6
66523,3280,کسیری دپ,186807,6
66524,3280,کناری,186832,6
66525,3280,گزدان,186850,6
66526,3280,گلیندر,186853,6
66527,3280,گمردوج دپ,186856,6
66528,3280,گوندلیک دپ,186857,6
66529,3280,متکاندپ,186880,6
66530,3280,پتگان,410247,6
66531,3280,نیلک بن,410248,6
66532,3280,راوک,410249,6
66533,3280,گورانژان گز(سرزه),412325,6
66534,3280,کسیرتلگ,412327,6
66535,3280,پهندر(نصرآباد),412333,6
66536,3280,دازین شیب(دراجین),412334,6
66537,3280,گمردوج پایین,412336,6
66538,3280,مشکونت,412351,6
66539,3280,حسین آباد,414266,6
66540,3280,رهتوک دپ(علی آباد),414864,6
66541,3280,کهیری,414868,6
66542,3280,کلی بک کنر,415357,6
66543,3280,میرتلگ,415358,6
66544,3280,کیتانبان,415359,6
66545,3280,کرباسی,415360,6
66546,3280,نیامگران,415362,6
66547,3280,کروز بالابومدن,415368,6
66548,3280,سی سرک بن,415369,6
66549,3280,راهین گتان(راین گیتان),416173,6
66550,3280,کروز دپ,416175,6
66551,3280,حاجی آباد,842381,6
66552,3280,دلیک دپ,911840,6
66553,3281,ردیک(پایگاه انتظامی 1),188430,6
66554,3281,پاسگاه انتظامی مرزی سوراب,188431,6
66555,3281,سولدان,188435,6
66556,3281,شرکت توحید(پاسگاه عشایری),188436,6
66557,3281,مادانچاه,188446,6
66558,3281,چاه عبداللطیف بون سولدان,188447,6
66559,3281,چاه صادق رییسی,410083,6
66560,3281,موتور تاج محمد رییسی,410084,6
66561,3281,روستای تاج محمد هوت,410086,6
66562,3281,موتورمیران میهن دوست,410087,6
66563,3281,مشاع مکران(کادوبازار),410088,6
66564,3281,چاه قادربخش اندبلوچی,410089,6
66565,3281,موتورنظرمحمد,410090,6
66566,3281,بازارلال محمدحسن زهی,410092,6
66567,3281,چاه دادرحیم(بگومزدان),410093,6
66568,3281,چاه اسماعیل پرداخته,410094,6
66569,3281,چاه دلمرادبلیده ای,410095,6
66570,3281,ودو,410097,6
66571,3281,تلبان,410099,6
66572,3281,گورشون,410101,6
66573,3281,چاه دوست محمدبهرامی,410103,6
66574,3281,چاه غلام قادر,410106,6
66575,3281,چاه شیران هوت,410107,6
66576,3281,چاه مزارولشکران,410109,6
66577,3281,چاه ابراهیم بون,410112,6
66578,3281,چاه نوربخش,410114,6
66579,3281,لد,410124,6
66580,3281,پایگاه انتظامی دردور(شهیدبهشتی),410125,6
66581,3281,روستای عبدالکریم جوزاک,410126,6
66582,3281,چاه شهنو,410129,6
66583,3281,چاه نظرمحمدحسن زهی,410130,6
66584,3281,چاه حاجی درا,410131,6
66585,3281,چاه عبدالطیف,410132,6
66586,3281,چاه ولی محمدجنگو,412434,6
66587,3281,تل سر(موتورصادق),412445,6
66588,3281,ماکول,412446,6
66589,3281,تکش,412448,6
66590,3281,چاه نورمحمدحسن زهی,412877,6
66591,3281,چاه عبدالطیف1,413033,6
66592,3281,چاه بلوچ بیر,413034,6
66593,3281,چاه مرادمحمدآسکانی گل,413035,6
66594,3281,چاه میرزا,413038,6
66595,3281,چاه اله بخش,413039,6
66596,3281,چاه سروربواشه,413040,6
66597,3281,دوشنبه چاه,413044,6
66598,3281,چاه حاجی شکردادور,413045,6
66599,3281,مرادآباد,413048,6
66600,3281,چاه حاجی امام بخش درخوش,413049,6
66601,3281,چاه الله دادنبی بخش,413050,6
66602,3281,چاه حسن هوت,413053,6
66603,3281,چاه پنج شنبه,413058,6
66604,3281,چاه حاج حضورهوت,413059,6
66605,3281,چاه حیدرپور,413060,6
66606,3281,موتوردوست محمدجوزاک,414022,6
66607,3281,خانه های گمرک,414023,6
66608,3281,شهدوست,414024,6
66609,3281,چاه رسول بخش جدگال,414031,6
66610,3281,مزرعه کشاورزی مبارکی,414033,6
66611,3281,محمدآباد,414034,6
66612,3281,چاه حاجی کریم ویدی,414559,6
66613,3281,چاه روزی,414560,6
66614,3281,چاه نیازمحمدبلوچ,414561,6
66615,3281,هوت آباد,414562,6
66616,3281,چاه حاجی بلوچ خان,415020,6
66617,3281,چاه دوست محمد گلستانی,416486,6
66618,3281,چاه ولی محمد(چاه دمبان),416487,6
66619,3281,چاه بیک محمدپربار,416488,6
66620,3281,چاه رحمت اسکانی,416489,6
66621,3281,بازارچه مرزی پیشین,416491,6
66622,3281,چاه دلوش پربار,416492,6
66623,3281,چاه دین محمد نبایخ,416494,6
66624,3281,چهارشنبه بازار,416497,6
66625,3281,چاه دلمراددادور(میادادهوت),711200,6
66626,3281,چاه دلمراددادور,711201,6
66627,3281,موتورعبدالرحمان بریچی,711202,6
66628,3281,موتورصادق,711203,6
66629,3281,موتورعبدالمجید,711204,6
66630,3281,موتورعبدالمجیددادور,711205,6
66631,3281,موتورغلام قادرهوت,711206,6
66632,3281,چاه دادمحمد,711208,6
66633,3281,چاه عبدالجبار,711209,6
66634,3281,شهبیک بازار,711210,6
66635,3281,چاه حیاطان,711211,6
66636,3281,چاه دادرحیم زرنما,711212,6
66637,3281,چاه حیدرعباس زهی,711213,6
66638,3281,چاه پیربخش,711214,6
66639,3281,چاه ملک محمدبلوچ,711215,6
66640,3281,چاه قادربخش چنگک,711216,6
66641,3281,چاه اولیاءبلقدر,711217,6
66642,3281,چاه نبی بخش شیره,711218,6
66643,3281,درابون,711219,6
66644,3281,موتورعبدالمالک بون,711220,6
66645,3281,موتورلال محمدبالنده,711221,6
66646,3281,چاه فیصل بون,711222,6
66647,3281,چاه جیندبلقدر,711223,6
66648,3281,چاه کمال آزادی,711224,6
66649,3281,مرغداری862ناظمی,711225,6
66650,3281,سیدآباد,711226,6
66651,3281,چاه الله دادبلوچزهی,711227,6
66652,3281,چاه میران سنگلو(چاه الله داد),711228,6
66653,3281,چاه علی بخش جدگال,711229,6
66654,3281,چاه بهرام جلاب,711230,6
66655,3281,چاه محمددینارزهی,711231,6
66656,3281,چاه عبدالغفورتیشه برسر,711232,6
66657,3281,چاه دلوش بیجاد,711233,6
66658,3281,علی آباد,711234,6
66659,3281,چاه حاج حضور,711235,6
66660,3281,چاه نورمحمدآسکانی,711236,6
66661,3281,چاه واحدبخش ایزدشناس,711237,6
66662,3281,چاه عبدالباقی بون,711238,6
66663,3281,چاه حیدردادور,711239,6
66664,3281,چاه عبدالمجیدبون,711240,6
66665,3281,چاه رحیم بخش پرموز,711241,6
66666,3281,سورچات,711242,6
66667,3281,چاه ناصربون,711243,6
66668,3281,چاه کریم,711244,6
66669,3281,چاه علی اکبرافراز,711245,6
66670,3281,عبداله شیخ زاده,711246,6
66671,3281,چاه بدرالدین پرو,711247,6
66672,3281,چاه بدالرزاق,711248,6
66673,3281,چاه عطامحمد,711249,6
66674,3281,چاه رحیم بخش,711250,6
66675,3281,چاه عالی,711251,6
66676,3281,انوربادپا,711252,6
66677,3281,چاه عبدالرحمان پشتوان,711253,6
66678,3281,محمدکریم سوان,711254,6
66679,3281,چاه عبداله بی خویش,711255,6
66680,3281,مالیرو( شهدربلوچی),711256,6
66681,3281,چاه محمدعمر,711257,6
66682,3281,چاه پرویزدرخوش,711258,6
66683,3281,چاه عبدالخالق سرزاده,711259,6
66684,3281,چاه عثمان فرهادی(کلات چات),711260,6
66685,3281,چاه عبدالباسط سرزاده,711261,6
66686,3281,چاه حمزه بادپا,711262,6
66687,3281,چاه عبدالحسین گرگیچ,711263,6
66688,3281,چاه اصغرپاینده,711264,6
66689,3281,چاه بی برگ,711265,6
66690,3281,چاه نصرت اله بادپا,711266,6
66691,3281,چاه خلیل بوکسه,711267,6
66692,3281,چاه عبدالطیف بون,711406,6
66693,3281,چاه عبدالغدیربون,711407,6
66694,3281,کدرمیان(چاه علی),711605,6
66695,3281,موتورخدابخش کوهی,711784,6
66696,3281,ملک آباد,711986,6
66697,3281,طارق آباد,711987,6
66698,3281,سجادآباد,711988,6
66699,3281,ایرج آباد,711989,6
66700,3281,موتورمهیم بارکزهی(خداداداربابی),811038,6
66701,3281,چاه رحیم بخش کلمتی,811039,6
66702,3281,حکیم آباد,842063,6
66703,3281,چاه حاج غفورتباسیده,842065,6
66704,3281,چاه حاج عثمان آسکانی,842066,6
66705,3281,چاه پنجشنبه کیازهی,842067,6
66706,3281,دادرحمان سنگلو,842068,6
66707,3281,چاه محمدبون,842069,6
66708,3281,چاه گل محمددرزمان,842070,6
66709,3281,چاه نوربخش هوت,842071,6
66710,3281,چاه حمیدتباسیده,842072,6
66711,3281,چاه زاهدبلیده ای,842073,6
66712,3281,چاه صفیه دانشمند,842466,6
66713,3281,کل گرو,842528,6
66714,3281,موتور ستار,842591,6
66715,3281,مرادمحمدبلوچ(بازارصدیق),911816,6
66716,3282,بیگدگ,188428,6
66717,3282,دروگ,188432,6
66718,3282,زردبن,188433,6
66719,3282,سدپیشین,188434,6
66720,3282,عزیزآباد,188437,6
66721,3282,کانیکور(حسین آباد),188438,6
66722,3282,کستگ,188439,6
66723,3282,کندربن,188440,6
66724,3282,گرین پرگ,188443,6
66725,3282,لنگارو,188445,6
66726,3282,مکی کشاری,188448,6
66727,3282,پاسگاه انتظامی عدالت,410645,6
66728,3282,پایگاه انتظامی رسالت,413051,6
66729,3282,پایگاه انتظامی بیگدگ,414557,6
66730,3282,فقیرآباد,911995,6
66731,3283,پیراهن گواش,188481,6
66732,3283,تمبی دپ,188482,6
66733,3283,چراغان,188484,6
66734,3283,شکرجنگل,188487,6
66735,3283,فیروزآباد,188489,6
66736,3283,ازبانک,410080,6
66737,3283,سیرین کورپتکان,410142,6
66738,3283,دهیتی در,410143,6
66739,3283,اسکاندر,410147,6
66740,3283,کزوردپ,410148,6
66741,3283,حسن آباد,416404,6
66742,3283,پالاس,711194,6
66743,3283,دین محمدآباد,711195,6
66744,3283,تمبی دپ بالا(پرسی گاز),711371,6
66745,3283,رحمت آباد,711859,6
66746,3283,پمپ بنزین درخشان,711861,6
66747,3283,شیرآباد,811036,6
66748,3284,اسحاق آباد,188425,6
66749,3284,آزاتی,188427,6
66750,3284,مولاآباد,188449,6
66751,3284,نورآباد,188450,6
66752,3284,بافتان,188478,6
66753,3284,پایگاه شهیدشهرکی,188480,6
66754,3284,جکیگور,188483,6
66755,3284,زران مندی,188486,6
66756,3284,سیرین کور(خالق آباد),188488,6
66757,3284,پارگ,410081,6
66758,3284,حوزه انتظامی جکیگور,410134,6
66759,3284,زیارت,410135,6
66760,3284,هدار,410136,6
66761,3284,درنجین,410137,6
66762,3284,لاشارکاهی,410138,6
66763,3284,کوه سرکلک,410139,6
66764,3284,جلال آباد,410140,6
66765,3284,کشاری,410644,6
66766,3284,تنکی دپ,412436,6
66767,3284,احمدآباد,416829,6
66768,3284,زی دپ,416830,6
66769,3284,دازدرک(جهانگیرآباد),416831,6
66770,3284,هوت آباد,416832,6
66771,3284,ایران گاز,711369,6
66772,3284,شهرک صنعتی,711370,6
66773,3284,سیرجاءدپ,711401,6
66774,3284,خدیرآباد,711402,6
66775,3284,پمپ بنزین کشاری,711477,6
66776,3284,قادرآباد,811047,6
66777,3284,گل کن,842420,6
66778,3284,کارخانه سیمان,842421,6
66779,3285,بردرک,188800,6
66780,3285,بریسک,188801,6
66781,3285,بیدلد,188805,6
66782,3285,پشامک,188810,6
66783,3285,پیری دن,188811,6
66784,3285,جنگل,188821,6
66785,3285,حیط,188824,6
66786,3285,گراسر,188826,6
66787,3285,دزبگان,188828,6
66788,3285,دستکرت,188829,6
66789,3285,رمپان,188835,6
66790,3285,رودبن,188836,6
66791,3285,زیارتجاه,188837,6
66792,3285,سردکان,188840,6
66793,3285,سوچک دایویی,188846,6
66794,3285,شوزینگر,188851,6
66795,3285,تشگیم,188853,6
66796,3285,شوک شینگل,188854,6
66797,3285,غفورآباد,188855,6
66798,3285,عیسی آباد,188858,6
66799,3285,نظرآباد,188859,6
66800,3285,کلگ بالا(سرکوه),188864,6
66801,3285,کلگ پایین,188865,6
66802,3285,نورآباد,188869,6
66803,3285,کوه پیزا,188872,6
66804,3285,کهیری پتان,188874,6
66805,3285,کرایی کور,188876,6
66806,3285,گریکان,188881,6
66807,3285,لهاباد,188885,6
66808,3285,ناعونت,188895,6
66809,3285,نوبند,188899,6
66810,3285,هاشم آباد,188900,6
66811,3285,گنج آباد,410152,6
66812,3285,سهمان حیط,410153,6
