92440,3984,بوندر,252407,6
92441,3984,خان مردو,252423,6
92442,3984,داوودی,252426,6
92443,3984,دیمشهر خورگو,252438,6
92444,3984,شهرک سرخاء,252448,6
92445,3984,سرگلم,252449,6
92446,3984,قلم,252458,6
92447,3984,کلوچان,252462,6
92448,3984,گاش,252466,6
92449,3984,گلستان,252469,6
92450,3984,ماشکار,252474,6
92451,3984,مزراکو,252475,6
92452,3984,آبشورک,252733,6
92453,3984,پاتل ایسین,252745,6
92454,3984,پشته ایسین,252746,6
92455,3984,تنگ باغ,252753,6
92456,3984,تهلو,252754,6
92457,3984,چاهو گنو بالا,252761,6
92458,3984,چه چکر,252762,6
92459,3984,خورلول,252763,6
92460,3984,درژگی,252765,6
92461,3984,دربرهو,252766,6
92462,3984,درگیر,252767,6
92463,3984,دزک,252769,6
92464,3984,دشت امام,252770,6
92465,3984,سرریگ اول,252773,6
92466,3984,سرریگ دوم,252774,6
92467,3984,شرکت هامون,252778,6
92468,3984,شهرک شهید نامجو,252780,6
92469,3984,شهرو,252781,6
92470,3984,کوه سیاه,252793,6
92471,3984,کهنوج گنو,252794,6
92472,3984,قلعه ایسین,252796,6
92473,3984,محله نو,252797,6
92474,3984,هورمودر,252801,6
92475,3984,ایستگاه مخابرات کوه گنو,252802,6
92476,3984,پاسگاه نیروی انتظامی کوه گنو,520116,6
92477,3984,فاریاب ایسین,520131,6
92478,3984,صنایع بوریا,520168,6
92479,3984,فرستنده رادیو و تلویزیون,520171,6
92480,3984,تصفیه خانه آب هرمزگان,520172,6
92481,3984,گورستان بهشت زهرا,520173,6
92482,3984,شهرک صنعتی بندر عباس,520186,6
92483,3984,کافه دوراهی سرخون,520187,6
92484,3984,شرکت هرمز بتون,520188,6
92485,3984,شرکت تولیدی گامرون توربین,520202,6
92486,3984,شرکت کشت و صنعت خانچه,520203,6
92487,3984,گنو,520210,6
92488,3984,قدمگاه درویش سلیمان,520227,6
92489,3984,آبگرم خورگو,520228,6
92490,3984,گدار گز,520244,6
92491,3984,ده شیخ/ شیخ آباد,520245,6
92492,3984,دم گروبند,520246,6
92493,3984,گدار نران,520248,6
92494,3984,مازغو,520249,6
92495,3984,آبادی,520250,6
92496,3984,پشته مغیری,520251,6
92497,3984,شوکلات,520252,6
92498,3984,دوتمب,520253,6
92499,3984,حسین آباد,522034,6
92500,3984,مجتمع مسکونی راه آهن,522103,6
92501,3984,اسلام آباد,522256,6
92502,3984,گورمونو,522298,6
92503,3984,خوابگاه و دانشگاه هرمزگان,822019,6
92504,3984,شهرک خلیج فارس,822028,6
92505,3984,بوندر پایین,822120,6
92506,3984,دریا پیشگان,822133,6
92507,3985,بلندو,251422,6
92508,3985,سودرو,251452,6
92509,3985,گربند,251472,6
92510,3985,شهرو,252455,6
92511,3985,بنوبند,252740,6
92512,3985,بنوبند پاتل,252741,6
92513,3985,بنوبند پا سنگ,252742,6
92514,3985,پاسگاه جنگلبانی,252743,6
92515,3985,تازیان بالا,252747,6
92516,3985,تل سیاه,252750,6
92517,3985,جمال احمد,252756,6
92518,3985,چاه محمد,252757,6
92519,3985,چاهو گنو پائین,252759,6
92520,3985,چاهو,252760,6
92521,3985,سایت رادار بندر عباس,252771,6
92522,3985,قلات بالا,252789,6
92523,3985,قلات پایین,252790,6
92524,3985,کلاتو,252791,6
92525,3985,کنارو,252792,6
92526,3985,پاتل تازیان,520105,6
92527,3985,زیارت سید سلیمان,520111,6
92528,3985,قدمگاه امام رضا,520112,6
92529,3985,قدمگاه حضرت امیر,520113,6
92530,3985,پابندگنو,520114,6
92531,3985,آقا میرجلیل,520124,6
92532,3985,شرکت سرمل,520125,6
92533,3985,ترمینال نظامی بندر عباس,521835,6
92534,3985,محمد شمسی,822079,6
92535,3986,بستانو,251421,6
92536,3986,دمیلو,251450,6
92537,3986,لاتیدان,251464,6
92538,3986,گچین بالا,251470,6
92539,3986,گچین پایین,251471,6
92540,3986,مجتمع کشتی سازی خلیج فارس,251476,6
92541,3986,مغ احمد بالا,251480,6
92542,3986,اسکله شهید رجائی,252734,6
92543,3986,آمادگاه حضرت ابوالفضل,252735,6
92544,3986,تیاب خون سرخ,252755,6
92545,3986,دوگردان خونسرخ,252764,6
92546,3986,شهرک توانیر,252779,6
92547,3986,فرودگاه آزمایشی نیروی هوائی,520048,6
92548,3986,مغ احمد پائین,520050,6
92549,3986,کمپ مسکونی خلیج فارس,520054,6
92550,3986,شرکت گران سنگ مهر,520056,6
92551,3986,شهرک شهید رجایی,520058,6
92552,3986,بارقین خونسرخ,520059,6
92553,3986,مجتمع انبارهای ایران,520067,6
92554,3986,شرکت کشتیرانی ایران بحر,520069,6
92555,3986,انبار شرکت فولاد هرمزگان,520071,6
92556,3986,پایگاه هوا دریا,520104,6
92557,3986,مجتمع تولیدی شهید درویشی صنایع دفاع,521882,6
92558,3986,مجتمع آلومینیم المهدی,521884,6
92559,3986,سردخانه 20 هزار تنی کوثر,521886,6
92560,3986,کمپ مسکونی شرکت نفت بستانو,522111,6
92561,3986,پالایشگاه نفت بندر عباس,522131,6
92562,3987,برچهر,252262,6
92563,3987,خرسین,252278,6
92564,3987,دق فینو,252298,6
92565,3987,هماگ بالا,252313,6
92566,3987,هماگ پائین,252314,6
92567,3987,آب محمدی,252400,6
92568,3987,آغاسین پائین,252402,6
92569,3987,آغاسین بالا,252403,6
92570,3987,بیخ,252408,6
92571,3987,پتکنان بالا,252411,6
92572,3987,تل سورو,252415,6
92573,3987,تل گردو,252416,6
92574,3987,توتنگ,252417,6
92575,3987,جغدر بالا,252418,6
92576,3987,درگز,252432,6
92577,3987,دوکوه,252435,6
92578,3987,رباط,252439,6
92579,3987,رود شور,252441,6
92580,3987,زاکین,252442,6
92581,3987,زروکان,252444,6
92582,3987,زنکوته,252445,6
92583,3987,سغ,252450,6
92584,3987,سلرد,252451,6
92585,3987,سیاهو,252452,6
92586,3987,سیخوران بالا,252453,6
92587,3987,طیفکان,252456,6
92588,3987,کروکان,252461,6
92589,3987,کووه,252464,6
92590,3987,ماشاری,252473,6
92591,3987,نامدر بالا,252482,6
92592,3987,نرینگان,252483,6
92593,3987,هزارتا,252484,6
92594,3987,فورخورج,252486,6
92595,3987,درفراغ,520418,6
92596,3987,پاگرو,520428,6
92597,3987,همت آباد,520433,6
92598,3987,قدمگاه حضرت علی,520436,6
92599,3987,کم اشنو,520438,6
92600,3987,زیارت پاکوه,520442,6
92601,3987,سرکم,520447,6
92602,3987,درگیران,520448,6
92603,3987,گرو سیاهان,520449,6
92604,3987,هواران,520455,6
92605,3987,جغدر پائین,520459,6
92606,3987,نامدر پائین,520461,6
92607,3987,آبشور,520464,6
92608,3987,دنوکی,520467,6
92609,3987,دتو ناصری,520468,6
92610,3987,سیخوران پائین,520469,6
92611,3987,پشت بندسغ,520472,6
92612,3987,گری گوری,520481,6
92613,3987,بنگلایان,521832,6
92614,3987,سردرو,521876,6
92615,3987,پشته چاهو,522031,6
92616,3987,نیومر,522106,6
92617,3987,گود بونگرد,522107,6
92618,3987,جذرآباد,522301,6
92619,3987,چهل گزی,822087,6
92620,3987,دو کوه پایین,822121,6
92621,3988,باغو,252738,6
92622,3988,سرخون,252772,6
92623,3988,فتح الجلیل,252783,6
92624,3988,قادهار,252784,6
92625,3988,ننگ,252800,6
92626,3988,پلیس راه میناب بندر عباس,520175,6
92627,3988,تاسیسات شرکت گاز,520176,6
92628,3988,چاه حسن کهوری,520184,6
92629,3988,قدمگاه بی بی شهربانو,520256,6
92630,3989,آب پیش,252871,6
92631,3989,بدک,252877,6
92632,3989,بهرغ,252879,6
92633,3989,پشمی,252886,6
92634,3989,جغان,252895,6
92635,3989,جوت,252897,6
92636,3989,چاهستان,252904,6
92637,3989,زیارت سید سلیمان,252926,6
92638,3989,سردره,252930,6
92639,3989,شاه عوضی,252948,6
92640,3989,کشکو,252957,6
92641,3989,کوه لهرو,252964,6
92642,3989,گیشان,252978,6
92643,3989,مقسم,252987,6
92644,3989,سرخا پائین,520258,6
92645,3989,مغیران,522128,6
92646,3989,گچکنی,822000,6
92647,3989,خورخیاری,822017,6
92648,3989,لهرو پایین,822080,6
92649,3989,مازغ مغیران,822081,6
92650,3989,بهرغ بالا/ سرگدار,822092,6
92651,3989,آبگلمان,822106,6
92652,3990,پاقلاتان پایین,252882,6
92653,3990,پاقلاتان بالا,252883,6
92654,3990,پشتکوه,252884,6
92655,3990,جلابی,252896,6
92656,3990,چاه بس,252898,6
92657,3990,چاه عالی شرقی,252900,6
92658,3990,چاه عالی غربی,252901,6
92659,3990,حسین آباد,252909,6
92660,3990,درتوجان,252913,6
92661,3990,دل بودنی,252915,6
92662,3990,سید آباد,252946,6
92663,3990,شاه بازان,252947,6
92664,3990,کل ذرت,252958,6
92665,3990,کهور کلاغی,252966,6
92666,3990,گاو مرده,252968,6
92667,3990,محمود کلاهی,252980,6
92668,3990,نران,252990,6
92669,3990,گنبد سرخ,520327,6
92670,3990,چاه سرگزان/ شاگزان,520330,6
92671,3990,پاسگاه جلابی,521840,6
92672,3990,کناران,522253,6
92673,3991,باریز,252875,6
92674,3991,توج,252894,6
92675,3991,چاه فعله شرقی,252902,6
92676,3991,چاه فعله غربی,252903,6
92677,3991,خرگی,252910,6
92678,3991,خور قاسمی,252912,6
92679,3991,ذرتی,252921,6
92680,3991,ریگو,252922,6
92681,3991,سرچیل,252928,6
92682,3991,طاهری,252951,6
92683,3991,کدوکار,252954,6
92684,3991,گزریز,252971,6
92685,3991,برتمب,252975,6
92686,3991,گودو,252976,6
92687,3991,مدنگ احمد,252981,6
92688,3991,نوبست,252991,6
92689,3991,پیرچیلی,522105,6
92690,3991,شهر کهنه,522255,6
92691,3992,چوج,252905,6
92692,3992,خور چاه,252911,6
92693,3992,دهنو بالا,252919,6
92694,3992,دهنو پایین,252920,6
92695,3992,گل ملک,252973,6
92696,3992,کولغان تومان غلام حسن,520294,6
92697,3992,کولغان تومان عبدالله,520304,6
92698,3992,پاسگاه انتظامی کولغان,520305,6
92699,3992,سایت پرورش میگوی کولغان,822067,6
92700,3993,چاه خرگ,252899,6
92701,3993,چیل گرگی,252906,6
92702,3993,حسن لنگی پایین,252908,6
92703,3993,زمین سنگ,252923,6
92704,3993,سرزه آل مهتریان,252932,6
92705,3993,سرزه خاروک,252933,6
92706,3993,سهرابی,252944,6
92707,3993,کرمون,252956,6
92708,3993,حسن لنگی بالا/ گزکی حسن لنگی,252972,6
92709,3994,آبکهور,252872,6
92710,3994,بالولی,252876,6
92711,3994,گوجگ پشتکوه,252880,6
92712,3994,تنب باریکو,252893,6
92713,3994,زنهی,252924,6
92714,3994,زهوکی,252925,6
92715,3994,سرخنگی,252929,6
92716,3994,سرزه پشت بند,252931,6
92717,3994,سرزه شمیل,252934,6
92718,3994,سرسماد,252936,6
92719,3994,سرکم,252938,6
92720,3994,سرریگ,252940,6
92721,3994,سلوبلم,252941,6
92722,3994,سمسلو,252942,6
92723,3994,سنخرو,252943,6
92724,3994,قلم,252952,6
92725,3994,کنار سیاه,252960,6
92726,3994,کوه دازان,252963,6
92727,3994,گردنه پشتکوه,252969,6
92728,3994,گرده,252970,6
92729,3994,نیان,252992,6
92730,3994,سنگ بهمن,822060,6
92731,3994,بندر محمد کهوری,822071,6
92732,3995,باوردان,253621,6
92733,3995,بهمنی,253623,6
92734,3995,غدیر صابری,253624,6
92735,3995,جاونی,253626,6
92736,3995,جبری,253627,6
92737,3995,دهنو مراغ,253631,6
92738,3995,دهنو میر,253632,6
92739,3995,رستمی,253633,6
92740,3995,سه کنار علیا,253635,6
92741,3995,بندر طاعونه,253636,6
92742,3995,کوغان,253637,6
92743,3995,غدیر کوهی,253638,6
92744,3995,گلشن,253639,6
92745,3995,لعلمی,253640,6
92746,3995,مراغ,253641,6
92747,3995,نخل میر,253643,6
92748,3995,وادی آباد/ وادی عبد,253644,6
92749,3995,وادی احمد,253645,6
92750,3995,ایستگاه مخابرات چارک,253646,6
92751,3995,کلات,253673,6
92752,3995,گرزه,253674,6
92753,3995,نخل غدیر,521176,6
92754,3996,الفدان,253589,6
92755,3996,باغویه,253590,6
92756,3996,بندر جزه,253591,6
92757,3996,بندر مقام,253592,6
92758,3996,بندر میچائیل,253593,6
92759,3996,بندر نخیلو,253594,6
92760,3996,بوجبرائیل,253596,6
92761,3996,خرابه,253597,6
92762,3996,رمیله,253598,6
92763,3996,شکروییه,253599,6
92764,3996,نخل جمال,253600,6
92765,3996,بوالعسکر,253622,6
92766,3996,رستاق,253671,6
92767,3996,گریشه,253675,6
92768,3996,گزدان,253676,6
92769,3996,لشتانی,253678,6
92770,3996,مرباغ,253679,6
92771,3996,ارمکی,253700,6
92772,3996,بندر چیروئیه,253701,6
92773,3996,بوجراش,253702,6
92774,3996,بوطیور,253703,6
92775,3996,خلفانی,253704,6
92776,3996,سایت پرورش میگوی مقام,822065,6
92777,3997,هندو رابی,253758,6
92778,3998,ده ریز لاوان,253753,6
92779,3998,دهکرت لاوان,253754,6
92780,3998,کرت لاوان,253755,6
92781,3998,لز,253756,6
92782,3998,لازه,253757,6
92783,3998,تاسیسات نفتی,520818,6
92784,3998,جزیره شتوار,520819,6
92785,3998,کوسه,520820,6
92786,3998,هله,520821,6
92787,3999,بارچاه,253908,6
92788,3999,باورد,253909,6
92789,3999,بردغون,253911,6
92790,3999,برکه سفلین,253912,6
92791,3999,بندر بندمعلم,253916,6
92792,3999,پیروز,253919,6
92793,3999,چاه عبدالرحمان,253923,6
92794,3999,چاه کوهی,253924,6
92795,3999,چاه کهنه,253925,6
92796,3999,چرکیات,253926,6
92797,3999,چمپه,253927,6
92798,3999,حشم حودو,253928,6
92799,3999,حمیران,253929,6
92800,3999,زیارت,253932,6
92801,3999,شهرک امام خمینی,253933,6
92802,3999,کوهی,253938,6
92803,3999,گارستانه,253939,6
92804,3999,گزیر,253940,6
92805,3999,مهرگان بالا,253944,6
92806,3999,بریسیمو,521000,6
92807,3999,پارو,521015,6
92808,3999,مزرعه لاورگل,521016,6
92809,3999,حشم چمپه,521026,6
92810,4000,بستانه,253914,6
92811,4000,بندر شناس,253915,6
92812,4000,بندر ملو,253917,6
92813,4000,خورملو,253930,6
92814,4000,فرودگاه بندر لنگه,253937,6
92815,4000,ارمک,254063,6
92816,4000,چاه درویش,254065,6
92817,4000,چاه مسلم,254066,6
92818,4000,حسینه,254068,6
92819,4000,دیوان,254070,6
92820,4000,سورو,254071,6
92821,4000,کافرغان,254072,6
92822,4000,کندران,254073,6
92823,4000,گلنگو,254074,6
92824,4000,لاوران,254075,6
92825,4000,مغویه,254077,6
92826,4000,هیروند,254079,6
92827,4000,شربتی,521033,6
92828,4000,نخل یوسف,521061,6
92829,4000,هتل ساحلی صدف,521097,6
92830,4000,سایت پرورش میگوی حسینه,822066,6
92831,4001,اسلام آباد,253233,6
92832,4001,کم رضوان,253239,6
92833,4001,نورآباد,253247,6
92834,4001,انجیره,254017,6
92835,4001,بن کوه,254020,6
92836,4001,پدل,254022,6
92837,4001,پس بست,254023,6
92838,4001,چاه خودرو,254025,6
92839,4001,خورچاه,254026,6
92840,4001,دم هرا,254027,6
92841,4001,کوردان,254028,6
92842,4001,کونه,254029,6
92843,4001,گرسور,254030,6
92844,4001,لاور کرچی,254033,6
92845,4001,ناهنگ,254035,6
92846,4001,هم هنگ,254036,6
92847,4001,هرا,254037,6
92848,4001,حارسین,254038,6
92849,4001,دم طلا,520927,6
92850,4001,پس بند,520930,6
92851,4001,هسته کوه,520932,6
92852,4001,بشتین,520933,6
92853,4001,برست,521017,6
92854,4001,هیرو,521977,6
92855,4001,نی منو,522120,6
92856,4001,جوانی,822128,6
92857,4002,چاه احمد,253987,6
92858,4002,چاه دراز,253988,6
92859,4002,چنگ,253989,6
92860,4002,دژگان,253990,6
92861,4002,دواب,253991,6
92862,4002,سایه خوش,253992,6
92863,4002,سیاتک,253993,6
92864,4002,کنخ,253994,6
92865,4002,گنایی,253995,6
92866,4002,گاومیری,253996,6
92867,4002,چاه هندران,520931,6
92868,4002,کلاتو,520936,6
92869,4002,تنب سیک,520937,6
92870,4002,کنار تنکو/ قنات تنگو,520938,6
92871,4002,پیشه گون,520943,6
92872,4002,حنادان,520946,6
92873,4002,کوشک,520949,6
92874,4002,گواه کوه,520973,6
92875,4002,سنگ سیاه,522113,6
92876,4002,کنار بلند,522114,6
92877,4002,چاه دیگی,522115,6
92878,4002,کن گاهی,522116,6
92879,4002,خومکو,522117,6
92880,4002,کنارگتو,522121,6
92881,4002,حسن آباد,522294,6
92882,4002,تنب جکی,822025,6
92883,4002,نرمستان,822026,6
92884,4002,تنب بنگرو,822027,6
92885,4002,سایت پرورش میگوی سایه خوش,822064,6
92886,4002,کرچی,822134,6
92887,4003,بند چاپی,254151,6
92888,4003,دیرستان,254163,6
92889,4003,شیب دراز,254167,6
92890,4003,مسن,254182,6
92891,4003,برکه خلف,254235,6
92892,4003,ریگو,254255,6
92893,4003,زیرانگ,254257,6
92894,4003,نخل گل,254278,6
92895,4003,نخلستانهای سوزا,521271,6
92896,4003,پادگان 112 ذوالفقار,521274,6
92897,4003,فرودگاه بین المللی قشم,822032,6
92898,4003,کمال آباد,822122,6
92899,4004,قیل,254171,6
92900,4004,هنگام جدید,254186,6
92901,4004,هنگام قدیم,254187,6
92902,4004,سایت پرورش میگوی هنگام,822068,6
92903,4005,تمبان,254152,6
92904,4005,گورزین,254175,6
92905,4005,تلمبو,254242,6
92906,4005,حمیری,254249,6
92907,4005,دفاری,254252,6
92908,4005,رمچا,254254,6
92909,4005,طولا,254262,6
92910,4005,کابلی,254263,6
92911,4005,کووه ای,254266,6
92912,4005,گیاهدان,254274,6
92913,4005,هلر,254279,6
92914,4005,لافت کهنه,521252,6
92915,4005,جمال آباد,822072,6
92916,4006,باغ بالا,254234,6
92917,4006,بند جهود,254237,6
92918,4006,بنگالی,254239,6
92919,4006,پی پشت,254240,6
92920,4006,تم سنتی,254241,6
92921,4006,توریان,254244,6
92922,4006,جی جیان,254247,6
92923,4006,خالدین,254250,6
92924,4006,زینبی,254258,6
92925,4006,صیدم,254261,6
92926,4006,کاروان,254264,6
92927,4006,کوشه,254265,6
92928,4006,گربه دان,254268,6
92929,4006,گردوا,254269,6
92930,4006,منصورآباد,822113,6
92931,4007,لارک شهری,254275,6
92932,4007,لارک کوهی,254276,6
92933,4007,لارک مرونه,522108,6
92934,4008,باسعیدو,254150,6
92935,4008,تم گس,254153,6
92936,4008,چاهو غربی,254155,6
92937,4008,چاهو شرقی,254156,6
92938,4008,درکوه,254159,6
92939,4008,دوستکو,254161,6
92940,4008,دولاب,254162,6
92941,4008,سرریگ,254164,6
92942,4008,عایشه آباد,254170,6
92943,4008,کانی,254173,6
92944,4008,کنار سیاه,254174,6
92945,4008,گوری,254179,6
92946,4008,مرادی,254181,6
92947,4009,دهخدا,254157,6
92948,4009,خوزایی,254158,6
92949,4009,دوربنی,254160,6
92950,4009,سهیلی,254166,6
92951,4009,صلخ,254168,6
92952,4009,گاچو,254176,6
92953,4009,گمبران,254177,6
92954,4009,گوران,254178,6
92955,4009,ملکی,254183,6
92956,4009,نقاشه,254184,6
92957,4009,هفترنگو,254185,6
92958,4009,زیارت سید منصور,521261,6
92959,4009,پاسگاه انتظامی اسکله کارگه,521262,6
92960,4009,زیارت امام زین العابدین,521265,6
92961,4009,شهرک پرواز,822031,6
92962,4009,معتمدآباد,822115,6
92963,4010,آب محنت,254380,6
92964,4010,اودوئی,254399,6
92965,4010,بندر,254434,6
92966,4010,تم بابل,254477,6
92967,4010,تلال,254481,6
92968,4010,تیغ سیاه,254494,6
92969,4010,جاشو,254496,6
92970,4010,چاه حنان,254506,6
92971,4010,چاه خارو,254507,6
92972,4010,چاهک,254508,6
92973,4010,خواجه ریحان,254514,6
92974,4010,درجک,254539,6
92975,4010,درگ پائین,254553,6
92976,4010,درلیمو,254560,6
92977,4010,ساسانی,254619,6
92978,4010,سرگرو,254635,6
92979,4010,سمسیلی,254644,6
92980,4010,سیاه کهور,254650,6
92981,4010,شیریش,254668,6
92982,4010,صادر,254672,6
92983,4010,کم ترکو,254684,6
92984,4010,گنبد سرخ,254753,6
92985,4010,مشکاءالدین,254784,6
92986,4010,مغ خاتون,254785,6
92987,4010,هنگر,254812,6
92988,4010,درگ بالا,254819,6
92989,4010,بنوشک,255488,6
92990,4010,چاه انبا,255505,6
92991,4010,گودو,255590,6
92992,4010,درانار,256122,6
92993,4010,قایم آباد,521356,6
92994,4010,کلات محمک,521358,6
92995,4010,پشت کلات,521359,6
92996,4010,چراک بالا / پس گردنه,521361,6
92997,4010,کهنک چاه خارو,521364,6
92998,4010,درگز کلنگان,521365,6
92999,4010,سیاه تجگان,521366,6
93000,4010,سگرگاه,521367,6
93001,4010,امام آباد,521368,6
93002,4010,بن شهر,521369,6
93003,4010,پاکوه,521371,6
93004,4010,آب دلالی,521914,6
93005,4010,گلکی,521933,6
93006,4010,چاهلک,522122,6
93007,4011,اسفند,254391,6
93008,4011,اسلام آباد,254392,6
93009,4011,انرت,254397,6
93010,4011,بن کرم,254419,6
93011,4011,بنم مانی,254429,6
93012,4011,بهان,254448,6
93013,4011,پرازن,254459,6
93014,4011,تمبو بالا,254483,6
93015,4011,جاسی,254495,6
93016,4011,داوری بالا,254526,6
93017,4011,درپهن,254536,6
93018,4011,درجادون ( سرسروغ ),254537,6
93019,4011,دشت آزادگان,254579,6
93020,4011,دوین,254588,6
93021,4011,دهیچ,254596,6
93022,4011,سرکهنان داوری,254632,6
93023,4011,سرگجک,254633,6
93024,4011,سول,254648,6
93025,4011,شیبکوه,254670,6
93026,4011,کش پیری,254693,6
93027,4011,گجک احمد,254738,6
93028,4011,گشیراز,254747,6
93029,4011,گناش,254751,6
93030,4011,گودی,254757,6
93031,4011,لاسک,254771,6
93032,4011,نان خورو,254795,6
93033,4011,نز,254800,6
93034,4011,هنجک,254810,6
93035,4011,هنسی,254811,6
93036,4011,هنگی اسماعیل,254814,6
93037,4011,عباس آباد,254821,6
93038,4011,اشکوت,255468,6
93039,4011,جهاد ( دشت هویزه ),255530,6
93040,4011,رپکا,255538,6
93041,4011,سرتنگ,255546,6
93042,4011,کرت زنی,255571,6
93043,4011,کویلو,255578,6
93044,4011,کوهی,255592,6
93045,4011,هنج,256116,6
93046,4011,کنی هوتار,521314,6
93047,4011,کامچ,521316,6
93048,4011,ویحی,521317,6
93049,4011,کل عالیون,521318,6
93050,4011,قدمگاه حضرت علی,521319,6
93051,4011,گنس,521320,6
93052,4011,زیارت حاجی علی,521325,6
93053,4011,علی آباد,521326,6
93054,4011,زمین در,521329,6
93055,4011,دهن در,521330,6
93056,4011,ده قلمان,521331,6
93057,4011,دهنو,521912,6
93058,4011,سرچاه,521991,6
93059,4011,پرخاش,521992,6
93060,4011,تمبو پائین,522262,6
93061,4011,سفید کوه,522263,6
93062,4011,داوری پائین,522264,6
93063,4011,سرکهنان درپهن,822117,6
93064,4012,اوترنگ,254384,6
93065,4012,ارنگو بالا,254387,6
93066,4012,ارنگو پائین,254388,6
93067,4012,اره کن,254389,6
93068,4012,بنزیر,254441,6
93069,4012,بونگ,254445,6
93070,4012,بینگ,254453,6
93071,4012,عبداله آباد,254461,6
93072,4012,پیشان لکی,254470,6
93073,4012,تمبو,254482,6
93074,4012,چک بر,254501,6
93075,4012,چراغ سوز,254509,6
93076,4012,خورهوی,254516,6
93077,4012,بنهکان,254535,6
93078,4012,درگلو,254551,6
93079,4012,ورکن,254559,6
93080,4012,ده زیارتان,254590,6
93081,4012,سرمازغ,254637,6
93082,4012,شیوه ای,254671,6
93083,4012,قلمان دریدر,254674,6
93084,4012,کاموج,254679,6
93085,4012,کره زن,254692,6
93086,4012,کهور چائو,254729,6
93087,4012,گاو سرخی,254735,6
93088,4012,کشهران,254748,6
93089,4012,گنان,254752,6
93090,4012,گورچاکر,254758,6
93091,4012,گور عصمک,254759,6
93092,4012,گونر,254763,6
93093,4012,لور,254770,6
93094,4012,انبارک,255469,6
93095,4012,بند گوران,255485,6
93096,4012,پیزکن,255498,6
93097,4012,دویری,255515,6
93098,4012,دربیل بان,255516,6
93099,4012,زاش,255539,6
93100,4012,سیت,255556,6
93101,4012,قلمان انبارک,255566,6
93102,4012,لوراشکنجن,255597,6
93103,4012,یامحمک,255608,6
93104,4012,گرو,521332,6
93105,4012,امبا,521346,6
93106,4012,دربنکان,521347,6
93107,4012,پهناب,521350,6
93108,4012,توسک,521351,6
93109,4012,چشمه کلاشون,521354,6
93110,4012,پاخون,521355,6
93111,4012,قلمکان,522180,6
93112,4012,مازاوی,522194,6
93113,4012,شیخ عمر,522195,6
93114,4012,کهنک,522196,6
93115,4012,آب گرم,522197,6
93116,4012,مازغ کوریان,522260,6
93117,4012,علی آباد,822033,6
93118,4013,احمدآباد کلیبی,256181,6
93119,4013,بازیاری,256187,6
93120,4013,بلبلی,256190,6
93121,4013,بهمنی,256194,6
93122,4013,پشته آزادکان,256196,6
93123,4013,تم گوهر,256204,6
93124,4013,تمبانو,256205,6
93125,4013,تمبک پائین,256208,6
93126,4013,جانشینی,256219,6
93127,4013,حکمی,256225,6
93128,4013,حنایی سرریگان,256228,6
93129,4013,درخانه,256232,6
93130,4013,دهو سطی,256239,6
93131,4013,سرکم بهمنی,256257,6
93132,4013,سرکنتکان,256258,6
93133,4013,شهمرادی,256267,6
93134,4013,شاه منصوری,256268,6
93135,4013,شمجو,256270,6
93136,4013,شهوار,256274,6
93137,4013,طالار,256277,6
93138,4013,فخرآباد,256279,6
93139,4013,قاسم جلالی,256283,6
93140,4013,کلنتان,256299,6
93141,4013,کلو,256300,6
93142,4013,کلیبی,256303,6
93143,4013,گلشوار,256322,6
93144,4013,لرد منجلی,256328,6
93145,4013,ماکیان,256331,6
93146,4013,ملا حسنی,256336,6
93147,4013,ملا جماتی,256341,6
93148,4013,میراباد,256344,6
93149,4013,نصیرائی,256349,6
93150,4013,پازیارت,256355,6
93151,4013,تمبک بالا,521454,6
93152,4013,خواجه شمسی,521930,6
93153,4013,قطاران,822090,6
93154,4013,سنجری,822139,6
93155,4014,چاه شیرین,256218,6
93156,4014,حاجی خادمی,256224,6
93157,4014,دمشهر,256236,6
93158,4014,زیارت مولا,256252,6
93159,4014,گوربند,256324,6
93160,4014,گیو,256327,6
93161,4014,مه رغان,256343,6
93162,4014,نوبند جدید,256350,6
93163,4014,نوبند قدیم,256351,6
93164,4014,پست نیروگاه,521459,6
93165,4014,کنارقلکی,521460,6
93166,4014,چاه اسماعیل,521461,6
93167,4014,کهن دهلی,521468,6
93168,4014,پشته گوربند,522192,6
93169,4015,راشک,117169,6
93170,4015,کهنان سرنی,117184,6
93171,4015,توکهور,117296,6
93172,4015,چاه شریف,117310,6
93173,4015,بید رئیس,254449,6
93174,4015,باغک,256184,6
93175,4015,برنزکی,256188,6
93176,4015,پابنان,256195,6
93177,4015,تهتان,256209,6
93178,4015,قلات رستم,256280,6
93179,4015,قلمان عبداله,256286,6
93180,4015,قلمان مشهدی چراغ,256287,6
93181,4015,گوجک دادعلی,256290,6
93182,4015,کجک قلمان,256291,6
93183,4015,جعفر آباد,521428,6
93184,4015,قلم زنی,521429,6
93185,4015,هلایون,521430,6
93186,4015,شهر الهی,521431,6
93187,4015,پامنبر,521432,6
93188,4015,تم پریتک,521673,6
93189,4015,انجیرک,521677,6
93190,4015,چاه غربال,521685,6
93191,4015,سهران,521686,6
93192,4015,تل سیاه,521687,6
93193,4015,پاسنگر,521867,6
93194,4015,ریگ مولد,522138,6
93195,4015,چاه حیدر,522141,6
93196,4015,چاه دراز,522181,6
93197,4015,بابا حاجی,522193,6
93198,4015,بندک,522259,6
93199,4015,سراتک,822119,6
93200,4016,مرز,117192,6
93201,4016,چراغ آباد,117317,6
93202,4016,هامین,117525,6
93203,4016,درگز شاهی,521672,6
93204,4016,ریگ دراز,521680,6
93205,4016,مزرعه تفضلی,521683,6
93206,4016,هشت بندی دو,521865,6
93207,4016,آب شکر,521866,6
93208,4016,حجت آباد,522136,6
93209,4016,مجتمع امام,522137,6
93210,4016,چراغ آباد بالا,522139,6
93211,4016,تم ملنتکی,522140,6
93212,4016,امیر آباد,522142,6
93213,4016,چراغ آباد جنوبی,522143,6
93214,4016,کلاتک,522179,6
93215,4016,دهن در,522182,6
93216,4016,نیل گری,522183,6
93217,4016,جعفر آباد,522184,6
93218,4016,احمدآباد,522185,6
93219,4016,چراغ آباد مرکزی,522186,6
93220,4016,ریگ کگ,522187,6
93221,4016,کهورتاک,522189,6
93222,4016,کوی هجرت,522190,6
93223,4016,هیئت آباد,522191,6
93224,4016,امام آباد,822118,6
93225,4017,باغگلان,256185,6
93226,4017,بلیلی,256191,6
93227,4017,تم بلوچان,256202,6
93228,4017,تم خواجه بهمنی,256203,6
93229,4017,تم بساط,256206,6
93230,4017,تی بی شاهی,256212,6
93231,4017,جنگان,256213,6
93232,4017,خشک آباد,256229,6
93233,4017,درباغ,256231,6
93234,4017,دودو,256237,6
93235,4017,رضا علیچی,256241,6
93236,4017,رکن آباد,256243,6
93237,4017,سلمانی,256260,6
93238,4017,سنگکی,256263,6
93239,4017,سولقان,256265,6
93240,4017,شمجوئیه,256271,6
93241,4017,فولاد قاسمی,256281,6
93242,4017,کردر,256292,6
93243,4017,کشقلمان بالا,256297,6
93244,4017,کشقلمان پائین,256298,6
93245,4017,کلوت,256301,6
93246,4017,کولغ کلم,256302,6
93247,4017,میسکنک,256307,6
93248,4017,کنار ترش,256308,6
93249,4017,کولغ کاشی,256313,6
93250,4017,گرازوئیه,256320,6
93251,4017,گودو,256323,6
93252,4017,گورزانگ,256325,6
93253,4017,محمودی,256340,6
93254,4017,اسلام آباد,521433,6
93255,4017,کولغ بنی,521444,6
93256,4017,سید آباد,822135,6
93257,4018,دماغ ریگ,255266,6
93258,4018,آل مهتران,256182,6
93259,4018,جوشکی,256215,6
93260,4018,چهکار,256221,6
93261,4018,سرشیف,256256,6
93262,4018,سرمست,256259,6
93263,4018,شمیلو,256272,6
93264,4018,طالوار,256276,6
93265,4018,قادرخانی,256282,6
93266,4018,کمبیل ( کمیل ),256306,6
93267,4018,کرگان کهنه,256317,6
93268,4018,گبرانی,256319,6
93269,4018,مغیری,256334,6
93270,4018,محمودی,256339,6
93271,4018,کنار اسماعیل,521927,6
93272,4019,تیاب,256210,6
93273,4019,کلاهی,256304,6
93274,4019,کمیز,256305,6
93275,4019,مازغ بالا,256329,6
93276,4019,مازغ پایین,256330,6
93277,4019,سایت پرورش میگوی تیاب,822062,6
93278,4020,باغونی,256186,6
93279,4020,جوزان,256214,6
93280,4020,چلو گاومیشی,256220,6
93281,4020,حاجی آباد,256223,6
93282,4020,دلالون,256235,6
93283,4020,دهو,256238,6
93284,4020,سبهتی,256253,6
93285,4020,سرریگان,256254,6
93286,4020,سرباران,256255,6
93287,4020,ماه خاتونی,256332,6
93288,4020,ماشهران,256333,6
93289,4020,محمود شاهی,256338,6
93290,4020,نخل ابراهیمی,256347,6
93291,4020,اسپنگون,521928,6
93292,4020,گیشنو,521929,6
93293,4021,برهان,256189,6
93294,4021,چاه شور حلوایی یک,256217,6
93295,4021,حلوایی دو,256226,6
93296,4021,حلوایی سه,256227,6
93297,4021,راونگ,256240,6
93298,4021,زرتوجی,256245,6
93299,4021,کریان,256294,6
93300,4021,کهوردان,256318,6
93301,4021,میرعمر,256345,6
93302,4021,نودر,256352,6
93303,4022,آهاخانی / آهوگانی,256183,6
93304,4022,پشته تلنگ,256197,6
93305,4022,پلنگی,256201,6
93306,4022,زیارت تلنگ,256251,6
93307,4022,کچک,256289,6
93308,4022,کشتاران,256296,6
93309,4022,کوتک رییسی,256310,6
93310,4022,کوتک قلات,256311,6
93311,4022,کهتک,256315,6
93312,4022,گسمن,256321,6
93313,4022,گهرو,256326,6
93314,4022,تلنگ سراتک,521418,6
93315,4022,تلنگ انباری,521419,6
93316,4023,باغان,251567,6
93317,4023,بهمدی,251569,6
93318,4023,خوش گیزو,251570,6
93319,4023,ریگ,251571,6
93320,4023,ریگو,251572,6
93321,4023,سول,251574,6
93322,4023,بحل,251674,6
93323,4023,جاسک کهنه,251675,6
93324,4023,زمین لشکری,251676,6
93325,4023,کویک,251677,6
93326,4023,کهوتی,251678,6
93327,4023,گزدان,251679,6
93328,4023,گیگن,251680,6
93329,4023,لافیک,251681,6
93330,4023,نگر پایین,521561,6
93331,4023,نگر بالا,521562,6
93332,4023,تل,521568,6
93333,4023,سران بارشکو,521569,6
93334,4023,خیرآباد,822034,6
93335,4023,کویک بالا,822035,6
93336,4023,کلمبری,822036,6
93337,4023,زوادو,822037,6
93338,4023,بارشکان,822038,6
93339,4023,سران,822091,6
93340,4024,بونچی کرباسی,251634,6
93341,4024,پا زرد,251635,6
93342,4024,رابک,251637,6
93343,4024,زهرکی,251638,6
93344,4024,زیرکوه,251639,6
93345,4024,سرخ کوه,251640,6
93346,4024,سهران,251641,6
93347,4024,شیرآهن شهر,251642,6
93348,4024,شیرآهن,251643,6
93349,4024,مغ قنبره کوه مبارک,251644,6
93350,4024,گاوبندی,251647,6
93351,4024,گروک پائین,251648,6
93352,4024,گروک بالا,251649,6
93353,4024,گنگان,251651,6
93354,4024,بونجی ساحلی لاتیدان,251652,6
93355,4024,بونجی مسکی,251653,6
93356,4024,آغوشک دل,255303,6
93357,4024,آغوشک کش,255304,6
93358,4024,آغوشک خشک کاری,255307,6
93359,4024,شمبیران,255312,6
93360,4024,گتان سفلی,255314,6
93361,4024,گتان علیا,255315,6
93362,4024,گزی,255319,6
93363,4024,گوان,255321,6
93364,4024,مچی,255322,6
93365,4024,مغ جنگان,255323,6
93366,4024,تم باسیون کوه مبارک,521582,6
93367,4024,سنگاری مچ/ سنگری مچ,521585,6
93368,4024,شهرک مطهر,822123,6
93369,4025,واجع قبر,251435,6
93370,4025,هوشدان,251758,6
93371,4025,تار,251761,6
93372,4025,تیتکن,251762,6
93373,4025,جگین,251763,6
93374,4025,جگین بالا,251764,6
93375,4025,حصار,251765,6
93376,4025,دسکی,251766,6
93377,4025,دیزو,251768,6
93378,4025,سرتیتکن,251770,6
93379,4025,سورگلم,251773,6
93380,4025,شهرنی,251774,6
93381,4025,طوطی کش,251775,6
93382,4025,کالری,251776,6
93383,4025,کرگی,251777,6
93384,4025,کلوان بالا,251778,6
93385,4025,کلوان پائین,251779,6
93386,4025,کیایی,251782,6
93387,4025,یکدار,251785,6
93388,4025,بندبست,251814,6
93389,4025,پرکوه,251816,6
93390,4025,زیروکی,251820,6
93391,4025,کروچ,251822,6
93392,4025,کنتاکی/ کنتگی,251824,6
93393,4025,گرندو,251825,6
93394,4025,گنجک,251826,6
93395,4025,لیره ای,251828,6
93396,4025,میشنو,251829,6
93397,4025,نوروزکار,251830,6
93398,4025,هون,251831,6
93399,4025,هی من,251832,6
93400,4025,هنگستان,521553,6
93401,4025,توجائی,521556,6
93402,4025,اسپیتل,521557,6
93403,4025,دیول,521853,6
93404,4025,سیرمچ,521947,6
93405,4025,گبد,522058,6
93406,4025,شهرک محمد آباد,522207,6
93407,4025,حاجی آباد,522208,6
93408,4025,زبر,522209,6
93409,4025,حسین آباد,522297,6
93410,4025,پیشانی کنده,527783,6
93411,4025,ککی,527785,6
93412,4025,جهلا,527786,6
93413,4025,کرگوه,527792,6
93414,4025,شهرک علی آباد,527793,6
93415,4025,شهرک گابریک,822046,6
93416,4025,چراغ آباد,822058,6
93417,4025,سایت پرورش میگوی یکدار,822069,6
93418,4025,پرکوه پایین,822107,6
93419,4025,داروبست ( هوت آباد ),822110,6
93420,4025,نزکی,822126,6
93421,4025,تراتکان,822127,6
93422,4026,براگ,191634,6
93423,4026,آبکوهی,251598,6
93424,4026,بیاهی,251600,6
93425,4026,پی وشک,251602,6
93426,4026,توگنجک,251603,6
93427,4026,جهلو,251604,6
93428,4026,ریگ,251605,6
93429,4026,کرتی,251607,6
93430,4026,کلیرک,251608,6
93431,4026,کیدر پایین,251609,6
93432,4026,گتی,251610,6
93433,4026,مشکوهی,251611,6
93434,4026,طلادر نخلستان,251612,6
93435,4026,ونک,251613,6
93436,4026,پترکی,251704,6
93437,4026,تراتکان,251705,6
93438,4026,جمعه ای,251706,6
93439,4026,جهل درک,251707,6
93440,4026,زهری کار,251710,6
93441,4026,سهرکی,251716,6
93442,4026,کربلا,251722,6
93443,4026,گرمی پایین,251723,6
93444,4026,کوتک,251725,6
93445,4026,نگر شرق,251730,6
93446,4026,چی درکی,521539,6
93447,4026,صلاهو,521540,6
93448,4026,پچک,521541,6
93449,4026,گنجک,521544,6
93450,4026,تنگ درهمان,521545,6
93451,4026,لیرک,521547,6
93452,4026,کاشی,521549,6
93453,4026,کیدر بالا,521852,6
93454,4026,کرمی بالا,521949,6
93455,4026,کشمیر,521950,6
93456,4026,شیهولی,522060,6
93457,4026,کمبکی,522073,6
93458,4026,رنز,822043,6
93459,4026,آگی بند بست,822044,6
93460,4026,تلک,822045,6
93461,4027,سدیچ,251713,6
93462,4027,سورچاه پایین,251714,6
93463,4027,شمشی,251717,6
93464,4027,عبد,251719,6
93465,4027,گپسر,251721,6
93466,4027,گوهرت,251728,6
93467,4027,زیگدف,521537,6
93468,4027,محمدآباد,521546,6
93469,4027,میرن گوری,521850,6
93470,4027,کنارو,521941,6
93471,4027,گندک سر,522064,6
93472,4027,ملوکی,522066,6
93473,4027,مچگی,522067,6
93474,4027,گچی,522070,6
93475,4027,دسکی,522076,6
93476,4027,شهری,522079,6
93477,4027,آلائی,522082,6
93478,4027,سهتو,522084,6
93479,4027,پنسون,522086,6
93480,4027,بوته ای,522087,6
93481,4027,توجیدر,522088,6
93482,4027,جانوری,522089,6
93483,4027,جریت,522090,6
93484,4027,زهی,522091,6
93485,4027,شادین زهی,522092,6
93486,4027,کمشنگر,522095,6
93487,4027,گوربوجا,522097,6
93488,4027,چنالی بالا,522203,6
93489,4027,خیرآباد,522206,6
93490,4027,سورچاه بالا,527794,6
93491,4027,شم سیاهان,822039,6
93492,4027,گشمی,822040,6
93493,4027,کلوکای,822041,6
93494,4027,چنالی,822042,6
93495,4027,بریدی,822051,6
93496,4027,چریدف,822052,6
93497,4027,گری برد,822053,6
93498,4027,مگا,822054,6
93499,4027,تنگ دف,822055,6
93500,4027,بونوک,822056,6
93501,4027,عزت آباد,822082,6
93502,4027,میسکنک,822083,6
93503,4027,باسیدی,822084,6
93504,4027,بارگی زهی,822085,6
93505,4027,چنالی,822111,6
93506,4027,گورسر,822999,6
93507,4028,پله ای,255963,6
93508,4028,باجانی,256074,6
93509,4028,بند نوروز,256077,6
93510,4028,بیدان,256079,6
93511,4028,پیروئی,256081,6
93512,4028,چکری,256083,6
93513,4028,چیرم آباد,256084,6
93514,4028,خودروگان,256086,6
93515,4028,درمکو,256087,6
93516,4028,دهلیان,256089,6
93517,4028,رهبران,256091,6
93518,4028,زمینان,256092,6
93519,4028,سرزه سفلی,256094,6
93520,4028,سرکم,256095,6
93521,4028,مراد آباد,256101,6
93522,4028,مراد آباد ماروکی,256102,6
93523,4028,میرابی,256104,6
93524,4028,نیمه کار,256107,6
93525,4028,گدار گردیال,521634,6
93526,4028,آب تاریکان پایین,521661,6
93527,4028,سهیلان/ سمیلان,521665,6
93528,4028,گود بجگ,521666,6
93529,4028,احمدآباد,522025,6
93530,4028,سمیلان بالا,522285,6
93531,4028,پشت کوه چکوی,522286,6
93532,4029,ابراهیم عالی,255956,6
93533,4029,بند حیدر عباس,255958,6
93534,4029,بی مجان,255959,6
93535,4029,پاکم بالا,255960,6
93536,4029,پاکم پائین,255961,6
93537,4029,پشتو,255962,6
93538,4029,ده پیرنگان بالا,255964,6
93539,4029,جعفر آباد,255965,6
93540,4029,جنت آباد,255966,6
93541,4029,چاه ابراهیم,255967,6
93542,4029,چاه کناری,255971,6
93543,4029,چاه نوری,255975,6
93544,4029,چرمیان,255976,6
93545,4029,ده کوری,255981,6
93546,4029,ده گین,255982,6
93547,4029,رزوئیه,255984,6
93548,4029,رستم آباد,255985,6
93549,4029,سیزه,255986,6
93550,4029,سرکروکان,255987,6
93551,4029,سرکهنان,255988,6
93552,4029,سرگوست پائین,255989,6
93553,4029,سرگوست بالا,255990,6
93554,4029,سنگ بند,255991,6
93555,4029,عباس آباد,255992,6
93556,4029,عزیز آباد,255993,6
93557,4029,قلعه دژ,255995,6
93558,4029,قلمان,255996,6
93559,4029,کرت,255998,6
93560,4029,کرگزی,255999,6
93561,4029,کلغر آباد,256001,6
93562,4029,کم کردان,256002,6
93563,4029,گذرآباد,256004,6
93564,4029,ماشنگی,256008,6
93565,4029,مریم آباد,256010,6
93566,4029,مسافر آباد,256011,6
93567,4029,نوراباد,256013,6
93568,4029,ده پیرنگان پایین,521638,6
93569,4029,سرزه,521639,6
93570,4029,مزرعه مطلوبی ( چاه نو ),521640,6
93571,4029,شکرآباد,521644,6
93572,4029,تلمبه خواجه حسینی,521651,6
93573,4029,دهنو,521859,6
93574,4029,دهیری,522004,6
93575,4029,علی آباد,522007,6
93576,4029,کریم آباد,522024,6
93577,4029,محمداباد,522026,6
93578,4029,چیل بنان,522144,6
93579,4029,چیل آباد,522280,6
93580,4029,طرح اسکان عشایر,522302,6
93581,4029,احمدآباد,822029,6
93582,4030,باغ نرگس,256076,6
93583,4030,رگاب,256090,6
93584,4030,چیل گنگان,521645,6
93585,4030,موسی علی,521769,6
93586,4030,میان یلی,521770,6
93587,4030,میان چیلان,521771,6
93588,4030,لیموئی,521772,6
93589,4030,محبی,521773,6
93590,4030,نظر آباد,521775,6
93591,4030,دلوابان علیا,521780,6
93592,4030,بارانی,521782,6
93593,4030,باغ جعفر,521783,6
93594,4030,باغ شاه,521784,6
93595,4030,باغ گلان,521785,6
93596,4030,بجاری,521786,6
93597,4030,بل خیری,521787,6
93598,4030,جلال آباد,521789,6
93599,4030,جوزیر,521790,6
93600,4030,چاه سیف اله,521791,6
93601,4030,زیارت,521792,6
93602,4030,مرهون,521794,6
93603,4030,طرح عشایری,521798,6
93604,4030,طرح عشایری,521799,6
93605,4030,مزرعه گلدشت نادر,521801,6
93606,4030,فاریاب,521807,6
93607,4030,هیزبندگان,521811,6
93608,4030,مرغاک,521812,6
93609,4030,کردی شیرازی,521814,6
93610,4030,کم گوران,521815,6
93611,4030,چاه گدا,521821,6
93612,4030,خیراباد,521827,6
93613,4030,تلمبه حسین آباد,522027,6
93614,4030,کلیتو,522029,6
93615,4030,ککران/ کهور گران,522242,6
93616,4030,پشت کوه آبدان,522282,6
93617,4030,دشت زاغ آبدان,522283,6
93618,4031,سمیلان,117219,6
93619,4031,مازغگران,117456,6
93620,4031,اسپیری,255813,6
93621,4031,آسیاب,255816,6
93622,4031,پرکوه,255822,6
93623,4031,شهرک سیزده آبان/ پشته بنان,255823,6
93624,4031,پودنو,255824,6
93625,4031,پی شک,255825,6
93626,4031,چهاردهنه,255834,6
93627,4031,خراجی,255835,6
93628,4031,خیر آباد,255837,6
93629,4031,دشتو,255841,6
93630,4031,دهکار,255845,6
93631,4031,ده ماتون,255846,6
93632,4031,پشته زهو,255850,6
93633,4031,سرجوییه,255851,6
93634,4031,سردنگ کمیز,255852,6
93635,4031,شمیلو,255857,6
93636,4031,فربوری,255860,6
93637,4031,کاریزا,255862,6
93638,4031,کلاتو,255866,6
93639,4031,قلعه کمیز,255867,6
93640,4031,کهنوج بالا,255870,6
93641,4031,گرشمو,255872,6
93642,4031,گشوییه,255873,6
93643,4031,آب گزان,380056,6
93644,4031,سرکم دوازده امام,521710,6
93645,4031,سرگدارجنگان,521715,6
93646,4031,گنگوئیه,521717,6
93647,4031,غیبی,521719,6
93648,4031,هنرستان کشاورزی,521723,6
93649,4031,کم کتکی,521728,6
93650,4031,ده نفتی,521730,6
93651,4031,ده انارو,521731,6
93652,4031,پانهر,521862,6
93653,4031,پاسرخی,521863,6
93654,4031,پشمویی,522148,6
93655,4031,دربندو,822002,6
93656,4031,ده جل,822003,6
93657,4031,ده پرک,822004,6
93658,4031,پای سرخ گیشو,822005,6
93659,4031,آبنما,822114,6
93660,4032,اسپرمیشان,255811,6
93661,4032,اسپیری,255812,6
93662,4032,پاسرخ,255819,6
93663,4032,جغان,255831,6
93664,4032,درجم,255838,6
93665,4032,صحرارود,255858,6
93666,4032,فاریاب,255859,6
93667,4032,کوه سفید,255868,6
93668,4032,حاجی آباد,521734,6
93669,4032,گرم پایین,521759,6
93670,4032,تنگ رود,521760,6
93671,4032,کلموئی,522039,6
93672,4032,بلاکستون,822059,6
93673,4033,گاندر پائین,117433,6
93674,4033,انجیر انار,255470,6
93675,4033,بادافشان بالا,255475,6
93676,4033,بادافشان پایین,255476,6
93677,4033,بچگان,255478,6
93678,4033,برزرد,255480,6
93679,4033,بشگاردان,255481,6
93680,4033,پیزگام ( پیزگان ),255499,6
93681,4033,جوری بلوری,255504,6
93682,4033,چاه حسینی,255506,6
93683,4033,چاه دزان/ دزان,255507,6
93684,4033,دازبزل,255513,6
93685,4033,ده خران,255532,6
93686,4033,دهتوک,255533,6
93687,4033,زیلان,255542,6
93688,4033,سراب بالا,255543,6
93689,4033,سراب پایین,255544,6
93690,4033,سرخ رز,255547,6
93691,4033,سرگل,255549,6
93692,4033,سنگ سفید,255550,6
93693,4033,سیاه تکان بالا,255552,6
93694,4033,سیاه تکان پائین,255553,6
93695,4033,سیاه داریون,255554,6
93696,4033,سیاه مغان پائین,255555,6
93697,4033,سرگروسیکم,255557,6
93698,4033,عباس آباد,255562,6
93699,4033,علی آباد,255563,6
93700,4033,فلفلان,255564,6
93701,4033,فولادی,255565,6
93702,4033,کم آب سرد,255569,6
93703,4033,کری دازان,255573,6
93704,4033,گاوکشی,255581,6
93705,4033,گرو سیاه,255583,6
93706,4033,گزازار,255585,6
93707,4033,آل محمودی,255752,6
93708,4033,پرآبدین/ پرآبی,255754,6
93709,4033,پشت سفید,255755,6
93710,4033,پودنو,255756,6
93711,4033,تیاب بالا,255757,6
93712,4033,چاه گرد,255760,6
93713,4033,حیدری,255761,6
93714,4033,خاربچگان,255762,6
93715,4033,ده نو,255763,6
93716,4033,راهدار,255764,6
93717,4033,زیارت پیرچوگان,255765,6
93718,4033,سربند,255766,6
93719,4033,سه چاهان,255767,6
93720,4033,شورائی,255768,6
93721,4033,عالی زندک,255769,6
93722,4033,گدار خاروک,255770,6
93723,4033,کندال,255773,6
93724,4033,گلشوار,255775,6
93725,4033,گلمان,255776,6
93726,4033,مغندر,255777,6
93727,4033,مرهون,255778,6
93728,4033,مسینان,255779,6
93729,4033,کم سی سوار,255864,6
93730,4033,گرم بالا,255871,6
93731,4033,سروک,521742,6
93732,4033,نسمی,521743,6
93733,4033,غروتی,521744,6
93734,4033,تم کناری,521746,6
93735,4033,سرگدار,521747,6
93736,4033,سیاه مغان بالا,521749,6
93737,4033,دهتنگ,521752,6
93738,4033,چوکران,521754,6
93739,4033,کورن,521756,6
93740,4033,سیاه کلاغان,521757,6
93741,4033,چاه لولی,521758,6
93742,4033,تنگه درگان,521996,6
93743,4033,چاه عامر,521999,6
93744,4033,سرپشته,522001,6
93745,4033,دهنو سراب,522002,6
93746,4033,شریکی,522247,6
93747,4033,بهاءالدین,522248,6
93748,4033,کری دازان پایین,522249,6
93749,4033,بجک,522287,6
93750,4034,آبگرمان,255810,6
93751,4034,استخرو,255814,6
93752,4034,برنطین,255817,6
93753,4034,قلمی,255861,6
93754,4034,دشت صفا,521702,6
93755,4034,کهنوشتری,521706,6
93756,4034,پشته گیش,521861,6
93757,4035,کهور رئیس عباس,117429,6
93758,4035,گل گل,117442,6
93759,4035,زرد شمع,255847,6
93760,4035,بجگوئی,521688,6
93761,4035,جم انبه,521689,6
93762,4035,پا سفید,521701,6
93763,4035,گراب,522275,6
93764,4035,سرخ دان,522276,6
93765,4035,فیض آباد,522277,6
93766,4035,قلعه,522278,6
93767,4035,دره حاجی,522279,6
93768,4036,ناصرآباد,117521,6
93769,4036,دستگرد,255839,6
93770,4036,لمپچ,255874,6
93771,4036,کم جمال,521690,6
93772,4036,قلندری,521692,6
93773,4036,کم کرت,521699,6
93774,4036,پالور,522030,6
93775,4036,چاه کمال,522250,6
93776,4036,علی آباد ( بشاگردیها ),522284,6
93777,4037,ده گل کن,255844,6
93778,4037,زنگیان,255849,6
93779,4037,سکل,255854,6
93780,4037,کهنشوییه,255869,6
93781,4037,نزک,255879,6
93782,4037,وزیری,255881,6
93783,4038,اسلام آباد,255815,6
93784,4038,زردگردیان,255848,6
93785,4038,سورکی,255856,6
93786,4038,مازغ,255875,6
93787,4038,سرکهنان,521737,6
93788,4039,بخوان,252261,6
93789,4039,بسته,252264,6
93790,4039,بندکوه,252266,6
93791,4039,تی در,252272,6
93792,4039,دهنه میمند,252280,6
93793,4039,رحیم آباد,252282,6
93794,4039,شاهرود,252291,6
93795,4039,کشرودخانه,252296,6
93796,4039,مزرعه,252303,6
93797,4039,میمند,252308,6
93798,4039,نارمند,252309,6
93799,4039,نسا,252311,6
93800,4039,نطام آباد,252312,6
93801,4039,کهنوج,522291,6
93802,4040,باغان,252260,6
93803,4040,بررود,252263,6
93804,4040,بناب,252265,6
93805,4040,پرعابدنیه,252268,6
93806,4040,تل مرا,252270,6
93807,4040,جایین,252273,6
93808,4040,راییز,252281,6
93809,4040,زمین سیاه,252285,6
93810,4040,سردر,252286,6
93811,4040,سیرمند,252288,6
93812,4040,سیاهک,252289,6
93813,4040,سیروییه,252290,6
93814,4040,شمیل بالا,252292,6
93815,4040,دشت آشکارا,252304,6
93816,4040,بابا کوهی,520675,6
93817,4040,سرگلان,520677,6
93818,4041,باغات,252015,6
93819,4041,باکان,252016,6
93820,4041,باینوج,252017,6
93821,4041,بویه,252018,6
93822,4041,بیدوییه,252019,6
93823,4041,پشته زیارت,252020,6
93824,4041,تل محمد خانی,252021,6
93825,4041,تنگ صالحی,252022,6
93826,4041,تنگ قوچان,252023,6
93827,4041,تیراندازی,252024,6
93828,4041,چاه انجیر,252026,6
93829,4041,چاه تل شماره سه,252028,6
93830,4041,چاه تر,252029,6
93831,4041,چاه سوری,252030,6
93832,4041,چاه کنار,252032,6
93833,4041,حاجی آباد تنگ صالحی,252033,6
93834,4041,حسن آباد,252034,6
93835,4041,حسین آباد,252035,6
93836,4041,حیدر حاجی,252037,6
93837,4041,خدادادی,252038,6
93838,4041,خوش آباد,252039,6
93839,4041,خونه ورز,252040,6
93840,4041,دراگاه,252042,6
93841,4041,مزرعه دره شیر,252043,6
93842,4041,دشتوییه,252044,6
93843,4041,دق پده,252045,6
93844,4041,دشت آزادگان/ دق دزدان,252046,6
93845,4041,دهستان بالا,252047,6
93846,4041,دهستان پایین,252048,6
93847,4041,دهنو,252049,6
93848,4041,رزدر,252050,6
93849,4041,ریش گیر,252051,6
93850,4041,سرگز خضرصفا,252053,6
93851,4041,سه شاخ,252056,6
93852,4041,سیف آباد,252057,6
93853,4041,صالح آباد,252060,6
93854,4041,علی آباد,252062,6
93855,4041,فخر آباد,252063,6
93856,4041,قلاتوییه,252064,6
93857,4041,قلاتوییه تنگ صالحی,252065,6
93858,4041,کشکوییه,252067,6
93859,4041,گله اشتری,252068,6
93860,4041,کهه,252069,6
93861,4041,گدار ملا محمدی,252070,6
93862,4041,گرمشک,252071,6
93863,4041,گشنوئیه پائین,252072,6
93864,4041,گلزار,252073,6
93865,4041,گلینو,252074,6
93866,4041,مبارک حسینی,252076,6
93867,4041,محمداباد,252077,6
93868,4041,معصوم آباد,252078,6
93869,4041,مورتوییه,252079,6
93870,4041,مهرآران,252080,6
93871,4041,مهرخوشان,252081,6
93872,4041,مهرگان,252082,6
93873,4041,نسوئیه,252083,6
93874,4041,نی زار,252085,6
93875,4041,تلمبه محمود خسروی,520751,6
93876,4041,بهوا,520758,6
93877,4041,چاه مهکی,520759,6
93878,4041,چاه سرخ,520760,6
93879,4041,گیس,520761,6
93880,4041,عزت اباد,520767,6
93881,4041,باردرازی,520774,6
93882,4041,گشنوئیه بالا,520777,6
93883,4041,خیر آباد,520779,6
93884,4041,آبباد,520783,6
93885,4041,قنات باغات,520787,6
93886,4041,چاه میرزاخانی,520788,6
93887,4041,چاه کنار,520789,6
93888,4041,احشام خسرو خان,520792,6
93889,4041,عباس آباد,520793,6
93890,4041,تلمبه بختیار صادقی,520795,6
93891,4041,چاه انجیر گلوروباط,521888,6
93892,4041,نی تلخ,521889,6
93893,4041,سرگز کلینو,521893,6
93894,4041,سرتنگ دره شیر,521962,6
93895,4041,تلمبه عباس پور,522098,6
93896,4041,چاه زاغ,822022,6
93897,4041,آب زالوئیه,822023,6
93898,4042,آبگرم لای بیشه,252158,6
93899,4042,برآفتاب,252162,6
93900,4042,برغنی بالا,252163,6
93901,4042,هاشم آباد,252165,6
93902,4042,پشته ور,252167,6
93903,4042,تذرج,252169,6
93904,4042,تل قلعه پایین,252172,6
93905,4042,چاهو,252174,6
93906,4042,نجف آباد/ دراشکفت,252176,6
93907,4042,درودی,252177,6
93908,4042,سرچاهان,252181,6
93909,4042,سعادت آباد,252182,6
93910,4042,سراح شهدادی,252183,6
93911,4042,سید جوزر,252184,6
93912,4042,طارم,252187,6
93913,4042,طاشکوییه,252188,6
93914,4042,کلدان,252192,6
93915,4042,گرگوئیه,252194,6
93916,4042,گلروئیه,252197,6
93917,4042,گله گاه,252198,6
93918,4042,گهکم,252200,6
93919,4042,لایگزان,252202,6
93920,4042,معدنوئیه,252205,6
93921,4042,مورتو,252206,6
93922,4042,نخل زار,252207,6
93923,4042,گنج,520568,6
93924,4042,چاه باغ,520577,6
93925,4042,مزرعه زرآب,520583,6
93926,4042,لاور گردو,520584,6
93927,4042,لاور درازو,520585,6
93928,4042,لاور داربست,520586,6
93929,4042,چاهو گلزار,520602,6
93930,4042,لرد گرم بالا,520609,6
93931,4042,لرد گرم پائین,520610,6
93932,4042,دشت کنار,521897,6
93933,4042,علی آباد,522041,6
93934,4042,شهرک سید جوذر,822124,6
93935,4042,بن دشت طاشوییه,822129,6
93936,4043,بغدادی,251869,6
93937,4043,بررود,251870,6
93938,4043,بلم سگی,251872,6
93939,4043,بنگود احمدی,251874,6
93940,4043,پازرد,251876,6
93941,4043,پاشغ جدید,251877,6
93942,4043,پشتل,251881,6
93943,4043,جلالی,251887,6
93944,4043,چاه سرخ,251890,6
93945,4043,چاه مرغ,251893,6
93946,4043,چاه میر,251894,6
93947,4043,حشم کوه,251896,6
93948,4043,حشم بلم,251898,6
93949,4043,خرائی پائین,251900,6
93950,4043,خرائی بالا,251901,6
93951,4043,خان گوران,251902,6
93952,4043,درمورتوییه,251905,6
93953,4043,ده مغان,251906,6
93954,4043,زمین سباه,251908,6
93955,4043,سراح,251909,6
93956,4043,شقرود,251913,6
93957,4043,قلم,251915,6
93958,4043,قلعه نو,251916,6
93959,4043,کاشان,251919,6
93960,4043,کلوچان,251923,6
93961,4043,کهنوج بزرگ,251926,6
93962,4043,گرسهرو,251929,6
93963,4043,گلوانجیر,251930,6
93964,4043,محبی,251935,6
93965,4043,میراباد,251937,6
93966,4043,ناصرآباد,251939,6
93967,4043,چاه گز,290502,6
93968,4043,کوتک,520709,6
93969,4043,قلندری,520711,6
93970,4043,پشت پر,520713,6
93971,4043,پرگوئیه,520715,6
93972,4043,گردکان احمدی,520716,6
93973,4043,سربلم,520723,6
93974,4043,گود مغان,520732,6
93975,4043,گلچین,520733,6
93976,4043,میرحسینی,520734,6
93977,4043,شوره ای,520740,6
93978,4043,نوراباد,520741,6
93979,4043,محمودآباد,520742,6
93980,4043,کمال آباد,520743,6
93981,4043,توشهر,521871,6
93982,4043,لایگزان,521939,6
93983,4043,گردکانی,522124,6
93984,4044,آبید کوشا,251866,6
93985,4044,احمدآباد,251867,6
93986,4044,باغ چنار,251868,6
93987,4044,پور,251882,6
93988,4044,تیاب,251884,6
93989,4044,جغان,251886,6
93990,4044,چاله الیاس,251888,6
93991,4044,تل چاه کلو,251889,6
93992,4044,چاه گنده,251892,6
93993,4044,درگز,251904,6
93994,4044,رزدر,251907,6
93995,4044,شریک آباد,251912,6
93996,4044,شیخ عالی,251914,6
93997,4044,کلیتوئیه,251921,6
93998,4044,کلوچان,251922,6
93999,4044,گل پرک,251932,6
94000,4044,مازگرد,251934,6
94001,4044,بیدوئیه کجین,520685,6
94002,4044,چاه بنه,520686,6
94003,4044,چالغان,520687,6
94004,4044,گیشاب,520689,6
94005,4044,بنه دان,520691,6
94006,4044,گدار عربو,520692,6
94007,4044,کهنوج,520699,6
94008,4044,جاعر,520700,6
94009,4044,آب دمیل,520707,6
94010,4044,چاه قلمی,521831,6
94011,4044,چک چک,521873,6
94012,4044,مرزان در,521874,6
94013,4044,چاسبز کوشا,521936,6
94014,4044,دهنه تورکن,521938,6
94015,4044,چاله مورت,522040,6
94016,4044,حسن آباد,522289,6
94017,4044,کهن گدار,522290,6
94018,4044,رزمیلو,822001,6
94019,4044,دین آباد,822010,6
94020,4044,گدار شاه,822020,6
94021,4044,بن گهر,822021,6
94022,4044,گلان,822070,6
94023,4044,شهرک آبنوغ,822088,6
94024,4044,دهانه گیرا,822125,6
94025,4044,قلادهی بالا و پایین,822130,6
94026,4044,کاشوری,822131,6
94027,4044,سربند,822132,6
94028,4044,اسدآباد لاور,822136,6
94029,4044,بنه چاهو,823133,6
94030,4045,احمد آباد,253214,6
94031,4045,اشکفت سیاه,253217,6
94032,4045,کهتویه,253246,6
94033,4045,میستان,253254,6
94034,4045,پای تاوه,253404,6
94035,4045,چاله فرامرزان,253406,6
94036,4045,همدونی,520857,6
94037,4045,مزرعه حیدر پدیدار,520860,6
94038,4045,نهند,520893,6
94039,4045,حسین آباد,522227,6
94040,4045,گرن,522269,6
94041,4045,لاور میستان,822030,6
94042,4045,گره کوه,822057,6
94043,4045,پادرو,822086,6
94044,4046,خمر قلندران,253407,6
94045,4046,داربست,253408,6
94046,4046,دهنو خواجه,253409,6
94047,4046,دهنو قلندران,253410,6
94048,4046,عالی احمدان,253411,6
94049,4046,کمشک,253413,6
94050,4046,کنار سیاه,253414,6
94051,4046,گچوئیه,253415,6
94052,4046,گزه,253416,6
94053,4047,ازادی,253440,6
94054,4047,انجیردان,253441,6
94055,4047,ایلچی بالا,253443,6
94056,4047,ایلود,253445,6
94057,4047,باغ نو,253446,6
94058,4047,بامستان,253447,6
94059,4047,برکه لاری,253451,6
94060,4047,تنگ تلخ,253459,6
94061,4047,چاه دزدان,253463,6
94062,4047,خشاوه,253470,6
94063,4047,خلیل,253471,6
94064,4047,دوبستو,253474,6
94065,4047,ده تل,253475,6
94066,4047,رودبار,253477,6
94067,4047,روی گچ,253478,6
94068,4047,سرک,253481,6
94069,4047,سید احمدی,253482,6
94070,4047,کرزه,253492,6
94071,4047,کنجی,253494,6
94072,4047,لرد بستو,253496,6
94073,4047,لاور سفلی,253497,6
94074,4047,مورد,253500,6
94075,4047,پای تاوه,520829,6
94076,4047,حمدونی,520835,6
94077,4047,طهر,520840,6
94078,4047,کفچال,522119,6
94079,4047,مروارید انجیردان,522226,6
94080,4048,انوه,253442,6
94081,4048,براشت پائین,253449,6
94082,4048,بستقلات,253452,6
94083,4048,ملوردی,253453,6
94084,4048,بیسه,253454,6
94085,4048,تنگ شهر,253458,6
94086,4048,چاه قیل,253468,6
94087,4048,شیخ حضور,253484,6
94088,4048,فاریاب سنگویه,253487,6
94089,4048,فتویه,253488,6
94090,4048,گیلوئیه,253495,6
94091,4048,مردنو,253498,6
94092,4048,نخل خین,253502,6
94093,4048,گود کز,253503,6
94094,4048,براشت بالا,520859,6
94095,4048,مغدان,520868,6
94096,4048,بیخ,522118,6
94097,4048,تنگ بستک,522265,6
94098,4049,بدخ,253448,6
94099,4049,بیگلر آباد,253455,6
94100,4049,تدروییه,253456,6
94101,4049,تسان,253457,6
94102,4049,چاه سرمه,253464,6
94103,4049,چاه بنارد,253465,6
94104,4049,دهنگ,253476,6
94105,4049,زنگارد,253479,6
94106,4049,عالی قندی,253486,6
94107,4049,گاله,253490,6
94108,4049,گاوبری,253491,6
94109,4049,گشون,253493,6
94110,4049,گیل,253499,6
94111,4049,ناخری,253501,6
94112,4049,هرا,253504,6
94113,4049,آبگرم تدروئیه,520845,6
94114,4049,چاه چهه,520848,6
94115,4049,کلات گودی,822006,6
94116,4049,کل مسلی,822007,6
94117,4049,شیلی,822008,6
94118,4049,پت,822009,6
94119,4049,بنگری,822011,6
94120,4049,بدستان,822012,6
94121,4049,نیدان,822013,6
94122,4049,اشکت دراز,822014,6
94123,4049,بن کوه,822015,6
94124,4049,تنگ قلم,822016,6
94125,4050,اسو,253215,6
94126,4050,بار,253218,6
94127,4050,بربار,253220,6
94128,4050,تخت گرو,253225,6
94129,4050,تلخ اطهر,253226,6
94130,4050,چاله,253229,6
94131,4050,دی خور,253235,6
94132,4050,کوخرد,253241,6
94133,4050,کوران,253242,6
94134,4050,کوردان,253243,6
94135,4050,کوه بدو,253244,6
94136,4050,گریند,253249,6
94137,4050,گوچی,253251,6
94138,4050,لاور,253253,6
94139,4050,لاور دین,254076,6
94140,4050,یس دوچنگ,520872,6
94141,4050,تشتو,520874,6
94142,4050,شهرک صالح آباد,520876,6
94143,4050,بارترک,520894,6
94144,4050,کنار زرد,520914,6
94145,4050,کافه لاوردین,521031,6
94146,4051,خلوص,253234,6
94147,4051,فاریاب,253236,6
94148,4051,کاشونی,253237,6
94149,4051,کرون,253238,6
94150,4051,گتاو,253250,6
94151,4051,هرنگ,253256,6
94152,4051,لاور جمیل,522266,6
94153,4052,آب مصلی,253300,6
94154,4052,بستو,253305,6
94155,4052,بل دونو,253306,6
94156,4052,پرکان آل موسی,253310,6
94157,4052,پرکان گیشو,253311,6
94158,4052,پسگدار آبشور,253314,6
94159,4052,پیامبران,253315,6
94160,4052,چاهو,253320,6
94161,4052,چرمه,253321,6
94162,4052,خرزانی,253324,6
94163,4052,رودبار,253326,6
94164,4052,گری گیش,253340,6
94165,4052,گری گردک,253341,6
94166,4052,گوین,253342,6
94167,4052,گیشو,253343,6
94168,4052,مرزاع,253345,6
94169,4052,کنار سبز,253346,6
94170,4052,نیکان,253349,6
94171,4052,مزرعه عبداله آباد,520078,6
94172,4052,تنگ اشکن,520087,6
94173,4052,پرنیمه,522112,6
94174,4053,بنفشه دان,253307,6
94175,4053,بنو,253309,6
94176,4053,تنگ گچ,253316,6
94177,4053,خادنو,253322,6
94178,4053,درواخانی,253325,6
94179,4053,کروییه,253335,6
94180,4053,کنوئی,253337,6
94181,4053,گیشی,253338,6
94182,4053,طهران,253347,6
94183,4053,نودان,253348,6
94184,4053,چحه,520079,6
94185,4053,کارگاه گچ رویدر,520080,6
94186,4053,مزرعه روی کوه,520082,6
94187,4053,پس بست,822075,6
94188,4053,گی شی بالا,822108,6
94189,4054,آل درویش,251416,6
94190,4054,باقی آباد,251418,6
94191,4054,پارو,251423,6
94192,4054,پاسگاه انتظامی منبع آب,251424,6
94193,4054,پل گل کنی,251427,6
94194,4054,تنگ خیر,251431,6
94195,4054,چاه رو,251436,6
94196,4054,چاه صحاری,251438,6
94197,4054,خونو,251445,6
94198,4054,درگور,251448,6
94199,4054,کارگاه گچ صدف خمیر,251458,6
94200,4054,کسه,251459,6
94201,4054,گری شیخ,251473,6
94202,4054,معدن گچ خمیر,251479,6
94203,4054,موردو,520089,6
94204,4055,انگوران,251417,6
94205,4055,تهرو,251433,6
94206,4055,چاه گود چمردان,251439,6
94207,4055,کشار چمردان,251441,6
94208,4055,دم تنگ سنگر,251446,6
94209,4055,کشار بالا,251460,6
94210,4055,کشار دوستانی,251461,6
94211,4055,کشار زیر,251462,6
94212,4055,کشار سرگپ,251463,6
94213,4055,تهلو,520032,6
94214,4055,تنگ لنگر,520046,6
94215,4055,تنگه,520047,6
94216,4055,شهر جدید علوی,521830,6
94217,4055,چاه لیمو,522125,6
94218,4056,برکه سلطان,251420,6
94219,4056,تقی خانی,251430,6
94220,4056,قلعه پارو,251456,6
94221,4056,احمدآباد,253301,6
94222,4056,دوکل پهن ( برکه نو ),253304,6
94223,4056,بنگرک,253308,6
94224,4056,چاه گلنی,253318,6
94225,4056,کرمران,253334,6
94226,4056,هتران,253350,6
94227,4056,تنگ دالان,253460,6
94228,4056,جیحون,253462,6
94229,4056,دشت جیحون,253473,6
94230,4056,سرتنگ,253480,6
94231,4056,کافه نوراله عبداله زاده,520001,6
94232,4056,پنارو,520002,6
94233,4056,چاه ماخور,520004,6
94234,4056,کارگاه تولید بالاست,520122,6
94235,4056,مزرعه چاه شوردر گروان,522127,6
94236,4056,شینگو,522330,6
94237,4056,شیب روان,822073,6
94238,4057,ارابی,251414,6
94239,4057,اشتابی,251415,6
94240,4057,پی پر,251428,6
94241,4057,تهلاب,251432,6
94242,4057,چوری,251442,6
94243,4057,دریخا,251449,6
94244,4057,مغدان,251481,6
94245,4057,مارو,251482,6
94246,4057,نره,251484,6
94247,4057,نیمه کار,251485,6
94248,4057,گچ,520027,6
94249,4057,زیارت مرتضی علی,520040,6
94250,4057,کارگاه آسفالت,522126,6
94251,4058,بندر بستانو,253810,6
94252,4058,زیارت,253831,6
94253,4058,ستلو,253833,6
94254,4058,بندر شیو,253835,6
94255,4058,مغدان,253844,6
94256,4059,اکبری,253779,6
94257,4059,تنبو جنوبی,253781,6
94258,4059,تنبو شمالی,253782,6
94259,4059,غورزه,253783,6
94260,4059,سورباش,253784,6
94261,4059,فارسی,253785,6
94262,4059,برکه دکا,253809,6
94263,4059,چاه شنبه,253818,6
94264,4059,عمانی,253836,6
94265,4059,حسین آباد,522295,6
94266,4060,بوچیر,253812,6
94267,4060,حمیران,253825,6
94268,4060,هشنیز,253848,6
94269,4060,احمدی,253849,6
94270,4060,حمیران جنوبی,822137,6
94271,4061,بمبری,253811,6
94272,4061,بهده,253813,6
94273,4061,چکچک جنوبی,253821,6
94274,4061,چکچک شمالی,253822,6
94275,4061,چهواز,253823,6
94276,4061,حاجی آباد,253824,6
94277,4061,دم تیر جنوبی,253827,6
94278,4061,رستم آباد,253830,6
94279,4061,فومستان,253838,6
94280,4061,قاسم آباد,253839,6
94281,4061,کنار سبز,253841,6
94282,4061,گود کناردان,253842,6
94283,4061,میلکی,253847,6
94284,4061,یرد خردو,253851,6
94285,4061,یرد خلف,253852,6
94286,4061,باغستان,253853,6
94287,4061,یرد قاسم عالی,253854,6
94288,4061,دمتیر شمالی,521185,6
94289,4061,مزرعه پیشو,521217,6
94290,4061,چیکلو,521222,6
94291,4061,خوضو,522292,6
94292,4061,یرد بصراوی,522293,6
94293,4062,بمانی,255259,6
94294,4062,پاتل,255260,6
94295,4062,سرگلم,255270,6
94296,4062,کلاوی,255272,6
94297,4062,کندال,255274,6
94298,4062,گردو,255277,6
94299,4062,لبنی,255278,6
94300,4062,واداشت,255280,6
94301,4062,مقسان,521408,6
94302,4063,پالور,255261,6
94303,4063,دودر,255267,6
94304,4063,روتان,255268,6
94305,4063,زمین ملا,255269,6
94306,4063,شامردی,255271,6
94307,4063,کنارجو,255273,6
94308,4063,گچینه پائین,255276,6
94309,4063,محملیان,255279,6
94310,4063,کرپان,255365,6
94311,4063,گچینه بالا,521409,6
94312,4064,ددی,255308,6
94313,4064,زرآباد,255309,6
94314,4064,سلمه ای,255310,6
94315,4064,سیکوئی,255311,6
94316,4064,خرکوشی/ کرگوشکی,255317,6
94317,4064,مغ رحمت,255324,6
94318,4064,منگلی بریزک,255327,6
94319,4064,هرنگان بریزک,255328,6
94320,4064,بازگرد,255392,6
94321,4064,پاراف پایین,255393,6
94322,4064,پگو,255394,6
94323,4064,جیفری,255395,6
94324,4064,دیودان,255398,6
94325,4064,سرزه,255399,6
94326,4064,سورگی,255400,6
94327,4064,سول جامک,255401,6
94328,4064,عاشقان,255402,6
94329,4064,کرتان,255403,6
94330,4064,کلمویی,255405,6
94331,4064,کهورچلان,255407,6
94332,4064,گاراندو,255408,6
94333,4064,گدو بالا,255409,6
94334,4064,گدو پایین,255410,6
94335,4064,گرائیک,255411,6
94336,4064,گز,255412,6
94337,4064,گزپیر,255413,6
94338,4064,گزان بزین,255414,6
94339,4064,گناری,255415,6
94340,4064,گوجگ,255416,6
94341,4064,گوشکی,255417,6
94342,4064,گونمردی,255418,6
94343,4064,مهرگی,255420,6
94344,4064,مستو,255421,6
94345,4064,مغ کنار,255422,6
94346,4064,مهمانی,255423,6
94347,4064,بصره,290521,6
94348,4064,پاراف بالا / فاریاب,521372,6
94349,4064,میاندر,521373,6
94350,4064,پشت بند,521381,6
94351,4064,نوشهر سورگی,522123,6
94352,4064,نوشهر,822024,6
94353,4065,بنداران,255355,6
94354,4065,بند کرمان,255356,6
94355,4065,تومان راهی,255357,6
94356,4065,دوجمیلان,255358,6
94357,4065,زیارت بزرگ,255359,6
94358,4065,زیارت حسن آباد,255360,6
94359,4065,سرارو,255361,6
94360,4065,سرخور طاهرویی,255362,6
94361,4065,طاهرویی,255364,6
94362,4065,کناردان,255366,6
94363,4065,گندمی,255368,6
94364,4065,میشی,255369,6
94365,4065,همزانگ,255370,6
94366,4065,کردر,255404,6
94367,4065,کلنگی,255406,6
94368,4065,سیریک کهنه,521396,6
94369,4065,شمع جو,521397,6
94370,4065,سردرنگ,522257,6
94371,4065,نوشهر کلنگی,522258,6
94372,4065,نوشهر,822109,6
94373,4066,امیگی ( چوخون ),254395,6
94374,4066,آهون,254401,6
94375,4066,برآهنگ,254409,6
94376,4066,بستگان,254411,6
94377,4066,بلبل آباد,254413,6
94378,4066,سربندپرانگی,254460,6
94379,4066,پیس کن,254468,6
94380,4066,تیراحمد,254489,6
94381,4066,جکدان پیرو,254502,6
94382,4066,داربست,254521,6
94383,4066,دازکان,254525,6
94384,4066,درالوی,254529,6
94385,4066,درجک,254538,6
94386,4066,درگ زمین,254550,6
94387,4066,شه بابک,254555,6
94388,4066,دهنه سهراب/ دهن سراب,254594,6
94389,4066,زه بدی,254613,6
94390,4066,سرگروخ بلبلی,254634,6
94391,4066,کمدارک,254682,6
94392,4066,کش بوندن,254695,6
94393,4066,کش میگی,254696,6
94394,4066,کوه حیدر,254721,6
94395,4066,گوریچی,254761,6
94396,4066,مرانگ,254776,6
94397,4066,وی,254808,6
94398,4066,رنین بزرگ,521501,6
94399,4066,دره مورت,521516,6
94400,4066,جکدان/ کلوجکدان,521519,6
94401,4066,گوجک محمودی,521520,6
94402,4066,گروغ,521521,6
94403,4066,فراهک,521530,6
94404,4066,زاچ داربست,521940,6
94405,4066,بن گرخ,521943,6
94406,4066,دهندر شه بابک,521951,6
94407,4066,زحک بالا,522055,6
94408,4066,زحک پایین,522056,6
94409,4066,پرانگی,522057,6
94410,4066,علی آباد,522210,6
94411,4066,زرآباد,522221,6
94412,4066,جنگل تیراحمد,522299,6
94413,4066,شهرک مطهر,822089,6
94414,4066,ده پشت بیر,822099,6
94415,4067,بابک,254404,6
94416,4067,بارشکان,254405,6
94417,4067,بیسکاو,254450,6
94418,4067,پشت گرشه بابک,254462,6
94419,4067,درنه,254566,6
94420,4067,دستگرد,254576,6
94421,4067,دهیر,254598,6
94422,4067,زمین عباسو,254611,6
94423,4067,سربیر,254623,6
94424,4067,سگن,254642,6
94425,4067,شون,254657,6
94426,4067,کماف,254707,6
94427,4067,کنورعمری,254711,6
94428,4067,کولق,254717,6
94429,4067,گجک اسپیر,254737,6
94430,4067,گشهرو,254746,6
94431,4067,ملکن,254787,6
94432,4067,درمعی,255526,6
94433,4067,سیت,255527,6
94434,4067,کش تخت,522053,6
94435,4067,رستم آباد دهوست,522219,6
94436,4067,کمبو,522220,6
94437,4067,محمودآباد,822101,6
94438,4068,ازنیزه,254390,6
94439,4068,اشکان,254393,6
94440,4068,انار شیرین,254396,6
94441,4068,اوهکن,254400,6
94442,4068,پابنی,254408,6
94443,4068,بشنو,254412,6
94444,4068,بن اشک,254414,6
94445,4068,بن نر,254426,6
94446,4068,تیدر,254488,6
94447,4068,خومن,254520,6
94448,4068,درگازپلکی,254554,6
94449,4068,دورمیش,254584,6
94450,4068,سرملا,254638,6
94451,4068,سرهور,254639,6
94452,4068,شهر شیب کلاه,254664,6
94453,4068,کتوهنگ,254681,6
94454,4068,کهناب بالا,254724,6
94455,4068,کهناب پائین,254725,6
94456,4068,گارامان/ گارامون,254732,6
94457,4068,گارانی,254733,6
94458,4068,گیمچ,254767,6
94459,4068,ناشکی,254794,6
94460,4068,وائن,254804,6
94461,4068,ورونچ,254806,6
94462,4068,بیورچ,255494,6
94463,4068,درشهر,255522,6
94464,4068,کسیسه ای,255574,6
94465,4068,پاهتک,521498,6
94466,4068,رنین کوچک,521500,6
94467,4068,درگوئن,521502,6
94468,4068,شهر شیب,521503,6
94469,4068,شه وروخ,521507,6
94470,4068,کوه سفید,521510,6
94471,4068,گارگنجی,521512,6
94472,4068,اپا,521952,6
94473,4068,امام آباد,522211,6
94474,4068,بینک علیا,522212,6
94475,4068,گلشهر,522214,6
94476,4068,تجک,527790,6
94477,4068,عزت آباد/ دلکی,822078,6
94478,4068,دشت صحرا,822138,6
94479,4069,ایرمیش,254386,6
94480,4069,به تیش,254446,6
94481,4069,بیکهنو,254452,6
94482,4069,پوسمن,254465,6
94483,4069,تج,254475,6
94484,4069,تریش,254491,6
94485,4069,تیشن,254493,6
94486,4069,جخو,254498,6
94487,4069,جخیش,254499,6
94488,4069,جگی سرحدی,254503,6
94489,4069,دربن صلاح,254533,6
94490,4069,درگاه,254556,6
94491,4069,درمار,254561,6
94492,4069,دست موردن,254575,6
94493,4069,دستگرد ناگرد,254577,6
94494,4069,دسک,254578,6
94495,4069,دو مرغ,254587,6
94496,4069,شینش,254669,6
94497,4069,کرمستان,254690,6
94498,4069,کلاهو,254706,6
94499,4069,کور,254714,6
94500,4069,کیرشک,254731,6
94501,4069,گوروی,254760,6
94502,4069,گهرکوه,254764,6
94503,4069,برکهنک,255479,6
94504,4069,خمینی شهر,255512,6
94505,4069,دستگرد درگاز,255529,6
94506,4069,گزان لاگز,255586,6
94507,4069,دهوک,521370,6
94508,4069,بن حصار,522047,6
94509,4069,بند بارک,522213,6
94510,4069,اسلام آباد,522215,6
94511,4069,حسین آباد شگمان,522216,6
94512,4069,درنگگ,822047,6
94513,4069,حاجی آباد سرحدی,822049,6
94514,4069,حجت آباد,822061,6
94515,4069,گز ماهور,822077,6
94516,4069,دولت آباد,822093,6
94517,4069,سرتنگ سهران,822100,6
94518,4070,اخران,254385,6
94519,4070,اشکفت مغ,254394,6
94520,4070,بریم روشه,254410,6
94521,4070,بنوشی,254443,6
94522,4070,پاراپیون,254455,6
94523,4070,ده میرز,254471,6
94524,4070,جنگل,254505,6
94525,4070,درگل,254557,6
94526,4070,ذهاب,254600,6
94527,4070,راپیج,254601,6
94528,4070,ریش دراز,254603,6
94529,4070,زمین حنصین,254608,6
94530,4070,زه حسین,254614,6
94531,4070,زه موسی,254615,6
94532,4070,زهبارک,254616,6
94533,4070,زه کوچکو,254618,6
94534,4070,سگرکن,254641,6
94535,4070,سیت,254653,6
94536,4070,سیت بندخرس,254654,6
94537,4070,شهرک,254666,6
94538,4070,کهورانی,254728,6
94539,4070,گوگ,254762,6
94540,4070,ره گدر,521621,6
94541,4070,کلک,521623,6
94542,4070,خوشاب ( خشاب ),521626,6
94543,4070,شم کرخی,521627,6
94544,4070,میخن,521630,6
94545,4070,درشهر گافر,522218,6
94546,4070,بندر ترج,522300,6
94547,4070,میان هنزیران,527789,6
94548,4070,دازکان,822094,6
94549,4071,بوئیکان,254444,6
94550,4071,بیشن,254451,6
94551,4071,توجن,254484,6
94552,4071,تومان احمد,254486,6
94553,4071,درخیاران,254543,6
94554,4071,درکلاهو,254552,6
94555,4071,درنگ مدو,254565,6
94556,4071,دوگنویر,254586,6
94557,4071,دهندر شنبه,254592,6
94558,4071,گرهون,254593,6
94559,4071,زمین تومان,254607,6
94560,4071,زمین در,254609,6
94561,4071,زمین لشکری,254612,6
94562,4071,سردر,254625,6
94563,4071,سرزه,254627,6
94564,4071,سرزه چارکان,254628,6
94565,4071,کلاتک سر,254701,6
94566,4071,کلاهو,254705,6
94567,4071,کوروج کولن,254718,6
94568,4071,نیک دشت,254719,6
94569,4071,کونکوچکی,254720,6
94570,4071,گاوکش,254736,6
94571,4071,گچوسک,254740,6
94572,4071,مانیکان,254773,6
94573,4071,ندروچ,254797,6
94574,4071,نصری,254802,6
94575,4071,نیان,254803,6
94576,4071,بن ریز,255482,6
94577,4071,بهرکان,255491,6
94578,4071,دهندر میرعمر,255534,6
94579,4071,زمین حسن,255540,6
94580,4071,کهور,255579,6
94581,4071,گس گرندو/ گس گرونو,255591,6
94582,4071,گوین,255595,6
94583,4071,نزگوار,255601,6
94584,4071,ایرگون,521598,6
94585,4071,دریوار,521601,6
94586,4071,درپهنو,521602,6
94587,4071,تیسور,521605,6
94588,4071,حیدرآباد,822048,6
94589,4071,علی آباد سرحدی,822050,6
94590,4071,گازن بز,822076,6
94591,4071,نورآباد,822095,6
94592,4071,گردیوالان,822096,6
94593,4071,گلایی,822097,6
94594,4072,امامزاده عقیل,258847,6
94595,4072,رندان,258848,6
94596,4072,طالون,258850,6
94597,4072,کشارسفلی,258851,6
94598,4072,کشارعلیا,258852,6
94599,4072,هریاس,258853,6
94600,4072,امامزاده داود,258874,6
94601,4072,کیگاه,258875,6
94602,4072,یونجه‌زار,258876,6
94603,4072,جیحون وردیج,258898,6
94604,4072,جیحون کندر,258899,6
94605,4072,واریش,258903,6
94606,4072,وردیج,258904,6
94607,4072,باغ دره سنگان,532685,6
94608,4072,سنگان بالا,532686,6
94609,4072,سنگان پایین,532687,6
94610,4072,سنگان وسط,532688,6
94611,4072,سولقان,823040,6
94612,4072,آب زندگانی/ دشت نمه,823055,6
94613,4073,مسگراباد,259989,6
94614,4073,مزرعه دره اناری,260118,6
94615,4073,طلادر,260132,6
94616,4073,مزرعه پنج تن ال عبا,260133,6
94617,4073,کافه هزاردره,260135,6
94618,4073,تلوبالا,260256,6
94619,4073,تلوپایین,260257,6
94620,4073,هاجر آباد/ کهنه قنات,260325,6
94621,4073,همه سین,260326,6
94622,4073,قره چشمه,262054,6
94623,4073,کارگاه اسفالت حسن فرشادی,532704,6
94624,4073,سایت نیروی هوایی,532713,6
94625,4073,مجتمع نظامی قدس,532728,6
94626,4073,محل پردازش و تخلیه خاک و نخاله شهری,532729,6
94627,4073,میدان تیرتلو,532731,6
94628,4073,اردوگاه اموزشی شهیدمحراب,532733,6
94629,4073,گردشگاه جنگلی تلو,533293,6
94630,4073,معدن سنگ چینی,533297,6
94631,4073,دهک,534113,6
94632,4073,سرخه حصار,823018,6
94633,4073,چمن آب,823056,6
94634,4074,بهشت زهرا,259697,6
94635,4074,جعفرابادباقراف,259702,6
94636,4074,آفتاب_ سعید آباد آهنچی,259718,6
94637,4074,نعمت آبادغار,259764,6
94638,4074,حسن آبادباقراف,259917,6
94639,4074,خورایین,259920,6
94640,4074,رشیداباد,259921,6
94641,4074,شهرک رسالت,259924,6
94642,4074,صالح آبادصیداباد,259925,6
94643,4074,قلعه نوحاجی موسی,259930,6
94644,4074,کریم آباد,259931,6
94645,4074,مرقدمطهرامام خمینی,535399,6
94646,4074,دونگه,823000,6
94647,4074,قلعه حسن آباد باقراف(باغ رضوان),823045,6
94648,4075,جعفرابادجنگل,259703,6
94649,4075,جهان آباد بالا,259705,6
94650,4075,خمار آباد,259711,6
94651,4075,دیناراباد,259714,6
94652,4075,رحیم آباد,259716,6
94653,4075,شکرآباد,259723,6
94654,4075,کاشانک,259741,6
94655,4075,لهک,259746,6
94656,4075,مراداباد,259750,6
94657,4075,مرجان آباد,259751,6
94658,4075,ولی آباد,259765,6
94659,4075,پلایین,259916,6
94660,4075,خلازیر,259919,6
94661,4075,عباس آبادرستم آباد,259926,6
94662,4075,مرتضی گرد,259933,6
94663,4076,اندراب,258956,6
94664,4076,خورمندان,258960,6
94665,4076,رودافشان,258963,6
94666,4076,صنم,258965,6
94667,4076,کلاک,258967,6
94668,4076,مشهدفیروزکوه,258973,6
94669,4076,یدره,258976,6
94670,4076,آرو,259164,6
94671,4076,باغ سرهنگ طاهری,259167,6
94672,4076,جابان,259170,6
94673,4076,خسروان,259172,6
94674,4076,درختبید,259173,6
94675,4076,دهنار,259175,6
94676,4076,زرشکی,259176,6
94677,4076,سربندان,259177,6
94678,4076,سرحدان بالا,259178,6
94679,4076,سرحدان پایین,259179,6
94680,4076,سرخه ده,259180,6
94681,4076,سرگویج,259181,6
94682,4076,سیدآباد,259182,6
94683,4076,شاه بلاغی,259183,6
94684,4076,آیینه ورزان,259184,6
94685,4076,قلفک,259185,6
94686,4076,کهنک,259186,6
94687,4076,گرمابسرد,259187,6
94688,4076,گویج,259188,6
94689,4076,لی پشت,259189,6
94690,4076,مقانک,259190,6
94691,4076,مومج,259191,6
94692,4076,هویر,259192,6
94693,4076,یهر,259193,6
94694,4076,سقزدره,259194,6
94695,4077,ابکلاه,259224,6
94696,4077,خرم ده,259225,6
94697,4077,اسلام آباد,259227,6
94698,4077,اشندر,259228,6
94699,4077,اصلان,259229,6
94700,4077,اوزن دره,259230,6
94701,4077,تمیسیان,259233,6
94702,4077,چشمه سبزی,259234,6
94703,4077,چنارعربها,259235,6
94704,4077,چنارک,259236,6
94705,4077,حسین آباد,259237,6
94706,4077,حصاربالا,259238,6
94707,4077,حصارپایین,259239,6
94708,4077,حصارک,259240,6
94709,4077,دشتک,259241,6
94710,4077,زره در,259242,6
94711,4077,سلطان دره,259243,6
94712,4077,علی آبادوالی,259244,6
94713,4077,کاجان,259245,6
94714,4077,کالدشت ابوطالبی /کالدشت بالا/,259246,6
94715,4077,کالدشت پایین,259247,6
94716,4077,کالدشت ترقی,259248,6
94717,4077,کبوددره,259250,6
94718,4077,گل گنگک,259251,6
94719,4077,لونه,259252,6
94720,4077,مرکزتحقیقات مراتع ابسرد,259253,6
94721,4077,مراء,259254,6
94722,4077,مرغداری حیدری,259255,6
94723,4077,معدن سیلیس,259257,6
94724,4077,ورجه,259258,6
94725,4077,جوزدرخت,532774,6
94726,4077,سردخانه یکهزارتنی,532781,6
94727,4077,اوزن دره پایین,535686,6
94728,4077,منطقه صنعتی- کشاورزی اسب چران,823062,6
94729,4078,ابزه,259294,6
94730,4078,اتابک کتی,259296,6
94731,4078,اتابک شمس اولیاء,259297,6
94732,4078,آجان,259298,6
94733,4078,ارنگی,259299,6
94734,4078,اوچونک,259301,6
94735,4078,اوزدر,259302,6
94736,4078,اهران,259303,6
94737,4078,باغک,259304,6
94738,4078,برنه هشت,259305,6
94739,4078,بندحمام,259306,6
94740,4078,بولان,259307,6
94741,4078,بیدک,259308,6
94742,4078,پلنگدره,259310,6
94743,4078,تنگه,259313,6
94744,4078,تنگه سازک,259314,6
94745,4078,تودره,259315,6
94746,4078,تولک,259316,6
94747,4078,جوزدار,259317,6
94748,4078,چال,259318,6
94749,4078,چشمه ابراهیم,259319,6
94750,4078,چشمه شاه,259320,6
94751,4078,چهارچشمه,259321,6
94752,4078,خزکدر,259323,6
94753,4078,دامداری همندابسرد,259324,6
94754,4078,درازبیشه,259325,6
94755,4078,دزداباد,259326,6
94756,4078,دواب,259327,6
94757,4078,دواستخری,259328,6
94758,4078,دودره,259329,6
94759,4078,رزک,259330,6
94760,4078,رستم آباد,259331,6
94761,4078,زان,259332,6
94762,4078,زیارت بالا,259333,6
94763,4078,سرخ چشمه,259334,6
94764,4078,اسبی خونیک,259335,6
94765,4078,سنجازونک,259336,6
94766,4078,سنگ اسیابک,259337,6
94767,4078,سولک,259338,6
94768,4078,شکن کلک,259340,6
94769,4078,شمس آباد,259341,6
94770,4078,صالح آباد,259342,6
94771,4078,قاسم بیگی,259343,6
94772,4078,قبروا,259344,6
94773,4078,کبیراباد,259345,6
94774,4078,کرک سنو,259347,6
94775,4078,کلنه در,259349,6
94776,4078,کورچشمه,259350,6
94777,4078,گم بیک,259352,6
94778,4078,گرگینه,259353,6
94779,4078,همندلمسار,259355,6
94780,4078,لومان,259356,6
94781,4078,محمودیه,259357,6
94782,4078,ملک چشمه,259359,6
94783,4078,ملکک,259360,6
94784,4078,مملی,259361,6
94785,4078,ممی شی,259362,6
94786,4078,می شینه,259364,6
94787,4078,وادان,259366,6
94788,4078,وردانه,259367,6
94789,4078,هاشمک,259368,6
94790,4078,هورینه,259370,6
94791,4078,یکه گله,259371,6
94792,4078,آرتاشان,532754,6
94793,4078,دلی,532756,6
94794,4078,زرده,532757,6
94795,4078,سفیدبند,532758,6
94796,4078,همنداهران,532759,6
94797,4078,همندخالصه وادان,532760,6
94798,4078,همندکوهان وکردر,532761,6
94799,4078,همندمرانک,532762,6
94800,4078,همندکیلان,532763,6
94801,4078,زیارت پایین,535433,6
94802,4079,پیست ابعلی,259453,6
94803,4079,تجرک بالا,259454,6
94804,4079,تجرک پایین,259455,6
94805,4079,تیرک,259457,6
94806,4079,جعفرآباد,259458,6
94807,4079,ساداتمحله,259465,6
94808,4079,معدن سیلیس,259477,6
94809,4079,هزاردشت,259481,6
94810,4079,آردینه,260100,6
94811,4079,جورد,260112,6
94812,4079,سنک دروازه,260123,6
94813,4079,مندانک,260150,6
94814,4079,وسکاره,260153,6
94815,4080,اروژقلی,259451,6
94816,4080,تخته ها,259456,6
94817,4080,چشمه ها / چشمه بلاغی,259460,6
94818,4080,چناران,259461,6
94819,4080,حیدرآباد,259462,6
94820,4080,خورین,259463,6
94821,4080,شاطرمحمدسفلی,259468,6
94822,4080,باغ گمرک,259469,6
94823,4080,عباس آباد,259471,6
94824,4080,کولیک,259473,6
94825,4080,گل اهک,259474,6
94826,4080,گندک,259475,6
94827,4080,مهرآباد,259478,6
94828,4080,نوده,259479,6
94829,4080,ولی آباد,259480,6
94830,4080,یلقان دره,259482,6
94831,4080,چشمه فضل علی,532772,6
94832,4081,قشلاق کهنه - چشمه شور,259589,6
94833,4081,حاجی آباد,259591,6
94834,4081,سلمان آباد,259602,6
94835,4081,شمس آباد,259606,6
94836,4081,عزیزآباد,259609,6
94837,4081,فرودگاه بین المللی امام خمینی,259613,6
94838,4081,قلعه محمدعلیخان,259615,6
94839,4081,قلعه نوفشاپویه,259616,6
94840,4081,کنارگردپایین,259623,6
94841,4081,شرکت کشت وصنعت احنام,259626,6
94842,4081,شرکت کشت وصنعت حساماک,259628,6
94843,4081,ویجین بالا,259631,6
94844,4081,ویجین پایین,259632,6
94845,4081,یونس آباد,259633,6
94846,4081,انبارعلوفه ارتش,533007,6
94847,4081,پایگاه ژیوفیزیک,533008,6
94848,4081,شهرک سینمایی دفاع مقدس,823021,6
94849,4082,ابراهیم آباد,259582,6
94850,4082,اراد,259584,6
94851,4082,اشتهازان,259585,6
94852,4082,انیس آباد,259586,6
94853,4082,بوالقیطاس,259587,6
94854,4082,حسین آباد,259593,6
94855,4082,حصارچوپان,259594,6
94856,4082,خانلق,259596,6
94857,4082,خماراباد,259597,6
94858,4082,دولت آبادخرابه,259598,6
94859,4082,زلف آباد,259600,6
94860,4082,زیوان,259601,6
94861,4082,شریف آباد,259605,6
94862,4082,صفراباد,259608,6
94863,4082,علی آبادموقوفه,259611,6
94864,4082,قنبراباد,259617,6
94865,4082,کلین,259620,6
94866,4082,کوشک فشاپویه,259624,6
94867,4082,محمدآباد,259625,6
94868,4082,اسداباد,533006,6
94869,4082,کیق آباد,533015,6
94870,4082,نجف آباد,533016,6
94871,4083,اسماعیل آباد,259691,6
94872,4083,تورقوزاباد,259701,6
94873,4083,خیرآباد,259712,6
94874,4083,سلمان آباد,259719,6
94875,4083,شریف آباد,259722,6
94876,4083,قلعه پروان,259735,6
94877,4083,قیصراباد,259739,6
94878,4083,کبیراباد,259742,6
94879,4083,محمدابادچمبورک,259748,6
94880,4083,محمودآباد,259749,6
94881,4083,اسماعیل آبادمعین,259843,6
94882,4083,بی بی مریم,259844,6
94883,4083,پالایشگاه تهران,259845,6
94884,4083,درسون آباد,259849,6
94885,4083,دوتوهه سفلی,259850,6
94886,4083,ده توهه علیا,259851,6
94887,4083,ده نو,259853,6
94888,4083,عبداله آباداجاق,259855,6
94889,4083,عظیم آباد,259857,6
94890,4083,قاسم آبادقنات شور,259858,6
94891,4083,قلعه سید,259860,6
94892,4083,قلعه شریفی_ مجتمع کشت و صنعت قلعه شریفان,259861,6
94893,4083,قلعه نوچمن زمین,259863,6
94894,4083,قمصر,259864,6
94895,4083,گل حصار,259865,6
94896,4083,کارخانه تهران کمیکال,259866,6
94897,4083,کلاغ ایه,259868,6
94898,4083,مافتون,259869,6
94899,4083,آمادگاه شهید حسن دلیری,533154,6
94900,4083,احمداباد/قلعه کاشانی /,533155,6
94901,4083,سیدآباد,535434,6
94902,4083,میدان تیرژاندارمری یگان ویژه,535435,6
94903,4083,منطقه صنعتی تهران,535595,6
94904,4083,جهان آباد,823027,6
94905,4083,یگان پدافند قرارگاه خاتم الانبیاء,823061,6
94906,4084,اسلام آباد - اشرف آباد,259963,6
94907,4084,غنی آباد,259966,6
94908,4084,خاورشهر,259972,6
94909,4084,امین آباد,823020,6
94910,4084,تقی آباد,823029,6
94911,4084,هفت دستگاه و نسوز,823030,6
94912,4084,کوره فرنگی,823031,6
94913,4085,اندرمان,823002,6
94914,4085,عمادآور,823003,6
94915,4085,علایین,823004,6
94916,4085,عباس آباد,823005,6
94917,4085,اسلام آباد,823006,6
94918,4085,دولت آبادقیصریه,823007,6
94919,4085,بهشتی,823008,6
94920,4085,ولی آباد,823009,6
94921,4085,علیان,823010,6
94922,4085,کمیته,823028,6
94923,4085,قلعه عظیم آباد,823996,6
94924,4085,صالح آباد شرقی,823997,6
94925,4085,فتح آباد,823998,6
94926,4086,توتک,259965,6
94927,4086,سنگ تراشان,259969,6
94928,4086,چهل قزوسیاه دره,262067,6
94929,4086,معدن گچ چهل قز,262583,6
94930,4086,معدن اهک سیاه دره,534114,6
94931,4087,عباس آبادعلاقبند,259975,6
94932,4087,قاسم آبادتهرانچی,259979,6
94933,4087,لپه زنک,259987,6
94934,4087,محمودآباد,259988,6
94935,4087,پادگان خاوران,533252,6
94936,4087,مجتمع صنعتی بهارستان,535387,6
94937,4088,شمس آباد,259923,6
94938,4088,زمان آباد,259967,6
94939,4088,طالب آباد,259974,6
94940,4088,علی آبادقیصریه,259976,6
94941,4088,کریم آبادتهرانچی,259985,6
94942,4088,گل تپه کبیر,259986,6
94943,4089,چاله طرخان,259846,6
94944,4089,حمیداباد,259848,6
94945,4089,ده خیر,259852,6
94946,4089,عشق آباد,259856,6
94947,4089,نجم آباد,259870,6
94948,4089,نظراباد,259871,6
94949,4089,فیروزاباد,259978,6
94950,4089,قمی آباد,259984,6
94951,4089,مقیم آباد,259990,6
94952,4090,ابنیک,260045,6
94953,4090,امامه بالا,260046,6
94954,4090,امامه پایین,260047,6
94955,4090,امین آباد,260048,6
94956,4090,اهار,260049,6
94957,4090,ایگل,260050,6
94958,4090,باغ گل,260051,6
94959,4090,حاجی آباد,260053,6
94960,4090,روته,260056,6
94961,4090,رودک,260057,6
94962,4090,زایگان,260058,6
94963,4090,زردبند,260059,6
94964,4090,کلوگان,260064,6
94965,4090,گرمابدر,260065,6
94966,4090,لالان,260066,6
94967,4090,پس قلعه,260296,6
94968,4090,شیرپلا,260297,6
94969,4090,کلک چال,260298,6
94970,4090,وزباد,260299,6
94971,4090,هتل اوسون,260300,6
94972,4090,کمرخانی,533349,6
94973,4090,معدن نی چال,533352,6
94974,4090,شنکزار,533353,6
94975,4090,دره جوزار/ شاه پسند,533354,6
94976,4090,حدادیه,533355,6
94977,4090,اهنگرک,533356,6
94978,4090,جوشانک,533357,6
94979,4090,شرکت تله کابین توچال ( ایستگاه 1),535687,6
94980,4091,ایرا,260103,6
94981,4091,پورزندسفلی,260211,6
94982,4091,پورزندعلیا,260212,6
94983,4091,پورزندوسطی,260213,6
94984,4091,جوزک,260214,6
94985,4091,چهارباغ,260215,6
94986,4091,رسنان,260216,6
94987,4091,سنگ کوهک,260217,6
94988,4091,علایین,260219,6
94989,4091,کلان,260221,6
94990,4091,لواسان بزرگ,260222,6
94991,4091,نیکنامده,260228,6
94992,4091,ایستگاه حفاظت خاک واب خیزداری,260229,6
94993,4091,تاسیسات سدلتیان,260259,6
94994,4091,مزرعه شاه نشین,535688,6
94995,4092,افجه,260249,6
94996,4092,انباج,260250,6
94997,4092,برگ جهان,260251,6
94998,4092,بوجان,260252,6
94999,4092,پادگان لشگرک,260253,6
95000,4092,کلانتری 166لشگرک,260254,6
95001,4092,پشت لاریجان,260255,6
95002,4092,راحت آباد,260258,6
95003,4092,سینک,260260,6
95004,4092,کردیان,260261,6
95005,4092,کندسفلی,260262,6
95006,4092,کندعلیا,260263,6
95007,4092,مزرعه سادات,260264,6
95008,4092,ناصراباد,260265,6
95009,4092,هنزک,260266,6
95010,4092,الون,533269,6
95011,4092,پادگان گردنه قوچک,533275,6
95012,4092,پارک جنگلی سدلتیان,533276,6
95013,4092,دکل مخابرات,533282,6
95014,4092,زیاداباد(اردوگاه شهید تهرانی ),533283,6
95015,4092,رله رادیووتلویزیون,533284,6
95016,4092,سایت موشکی نیروی هوایی,533285,6
95017,4092,کیور,533291,6
95018,4092,گندم مجه,533294,6
95019,4092,معدن خاک بنتونیت,533296,6
95020,4092,میدان تیرشهیدفلاح پور,535442,6
95021,4092,پاسگاه نیروی انتظامی گردنه قوچک,535448,6
95022,4093,ابراهیم آباد,262163,6
95023,4093,احمدآباد,262164,6
95024,4093,اسداباد,262166,6
95025,4093,اسکولو,262167,6
95026,4093,اسماعیل آباد,262168,6
95027,4093,امیرآباد,262170,6
95028,4093,ایستگاه ابردژ,262171,6
95029,4093,بندعلیخان,262172,6
95030,4093,بوالعرض,262173,6
95031,4093,برهمند,262174,6
95032,4093,تپه عطا,262175,6
95033,4093,تجره,262176,6
95034,4093,جعفرابادجنگل,262177,6
95035,4093,جهان آباد,262179,6
95036,4093,چاله اردک,262180,6
95037,4093,قلعه قاسم آباد_چهار باغ,262181,6
95038,4093,حاج آبادعربها,262182,6
95039,4093,حسن آبادکوه گچ,262183,6
95040,4093,حسین آباد,262184,6
95041,4093,حسین آبادسرهنگ,262185,6
95042,4093,حسین آبادقشقایی,262186,6
95043,4093,حسین آبادعرب,262187,6
95044,4093,حصاربالا,262188,6
95045,4093,حصارحسن بیک,262189,6
95046,4093,حصارسرخ,262190,6
95047,4093,حصارعلیا,262191,6
95048,4093,حصارقاضی,262192,6
95049,4093,حصارکوچک,262193,6
95050,4093,حصارگلی,262194,6
95051,4093,خاوه,262195,6
95052,4093,خنجراباد,262196,6
95053,4093,دوازده امام,262197,6
95054,4093,دولت آباد,262198,6
95055,4093,رستم آباد,262199,6
95056,4093,زلف آباد,262200,6
95057,4093,زواره ور,262201,6
95058,4093,سلطان آباد,262202,6
95059,4093,سلمان آباد,262203,6
95060,4093,سوره,262204,6
95061,4093,شریف آباد,262205,6
95062,4093,شکرابادکویر,262206,6
95063,4093,شمس آبادعرب,262207,6
95064,4093,صادق آباد,262208,6
95065,4093,طاهراباد,262210,6
95066,4093,طغان,262211,6
95067,4093,عباس آباد,262213,6
95068,4093,عزت آبادغفاریه,262215,6
95069,4093,عسگرآباد,262216,6
95070,4093,علی آباد,262217,6
95071,4093,علی آبادمحیط,262218,6
95072,4093,قلعه بلند,262219,6
95073,4093,قلعه نبی,262220,6
95074,4093,کاظم آباد,262222,6
95075,4093,کریم آباداقصی,262223,6
95076,4093,کریم آباد,262224,6
95077,4093,گچی آبادبالا,262225,6
95078,4093,مبارکیه,262226,6
95079,4093,محسن آباد,262227,6
95080,4093,محمدابادعرب,262228,6
95081,4093,مزرعه رازق آباد,262229,6
95082,4093,مزرعه شفیع آباد,262230,6
95083,4093,قنات کوچک علیا,262231,6
95084,4093,مزرعه کریم خانی/ عباس آباد کریم خانی,262232,6
95085,4093,مصطفی آباد,262233,6
95086,4093,معدن باریتماکوبار,262235,6
95087,4093,مهدی آباد,262236,6
95088,4093,نجفاباد,262237,6
95089,4093,مزرعه نصیراباد,262238,6
95090,4093,نظراباد,262239,6
95091,4093,نیم ایستگاه ابشور,262240,6
95092,4093,هفت جوبه,262241,6
95093,4093,صادق آباد_قلعه بلند,262243,6
95094,4093,نصیرآباد,262244,6
95095,4093,قاسم آباد_هاشم آباد,262245,6
95096,4093,قلعه خواجه,262519,6
95097,4093,چرمشهر_قلعه سالاریه,533014,6
95098,4093,تپه نیزار,533843,6
95099,4093,تپه مرجان,533846,6
95100,4093,موقعیت شهید عطری لشکر 27 حضرت محمد رسول الله,533847,6
95101,4093,حسین آبادخرابه,533849,6
95102,4093,حصارولی خان,533850,6
95103,4093,دهداقان,533851,6
95104,4093,فرخ آباد,533852,6
95105,4093,قلعه نو,533853,6
95106,4093,قنات کوچک اقصی,533854,6
95107,4093,گچی آبادپایین,533855,6
95108,4093,مزرعه حسن آباد,533856,6
95109,4093,مرکزتثبیت شن ابردژ,533858,6
95110,4093,مزرعه غفاریه,533860,6
95111,4093,نیم ایستگاه کلوت,533861,6
95112,4093,اردوگاه سپاه علی (ع ),533862,6
95113,4093,امامزاده عبدالله,535429,6
95114,4093,دولت آبادحاجی آباد,535690,6
95115,4094,ظهیراباد,262212,6
95116,4094,آب باریک,262321,6
95117,4094,ایجدان,262325,6
95118,4094,ایجدانک,262326,6
95119,4094,بهمن آباد,262327,6
95120,4094,تقی آبادشهرستان,262328,6
95121,4094,چاله غازان,262329,6
95122,4094,حاجی آبادسالار,262330,6
95123,4094,حیدرآباد,262331,6
95124,4094,خالدآباد,262332,6
95125,4094,دمزاباد,262333,6
95126,4094,شکرآباد,262335,6
95127,4094,شمس آباد,262336,6
95128,4094,عباس آباد,262337,6
95129,4094,علی آبادمنتظر,262338,6
95130,4094,فیض آباد,262341,6
95131,4094,قاسم آباداسکندربیک,262342,6
95132,4094,قشلاق شمس آباد,262343,6
95133,4094,کریم آباد,262344,6
95134,4094,کویراباد,262345,6
95135,4094,کهریزک بوربور,262346,6
95136,4094,محمدآباد,262347,6
95137,4094,فخرآباد,262349,6
95138,4094,مجیدآباد,262350,6
95139,4094,مونیه,262351,6
95140,4094,اجربست,262544,6
95141,4094,خواجه ولی سفلی,262552,6
95142,4094,خواجه ولی علیا,262553,6
95143,4094,موسی آبادبختیاری,262575,6
95144,4094,یوسف آبادخالصه,262582,6
95145,4094,ویلیکه,533758,6
95146,4095,جعفراباد اخوان,262402,6
95147,4095,خورین,262403,6
95148,4095,ریحان آباد,262406,6
95149,4095,قشلاق قویینک,262412,6
95150,4095,قویینک زهری,262416,6
95151,4095,حسن آبادقاسم خانی,262420,6
95152,4095,موسی آبادکاشانی,262576,6
95153,4095,مزرعه قره بلاغ,534007,6
95154,4095,کلاته,823017,6
95155,4096,احمدابادسپهبد,262322,6
95156,4096,اقبالیه,262323,6
95157,4096,امیرآباد,262324,6
95158,4096,علی آبادسپهبد,262339,6
95159,4096,فتح آباد,262340,6
95160,4096,محمدیه,262348,6
95161,4096,احمدابادوسط,262545,6
95162,4096,باغ خواص,262546,6
95163,4096,تقی آباد,262548,6
95164,4096,حسین آبادجواهری,262549,6
95165,4096,حسین آبادکاشانی,262550,6
95166,4096,سعداباداملاک,262559,6
95167,4096,عزیزآباد,262560,6
95168,4096,علی آبادفرسوده,262562,6
95169,4096,قاسم آباد اخوان,262563,6
95170,4096,قشلاق عمراباد,262564,6
95171,4096,مزرعه رین,262572,6
95172,4096,مهدی آباد,262577,6
95173,4096,مهرآباد,262578,6
95174,4096,نشاطیه,533705,6
95175,4096,مزرعه باجک,533709,6
95176,4096,نصیرآباد,533710,6
95177,4096,همت آباد,533711,6
95178,4097,ابراهیم آباد,261145,6
95179,4097,اسکمان,261148,6
95180,4097,الورد,261149,6
95181,4097,بالابان,261154,6
95182,4097,حصار زیرک,261159,6
95183,4097,دهشادبالا,261167,6
95184,4097,دهشادپایین,261168,6
95185,4097,دیناراباد,261170,6
95186,4097,رزکان,261173,6
95187,4097,رضی آبادبالا,261174,6
95188,4097,رضی آبادپایین,261175,6
95189,4097,قره تپه,261204,6
95190,4097,کردزار,261212,6
95191,4097,نصرت آباد,261225,6
95192,4097,قلعه شایسته,535685,6
95193,4098,محمودابادخلج آباد,261218,6
95194,4098,باطری سازی نور,535369,6
95195,4099,بادامک,259914,6
95196,4099,باباسلمان,261153,6
95197,4099,قلعه بها,261207,6
95198,4100,سعیدآباد,258901,6
95199,4100,ورامینک,259935,6
95200,4100,کوی سازمانی 22بهمن,535705,6
95201,4101,اصیل آباد,261089,6
95202,4101,بکه,261092,6
95203,4101,ترپاق تپه,261095,6
95204,4101,حصارساتی,261097,6
95205,4101,رنگرز,261099,6
95206,4101,سقرچین,261100,6
95207,4101,قجرتخت رستم,261104,6
95208,4101,قجراباد,261105,6
95209,4101,فرارت,261106,6
95210,4101,قشلاق مهرچین,261107,6
95211,4101,قلعه نو,261110,6
95212,4101,کردامیر,261111,6
95213,4101,یبارک,261115,6
95214,4101,امادگاه کوثر,535261,6
95215,4101,پادگان پهباد,535262,6
95216,4101,پادگان قدس,535263,6
95217,4101,کوی سازمانی ظفر,535264,6
95218,4101,پادگان شهیدمدرس,535282,6
95219,4101,دامداری تکه اوغلی,535297,6
95220,4101,پادگان فلق,535683,6
95221,4101,کشت وصنعت ملت ( دامداری جماران ),535684,6
95222,4101,شهرک صنعتی شهید سلیمانی شهریار,596250,6
95223,4102,رازمره,261171,6
95224,4102,رامین,261172,6
95225,4102,وسطر,261228,6
95226,4102,یوسف آبادصیرفی,261231,6
95227,4103,علی آباد قاجار,823023,6
95228,4103,قاسم آباد خشکه,823038,6
95229,4103,شهرک صنفی و خدماتی سهند چهاردانگه,823051,6
95230,4104,ترشنبه,259700,6
95231,4104,فیروزبهرام,259928,6
95232,4104,گلدسته,259932,6
95233,4104,شمس آباد,259971,6
95234,4105,کمالیه,259621,6
95235,4105,حسین آبادسیاه اب,259708,6
95236,4105,ده عباس,259713,6
95237,4105,دینارون,259715,6
95238,4105,سیمون,259720,6
95239,4105,علی آبادطپانچه,259732,6
95240,4105,کرک اینکچه,259743,6
95241,4105,نظام آباد,259763,6
95242,4105,جلالیه,533131,6
95243,4105,حسین آباد,823995,6
95244,4106,بهرام آباد,259696,6
95245,4106,شاطره,259721,6
95246,4106,ملک آباد,259756,6
95247,4106,مهران آباد,259759,6
95248,4107,نصیرآباد,259762,6
95249,4107,حسن آبادخالصه,259918,6
95250,4107,رضی آباد,259922,6
95251,4107,علی آباد,259927,6
95252,4107,قلعه اکبربک,259929,6
95253,4108,ایرین,259693,6
95254,4108,چیچکلو,259707,6
95255,4108,بهمن آباد,259915,6
95256,4109,ادران,260523,6
95257,4109,ده حسن,260542,6
95258,4109,کاظم آباد,260555,6
95259,4110,اصغراباد,260525,6
95260,4110,الارد,260527,6
95261,4110,انجم آباد,260529,6
95262,4110,پرندک,260532,6
95263,4110,پیغمبر,260533,6
95264,4110,حسین آبادینگجه,260536,6
95265,4110,حصارمهتر,260540,6
95266,4110,شهرابادایلات,260548,6
95267,4110,شهرک یرندک,260549,6
95268,4110,کیگاور,260558,6
95269,4110,معدن منگنزرباطکریم,260560,6
95270,4110,منجیل آباد,260561,6
95271,4110,مرکز تربیت و آموزش تکاور شهید ابوالفضل شبان نزاجا,260562,6
95272,4110,یقه,260567,6
95273,4110,اغچه کند,290708,6
95274,4110,حاجی آباد,290709,6
95275,4110,فتح آباد,290710,6
95276,4110,گروه 99 پدافند هوایی شهید عامری,535216,6
95277,4110,پادگان ش چمران,535219,6
95278,4110,پادگان ش حسن ابشناسان,535221,6
95279,4110,مرکز تربیت و آموزش 02 شهید عبدالمجید انشایی نزاجا,535224,6
95280,4110,پادگان گروه 33,535226,6
95281,4110,دامپروری کیخسرو,535229,6
95282,4110,سفیدار,535233,6
95283,4110,مجتمع مسکونی پادگان,535237,6
95284,4110,پادگان امیرالمومنین,535530,6
95285,4110,خانه های مسکونی لشگر23نوحه,535535,6
95286,4111,حکیم آباد,259595,6
95287,4111,شترخوار,259604,6
95288,4111,شهرستانک,259607,6
95289,4111,علی آباد,259610,6
95290,4111,نوده,259629,6
95291,4111,وهن آباد,259630,6
95292,4112,الویک,262036,6
95293,4112,جمال آباد,262041,6
95294,4112,عباس آباد,262052,6
95295,4112,کبودگنبد,533643,6
95296,4113,پنجه,259311,6
95297,4113,سیاه چشمه,259339,6
95298,4113,مناطول,259363,6
95299,4113,ابراهیم آباد,262099,6
95300,4113,افرین,262100,6
95301,4113,سرخ حصار,262106,6
95302,4113,شهرک صنعتی عباس آبادضرغام,262110,6
95303,4113,عبدل آباد,262111,6
95304,4113,علی آبادابوالقاسم خانی,262113,6
95305,4113,قرمزتپه,262114,6
95306,4113,قلعه عبدل آباد,262119,6
95307,4113,مزرعه احمداباد,262125,6
95308,4113,جهاداباد,534108,6
95309,4113,شهرک سیاه چشمه ومناطول,534110,6
95310,4113,مرغداری رجبی کیا,535444,6
95311,4113,شرکت بتن شن,535446,6
95312,4113,شرکت ماهان راه,535447,6
95313,4114,حصارمهتر,262101,6
95314,4114,حیدرآباد,262102,6
95315,4114,خلیف آباد,262104,6
95316,4114,خلیف آبادموقوفه,262105,6
95317,4114,صفاییه,262109,6
95318,4114,علی آبادخرابه,262112,6
95319,4114,قشلاق کریم آباد,262116,6
95320,4114,قلعه عارف/ مزرعه عارف,262118,6
95321,4114,کریم آباد,262120,6
95322,4114,کلین خالصه,262121,6
95323,4114,کلین سادات (قلعه سادات ),262122,6
95324,4114,کهریزک,262123,6
95325,4114,مزرعه قره گل,262126,6
95326,4114,مندکان,262127,6
95327,4114,مزرعه نصرت آباد,262478,6
95328,4114,مزرعه صالح خان,535573,6
95329,4114,شهرک موزاییک سازان,823046,6
95330,4115,پاچالک,259309,6
95331,4115,حمامک,259322,6
95332,4115,نیک,259365,6
95333,4115,پارچین,262037,6
95334,4115,توچال,262039,6
95335,4115,چنگی,262043,6
95336,4115,ده امام,262050,6
95337,4116,قشلاق حاجی آباد,259980,6
95338,4116,قشلاق قلعه نواملاک,259981,6
95339,4116,قلعه نواملاک,259982,6
95340,4116,قشلاق فرون آباد,259998,6
95341,4116,حاجی آباداملاک,262044,6
95342,4116,مزرعه کشاورزی ابوریحان,262063,6
95343,4117,ارمبویه,262035,6
95344,4117,تیجن,262040,6
95345,4117,جیتو,262042,6
95346,4117,حسین آبادقاجار,262045,6
95347,4117,گلزار بالا,262047,6
95348,4117,فیلستان,262053,6
95349,4117,محمودابادخالصه,262060,6
95350,4117,دامپروری باهری,262061,6
95351,4117,مجتمع شهیدنامجو و اطراف,290712,6
95352,4117,گلزار پایین,823060,6
95353,4118,آلودر,259106,6
95354,4118,امرک,259107,6
95355,4118,اهنز,259109,6
95356,4118,بهانک,259112,6
95357,4118,شادمهن,259121,6
95358,4118,لزور,259123,6
95359,4118,مرجی خونی,259124,6
95360,4119,اسور,259105,6
95361,4119,اندریه,259108,6
95362,4119,بهان,259111,6
95363,4119,دریابک,259114,6
95364,4119,زرمان,259115,6
95365,4119,سلمان,259118,6
95366,4119,سله بن,259119,6
95367,4119,طهنه,259122,6
95368,4119,نجفدر,259125,6
95369,4119,ورسخوران,259126,6
95370,4119,وزنا,259127,6
95371,4119,وشتان,259128,6
95372,4120,پیرده,258928,6
95373,4120,درده,258929,6
95374,4120,شیخ علی خان,258930,6
95375,4120,کدوده,258931,6
95376,4120,گاوده,258932,6
95377,4120,مرگ سر,258933,6
95378,4120,ارو,259002,6
95379,4120,امیریه,259003,6
95380,4120,راهدارخانه بشم,259016,6
95381,4120,سائو بزرگ,259018,6
95382,4120,سائو کوچک,259019,6
95383,4120,سرانزا,259020,6
95384,4120,سرچمن,259021,6
95385,4120,سرمندان,259023,6
95386,4120,شرکت ران,259024,6
95387,4120,طارم گورسفید,259026,6
95388,4120,طرود,259028,6
95389,4120,کبودبند,259032,6
95390,4120,کتالان,259033,6
95391,4120,کرگوانه,259034,6
95392,4120,کلارخان بالا,259037,6
95393,4120,کمند,259039,6
95394,4120,کندیان(کبود چشمه),259040,6
95395,4120,گدوک,259041,6
95396,4120,گورسفید,259042,6
95397,4120,معدن سرانزا,259044,6
95398,4120,مهن,259046,6
95399,4120,نواس,259050,6
95400,4120,اردوگاه شهیدبهشتی,532847,6
95401,4120,شیخ وزا,532852,6
95402,4121,اخری,259000,6
95403,4121,اندور,259005,6
95404,4121,بادرود,259006,6
95405,4121,باسال دره,259007,6
95406,4121,لن جنه,259010,6
95407,4121,جلیزجند,259011,6
95408,4121,جلیل آباد,259012,6
95409,4121,حسن آباد,259013,6
95410,4121,خمده,259014,6
95411,4121,دهین,259015,6
95412,4121,سرخه دشت,259022,6
95413,4121,شهراباد,259025,6
95414,4121,طارس,259027,6
95415,4121,عرب لی,259029,6
95416,4121,کارخانه ماسه,259031,6
95417,4121,کله سر,259035,6
95418,4121,کله منار,259036,6
95419,4121,لاسم چشمه,259043,6
95420,4121,مهاباد,259045,6
95421,4121,نام آور,259048,6
95422,4121,نمرود,259049,6
95423,4121,هرانده,259051,6
95424,4121,پردین,532857,6
95425,4121,منطقه صنعتی فیروزکوه,532867,6
95426,4122,اتشان,258954,6
95427,4122,اشرف آباد,258955,6
95428,4122,انزها,258957,6
95429,4122,حصاربن,258959,6
95430,4122,دمی اقا,258961,6
95431,4122,دهگردان,258962,6
95432,4122,سیمین دشت,258964,6
95433,4122,کبوتردره,258966,6
95434,4122,گچه,258968,6
95435,4122,گذرخانی سیداباد,258969,6
95436,4122,ماهیان,258970,6
95437,4122,محمودآباد,258971,6
95438,4122,مزداران,258972,6
95439,4122,هریاج,258975,6
95440,4122,امین آباد,259004,6
95441,4122,آب باریک کوچک,259008,6
95442,4122,زرشکی شرکت جنگلک,259017,6
95443,4122,فرح آباد,259030,6
95444,4122,دریابک,823057,6
95445,4123,پرنان,258897,6
95446,4123,زرنان پایین,258900,6
95447,4123,شهرک دانش,258902,6
95448,4123,دامداری حسین طوسی,535539,6
95449,4123,دامداری حسین موسوی,535575,6
95450,4123,زرنان بالا,823026,6
95451,4124,هفتجوی,261230,6
95452,4124,مجتمع معادن شن وماسه,535353,6
95453,4124,پادگان خیبر,535364,6
95454,4125,ترکمن (مالکین ),261090,6
95455,4125,لم آباد,261112,6
95456,4125,مهراذین,261113,6
95457,4125,مهرچین,261114,6
95458,4125,حصارک غفاری,261161,6
95459,4125,شهرک جعفریه,261183,6
95460,4125,خوشنام,261188,6
95461,4125,قشلاق ملارد,261205,6
95462,4125,قلعه فرامرزی,261209,6
95463,4125,ملاردویلای جنوبی,261224,6
95464,4125,ویلا دشت,823019,6
95465,4126,اسفنداباد,261087,6
95466,4126,بیدکنه,261093,6
95467,4126,مزرعه پیوند,261094,6
95468,4126,حصارشالپوش,261098,6
95469,4126,صالح آبادحصارشالپوش,261102,6
95470,4126,قبچاق,261103,6
95471,4126,مزرعه ده کنی,535295,6
95472,4126,پادگان حضرت مهدی عج الله,535537,6
95473,4127,ارسطو,261146,6
95474,4127,امیرآباد,261150,6
95475,4127,امیریه,261151,6
95476,4127,امین آباد,261152,6
95477,4127,امامزاده بی بی سکینه,261155,6
95478,4127,مهردشت /خاتون لر/صالح آباد,261162,6
95479,4127,دهک,261169,6
95480,4127,سلمیان,261178,6
95481,4127,شریف آباد,261179,6
95482,4127,شش دبانلو,261180,6
95483,4127,عباس آبادطوسی,261194,6
95484,4127,علی بیات,261199,6
95485,4127,کوشکک,261213,6
95486,4127,کهریزک,261214,6
95487,4127,یوسف آبادقوام,261232,6
95488,4127,ارغش آباد,261651,6
95489,4127,پادگان ش باقری,535285,6
95490,4127,قلعه ارمنی (قلعه حیدر),535294,6
95491,4127,قشلاق توللی,535704,6
95492,4128,آغل الوندی,003234,6
95493,4128,آغلهای کنارقجیر,003244,6
95494,4128,آغلهای وسطه قجیر,003245,6
95495,4128,احمدآباد علیزاده,003247,6
95496,4128,اسدآبادبوقین,003254,6
95497,4128,آق قویی,003259,6
95498,4128,اکرم آبادکیانپور,003262,6
95499,4128,اله آباد,003264,6
95500,4128,امیرابادکلاهچی,003265,6
95501,4128,بوقین مهدی آباد,003276,6
95502,4128,چاقواخوانی,003288,6
95503,4128,چاقوبالا,003289,6
95504,4128,حاجی آبادسفلی,003302,6
95505,4128,حسن آبادمیرهاشمی,003308,6
95506,4128,حسین آبادهفشلو,003313,6
95507,4128,دولت اباد,003330,6
95508,4128,زرین ده/ کشت وصنعت جاوید,003339,6
95509,4128,قشلاق شورقویی,003360,6
95510,4128,صفی آباد,003370,6
95511,4128,عباس آبادگل شایگان,003378,6
95512,4128,قشلاق امیراباد,003402,6
95513,4128,قشلاق قازاچانی,003409,6
95514,4128,قلعه قربان خان,003415,6
95515,4128,قمشلو,003417,6
95516,4128,مزرعه مهردشت,003419,6
95517,4128,گمرگان,003431,6
95518,4128,گوی بلاغ,003433,6
95519,4128,محمدآباد,003435,6
95520,4128,مرتع اسدخان,003441,6
95521,4128,مرتع ذغلو,003448,6
95522,4128,معدن خاک چینی,003464,6
95523,4128,نورآباد,003521,6
95524,4128,وراباد,003528,6
95525,4128,یوسف آبادغفاری,003531,6
95526,4128,اختراباد,260361,6
95527,4128,دکین,260370,6
95528,4128,زرین آباد,260372,6
95529,4128,مزرعه شیرین قویی,260409,6
95530,4128,مهدی آباد,260432,6
95531,4128,ولی آبادجزایری,260435,6
95532,4128,چهارباغ,261156,6
95533,4128,شیرین آباد,261189,6
95534,4128,محمدابادنایینی ها,261217,6
95535,4128,محمودآباد,261219,6
95536,4128,رضااباد,535301,6
95537,4128,اقازال,535303,6
95538,4128,احمدابادسیدلر,535304,6
95539,4128,پادگان جوادیه /مجتمع کشت وصنعت فدک,535306,6
95540,4128,داغ قویی,535307,6
95541,4128,عربک,535308,6
95542,4128,علی آبادقطعه چهار,535309,6
95543,4128,حسین آبادعلیزاده,535397,6
95544,4129,ابراهیم آباد,262514,6
95545,4129,باغ کوه,262515,6
95546,4129,دربالا,262516,6
95547,4129,فتح آباد,262517,6
95548,4129,قشلاق معین آباد,262518,6
95549,4129,معین آباد,262522,6
95550,4129,میان کوهان,262523,6
95551,4129,قلعه سین,262567,6
95552,4130,پلنگ دره,262400,6
95553,4130,رودبارک,262405,6
95554,4130,سرگل,262407,6
95555,4130,سعیدآباد,262408,6
95556,4130,قشلاق یوسفرضا,262413,6
95557,4130,قلعه گبری,262415,6
95558,4130,گل عباس,262417,6
95559,4130,اسماعیل آباد,262448,6
95560,4130,چال تاسیان,262455,6
95561,4130,حبیب آباد,262457,6
95562,4130,قلعه حسین آبادگوهری,262458,6
95563,4130,ده ماسین,262459,6
95564,4130,قاسم آباد,262470,6
95565,4130,عسگرابادعباسی,262561,6
95566,4130,گاوداری پاک صفت,534050,6
95567,4131,اکبرابادکاظمی,262449,6
95568,4131,شترخوار,262461,6
95569,4131,فرج آباد,262471,6
95570,4131,قشلاق جلیل آباد,262472,6
95571,4131,قلعه نو,262474,6
95572,4131,محمودابادکهنه,262476,6
95573,4131,محمودابادنو,262477,6
95574,4131,یوسف آباد,262480,6
95575,4132,اهیه,262450,6
95576,4132,جامه کاران,262453,6
95577,4132,چاله مورت,262456,6
95578,4132,زواره بید,262460,6
95579,4132,شعیب آبادکهنه,262462,6
95580,4132,شعیب آبادنو,262463,6
95581,4132,شوران,262464,6
95582,4132,شوش آباد,262465,6
95583,4132,صالح آباد,262466,6
95584,4132,طارندبالا,262467,6
95585,4132,طارندپایین,262468,6
95586,4132,علی آبادخالصه,262469,6
95587,4132,قلعه شوران,262473,6
95588,4132,قویینک رخشانی,262475,6
95589,4132,یام,262479,6
95590,4132,قشلاق گنجی,534049,6
95591,4132,قلعه بالا,535425,6
95592,4133,ریه,259995,6
95593,4133,میمنت آباد,259996,6
95594,4134,امامزاده باقر,259992,6
95595,4135,مجتمع کشت وصنعت احمداباد,535183,6
95596,4136,اورین,260530,6
95597,4136,همدانک,260566,6
95598,4136,خیرآباد پایین,823036,6
95599,4137,کردنبرد,260136,6
95600,4137,گل خندان جدید,260139,6
95601,4137,گل خندان قدیم,260140,6
95602,4137,گلدره,823001,6
95603,4138,پلنگ آواز,260107,6
95604,4138,تماشا,260111,6
95605,4138,زردستان,260119,6
95606,4138,سیاه سنگ قدیم,260127,6
95607,4138,شوراب,260128,6
95608,4138,شهر آباد,260129,6
95609,4138,طاهراباد,260131,6
95610,4139,باغک,260104,6
95611,4139,کمرد,260138,6
95612,4139,اشترگردن,260147,6
95613,4139,شمس آباد,260148,6
95614,4139,منوچهر آباد,260151,6
95615,4139,درازمینک,532711,6
95616,4139,منطقه صنعتی کمرد,535693,6
95617,4139,عباس آباد کاظم پور امری,823042,6
95618,4139,نصرت آباد,823043,6
95619,4140,تختچنار,260109,6
95620,4140,خجیر,260113,6
95621,4140,سنجریان,260122,6
95622,4140,مامالو نسارو,260144,6
95623,4140,ترقیان بالا,532700,6
95624,4140,کاچیلو,532723,6
95625,4141,اصطلک پایین,260101,6
95626,4141,باغ کمش,260105,6
95627,4141,سیاه سنگ جدید,260126,6
95628,4142,اصطلک دانشور,260102,6
95629,4142,دربندک,260117,6
95630,4142,کرشت,260137,6
95631,4142,واصفجان,260152,6
95632,4142,هیزم دره (خانلر آباد ),535689,6
95633,4143,قشلاق جیتو,262055,6
95634,4143,صالح آباد,262410,6
95635,4144,قلعه رحمت آباد کبیر,259859,6
95636,4144,امین آباد,262398,6
95637,4144,محمداباداعلا,262419,6
95638,4144,ولی آباد,262422,6
95639,4144,داوداباد,262554,6
95640,4144,رستم آباد,262557,6
95641,4144,رضی آباد,262558,6
95642,4144,قشلاق مشهدی ابوالحسن,262565,6
95643,4144,قشلاق مشهدی محمد,262566,6
95644,4144,محمودابادطباطبایی,262571,6
95645,4145,چاغونگنش,024948,6
95646,4145,خواجه بلاغی,024956,6
95647,4145,دلیکلی داش,024960,6
95648,4145,سرخانلو,024968,6
95649,4145,ابدارلو,032403,6
95650,4145,اق قلعه,032413,6
95651,4145,الماس کندی,032418,6
95652,4145,ایمیر,032427,6
95653,4145,بایرام بدنی,032429,6
95654,4145,پیرالوان,032437,6
95655,4145,تقی دیزج,032443,6
95656,4145,جمایران,032449,6
95657,4145,چات قیه,032450,6
95658,4145,خلج,032466,6
95659,4145,داشلوجه,032469,6
95660,4145,ساوج بلاغ,032481,6
95661,4145,شریف بیگلو,032487,6
95662,4145,طالب قشلاقی,032493,6
95663,4145,طهماسب آباد,032497,6
95664,4145,کفتاره,032530,6
95665,4145,گل تپه,032538,6
95666,4145,لله لو,032546,6
95667,4145,محمدجان لو,032550,6
95668,4145,نقدی کندی,032561,6
95669,4145,قشلاق اوچ بلاغ,330214,6
95670,4145,بیگلراباد,333335,6
95671,4145,اکملو,333336,6
95672,4145,قوش قیه سی,333338,6
95673,4146,اسکی شهر,024520,6
95674,4146,بنفشه درق,024525,6
95675,4146,حسن باروق,024527,6
95676,4146,نوران,024545,6
95677,4146,الماس,024674,6
95678,4146,پیرالقیر,024679,6
95679,4146,حکیم قشلاقی,024681,6
95680,4146,خرابه کهل,024682,6
95681,4146,روشنق,024684,6
95682,4146,شام اسبی,024687,6
95683,4146,قاسم قشلاقی,024688,6
95684,4146,قلیچی,024689,6
95685,4146,گلی,024692,6
95686,4146,وره نو,024695,6
95687,4146,زردالو,024805,6
95688,4146,زیوه,024806,6
95689,4146,مادیه,025275,6
95690,4146,آجرپزی ایران/علی آباد2,824007,6
95691,4147,اروانق,024519,6
95692,4147,امیدچه,024524,6
95693,4147,حمل آباد,024528,6
95694,4147,دیوله سر,024530,6
95695,4147,دیولق,024531,6
95696,4147,شهریور,024535,6
95697,4147,عموقین,024537,6
95698,4147,قلعه جوق سبلان,024538,6
95699,4147,کردکندی,024539,6
95700,4147,گرجان,024541,6
95701,4147,میرنی,024544,6
95702,4147,ینگجه رضابیگلو,024546,6
95703,4147,اوزون بنه,024581,6
95704,4147,باروق,024582,6
95705,4147,بنه خرمندلی,024583,6
95706,4147,جمادی,024587,6
95707,4147,چناقرود,024588,6
95708,4147,جینقرلو,024589,6
95709,4147,چهل گز,024592,6
95710,4147,حسنعلی کندی,024593,6
95711,4147,خشکه رود,024595,6
95712,4147,خیارک,024596,6
95713,4147,دومه,024597,6
95714,4147,دیجوجین,024598,6
95715,4147,سیدلر,024600,6
95716,4147,شفیع گونی,024601,6
95717,4147,شمشیرخانه,024602,6
95718,4147,شیشه گران,024605,6
95719,4147,عزیزلو,024606,6
95720,4147,علی آباد,024607,6
95721,4147,بنه قارداش خانلو,024609,6
95722,4147,بنه قباداباد,024610,6
95723,4147,قره تپه سبلان,024611,6
95724,4147,گنسول کندی,024618,6
95725,4147,بندمهدی خانلو,024621,6
95726,4147,وکیل آباد,024622,6
95727,4147,سردابه,330105,6
95728,4147,شالی کندی,330106,6
95729,4147,الگشاد,337041,6
95730,4147,اغل,337108,6
95731,4147,کمرلی,337131,6
95732,4148,اقاباقر,024723,6
95733,4148,اقبلاغ اقاجان خان,024724,6
95734,4148,اقبلاغ رستم خانی,024725,6
95735,4148,پیراقوم,024787,6
95736,4148,تپراقلو,024789,6
95737,4148,حمیداباد,024795,6
95738,4148,رضی آباد,024804,6
95739,4148,کمی آباد,024820,6
95740,4148,مزارع پیله سهران,330277,6
95741,4148,چنذانق,330294,6
95742,4149,اردی,024518,6
95743,4149,سامیان,024533,6
95744,4149,صومعه,024536,6
95745,4149,اقچه کند,024727,6
95746,4149,انزاب علیا,024728,6
95747,4149,تازه کندرضااباد,024731,6
95748,4149,تازه کند شریف آباد,024732,6
95749,4149,سلطان آباد,024737,6
95750,4149,قره لر,024740,6
95751,4149,کرکرق,024742,6
95752,4149,گیلان ده,024743,6
95753,4149,فرودگاه اردبیل,337178,6
95754,4149,سلام آباد,824006,6
95755,4150,الماگلن,024776,6
95756,4150,انطاق /شاهبلاغی /,024778,6
95757,4150,اینلو,024779,6
95758,4150,بودالالو,024784,6
95759,4150,جیاوان,024790,6
95760,4150,چیملو,024792,6
95761,4150,حفظاباد,024794,6
95762,4150,داشبلاغ,024799,6
95763,4150,دلیلو,024800,6
95764,4150,سیدآباد,024807,6
95765,4150,عباس آباد,024809,6
95766,4150,فیروزاباد,024810,6
95767,4150,قره ولی,024812,6
95768,4150,قیه چمن,024816,6
95769,4150,گورقلعه,024827,6
95770,4150,محمودآباد,024829,6
95771,4150,مسجدلو,024832,6
95772,4150,نیورسفلی,024837,6
95773,4150,هل آباد,024838,6
95774,4150,پیله گلین,025224,6
95775,4151,الوچه فولادلو,024777,6
95776,4151,ایوریق,024782,6
95777,4151,حصار,024793,6
95778,4151,خلیل آباد,024798,6
95779,4151,رزمگاه,024803,6
95780,4151,قره داغ لو,024811,6
95781,4151,گل تپه ملالی,024824,6
95782,4151,گورادل,024826,6
95783,4151,کوزه تپراقی,024828,6
95784,4151,نوشهر,024836,6
95785,4152,اهوقلعه,024780,6
95786,4152,بقرآباد,024783,6
95787,4152,بیله درق,024785,6
95788,4152,چنذاب,024791,6
95789,4152,خانقاه /خانگاه /,024796,6
95790,4152,دمدمه,024801,6
95791,4152,شبلو,024808,6
95792,4152,قزل قیه,024813,6
95793,4152,قشلاق محمدبیگ سفلی,024814,6
95794,4152,قشلاق محمدبیگ علیا,024815,6
95795,4152,کردعلی,024817,6
95796,4152,کریق,024818,6
95797,4152,کلخوران,024819,6
95798,4152,کوهساره,024822,6
95799,4152,کرگان,024823,6
95800,4152,یایچی,024840,6
95801,4152,دویل,330228,6
95802,4153,جبه دار,024526,6
95803,4153,زعفران,024532,6
95804,4153,مختاراباد,024542,6
95805,4153,معصوم آباد,024543,6
95806,4153,تازه کندمحمدیه,024584,6
95807,4153,کردقشلاقی,024613,6
95808,4154,ابربکوه,024578,6
95809,4154,اسماعیل خان کندی,024579,6
95810,4154,امیرآباد,024580,6
95811,4154,میاندرق / تقی کندی/,024585,6
95812,4154,چراپا,024590,6
95813,4154,چوخوریورد,024591,6
95814,4154,حسین خانکندی,024594,6
95815,4154,رویندزق,024599,6
95816,4154,شندرشامی,024603,6
95817,4154,شیخ احمد,024604,6
95818,4154,کمرکندی,024614,6
95819,4154,کولانکوه,024616,6
95820,4154,گندیشمین,024617,6
95821,4154,میجندی,024620,6
95822,4154,هاچاکندی,024623,6
95823,4154,ینگجه ملامحمدحسن,024624,6
95824,4154,علی قشلاقی,824001,6
95825,4155,اجاق قشلاق خروسلو,034142,6
95826,4155,انجیرلو,034144,6
95827,4155,اوچ درق,034146,6
95828,4155,پاراقشلاق سفلی,034159,6
95829,4155,غریب حاجی,034164,6
95830,4155,جهان خانملو,034166,6
95831,4155,چای قشلاقی سیاب,034169,6
95832,4155,حاجی بالابیگلو,034177,6
95833,4155,خاکریز,034186,6
95834,4155,اکبرداود قشلاقی,034194,6
95835,4155,سمکلوی علیا,034203,6
95836,4155,سمکلوی سفلی,034204,6
95837,4155,علیشان قشلاقی,034214,6
95838,4155,قیزقلعه سی,034223,6
95839,4155,قشلاق بدیر,034243,6
95840,4155,قشلاق پاشا,034245,6
95841,4155,قشلاق جهان خانملو,034252,6
95842,4155,قشلاق حاج احمدخان,034253,6
95843,4155,قشلاق علیش,034279,6
95844,4155,گلی بلاغ سفلی,034297,6
95845,4155,گلی بلاغ علیا,034298,6
95846,4155,مسجدلو,034309,6
95847,4155,نرقشلاقی,034312,6
95848,4155,نوروزآباد,034314,6
95849,4155,هیبت جهان خانملو,034317,6
95850,4155,قشلاق هدلی,337095,6
95851,4156,اودلو,034148,6
95852,4156,بابک,034151,6
95853,4156,بیگ باغلو,034157,6
95854,4156,پاسگاه مرزی شهریار,034161,6
95855,4156,خان باباکندی,034187,6
95856,4156,دمیرچیلو,034195,6
95857,4156,روح کندی,034198,6
95858,4156,زرگر,034200,6
95859,4156,فولادلوقویی,034215,6
95860,4156,قره قاسملو,034222,6
95861,4156,قشلاق اق برون,034230,6
95862,4156,قشلاق اوچ درق علیا,034237,6
95863,4156,قشلاق حاجی الهوردی,034254,6
95864,4156,قشلاق قوش داش میرزاخان,034283,6
95865,4156,قشلاق قوش داش یاشیل,034284,6
95866,4156,قشلاق قیرلو,034286,6
95867,4156,گوگتپه,034301,6
95868,4156,گون پاپاق,034302,6
95869,4156,مرادلو,034306,6
95870,4156,قشلاق لوک اولن,333028,6
95871,4156,مجتمع دامداری هنرستان بیله سوار,333029,6
95872,4157,قشلاق دمیرچلوی قره قشلاق حاج ابیل,033467,6
95873,4157,قشلاق دمیرچلوی قره قشلاق حاج مجید,033468,6
95874,4157,قشلاق اجی اشمه پاپور,033499,6
95875,4157,قشلاق اجی اشمه علی حیدربیگ,033502,6
95876,4157,قشلاق اجی اشمه مهندس صادقی,033503,6
95877,4157,قشلاق اجی اشمه نوراحمد,033504,6
95878,4157,قشلاق علی اکبرحاج سردار,033506,6
95879,4157,قشلاق اینالی برات,033528,6
95880,4157,قشلاق اینالی صمد,033529,6
95881,4157,قشلاق حاج امیرخان,033566,6
95882,4157,قشلاق حضرتقلی بختیار,033613,6
95883,4157,قشلاق حضرتقلی غلام,033614,6
95884,4157,قشلاق حضرتقلی عبداله,033615,6
95885,4157,قشلاق اصغر,033644,6
95886,4157,قشلاق علی اکبرجعفر,033650,6
95887,4157,قشلاق علی اکبراقابالا,033651,6
95888,4157,قشلاق علی اکبرحمزه,033652,6
95889,4157,قشلاق علی اکبرحمیدخان,033653,6
95890,4157,قشلاق علی اکبرحیدر,033654,6
95891,4157,قشلاق فرج اسماعیل,033656,6
95892,4157,قشلاق فرج محرم,033662,6
95893,4157,قشلاق گورچینلواورتاداغ,033685,6
95894,4157,قشلاق گورچینلوحاج بیوک,033686,6
95895,4157,قشلاق گورچینلوحاج نجف,033687,6
95896,4157,قشلاق عزت,033693,6
95897,4157,قشلاق یل اتان الهوردی گویا,033703,6
95898,4157,قشلاق یل اتان حاج عباس,033704,6
95899,4157,قشلاق یل اتان الهوردی دولت,033705,6
95900,4157,ازاداباد,034143,6
95901,4157,قشلاق خان اوغلان,034145,6
95902,4157,اوچبلاغ,034147,6
95903,4157,ایده لو,034149,6
95904,4157,پاراقشلاق علیا,034158,6
95905,4157,تازه کندچناق,034163,6
95906,4157,غلامحسین کندی,034165,6
95907,4157,چناق سفلی وعلیا,034171,6
95908,4157,حاجی اقاکندی,034173,6
95909,4157,حاجی اقامعلی کندی,034174,6
95910,4157,حاجی اسماعیل ایمان خان,034175,6
95911,4157,حاجی سیاب کندی,034178,6
95912,4157,حاجی قدرت کندی,034179,6
95913,4157,حاجی میرنظام,034180,6
95914,4157,حاجی نورش کندی,034181,6
95915,4157,حسن خان دره سی,034183,6
95916,4157,حسین حاجیلو,034184,6
95917,4157,داشبلاغ,034192,6
95918,4157,تازه آبادتومار,034197,6
95919,4157,زال قلی کندی,034199,6
95920,4157,ساری بلاغ,034201,6
95921,4157,سلطان قشلاقی,034202,6
95922,4157,شابی کندی,034206,6
95923,4157,شورقویی,034210,6
95924,4157,شورگل,034211,6
95925,4157,تومارکندی,034212,6
95926,4157,قبادکندی,034219,6
95927,4157,قره سقال سفلی,034220,6
95928,4157,قره سقال علیا,034221,6
95929,4157,قشلاق اغجاران,034224,6
95930,4157,قشلاق اوچبلاق,034239,6
95931,4157,قشلاق اورتاداغ اسماعیل,034240,6
95932,4157,قشلاق اورتاداغ تاپدوق,034241,6
95933,4157,قشلاق اورتاداغ حاجی عباد,034242,6
95934,4157,قشلاق حاج علی برات,034247,6
95935,4157,قشلاق حاج اقانصیراوغلو,034248,6
95936,4157,مزرعه ایشق چخماز,034260,6
95937,4157,قشلاق زینال علیا,034262,6
95938,4157,قشلاق سدی کندی,034263,6
95939,4157,قشلاق سیدلردادلوحسینعلی,034267,6
95940,4157,قشلاق سیدلردادلویداله,034268,6
95941,4157,قشلاق سیدلرساری قویی بیت اله,034269,6
95942,4157,قشلاق سیدلرساری قویی حاج بایرام,034271,6
95943,4157,قشلاق سیدلرسیف اله,034273,6
95944,4157,قشلاق سیدلرفران,034274,6
95945,4157,قشلاق سیدلرموسی,034276,6
95946,4157,قشلاق سیدلرمیرغلام,034277,6
95947,4157,قشلاق تومارصادق محرم,034278,6
95948,4157,قشلاق قوجابدیر,034281,6
95949,4157,قشلاق قوجاحاجی خسرو,034282,6
95950,4157,قوطوربلاغ,034294,6
95951,4157,کرم کندی,034295,6
95952,4157,لیملو,034303,6
95953,4157,مرادعلی کندی,034305,6
95954,4157,ملی کندی,034310,6
95955,4157,میروردی کندی,034311,6
95956,4157,نظرعلی بلاغی,034313,6
95957,4157,هموارکندی,034316,6
95958,4157,دمیرچی خرابه سی,034867,6
95959,4157,قشلاق قره ککیل حاجی محمود,332951,6
95960,4157,قشلاق قره ککیل حاجی مطلب,332952,6
95961,4157,قشلاق قره ککیل ایاز,332953,6
95962,4157,قشلاق حسین نریمانی,332954,6
95963,4157,سازمان امورعشایری اجی اشمه,332955,6
95964,4157,قشلاق فرج حاج اورج,332956,6
95965,4157,قشلاق چتمه غلام,332957,6
95966,4157,قشلاق تومار,332960,6
95967,4157,قشلاق سیدلری ساری قویی مرادلو,332962,6
95968,4157,قشلاق حاجی سیاب,332964,6
95969,4157,قشلاق میرعوض,332965,6
95970,4157,قشلاق حاجی گل اقا,332966,6
95971,4157,قشلاق حاجی بیوک,332968,6
95972,4157,قشلاق سیدلرحاج حسن طباطبایی,332969,6
95973,4157,قاشقاقشلاق حاج اکبر,332970,6
95974,4157,قشلاق ملی حاجی همت,332971,6
95975,4157,قشلاق ملی محمودلار,332972,6
95976,4157,قشلاق چنار,332973,6
95977,4157,قشلاق چنارعلیا,332974,6
95978,4157,قشلاق ملی حسینقلی,332975,6
95979,4157,قشلاق غضنفربالا,332976,6
95980,4157,قشلاق غضنفر پایین,332977,6
95981,4157,بالاخان کندی,332982,6
95982,4157,یان بلاغ,332987,6
95983,4157,سهراب آباد,332989,6
95984,4157,بهمن کندی,333351,6
95985,4157,قشلاق حاجی جعفر,333382,6
95986,4157,قشلاق تومارصادق حاج حیدر,337024,6
95987,4157,قشلاق سیدلرساری قویی حسین,337025,6
95988,4157,قشلاق حضرت قلی ابوالحسن,337026,6
95989,4157,قشلاق ادی شیرین,337027,6
95990,4157,رضااباد,337096,6
95991,4157,قشلاق سیدلرصاحب عیسی زاده ه,337097,6
95992,4157,قشلاق عسگر چرتمه,824002,6
95993,4157,قشلاق دمیرچلو حاج محرم امانت,824005,6
95994,4158,قشلاق قره دره اسم خان ازادخان,033446,6
95995,4158,قشلاق قره دره اسم خان حاج سعداله,033447,6
95996,4158,قشلاق قره دره اسمخان صفرکندی,033448,6
95997,4158,قشلاق خان گلدی اغام اوغلان,033498,6
95998,4158,قشلاق قره دره اسم خان اسد,033507,6
95999,4158,قشلاق اغداش امیرخان,033510,6
96000,4158,قشلاق اغداش بیگلر,033511,6
96001,4158,قشلاق اغداش بهروز,033512,6
96002,4158,فشلاق اغداش حاجی سارم,033513,6
96003,4158,قشلاق اغداش کلام,033514,6
96004,4158,قشلاق اغداش نصیر,033515,6
96005,4158,قشلاق اوچ دره التفات,033517,6
96006,4158,قشلاق اوچ دره سواد,033518,6
96007,4158,قشلاق اوچ دره عباس,033519,6
96008,4158,اوچ دره مغانلواغامعلی,033520,6
96009,4158,قشلاق اوچ قوی حاج حسن شایقی,033521,6
96010,4158,قشلاق اوچ قویی علی اکبر,033522,6
96011,4158,قشلاق باباش سفلی,033531,6
96012,4158,قشلاق باباش علیا,033532,6
96013,4158,قشلاق باقرسلی ستار,033533,6
96014,4158,قشلاق باقرسلی حاج خانعلی,033534,6
96015,4158,قشلاق خان گلدی بالااوغلان,033535,6
96016,4158,قشلاق بختیار,033536,6
96017,4158,قشلاق پادارجمال,033541,6
96018,4158,قشلاق پادارحاجی عباداله,033542,6
96019,4158,قشلاق پادارحاج صفرعلی,033544,6
96020,4158,قشلاق پادارعیس خان,033545,6
96021,4158,قشلاق حاج ابیش حاج رجب,033560,6
96022,4158,قشلاق حاجی ابیش حاج رحیم,033561,6
96023,4158,قشلاق حاج حیدرفرمان,033572,6
96024,4158,قشلاق حاج حیدرگل احمد,033573,6
96025,4158,قشلاق حاج هاشم ارشد,033593,6
96026,4158,قشلاق حاجی هاشم نصرت,033594,6
96027,4158,قشلاق حاجی بختیار,033597,6
96028,4158,قشلاق حاجی حیدرهاوار,033602,6
96029,4158,قشلاق قره دره کهل قشلاق فرصت,033603,6
96030,4158,قشلاق قره دره کهلوقشلاق حاجی شاهوردی,033605,6
96031,4158,قشلاق حاج هاشم نیصر,033607,6
96032,4158,قشلاق حاج خان حسین صمید,033616,6
96033,4158,قشلاق خان حسین ودلان حاج محمدتقی,033617,6
96034,4158,قشلاق اغداش بهرام,033623,6
96035,4158,قشلاق اغداش محرم,033624,6
96036,4158,قشلاق شاه خانم قدیر,033632,6
96037,4158,قشلاق شاه خانم گل اقا,033635,6
96038,4158,قشلاق صفرعلی غیب علی,033637,6
96039,4158,قشلاق صفرعلی نصرت,033638,6
96040,4158,قشلاق صوفی حسن,033641,6
96041,4158,قشلاق صوفی قدیر,033642,6
96042,4158,قشلاق صوفی محمود,033643,6
96043,4158,قشلاق قارقلی /مظفرطالبی,033663,6
96044,4158,قشلاق قارقلی رحیم طالبی,033664,6
96045,4158,قشلاق قارقلی قوتاز,033665,6
96046,4158,قشلاق قره دره حاجی علیش,033672,6
96047,4158,قشلاق قره جالوحاجی صادق,033679,6
96048,4158,قشلاق گلمعلی حاج سواد,033683,6
96049,4158,قشلاق گلمعلی صفر,033684,6
96050,4158,قشلاق ملانقی اقام اوغلان,033696,6
96051,4158,قشلاق ملانقی غلام نصرت,033698,6
96052,4158,قشلاق ملانقی ملاتقی,033699,6
96053,4158,قشلاق ملانقی قنبر,033700,6
96054,4158,قشلاق مولان وردی اکبر,033702,6
96055,4158,قوشاقشلاق خاصای,033712,6
96056,4158,قوشاقشلاق قامبای,033714,6
96057,4158,قوشاقشلاق منصورورحمان,033715,6
96058,4158,قشلاق بیگ علی سفلی,034153,6
96059,4158,قشلاق بیگ علی وسطی,034154,6
96060,4158,قشلاق بیگ علی علیا,034155,6
96061,4158,پتلقان,034162,6
96062,4158,چالمه کندی,034167,6
96063,4158,زنده آباد / قشلاق ابراهیم خان /,034172,6
96064,4158,حاجی باباخان,034176,6
96065,4158,حاجی هاوارکندی,034182,6
96066,4158,خلیفه لوکندی بزرگ,034188,6
96067,4158,خورخورعلیا,034191,6
96068,4158,عزیزآباد,034213,6
96069,4158,قشلاق اسماعل خان جلیل رنجبر,034227,6
96070,4158,قشلاق اسماعیل خان محمدایزدی,034228,6
96071,4158,قشلاق اصغر,034229,6
96072,4158,قشلاق اقاخان اختیار,034232,6
96073,4158,قشلاق جعفرقلی,034251,6
96074,4158,قشلاق حاجی سواد,034257,6
96075,4158,قشلاق قهرمان,034285,6
96076,4158,قشلاق میراعلم,034290,6
96077,4158,قشلاق نریمان کندی امیراصلان,034291,6
96078,4158,قشلاق نریمان کندی حاج خان اوغلان,034292,6
96079,4158,قشلاق نریمان کندی حاجی هاوار,034293,6
96080,4158,گوردیگل نورالدین,034300,6
96081,4158,مایه دره سی,034304,6
96082,4158,ولی ممیلو,034315,6
96083,4158,گوردیگل,332880,6
96084,4158,قشلاق خان حسین ودلان تیمور,332993,6
96085,4158,قشلاق اوچ دره علی شهامتی,332995,6
96086,4158,قشلاق ملانقی حاج باباخان,332996,6
96087,4158,قشلاق شاه خانم علی برات,332997,6
96088,4158,قوشاقشلاق رضالی بیگ,332998,6
96089,4158,قشلاق اغداش میرزایی,333002,6
96090,4158,قشلاق اغداش محمود,333003,6
96091,4158,قشلاق اغداش مختار,333004,6
96092,4158,قشلاق حاجی ابیش کوچک,333006,6
96093,4158,قشلاق حاج ابیش حاج معصوم,333007,6
96094,4158,قشلاق قره دره اسمخان خان کیشی,333010,6
96095,4158,قشلاق قره دره اسمخان تهراج,333011,6
96096,4158,شرکت ملی کشت وصنعت دامپروری پارس,333013,6
96097,4158,قشلاق حاجی حسین اقاهوشمند,333021,6
96098,4158,پمپاژقطره ای,333023,6
96099,4158,پمپاژقطره ای شماره 6,333024,6
96100,4158,قشلاق نیارقلی,333034,6
96101,4158,قشلاق سلیمان حاج قلیج,333168,6
96102,4158,قشلاق باقرسلی علی سهامی /الله وردی /,333280,6
96103,4158,قشلاق محرم,333352,6
96104,4158,علیخان کندی,333353,6
96105,4158,قشلاق حاج امن,333354,6
96106,4158,قشلاق ملانقی جبراییل,337028,6
96107,4158,قشلاق خان گلدی دعواکیشی,337033,6
96108,4158,قشلاق حاج حسین خان,337098,6
96109,4158,قشلاق حاج سلیمان اکبرکرامتی,337099,6
96110,4158,قشلاق خانگلدی مستانلو,337103,6
96111,4158,قشلاق پادارحاجی بهریش,337118,6
96112,4158,قشلاق حاج دلان خان حسین خدایار,337125,6
96113,4158,قشلاق قره دره عزیزرستم,337126,6
96114,4158,قشلاق خان گلدی کامران,337128,6
96115,4158,قشلاق خان گلدی حاج احمد,337129,6
96116,4158,قشلاق خانگلدی سبزعلی,337130,6
96117,4158,قشلاق حاج سلیمان علی گشادتیموری,337134,6
96118,4158,قشلاق عربلواسرافیل,337136,6
96119,4158,قشلاق الی شعبانی,337137,6
96120,4158,قشلاق قره جالوحاجی ایمان,337138,6
96121,4158,قشلاق گلمعلی حاج حسین,337140,6
96122,4158,قشلاق الی کریمی,337141,6
96123,4158,قشلاق اغداش حسن حضی اوغلی,337149,6
96124,4158,قشلاق رستم,337150,6
96125,4158,قوشاقشلاق بخشعلی شهریار,337169,6
96126,4159,ازناوسر,030342,6
96127,4159,اق سو,030344,6
96128,4159,اهو,030345,6
96129,4159,برندق,030346,6
96130,4159,پیشگمان,030350,6
96131,4159,غیاث آباد,030352,6
96132,4159,جعفرآباد,030353,6
96133,4159,چنارلق,030356,6
96134,4159,زاویه جعفراباد,030364,6
96135,4159,سجهرود,030370,6
96136,4159,سفیداب/ اسبو,030371,6
96137,4159,طویستان,030375,6
96138,4159,قشلاق برندق,030377,6
96139,4159,کرنق,030380,6
96140,4159,گلوجه,030388,6
96141,4159,نساز,030395,6
96142,4159,نمهیل,030396,6
96143,4159,ویو,030399,6
96144,4160,اردبیلق,030341,6
96145,4160,بیله ده,030349,6
96146,4160,چنار,030354,6
96147,4160,چناران,030355,6
96148,4160,خط پرست,030358,6
96149,4160,خوشنامه,030359,6
96150,4160,دایوکندی,030360,6
96151,4160,دمدل,030361,6
96152,4160,دوستلی,030362,6
96153,4160,زاویه کیوی,030365,6
96154,4160,زندرق,030367,6
96155,4160,ساربانان,030368,6
96156,4160,قره تکان,030376,6
96157,4160,کبودچی,030378,6
96158,4160,کرگزلو,030379,6
96159,4160,کزج,030381,6
96160,4160,کمر,030383,6
96161,4160,کمردرق,030384,6
96162,4160,کیوی,030386,6
96163,4160,گل گلاب,030387,6
96164,4160,گهراز,030389,6
96165,4160,کهلیک,030390,6
96166,4160,میره جین,030392,6
96167,4160,مزرعه,030393,6
96168,4160,منامین,030394,6
96169,4160,نوده,030397,6
96170,4160,ونن,030398,6
96171,4160,هشی,030401,6
96172,4160,دیز,036391,6
96173,4160,شمس آباد,036407,6
96174,4160,قوسجین,036433,6
96175,4160,گاوان,036442,6
96176,4160,سقیزچی,333169,6
96177,4160,کجل,337074,6
96178,4161,تیل,030738,6
96179,4161,عزیزاباد/ کرون کش,030758,6
96180,4161,فرج آباد,030760,6
96181,4161,کرین,030763,6
96182,4161,لرد,030769,6
96183,4161,میان رودان,030771,6
96184,4161,طالشه درق,264040,6
96185,4162,احمدآباد,030731,6
96186,4162,الکش,030734,6
96187,4162,اندرق,030735,6
96188,4162,تازه کندگلوزان,030736,6
96189,4162,تازه کندگندم آباد,030737,6
96190,4162,جلال آباد,030739,6
96191,4162,چملوگبین/ یاهلیق/,030740,6
96192,4162,خانقاه گیلوان,030741,6
96193,4162,دشت اندر,030745,6
96194,4162,دیز,030746,6
96195,4162,رکن آباد,030749,6
96196,4162,شال,030752,6
96197,4162,شیخ علی لر,030753,6
96198,4162,صومعه رودبار,030754,6
96199,4162,طهارم دشت,030756,6
96200,4162,علی آباد,030759,6
96201,4162,قشلاق دیز,030761,6
96202,4162,قشلاق گیلوان,030762,6
96203,4162,کهل,030765,6
96204,4162,کهل دشت,030766,6
96205,4162,گندم آباد,030767,6
96206,4162,گیلوان,030768,6
96207,4162,ماجولان,030770,6
96208,4163,اسبو,030732,6
96209,4163,اسکستان,030733,6
96210,4163,درو,030744,6
96211,4163,دیلم آباد,030747,6
96212,4164,داودخانی,030519,6
96213,4164,خمس,030743,6
96214,4164,طهرستان,030757,6
96215,4164,ال هاشم سفلی,030821,6
96216,4164,ال هاشم علیا,030822,6
96217,4164,اناویز,030823,6
96218,4164,اندبیل,030824,6
96219,4164,ایلوانق,030825,6
96220,4164,بفراجرد,030826,6
96221,4164,بلیل,030827,6
96222,4164,خانقاه بفراجرد,030834,6
96223,4164,خانقاه سادات,030835,6
96224,4164,خوجین,030836,6
96225,4164,زاویه سادات,030837,6
96226,4164,زرتشت آباد,030838,6
96227,4164,سنجبدله,030840,6
96228,4164,طولش,030843,6
96229,4164,علی آباد,030844,6
96230,4164,قره آغاج,030845,6
96231,4164,گاودول,030849,6
96232,4164,گورانسراب,030854,6
96233,4164,مجره,030856,6
96234,4164,مزجین,030857,6
96235,4164,قاراقیه,337079,6
96236,4165,اسمرود,030343,6
96237,4165,بورگهیم,030347,6
96238,4165,بیرق,030348,6
96239,4165,ترازوج,030351,6
96240,4165,سوران,030372,6
96241,4165,سوسهاب,030373,6
96242,4165,محمودآباد,030391,6
96243,4165,آغبلاغ,030819,6
96244,4165,ارسون,030820,6
96245,4165,پروج,030830,6
96246,4165,ترزنق,030831,6
96247,4165,ترک,030832,6
96248,4165,شیخ جانلو,030842,6
96249,4165,قزل درق,030846,6
96250,4165,کلی,030847,6
96251,4165,کهران,030848,6
96252,4165,گرمخانه,030850,6
96253,4165,گزاز,030851,6
96254,4165,گلوجه,030853,6
96255,4165,لمعه دشت,030855,6
96256,4165,نیاخرم,030858,6
96257,4165,وارث آباد,030859,6
96258,4165,یلوجه,030860,6
96259,4165,یوزناب,030861,6
96260,4166,اق بولاغ,030484,6
96261,4166,اوچغازسفلی,030489,6
96262,4166,اوجغازعلیا/بلوکان,030490,6
96263,4166,پیرانلو,030505,6
96264,4166,غفوراباد,030510,6
96265,4166,چلمبر,030512,6
96266,4166,حاجی آباد,030513,6
96267,4166,خداقلی قشلاق,030516,6
96268,4166,کلستان سفلی,030558,6
96269,4166,کلستان علیا,030559,6
96270,4166,کلار,030561,6
96271,4166,لنبر,030573,6
96272,4166,مصطفی لو,030578,6
96273,4166,مورستان,030579,6
96274,4166,میل اغاردان,030581,6
96275,4166,نواشانق,030585,6
96276,4167,اق قاسملو,032412,6
96277,4167,المای سفلی,032419,6
96278,4167,المای علیا,032420,6
96279,4167,امیدچه,032422,6
96280,4167,عین الله کندی /بیگ باغلو,032433,6
96281,4167,حاج سیفلو,032457,6
96282,4167,حماملو,032460,6
96283,4167,خرابه قادرلو,032465,6
96284,4167,خلیفه داود,032467,6
96285,4167,دره بیگ لو,032470,6
96286,4167,دوه چی علیا,032474,6
96287,4167,شورگل,032489,6
96288,4167,شیخ عظیم لو,032490,6
96289,4167,عباس کندی,032500,6
96290,4167,عالی کهریزی,032501,6
96291,4167,قره تپه,032508,6
96292,4167,قره چی سفلی,032509,6
96293,4167,قره چی علیا,032510,6
96294,4167,قره ملهم,032514,6
96295,4167,قوشه سفلی,032523,6
96296,4167,قوشه علیا,032524,6
96297,4167,کلی علیا,032543,6
96298,4167,مزرعه ملاعسگرلو,032555,6
96299,4167,اجاق قشلاقی,032927,6
96300,4167,کلی سفلی,337166,6
96301,4168,ات توتان,032404,6
96302,4168,اغ بلاغ سفلی,032405,6
96303,4168,اغ بلاغ علیا,032406,6
96304,4168,آغ بد گدوک,032407,6
96305,4168,اسماعیلو,032410,6
96306,4168,اغ دوه لوعلیا,032411,6
96307,4168,اقابیگلو,032414,6
96308,4168,اقامراد,032415,6
96309,4168,علی کران,032417,6
96310,4168,امیرکندی,032423,6
96311,4168,برک چای,032430,6
96312,4168,بلوطکندی,032431,6
96313,4168,پست کندی,032436,6
96314,4168,پیرعلیلو,032438,6
96315,4168,جبارلو,032447,6
96316,4168,همت آباد/ججه لو,032448,6
96317,4168,چبنلو,032452,6
96318,4168,چنبلوقشلاق,032453,6
96319,4168,چوپان قشلاقی,032454,6
96320,4168,حسنلو,032458,6
96321,4168,حسین خان کندی,032459,6
96322,4168,حیدرآباد,032461,6
96323,4168,خرابه رضی,032464,6
96324,4168,خلیفه لو,032468,6
96325,4168,دمقلی,032472,6
96326,4168,رحیم بیگلوی سفلی,032477,6
96327,4168,رحیم بیگلوی علیا,032478,6
96328,4168,ذکیلو,032480,6
96329,4168,صبحان لو,032482,6
96330,4168,سعادت بلاغی,032484,6
96331,4168,سهرابلو,032485,6
96332,4168,سیدبیگ لو,032486,6
96333,4168,طاقچه داش,032492,6
96334,4168,علیشان سویی,032498,6
96335,4168,قاسم کندی,032505,6
96336,4168,قانلوبلاغ,032506,6
96337,4168,قره خان لو,032511,6
96338,4168,قره لو,032513,6
96339,4168,قشلاق محمدقلی,032516,6
96340,4168,قشلاق میرسلطانلو,032517,6
96341,4168,قلی بیگلو,032519,6
96342,4168,اسداباد,032520,6
96343,4168,قورلو,032521,6
96344,4168,کاظم لو,032528,6
96345,4168,کرملو,032529,6
96346,4168,کهل قشلاقی,032531,6
96347,4168,گچی بلاغی سفلی,032533,6
96348,4168,گچی بلاغی علیا,032534,6
96349,4168,لنگه بیز,032547,6
96350,4168,محمدلو,032551,6
96351,4168,میرحسینلو,032558,6
96352,4168,نرچه لو,032559,6
96353,4168,نصیرکندی,032560,6
96354,4168,هفت چشمه,032563,6
96355,4168,قشلاق جلال,331695,6
96356,4168,بیخان قشلاقی,331696,6
96357,4168,ترحم آباد,333155,6
96358,4168,سددره سی,333364,6
96359,4168,قشلاق علی شان سویی,337153,6
96360,4169,دوستبیگلو,027876,6
96361,4169,آق بلاغ,032732,6
96362,4169,احمدآباد,032733,6
96363,4169,الوچ,032740,6
96364,4169,بارزیل,032746,6
96365,4169,پریخان,032751,6
96366,4169,تبنق,032758,6
96367,4169,جبدرق,032759,6
96368,4169,حیق,032765,6
96369,4169,خرم آباد,032770,6
96370,4169,دستگیر,032773,6
96371,4169,میرکندی,032777,6
96372,4169,زیرزمین,032780,6
96373,4169,ساری خانلو,032783,6
96374,4169,صاحب دیوان,032788,6
96375,4169,عور,032791,6
96376,4169,قرخ بلاغ,032793,6
96377,4169,قره باغلار,032794,6
96378,4169,قره گل,032796,6
96379,4169,قورت تپه,032799,6
96380,4169,کوجنق,032806,6
96381,4169,مجنده,032812,6
96382,4169,مزرعه خلف,032815,6
96383,4169,مویل,032820,6
96384,4169,نصیرآباد,032822,6
96385,4169,عربلو,032823,6
96386,4169,ولی آباد/وله زیر/,032825,6
96387,4169,اندزق,331621,6
96388,4170,باللوجه میرک,032747,6
96389,4170,ناصراباد/ دیزو/,032779,6
96390,4170,کلاخانه,032804,6
96391,4170,بیلاق دامپروری کشت وصنعت مغان,032827,6
96392,4170,اق درق,032926,6
96393,4170,باریس,032934,6
96394,4170,بیجق,032936,6
96395,4170,پاشالو,032937,6
96396,4170,حاجیلو,032947,6
96397,4170,ساربانلار,032951,6
96398,4170,سواره,032952,6
96399,4170,تک دام /جهاد آباد,032958,6
96400,4170,علی محمدلو,032960,6
96401,4170,ابگرم قطورسویی,032964,6
96402,4170,جعفرآباد,032965,6
96403,4170,کوربلاغ,032970,6
96404,4170,گللرمحمدتقی,032973,6
96405,4170,حسن آباد,032976,6
96406,4170,ابراهیم کندی /وراغول,032984,6
96407,4170,ابگرم شابیل,032987,6
96408,4170,پناهگاه اول,331637,6
96409,4170,قشلاق تنگ,331650,6
96410,4170,میدان هوشنگ,333365,6
96411,4171,ارجق,032929,6
96412,4171,چپقان,032944,6
96413,4171,دده بیگلو,032950,6
96414,4171,شیخ لو,032957,6
96415,4171,علی آباد,032959,6
96416,4171,قادرلو,032962,6
96417,4171,کویچ,032971,6
96418,4171,لحاق,032974,6
96419,4171,لمبر,032977,6
96420,4171,میرعلیلو,032981,6
96421,4172,الرده,032930,6
96422,4172,انار,032932,6
96423,4172,بابیان,032933,6
96424,4172,بنه لر,032935,6
96425,4172,جلایر,032943,6
96426,4172,داش کسن,032949,6
96427,4172,شاطرگنبدی,032954,6
96428,4172,قره قیه,032963,6
96429,4172,گل چشمه,032966,6
96430,4172,کنگرلو,032969,6
96431,4172,لعل گنج,032975,6
96432,4172,لنج آباد,032978,6
96433,4173,آغچه قشلاق,032925,6
96434,4173,ارباب کندی,032928,6
96435,4173,پیرازمیان,032938,6
96436,4173,جاموش اولن سفلی,032941,6
96437,4173,جاموش اولن علیا,032942,6
96438,4173,چناق بلاغ,032945,6
96439,4173,حاتم کندی,032946,6
96440,4173,داش بلاغی,032948,6
96441,4173,شوش بلاغ,032955,6
96442,4173,شهاب الدین,032956,6
96443,4173,قلپنلوی سفلی,032967,6
96444,4173,قلپنلوی علیا,032968,6
96445,4173,کهلیک بلاغی,032972,6
96446,4173,مسدرق,032980,6
96447,4173,نقدی سفلی,032982,6
96448,4173,نقدی علیا,032983,6
96449,4173,هله,032985,6
96450,4174,چرچر,027933,6
96451,4174,قورت تپه,027945,6
96452,4174,کله دیگه,027948,6
96453,4174,گونی کندی,027950,6
96454,4174,نولی بلاغ,027961,6
96455,4174,نیازقلی,027962,6
96456,4174,اردوخانکندی,032408,6
96457,4174,مهماندوست علیا,032424,6
96458,4174,اوجاق قلی کندی,032426,6
96459,4174,اینچه,032428,6
96460,4174,تازه کند,032441,6
96461,4174,تک بلاغ ارشق,032444,6
96462,4174,تکدام,032445,6
96463,4174,جبارکندی,032446,6
96464,4174,چاخرچمنی,032451,6
96465,4174,خانم علیلو,032462,6
96466,4174,خان ببلو,032463,6
96467,4174,دوه چی سفلی,032473,6
96468,4174,شمسیر,032488,6
96469,4174,شیخ محمدلو,032491,6
96470,4174,طوماردره سی سفلی,032495,6
96471,4174,طوماردره سی علیا,032496,6
96472,4174,عمارتلوی علیا,032503,6
96473,4174,قاری مزرعه سی,032504,6
96474,4174,قره گل,032512,6
96475,4174,قره ولی لو,032515,6
96476,4174,قولدورکهلی,032525,6
96477,4174,قزل قوشا,032527,6
96478,4174,کهلیگ بلاغ,032532,6
96479,4174,گده کهریز,032535,6
96480,4174,گلسن گورسن,032539,6
96481,4174,زرگرگلی بلاغی,032541,6
96482,4174,گنلوجه,032544,6
96483,4174,گون پاپاق علیا,032545,6
96484,4174,لاله کهریزی,032549,6
96485,4174,محمودآباد/ نوری کندی,032552,6
96486,4174,مازافا,032554,6
96487,4174,ملالو,032557,6
96488,4174,عباس قشلاقی/ نوری کندی,032562,6
96489,4174,یوسف خان کندی,032566,6
96490,4174,چاخماق چوخور,331685,6
96491,4174,علی کهریزی,331687,6
96492,4174,مزرعه بزاقا,331689,6
96493,4174,تلکان,333189,6
96494,4174,قره گسک,337035,6
96495,4174,اسلام آباد,337163,6
96496,4174,پیرعلی,337164,6
96497,4174,الاچیق تپه سی,337179,6
96498,4174,قشلاقهای عربلو,337180,6
96499,4174,گوگ درق,824003,6
96500,4174,قوزی قوروقی,824004,6
96501,4175,پشتکوه,034844,6
96502,4175,داشبلاق کندی,034859,6
96503,4175,داشلی درق,034860,6
96504,4175,داغ کندی,034862,6
96505,4175,ساری قیه,034873,6
96506,4175,سردی,034875,6
96507,4175,صلوات,034888,6
96508,4175,عباسعلی کندی,034891,6
96509,4175,قزل قیه,034900,6
96510,4175,اسلام کندی,034912,6
96511,4175,کنده کندی,034920,6
96512,4175,کله درق,034926,6
96513,4175,گلی درق سفلی,034927,6
96514,4175,گلی درق علیا,034928,6
96515,4175,میرجعفرلو,034942,6
96516,4175,میرزاحسن کندی,034943,6
96517,4175,میرقهرمانلو,034944,6
96518,4175,نصیرکندی,034945,6
96519,4176,اکبرکندی,027925,6
96520,4176,برجلو,027929,6
96521,4176,چرچلو,027934,6
96522,4176,حرم علیاوحرم سفلی,027935,6
96523,4176,خرده قشلاق,027937,6
96524,4176,دیکدرق,027939,6
96525,4176,قره آغاج,027943,6
96526,4176,قره اغاج پشته,027944,6
96527,4176,کنچوبه,027949,6
96528,4176,گرده گل,027951,6
96529,4176,مشیران,027955,6
96530,4176,ویزدره,331662,6
96531,4176,ویزغایر/پشته قشلاقی,331668,6
96532,4176,کره ناب,331676,6
96533,4177,ساطی وسطی,026775,6
96534,4177,ساطی سفلی,026776,6
96535,4177,ساطی علیا,026777,6
96536,4177,میزان,026860,6
96537,4177,پاشالو,032737,6
96538,4177,اقچه لو,032739,6
96539,4177,انزان,032742,6
96540,4177,اهل ایمان,032744,6
96541,4177,بهرام کندی,032750,6
96542,4177,داغ کندی سفلی,032752,6
96543,4177,داغ کندی علیا,032753,6
96544,4177,تازه کندحاجی خان,032755,6
96545,4177,مزرعه چهاردیوار,032762,6
96546,4177,گندوز,032766,6
96547,4177,خان کندی,032768,6
96548,4177,دمیرچی کندی,032775,6
96549,4177,سلمان کندی,032776,6
96550,4177,ساوجبلاغ,032784,6
96551,4177,شمس آباد,032786,6
96552,4177,شیخلار,032787,6
96553,4177,علمدار,032790,6
96554,4177,کاظم آباد,032800,6
96555,4177,قینرجه,032801,6
96556,4177,کرکشه,032802,6
96557,4177,کلهر,032803,6
96558,4177,کلانپا,032805,6
96559,4177,کولگه لو,032807,6
96560,4177,کوه کنار,032808,6
96561,4177,مزرعه جهان,032814,6
96562,4177,مسجدلو,032816,6
96563,4177,گلستان,032819,6
96564,4177,نریمان کندی,032821,6
96565,4177,نیازسویی,032824,6
96566,4177,ینگجه,032826,6
96567,4177,اتشگاه جدید,331629,6
96568,4177,گوزدک,337084,6
96569,4177,شعبانلو,337086,6
96570,4177,آق دیوار,337152,6
96571,4178,احمدبیگلو,032734,6
96572,4178,باللوقیه,032748,6
96573,4178,بلوس,032749,6
96574,4178,تازه کندچای یورت,032756,6
96575,4178,تازه کندیوزباشی,032757,6
96576,4178,جلیل کندی,032760,6
96577,4178,جمال آباد,032761,6
96578,4178,حبش,032763,6
96579,4178,حصار,032764,6
96580,4178,عصراباد,032769,6
96581,4178,خنجر,032771,6
96582,4178,خورشیداباد,032772,6
96583,4178,سید کندی,032778,6
96584,4178,ساچلو,032781,6
96585,4178,میلی,032785,6
96586,4178,قرنلق دره,032792,6
96587,4178,گللرمحمدحسن,032809,6
96588,4178,مزرعه بشیر,032818,6
96589,4179,ارمارمشهدلو,034516,6
96590,4179,انگورد,034527,6
96591,4179,اولی کندی,034535,6
96592,4179,اون بیربیگ لو,034537,6
96593,4179,بشیرلوی سفلی,034543,6
96594,4179,بشیرلوی علیا,034544,6
96595,4179,بنه,034545,6
96596,4179,بیلداشی,034550,6
96597,4179,تازه کندلنگان,034558,6
96598,4179,تکدام,034562,6
96599,4179,تولون,034565,6
96600,4179,تولیر,034566,6
96601,4179,غفارکندی,034567,6
96602,4179,جین کندی,034569,6
96603,4179,چونزه سفلی,034571,6
96604,4179,چونزه علیا,034572,6
96605,4179,چونگنش,034573,6
96606,4179,قره قوچ /حجت آباد/,034575,6
96607,4179,خان کندی,034580,6
96608,4179,داش بلاغ,034582,6
96609,4179,دریامان,034586,6
96610,4179,دیزج,034590,6
96611,4179,رحیملو,034591,6
96612,4179,رفیع کندی /مزرعه رفیع کندی /,034593,6
96613,4179,سلیمانلو,034600,6
96614,4179,شوربلاغ,034614,6
96615,4179,عزیزلو,034621,6
96616,4179,قشلاق,034629,6
96617,4179,گیلارلو,034648,6
96618,4179,لسکه درق,034650,6
96619,4179,لله بلاغی,034651,6
96620,4179,لنگان,034652,6
96621,4179,مغوان,034655,6
96622,4179,مجیدلو,034656,6
96623,4179,تکانلو,035086,6
96624,4179,مزرعه خانلار,035117,6
96625,4179,مزرعه علی گشادفکری,035119,6
96626,4179,شهرک ولیعصر,337151,6
96627,4180,اژدرلو,034513,6
96628,4180,اوجاق الازار,034514,6
96629,4180,القناب,034522,6
96630,4180,امراهلو,034525,6
96631,4180,ایلخچی سفلی,034539,6
96632,4180,ایلخچی علیا,034540,6
96633,4180,حسن کندی,034576,6
96634,4180,حمزه خانلو,034577,6
96635,4180,خانبلاغی,034581,6
96636,4180,زنگیر,034596,6
96637,4180,قهرامانلو,034636,6
96638,4180,ماه پری,034654,6
96639,4180,مزارع گرمی,333372,6
96640,4181,اظماره سفلی,034518,6
96641,4181,اظماره علیا,034519,6
96642,4181,الیله سر,034523,6
96643,4181,الیله,034524,6
96644,4181,انی سفلی,034528,6
96645,4181,انی علیا,034529,6
96646,4181,انی وسطی,034530,6
96647,4181,بیعرق,034548,6
96648,4181,تازه کندقره بلاغ,034557,6
96649,4181,تپه,034560,6
96650,4181,تنگ,034564,6
96651,4181,چلک,034570,6
96652,4181,داشدیبی,034583,6
96653,4181,رمضانلو,034594,6
96654,4181,ساری درق,034598,6
96655,4181,شاون سفلی,034607,6
96656,4181,شاون علیا,034608,6
96657,4181,قره بلاغ,034625,6
96658,4181,قره یاتاق,034627,6
96659,4181,قنبرلو,034634,6
96660,4181,قوزلو,034635,6
96661,4181,گیگال,034647,6
96662,4182,قاطریوران سفلی,034217,6
96663,4182,قاطریوران علیا (یدی قارداش),034218,6
96664,4182,ارانچی,034515,6
96665,4182,انگورتلارسفلی,034526,6
96666,4182,بابی کندی,034541,6
96667,4182,بهرام آباد,034547,6
96668,4182,بیک باغی,034549,6
96669,4182,چونه خانلو,034574,6
96670,4182,حواس کندی,034578,6
96671,4182,خامسلو,034579,6
96672,4182,ساری نصیرلو,034599,6
96673,4182,سیدکندی,034603,6
96674,4182,شکراب,034609,6
96675,4182,شکرلوی سفلی,034610,6
96676,4182,شکرلوی علیا,034611,6
96677,4182,شوردرق انی,034615,6
96678,4182,صغیرلر,034617,6
96679,4182,عدالت قشلاقی,034620,6
96680,4182,فرضی کندی,034624,6
96681,4182,قزل گونی,034628,6
96682,4182,قشلاق مازان علیا,034633,6
96683,4182,کچلر,034637,6
96684,4182,کله سرسفلی,034640,6
96685,4182,کله سرعلیا,034641,6
96686,4182,مشهدلو,034657,6
96687,4182,نجفقلی قشلاقی,034662,6
96688,4182,نقاره,034663,6
96689,4182,هاچاکندتازه,034668,6
96690,4182,زارع آباد,035102,6
96691,4182,سیدآباد,333050,6
96692,4182,قشلاق مازان سفلی ی,337121,6
96693,4182,قشلاق حسنقلی,337144,6
96694,4183,ابراهیم کندی,035077,6
96695,4183,اسمعلی کندی,035080,6
96696,4183,اقداش علیا,035082,6
96697,4183,اقداش سفلی,035083,6
96698,4183,تکبلاغ شرفه,035087,6
96699,4183,توسانلوی برزند,035090,6
96700,4183,حاج احمدکندی,035093,6
96701,4183,دامداباجا,035097,6
96702,4183,دمیرچی دره سی سفلی,035099,6
96703,4183,دمیرچی دره سی علیا,035100,6
96704,4183,زرگربرزند,035101,6
96705,4183,شرفه,035103,6
96706,4183,شهماربیگلو,035105,6
96707,4183,طاوس دره سی,035107,6
96708,4183,علی محمدلو,035108,6
96709,4183,قاسم کندی,035109,6
96710,4183,قلعه برزند,035113,6
96711,4183,میکاییل دره سی,035121,6
96712,4183,نصراله بیگلو,035123,6
96713,4183,نوراله بیگلو,035124,6
96714,4183,مزرعه علی نبه سی,264022,6
96715,4183,ماکریوشوندره سی,264028,6
96716,4183,مزرعه چیت تومان,264029,6
96717,4184,افسوران,034520,6
96718,4184,اوچ اغاج,034531,6
96719,4184,اوچه,034532,6
96720,4184,اوماسلان علیا,034536,6
96721,4184,ایل خانلار,034538,6
96722,4184,بورک آباد,034546,6
96723,4184,پرمهر,034554,6
96724,4184,پیره خلیل,034555,6
96725,4184,پیله درق,034556,6
96726,4184,تازه کندموران,034559,6
96727,4184,تمرداش,034563,6
96728,4184,جنگان,034568,6
96729,4184,درمانلو,034584,6
96730,4184,دمیرچی سفلی,034588,6
96731,4184,دمیرچی علیا,034589,6
96732,4184,سیاوش کندی,034602,6
96733,4184,سیدلرزهرا,034604,6
96734,4184,سینه سر,034605,6
96735,4184,سیه,034606,6
96736,4184,شیلوه سفلی,034612,6
96737,4184,شیلوه علیا,034613,6
96738,4184,اوماسلان سفلی,034616,6
96739,4184,علی وردیلو,034623,6
96740,4184,کریملو,034639,6
96741,4184,کلان,034642,6
96742,4184,کلانسورا,034643,6
96743,4184,کولاتان,034645,6
96744,4184,لجایر,034649,6
96745,4184,مهره,034659,6
96746,4184,میخوش,034660,6
96747,4184,میراب,034661,6
96748,4184,وان سفلی,034664,6
96749,4184,وان علیا,034665,6
96750,4184,وانستانق,034666,6
96751,4184,هاچاکنددرمانلو,034667,6
96752,4184,همه شان,034670,6
96753,4184,یدی درق,034671,6
96754,4184,یل دگرمانی,034672,6
96755,4185,ازادلو,034517,6
96756,4185,اقاحسن بیگلو,034521,6
96757,4185,اورتاقشلاق/ اورتاقشلاق ایلخچی,034533,6
96758,4185,اروج آباد,034534,6
96759,4185,باقرلو,034542,6
96760,4185,اکبراباد,034551,6
96761,4185,پرچین سفلی,034552,6
96762,4185,پرچین علیا,034553,6
96763,4185,تپه باشی,034561,6
96764,4185,درویش گورنمز,034585,6
96765,4185,درین کبود,034587,6
96766,4185,رحیملوی موران,034592,6
96767,4185,زنگبار,034595,6
96768,4185,سلاله,034601,6
96769,4185,صمدلو,034618,6
96770,4185,عبابیگلو,034619,6
96771,4185,قره قشلاق,034626,6
96772,4185,قشلاق ایلخچی سفلی,034630,6
96773,4185,قشلاق ایلخچی علیا,034631,6
96774,4185,کردلر,034638,6
96775,4185,کمرقیه,034644,6
96776,4185,مهدی خانلو,034658,6
96777,4185,هادی بیگلو,034669,6
96778,4185,قشلاق قوزلو,332945,6
96779,4186,قوجابیگلو,033379,6
96780,4186,اجیرلو / ابراهیم آبادقدیم/,033384,6
96781,4186,اورتلو/سلمان آباد/,033404,6
96782,4186,ایران آباد,033412,6
96783,4186,بهرام آباد,033422,6
96784,4186,پاراقشلاق,033424,6
96785,4186,پتلی کند,033430,6
96786,4186,تازه آباد,033433,6
96787,4186,تازه کندکیان,033436,6
96788,4186,تکه چی,033441,6
96789,4186,حاجی جعفرکندی,033454,6
96790,4186,حمداله آباد,033461,6
96791,4186,خان قشلاقی 1,033462,6
96792,4186,دوست کندی,033469,6
96793,4186,عبدالرضااباد,033484,6
96794,4186,عربلوکندی,033485,6
96795,4186,قطاراباد,033706,6
96796,4186,گوشلو,033725,6
96797,4186,مجیدآباد,033727,6
96798,4186,ملاکندی,033735,6
96799,4187,ابراهیم آبادجدید,033380,6
96800,4187,اسلام آبادسفلی,033392,6
96801,4187,ایازکندی,033410,6
96802,4187,اموزشکده کشاورزی دانشگاه محقق اردبیل,033414,6
96803,4187,پیرایواتلو,033432,6
96804,4187,سلمان آباد/سلمان کندی /,033475,6
96805,4187,عباداباد,033483,6
96806,4187,قره داغلو,033495,6
96807,4187,لوله درق حاج نجف,033726,6
96808,4187,مجتمع اموزش جهادکشاورذی مغان,332891,6
96809,4187,فرودگاه مغان,332892,6
96810,4187,قشلاق اسلام آبادشماره 3,332895,6
96811,4187,قشلاق اسلام آبادشماره 2,332896,6
96812,4187,نیروگاه مغان,332900,6
96813,4187,دفترمرکزی کشت وصنعت دامپروری مغان,332903,6
96814,4187,کمپ دریاچه اموراب مغان,332906,6
96815,4188,اسماعیل کندی,033395,6
96816,4188,حاجی مرتضی کندی,033457,6
96817,4188,حلاج آباد,033460,6
96818,4188,محمودابادطالقانی,033730,6
96819,4188,قشلاق امیرخانلوقره سقل,033743,6
96820,4188,قشلاق امیرخانلوحاجی شکر,033744,6
96821,4188,قشلاق امیرخانلوحاجی تاپدوق,033745,6
96822,4188,قشلاق امیرخانلومحرم آباد,033747,6
96823,4188,قشلاق امیرخانلوپل رحمان,033749,6
96824,4188,قشلاق سرودلو کندی,337145,6
96825,4189,اوزن قویی یک,033407,6
96826,4189,اوزون قویی دو,033408,6
96827,4189,تکله بخش 1,033438,6
96828,4189,تکله عباس آبادسفلی,033439,6
96829,4189,تکله عباس آبادعلیا,033440,6
96830,4189,عنبرلو,033487,6
96831,4189,فیروزاباد,033490,6
96832,4189,تکله بخش 2,033494,6
96833,4189,قشلاق سلمان والمان,033508,6
96834,4189,قشلاق حاجی عوض,033604,6
96835,4189,کارگاه انبارهای اداری /دفترمرکزی باغ,332874,6
96836,4189,نیروگاه جعفراباد,332877,6
96837,4189,پمپاژاب شماره 5پارس,332878,6
96838,4189,دریچه تنظیم اب کانال,332879,6
96839,4189,قشلاق بهمن شیر,337101,6
96840,4190,اسلام آبادجدید,033391,6
96841,4190,اوزن تپه سفلی,033405,6
96842,4190,اوزن تپه علیا,033406,6
96843,4190,توپراق کندی,033442,6
96844,4190,حاج حسن کندی,033455,6
96845,4190,خلیل کندی /محتشم کندی /,033728,6
96846,4190,ایستگاه تحقیقات کشاورزی مغان,033732,6
96847,4190,هزارکندی,033739,6
96848,4190,هاوارکندی قشلاقی,033740,6
96849,4190,رحیم کندی,332915,6
96850,4191,ابراهیم کندی سفلی /شماره 3,033381,6
96851,4191,ابراهیم کندی علیا/شماره 1,033382,6
96852,4191,ابراهیم کندی وسطی/ شماره 2,033383,6
96853,4191,اروج قشلاق حاج اسماعیل,033385,6
96854,4191,اروج قشلاق حاج الماس خان,033386,6
96855,4191,اروج قشلاق حاج عمران,033387,6
96856,4191,اروج قشلاق مراد,033388,6
96857,4191,قشلاق قراوغلی جبار,033450,6
96858,4191,قشلاق حاجی ایمانکندی علیا,033453,6
96859,4191,شهرک غربی,033478,6
96860,4191,قشلاق تومارحاج غایب,033481,6
96861,4191,قشلاق ایاق ایری حاج قارداش علی,033523,6
96862,4191,قشلاق حاج الماس خان,033564,6
96863,4191,قشلاق حاج امیرفرمان,033567,6
96864,4191,قشلاق حاج امیرمحرم,033568,6
96865,4191,قشلاق حاج امیرمشهدی صفر,033569,6
96866,4191,قشلاق حاجی دولت بدر,033574,6
96867,4191,قشلاق حاج دولت سواد,033575,6
96868,4191,قشلاق حاج شیرین ارشد,033578,6
96869,4191,قشلاق حاج شیرین مصیب,033579,6
96870,4191,قشلاق حاج علی قلی ایاز,033582,6
96871,4191,قشلاق حاج علی قلی جعفر,033584,6
96872,4191,قشلاق حاج علی قلی جلال وخان اقا,033585,6
96873,4191,قشلاق حاج علی قلی عبدل,033587,6
96874,4191,قشلاق حاج فتحعلی,033588,6
96875,4191,قشلاق حاج فتحعلی منصور,033589,6
96876,4191,قشلاق حاج محمود,033590,6
96877,4191,قشلاق حاجی حسن,033600,6
96878,4191,قشلاق حاجی حسن حاج اسلام,033601,6
96879,4191,قشلاق حاجی قوجاخان,033606,6
96880,4191,قشلاق خلیل لوغلام,033620,6
96881,4191,قشلاق خلیل لوحیدر,033621,6
96882,4191,قشلاق صوفیلارحاج میرزاعلی اقا,033639,6
96883,4191,قشلاق صوفیلارحمید,033640,6
96884,4191,قشلاق قره تپه تماق علی,033670,6
96885,4191,قشلاق قره تپه ملک لر,033671,6
96886,4191,قشلاق گونشلی,033688,6
96887,4191,قشلاق لوله دره جمشید,033689,6
96888,4191,قشلاق لوله دره حاجی حسن,033690,6
96889,4191,قشلاق ملک کندی,033695,6
96890,4191,قشلاق قیطرانلوحاج محمدکندی,033718,6
96891,4191,قشلاق خلیلوعزیز,332917,6
96892,4191,قشلاق حاج ایمانلومحتمن,332922,6
96893,4191,ق قراوغلی ایبی,332923,6
96894,4191,ق توماراقاخان,332924,6
96895,4191,ق قیطرانلوسلطانی,332925,6
96896,4191,قشلاق باباخان,332931,6
96897,4191,قشلاق حاج دولت احمد,332934,6
96898,4191,قشلاق حاج دولت یداله,332935,6
96899,4191,ایستگاه ازدیادبذرنباتات علوفه ای,333259,6
96900,4191,قشلاق حاج تومارحاج جمشیدشهبازی,333266,6
96901,4191,قشلاق تومارحاج سعد,333267,6
96902,4191,قشلاق دولت حاج خان احمد,337023,6
96903,4191,قشلاق مهرعلی کندی,337173,6
96904,4191,قشلاق ایوب گیکلو,337174,6
96905,4191,قشلاق حاتم,337175,6
96906,4192,پیرزمان,024788,6
96907,4192,گلین قشلاقی,024825,6
96908,4192,ترکه ده,025228,6
96909,4192,جعفرلو,025231,6
96910,4192,قرخ بلاغ,025259,6
96911,4192,نرلو,025284,6
96912,4192,آغچه قشلاق سفلی,030472,6
96913,4192,آغچه قشلاق علیا,030473,6
96914,4192,ارپاچایی,030476,6
96915,4192,اقباش,030483,6
96916,4192,النکش,030486,6
96917,4192,الو,030487,6
96918,4192,بناماران,030494,6
96919,4192,بنیاداباد,030496,6
96920,4192,خلفلو,030517,6
96921,4192,زاویه کرد,030522,6
96922,4192,سقاواز,030527,6
96923,4192,الی کندی,030541,6
96924,4192,قلعه جوق,030549,6
96925,4192,کرندق,030557,6
96926,4192,گزورسفلی,030564,6
96927,4192,گزورعلیا,030565,6
96928,4192,مجدر,030574,6
96929,4192,مرادخانی,030575,6
96930,4192,مرشت,030576,6
96931,4192,نوده,030586,6
96932,4192,وچین,030589,6
96933,4193,گل قشلاق,025272,6
96934,4193,ابلی سفلی,030470,6
96935,4193,ابلی علیا,030471,6
96936,4193,اسفرنجان,030477,6
96937,4193,افتابه,030479,6
96938,4193,آقامیرلو,030482,6
96939,4193,اوچبلاغ,030491,6
96940,4193,باغچه چیق,030493,6
96941,4193,پارس آباد,030499,6
96942,4193,پردستلو,030501,6
96943,4193,پرگو,030502,6
96944,4193,پیراغاج,030504,6
96945,4193,پیربداغ /پیربلاغ /,030506,6
96946,4193,پیره نی,030507,6
96947,4193,تبریزق,030508,6
96948,4193,توشمانلو,030509,6
96949,4193,جغناب,030511,6
96950,4193,سنگ آباد,030530,6
96951,4193,سوته زار,030531,6
96952,4193,سوره برق,030532,6
96953,4193,شویر,030535,6
96954,4193,شهسوارلو/اسلام آباد/,030536,6
96955,4193,عرصه دوگاه,030538,6
96956,4193,علی آباد,030540,6
96957,4193,فاراب,030543,6
96958,4193,قره قشلاق,030546,6
96959,4193,قشلاق اروج,030548,6
96960,4193,کجین,030554,6
96961,4193,گنجگاه,030568,6
96962,4193,لکندشت /لگندشت /,030572,6
96963,4193,نصیرآباد,030584,6
96964,4193,نیلق,030587,6
96965,4193,نی احمدبیگ,030588,6
96966,4193,هریس,030590,6
96967,4193,هواشانق,030592,6
96968,4193,چالگرود,030833,6
96969,4193,گل تپه,030852,6
96970,4193,ابگرم گیوی,337167,6
96971,4194,احمدآباد,030474,6
96972,4194,بورستان,030497,6
96973,4194,دولت آباد,030520,6
96974,4194,رستم آباد,030521,6
96975,4194,زرج آباد,030523,6
96976,4194,زاویه زرج آباد,030526,6
96977,4194,سولوگلی گل,030529,6
96978,4194,شرج آباد,030533,6
96979,4194,صوفلو,030537,6
96980,4194,قالین قیه,030545,6
96981,4194,قوزلو,030551,6
96982,4194,گیلان دوز,030569,6
96983,4194,ناوند,030583,6
96984,4195,دوگر,030363,6
96985,4195,ام آباد,030475,6
96986,4195,اصفهااباد,030478,6
96987,4195,افشارعلیا,030481,6
96988,4195,امیرآباد,030488,6
96989,4195,ایلخچی,030492,6
96990,4195,بنه خلخال,030495,6
96991,4195,خلیفه چای,030518,6
96992,4195,زند,030525,6
96993,4195,سکراباد,030528,6
96994,4195,شرف آباد,030534,6
96995,4195,عظیم آباد (تی تی آباد),030539,6
96996,4195,علاالدین,030542,6
96997,4195,کچل درق,030555,6
96998,4195,کمق,030562,6
96999,4195,گرگ آباد/سعیداباد/,030563,6
97000,4195,گلی جان,030567,6
97001,4195,لکوان,030571,6
97002,4195,مشکول,030577,6
97003,4195,میکاییل آباد,030580,6
97004,4195,ناطور,030582,6
97005,4195,هشین,030591,6
97006,4195,ینگجه قشلاق,030593,6
97007,4195,پیرتقی,330914,6
97008,4195,زناب,337161,6
97009,4196,تیغیه,024944,6
97010,4196,حور,024949,6
97011,4196,رز,024964,6
97012,4196,سقزچی,024970,6
97013,4196,کوه سنگر,333342,6
97014,4197,ارخازلو,024722,6
97015,4197,اغبلاغ مصطفی خان,024726,6
97016,4197,تازه کندلقمان آباد,024733,6
97017,4197,جابلو,024734,6
97018,4197,خلیفه لو,024736,6
97019,4197,قره تپه,024738,6
97020,4197,قره حسنلو,024739,6
97021,4197,مرنی,024744,6
97022,4197,میرزارحیملو,024745,6
97023,4197,الادیزگه,024932,6
97024,4197,ایریل,024936,6
97025,4197,بریس,024937,6
97026,4197,دورجین,024962,6
97027,4197,سعیدآباد,024969,6
97028,4197,سوها,024974,6
97029,4197,قره چناق,024985,6
97030,4197,گرم چشمه,025001,6
97031,4197,محمودآباد,025004,6
97032,4197,نیارق,025015,6
97033,4197,یونجالو,025019,6
97034,4198,انزاب سفلی /پایین انزاب /,024729,6
97035,4198,ینگجه ملامحمدرضا,024746,6
97036,4198,تپه,024943,6
97037,4198,اغزمان کندی,024953,6
97038,4198,دولت آباد,024963,6
97039,4198,ساقصلو,024966,6
97040,4198,سربند,024967,6
97041,4198,علی بلاغی,024979,6
97042,4198,نوجه ده,025012,6
97043,4198,دوشان بلاغی,032475,6
97044,4198,لرون,032548,6
97045,4198,یاجلو,032564,6
97046,4198,یزن آباد,032565,6
97047,4199,اقایارلو,024931,6
97048,4199,اوچ بلاغ,024934,6
97049,4199,اورنج,024935,6
97050,4199,بویاقچی لو/بویاغچلو/,024938,6
97051,4199,پیرجوار,024941,6
97052,4199,پیرزاده,024942,6
97053,4199,خانکندی,024952,6
97054,4199,خلیل کندی,024955,6
97055,4199,خوش آباد,024957,6
97056,4199,سلوط,024971,6
97057,4199,سیف آباد,024975,6
97058,4199,صالح قشلاقی,024977,6
97059,4199,علی کمر,024980,6
97060,4199,فتح مقصود,024983,6
97061,4199,قشلاق چای,024988,6
97062,4199,قلیچ قشلاقی /قلنج قشلاق /,024991,6
97063,4199,گلندرق علیا/کولاندرق بالا/,024997,6
97064,4199,گلندرق سفلی /کولاندرق پایین /,024998,6
97065,4199,گرده,025000,6
97066,4199,گودلر,025003,6
97067,4199,مسجدمحله /مسجدمحله سی /,025006,6
97068,4199,نظرعلی کندی,025010,6
97069,4199,نوشنق,025014,6
97070,4199,هشنه,025016,6
97071,4199,یوزباش محله سی,025018,6
97072,4199,قاضی کندی,330157,6
97073,4199,قلعه,330158,6
97074,4199,کارخانه سیمان اردبیل,337177,6
97075,4200,اولاغان,024730,6
97076,4200,ارپاتپه سی,024930,6
97077,4200,پته خور,024939,6
97078,4200,جگرکندی,024945,6
97079,4200,جله گران,024946,6
97080,4200,خانقاه سفلی,024950,6
97081,4200,خانقاه علیا,024951,6
97082,4200,خشحیران,024954,6
97083,4200,دگرماندرق,024959,6
97084,4200,دودران,024961,6
97085,4200,سولیدرق,024972,6
97086,4200,سولا,024973,6
97087,4200,کریم کندی /دیمه داغل,024993,6
97088,4200,کله سر/کلاسر/,024995,6
97089,4200,کنازق,024996,6
97090,4200,گللو,025002,6
97091,4200,مهدی پستی,025007,6
97092,4200,ننه کران,025011,6
97093,4200,نوده,025013,6
97094,4200,ینگجه,025017,6
97095,4200,طرح منابع طبیعی,330066,6
97096,4201,عنبران علیا,024982,6
97097,4201,قشلاق پلازیر,024987,6
97098,4201,قشلاق سراباد,024989,6
97099,4202,جید,024947,6
97100,4202,کلش,024994,6
97101,4202,میرزانق,025008,6
97102,4202,مین آباد,025009,6
97103,4203,اسلام آباد,025122,6
97104,4203,ایرنجی,025128,6
97105,4203,بوران,025131,6
97106,4203,پیرنق,025132,6
97107,4203,دیمان,025135,6
97108,4203,سرخاب,025138,6
97109,4203,قره تپه,025142,6
97110,4203,کله سر,025146,6
97111,4203,کمال آباد,025147,6
97112,4203,کندوان,025148,6
97113,4203,گلوجه گلجه,025150,6
97114,4203,گوگرچین,025151,6
97115,4203,گوگه,025152,6
97116,4203,لای,025154,6
97117,4203,مزرعه,025155,6
97118,4203,میمند,025156,6
97119,4203,علی آباد,025159,6
97120,4203,ویرسق,025160,6
97121,4204,ایناللو,024676,6
97122,4204,رضاقلی قشلاقی,024683,6
97123,4204,جوراب,025133,6
97124,4204,شیرین بلاغ,025141,6
97125,4204,یامچی سفلی,025161,6
97126,4204,یامچی علیا,025162,6
97127,4204,اجغاز,025215,6
97128,4204,تجرق,025227,6
97129,4204,تک بلاغ,025229,6
97130,4204,چای سقرلو,025237,6
97131,4204,دیم سقرلو,025248,6
97132,4204,شیران,025256,6
97133,4204,گلستان,025273,6
97134,4205,ولی عصر(ایلانجوق ),025129,6
97135,4205,برجلو,025130,6
97136,4205,خانم بالاکندی,025134,6
97137,4205,اباذر,025206,6
97138,4205,بلقیس آباد,025219,6
97139,4205,چهره برق,025238,6
97140,4205,سقزچی,025252,6
97141,4205,سوغانلو,025253,6
97142,4205,قره شیران,025260,6
97143,4205,کورعباسلو,025270,6
97144,4205,مجمیر,025276,6
97145,4205,مجیدآباد,025277,6
97146,4205,مستان آباد,025280,6
97147,4205,مشتقین,025281,6
97148,4206,اق درق,024774,6
97149,4206,اق گونی,024775,6
97150,4206,خانقشلاقی,024797,6
97151,4206,ملااحمد,024833,6
97152,4206,مهماندوست سفلی,024834,6
97153,4206,مهماندوست علیا,024835,6
97154,4206,امین آباد,025213,6
97155,4206,امین لو,025214,6
97156,4206,اوزان بلاغ,025216,6
97157,4206,اینچه,025217,6
97158,4206,بوسجین,025220,6
97159,4206,تاج بیوک,025226,6
97160,4206,جین قشلاقی,025236,6
97161,4206,خانه شیر,025241,6
97162,4206,شمس آباد,025255,6
97163,4206,قره قاشلو,025261,6
97164,4206,قیه قشلاقی,025265,6
97165,4206,کلش بزرگ,025268,6
97166,4206,کهریز,025271,6
97167,4206,مولان سفلی,025282,6
97168,4206,مولان علیا,025283,6
97169,4206,هوادرق,025286,6
97170,4206,خواجه ییم,330044,6
97171,4207,اغچه کهل,025207,6
97172,4207,اق چای سفلی,025210,6
97173,4207,اق چای علیا,025211,6
97174,4207,اق چای وسطی,025212,6
97175,4207,پارچین,025221,6
97176,4207,پیله سهران,025222,6
97177,4207,تازه قشلاق,025225,6
97178,4207,توتونسز,025230,6
97179,4207,جق جق علیا,025233,6
97180,4207,جق جق وسطی,025234,6
97181,4207,جلوگیر,025235,6
97182,4207,حاجی محمود,025239,6
97183,4207,خادم لو,025240,6
97184,4207,خراییم,025243,6
97185,4207,دابانلو,025244,6
97186,4207,داش بلاغ,025245,6
97187,4207,دگمه داغیلدی,025246,6
97188,4207,دوشانلو/دوشانجق /,025247,6
97189,4207,سایین,025249,6
97190,4207,سعیدخانلو,025250,6
97191,4207,سقدل,025251,6
97192,4207,سیاه پوش,025254,6
97193,4207,صادقلو,025257,6
97194,4207,قاسم قشلاقی,025258,6
97195,4207,قلعه جوق,025262,6
97196,4207,قورتولموش,025263,6
97197,4207,قنان قران,025264,6
97198,4207,کچل آباد,025266,6
97199,4207,کریق بزرگ,025267,6
97200,4207,گلی,025274,6
97201,4207,وکیل آباد,025285,6
97202,4207,پیله سهران خرابه,337038,6
97203,4208,اق قلعه,024673,6
97204,4208,بیله درق,024677,6
97205,4208,کرده ده,024690,6
97206,4208,کلخوران ویند,024691,6
97207,4208,کنزق,024693,6
97208,4208,ورنیاب,024694,6
97209,4208,ویندکلخوران,024696,6
97210,4208,لاطران,025153,6
97211,4209,اسب مرز,025121,6
97212,4209,الداشین,025124,6
97213,4209,الوارس,025125,6
97214,4209,اوجور,025126,6
97215,4209,شایق,025139,6
97216,4209,گازیر,025149,6
97217,4209,ورگه سران,025157,6
97218,4210,اندراب,024523,6
97219,4210,دراباد,024529,6
97220,4210,شمس آباد,024534,6
97221,4210,کلور,024540,6
97222,4211,اتشگاه,024516,6
97223,4211,الوچه سبلان,024521,6
97224,4211,ارجستان,024672,6
97225,4211,ایران دره سی,024675,6
97226,4211,بنمارسبلان,024678,6
97227,4211,تازه کندسبلان,024680,6
97228,4211,سامانلوی بزرگ,024685,6
97229,4211,سیین,024686,6
97230,4212,اسکو علیا_ محمد حسنلو,026190,6
97231,4212,اسکو سفلی _ مدینه قشلاقی,026191,6
97232,4212,کچی قشلاقی سفلی,026350,6
97233,4212,اسدقشلاقی 1,033389,6
97234,4212,اسدکندی,033390,6
97235,4212,افچی,033397,6
97236,4212,ایدیرسفلی,033411,6
97237,4212,باغشلوکندی,033415,6
97238,4212,بوزچه سفلی,033419,6
97239,4212,بوزچه علیا,033420,6
97240,4212,پلنگلو,033431,6
97241,4212,تربت کندی,033437,6
97242,4212,سیف خانلو,033479,6
97243,4212,عیوض لو,033488,6
97244,4212,قارشقاتپه سی سفلی,033491,6
97245,4212,قره قباق علیا /اژدربیگلو,033497,6
97246,4212,قشلاق گدایلو,033680,6
97247,4212,کورلار,033720,6
97248,4212,گدایلو,033722,6
97249,4212,مقصودلوی سفلی,033734,6
97250,4212,قشلاق احمدی,033757,6
97251,4212,مقصودلوی وسطی,332806,6
97252,4212,مقصودلوی علیا,332807,6
97253,4212,اسدقشلاقی 2,332809,6
97254,4212,اسدقشلاقی شماره3,332810,6
97255,4212,قشلاق قهرمانلو,332814,6
97256,4212,قشلاق بوزچه سفلی 1,332816,6
97257,4212,قشلاق بوزچه علیا,332825,6
97258,4212,قشلاق سیف خانلو1,332826,6
97259,4212,قشلاق سیف خانلو2,332827,6
97260,4212,پادگان مرزی اصلاندوز,332831,6
97261,4212,کچی قشلاقی وسطی,332852,6
97262,4212,کچی قشلاقی علیا,332853,6
97263,4212,ایدیرعلیا,333379,6
97264,4212,قشلاق گبلو,337102,6
97265,4212,بوزچه وسطی,337120,6
97266,4213,اق قباق سفلی,033398,6
97267,4213,اق قباق علیا,033399,6
97268,4213,اق قباق وسطی,033401,6
97269,4213,حاج امیرکندی,033403,6
97270,4213,تیمورکندی,033444,6
97271,4213,قشلاق حاج اسپرکندی,033451,6
97272,4213,حسین قشلاقی گورابازلو,033458,6
97273,4213,حسین قشلاقی حاج خواجه لو,033459,6
97274,4213,محبوب کندی,033463,6
97275,4213,خانلرقشلاقی حاج بالابیگ لو,033464,6
97276,4213,سرخای بیگلو,033473,6
97277,4213,عمران آباد,033486,6
97278,4213,قشلاق حاج اقاقلی,033563,6
97279,4213,قشلاق حاجی بایندر,033596,6
97280,4213,قلیچ خان کندی,033707,6
97281,4213,گورشادکندی,033724,6
97282,4213,نورمحمدکندی سفلی,033737,6
97283,4213,قشلاق بالاجا,332794,6
97284,4213,نورمحمدکندی وسطی,332804,6
97285,4213,نورمحمدکندی علیا,332805,6
97286,4213,قشلاق حاجی نصی,333256,6
97287,4213,خانلارقشلاقی حاج الم قلی,333377,6
97288,4213,قشلاق حاج میصرکندی,337172,6
97289,4213,بهرام کندی,824010,6
97290,4214,بران سفلی,033417,6
97291,4214,قارشقاتپه سی علیا,033492,6
97292,4214,قره تکانلو,033493,6
97293,4214,قشلاق الاپاپاخ,033516,6
97294,4214,قشلاق ایری دره حاج چاپار,033524,6
97295,4214,قشلاق ایری دره حاج محبت,033525,6
97296,4214,قشلاق تولکیوگوجه لر,033550,6
97297,4214,قشلاق تولکیلوگلمرادی,033551,6
97298,4214,قشلاق چوخلی قویی بهادروهمت,033554,6
97299,4214,قشلاق چوخلی قویی حاج اکبر,033555,6
97300,4214,قشلاق چوخلی قویی خداش,033556,6
97301,4214,قشلاق چوخلی قویی حاج حسن اختری,033557,6
97302,4214,قشلاق چوخلی قویی حاج رمضان,033558,6
97303,4214,قشلاق حاج طالب,033580,6
97304,4214,قشلاق حاجی بالاخان,033595,6
97305,4214,قشلاق حاجی غلام,033599,6
97306,4214,الم لوتبریز,033646,6
97307,4214,الم لوشاه علی,033649,6
97308,4214,قشلاق فرج اله حاج سارخان,033657,6
97309,4214,قشلاق فرج اله حسن,033658,6
97310,4214,قشلاق فرج اله قدیر,033659,6
97311,4214,قشلاق فرج اله نماز,033660,6
97312,4214,قشلاق کاظم اوغلان,033675,6
97313,4214,قشلاق کاظم اوغلان اصغر,033676,6
97314,4214,قشلاق ایاق ایری حاج محمدعلی,033691,6
97315,4214,قشلاق موزوهلر,033701,6
97316,4214,قوشاقشلاق حسن,033711,6
97317,4214,قشلاق چوخلی قویی حسین اق باشلار,033750,6
97318,4214,قشلاق اجاق 1,033751,6
97319,4214,قشلاق چوخلی قویی حاج حسنعلی,033753,6
97320,4214,قشلاق تره چی,033754,6
97321,4214,قشلاق جلیلو,033755,6
97322,4214,قشلاق حاجی پنجالو,033756,6
97323,4214,قشلاق حاج نصرت,332799,6
97324,4214,قشلاق اله وردی,332801,6
97325,4214,اسماعیل کندی1,332820,6
97326,4214,اسماعیل کندی2,332821,6
97327,4214,قشلاق قره تکانلوخیراله,332822,6
97328,4214,قشلاق قره تکانلوامراله,332823,6
97329,4215,گوزلی,026353,6
97330,4215,قشلاق غایب ومحمدعلی,033445,6
97331,4215,دوه دره سی,033470,6
97332,4215,ساری قشلاق,033472,6
97333,4215,قشلاق اغ کهل / حسن کهل/,033509,6
97334,4215,قشلاق ایمان قویی محمدجلیلی,033526,6
97335,4215,قشلاق ایمان قویی مشهدعلی,033527,6
97336,4215,قشلاق تک قویی مطلب وعلی خان,033548,6
97337,4215,قشلاق تکقویی قره پیران حضرتقلی,033549,6
97338,4215,قشلاق ساری قویی احمدخان,033625,6
97339,4215,قشلاق ساری قویی زاهد,033626,6
97340,4215,قشلاق ساری قویی شاه مار,033627,6
97341,4215,قشلاق ساری قویی میکاییل,033628,6
97342,4215,قشلاق سوموکلوحیدر,033629,6
97343,4215,قشلاق سوموکلوجلیل,033630,6
97344,4215,قشلاق سوموکلومعیر,033631,6
97345,4215,قشلاق قبله گاه اله وردی وپاپر,033666,6
97346,4215,قشلاق قبله گاه عباسعلی,033667,6
97347,4215,قشلاق قبله گاه علی اصلان,033668,6
97348,4215,قشلاق قبله گاه گل اصلان,033669,6
97349,4215,قشلاق قنبرلوحاج محمدحسن,033673,6
97350,4215,قشلاق قنبرلورستم قنبرلوی وسطی,033674,6
97351,4215,قشلاق قنبرلوی علیا,033708,6
97352,4215,کل تپه,033723,6
97353,4215,تقی کندی,033741,6
97354,4215,امیرخانلو,332803,6
97355,4215,دلیک یارقان,332866,6
97356,4215,قشلاق تک قویی قره پیران,332939,6
97357,4216,برون قشلاق سفلی,034152,6
97358,4216,کهل قشلاق,034296,6
97359,4216,اروج علیلو,034836,6
97360,4216,اوچبلاغ,034841,6
97361,4216,پنجه علی خرابه سی,034845,6
97362,4216,پیرلو,034846,6
97363,4216,تکبلاغ انگوت,034849,6
97364,4216,تپلقا,034850,6
97365,4216,صیاداباد,034851,6
97366,4216,جبیلو,034853,6
97367,4216,جدا,034854,6
97368,4216,خان محمدلو,034858,6
97369,4216,داشقاپو,034861,6
97370,4216,درگاهلو,034864,6
97371,4216,شاعرلو,034882,6
97372,4216,شوردرق سفلی,034883,6
97373,4216,شوردرق علیا,034884,6
97374,4216,شهبازلو,034886,6
97375,4216,عباس علیلو,034890,6
97376,4216,اصغرخانلو,034892,6
97377,4216,قربانلو,034895,6
97378,4216,قشلاق بخشعلی,034903,6
97379,4216,قشلاق جدا/جداقشلاقی /,034905,6
97380,4216,قیلولو,034915,6
97381,4216,کورامالو,034921,6
97382,4216,گرمی انگوت,034924,6
97383,4216,ماراللوی جعفرقلی خانلو,034938,6
97384,4216,ملالو/مالالار/,034941,6
97385,4216,هدیلو,034949,6
97386,4216,یل سویی,034954,6
97387,4216,احدبیگلو,035078,6
97388,4216,ارزنق,035079,6
97389,4216,اقاوردیلو,035081,6
97390,4216,تکه چی,035088,6
97391,4216,تکدام برزند,035089,6
97392,4216,جهانگیرلو,035091,6
97393,4216,چنار,035092,6
97394,4216,حسین خانلو,035094,6
97395,4216,خانعلی دره سی,035095,6
97396,4216,داشبلاغ برزند,035096,6
97397,4216,درگاهلوی برزند,035098,6
97398,4216,شعبانلو,035104,6
97399,4216,صالح بیگلو,035106,6
97400,4216,قباله کندی,035110,6
97401,4216,قطارسفلی,035111,6
97402,4216,قطارعلیا,035112,6
97403,4216,ماراللوی کلبلو,035114,6
97404,4216,محمدتقی کندی,035115,6
97405,4216,منصورلو,035120,6
97406,4216,نریمان,035122,6
97407,4216,برون قشلاق علیا,035125,6
97408,4216,محمدقلی بیگ لو,333048,6
97409,4217,ایستی باغچه,027633,6
97410,4217,چاروق داش,027642,6
97411,4217,خسبک,027643,6
97412,4217,فرخ لو,027651,6
97413,4217,ولی بیگلو,027672,6
97414,4217,ادام دره سی سفلی,034834,6
97415,4217,ادام دره سی علیا,034835,6
97416,4217,اغ تپه,034837,6
97417,4217,اللهیارلو,034839,6
97418,4217,انجیرلو,034840,6
97419,4217,پیره پیرلو,034847,6
97420,4217,دانیال,034863,6
97421,4217,دلیک داش,034865,6
97422,4217,دومولی,034868,6
97423,4217,زاویه سنگ,034869,6
97424,4217,قشلاق زاویه / زاویه قشلاق,034870,6
97425,4217,شهیدمحمدپور / سامانلو/,034874,6
97426,4217,قشلاق سولی بر,034879,6
97427,4217,سیدجوادلو,034880,6
97428,4217,سیدمحمدلو,034881,6
97429,4217,شورستان,034885,6
97430,4217,شیخ رضی,034887,6
97431,4217,قارقشلاقی,034894,6
97432,4217,قره اغاج بالا,034897,6
97433,4217,قره اغاج پایین,034898,6
97434,4217,قلیچ خانلو,034910,6
97435,4217,قوری درق,034911,6
97436,4217,قوزلو,034914,6
97437,4217,کردکندی,034918,6
97438,4217,کلانتر,034919,6
97439,4217,کهنه کند,034922,6
97440,4217,کینو,034923,6
97441,4217,گلین بلاغی,034925,6
97442,4217,چنار,034929,6
97443,4217,گوده کهریز,034930,6
97444,4217,گونی کند,034931,6
97445,4217,قشلاق لیقنچی,034935,6
97446,4217,لاچین دره سی,034936,6
97447,4217,مردان,034939,6
97448,4217,مسجدلو,034940,6
97449,4217,نولو/ اسمعلی کندی,034947,6
97450,4217,ولیلو,034948,6
97451,4217,هیبت سفلی,034951,6
97452,4217,هیبت علیا,034952,6
97453,4217,هیزان,034953,6
97454,4217,پلنگلو,035085,6
97455,4217,قشلاق هلان,330374,6
97456,4217,قشلاق تیلاندار,333139,6
97457,4217,عمارت,333140,6
97458,4217,بیش دیبک,337091,6
97459,4217,گردوس,824008,6
97460,4218,حاجی عباس کندی,033456,6
97461,4218,دیک داش,033471,6
97462,4218,قشلاق اقابابا,033480,6
97463,4218,قویطول,033716,6
97464,4218,قشلاق دولاما,033717,6
97465,4218,چنار,034170,6
97466,4218,اقامحمدبیگلو,034838,6
97467,4218,ایلخچی /قشلاق ایلخچی /,034842,6
97468,4218,تولان,034852,6
97469,4218,دلیکیارقان,034866,6
97470,4218,سلوک قشلاقی,034877,6
97471,4218,عالی قاپو,034889,6
97472,4218,قراجه اغل,034896,6
97473,4218,قشلاق علیا/دوزقشلاق,034909,6
97474,4218,قورتلوقشلاق,034913,6
97475,4218,گچی قشلاق امیرلو,034916,6
97476,4218,کدخدالو,034917,6
97477,4218,لکوان,034934,6
97478,4218,مال قشلاقی,034937,6
97479,4218,قشلاق عبا,333100,6
97480,4218,قشلاق حاجی عباس,333129,6
97481,4218,قشلاق قره سقال,333136,6
97482,4218,نادرقشلاقی,333137,6
97483,4218,گچی قشلاق حاج محمدلو,333141,6
97484,4218,باغشلو,333142,6
97485,4218,قشلاق حاجی صمید,333383,6
97486,4219,جلدک,034855,6
97487,4219,جمولو کندی /جملو,034856,6
97488,4219,چات قشلاق بالا,034857,6
97489,4219,سرواغاجی /سلیم اغاجی /,034876,6
97490,4219,قره خان بیگلو,034899,6
97491,4219,قشلاق انجیرلو,034902,6
97492,4219,قشلاق بریان,034904,6
97493,4219,لکرابادسفلی,034932,6
97494,4219,لکرابادعلیا,034933,6
97495,4219,سیدلر,034946,6
97496,4219,قشلاق چرتقلو,332978,6
97497,4219,قشلاق زرگر,333132,6
97498,4219,قشلاق قره قیه,333138,6
97499,4219,تازه آباد لکرآباد,824009,6
97500,4220,احمدآباد,005703,6
97501,4220,امره,005706,6
97502,4220,جریک آغاج,005711,6
97503,4220,جوزه,005712,6
97504,4220,حسن آباد,005714,6
97505,4220,خرابک بالا,005717,6
97506,4220,رزبند,005725,6
97507,4220,رستگان,005726,6
97508,4220,زیزگان,005729,6
97509,4220,سرخده,005731,6
97510,4220,سفت,005732,6
97511,4220,سفیداله,005733,6
97512,4220,سناوند,005734,6
97513,4220,طینوج,005735,6
97514,4220,عیسی آباد,005737,6
97515,4220,فوجرد,005738,6
97516,4220,کندرود,005741,6
97517,4220,گیو,005745,6
97518,4220,مقبول آباد,005750,6
97519,4220,منصورآباد,005752,6
97520,4220,موجان,005753,6
97521,4220,نایه,005756,6
97522,4220,نورآباد,005759,6
97523,4220,ورزنه,005760,6
97524,4220,وشاره,005762,6
97525,4220,مزرعه شهید سبزعلی,534205,6
97526,4220,اداره گلخانه های کوثر,825004,6
97527,4220,ناحیه صنعتی دستجرد,825036,6
97528,4221,ایلیخی بلاغی,003274,6
97529,4221,کوشک بهرام,003429,6
97530,4221,غلام بلاغی,003918,6
97531,4221,شاهجرد,003976,6
97532,4221,قاشقابلاغ,004003,6
97533,4221,محمودآباد شادجرد,004061,6
97534,4221,احمدآباد,006292,6
97535,4221,اکبرآباد,006295,6
97536,4221,البرز,006296,6
97537,4221,شهرک سینمایی نور,006297,6
97538,4221,امیرآباد,006298,6
97539,4221,امیرآبادگنه چی,006299,6
97540,4221,امین آباد,006300,6
97541,4221,باغک,006302,6
97542,4221,باغ نو,006303,6
97543,4221,باقرآباد,006304,6
97544,4221,آمادگاه منظریه قم,006307,6
97545,4221,تعاونی مشاع شماره 5,006310,6
97546,4221,جعفرآباد,006311,6
97547,4221,چاه شور,006317,6
97548,4221,چشمه شور,006327,6
97549,4221,حاجی آباد,006330,6
97550,4221,حاجی آباد مسیله,006331,6
97551,4221,حسنلی,006333,6
97552,4221,مرغداری یوسفی,006334,6
97553,4221,داش بلاغ,006336,6
97554,4221,دولای قارقی,006339,6
97555,4221,راهدارخانه شهید سعادتمند,006340,6
97556,4221,رحمت آباد,006341,6
97557,4221,سام آباد,006342,6
97558,4221,ساری بلاغ,006343,6
97559,4221,سیف آباد,006345,6
97560,4221,شریف آباد,006349,6
97561,4221,شورک آباد,006351,6
97562,4221,شیرین آباد,006352,6
97563,4221,شیرین بلاغ,006353,6
97564,4221,صدرآباد,006354,6
97565,4221,صفرآباد,006355,6
97566,4221,صیدآباد,006356,6
97567,4221,طویله بلاغی,006357,6
97568,4221,عسگرسویی,006360,6
97569,4221,علی آباد,006361,6
97570,4221,علی آباد,006362,6
97571,4221,عین آباد,006363,6
97572,4221,فرج آباد,006364,6
97573,4221,فیض آباد,006366,6
97574,4221,قشلاق البرز,006367,6
97575,4221,قلعه حاج سلیمان,006368,6
97576,4221,قلعه سلطان باجی,006369,6
97577,4221,قلعه سنگی,006370,6
97578,4221,قلعه صدری,006371,6
97579,4221,قمرود,006372,6
97580,4221,قنبرعلی,006373,6
97581,4221,قوجی داغی,006374,6
97582,4221,کاج,006376,6
97583,4221,کریم آباد,006380,6
97584,4221,کورگل,006381,6
97585,4221,کوشک نصرت,006382,6
97586,4221,کوه سفید,006383,6
97587,4221,گنجه,006384,6
97588,4221,محمدآباد,006387,6
97589,4221,محمدآباد,006388,6
97590,4221,گنجینه وابسته به بانک کشاورزی,006395,6
97591,4221,مشک آباد,006402,6
97592,4221,مظفرآباد مسیله,006403,6
97593,4221,ملک آباد,006407,6
97594,4221,قشلاق ملک قلعه,006408,6
97595,4221,میرآباد,006410,6
97596,4221,میل یزدان,006412,6
97597,4221,راهدارخانه نعلبندان,006414,6
97598,4221,نعمت آباد,006415,6
97599,4221,نیزار,006416,6
97600,4221,یانوق,006421,6
97601,4221,انجیرلی,290703,6
97602,4221,چشمه پلنگ پایین,300762,6
97603,4221,آمادگاه مصطفی خمینی,534432,6
97604,4221,اردوگاه 06 لشگر 23 تکاور,534433,6
97605,4221,پادگان شهدای 19 دی,534434,6
97606,4221,پادگان نور المهدی,534435,6
97607,4221,پست گاز,534436,6
97608,4221,تلمبه خانه شرکت نفت,534437,6
97609,4221,دامداری خدری,534439,6
97610,4221,دامداری قلی زند,534442,6
97611,4221,دامداری قنبرعلی زند,534443,6
97612,4221,دامداری حاج تقی زند,534444,6
97613,4221,محسن آباد,534464,6
97614,4221,معدن نمک یزدان,534474,6
97615,4221,مهدی آباد,534475,6
97616,4221,صنایع دفاعی شهید صالحی,534477,6
97617,4221,خدرآباد,535407,6
97618,4221,غلام آباد,535408,6
97619,4221,عسگرآباد موقوفه گلپایگانی,535409,6
97620,4221,عباس آباد,535410,6
97621,4221,کشتارگاه صنعتی پرتو,535635,6
97622,4221,کارخانه آسفالت قدس,535667,6
97623,4221,شهرک صنعتی محمودآباد,535669,6
97624,4221,مرغداری یوسفی زاده,535678,6
97625,4221,خیرآباد,535679,6
97626,4221,عسگرآباد,535703,6
97627,4221,مجتمع رفاهی گلستان,596072,6
97628,4221,جایگاه سوخت پتروقطران,596110,6
97629,4221,عوارضی آزادراه گرمسار,596143,6
97630,4221,دامشهر,825001,6
97631,4221,کاروانسرای دیرکچی,825002,6
97632,4221,تعاونی کمباین داران,825003,6
97633,4221,معدن آسیاب نمک,825005,6
97634,4221,مسجد حضرت ابوالفضل (ع),825006,6
97635,4221,شهرک صنعتی شکوهیه,825007,6
97636,4221,شهرک صنعتی شهاب ( چاپ و نشر ),825008,6
97637,4221,پدافند هوایی حضرت معصومه,825009,6
97638,4221,پایگاه آموزش خلبانی شهید اکبری,825010,6
97639,4221,مجتمع رفاهی مهتاب,825020,6
97640,4221,ایستگاه راه آهن سپر رستم,825021,6
97641,4221,ایستگاه راه آهن نمکزار,825022,6
97642,4221,مجتمع رفاهی حرم تا حرم,825026,6
97643,4221,شهرک صنعتی الغدیر,825029,6
97644,4221,کشتارگاه مرغ بهاران,825032,6
97645,4221,مجتمع رفاهی غزال شکوهیه,825033,6
97646,4221,مجتمع رفاهی زیتون,825034,6
97647,4221,دوچاه,825035,6
97648,4221,شهرک اصناف,825037,6
97649,4221,نیروگاه هسته ای فردو,825040,6
97650,4221,مجتمع رفاهی مارال ستاره حوض سلطان,825041,6
97651,4221,شهرک صنعتی فناوری اطلاعات,825042,6
97652,4222,اسلام آباد,006553,6
97653,4222,پاسگاه سراجه قم,006565,6
97654,4222,جنت آباد,006571,6
97655,4222,حاجی آباد آقا,006582,6
97656,4222,حسین آباد میش مست,006586,6
97657,4222,حصار شنه,006589,6
97658,4222,خلج آباد,006591,6
97659,4222,دانیون,006592,6
97660,4222,دولت آباد آقا,006593,6
97661,4222,زالون آباد,006596,6
97662,4222,زنبورک,006598,6
97663,4222,سراجه,006601,6
97664,4222,شمس آباد,006606,6
97665,4222,فتح آباد,006612,6
97666,4222,قنات نو,006616,6
97667,4222,کریم آباد,006617,6
97668,4222,لنگرود,006619,6
97669,4222,مبارک آباد,006621,6
97670,4222,مزرعه دانشجو,006627,6
97671,4222,مومن آباد,006633,6
97672,4222,نجم آباد,006635,6
97673,4222,نواران,006636,6
97674,4222,هاشم آباد,006640,6
97675,4222,پادگان شهدای خیبر,534497,6
97676,4222,زندان قم,534506,6
97677,4222,قلعه کلهرها,534513,6
97678,4222,پادگان قدس,535554,6
97679,4222,محمدآباد,535662,6
97680,4222,مجتمع لبن,535663,6
97681,4222,مجتمع رفاهی راه ابریشم,596054,6
97682,4222,ایستگاه تزریق گاز سراجه,825014,6
97683,4222,منطقه گاز سراجه,825015,6
97684,4222,سازمان صنایع هوا فضا,825016,6
97685,4222,دکل مخابرات شرکت نفت,825017,6
97686,4222,مجتمع رفاهی مارال ستاره,825024,6
97687,4222,مجتمع رفاهی کویر سرخ,825025,6
97688,4222,مجتمع رفاهی ستاره کویر,825031,6
97689,4222,مجتمع دامشهر قنوات,825038,6
97690,4222,شهرک صنعتی قنوات,825039,6
97691,4223,مزرعه احمدآباد,005993,6
97692,4223,شرکت کشت و صنعت گیو,005995,6
97693,4223,اسلام آباد,005996,6
97694,4223,ایستگاه راه آهن سواریان,006003,6
97695,4223,مزرعه باوین,006004,6
97696,4223,باغ یک,006005,6
97697,4223,بشارت آباد,006008,6
97698,4223,بنابر,006009,6
97699,4223,تاج خاتون,006014,6
97700,4223,مزرعه غیاث آباد,006015,6
97701,4223,مزرعه جنگی,006016,6
97702,4223,مزرعه جلیل آباد,006017,6
97703,4223,جنداب,006018,6
97704,4223,مزرعه و مرغداری چپربلاغ,006020,6
97705,4223,مزرعه حسین آباد,006024,6
97706,4223,دامداری و مرغداری کمرکوه,006027,6
97707,4223,داودآباد,006028,6
97708,4223,درویش بیگی,006030,6
97709,4223,دیزیجان,006032,6
97710,4223,راهجرد,006033,6
97711,4223,زواریان,006034,6
97712,4223,زیبکان,006035,6
97713,4223,سالیون,006036,6
97714,4223,سنجگان,006040,6
97715,4223,شورآب,006047,6
97716,4223,زیرونی,006049,6
97717,4223,طرلاب,006051,6
97718,4223,مزرعه عباس آباد,006052,6
97719,4223,مزرعه علی آباد,006054,6
97720,4223,علی آباد تقی خان,006056,6
97721,4223,عنایت بیک,006057,6
97722,4223,فتح آباد,006058,6
97723,4223,قاضی بالا,006062,6
97724,4223,قاضی پایین,006064,6
97725,4223,قره سو,006066,6
97726,4223,قلعه اله قلی بیک,006067,6
97727,4223,سیدآباد,006068,6
97728,4223,کارخانه باریت ایران,006069,6
97729,4223,کشت و صنعت قم جوجه,006073,6
97730,4223,مزرعه گرنگان,006077,6
97731,4223,مزرعه محسن آباد,006078,6
97732,4223,محمد بیک,006079,6
97733,4223,مزرعه سه تن,006083,6
97734,4223,نیجه,006088,6
97735,4223,یکه باغ,006089,6
97736,4223,فرستنده تلویزیونی کمرکوه,534256,6
97737,4223,مزرعه عزیزآباد,534271,6
97738,4223,مزرعه کشاورزی طالبی,534274,6
97739,4223,نیروگاه گازی قم,534279,6
97740,4223,پایگاه شهید محمد منتظری,534281,6
97741,4223,قلعه مرضعلی,534287,6
97742,4223,مزرعه آقامیری,535421,6
97743,4223,مزرعه کلاه برج,535544,6
97744,4223,مرغداری فرامرز,535605,6
97745,4223,منطقه ویژه اقتصادی سلفچگان,535611,6
97746,4223,مزرعه سیاوش وفایی,535616,6
97747,4223,شهرک صنعتی سلفچگان,825012,6
97748,4223,شهر فرودگاهی قم,825013,6
97749,4224,تاسیسات شرکت گاز,007175,6
97750,4224,چال گنبد,007179,6
97751,4224,چشمه علی,007183,6
97752,4224,حاجی آباد نیزاز,007186,6
97753,4224,حسن آباد,007187,6
97754,4224,حسین آباد,007188,6
97755,4224,حصار سرخ,007189,6
97756,4224,خدیجه خاتون,007191,6
97757,4224,خرم آباد,007192,6
97758,4224,خلج آباد,007193,6
97759,4224,خلیل آباد,007194,6
97760,4224,دولت آباد,007199,6
97761,4224,ساریه خاتون,007203,6
97762,4224,طایقان,007206,6
97763,4224,عشرت آباد,007207,6
97764,4224,علی آباد,007208,6
97765,4224,فرح آباد,007212,6
97766,4224,فریدون آباد,007213,6
97767,4224,قلعه چم,007215,6
97768,4224,گلستانه,007220,6
97769,4224,مجیدآباد,007224,6
97770,4224,معدن گچ گردنه لر,007234,6
97771,4224,نصرتیه,007235,6
97772,4224,نیزار,007237,6
97773,4224,پرنیان,596057,6
97774,4224,پهنه صنعتی نیزار,825018,6
97775,4224,مجتمع رفاهی دلفین پدیده قرن,825028,6
97776,4225,ادریس آباد,005535,6
97777,4225,الویرآباد,005536,6
97778,4225,بخش آباد,005543,6
97779,4225,پاچیان,005544,6
97780,4225,پستگان,005545,6
97781,4225,پل خرابه,005546,6
97782,4225,جعفرآباد,005553,6
97783,4225,حاجی آباد کاشانی,005557,6
97784,4225,حسین آباد زند,005560,6
97785,4225,حسین آباد گایینی/ حسین آباد پل,005561,6
97786,4225,حیدرآباد,005563,6
97787,4225,خدرآباد,005564,6
97788,4225,دولت آباد پایین,005566,6
97789,4225,رحمت آباد,005567,6
97790,4225,رستک,005568,6
97791,4225,رضاآباد گایینی,005569,6
97792,4225,سعدآباد,005570,6
97793,4225,بستان آباد,005571,6
97794,4225,شریف آباد زند,005575,6
97795,4225,شریف آباد گاوخونی,005576,6
97796,4225,شمس آباد گایینی,005577,6
97797,4225,صفدر,005578,6
97798,4225,صفی آباد,005579,6
97799,4225,صیدآباد,005580,6
97800,4225,عبدل آباد بالا,005581,6
97801,4225,عبدل آباد پایین,005582,6
97802,4225,علی آباد نظرعلی خان,005584,6
97803,4225,علی آباد رودخانه,005585,6
97804,4225,فتح آباد,005587,6
97805,4225,فیض آباد,005588,6
97806,4225,قزل آباد,005590,6
97807,4225,کتانعلی,005591,6
97808,4225,کریم آباد,005592,6
97809,4225,محمدآباد اسلامی,005596,6
97810,4225,محمودآباد,005597,6
97811,4225,معصوم آباد,005609,6
97812,4225,مقبل آباد,005610,6
97813,4225,نجم آباد,005611,6
97814,4225,نورآباد,005613,6
97815,4225,چاه صادق خان,534167,6
97816,4225,محمدآباد گایینی 92,534171,6
97817,4226,باقرآباد,005542,6
97818,4226,عسگرلی,005583,6
97819,4226,علی آباد انقلاب,005586,6
97820,4226,اشتریه,006192,6
97821,4226,دولت آباد,006208,6
97822,4226,دیزار,006209,6
97823,4226,شریف آباد,006212,6
97824,4226,طغرود,006215,6
97825,4226,کلاغ نشین,006223,6
97826,4226,گلستان,006228,6
97827,4226,لاچینک,006231,6
97828,4226,مجتمع رفاهی آفتاب,825027,6
97829,4226,مجتمع دامشهر جعفریه,825030,6
97830,4227,آبدانک,005826,6
97831,4227,آغلک,005828,6
97832,4227,انجیله,005834,6
97833,4227,بنابر,005836,6
97834,4227,گزآباد,005837,6
97835,4227,جمزقان,005842,6
97836,4227,چاهک,005844,6
97837,4227,سولقان,005863,6
97838,4227,کاسوا,005869,6
97839,4227,گروکی,005874,6
97840,4227,مهرزمین,005893,6
97841,4227,نویس,005895,6
97842,4227,بالخور,534128,6
97843,4228,روشگان,005727,6
97844,4228,کیاب,005743,6
97845,4228,اسفید,005830,6
97846,4228,الگان,005831,6
97847,4228,چمانک,005848,6
97848,4228,رحمت آباد,005860,6
97849,4228,علی خان بیکی,005867,6
97850,4228,موشکیه,005892,6
97851,4228,وسفونجرد,005897,6
97852,4228,ونان,005899,6
97853,4228,کهندان,534141,6
97854,4229,ابرجس,006770,6
97855,4229,بیدهند,006795,6
97856,4229,خورآباد,006832,6
97857,4229,صرم,006869,6
97858,4229,کرمجگان,006894,6
97859,4229,ونارج,006957,6
97860,4230,سیرو,006863,6
97861,4230,شاهزاده ابراهیم,006865,6
97862,4230,قبادبزن,006873,6
97863,4230,ورجان,006953,6
97864,4231,دستگرد,006841,6
97865,4231,امامزاده اسماعیل,006866,6
97866,4231,وش نوه,006955,6
97867,4232,تیره,006803,6
97868,4232,خاوه,006826,6
97869,4232,فردو,006872,6
97870,4232,میم,006949,6
97871,4232,ویریج,006959,6
97872,4233,ابراهیم آباد,237420,6
97873,4233,چسگین,237445,6
97874,4233,علی آباد,237489,6
97875,4233,قشلاق چرخلو,237499,6
97876,4233,قلعه گنجی,237504,6
97877,4233,مجیدآباد,237519,6
97878,4233,محمدآباد گرگر,237520,6
97879,4233,مرغداری عبداله خان,237521,6
97880,4233,مزرعه ناصرآباد,237540,6
97881,4233,نوده,237545,6
97882,4233,ینگی کهریز,237552,6
97883,4233,مزرعه شورقلعه,491644,6
97884,4234,اسپیک,233320,6
97885,4234,بندسر,233326,6
97886,4234,سنجدر,233336,6
97887,4234,سوراوجین,233337,6
97888,4234,طالافار,233343,6
97889,4234,مرادبیگلو,233350,6
97890,4234,یزن,233356,6
97891,4234,سومینک,237033,6
97892,4234,خوزنین,237386,6
97893,4234,خیارج,237387,6
97894,4234,مزرعه ککجین,491624,6
97895,4234,مزرعه آقاجری,491625,6
97896,4234,مزرعه درویش آباد,491626,6
97897,4234,شهرک صنعتی دانسفهان,535589,6
97898,4234,یوسف باغی,826012,6
97899,4235,انگشت,237169,6
97900,4235,پس پر,237177,6
97901,4235,خیرآباد,237194,6
97902,4235,زین آباد,237202,6
97903,4235,سخس آباد,237203,6
97904,4235,سوس,237206,6
97905,4235,عبدالرب آباد,237219,6
97906,4235,علی آبادنو پس پر,237222,6
97907,4235,قلعه عبدالرب آباد,237226,6
97908,4235,مچین,237236,6
97909,4235,محمودآباد,237238,6
97910,4235,مندرآباد,237258,6
97911,4235,باقرآباد,237434,6
97912,4235,قلعه طهماسب,237502,6
97913,4235,حسین آباد شاه نظر,491314,6
97914,4236,طزرک,237390,6
97915,4236,عباس آباد,237391,6
97916,4236,شهرک مدرس,237392,6
97917,4236,مجموعه کوره های آجرپزی شال,237394,6
97918,4237,پاپلی علیا,237176,6
97919,4237,شرکت مرغ کدخدا,237213,6
97920,4237,شیشه قلعه,237216,6
97921,4237,طاهرآباد,237217,6
97922,4237,علیرضا آباد,237220,6
97923,4237,قشلاق عاشق باری,237225,6
97924,4237,ککین,237229,6
97925,4237,محمد آباد خره,237237,6
97926,4237,ولدآباد,237269,6
97927,4237,ویس آباد,237271,6
97928,4237,یعقوب آباد,237272,6
97929,4237,مزرعه اله آباد,237425,6
97930,4237,امیرآباد کهن,237426,6
97931,4237,پاپلی وسطی,237438,6
97932,4237,جنت آباد,237442,6
97933,4237,جهان آباد,237444,6
97934,4237,مزرعه حسن آباد,237452,6
97935,4237,حسین آباد,237455,6
97936,4237,حیدر آباد,237456,6
97937,4237,خان آباد,237458,6
97938,4237,مزرعه خرم آباد,237460,6
97939,4237,خونان,237463,6
97940,4237,کشت و صنعت امید 110,237477,6
97941,4237,مجتمع کشاورزی و دامپروری الله آباد,237479,6
97942,4237,صدرآباد,237485,6
97943,4237,فیض آباد,237491,6
97944,4237,قشلاق امین آباد,237498,6
97945,4237,قشلاق مرانلو,237500,6
97946,4237,قلعه قدرت آباد,237503,6
97947,4237,کریم آباد,237508,6
97948,4237,گلدر,237514,6
97949,4237,مزرعه بلوک زهرا,237522,6
97950,4237,مزرعه شیرین آباد,237531,6
97951,4237,مزرعه نعمت آباد,237541,6
97952,4237,مشکین تپه,237542,6
97953,4237,نسیم آباد,237544,6
97954,4237,نورآباد,237546,6
97955,4237,ولی آباد,237547,6
97956,4237,مزرعه گنجی,535586,6
97957,4237,شرکت سیمرغ,826064,6
97958,4237,پارچین,826065,6
97959,4238,حاجی آباد خویی,002882,6
97960,4238,حجیب,002883,6
97961,4238,شیخ چریک,002912,6
97962,4238,عباس آباد سیف,002917,6
97963,4238,قشلاق قمشلو,002934,6
97964,4238,قلیچ کندی,002937,6
97965,4238,لک,002964,6
97966,4238,محبعلی کهریز,002971,6
97967,4238,یارپوزلو,003008,6
97968,4238,آب باریک,237418,6
97969,4238,آراسنج قدیم,237422,6
97970,4238,آراسنج جدید,237423,6
97971,4238,آقچه مزار,237424,6
97972,4238,پته کوه,237439,6
97973,4238,جهان آباد,237443,6
97974,4238,چوقورگل,237447,6
97975,4238,رحیم آباد,237465,6
97976,4238,سلطان آباد,237474,6
97977,4238,شورجه قشلاق,237481,6
97978,4238,صادقلو,237483,6
97979,4238,عشرت آباد,237486,6
97980,4238,فتح آباد,237490,6
97981,4238,قورقورک,237506,6
97982,4238,کله دره,237510,6
97983,4238,مجتمع کوره های آجرپزی عشرت آباد,237517,6
97984,4238,مزرعه قدرت آباد,237535,6
97985,4238,مزرعه ولی آباد,237548,6
97986,4238,یوسف آباد,237553,6
97987,4238,شهرک صنعتی آراسنج,535590,6
97988,4238,قوشاقویی,826038,6
97989,4238,قاضی آباد,826053,6
97990,4239,قشلاق حاجی آباد علیا,002932,6
97991,4239,چنارسفلی,237019,6
97992,4239,چنارعلیا,237020,6
97993,4239,امیرآباد نو,237427,6
97994,4239,بالاخانلو,237435,6
97995,4239,تفک,237440,6
97996,4239,چلمبر,237446,6
97997,4239,حاجی عرب,237451,6
97998,4239,قلعه رحمت آباد,237464,6
97999,4239,رستم آباد,237466,6
98000,4239,رودک,237467,6
98001,4239,روواند,237468,6
98002,4239,صادق آباد,237482,6
98003,4239,مزرعه گوهرچینک(کوکوچین),237538,6
98004,4239,یریجان,237550,6
98005,4239,قشلاق چلمبر,491058,6
98006,4239,مزرعه قزلجه قشلاق,826039,6
98007,4240,آبخوره,237162,6
98008,4240,آقابابا,237166,6
98009,4240,امین آباد,237168,6
98010,4240,مزرعه انگورمچین,237170,6
98011,4240,بزمجرد,237174,6
98012,4240,تتنک,237178,6
98013,4240,حسین آباد امینی,237184,6
98014,4240,حکیم آباد,237187,6
98015,4240,خالدین,237188,6
98016,4240,خریوان,237192,6
98017,4240,دستجردک,237195,6
98018,4240,رحمت آباد کوچک,237199,6
98019,4240,زرین آباد,237200,6
98020,4240,زلیخا,237201,6
98021,4240,شاهین تپه,237211,6
98022,4240,شنبرک,237214,6
98023,4240,شهرستانک,237215,6
98024,4240,قمیک کوچک,237227,6
98025,4240,لیا,237234,6
98026,4240,موین,237259,6
98027,4240,نصرت آباد بایه,237263,6
98028,4240,نوده لکوان,237265,6
98029,4240,وجیه آباد,237267,6
98030,4241,احمدآباد,237163,6
98031,4241,امیرآباد,237167,6
98032,4241,باقرآباد,237173,6
98033,4241,جوهرین,237180,6
98034,4241,جوین,237181,6
98035,4241,حسن آباد,237183,6
98036,4241,حسین آباد بیگلربیگی,237185,6
98037,4241,خروزک,237191,6
98038,4241,دیزان,237197,6
98039,4241,رحمت آباد بزرگ,237198,6
98040,4241,سعیدآباد,237204,6
98041,4241,سلیمان آباد,237205,6
98042,4241,سولیقان,237207,6
98043,4241,شادمهان,237209,6
98044,4241,شارد,237210,6
98045,4241,علی آباد,237221,6
98046,4241,فرکان,237223,6
98047,4241,کچله گرد,237228,6
98048,4241,کوند,237232,6
98049,4241,مرادآباد,237240,6
98050,4241,نصرت آباد,237264,6
98051,4241,وکیل آباد,237268,6
98052,4241,مهدی آباد کوچک,826066,6
98053,4242,اک,233844,6
98054,4242,قرقسین,233849,6
98055,4242,مزرعه رضی آباد,233871,6
98056,4242,خروزان,237190,6
98057,4242,محمودآباد,237239,6
98058,4242,ولازجرد,237270,6
98059,4242,چهارکوت,237385,6
98060,4242,شارین,237389,6
98061,4242,کوره آجرپزی نسایی,237393,6
98062,4242,کوره آجرپزی لوشکان,237395,6
98063,4242,لوشکان,237396,6
98064,4242,ناصر آباد سادات,535584,6
98065,4242,اسلام آباد,826374,6
98066,4243,خرم آباد,237189,6
98067,4243,دیال آباد,237196,6
98068,4243,شرکت زرمرغ,237212,6
98069,4243,کهک,237233,6
98070,4244,آتش انبار,233319,6
98071,4244,آقچه قیه,233322,6
98072,4244,اورازجین,233323,6
98073,4244,برزلجین,233325,6
98074,4244,جعفرآباد,233327,6
98075,4244,حاجی آباد,233330,6
98076,4244,حمیدآباد,233333,6
98077,4244,رحیم آباد,233334,6
98078,4244,سینک,233338,6
98079,4244,شنستق سفلی,233339,6
98080,4244,شنستق علیا,233340,6
98081,4244,شیزند,233342,6
98082,4244,کشمرز,233347,6
98083,4244,کورچشمه,233348,6
98084,4244,کوشکک,233349,6
98085,4244,مزرعه هاشم آباد,233353,6
98086,4244,مزرعه یاستی بلاغ,233355,6
98087,4244,طرویزک,233848,6
98088,4244,یاری آباد,233870,6
98089,4245,جهان آباد,233329,6
98090,4245,قنبرآباد,233345,6
98091,4245,داکان,233766,6
98092,4245,رادکان,233767,6
98093,4245,سیف آباد,233770,6
98094,4245,مزرعه علمدار,233779,6
98095,4245,قاسم آباد,233781,6
98096,4245,ورسنج دودانگه,233795,6
98097,4246,بادامک,233324,6
98098,4246,حسن آباد سادات,233331,6
98099,4246,حصار,233332,6
98100,4246,سگزناب,233335,6
98101,4246,شیزر,233341,6
98102,4246,قلعه شهدا,233344,6
98103,4246,نهب,233351,6
98104,4246,آرونقاش,233754,6
98105,4246,آزادده,233759,6
98106,4246,چوزه,233762,6
98107,4246,حسین آباد,233763,6
98108,4246,ساج,233769,6
98109,4246,شاکین,233772,6
98110,4246,شبانک,233773,6
98111,4246,صادق آباد,233776,6
98112,4246,قرمزآباد,233783,6
98113,4246,قره قورتان,233784,6
98114,4246,گنبدک,233788,6
98115,4246,ورکه رود,233796,6
98116,4246,جعفرآباد فتحعلی خان,826029,6
98117,4247,اورنه,233757,6
98118,4247,شنین,233774,6
98119,4247,طویوقچی,233778,6
98120,4247,فارسجین,233780,6
98121,4247,قراچه قیا,233782,6
98122,4247,قلعه جوق,233786,6
98123,4247,قینرجه,233787,6
98124,4247,یام چشمه,233797,6
98125,4247,آبکلو,233899,6
98126,4247,اربطدره,233903,6
98127,4247,بان پاشا,233919,6
98128,4247,جرندق,233927,6
98129,4247,حسین آباد جرندق,233934,6
98130,4247,سولیدره,233949,6
98131,4247,سی چانلو,233952,6
98132,4247,شورجه,233956,6
98133,4247,مزرعه مولاآباد,234008,6
98134,4247,مهین,234011,6
98135,4247,هفت صندوق,234019,6
98136,4247,احمدآباد,490209,6
98137,4247,خنداب,490241,6
98138,4248,آشتجین,233907,6
98139,4248,عاشق حصار,233908,6
98140,4248,آقچه کند,233910,6
98141,4248,خورهشت,233937,6
98142,4248,داغلان,233938,6
98143,4248,دستجرد,233940,6
98144,4248,دولت آباد,233943,6
98145,4248,شیرازک,233958,6
98146,4248,علنقیه,233960,6
98147,4248,قازان داغی,233966,6
98148,4248,قاسم آباد,233967,6
98149,4248,قره داش,233970,6
98150,4248,قره کرسلو,233971,6
98151,4248,قلعه قره داش,233973,6
98152,4248,قمیک بزرگ,233975,6
98153,4248,کندر,233985,6
98154,4248,مرگسین,233991,6
98155,4248,کشت و صنعت روزبهانی,233993,6
98156,4248,مهدی آباد,234009,6
98157,4248,نوهل,234012,6
98158,4248,یحیی آباد,234022,6
98159,4249,آقبلاغ,233909,6
98160,4249,امین آباد,233912,6
98161,4249,انداق,233913,6
98162,4249,تاکند,233924,6
98163,4249,چنارستان,233929,6
98164,4249,چنگوره,233931,6
98165,4249,خرمال آباد,233936,6
98166,4249,دربهان,233939,6
98167,4249,درمان چای,233941,6
98168,4249,سراس,233946,6
98169,4249,سولیدره دربهان,233948,6
98170,4249,شناسوند,233954,6
98171,4249,فشالنج,233963,6
98172,4249,قلات,233974,6
98173,4249,کنشکین,233986,6
98174,4249,گوزه گلن,233988,6
98175,4249,مایان,233989,6
98176,4249,مزرعه وازراه,234001,6
98177,4249,مشکین,234003,6
98178,4249,نیکویه,234016,6
98179,4249,یزد رود,234023,6
98180,4250,کارخانه روکش لاستیک ایران,233846,6
98181,4250,تاک بتن شایگان,233851,6
98182,4250,کوره آجرپزی اتحادنو,233852,6
98183,4250,کوره آجرپزی حاجی شعبان,233853,6
98184,4250,کوره آجرفشاری خرم,233855,6
98185,4250,مرغداری روشن,233857,6
98186,4250,مرغداری نادر خدیو,233865,6
98187,4250,نودهک,233869,6
98188,4250,ایستگاه سیاه باغ,233914,6
98189,4250,باشگل,233917,6
98190,4250,بنددلاور,233921,6
98191,4250,شنین قاقازان,233955,6
98192,4250,قره باغ,233969,6
98193,4250,کلاده (گله دره),233983,6
98194,4250,ینگجه,234025,6
98195,4250,کوره آجرپزی نور,491607,6
98196,4250,مرغداری فیض ا... طاهرخانی(ولیعصر),491609,6
98197,4250,شهر صنعتی تاکستان,535577,6
98198,4250,مرغداری پیوند,535580,6
98199,4250,مزرعه شمس,535701,6
98200,4250,مزرعه حاج یداله طاهرخانی,535702,6
98201,4250,مزرعه حاج عباس طاهرخانی,826035,6
98202,4250,سامان بتن,826036,6
98203,4250,اردوگاه جهانگردی تاکستان(شامی شاپ),826059,6
98204,4251,زردچین,236695,6
98205,4251,آزاد رود,237720,6
98206,4251,آفتابدر,237721,6
98207,4251,امشک,237723,6
98208,4251,اندج,237725,6
98209,4251,اوه,237728,6
98210,4251,باغ کلایه,237730,6
98211,4251,بوکان,237733,6
98212,4251,بیدلی,237734,6
98213,4251,پارس آباد,237735,6
98214,4251,ترکان,237739,6
98215,4251,توان,237740,6
98216,4251,جوتان,237741,6
98217,4251,جولادک,237742,6
98218,4251,خشکچال,237747,6
98219,4251,شریف آباد,237751,6
98220,4251,دک,237752,6
98221,4251,دهک,237753,6
98222,4251,دینه کوه,237755,6
98223,4251,سرخ کوله,237764,6
98224,4251,سلیمان آباد,237766,6
98225,4251,مینودشت,237768,6
98226,4251,شهرک,237771,6
98227,4251,شیرکوه,237772,6
98228,4251,صایین کلایه,237773,6
98229,4251,فیشان,237775,6
98230,4251,کندان سر,237778,6
98231,4251,کوچنان,237779,6
98232,4251,مسعودآباد(گازرخان),237782,6
98233,4251,محمودآباد,237788,6
98234,4251,مردانچال,237790,6
98235,4251,ملا کلایه,237791,6
98236,4251,مزرعه میانان,237792,6
98237,4251,مزرعه نظام باغ,237796,6
98238,4251,یرک,237805,6
98239,4251,باغ دشت,237913,6
98240,4251,شورستان,826372,6
98241,4252,آتان,237718,6
98242,4252,آتان رود,237719,6
98243,4252,الانگان,237722,6
98244,4252,اواتر,237726,6
98245,4252,اوانک,237727,6
98246,4252,ایلان,237729,6
98247,4252,وناش بالا,237731,6
98248,4252,پونان,237737,6
98249,4252,پیج بن,237738,6
98250,4252,جیرنده,237743,6
98251,4252,چوثر,237744,6
98252,4252,حسن آباد,237746,6
98253,4252,خوبان,237748,6
98254,4252,خوبکوه,237749,6
98255,4252,دینه رود,237754,6
98256,4252,روچ دره,237756,6
98257,4252,روچ پایین,237757,6
98258,4252,روچ بالا,237758,6
98259,4252,زوارک,237762,6
98260,4252,سراج کلایه,237763,6
98261,4252,سفیددر,237765,6
98262,4252,سلیکان,237767,6
98263,4252,طاله,237774,6
98264,4252,کافرکش,237776,6
98265,4252,کلایه,237777,6
98266,4252,کشک دشت,237780,6
98267,4252,گچ لات,237783,6
98268,4252,گرمارود,237784,6
98269,4252,کلان,237787,6
98270,4252,مدان,237789,6
98271,4252,نرمیلات,237794,6
98272,4252,نسا,237795,6
98273,4252,ورک,237797,6
98274,4252,ورکرود,237798,6
98275,4252,وناش پایین,237799,6
98276,4252,ویکان,237800,6
98277,4252,هرانک,237801,6
98278,4252,هنیز,237802,6
98279,4252,یارفی,237803,6
98280,4253,ازرت,237895,6
98281,4253,اوان,237908,6
98282,4253,آیین,237910,6
98283,4253,دیکین,237954,6
98284,4253,زرآباد,237960,6
98285,4253,زواردشت,237965,6
98286,4253,سرخه دزدک,237969,6
98287,4253,کلنگ سر,238011,6
98288,4253,کوشک,238018,6
98289,4253,گرمارود سفلی,238023,6
98290,4253,گرمارود علیا,238024,6
98291,4253,مزرعه سفلی,238037,6
98292,4253,مزرعه علیا,238039,6
98293,4253,میانخانی,238045,6
98294,4253,وربن,238049,6
98295,4253,مزرعه وکدر,238053,6
98296,4254,اکوجان قدیم,237900,6
98297,4254,امامزاده محمد(حسین آباد),237901,6
98298,4254,امامزاده هارون,237902,6
98299,4254,انارت هیر,237905,6
98300,4254,انگور ازوج,237907,6
98301,4254,بهرام آباد,237917,6
98302,4254,پرچکوه,237919,6
98303,4254,پررود,237921,6
98304,4254,تاج دره,237924,6
98305,4254,تلاتر,237926,6
98306,4254,جولاده,237930,6
98307,4254,چرشدره,237934,6
98308,4254,دربند,237945,6
98309,4254,دورچال,237952,6
98310,4254,ده دوشاب,237953,6
98311,4254,راهدارخانه گدیک,237956,6
98312,4254,رشکین,237958,6
98313,4254,روح آباد,237959,6
98314,4254,زردچال,237962,6
98315,4254,زناسوج,237963,6
98316,4254,زنبورخانی,237964,6
98317,4254,سالارکیا,237967,6
98318,4254,سپوهین,237968,6
98319,4254,سفیدخانی,237972,6
98320,4254,سلک,237973,6
98321,4254,سوگاه,237976,6
98322,4254,شنگل,237984,6
98323,4254,شهرستان علیا,237986,6
98324,4254,علین,237992,6
98325,4254,فشک,237995,6
98326,4254,فلار,237996,6
98327,4254,قسطین ناحیه,237997,6
98328,4254,کامان,238005,6
98329,4254,کته پشت,238007,6
98330,4254,کوشکدر,238019,6
98331,4254,کیاکلایه علیا,238022,6
98332,4254,مزرعه رکن آباد,238036,6
98333,4254,موشقین,238044,6
98334,4254,میلک,238047,6
98335,4254,ورتوان,238050,6
98336,4254,ورگیل,238051,6
98337,4254,ویار,238055,6
98338,4254,هاشاکلایه,238056,6
98339,4254,هلال رود,238060,6
98340,4254,هندا,238062,6
98341,4254,هیر,238063,6
98342,4254,شهرستان سفلی,491419,6
98343,4254,قهوه خانه قربانعلی خلیلی,535695,6
98344,4254,اکوجان جدید,826014,6
98345,4254,زناسوج جدید,826015,6
98346,4254,مزرعه چلک,826021,6
98347,4254,مزرعه کراسان,826022,6
98348,4255,ازگنین سفلی,237896,6
98349,4255,ازگنین علیا,237897,6
98350,4255,امین آباد,237903,6
98351,4255,اویرک,237909,6
98352,4255,باغستان,237911,6
98353,4255,بندر,237916,6
98354,4255,پراچان,237918,6
98355,4255,پرندلات,237920,6
98356,4255,تنوره,237928,6
98357,4255,جوینک,237931,6
98358,4255,حسن آباد,237938,6
98359,4255,خاک کرد,237940,6
98360,4255,خشک رود,237942,6
98361,4255,خنجربلاغ,237943,6
98362,4255,درک,237947,6
98363,4255,دورچاک,237951,6
98364,4255,زرجاب,237961,6
98365,4255,زینبر,237966,6
98366,4255,سفیدآب,237971,6
98367,4255,سنبل آباد,237974,6
98368,4255,رجایی دشت,237977,6
98369,4255,سیمیار,237979,6
98370,4255,سیمیاردشت,237980,6
98371,4255,شترک,237981,6
98372,4255,صفرین,237987,6
98373,4255,عباسک,237990,6
98374,4255,علی آباد,237993,6
98375,4255,فانفین,237994,6
98376,4255,قسطین رود,237998,6
98377,4255,قسطین لار,237999,6
98378,4255,کارنده چال,238003,6
98379,4255,کتکان,238006,6
98380,4255,کلمین,238013,6
98381,4255,کلین,238014,6
98382,4255,کلایه,238015,6
98383,4255,کمال آباد,238016,6
98384,4255,کوشکلات,238020,6
98385,4255,گرمک,238025,6
98386,4255,لطر,238030,6
98387,4255,مارکین,238032,6
98388,4255,محمدآباد,238033,6
98389,4255,مردآباد,238034,6
98390,4255,نودهک,238048,6
98391,4255,وشته,238052,6
98392,4255,هریان,238057,6
98393,4255,هریف,238058,6
98394,4255,هلال آباد,238061,6
98395,4255,یارود,238064,6
98396,4255,یوج,238065,6
98397,4255,بایزرود,826016,6
98398,4256,اربدیان,237894,6
98399,4256,انارک کماسر,237906,6
98400,4256,بازرگاه,237912,6
98401,4256,بلکان,237915,6
98402,4256,مزرعه پل انبوه,237922,6
98403,4256,تسکین,237925,6
98404,4256,توته چال,237929,6
98405,4256,جیردوزان,237932,6
98406,4256,چالین کنار,237933,6
98407,4256,چنگال دشت,237937,6
98408,4256,حلیمک,237939,6
98409,4256,خسرود,237941,6
98410,4256,مزرعه دربند,237944,6
98411,4256,دربندکلاته,237946,6
98412,4256,دستجرد سفلی,237949,6
98413,4256,طهمورث آباد,237988,6
98414,4256,طیاندشت,237989,6
98415,4256,علندر,237991,6
98416,4256,کاکوهستان,238004,6
98417,4256,کش رود,238010,6
98418,4256,کله کوب,238012,6
98419,4256,کنگرین,238017,6
98420,4256,گریوه,238027,6
98421,4256,گشنه رود,238028,6
98422,4256,لات,238031,6
98423,4256,مزرعه عباسخانی,238038,6
98424,4257,دهنه,233262,6
98425,4257,اردک,238265,6
98426,4257,اسماعیل آباد تازه کند,238271,6
98427,4257,بروج,238288,6
98428,4257,چمن امیرآباد,238305,6
98429,4257,چیزه,238308,6
98430,4257,حسین آباد,238312,6
98431,4257,حصار,238313,6
98432,4257,رزان,238323,6
98433,4257,زرند,238328,6
98434,4257,سزنق,238333,6
98435,4257,عباس آباد,238352,6
98436,4257,علی آباد,238353,6
98437,4257,قارخون,238356,6
98438,4257,کنگاور,238379,6
98439,4257,ماهین,238388,6
98440,4257,ییلاق چای اوباسی,238391,6
98441,4257,مقانک,238401,6
98442,4257,یمقان,238414,6
98443,4257,ییلاق شاهوران اوباسی,238418,6
98444,4257,ییلاق قراخ اوباسی,826028,6
98445,4258,آلتین کش,238275,6
98446,4258,امامزاده یحیی,238277,6
98447,4258,انبقین,238278,6
98448,4258,اورکن ترک,238281,6
98449,4258,اورکن کرد,238282,6
98450,4258,بابا,238284,6
98451,4258,بغل دوز علیا,238287,6
98452,4258,بهرام آباد,238293,6
98453,4258,پلنگه,238298,6
98454,4258,وخمان جودکی,238300,6
98455,4258,چای اوباسی,238302,6
98456,4258,چوبه,238306,6
98457,4258,حسن آباد,238310,6
98458,4258,دربند,238318,6
98459,4258,دولجک خان محمدآباد,238320,6
98460,4258,دیزجین,238321,6
98461,4258,ییلاق ساختمان,238331,6
98462,4258,سمنگاه,238338,6
98463,4258,سنگان سفلی,238339,6
98464,4258,سنگان علیا,238340,6
98465,4258,سیاه پوش,238342,6
98466,4258,شاه وران,238345,6
98467,4258,چلمبه,238347,6
98468,4258,شیزر,238350,6
98469,4258,عمند,238354,6
98470,4258,قره چم,238360,6
98471,4258,قزل عقیل,238362,6
98472,4258,قلالو,238367,6
98473,4258,قمشک,238368,6
98474,4258,قوشچی,238369,6
98475,4258,قیطول,238370,6
98476,4258,کشکور,238375,6
98477,4258,کلج,238376,6
98478,4258,کمررود,238378,6
98479,4258,گورخانه,238384,6
98480,4258,ییلاق گیلی جار,238386,6
98481,4258,محمدده,238389,6
98482,4258,مرتضی نک,238390,6
98483,4258,مصطفی لو,238395,6
98484,4258,میرخواند سفلی,238403,6
98485,4258,میرخواند علیا,238404,6
98486,4258,میمونک,238405,6
98487,4258,نصیرآباد,238407,6
98488,4258,نمکین,238408,6
98489,4258,نهران,238409,6
98490,4258,هندی زمین,238413,6
98491,4258,ییلاق جنگل شاهوران-شامدشت,238417,6
98492,4258,ییلاق کارخانه,238419,6
98493,4258,انجیلک,826040,6
98494,4258,آقدره,826041,6
98495,4258,خمبک,826045,6
98496,4258,رزک,826047,6
98497,4258,قاسم آباد,826052,6
98498,4258,مسکین آباد,826058,6
98499,4259,طرازان سفلی,233430,6
98500,4259,طوینان,233435,6
98501,4259,حمام دره,233458,6
98502,4259,زرین خانی - زرین آباد,233494,6
98503,4259,قلعه,233521,6
98504,4259,ارقلی,238266,6
98505,4259,اسبک,238270,6
98506,4259,ییلاق اصطلک,238272,6
98507,4259,بادچشمه,238285,6
98508,4259,بن زهره و شیرین سو,238289,6
98509,4259,پجویه,238297,6
98510,4259,جای زمین,238303,6
98511,4259,حسنخانی,238311,6
98512,4259,رودبر,238325,6
98513,4259,زاجکان سفلی,238326,6
98514,4259,زاجکان علیا,238327,6
98515,4259,سماق,238337,6
98516,4259,ییلاق شاخانی,238344,6
98517,4259,شیخلر,238348,6
98518,4259,طرازان علیا,238351,6
98519,4259,قره دولو,238361,6
98520,4259,قشلاق شالوق زمین,238364,6
98521,4259,کوهگیر سفلی,238381,6
98522,4259,کوهگیر علیا,238382,6
98523,4259,ییلاق کهریز,238383,6
98524,4259,ملاعلی,238402,6
98525,4259,یوزباش چای,238415,6
98526,4259,قمشک جعفرآباد,491639,6
98527,4259,گنجه خانی,491645,6
98528,4259,مزرعه ییلاق زاجکان,491646,6
98529,4259,معدن سنگ کلنگ کوه,826007,6
98530,4259,چنوند,826017,6
98531,4259,کوسه,826018,6
98532,4259,چینه بند شاخانی,826044,6
98533,4259,سفیدبلاغ,826050,6
98534,4259,شیرین سو,826051,6
98535,4260,فیله ورین,233186,6
98536,4260,ازناب بالا,238268,6
98537,4260,اقجه قشلاق,238273,6
98538,4260,ایل چوپان,238283,6
98539,4260,بورمانک,238291,6
98540,4260,بهگانه رود,238294,6
98541,4260,غنچه خوران,238299,6
98542,4260,چربین,238304,6
98543,4260,خاکینه بالا,238314,6
98544,4260,خاکینه پایین,238315,6
98545,4260,خنگه,238316,6
98546,4260,ییلاق داش خرمن,238317,6
98547,4260,زه آباد,238330,6
98548,4260,سورشان,238341,6
98549,4260,کمال آباد,238377,6
98550,4260,گونج,238385,6
98551,4260,ماجار,238387,6
98552,4260,نجف آباد,238406,6
98553,4260,نیارک,238410,6
98554,4260,ونگین,238412,6
98555,4260,چاوان,826019,6
98556,4260,گوربلاغ,826020,6
98557,4261,دستجرد علیا,237950,6
98558,4261,راهدارخانه قسطین لار,237957,6
98559,4261,رستوران بابا شفیع,238001,6
98560,4261,ارنجک,238596,6
98561,4261,آشنستان,238599,6
98562,4261,امامزاده اباذر,238606,6
98563,4261,حمیدآباد,238638,6
98564,4261,رزجرد,238644,6
98565,4261,رشتقون,238645,6
98566,4261,شینقر,238664,6
98567,4261,عبدل آباد,238666,6
98568,4261,کورانه,238682,6
98569,4261,میان بر,238726,6
98570,4261,مزرعه عشرکار,491174,6
98571,4261,مزرعه میانچال,491632,6
98572,4262,پشام,233426,6
98573,4262,خرمن سوخته,233463,6
98574,4262,زاکان,233491,6
98575,4262,سردخانی,233503,6
98576,4262,سفیده کش,233504,6
98577,4262,قلمبه سر,233522,6
98578,4262,مزرعه کلهر,233529,6
98579,4262,محمودآباد علم خانی,233553,6
98580,4262,شیداصفهان,233957,6
98581,4262,مهدی آباد بزرگ,237260,6
98582,4262,شفیع آباد(اسب مرد),237898,6
98583,4262,دریابک,237948,6
98584,4262,سوته کش,237975,6
98585,4262,کش آباد علیا,238009,6
98586,4262,آجربند,238593,6
98587,4262,اردبیلک,238595,6
98588,4262,اروس آباد,238597,6
98589,4262,اک اقبال,238603,6
98590,4262,الولک,238604,6
98591,4262,امام ضامن,238605,6
98592,4262,اوزون دره,238611,6
98593,4262,بادمجین,238613,6
98594,4262,باراجین,238614,6
98595,4262,بندزویار(کوهگیربند زویار),238618,6
98596,4262,بوزلین,238621,6
98597,4262,تراتن,238626,6
98598,4262,جنت آباد,238631,6
98599,4262,چاریس,238633,6
98600,4262,خراس,238639,6
98601,4262,زرشک,238647,6
98602,4262,زویار,238648,6
98603,4262,مزرعه شاه قدم,238655,6
98604,4262,شفیع آباد,238662,6
98605,4262,فارسیان,238670,6
98606,4262,قدیم آباد,238673,6
98607,4262,ککجین,238680,6
98608,4262,گاوچال,238685,6
98609,4262,مزرعه گرده سنگ,238686,6
98610,4262,گرگین,238687,6
98611,4262,مالار,238691,6
98612,4262,پارک صنعتی لیا,238693,6
98613,4262,مشکین آباد,238721,6
98614,4262,میزوج,238729,6
98615,4262,نادرآباد,238730,6
98616,4262,نجم آباد,238732,6
98617,4262,نیاق,238736,6
98618,4262,همت آباد,238738,6
98619,4262,هادی آباد,490298,6
98620,4262,مزرعه حاج میرصادقی,491066,6
98621,4262,مزرعه کرمی(حاج فتحعلی),491067,6
98622,4262,قبله,491072,6
98623,4262,کشت و صنعت ایران,491073,6
98624,4262,سبزی سرای بهشت(مزرعه جمال آباد),491078,6
98625,4262,مزرعه اسماعیل آباد,491101,6
98626,4262,مزرعه کتیرایی(خانبان زاده),491102,6
98627,4262,مزرعه پرسه ای,491103,6
98628,4262,نظام آباد,491111,6
98629,4262,غلام آباد,491133,6
98630,4262,کش آباد سفلی,491413,6
98631,4262,مزرعه زواره,491633,6
98632,4262,شهرک صنعتی لیا,535591,6
98633,4262,مزرعه تخم طلایی,535700,6
98634,4262,مجتمع فرهنگی ورزشی طلاییه,826006,6
98635,4262,مزرعه نکوییان,826031,6
98636,4262,مزرعه ترلان,826032,6
98637,4262,میانچال,826034,6
98638,4262,مجتمع کارگاهی قدیم آباد,826061,6
98639,4262,کشت و صنعت اگدام,826069,6
98640,4263,اب انبار,233395,6
98641,4263,آقابابا,233408,6
98642,4263,امیرآباد,233411,6
98643,4263,ییلاق آوه چاک,233416,6
98644,4263,بابین,233419,6
98645,4263,بویینک,233425,6
98646,4263,مزرعه پیرمردوند,233428,6
98647,4263,تلجین سفلی,233431,6
98648,4263,چشمه غلامعلی,233440,6
98649,4263,حاجی آباد,233453,6
98650,4263,خرقان بالا,233460,6
98651,4263,خرقان پایین,233461,6
98652,4263,خشکنات بالا,233464,6
98653,4263,خشکنات پایین,233465,6
98654,4263,دره قوطی,233475,6
98655,4263,دوده تاج (داش تیه),233481,6
98656,4263,دینک,233486,6
98657,4263,ریحان بالا,233488,6
98658,4263,ریحان پایین,233489,6
98659,4263,ریحان وسطی,233490,6
98660,4263,زیتک قشلاق,233492,6
98661,4263,ساربانک,233500,6
98662,4263,سلطان آباد,233505,6
98663,4263,فطر,233514,6
98664,4263,مزرعه ککجین دره,233528,6
98665,4263,کوشکک,233533,6
98666,4263,کیخنان,233535,6
98667,4263,کردانده,233537,6
98668,4263,مرتضی آباد,233554,6
98669,4263,ییلاق معلم خانی بالا,233558,6
98670,4263,ییلاق معلم خانی پایین,233559,6
98671,4263,میانج,233564,6
98672,4263,نارنده,233565,6
98673,4263,یاکند علی آباد,233569,6
98674,4263,احمدآباد اوفان,233902,6
98675,4263,آرشت,233904,6
98676,4263,بشر,233920,6
98677,4263,حسین آباد,233933,6
98678,4263,رامشان,233944,6
98679,4263,سنجانک,233947,6
98680,4263,شنازند,233953,6
98681,4263,بوچینک جدید,535593,6
98682,4263,جودکی,826068,6
98683,4264,آستین در سردشت,233398,6
98684,4264,آستین در سفلی,233399,6
98685,4264,آستین در علیا,233400,6
98686,4264,اسدآباد خورین,233401,6
98687,4264,اسدی,233402,6
98688,4264,اسماعیل آباد,233403,6
98689,4264,اصطلک,233405,6
98690,4264,آق دوز,233407,6
98691,4264,الوندی,233410,6
98692,4264,انجلین سفلی,233412,6
98693,4264,ییلاق ناصری اعلایی بالا,233413,6
98694,4264,انجلین وسطی,233414,6
98695,4264,مزرعه اوش تپه,233415,6
98696,4264,بابرسفلی,233417,6
98697,4264,بابرعلیا,233418,6
98698,4264,برگیله,233420,6
98699,4264,بک باغی,233421,6
98700,4264,بکندی,233422,6
98701,4264,بنگه سولیا,233423,6
98702,4264,پلنگه وچنس,233427,6
98703,4264,مزرعه تلخاندر سفلی,233433,6
98704,4264,مزرعه تلخاندر علیا,233434,6
98705,4264,مزرعه جای زکی,233436,6
98706,4264,چالیچال,233439,6
98707,4264,چشمه دراز,233442,6
98708,4264,چشمه کره,233443,6
98709,4264,چلک ناصری اعلایی,233447,6
98710,4264,چنارستان,233448,6
98711,4264,چوبدره,233450,6
98712,4264,چوره سفلی,233451,6
98713,4264,چوره علیا,233452,6
98714,4264,حسام آباد,233454,6
98715,4264,حصار,233455,6
98716,4264,حصار اسلام بیگی,233456,6
98717,4264,حصار ولی آباد,233457,6
98718,4264,خرزان,233459,6
98719,4264,خرمدره قشلاق,233462,6
98720,4264,داشیورد,233466,6
98721,4264,آزادده,233468,6
98722,4264,دره آزاد خان بالا,233469,6
98723,4264,دره ولی آباد سفلی,233472,6
98724,4264,دره صفر,233473,6
98725,4264,دره ازداد علی قلی,233474,6
98726,4264,دره گنجعلی,233477,6
98727,4264,دودهه,233482,6
98728,4264,دوده چای,233483,6
98729,4264,رمضان یورد,233487,6
98730,4264,سوخته چنار,233506,6
98731,4264,سوری,233507,6
98732,4264,مزرعه گل بلاغی,233508,6
98733,4264,شادتپه,233509,6
98734,4264,مزرعه شش دانگه,233510,6
98735,4264,طزرکش,233512,6
98736,4264,قانشاربلاغ,233515,6
98737,4264,قپانچای,233516,6
98738,4264,قدرت آباد,233517,6
98739,4264,قزل دره,233519,6
98740,4264,کاوند,233525,6
98741,4264,کربلایی والی,233526,6
98742,4264,کرمعلی قشلاق,233527,6
98743,4264,گابری,233536,6
98744,4264,گردکان,233538,6
98745,4264,گزگین,233540,6
98746,4264,گل دره,233541,6
98747,4264,گل زرد,233542,6
98748,4264,گنداب,233543,6
98749,4264,گوراندشت بالا,233544,6
98750,4264,گوراندشت پایین,233545,6
98751,4264,گون بان,233548,6
98752,4264,مزرعه گوی دره,233549,6
98753,4264,محمودآباد خرزان,233552,6
98754,4264,مزرعه خورمین,233556,6
98755,4264,مزرعه محمودی,233557,6
98756,4264,موملی قشلاق,233562,6
98757,4264,ناصری,233566,6
98758,4264,وندر,233567,6
98759,4264,یله گنبد,233570,6
98760,4264,ییلاق فتحعلی,233572,6
98761,4264,ییلاق ناصری اعلایی پایین,233573,6
98762,4264,آسفستان,233906,6
98763,4264,بهرام آباد قاقازان,233922,6
98764,4264,جم جرد,233926,6
98765,4264,فتین آباد,233962,6
98766,4264,کبریت لو,233980,6
98767,4264,گزنه,233987,6
98768,4264,یل آباد,234024,6
98769,4264,سقرچین,238335,6
98770,4264,مزرعه طاوه دشت,490275,6
98771,4264,سلقیه(اسلام آباد),490280,6
98772,4264,مزرعه اسبوین,491614,6
98773,4264,آستین در وسطی,535696,6
98774,4264,نوروزآباد,535697,6
98775,4264,چلک اعلایی ها,826000,6
98776,4264,هفت چشمه,826024,6
98777,4264,آسیاب برک,826026,6
98778,4264,چالقوچ سفلی,826042,6
98779,4264,چالقوچ قشلاق,826043,6
98780,4264,درگویز,826046,6
98781,4264,زرده گل,826048,6
98782,4264,سرتاف قشلاق,826049,6
98783,4264,قشلاق علایی,826054,6
98784,4264,مزرعه زیمگه علیا,826055,6
98785,4264,مزرعه زیمگه قشلاق,826056,6
98786,4264,مزرعه ملاسرخه قشلاق سفلی,826057,6
98787,4264,دره کولا,826063,6
98788,4265,الاداغلو,236513,6
98789,4265,باقرآباد ترک,236517,6
98790,4265,باقرآباد کرد,236518,6
98791,4265,بهرام آباد,236520,6
98792,4265,حاجی تپه,236525,6
98793,4265,حلال آباد,236529,6
98794,4265,خاکشان,236530,6
98795,4265,خطایان,236533,6
98796,4265,دبیریان,236534,6
98797,4265,زاغه,236536,6
98798,4265,زرگر,236537,6
98799,4265,شفیع آباد,236546,6
98800,4265,قره قباد,236552,6
98801,4265,قزان چال,236553,6
98802,4265,گنجاب,236562,6
98803,4265,مالی آباد,236564,6
98804,4265,محمودیان,236568,6
98805,4265,کشت و صنعت گنجاب,236571,6
98806,4265,مزرعه قدرتی,236576,6
98807,4265,منصورآباد,236577,6
98808,4265,مزرعه بازرگانی,236583,6
98809,4265,یعقوب آباد,236586,6
98810,4266,ابراهیم آباد,236512,6
98811,4266,حسین آباد رضی,236527,6
98812,4266,خرمپشته,236532,6
98813,4266,رضی آباد,236535,6
98814,4266,زعفران,236538,6
98815,4266,کشت و صنعت هزارجلفا,236541,6
98816,4266,شهرآباد,236547,6
98817,4266,شهرستان,236548,6
98818,4266,عبدل آباد,236549,6
98819,4266,گیل زور,236563,6
98820,4266,مامجین,236565,6
98821,4266,مورآباد,236578,6
98822,4266,اسلام آباد,236579,6
98823,4266,نودوز,236580,6
98824,4266,هزارجلفا,236584,6
98825,4266,یزبر,236585,6
98826,4266,کشت و صنعت مگسال,826067,6
98827,4267,حسین آباد کرد,236528,6
98828,4267,شرکت تعاونی وحدت سبز تهران,236540,6
98829,4267,شرکت یوشوند,236544,6
98830,4267,ابراهیم آباد,236662,6
98831,4267,آبیک سفلی,236663,6
98832,4267,آبیک علیا,236664,6
98833,4267,آقچری,236671,6
98834,4267,آمادگاه آبیک,236673,6
98835,4267,خوزنان,236689,6
98836,4267,صمغ آباد,236706,6
98837,4267,قاضی کلایه,236712,6
98838,4267,کریم آباد,236721,6
98839,4267,میان کوه,236744,6
98840,4267,کلایه,491224,6
98841,4268,ایستگاه زیاران,236515,6
98842,4268,آتانک,236665,6
98843,4268,اصغرآباد,236669,6
98844,4268,بهجت آباد,236677,6
98845,4268,تازه آباد,236678,6
98846,4268,توداران,236679,6
98847,4268,جزمه,236681,6
98848,4268,حاجی آباد,236684,6
98849,4268,خزین آباد,236687,6
98850,4268,دارالسرور,236690,6
98851,4268,شرکت کشت و صنعت ابیک طیور,236703,6
98852,4268,طیخور,236707,6
98853,4268,فالیزان,236710,6
98854,4268,پادگان آموزشی شهدای جوادنیا,236714,6
98855,4268,کتیل دره,236719,6
98856,4268,کذلک,236720,6
98857,4268,کهوان,236726,6
98858,4268,مزرعه جزمه,236739,6
98859,4268,مزرعه حاجی آباد,236741,6
98860,4268,ناصرآباد,236745,6
98861,4268,وندر,236751,6
98862,4268,یانس آباد,236753,6
98863,4269,مزرعه تقوی,236522,6
98864,4269,شرکت مرغ تک,236543,6
98865,4269,اسدآباد,236667,6
98866,4269,امرودک,236674,6
98867,4269,انجیلاق,236675,6
98868,4269,غریب مزرعه,236680,6
98869,4269,چناسک,236683,6
98870,4269,زرجه بستان,236694,6
98871,4269,سایین دره,236697,6
98872,4269,شکرناب,236705,6
98873,4269,کوندج,236725,6
98874,4269,کهوانک,236727,6
98875,4269,کیاده,236728,6
98876,4269,گرجی قاراک,236729,6
98877,4269,نوده,236746,6
98878,4269,نیروگاه شهید رجایی,236747,6
98879,4269,مدام آباد,826010,6
98880,4269,قطبی میان,826011,6
98881,4270,آقاگیر,236670,6
98882,4270,اکبرآباد,236672,6
98883,4270,چاله,236682,6
98884,4270,حصارخروان,236685,6
98885,4270,حیله رود,236686,6
98886,4270,قزقلعه بزرگ,236713,6
98887,4270,کبریت میان,236718,6
98888,4270,ورس,236748,6
98889,4270,ولامدر,236750,6
98890,4270,باورس,238616,6
98891,4270,شترک ماخورین,238657,6
98892,4271,سازمان کشت و صنعت شریف آباد,491143,6
98893,4271,دیزج,491164,6
98894,4271,مجتمع کارگاهی دیزج,826062,6
98895,4272,پیریوسفیان,238625,6
98896,4272,مزرعه دکتر جباری,491068,6
98897,4272,جهان آباد,491070,6
98898,4272,مزرعه مینودر,491071,6
98899,4272,شهر صنعتی البرز,491166,6
98900,4272,مجتمع کارگاهی البرز,826060,6
98901,4273,حسن آباد کلج,236526,6
98902,4273,کوچار,236557,6
98903,4273,کمال آباد,238681,6
98904,4273,نصرت آباد,238734,6
98905,4273,منبره,490977,6
98906,4274,اردلان,234638,6
98907,4274,دشتک,234643,6
98908,4274,آبدره,236862,6
98909,4274,آدار,236865,6
98910,4274,آزانبار,236868,6
98911,4274,ازناب,236869,6
98912,4274,بالابان,236878,6
98913,4274,چنگوره,236883,6
98914,4274,چهارچشمه,236884,6
98915,4274,حسن آباد,236885,6
98916,4274,حسین آباد,236886,6
98917,4274,حصار ولی عصر,236887,6
98918,4274,اسماعیل آباد,236888,6
98919,4274,دیدار,236891,6
98920,4274,سعیدآباد,236894,6
98921,4274,شهرباز,236897,6
98922,4274,طبل شکین,236898,6
98923,4274,عبداله مسعودسفلی,236899,6
98924,4274,عبداله مسعودعلیا,236900,6
98925,4274,علی آباد,236901,6
98926,4274,قانقانلو,236902,6
98927,4274,قره بلاغ,236903,6
98928,4274,قره تپه,236904,6
98929,4274,مزرعه قطعلی,236906,6
98930,4274,قلعه,236907,6
98931,4274,قوشه قویی,236909,6
98932,4274,کامشکان,236911,6
98933,4274,کردجین,236912,6
98934,4274,کله سر,236914,6
98935,4274,لجامگیر,236918,6
98936,4274,لک,236919,6
98937,4274,محمودآباد,236920,6
98938,4274,مشهد,236922,6
98939,4275,اروان,236867,6
98940,4275,اسدآباد,236870,6
98941,4275,امامزاده علاالدین,236875,6
98942,4275,رضوان,236892,6
98943,4275,شوراب,236896,6
98944,4275,قوزلو,236905,6
98945,4275,منصور,236925,6
98946,4275,نقاش,236926,6
98947,4275,نیرج,236927,6
98948,4275,بی آب,237011,6
98949,4276,پروان,236880,6
98950,4276,مشانه,236921,6
98951,4276,ارقیه,236998,6
98952,4276,استلج,236999,6
98953,4276,بازارقلی,237009,6
98954,4276,پرسبانج,237013,6
98955,4276,چوبینه,237021,6
98956,4276,خروس دره,237022,6
98957,4276,خسروآباد,237023,6
98958,4276,گل چشمه,237031,6
98959,4276,سنگاوین,237032,6
98960,4276,علی حلاج,237038,6
98961,4276,قهوج,237046,6
98962,4276,کاروانسرا,237048,6
98963,4276,شهیدآباد,237052,6
98964,4276,وروق,237064,6
98965,4276,هرایین علیا,237065,6
98966,4276,راهدارخانه آوج,491621,6
98967,4276,احمدآباد,826001,6
98968,4277,آروچان,233753,6
98969,4277,آقچه قلعه,233756,6
98970,4277,بیگلر,233760,6
98971,4277,شاخدار,233771,6
98972,4277,احمدآباد,236864,6
98973,4277,داخرجین,236889,6
98974,4277,قمشلو,236908,6
98975,4277,کوکج,236915,6
98976,4277,کیسه جین,236916,6
98977,4277,دشت آهو,236917,6
98978,4277,یولچی,236928,6
98979,4277,آسیان,237000,6
98980,4277,آقابلاغ آسیان,237002,6
98981,4277,بهشتیان,237010,6
98982,4277,داسکین,237024,6
98983,4277,ساغران سفلی,237028,6
98984,4277,ساغران علیا,237029,6
98985,4277,عباس آباد,237036,6
98986,4277,قرخ بلاغ,237040,6
98987,4277,نجف آباد,237061,6
98988,4277,هلدر,237066,6
98989,4277,یاستی بلاغ,237067,6
98990,4277,رضاآباد,826037,6
98991,4278,ارتش آباد,236997,6
98992,4278,افشارمحمد,237001,6
98993,4278,آقچه دام,237003,6
98994,4278,اک,237004,6
98995,4278,امامزاده قاسم,237005,6
98996,4278,ایلدرجین,237007,6
98997,4278,بادغین,237008,6
98998,4278,پرچیک,237012,6
98999,4278,تخت میلاق,237015,6
99000,4278,توآباد,237016,6
99001,4278,چاه برف,237018,6
99002,4278,دانک,237025,6
99003,4278,رزک,237026,6
99004,4278,سبزک,237030,6
99005,4278,سیراب,237034,6
99006,4278,شنگیل,237035,6
99007,4278,علی آباد,237037,6
99008,4278,فارس غلان,237039,6
99009,4278,قره آغاج,237041,6
99010,4278,قره داش پرچیک,237043,6
99011,4278,قلی کندی,237045,6
99012,4278,کشکین,237049,6
99013,4278,کلنجین,237050,6
99014,4278,گل زمین,237051,6
99015,4278,مزرعه تخچه علی,237054,6
99016,4278,مصرآباد,237056,6
99017,4278,مندک,237057,6
99018,4278,میان دره,237058,6
99019,4278,میلاق,237060,6
99020,4278,نصرت آباد,237062,6
99021,4278,یمق,237068,6
99022,4278,ینگجه,237070,6
99023,4279,باغو,021132,6
99024,4279,باغو کناره,021133,6
99025,4279,سرطاق,021139,6
99026,4279,سرمحله,021140,6
99027,4279,سوته ده,021141,6
99028,4279,کارکنده,021142,6
99029,4279,گل افرا,021146,6
99030,4279,حسین آباد,322957,6
99031,4279,ابراهیم آباد,322970,6
99032,4279,محمد آباد,322998,6
99033,4280,دشتی کلاته غربی,021137,6
99034,4280,دشتی کلاته شرقی,021138,6
99035,4280,کوه صحرا,021143,6
99036,4280,گز( گز شرقی ),021145,6
99037,4280,وطنا,021150,6
99038,4280,ولفرا,021151,6
99039,4280,گز غربی,310330,6
99040,4280,طرح وطنا,322936,6
99041,4281,استون آباد,021131,6
99042,4281,بنفش تپه,021134,6
99043,4281,جفاکنده,021136,6
99044,4282,تلور,021135,6
99045,4282,کهنه کلباد,021144,6
99046,4282,لیوان غربی,021147,6
99047,4282,لیوان شرقی,021148,6
99048,4282,مزرعه نوده,322912,6
99049,4283,پنج پیکر,017359,6
99050,4283,چاپاقلی,017363,6
99051,4283,صید آباد,017369,6
99052,4283,اسکله,017419,6
99053,4283,آشوراده,017420,6
99054,4283,اورکت حاجی,017421,6
99055,4283,یموت,017429,6
99056,4283,هاشمنلی,320679,6
99057,4284,ارخ کوچک,017351,6
99058,4284,خواجه لر,017365,6
99059,4284,اسلام تپه,017370,6
99060,4284,گامیشلی نزار,017380,6
99061,4284,آق سین تپه,323088,6
99062,4284,خمبر آباد,325704,6
99063,4284,محمد آباد شمالی,827006,6
99064,4285,قره سو,017426,6
99065,4285,نیاز آباد,017428,6
99066,4286,ایوان آباد,017422,6
99067,4286,پیخی حاجی,017423,6
99068,4286,قره تپه,017425,6
99069,4286,قره قاشلی,017427,6
99070,4286,زابلی محله علیا,021190,6
99071,4286,زابلی محله سفلی,021191,6
99072,4286,صفر حاجی,320667,6
99073,4286,آنه حاجی,320675,6
99074,4286,آشورآباد,325705,6
99075,4287,الوستان,020506,6
99076,4287,بلوک غلام,020512,6
99077,4287,پیچک محله,020513,6
99078,4287,حاجی آباد,020519,6
99079,4287,حاجی کلاته,020520,6
99080,4287,ساور کلاته,020524,6
99081,4287,قوش کرپی,020532,6
99082,4287,نصرت آباد,020541,6
99083,4287,اودک دوجی,021249,6
99084,4287,باغه شور تپه نفس,021251,6
99085,4287,بدراق آنه گلدی,021254,6
99086,4287,بدراق نوری,021256,6
99087,4287,بهلکه نفس,021260,6
99088,4287,حسن طبیب,021267,6
99089,4287,عرفان آباد,021298,6
99090,4287,امیر آباد فندرسک,021821,6
99091,4287,حکیم آباد,021825,6
99092,4287,معصوم آباد فندرسک,021842,6
99093,4287,کوچک نظرخانی,022343,6
99094,4287,کوچک استاجیق,022344,6
99095,4287,حسین اباد,322465,6
99096,4287,اسلام آباد مزرعه 1,322498,6
99097,4287,امام آباد سیستانیها,322513,6
99098,4287,بلوچ آباد,324075,6
99099,4287,زابلی محله ماهستان,324274,6
99100,4287,اسلام آباد فندرسک,324278,6
99101,4287,اسلام آباد مزرعه 2,325406,6
99102,4287,خاتم آباد,325740,6
99103,4288,افرا تخته,020504,6
99104,4288,الازمن,020507,6
99105,4288,ایستگاه چوب بری,020509,6
99106,4288,کرد آباد,020533,6
99107,4288,چینو,021823,6
99108,4288,خاک پیر زن,021826,6
99109,4288,زرین گل,021829,6
99110,4288,سیاه رودبار,021833,6
99111,4288,شیرین آباد,021836,6
99112,4288,میان رستاق,021843,6
99113,4288,امیرآباد سرخ محله,322499,6
99114,4288,مهدی آباد,324269,6
99115,4288,پردیس سیاه رودبار,827007,6
99116,4288,شهرک صنعتی علی آباد,827038,6
99117,4289,الستان,020505,6
99118,4289,الامن,020508,6
99119,4289,برفتان,020511,6
99120,4289,غریب آباد,020514,6
99121,4289,چلی سفلی,020516,6
99122,4289,چلی علیا,020517,6
99123,4289,چه جا,020518,6
99124,4289,خولین دره,020521,6
99125,4289,رحمت آباد,020522,6
99126,4289,ریگ چشمه,020523,6
99127,4289,سیاه مرز کوه,020526,6
99128,4289,طاویر,020529,6
99129,4289,عباس اباد,020530,6
99130,4289,گنو,020535,6
99131,4289,ماهیان,020537,6
99132,4289,محمد آباد,020538,6
99133,4289,نرسو,020540,6
99134,4289,وسی سر,020544,6
99135,4289,مزرعه ولی الله معززی,020545,6
99136,4289,دامداری حجت کتولی,322455,6
99137,4290,باقر آباد,020510,6
99138,4290,جهان بینی,020515,6
99139,4290,شیرنگ سفلی,020527,6
99140,4290,شیرنگ علیا,020528,6
99141,4290,مارون کلاته,020536,6
99142,4290,نصرکان علیا,020542,6
99143,4290,آزاد تپه,021289,6
99144,4290,آشوربای,021294,6
99145,4290,قره بلاغ,021301,6
99146,4290,کوزه لی,021308,6
99147,4290,شجاع آباد,322372,6
99148,4290,ضیاء آباد,322389,6
99149,4290,ذبیح آباد,322390,6
99150,4290,احمد آباد ( بلوچ آباد ),325739,6
99151,4290,نور آباد,827044,6
99152,4291,درازنو,021185,6
99153,4291,رادکان,021189,6
99154,4291,سالی کنده,021193,6
99155,4291,سرکلاته خراب شهر,021194,6
99156,4291,کنداب,021197,6
99157,4291,چمن ساور,021498,6
99158,4291,حاجی آباد کوهپایه,021499,6
99159,4291,ایستگاه چوب,323008,6
99160,4291,راهدارخانه,325349,6
99161,4291,دکل تلویزیون,325350,6
99162,4291,جهان نما,325367,6
99163,4291,حاجی آباد دشت,325722,6
99164,4291,یزدان محله,325756,6
99165,4292,چقر,021182,6
99166,4292,درود محله,021186,6
99167,4292,زراع محله,021192,6
99168,4292,اسلام آباد شاده,021195,6
99169,4292,گرجی محله,021198,6
99170,4292,مفید آباد,021199,6
99171,4292,مهتر کلاته,021200,6
99172,4292,میاندره,021201,6
99173,4292,نامن,021202,6
99174,4292,یساقی,021204,6
99175,4292,امامزاده روشن آباد,021491,6
99176,4292,غلام آباد,322864,6
99177,4292,دنگلان,322877,6
99178,4292,محمد آباد,325353,6
99179,4293,النگ,021177,6
99180,4293,ایلوار پنج دانگه,021178,6
99181,4293,ایلوار یک دانگه,021179,6
99182,4293,بالا جاده,021180,6
99183,4293,چهارده,021183,6
99184,4293,خرم آباد,021184,6
99185,4293,قلندرایش,021196,6
99186,4293,کریم آباد ( شیخ کریم ),325693,6
99187,4294,اصفهان کلاته,021410,6
99188,4294,آهنگر محله,021413,6
99189,4294,باغ گلبن,021414,6
99190,4294,توسکاستان,021418,6
99191,4294,جلین سفلی,021421,6
99192,4294,دودانگه,021426,6
99193,4294,سیاهتلو,021430,6
99194,4294,فیض آباد,021434,6
99195,4294,قرن آباد,021435,6
99196,4294,مریم آباد,021440,6
99197,4294,ناهارخوران,021443,6
99198,4294,نصرآباد,021444,6
99199,4294,نومل,021446,6
99200,4294,ولیک آباد,021448,6
99201,4294,النگ دره,021451,6
99202,4294,چهار باغ,021570,6
99203,4294,زیارت,021571,6
99204,4294,شاه کوه سفلی,021572,6
99205,4294,دامداری شکر علی,323590,6
99206,4294,دامداری شاه کلام,323591,6
99207,4294,دامداری سرچال,323592,6
99208,4294,دامداری ایمانی,323593,6
99209,4294,دامداری سبز علی آباد/ دیملو,323594,6
99210,4294,دامداری خجیره,323595,6
99211,4294,درآسیاب,323601,6
99212,4294,دامداری آلاگو,323603,6
99213,4294,دامداری کمربن,323607,6
99214,4294,دامداری برت چیگاه,323608,6
99215,4294,دامداری سوس,323609,6
99216,4294,دامداری قزلق,323610,6
99217,4294,اسلام آباد جلین,323692,6
99218,4294,خیرات,323730,6
99219,4294,کوی صدف/ قزاق محله,325689,6
99220,4295,توشن,021419,6
99221,4295,محمدآباد,021438,6
99222,4295,امیر آباد,021492,6
99223,4295,اوجابن,021494,6
99224,4295,زنگیان,021502,6
99225,4295,سعدآباد,021505,6
99226,4295,قلعه محمود,021512,6
99227,4295,کریم اباد,021514,6
99228,4295,لاملنگ,021522,6
99229,4295,مامایی,021523,6
99230,4295,سیستانی محله,323403,6
99231,4295,فخرآباد و گلند تاریکی,323429,6
99232,4295,امامزاده شاهزاده ابراهیم,323442,6
99233,4295,فته باغ,325408,6
99234,4295,سلیمان تپه,325424,6
99235,4295,شیرعلی آباد,325695,6
99236,4295,ابراهیم آباد,325696,6
99237,4296,اسبو محله,021490,6
99238,4296,تخشی محله,021495,6
99239,4296,چالکی,021497,6
99240,4296,حیدرآباد,021500,6
99241,4296,سدن,021503,6
99242,4296,سرکلاته کفش گیری,021504,6
99243,4296,سید میران,021506,6
99244,4296,شموشک سفلی,021507,6
99245,4296,شموشک علیا,021508,6
99246,4296,قلندر محله,021513,6
99247,4296,کفش گیری,021515,6
99248,4296,کلو,021516,6
99249,4296,کلاجان سادات,021517,6
99250,4296,کلاجان قاجار,021518,6
99251,4296,کلاسنگیان,021519,6
99252,4296,للدوین,021520,6
99253,4296,لمسک,021521,6
99254,4296,نوچمن,021524,6
99255,4296,نودیجه,021525,6
99256,4296,ورسن,021526,6
99257,4296,هاشم آباد,021527,6
99258,4296,یالو,021528,6
99259,4296,عیسی محله,325409,6
99260,4296,آلوفن,325688,6
99261,4297,اتراچال,021408,6
99262,4297,الو کلاته,021411,6
99263,4297,تورنگ تپه,021417,6
99264,4297,چوپلانی,021424,6
99265,4297,چهار چنار,021425,6
99266,4297,رستم کلاته سادات,021427,6
99267,4297,سلطان آباد,021429,6
99268,4297,شمس اباد,021431,6
99269,4297,علی آباد کنار شهر,021432,6
99270,4297,فوجرد,021433,6
99271,4297,کماسی,021436,6
99272,4297,کمال آباد,021437,6
99273,4297,مرزن کلاته,021439,6
99274,4297,معصوم آباد,021441,6
99275,4297,میرمحله,021442,6
99276,4297,نوده شریف,021445,6
99277,4297,درویش آباد,021449,6
99278,4298,تقرتپه,021415,6
99279,4298,تقی آباد,021416,6
99280,4298,والش آباد,021447,6
99281,4298,بلبل تپه,021450,6
99282,4298,تیمور آباد,021595,6
99283,4298,جعفر آباد,021596,6
99284,4298,چنار قشلاق,021597,6
99285,4298,حسین آباد ملک,021598,6
99286,4298,قلی آباد,021601,6
99287,4298,گناره,021602,6
99288,4298,گوزن فارس,021603,6
99289,4298,میان آباد ملک,021604,6
99290,4298,نوده ملک,021605,6
99291,4298,جهان آباد سفلی,323117,6
99292,4298,جهان آباد علیا,323118,6
99293,4298,جهان تیغ,323129,6
99294,4298,بلوچ آباد/ نظرآباد,325697,6
99295,4299,آراقویی,021652,6
99296,4299,آق بند,021653,6
99297,4299,اوچقوئی,021654,6
99298,4299,اوخی تپه,021655,6
99299,4299,بیشک تپه,021659,6
99300,4299,پاسگاه پل شهید قاسم سلیمانی,021660,6
99301,4299,پشه لر,021663,6
99302,4299,ترشکلی,021664,6
99303,4299,تنگلی,021665,6
99304,4299,خیرخواجه نجف,021667,6
99305,4299,داشلی برون,021669,6
99306,4299,دانشمند,021670,6
99307,4299,دماغ,021672,6
99308,4299,فدوی,021674,6
99309,4299,قره ماخر,021675,6
99310,4299,قره دونگ,021677,6
99311,4299,قلاق بورته,021679,6
99312,4299,قیزلر,021681,6
99313,4299,کلیجه,021683,6
99314,4299,نارلی داغ,021685,6
99315,4299,پاسگاه مرزی دانشمند,323783,6
99316,4299,شوردگش,323784,6
99317,4299,پاسگاه مرزی داشلی برون,323785,6
99318,4299,خیرخواجه سفلی,323788,6
99319,4299,خیرخواجه علیا,323789,6
99320,4299,ماسان کوپ,325417,6
99321,4299,ارتق قلیچ چشمه,325418,6
99322,4299,قره کسلخه,325419,6
99323,4299,پاسگاه مرزی قولاق بورته,325741,6
99324,4299,پاسگاه مرزی خیر خواجه,325742,6
99325,4299,خیرخواجه دولت نظر,595920,6
99326,4299,دوزالوم جنوبی,595923,6
99327,4299,دوزالوم الیاس حاجی,595924,6
99328,4299,دوزالوم ازبک آباد,595925,6
99329,4300,ای تمر,021658,6
99330,4300,سازمان چات,021668,6
99331,4300,داده الوم,021671,6
99332,4300,هوتن,021686,6
99333,4300,قربان قلیچ ملا,323737,6
99334,4300,پاسگاه مرزی کرند,325303,6
99335,4300,پاسگاه جدید چات,325304,6
99336,4301,حاجی قوشان,021932,6
99337,4301,آبادان تپه,022252,6
99338,4301,آق آباد,022254,6
99339,4301,اگری بوغاز,022257,6
99340,4301,امان قره جه,022258,6
99341,4301,چپرقویمه,022262,6
99342,4301,چکر عطا,022263,6
99343,4301,سارلی مختوم,022270,6
99344,4301,عرب سرنگ,022278,6
99345,4301,عوض حاجی,022279,6
99346,4301,قره محمد تپه,022281,6
99347,4301,بوئین اوزین قجق,022283,6
99348,4301,گوزنی تپه,022287,6
99349,4301,ملک علی تپه,022288,6
99350,4301,ملا علی تپه,022289,6
99351,4301,چای قوشان بزرگ,022379,6
99352,4301,چای قوشان کوچک,022380,6
99353,4301,سید نیاز,323740,6
99354,4301,امان گل تپه,323745,6
99355,4301,گوزنی تپه بالا,323756,6
99356,4301,تکه لر,323764,6
99357,4301,عطالر,323765,6
99358,4301,کسکن قجق,323766,6
99359,4301,توتلی کوچک,323773,6
99360,4301,ایشانلر,323778,6
99361,4301,شهرک صنعتی گنبد کاووس,325420,6
99362,4301,غراولر,325668,6
99363,4301,شهرک گلستان امام خمینی,325738,6
99364,4302,سلاق یاسی تپه,022290,6
99365,4302,ابه پلنگ,022330,6
99366,4302,محمدایمر,022331,6
99367,4302,ایمرتوره ملا,022332,6
99368,4302,ایمر حاجی الهیار,022333,6
99369,4302,ایمر ملاساری,022334,6
99370,4302,بی بی شیروان,022335,6
99371,4302,تاقان پای پتکه,022336,6
99372,4302,سلاق امان خرلر,022337,6
99373,4302,سلاق غایب,022339,6
99374,4302,سلاق نوری,022341,6
99375,4302,قوچ مراد,022342,6
99376,4302,کوچک خرطوم,022345,6
99377,4302,یارتی قایه,022346,6
99378,4302,باغلی ماراما,022434,6
99379,4302,کاکا,022442,6
99380,4302,هیوه چی مرکزی,022445,6
99381,4302,مهدی آباد,324041,6
99382,4302,هادی آباد,324042,6
99383,4302,کوچک دیگ سعید,324050,6
99384,4302,حاجی قلیچ,324056,6
99385,4302,کوچک بردی کر,324057,6
99386,4302,شهرک بهشتی,324080,6
99387,4302,سلاق تاج محمد,324085,6
99388,4302,شورالنگ,324102,6
99389,4302,زابلی محله قوچ مراد,324103,6
99390,4302,سلاق قلیچ تپه,324104,6
99391,4302,توقلاجیق تپه,324110,6
99392,4302,مزرعه خدا قلی نجم الدین,324113,6
99393,4302,مزرعه احمد محمدی,324114,6
99394,4302,مزرعه پیغمبر قلی یلمه,324115,6
99395,4302,مزرعه حاجی قاسمی,324116,6
99396,4302,مزرعه مشترک محمدی,324117,6
99397,4302,بلوچ ایمرمحمد,324121,6
99398,4302,سرپل,324141,6
99399,4302,هیوه چی بالا,325354,6
99400,4302,تپه نورجان,325699,6
99401,4302,داودی سپاهی دادگر,325700,6
99402,4302,میدان مراد,325701,6
99403,4302,محمد آباد,325702,6
99404,4302,گل تپه,827008,6
99405,4302,حاجی آباد/ استاد رجب,827009,6
99406,4302,حسین آباد/ محمدایمر,827010,6
99407,4302,شاملو,827039,6
99408,4302,انورآباد و سرتپه,827040,6
99409,4302,سازمان سرخوش,827050,6
99410,4302,شهید صیادی,827051,6
99411,4303,پلی حاجی,022259,6
99412,4303,حاجی لرقلعه,022264,6
99413,4303,آراز محمد آخوند,022367,6
99414,4303,ارتق حاجی,022368,6
99415,4303,اسلام آباد,022369,6
99416,4303,ایگدر سفلی,022370,6
99417,4303,ایگدر علیا,022371,6
99418,4303,ایمر محمدقلی آخوند,022372,6
99419,4303,بایلر,022373,6
99420,4303,پشمک پناده,022375,6
99421,4303,ثمبه مختوم,022378,6
99422,4303,حاجی بلخان,022381,6
99423,4303,حسن آباد,022382,6
99424,4303,زابلی آباد,022384,6
99425,4303,سارجه کر,022385,6
99426,4303,سارلی سفلی,022386,6
99427,4303,سارلی علیا,022387,6
99428,4303,قزلچه پشمک,022391,6
99429,4303,قول حاجی,022392,6
99430,4303,قوینلی,022393,6
99431,4303,کوچک الوم,022394,6
99432,4303,کوچک یورت شیخان,022395,6
99433,4303,فجر,022396,6
99434,4303,ملاتقی,022398,6
99435,4303,زندان گنبد,323972,6
99436,4303,بوزاق آباد,325433,6
99437,4303,عباس آباد,325434,6
99438,4303,جلائین تپه,325435,6
99439,4303,طالقان تپه,325674,6
99440,4303,شهید قربانی/ مزرعه مهدی تهرانی,325690,6
99441,4303,بارانیها,325698,6
99442,4303,مرجان آباد,827002,6
99443,4303,عنایت آباد,827014,6
99444,4303,سازمان ناصری,827052,6
99445,4303,سازمان نورآباد/ صوفی هلاکو,827053,6
99446,4303,سازمان حسن بلوچ,827054,6
99447,4304,آق قیه,022255,6
99448,4304,قراول تپه,022260,6
99449,4304,چاروایلقی,022261,6
99450,4304,حالی آخوند,022265,6
99451,4304,دیکچه,022268,6
99452,4304,ساری بخش,022271,6
99453,4304,سلطانعلی,022275,6
99454,4304,قزاقلی,022280,6
99455,4304,قورپلچه,022284,6
99456,4304,کورکلی,022285,6
99457,4304,گدم آباد,022286,6
99458,4304,بهرا م آباد,323763,6
99459,4304,داشلی سفلی,324026,6
99460,4304,داشلی علیا,324027,6
99461,4304,نور آباد,324034,6
99462,4304,ارمی آباد,324035,6
99463,4304,قلندرآباد بالا,324036,6
99464,4304,قلندرآباد پائین,324037,6
99465,4304,مزرعه نورجان شیر محمدی,324109,6
99466,4304,مزرعه قربان شیر محمدی,324111,6
99467,4304,آقچلی سفلی,324215,6
99468,4304,خوجملی,325675,6
99469,4304,امیدآباد,325682,6
99470,4304,عطاآباد,325683,6
99471,4304,علی آباد سیستانیها,325684,6
99472,4304,هجرت/ مزرعه روحانی,325691,6
99473,4304,خیرآباد/ مراد میهن,827011,6
99474,4304,امیدیه,827012,6
99475,4304,توحید 2,827013,6
99476,4304,مزرعه آشور شیرمحمدلی,827048,6
99477,4304,سازمان وجدانی,827049,6
99478,4305,دشت حلقه,022383,6
99479,4305,قره چشمه,022389,6
99480,4305,ازداران,022587,6
99481,4305,امام عبداله,022589,6
99482,4305,بازگیر,022590,6
99483,4305,پرسه سو,022594,6
99484,4305,پس پشته,022595,6
99485,4305,تخت,022596,6
99486,4305,جنگلده بالا,022599,6
99487,4305,جنگلده پائین,022600,6
99488,4305,حسن خان,022601,6
99489,4305,حسین کرد,022603,6
99490,4305,حیدر کلاه,022604,6
99491,4305,ده عبداله,022605,6
99492,4305,زنگلاب,022606,6
99493,4305,ساسنگ,022607,6
99494,4305,سران,022608,6
99495,4305,سرخو,022610,6
99496,4305,طول آرام,022611,6
99497,4305,عباس آباد املاک,022612,6
99498,4305,قلعه چه,022614,6
99499,4305,قلمی,022615,6
99500,4305,کلوکند,022618,6
99501,4305,گوگل,022620,6
99502,4305,لولوم,022622,6
99503,4305,لیسه,022623,6
99504,4305,مبارک آباد,022624,6
99505,4305,محمد آباد,022625,6
99506,4305,محمد زمانخان,022627,6
99507,4305,معرکه محله,022628,6
99508,4305,ملاشی,022629,6
99509,4305,ناعلاج,022632,6
99510,4305,باقر آباد,325007,6
99511,4305,آرام نرو پائین,325041,6
99512,4305,آرام نرو بالا,325043,6
99513,4305,کویت محله,325045,6
99514,4305,شرکت صحرا,325047,6
99515,4305,سنچولی آباد,325364,6
99516,4305,کالشور,827015,6
99517,4305,شیرعلیان,827016,6
99518,4305,سازمان بلوچ آباد,827047,6
99519,4306,آهنگر محله,022479,6
99520,4306,بلمجرک,022482,6
99521,4306,تیغ زمین,022490,6
99522,4306,دروک,022498,6
99523,4306,دوجوز,022499,6
99524,4306,ریگ چشمه,022503,6
99525,4306,زمین شاهی,022504,6
99526,4306,زندان چال,022505,6
99527,4306,قلعه قافه بالا,022517,6
99528,4306,کفش محله,022518,6
99529,4306,کوه کمر,022520,6
99530,4306,ورچشمه,022527,6
99531,4306,یکه سور,325051,6
99532,4306,ریگ چشمه پایین,325681,6
99533,4306,قلعه قافه پایین,325703,6
99534,4307,پرنگل,022483,6
99535,4307,تاشته,022486,6
99536,4307,ترسه,022487,6
99537,4307,توسکا چال,022488,6
99538,4307,چمانی بالا,022491,6
99539,4307,چمانی پایین,022492,6
99540,4307,چمانی وسط,022493,6
99541,4307,ده چناشک,022501,6
99542,4307,صفی اباد,022511,6
99543,4307,نرسه,022525,6
99544,4308,اسفرانجان,022477,6
99545,4308,اولنگ,022478,6
99546,4308,برنج بن,022480,6
99547,4308,براین,022481,6
99548,4308,درجن,022497,6
99549,4308,سایر,022506,6
99550,4308,کلاسره,022519,6
99551,4309,تازه آباد,021243,6
99552,4309,آقدگش علیا,021244,6
99553,4309,چین سولی,021264,6
99554,4309,مزرعه خراسانی زاده,021269,6
99555,4309,مزرعه کشت و صنعت عمران,021284,6
99556,4309,قرنجیک پورامان,021300,6
99557,4309,شرکت کشاورزی و دامپروری ران,323048,6
99558,4309,مزرعه منصور جرجانی,323053,6
99559,4309,مزرعه کریم جرجانی,325672,6
99560,4309,کارخانه چرم سازی آق قلا,325758,6
99561,4309,همت آباد,827025,6
99562,4310,پاسگاه سنگر تپه,017355,6
99563,4310,پاسگاه صوفیکم,017357,6
99564,4310,حبیب ایشان,021266,6
99565,4310,مزرعه نمونه ارتش,021313,6
99566,4310,یلمه سالیان,021319,6
99567,4310,پاسگاه مرزی پل غربی,021661,6
99568,4310,سد گرگان,022338,6
99569,4310,سازمان اتحاد شماره 1 و 2,323030,6
99570,4310,گوگ تپه دو,323031,6
99571,4310,عباس اباد,323033,6
99572,4310,شیخ آباد یلمه سالیان,323034,6
99573,4310,امین آباد,323036,6
99574,4310,اسلام آباد بالا,323037,6
99575,4310,اسلام آباد پایین,323038,6
99576,4310,سازمان انقلاب,323039,6
99577,4310,محمد آباد بالا,323040,6
99578,4310,محمد آباد پائین,323041,6
99579,4310,گوگ تپه یک,323044,6
99580,4310,شهرک وحدت اسلامی,324106,6
99581,4310,قاسم آباد یلمه سالیان,325390,6
99582,4311,پیرواش سفلی,021262,6
99583,4311,پیرواش علیا,021263,6
99584,4311,شفتالو باغ علیا,021290,6
99585,4311,شفتالو باغ سفلی,021291,6
99586,4311,عطاآباد,021296,6
99587,4311,قره تپه,021302,6
99588,4311,قزلی,021304,6
99589,4311,کرد,021307,6
99590,4311,نصرکان سفلی,021315,6
99591,4311,شیخ تپه,323095,6
99592,4311,انبار تپه,323096,6
99593,4311,اونق یلقی علیا,323099,6
99594,4311,اونق یلقی سفلی,325673,6
99595,4311,اکبر آباد,325712,6
99596,4312,اوچ تپه,021248,6
99597,4312,باغه شیخ موسی,021252,6
99598,4312,باغه یلمه سالیان,021253,6
99599,4312,بدراق ملا,021255,6
99600,4312,بهلکه بایرام اخوند,021257,6
99601,4312,بهلکه داشلی,021258,6
99602,4312,بهلکه شیخ موسی,021259,6
99603,4312,خیولی,021270,6
99604,4312,قره داغلی,021303,6
99605,4312,گری دوجی,021309,6
99606,4312,نصرت آباد,323212,6
99607,4312,جماران,323213,6
99608,4312,سخی آباد,325707,6
99609,4312,شاکریان,325708,6
99610,4312,تپه ظهوریان,325709,6
99611,4312,سازمان حیدری,325711,6
99612,4313,آق قبر,021242,6
99613,4313,اقزبیر,021245,6
99614,4313,خوجه توپ,021247,6
99615,4313,پیر آغاچ,021261,6
99616,4313,حاجی قره,021265,6
99617,4313,حیدر آباد,021268,6
99618,4313,دلیجه,021271,6
99619,4313,دوگونچی,021272,6
99620,4313,سقریلقی,021286,6
99621,4313,سلاق یلقی,021287,6
99622,4313,سیدلر,021288,6
99623,4313,شورحیات,021292,6
99624,4313,صحنه سفلی,021293,6
99625,4313,عثمان آباد,021295,6
99626,4313,قانقرمه,021297,6
99627,4313,قربان آباد,021299,6
99628,4313,قلعه جیق,021305,6
99629,4313,قوشجان آباد,021306,6
99630,4313,محمد الق,021311,6
99631,4313,میرزاعلی یلقی,021314,6
99632,4313,گامیشلی یلقی,021316,6
99633,4313,یامپی,021317,6
99634,4313,یلمه خندان,021318,6
99635,4313,شهرک صنعتی آق قلا,325407,6
99636,4313,محمد آباد,325713,6
99637,4314,اجن سنگرلی,021909,6
99638,4314,خواجه حسن,021936,6
99639,4314,دهنه پرسوقویی,021942,6
99640,4314,صالح آباد چقرلی,021957,6
99641,4314,قوجمز,021968,6
99642,4314,کاظم خوجه,021970,6
99643,4314,گونیلی,021980,6
99644,4314,یکه قوز بالا,021985,6
99645,4314,یکه قوز پائین,021986,6
99646,4314,اجن یلی,021988,6
99647,4314,چهار مازو,021990,6
99648,4314,بلوک اجن,325168,6
99649,4314,یکه قوز خواجه,827074,6
99650,4315,قویجق,021680,6
99651,4315,یلی بدراق,021687,6
99652,4315,صوفی شیخ داز,021933,6
99653,4315,داردای بهلکه گینک لیک,021940,6
99654,4315,دوجی,021941,6
99655,4315,صوفیان,021952,6
99656,4315,صوفی شیخ,021953,6
99657,4315,صوفی شیخ غراوی,021954,6
99658,4315,قره تپه شیخ,021962,6
99659,4315,قره جه,021963,6
99660,4315,تمرقره قوزی,021966,6
99661,4315,مالای شیخ گینک لیک,021982,6
99662,4315,یارم تپه,021983,6
99663,4315,گچ سو بالا,325184,6
99664,4315,گچ سو پایین,325185,6
99665,4315,اوقچی کوچک,325187,6
99666,4315,اوقچی بزرگ,325188,6
99667,4315,چالجه,325189,6
99668,4315,مالای شیخ عطالر,325191,6
99669,4315,گینک لیک قره صحنه,325193,6
99670,4315,قره ترناو,827043,6
99671,4316,امان خوجه,021916,6
99672,4316,باینال,021918,6
99673,4316,بربر قلعه,021920,6
99674,4316,چقر شیرملی,021931,6
99675,4316,حیدر آباد محمد شیر,021935,6
99676,4316,خوجه لر,021938,6
99677,4316,حسین فرید,021943,6
99678,4316,حاج علی اسلامی 1,021944,6
99679,4316,همت آباد سیستانیها,021945,6
99680,4316,پیروز آباد,021948,6
99681,4316,قراول حاجی تاجی,021960,6
99682,4316,قرقیز,021961,6
99683,4316,قره شور,021965,6
99684,4316,کنگور,021973,6
99685,4316,کوسه,021975,6
99686,4316,گرکز,021977,6
99687,4316,مزرعه گراییلی (آبیل آباد ),325195,6
99688,4316,دشتی,325196,6
99689,4316,شهرک جمهوری اسلامی (گینگ لیک ),325197,6
99690,4316,سد چمران,325198,6
99691,4316,سلمان فارسی,325203,6
99692,4316,زابلی محله قره شور,325204,6
99693,4316,گاومیشلی,325209,6
99694,4316,مجاور,325211,6
99695,4316,تگک امام عبداله,325214,6
99696,4316,گراییلی ( هفده شهریور ),325217,6
99697,4316,حاجی اشرفیان 1,325219,6
99698,4316,صداقتی,325221,6
99699,4316,حاجی رضائی,325222,6
99700,4316,چمران,325223,6
99701,4316,قربان شیخ,325224,6
99702,4316,طوقه,325227,6
99703,4316,ابوالحسن خان,325228,6
99704,4316,خمبر آباد,325233,6
99705,4316,فتح آباد,325237,6
99706,4316,بلال,325238,6
99707,4316,ثاراله,325239,6
99708,4316,انقلاب,325240,6
99709,4316,خان بابا احمدی,325242,6
99710,4316,عاشورا,325248,6
99711,4316,وحدت,325249,6
99712,4316,ابوذر,325335,6
99713,4316,ایکی قد,827004,6
99714,4316,بارانی,827026,6
99715,4316,شهید بهشتی,827027,6
99716,4316,قنات شیر ملی,827029,6
99717,4317,قره آغاچ,021676,6
99718,4317,آراز علی شیخ/ شیخ لر,021912,6
99719,4317,آق یاجی,021915,6
99720,4317,چروک پیشکمر,021929,6
99721,4317,قره سید,021964,6
99722,4317,کسر پیشکمر,021972,6
99723,4317,بایندر,021976,6
99724,4317,گوکجه,021979,6
99725,4317,پاشائی,022089,6
99726,4317,حاجی بیک سفلی,325121,6
99727,4317,حاجی بیک علیا,325122,6
99728,4317,روشن دره,325183,6
99729,4317,آشور محمدی,827030,6
99730,4317,مهدی آباد,827055,6
99731,4317,بلوچ آباد,827056,6
99732,4317,سایت حاجی بیک,827073,6
99733,4318,ارجنلی,021913,6
99734,4318,توتلی تمک,021927,6
99735,4318,خوجه یاپاقی,021939,6
99736,4318,زاو پائین,021946,6
99737,4318,سوار پائین,021949,6
99738,4318,سوار بالا,021950,6
99739,4318,عزیز آباد,021956,6
99740,4318,قدونه سفلی,021959,6
99741,4318,کروک چوتور,021971,6
99742,4318,کورلر,021974,6
99743,4318,گرگاندوز,021978,6
99744,4318,یاساقلق,021984,6
99745,4318,قرنگی جنگل,022129,6
99746,4318,یل چشمه جدید,325128,6
99747,4318,یل چشمه سفلی,325129,6
99748,4318,یل چشمه علیا,325130,6
99749,4318,دومانلی,325132,6
99750,4318,سوار وسط,325134,6
99751,4318,قره یسر پائین,325149,6
99752,4318,قره یسر بالا,325151,6
99753,4318,قدونه علیا,325155,6
99754,4318,زاو بالا,325156,6
99755,4318,چیشت خوجه لر,325365,6
99756,4318,قایراق داشلی,827028,6
99757,4319,تیل آباد,021871,6
99758,4319,غزنوی,021872,6
99759,4319,خوش ییلاق,021873,6
99760,4319,رحیم آباد,021874,6
99761,4319,رودبار,021875,6
99762,4319,فارسیان,021876,6
99763,4319,قشلاق,021877,6
99764,4319,خانه های سازمانی معدن زغال سنگ قشلاق,021878,6
99765,4319,نرگس چال,021879,6
99766,4319,سیب چال,022508,6
99767,4319,کاشیدار,022522,6
99768,4319,نراب,022524,6
99769,4319,وامنان,022526,6
99770,4319,حاجی آباد,324169,6
99771,4319,جهاد آباد,324171,6
99772,4319,معصوم آباد,324173,6
99773,4319,اسلام آباد قشلاق,324175,6
99774,4319,مهدی آباد,324178,6
99775,4319,قهوه خانه چشمه بهار,324188,6
99776,4320,تختزمین,021735,6
99777,4320,سرابو,021746,6
99778,4320,سررودبار,021750,6
99779,4320,سوسرا,021751,6
99780,4320,زمستان یورت,021764,6
99781,4320,وطن,021880,6
99782,4320,سرای محمد حسین,324159,6
99783,4320,معدن ذغال سنگ قشلاق واحد یک,325295,6
99784,4320,پادگان نظامی نوده,325410,6
99785,4321,ازدارتپه,021730,6
99786,4321,تیلان,021738,6
99787,4321,خاندوز سادات,021741,6
99788,4321,سرکهریزا,021748,6
99789,4321,سید آباد,021752,6
99790,4321,فاضل آباد,021754,6
99791,4321,کوه میان,021759,6
99792,4321,مرزبن,021762,6
99793,4321,نیلی,021772,6
99794,4321,اکبر آباد,324466,6
99795,4322,سبزواریها,021727,6
99796,4322,ممی اقچلی,021728,6
99797,4322,ارازتقان,021729,6
99798,4322,کشت و صنعت گل چشمه,021760,6
99799,4322,پشمک طوق تمیش,022376,6
99800,4322,تاتار بایجق,022377,6
99801,4322,قزلجه آق امام,022390,6
99802,4322,اقچلی علیا,022433,6
99803,4322,صاتلق بای زیتونلی,022439,6
99804,4322,عطابهلکه,022440,6
99805,4322,قورچای,022441,6
99806,4322,نظرچاقلی,022444,6
99807,4322,گلها,324209,6
99808,4322,اق امام,324213,6
99809,4322,آقچلی قرخلر,324249,6
99810,4322,حاجی نبی گل چشمه,325351,6
99811,4322,احمد آباد,325677,6
99812,4322,مزرعه یزدانی,325678,6
99813,4322,مزرعه مختارزاده,325679,6
99814,4322,بهرام صوفی,827001,6
99815,4322,وحدت حاجی نبی 2,827037,6
99816,4322,سازمان امجدی,827046,6
99817,4323,جعفرآباد نامتلو,021822,6
99818,4323,حسین آباد تپه سری,021824,6
99819,4323,دارکلاته,021827,6
99820,4323,شفیع آباد,021834,6
99821,4323,مازیاران,021839,6
99822,4323,مشو,021841,6
99823,4323,نقی آباد,021844,6
99824,4323,بلوچ آباد,324320,6
99825,4323,رضا آباد,324321,6
99826,4323,گردایش بلوچ آباد,324322,6
99827,4323,بلوچ آباد مشو,324334,6
99828,4323,حسین آباد سیستانیها,324336,6
99829,4323,امامیه,325686,6
99830,4323,نور آباد,827078,6
99831,4324,سعدآباد فندرسک,021830,6
99832,4324,سنگستان,021832,6
99833,4324,شیرآباد,021835,6
99834,4324,لاله باغ,021838,6
99835,4324,نی تپه,021845,6
99836,4324,آراز گل,324292,6
99837,4324,ازداری,325308,6
99838,4324,محمد آباد,325411,6
99839,4324,همت آباد,325412,6
99840,4324,سلمان فارسی,827035,6
99841,4324,چقر,827036,6
99842,4324,محبت زکریا,827077,6
99843,4324,محمد چاروا,827079,6
99844,4325,توران ترک,021736,6
99845,4325,توران فارس,021737,6
99846,4325,چاله پلرز,021740,6
99847,4325,زینب اباد,021745,6
99848,4325,سرتپه,021747,6
99849,4325,قره قاچ,021755,6
99850,4325,کلو,021758,6
99851,4325,نارکلاته,021768,6
99852,4325,سفید چشمه,021831,6
99853,4325,گلند,021837,6
99854,4325,تاتار سفلی,022436,6
99855,4325,اوخلی بالا,324440,6
99856,4325,اوخلی پائین,324441,6
99857,4325,اوخلی فروگاه فرهناک,324442,6
99858,4325,الله آباد,325413,6
99859,4325,آبه حاجی نظر,325687,6
99860,4325,فجر( مزرعه اشرفیون ),325692,6
99861,4325,سازمان میانکاله/ مزرعه منتظری,325694,6
99862,4325,حسین آباد قربانی,325714,6
99863,4325,دریا,325715,6
99864,4325,سازمان حاج سید,325716,6
99865,4325,اسلام آباد علیا,325717,6
99866,4325,اسلام آباد سفلی,325718,6
99867,4325,توحید آباد,325719,6
99868,4325,سازمان سید احمد خمینی,325721,6
99869,4325,شهید چمران,827034,6
99870,4325,سازمان رخشانی,827045,6
99871,4325,شهید باهنر,827069,6
99872,4325,کارخانه آرد,827075,6
99873,4326,الهادی,021731,6
99874,4326,باقرآباد,021732,6
99875,4326,پاقلعه,021733,6
99876,4326,پل ارام,021734,6
99877,4326,جوزچال,021739,6
99878,4326,دزدک,021742,6
99879,4326,رجن,021743,6
99880,4326,رضی,021744,6
99881,4326,سید کلاته,021753,6
99882,4326,قورچای,021756,6
99883,4326,کشکک,021757,6
99884,4326,مزرعه نعیم اباد,021765,6
99885,4326,ملچ ارام,021767,6
99886,4326,ویرو,021773,6
99887,4326,شش آب,324343,6
99888,4326,ایستگاه معدن زغال سنگ اولنگ البرز,324344,6
99889,4326,معدن گچ رامیان,324345,6
99890,4327,آق تقه قدیم,022074,6
99891,4327,اینجرلی,022081,6
99892,4327,باباشملک,022082,6
99893,4327,بالکور,022084,6
99894,4327,بالی قایه,022085,6
99895,4327,چناران,022101,6
99896,4327,خوجه گلدی,022105,6
99897,4327,دکلی داش,022108,6
99898,4327,ساری قمیش,022111,6
99899,4327,سوزش,022113,6
99900,4327,شارلق یموت,022115,6
99901,4327,قربان پیکار,022124,6
99902,4327,قرقیجق,022125,6
99903,4327,قره اقاچلی,022130,6
99904,4327,قزل دالق,022134,6
99905,4327,نارلی آجی سو,022150,6
99906,4327,همت آباد پایین,022151,6
99907,4327,یازگلدی,022152,6
99908,4327,یکه چنار,022155,6
99909,4327,آق تقه جدید,022161,6
99910,4327,قره قول تپه,324954,6
99911,4327,قره دام جنوبی,324971,6
99912,4327,شورجه بالا,324973,6
99913,4327,چایلی,324981,6
99914,4327,قره گل کله,324987,6
99915,4327,قره گل شرقی,324989,6
99916,4327,قره گل تخته وسط,324990,6
99917,4327,قره گل غربی,324991,6
99918,4327,چرله,325006,6
99919,4327,نارلی آجی سو بالا,595930,6
99920,4327,قره گل پمپاژ,827042,6
99921,4327,سلمی دره پایین,827057,6
99922,4327,شهرک صنعتی چناران,827060,6
99923,4327,قره دام شمالی,827061,6
99924,4328,اله نور,022078,6
99925,4328,باقی,022083,6
99926,4328,بسطام دره,022086,6
99927,4328,پالچقلی یموت,022091,6
99928,4328,دادلی قزنین,022106,6
99929,4328,دولت اورلان,022110,6
99930,4328,شاخلی,022114,6
99931,4328,عطا جان قربانی,022120,6
99932,4328,قوشه تپه,022135,6
99933,4328,گوندر,022144,6
99934,4328,یکه تپه,022146,6
99935,4328,محمد شاهیر,022147,6
99936,4328,شیخ لر سفلی,324958,6
99937,4328,یکه توت پائین,324959,6
99938,4328,یکه توت بالا,324960,6
99939,4328,شیخ لر علیا,324961,6
99940,4328,ترناولی پائین,324962,6
99941,4328,ترناولی بالا,324963,6
99942,4328,فرق سر پائین,324964,6
99943,4328,فرق سر بالا,324965,6
99944,4328,آق لر,324968,6
99945,4328,مردم دره,324969,6
99946,4328,قازان قیه,324998,6
99947,4328,آق قلعه,324999,6
99948,4328,کرگی,325000,6
99949,4328,پست دره پائین,325001,6
99950,4328,گوک دره,325002,6
99951,4328,آق چشمه,325003,6
99952,4328,حاجی امان,325004,6
99953,4328,شیخوله,595964,6
99954,4328,پست دره بالا,827005,6
99955,4328,پالچقلی زمانی,827058,6
99956,4329,اسلام آباد پایین,022072,6
99957,4329,اوچران,022079,6
99958,4329,ایستگاه مایکروویو نهصد و نه شهرآباد,022080,6
99959,4329,پایگاه نظامی شلمی,022092,6
99960,4329,بیاتلر,022099,6
99961,4329,داشلی ارقاچ,022107,6
99962,4329,شارلوق گوگلان,022116,6
99963,4329,عرب لاله گون,022119,6
99964,4329,قزل اطاق,022133,6
99965,4329,قوشه سو,022136,6
99966,4329,قولاق کسن,022137,6
99967,4329,کسن,022140,6
99968,4329,کمرلی,022141,6
99969,4329,لوهندر,022145,6
99970,4329,یانبلاغ,022153,6
99971,4329,یلقی سورلن,022157,6
99972,4329,گل چشمه,324921,6
99973,4329,قره آقاچلی,324922,6
99974,4329,آقچه آغاچلی,324923,6
99975,4329,پلی سفلی,324924,6
99976,4329,پلی علیا,324925,6
99977,4329,داشلی الوم/ بق قجه پایین,324932,6
99978,4329,بق قجه بالا,324933,6
99979,4329,بیشک تپه,324935,6
99980,4329,کنت یری,324939,6
99981,4329,قاپلانلی,324941,6
99982,4329,ارکلی,324942,6
99983,4329,قینار,324950,6
99984,4329,آق تقه ارک,827033,6
99985,4329,بادیانلی,827059,6
99986,4329,سایت جدید عرب لاله گون,827062,6
99987,4329,سایت قولاق کسن,827063,6
99988,4329,سایت جدید گل چشمه,827064,6
99989,4329,سایت جدید بق قجه بالا,827065,6
99990,4329,سایت جدید بیشک تپه,827066,6
99991,4329,اسلام آباد بالا,827067,6
99992,4329,ابدار,827068,6
99993,4330,آق امام,022073,6
99994,4330,آق تقه گوگلان,022075,6
99995,4330,آلتی آغاج بزرگ,022076,6
99996,4330,پادگان نظامی آق امام,022088,6
99997,4330,چاتال,022098,6
99998,4330,چنارلی,022102,6
99999,4330,سوجق,022112,6
100000,4330,عرب قاری حاجی,022118,6
100001,4330,قپان سفلی,022122,6
100002,4330,قپان علیا,022123,6
100003,4330,قرناق,022126,6
100004,4330,قرناوه سفلی,022127,6
100005,4330,قرناوه علیا,022128,6
100006,4330,کچیک,022138,6
100007,4330,کریم ایشان,022139,6
100008,4330,کوروک,022142,6
100009,4330,پالچقلی گوکلان,324917,6
100010,4330,چشمه لی,324919,6
100011,4330,آلتی آغاج کوچک,324943,6
100012,4330,میدان جیق بزرگ,324956,6
100013,4330,میدان جیق کوچک,324957,6
100014,4330,آق چاتال,325125,6
100015,4330,خوجه لر,325131,6
100016,4330,سایت سردار سلیمانی,595965,6
100017,4330,بش اویلی,827032,6
100018,4330,خانگه,827041,6
100019,4330,آوا قوجه,827070,6
100020,4330,تازه قلا,827071,6
100021,4330,عطالر,827072,6
100022,4331,توماچلر چارقلی,017360,6
100023,4331,چارقلی,017364,6
100024,4331,خواجه نفس,017366,6
100025,4331,دهنه,017367,6
100026,4331,قرمسه,017372,6
100027,4331,قره کیله,017374,6
100028,4331,گامیشلی خواجه نفس,017381,6
100029,4332,آلتین تخماق,017352,6
100030,4332,پاسگاه سنگر تپه غربی,017356,6
100031,4332,پاسگاه مخدومقلی مرزی,017358,6
100032,4332,تویلی کلته,017362,6
100033,4332,قلعه جیق بزرگ,017375,6
100034,4332,ناردانلی,017382,6
100035,4332,صفا ایشان,320644,6
100036,4332,قلمس,320706,6
100037,4332,قلعه جیق کوچک,320707,6
100038,4332,کله پست,320708,6
100039,4333,بصیر آباد,017353,6
100040,4333,سقرتپه,017368,6
100041,4333,کملر,017379,6
100042,4333,غفار حاجی,320641,6
100043,4333,توماچلر التین,320712,6
100044,4333,مراد بردی,320727,6
100045,4333,کوسلی,320761,6
100046,4334,ارخ بزرگ,017350,6
100047,4334,توماچلر,017361,6
100048,4334,قرنجیک خواجه خان,017373,6
100049,4334,قلعه حاجی گلدی خان,017376,6
100050,4334,کریم ایشان,017378,6
100051,4334,قرنجیک گوکچلی,320717,6
100052,4334,قلعه قره جلر,320724,6
100053,4334,قلعه گمش دفه,320725,6
100054,4335,ترنگ تپه,021928,6
100055,4335,حسین آباد قربانی,021934,6
100056,4335,عرب بوران,021955,6
100057,4335,املاک,022591,6
100058,4335,تراجیق,022597,6
100059,4335,تلوستان,022598,6
100060,4335,سرچشمه,022609,6
100061,4335,قلی تپه,022616,6
100062,4335,کمال آباد,022619,6
100063,4335,میرزا پانک,022631,6
100064,4335,محمد آباد,022636,6
100065,4335,پا سنگ پایین,325058,6
100066,4335,مزرعه حاجی میلانی,325075,6
100067,4335,گیلان تپه,325076,6
100068,4335,قنات حاجی تاجی,325077,6
100069,4335,خمبر آباد,325080,6
100070,4335,حسین آباد,325085,6
100071,4335,کریم آباد,325086,6
100072,4335,محمود آباد,325087,6
100073,4335,اسماعیل آباد,325107,6
100074,4335,بلوچ آباد,325109,6
100075,4335,کسرایی 1 / مزرعه احمد کسرایی,325110,6
100076,4335,کسرائی 2,325114,6
100077,4335,اسلام آباد,827018,6
100078,4335,قاسم آباد,827019,6
100079,4335,کامران آباد,827020,6
100080,4335,سندیکا,827021,6
100081,4335,هیئت آباد,827022,6
100082,4335,پزشکیان,827023,6
100083,4335,سنگ تپه,827024,6
100084,4335,صمدانی,827076,6
100085,4336,آب پران,022476,6
100086,4336,پنو,022484,6
100087,4336,پی دل دل,022485,6
100088,4336,سیجان,022509,6
100089,4336,فارسیان,022514,6
100090,4336,فرنگ,022515,6
100091,4336,کیارام,022521,6
100092,4336,لیرو,022523,6
100093,4336,یورت زینل,022529,6
100094,4336,یورت کاظم,022530,6
100095,4337,اجن شیرملی,021910,6
100096,4337,اجن قره خوجه,021911,6
100097,4337,آق قمیش,021914,6
100098,4337,چقربش قارداش,021930,6
100099,4337,سرخن آباد,021947,6
100100,4337,قانجق شهرک,021958,6
100101,4337,لوه,021981,6
100102,4337,کرنگ کفتر,022617,6
100103,4337,منجلو,022630,6
100104,4337,پاسنگ بالا,325054,6
100105,4337,ایستگاه طرح جنگلداری گل لوه,325063,6
100106,4337,قرق آق قمیش,325066,6
100107,4337,دارآباد,325078,6
100108,4337,پتکی,827017,6
100109,4338,بش اویلی,021919,6
100110,4338,ترجنلی,021922,6
100111,4338,تنگ راه,021925,6
100112,4338,قوشه چشمه,021969,6
100113,4338,گوگل بزرگ,325060,6
100114,4338,کندسکوه,325120,6
100115,4338,تنگه گل,325384,6
100116,4338,خوجه صالح,325385,6
100117,4339,نصراباد,125768,6
100118,4339,باباچشمه,125814,6
100119,4339,علی آبادالو,125842,6
100120,4339,جوشقان,125958,6
100121,4339,سینان,125965,6
100122,4339,فیروزاباد,125968,6
100123,4339,کبوترخانه,125969,6
100124,4339,کوشکی,125974,6
100125,4339,مرغداری دهقان,125975,6
100126,4339,ابری تپه,126204,6
100127,4339,اتیمز,126205,6
100128,4339,ایزی,126207,6
100129,4339,جیران چاه,126209,6
100130,4339,چاه تلخ /حسن آباد,126211,6
100131,4339,چاه شور,126213,6
100132,4339,حصاری گازرانی,126214,6
100133,4339,دولتاباد,126215,6
100134,4339,ریشی,126216,6
100135,4339,ظلم آباد,126217,6
100136,4339,عباس آباد,126218,6
100137,4339,فرطان تازه,126219,6
100138,4339,فرطان کهنه,126220,6
100139,4339,قاسم آباد,126221,6
100140,4339,قاسم خان,126222,6
100141,4339,قهرمان آباد/الیاس /,126223,6
100142,4339,کلاته سنجر,126225,6
100143,4339,کلاته میرزارحیم,126226,6
100144,4339,گراتی,126230,6
100145,4339,ولی آباد,126232,6
100146,4339,دنج,126278,6
100147,4339,باسکول 60تنی رمضانی /گاوداری رمضانی,390176,6
100148,4339,چاه عمیق مشاع علیرضاشرفی,390192,6
100149,4339,چاه عمیق غلام حسین نوری,390200,6
100150,4339,چاه رمظانعلی سهرابی,390201,6
100151,4339,چاه عمیق شهیدعباسی شماره 4مشاع,390205,6
100152,4339,چاه عمیق حاجی قربان شیرپیکر,390207,6
100153,4339,چاه ریشی,390208,6
100154,4339,چاه عمیق کلاته سنجر,390210,6
100155,4339,کلاته فلاح,390211,6
100156,4339,چاه عمیق مشاع حسن زاده3,541784,6
100157,4339,چیل,541815,6
100158,4339,طغان,541816,6
100159,4339,سنجبینی,541817,6
100160,4339,گم اسحاق,541818,6
100161,4339,کلاته ممیش,542199,6
100162,4339,کلاته حاج علی خان,542200,6
100163,4339,سنگر,542204,6
100164,4339,هفت یورد,542205,6
100165,4339,مرغداری کریم کریمی,542206,6
100166,4339,انبار مواد ناریه,542208,6
100167,4339,چاه عمیق شهید محمدی,542210,6
100168,4339,چاه عمیق مشاع شهید رجایی,542229,6
100169,4339,چاه عمیق شیدا,542230,6
100170,4339,کارخانه گچ شاه جهان,828068,6
100171,4339,ناحیه صنعتی گراتی,828069,6
100172,4339,انبار آستان قدس,828070,6
100173,4339,پاسگاه شکاربانی,828071,6
100174,4339,تصفیه خانه آب شرب اسفراین,828072,6
100175,4339,چاه عمیق گراتی,828073,6
100176,4339,چاه عمیق دولت آباد,828074,6
100177,4340,برج,125956,6
100178,4340,بزنج,125957,6
100179,4340,حسن آبادچنارسوخته,125959,6
100180,4340,حصاری,125960,6
100181,4340,سیدآباد,125964,6
100182,4340,کلاته سادات,125972,6
100183,4340,کلاته فقیر,125973,6
100184,4340,پلنگدره,126004,6
100185,4340,دوری,126022,6
100186,4340,کسرق,126040,6
100187,4340,مراغه,126053,6
100188,4340,اب بخش,126124,6
100189,4340,امین آباد,126126,6
100190,4340,اهنگران,126127,6
100191,4340,ایرج,126128,6
100192,4340,باغی,126129,6
100193,4340,بروان لو,126130,6
100194,4340,پادگان قدس,126131,6
100195,4340,تخت کوه,126132,6
100196,4340,حصارکردها,126134,6
100197,4340,خوشین,126135,6
100198,4340,درخت لوشی,126136,6
100199,4340,دهاو,126137,6
100200,4340,رویین,126138,6
100201,4340,ساریگل,126139,6
100202,4340,سست,126140,6
100203,4340,سلان چشمه,126141,6
100204,4340,سیاه خانه,126142,6
100205,4340,شاه پیران,126143,6
100206,4340,شیرویه,126144,6
100207,4340,طورعلیا,126145,6
100208,4340,طورسفلی,126146,6
100209,4340,عباس آباد,126147,6
100210,4340,عراقی,126148,6
100211,4340,فریمان,126149,6
100212,4340,قره کانلو,126151,6
100213,4340,کریماباد,126153,6
100214,4340,کلات,126154,6
100215,4340,کلاته کربلایی علی خان,126155,6
100216,4340,گرمه خوش,126158,6
100217,4340,محمودی,126160,6
100218,4340,میدون,126162,6
100219,4340,هفت ریگ,126163,6
100220,4340,قره قوزی,127847,6
100221,4340,چاه عمیق شهیدمدنی شماره 2,390000,6
100222,4340,چاه عمیق شهیدمدنی شماره 1,390001,6
100223,4340,معصوم زاده,390007,6
100224,4340,شرکت چتایی بافی جهادسازندگی,390010,6
100225,4340,چاه مشاع عمیق شماره1,390011,6
100226,4340,اداره شکاربانی سالوک,390014,6
100227,4340,زاوگردو,390015,6
100228,4340,کلاته لوشک,390016,6
100229,4340,بگلر,390017,6
100230,4340,معصوم زاده,390018,6
100231,4340,مرغداری سنگ سفیدی,390019,6
100232,4340,کلاته چهل گانی,390023,6
100233,4340,کلات باباخان دره,390025,6
100234,4340,کلاته قزن دره,390026,6
100235,4340,گل تپه,390027,6
100236,4340,میامی /میام,390028,6
100237,4340,بلگوه بزرگ,390031,6
100238,4340,بلگوه کوچک,390032,6
100239,4340,مرغداری سعادت,390034,6
100240,4340,قره چقه,390391,6
100241,4340,کارخانه ریخته گری اسفراین11,542198,6
100242,4340,گندم حاره,828062,6
100243,4340,برج خان,828063,6
100244,4340,کارگاه سپهر فورج,828076,6
100245,4340,لوله پلی اتیلن اعلمی,828077,6
100246,4340,کارخانه آرد حقیقی,828078,6
100247,4340,روغن کشی امین,828079,6
100248,4340,ماکارونی ستارگان,828080,6
100249,4340,شن شویی ابوذر 2,828081,6
100250,4340,شن شویی ارشدی,828082,6
100251,4340,کارخانه سیمان,828083,6
100252,4340,شهرک صنعتی خوش,828144,6
100253,4341,اتوبیک,126262,6
100254,4341,اردغان,126263,6
100255,4341,اق چشمه,126264,6
100256,4341,انوشیروان,126265,6
100257,4341,برمهان,126266,6
100258,4341,بیدواز,126267,6
100259,4341,برستو/پرستو/,126268,6
100260,4341,پرکانلو,126269,6
100261,4341,ترکان,126270,6
100262,4341,جان احمدی /کلاته حاجی قنبر/,126271,6
100263,4341,حجی کولو,126272,6
100264,4341,حسن آباد,126273,6
100265,4341,حصارکاظم آباد,126274,6
100266,4341,درپرچین سفلی,126275,6
100267,4341,درپرچین علیا,126276,6
100268,4341,سارکانلو,126279,6
100269,4341,سرچشمه,126280,6
100270,4341,سرخ قلعه / سرخ قلعه ترکها/,126281,6
100271,4341,شوربالا,126282,6
100272,4341,قروتخته,126283,6
100273,4341,قزاقی,126284,6
100274,4341,قلعه سفید,126285,6
100275,4341,قوچعلی,126286,6
100276,4341,سرخ قلعه کردها/کریم آباد سفلی,126287,6
100277,4341,کریم آبادعلیا,126288,6
100278,4341,کلاته پیاله,126289,6
100279,4341,کلاته حبیب,126290,6
100280,4341,کن زو,126291,6
100281,4341,گاماموت,126292,6
100282,4341,گلابی,126293,6
100283,4341,گنج دان,126294,6
100284,4341,ماخاتی,126295,6
100285,4341,میدر,126296,6
100286,4341,خران,390146,6
100287,4341,شادانلوه,390151,6
100288,4341,ریحان,390152,6
100289,4341,ریسپانلو,390153,6
100290,4341,پیرو,390155,6
100291,4341,تالاری,390157,6
100292,4341,چشمه پولود,390158,6
100293,4341,خوردی دنج,390159,6
100294,4341,جبار,390160,6
100295,4341,شورسفلی,390161,6
100296,4341,کلاته قیصر,390162,6
100297,4341,کلاته جاقری,390163,6
100298,4341,کلاته خان محمد,390164,6
100299,4342,درازپی,125961,6
100300,4342,رحیم آباد,125962,6
100301,4342,صفی آباد,125967,6
100302,4342,ابراهیم آباد,125996,6
100303,4342,اجقان,125997,6
100304,4342,ادکان,125998,6
100305,4342,شرکت گشت وصنعت اسماعیل آباد,126002,6
100306,4342,امام عبداله,126003,6
100307,4342,توکل آباد,126005,6
100308,4342,جعفرآباد,126007,6
100309,4342,چهل حصار,126011,6
100310,4342,چهل دختران,126012,6
100311,4342,حاجی آباد,126014,6
100312,4342,حسین آبادکردها,126018,6
100313,4342,خیرآباد,126019,6
100314,4342,رزق آباد,126025,6
100315,4342,زمان آباد,126026,6
100316,4342,سرخ چشمه,126028,6
100317,4342,صفی آبادپایین,126031,6
100318,4342,علی آباد,126032,6
100319,4342,عمارت,126034,6
100320,4342,قلعه نوانقلابی / قلعه نورییسی/,126037,6
100321,4342,قنبراباد,126038,6
100322,4342,کروژده,126039,6
100323,4342,کلاته رضا /کلاته بچه ها/,126041,6
100324,4342,کلاته بزرگ,126042,6
100325,4342,کلاته سرداری,126044,6
100326,4342,کلاته شرفخان,126045,6
100327,4342,کلاته شور,126046,6
100328,4342,کلاته علیمردان,126047,6
100329,4342,کلاته نیش کش,126049,6
100330,4342,کوران,126050,6
100331,4342,گزرابی,126051,6
100332,4342,گورپان,126052,6
100333,4342,معصوم زاده بزرگ,126054,6
100334,4342,مهدی آباد,126056,6
100335,4342,مهرآباد,126057,6
100336,4342,نقی آباد,126058,6
100337,4342,نیش کش,126059,6
100338,4342,چاه عمیق علی شرف پور,390124,6
100339,4342,چاه باهنر /چاه مشاع قلعه نو/,390125,6
100340,4342,چاه مشاع شهیدکاظمی 2,390127,6
100341,4342,چاه مشاع شهیدکاظمی 1,390128,6
100342,4342,چاه عاشوری / چاه عمیق شیبانی/,390132,6
100343,4342,کاظم آباد/چاه علی ابن ابیطالب شماره 3,390133,6
100344,4342,چاه مشاع 2شهیدصادقی,390134,6
100345,4342,چاه مشاع 1شهیدصادقی,390135,6
100346,4342,شرکت دامداری قزل,390136,6
100347,4342,چاه مشاع شماره 1شهیدمیلانو,390139,6
100348,4342,چاه مشاع شماره1 شهیدمحبتی,390140,6
100349,4342,چاه عمیق شهیدکاوه شماره 1مشاع,390141,6
100350,4342,چاه عمیق شهیدکاوه شماره 2مشاع,390142,6
100351,4342,چاه شهیدمرادی شماره 2مشاع,390143,6
100352,4342,چاه شهیدمرادی شماره 1مشاع,390144,6
100353,4342,کلاته حاتم,828064,6
100354,4342,مقصودآباد,828065,6
100355,4342,امین آباد,828066,6
100356,4342,شمس آباد,828067,6
100357,4342,انجیرلی,828075,6
100358,4343,اردغایی,125999,6
100359,4343,استین,126000,6
100360,4343,خالدآباد,126001,6
100361,4343,توی,126006,6
100362,4343,جعفرآباد,126008,6
100363,4343,چماقی,126009,6
100364,4343,چهاربرج,126010,6
100365,4343,حاجی آباد,126013,6
100366,4343,حبس آباد,126015,6
100367,4343,حسین آبادخانکور,126017,6
100368,4343,دهک,126023,6
100369,4343,زاری,126024,6
100370,4343,سارمران,126027,6
100371,4343,فیروزیه,126035,6
100372,4343,کلاته خوش,126043,6
100373,4343,کلاته ملاعزیز,126048,6
100374,4343,اکبرآباد,126125,6
100375,4343,چاه موتورخرده مالکین روستای زاری,390043,6
100376,4343,چاه موتورمالکین,390045,6
100377,4343,شکاربانی توی,390046,6
100378,4343,چاه عمیق جعفراباد,390048,6
100379,4343,چاه عمیق حسن اسماعیلی,390049,6
100380,4343,کلاته حسن آباد,390050,6
100381,4343,کلاته منصوراباد,390051,6
100382,4344,ابچور,127834,6
100383,4344,تلکی,127840,6
100384,4344,درصوفیان,127844,6
100385,4344,کی کی,127852,6
100386,4344,ارک,127874,6
100387,4344,اسدلی,127876,6
100388,4344,اله وردیخان,127880,6
100389,4344,امام وردی,127881,6
100390,4344,بازخانه,127887,6
100391,4344,برج,127896,6
100392,4344,برج ولی خان,127897,6
100393,4344,پاقلعه,127900,6
100394,4344,پسته علیا,127904,6
100395,4344,تخته باشقی,127906,6
100396,4344,حصارشاهوردیخان /حصارحسینی /,127910,6
100397,4344,حمزانلو,127913,6
100398,4344,خداقلی,127915,6
100399,4344,درتوم,127918,6
100400,4344,دماغه بش قارداش,127919,6
100401,4344,رختیان,127920,6
100402,4344,رشوانلو,127922,6
100403,4344,خوش منظر,127926,6
100404,4344,شرکت سنگ شکن حامی,127927,6
100405,4344,طراقی کرد,127929,6
100406,4344,علی گل,127931,6
100407,4344,فیروزه,127932,6
100408,4344,قاپاق,127933,6
100409,4344,قره باشلو,127934,6
100410,4344,قریجانلو,127936,6
100411,4344,قلعه مرز,127939,6
100412,4344,کچرانلو,127946,6
100413,4344,کلاته حاج علی اصغر,127950,6
100414,4344,کلاته ملاغلامحسین,127954,6
100415,4344,کلاته نقی,127956,6
100416,4344,کلاته یاوری,127957,6
100417,4344,گریوان,127968,6
100418,4344,مترانلو,127974,6
100419,4344,مهنان,127976,6
100420,4344,میرزاحسن لو,127977,6
100421,4344,نیستانه,127978,6
100422,4344,هفت چال,127979,6
100423,4344,ارکان,128092,6
100424,4344,ریین,128109,6
100425,4344,کلاته کوشکی,390682,6
100426,4344,کلاته شاه واز,390683,6
100427,4344,کلاته پولادخان,390684,6
100428,4344,خان چشمه,390686,6
100429,4344,کارخانه رب گوجه فرنگی,390713,6
100430,4344,کارخانه تیرسازی برق,390719,6
100431,4344,تلکی,390724,6
100432,4344,شیره خان,390725,6
100433,4344,شوراب,541790,6
100434,4344,سندل آباد,542700,6
100435,4344,پمپ گاز,828104,6
100436,4344,نمایشگاه بجنورد,828105,6
100437,4344,دانشگاه علمی و کاربردی اشراق,828106,6
100438,4344,سیلوی گندم,828107,6
100439,4344,دانشگاه دولتی بجنورد,828108,6
100440,4345,پیغور,127838,6
100441,4345,جمی,127841,6
100442,4345,حمید,127843,6
100443,4345,طراقی ترک,127846,6
100444,4345,کوه کمر,127851,6
100445,4345,باغ چق,127889,6
100446,4345,کلاته باقرخان سه,127892,6
100447,4345,شاقه,127925,6
100448,4345,علی آباد,127930,6
100449,4345,قلندربیک,127940,6
100450,4345,کلاته اشیان /کلاغ اشیان /,127948,6
100451,4345,کلاته حاجی رستمی,127952,6
100452,4345,ینگه قلعه,127980,6
100453,4345,باباامان,128193,6
100454,4345,چهارخروار,128200,6
100455,4345,تالار پذیرایی ارغوان,828120,6
100456,4346,اق قلعه,127879,6
100457,4346,بیدک,127898,6
100458,4346,پسته سفلی,127903,6
100459,4346,قره نوده,127935,6
100460,4346,کلاته پهلوانلو,127949,6
100461,4346,کهنه کن,127967,6
100462,4346,لنگر,127969,6
100463,4346,اترابادسفلی,128090,6
100464,4346,اترابادعلیا,128091,6
100465,4346,استادتیمورتاش,128093,6
100466,4346,بدرانلو,128094,6
100467,4346,بوربور,128096,6
100468,4346,پسرکانلو,128097,6
100469,4346,تاتار,128098,6
100470,4346,چریک,128100,6
100471,4346,حصارتیمورتاش,128103,6
100472,4346,شهرک تاتار /حلیم آباد/,128104,6
100473,4346,خندقلو,128105,6
100474,4346,دراغانلو/شهرک شهیداحسانی /,128106,6
100475,4346,دهگاه,128107,6
100476,4346,سریوان عاشقان,128111,6
100477,4346,سریوان تپه,128112,6
100478,4346,شیخ تیمور,128114,6
100479,4346,عرب,128115,6
100480,4346,فخرالدین,128116,6
100481,4346,قراجه,128117,6
100482,4346,قره جنگل علیا,128118,6
100483,4346,قره کانلو,128119,6
100484,4346,قصرقجر,128120,6
100485,4346,قلعه تات,128121,6
100486,4346,قلعه توت,128122,6
100487,4346,قلعه شعبان,128123,6
100488,4346,قلعه ممو,128124,6
100489,4346,کلاب,128126,6
100490,4346,کلاته اقانبی,128127,6
100491,4346,کلاته میرو,128128,6
100492,4346,کلانتر,128129,6
100493,4346,گلی,128133,6
100494,4346,گودالی سلاخ,128134,6
100495,4346,مملجه,128135,6
100496,4346,نرگسلوسفلی,128136,6
100497,4346,نرگسلوعلیا,128137,6
100498,4346,ینگی قلعه کسبایر,128138,6
100499,4346,کلاته مستوفی,390389,6
100500,4346,کلاته شهیداذرسا/سنجراباد/,542699,6
100501,4346,ینگی قلعه شهرک,828023,6
100502,4346,شهرک صنعتی بیدک,828109,6
100503,4346,مرغداری,828110,6
100504,4346,مسجد امین الله,828140,6
100505,4347,اسفیدان,127835,6
100506,4347,پاکتل (پاکتلی ),127837,6
100507,4347,کلاته سهراب,127850,6
100508,4347,نوده,127853,6
100509,4347,اخلی,128188,6
100510,4347,اوزن بیجه,128189,6
100511,4347,اق تپه,128190,6
100512,4347,بندیغمور,128195,6
100513,4347,چهاربرج سفلی,128198,6
100514,4347,چهاربرج علیا,128199,6
100515,4347,حمامی,128202,6
100516,4347,خطاب,128203,6
100517,4347,دنگل,128204,6
100518,4347,سرچشمه,128206,6
100519,4347,سلولی,128207,6
100520,4347,سیساب,128209,6
100521,4347,شاه اجاق,128210,6
100522,4347,شیخ,128211,6
100523,4347,عبداله آباد,128212,6
100524,4347,قارلق,128213,6
100525,4347,قاضی,128214,6
100526,4347,قردانلو,128215,6
100527,4347,قره خان بندی,128216,6
100528,4347,قره لر,128217,6
100529,4347,قزلقان,128218,6
100530,4347,قشلاق عبدل آباد,128223,6
100531,4347,قشلاق کاره,128224,6
100532,4347,قلعه جق بزرگ / قلعه جوق بزرگ/,128225,6
100533,4347,قلعه جق کوچک / قلعه جوق کوچک/,128226,6
100534,4347,قوچ قلعه علیا,128228,6
100535,4347,کلاته حاج علیداد,128234,6
100536,4347,ناوه,128242,6
100537,4347,نجف آباد,128243,6
100538,4347,هانوزی,128244,6
100539,4347,یکه شاخ,128245,6
100540,4347,مرکزتحقیقات منابع طبیعی شمال خراسان,390398,6
100541,4347,سیمان بجنورد/کارخانه سیمان حاجی تبدی,390423,6
100542,4347,قاضی سفلی,390426,6
100543,4347,موتوراب مهندس باقری,390427,6
100544,4347,پتروشیمی خراسان,542002,6
100545,4347,شهرک قره لر,543050,6
100546,4347,شهرک قایم / خطاب,828024,6
100547,4347,ایستگاه لرزه نگاری,828111,6
100548,4347,کارخانه اسید سولفوریک,828112,6
100549,4347,سد / بند قشلاق,828113,6
100550,4347,کارگاه پودرسنگ و سولفات,828114,6
100551,4347,کارخانه کمپوست شهرداری بجنورد,828115,6
100552,4347,کارگاه مبلمان پارت آوا,828116,6
100553,4347,کارخانه آسفالت شهرداری,828117,6
100554,4347,کارخانه شن شویی شهرداری,828118,6
100555,4347,کلاته چلو,828119,6
100556,4348,پسین دره,127028,6
100557,4348,پیربز,127031,6
100558,4348,امیرآباد,127254,6
100559,4348,جعفرآباد,127257,6
100560,4348,جودر / چودر,127260,6
100561,4348,حاجی عبدالوهاب /حاجی رمضان /,127261,6
100562,4348,حسن آباد,127262,6
100563,4348,دربند,127265,6
100564,4348,رزقانه,127266,6
100565,4348,قاضی,127267,6
100566,4348,قتلیش علیا,127268,6
100567,4348,قشلاق ناوه/کلاته شهدای ناوه,127270,6
100568,4348,قلعه محمدی /اوغازه /,127272,6
100569,4348,کلاته حاجی علی اکبر( شهرک قلعه حق کوچک,127273,6
100570,4348,گیفان بالا/بالاده /,127277,6
100571,4348,گیفان پایین /پایین ده /,127278,6
100572,4348,میانزو,127279,6
100573,4348,یزدان آباد,127281,6
100574,4348,ایزمان پایین,156678,6
100575,4348,ایزمان بالا,156679,6
100576,4348,شهرک قلعه جق بزرگ,542793,6
100577,4348,قتلیش سفلی,828022,6
100578,4349,بردبلند(کریم آباد),126445,6
100579,4349,کلاته کربلایی حسین علی,126458,6
100580,4349,ارک,126623,6
100581,4349,اندوقان,126624,6
100582,4349,تزر,126627,6
100583,4349,غمیطه,126629,6
100584,4349,جربت,126630,6
100585,4349,جعفرآباد,126631,6
100586,4349,چهل بقر,126639,6
100587,4349,حمزه چاه,126640,6
100588,4349,خراشاه /اسلام آباد/,126643,6
100589,4349,دوشاخ,126645,6
100590,4349,شاه توت,126651,6
100591,4349,صبوری بالا,126653,6
100592,4349,صبوری پایین,126654,6
100593,4349,علی آباد,126655,6
100594,4349,قاسم آباد,126658,6
100595,4349,قلعه سفید,126660,6
100596,4349,کاریجی,126662,6
100597,4349,کلاته حاج علی,126671,6
100598,4349,چاه شماره 1خیبر,390745,6
100599,4349,چاه خیبرشماره 2,390747,6
100600,4349,چاه مشاع شماره 2جهاداباد,390749,6
100601,4349,چاه مشاع شماره 1جهاداباد,390750,6
100602,4349,چاه قاسمعلی,390778,6
100603,4349,تخت,390787,6
100604,4349,چاه عمیق کلاته حاج علی,390789,6
100605,4350,چاه موتورمالک اشتر,126638,6
100606,4350,خرابه رباط,126642,6
100607,4350,قره چه رباط,126659,6
100608,4350,قلی,126661,6
100609,4350,کرف,126663,6
100610,4350,کلاته ترکها,126669,6
100611,4350,کلاته شور,126675,6
100612,4350,کلاته موری,126677,6
100613,4350,گازان,126689,6
100614,4350,دربند,126789,6
100615,4350,ملاویس,126838,6
100616,4350,حسین آباد,390727,6
100617,4350,چاه مشاع علی بن حسین,390740,6
100618,4350,چاه موتورعلی بن ابیطالب,390741,6
100619,4350,چاه مشاع حبیب بن مظاهر,390742,6
100620,4350,محمدابادعلیپور,390743,6
100621,4350,امید,390788,6
100622,4351,بام,126771,6
100623,4351,پشت بام,126775,6
100624,4351,جغدی,126777,6
100625,4351,چپه,126781,6
100626,4351,چوچیک اب,126784,6
100627,4351,حصارعیسی,126787,6
100628,4351,دوبرجه,126790,6
100629,4351,ریزی کهنه,126795,6
100630,4351,شورک سفلی,126800,6
100631,4351,شورک علیا,126801,6
100632,4351,عمارت,126803,6
100633,4351,قراجه رباط,126804,6
100634,4351,کلاته پشت بام,126813,6
100635,4351,کلاته شقان,126816,6
100636,4351,کلاته قاجار,126819,6
100637,4351,ناویار /ناویا,126839,6
100638,4351,نقی آباد,127512,6
100639,4351,دهنه زردالو,390592,6
100640,4351,زلفرین,390602,6
100641,4352,آب باریک,126769,6
100642,4352,برزانلو,126772,6
100643,4352,پیش دره,126776,6
100644,4352,جوشقان,126778,6
100645,4352,چشمه طبری,126782,6
100646,4352,چهاربید,126785,6
100647,4352,خرمن تپه,126788,6
100648,4352,رضااباد,126793,6
100649,4352,طبر,126802,6
100650,4352,کتلی,126810,6
100651,4352,کلاته غلامعلی,126814,6
100652,4352,کلاته حاج علی اکبر / کلاته حاج رحمت,126815,6
100653,4352,گرمک,126829,6
100654,4352,محمدابادطبر,126833,6
100655,4352,مقصوداباد,126837,6
100656,4353,امیرآباد,126388,6
100657,4353,امین آباد,126389,6
100658,4353,ایستگاه جاجرم,126390,6
100659,4353,برج اقا,126393,6
100660,4353,حجت آباد,126409,6
100661,4353,حصاری,126412,6
100662,4353,رحمتاباد,126422,6
100663,4353,رحیم آباد,126423,6
100664,4353,زمان آباد,126424,6
100665,4353,سازمان کشاورزی امید,126427,6
100666,4353,سعیدآباد,126429,6
100667,4353,شاه آباد / احمداباد/,126432,6
100668,4353,شریفی آباد,126435,6
100669,4353,صادق آباد,126437,6
100670,4353,طاهراباد,126438,6
100671,4353,علی آباد,126441,6
100672,4353,کبابا,126481,6
100673,4353,گزی,126482,6
100674,4353,مزرعه محمودیان,126489,6
100675,4353,معدن آلومینویم معدن بوکسیت و اهک,126490,6
100676,4353,یوسف آباد,126499,6
100677,4353,چاه مشاع المهدی,390457,6
100678,4353,سیدآباد,390459,6
100679,4353,مهدی آباد,390461,6
100680,4353,چاه مشاع سلمان فارسی,390462,6
100681,4353,محمدآباد,390463,6
100682,4353,موتوراب ذلفو,390465,6
100683,4353,چاه مشاع ابوذر,390467,6
100684,4353,چاه مشاع شماره 2شهیدطالبیان,390468,6
100685,4353,چاه مشاع شماره 1شهیدطالبیان,390469,6
100686,4353,چاه عمیق نصر,390472,6
100687,4353,ارغن آباد,390478,6
100688,4353,مجتمع کوره های اجرپزی جاجرم,541645,6
100689,4353,شرکت بوکسیت الومینیوم (شرکت آلومینا,542383,6
100690,4353,تاسیسات شن و ماسه شهرداری,828136,6
100691,4354,ابراهیم آباد/بیره زینل بیگ,150341,6
100692,4354,توپکانلو,150343,6
100693,4354,توکور,150344,6
100694,4354,صلح آباد,150345,6
100695,4354,حسین آبادمعین /کلاته جعفری,150347,6
100696,4354,سرخ زو,150348,6
100697,4354,ظفر آباد/سرداراباد/,150349,6
100698,4354,علیخانقلعه,150350,6
100699,4354,قوری دربند,150351,6
100700,4354,قولانلوسفلی,150352,6
100701,4354,قولانلوعلیا,150353,6
100702,4354,برج ذوالفقار,150616,6
100703,4354,برزو,150617,6
100704,4354,بیک,150618,6
100705,4354,یانبلاغ,150619,6
100706,4354,چوکانلو,150620,6
100707,4354,خدر,150621,6
100708,4354,قوردانلو,150624,6
100709,4354,گوگلی /کوکلی /,150626,6
100710,4354,تکمران,542833,6
100711,4354,سد برزو,828084,6
100712,4354,سجاد آباد,828143,6
100713,4355,زیندانلو,156606,6
100714,4355,کالتمانلو,156608,6
100715,4355,نامانلو,156615,6
100716,4355,الخاص,156638,6
100717,4355,پالکانلوبالا,156640,6
100718,4355,پالکانلوپایین,156641,6
100719,4355,تخت,156642,6
100720,4355,چرمه,156643,6
100721,4355,دوله دانلو,156644,6
100722,4355,سیس پیرانلوسفلی,156645,6
100723,4355,سیرسپرانلوعلیا,156646,6
100724,4355,کلاته نظرعلی,156647,6
100725,4355,کلاته نظرمحمد,156648,6
100726,4355,کورکانلوعلیا,156649,6
100727,4355,کوسه,156650,6
100728,4355,ملوانلو,156652,6
100729,4355,میلانلوسفلی,156653,6
100730,4355,میلانلوعلیا,156654,6
100731,4356,اق سلخ /کلاته اب سلخ /,150380,6
100732,4356,اله آبادسفلی,150381,6
100733,4356,اله آبادعلیا,150382,6
100734,4356,امیر آباد,150383,6
100735,4356,ایگده,150385,6
100736,4356,سمسار,150386,6
100737,4356,باغان,150388,6
100738,4356,یاسراباد/خانه حصار/,150393,6
100739,4356,سکه /سوکه /,150397,6
100740,4356,شکرانلو,150399,6
100741,4356,کلاته شریفی,150408,6
100742,4356,کلاته هندی,150410,6
100743,4356,مرغزار,150412,6
100744,4356,حصاردوین,150488,6
100745,4356,دوین,150489,6
100746,4356,سرچشمه,150490,6
100747,4356,شورک,150492,6
100748,4356,برزل آباد,157783,6
100749,4356,خرم آباد,157788,6
100750,4356,رضااباد,157793,6
100751,4356,شوق آباد,157799,6
100752,4356,فیض آباد,157800,6
100753,4356,چلو,395357,6
100754,4356,قلندر آباد,828034,6
100755,4356,مرغداری اوغازیان,828035,6
100756,4356,چاه مشاع سنگ آباد,828041,6
100757,4356,چاه مشاع امیر محمدی,828042,6
100758,4356,دامداری بیچرانلو,828043,6
100759,4356,دامداری نبوی,828044,6
100760,4356,مزرعه محمد عربخانی,828045,6
100761,4356,چاه مشاع مرتضی نشیبی,828139,6
100762,4357,باداملق,127836,6
100763,4357,قزل حصار,127848,6
100764,4357,فجراباد,150518,6
100765,4357,حسین آباد,150522,6
100766,4357,خادمی فجراباد,150523,6
100767,4357,زوارم,150525,6
100768,4357,شوریک عبداباد,150526,6
100769,4357,شیرآباد,150527,6
100770,4357,عبداباد,150528,6
100771,4357,ورقی,150545,6
100772,4358,اسلام آبادکارخانه قند,150516,6
100773,4358,توده,150520,6
100774,4358,کارخانه قندشیروان,150529,6
100775,4358,گره زو,150532,6
100776,4358,بیگان,150576,6
100777,4358,خطاب,150580,6
100778,4358,رضااباد/رضا آباد غربی,150582,6
100779,4358,شهرک شورک,150585,6
100780,4358,قلعه زو,150586,6
100781,4358,منصوران,150591,6
100782,4358,امان آباد,150647,6
100783,4358,قلج,150651,6
100784,4358,کلاته فیروزه,150654,6
100785,4358,محمداباد/محمدعلیخان /,150655,6
100786,4358,کلاته میرزابیک,542832,6
100787,4359,حصارهنامه,150649,6
100788,4359,قلعه چه,150652,6
100789,4359,هنامه,150656,6
100790,4359,الاشلو,156541,6
100791,4359,اوغازتازه,156542,6
100792,4359,بوانلو,156546,6
100793,4359,بی بهره,156547,6
100794,4359,چپانلو,156549,6
100795,4359,پس کوه /خرس کانلو/,156553,6
100796,4359,ذاکرانلو,156557,6
100797,4359,زرتانلو,156558,6
100798,4359,شکرانلو,156559,6
100799,4359,کلاته بابا,156566,6
100800,4359,اوغاز کهنه /کهنه اوغاز/,156568,6
100801,4359,زیرکوه گدوگانلو/گدوگاونلو/,156569,6
100802,4359,پیرودانلو,156600,6
100803,4359,ترانلو,156601,6
100804,4359,خلاجلو,156602,6
100805,4359,دواب,156603,6
100806,4359,دولو,156604,6
100807,4359,رشوانلو,156605,6
100808,4359,شرکانلو,156607,6
100809,4359,قلعه بیگ قره چشمه,156609,6
100810,4359,قلعه حسن,156610,6
100811,4359,کلاته بالی,156611,6
100812,4359,کورکانلوسفلی,156612,6
100813,4359,محمددورایلو,156613,6
100814,4359,نقدو,156616,6
100815,4359,ولو,156617,6
100816,4359,رحیم آباد,395447,6
100817,4360,پیرشهید,150485,6
100818,4360,بدکانلو,150486,6
100819,4360,تنسوان,150487,6
100820,4360,ورگ,150495,6
100821,4360,اسطرخی,150677,6
100822,4360,امامزاده مشهدطرقی,150678,6
100823,4360,امیرانلو,150679,6
100824,4360,برزلی,150680,6
100825,4360,بلقان سفلی,150681,6
100826,4360,بلقان علیا,150682,6
100827,4360,تبریان,150683,6
100828,4360,حصارپهلوانلو/حصارگلیان,150684,6
100829,4360,خادمی,150685,6
100830,4360,رزمغان,150686,6
100831,4360,سنگ چین,150687,6
100832,4360,قوینانلوبامیر,150688,6
100833,4360,گرماب,150689,6
100834,4360,گلیان,150690,6
100835,4360,مشهدطرقی سفلی,150692,6
100836,4360,مشهدطرقی علیا,150693,6
100837,4360,ملاباقر,150694,6
100838,4361,اق قلعه,156676,6
100839,4361,امیریه /امیرخان /,156677,6
100840,4361,باغ,156680,6
100841,4361,تفتازان,156684,6
100842,4361,حصار,156687,6
100843,4361,خیرآباد,156689,6
100844,4361,دده خان,156690,6
100845,4361,زو,156692,6
100846,4361,زیدر,156693,6
100847,4361,سرانی,156694,6
100848,4361,سرداب,156695,6
100849,4361,سولدی,156697,6
100850,4361,قپز,156700,6
100851,4361,قلهک سفلی,156702,6
100852,4361,قلهک علیا,156703,6
100853,4361,کاکلی,156704,6
100854,4361,کلاته زمان,156706,6
100855,4361,ینگی قلعه پایین,156708,6
100856,4362,برزلان سفلی,156681,6
100857,4362,برزلان علیا,156682,6
100858,4362,پیره,156683,6
100859,4362,جنگا ه,156685,6
100860,4362,چورچوری,156686,6
100861,4362,حلواچشمه,156688,6
100862,4362,رباط,156691,6
100863,4362,سنجد,156696,6
100864,4362,شناقی سفلی,156698,6
100865,4362,شناقی علیا,156699,6
100866,4362,قلعه علیمحمد,156701,6
100867,4363,ترنیک,156761,6
100868,4363,جعفرابادسفلی,156765,6
100869,4363,حاجی تقی,156772,6
100870,4363,دندنقاب,156778,6
100871,4363,کلاته جعفراباد,156795,6
100872,4363,کلاته صفدراباد,156800,6
100873,4363,گزکوه,156805,6
100874,4363,مرغزار,156812,6
100875,4363,میرفضل اله,156820,6
100876,4363,نقاب,156822,6
100877,4363,ولی آباد,156823,6
100878,4363,نجف آباد,157623,6
100879,4363,کلاته دندسفلی,396463,6
100880,4363,ناحیه صنعتی فاروج,828039,6
100881,4363,سازمان اصغری نژاد,828040,6
100882,4364,خوکانلو,156554,6
100883,4364,قلعه صفا,156564,6
100884,4364,اسفجیر,157582,6
100885,4364,اق باغ,157583,6
100886,4364,حصاراندف,157592,6
100887,4364,حصارکهنه,157593,6
100888,4364,خبوشان,157594,6
100889,4364,خواجه ها,157595,6
100890,4364,دربنداسفجیر,157596,6
100891,4364,طرقی سفلی,157602,6
100892,4364,قره تپه,157604,6
100893,4364,قوچ قلعه,157610,6
100894,4364,کوران ترکیه,157615,6
100895,4364,کوران کردیه,157616,6
100896,4364,گنداب,157618,6
100897,4364,یام,157625,6
100898,4364,کلاته فیروزه,396444,6
100899,4365,ارموداقاچی,157112,6
100900,4365,اسطرخی,157113,6
100901,4365,اق چشمه,157114,6
100902,4365,باش محله,157115,6
100903,4365,بهارسفلی,157116,6
100904,4365,بهارعلیا,157117,6
100905,4365,بیرک سفلی,157118,6
100906,4365,بیرک علیا,157119,6
100907,4365,جنجال آباد,157120,6
100908,4365,خرق,157121,6
100909,4365,قره ارپد,157125,6
100910,4365,احسان آباد,157502,6
100911,4365,امیرآباد,157505,6
100912,4365,اینجی,157507,6
100913,4365,بیرم آباد,157510,6
100914,4365,پسکن,157511,6
100915,4365,پیره,157512,6
100916,4365,شیرغان,157520,6
100917,4365,فرهادان,157523,6
100918,4365,قره جقه,157524,6
100919,4365,قره چشمه,157525,6
100920,4365,قلعه نورمحمد,157526,6
100921,4365,قوشخانه,157527,6
100922,4365,گوگ دره,157535,6
100923,4365,محمدآباد,157536,6
100924,4365,یارم گنبد,157538,6
100925,4365,ینگه قلعه,157540,6
100926,4366,استاد,157782,6
100927,4366,برگرد,157784,6
100928,4366,پیرعلی,157785,6
100929,4366,چوکانلو,157786,6
100930,4366,خسرویه,157789,6
100931,4366,خیرآباد,157790,6
100932,4366,سه گنبد,157798,6
100933,4366,کلاته سیاهدشت,157802,6
100934,4366,مایوان,157804,6
100935,4366,مزرعه محسنی,157809,6
100936,4366,مزرعه مهنی,157811,6
100937,4366,هشت مرخ,157814,6
100938,4366,شهرک صنعتی فاروج,828038,6
100939,4366,مجتمع خدماتی رفاهی بین راهی آل یاسین,828146,6
100940,4367,پرکار,157061,6
100941,4367,تبریان,157062,6
100942,4367,چری,157064,6
100943,4367,چورکخانه,157065,6
100944,4367,دالنجان ترکیه,157066,6
100945,4367,دالنجان کردیه,157067,6
100946,4367,ریزه,157068,6
100947,4367,زینکانلو,157069,6
100948,4367,سلیمان آباد,157070,6
100949,4367,سوگتلی,157071,6
100950,4367,صوفیانلو,157074,6
100951,4367,علیشاه,157075,6
100952,4367,قره گل,157077,6
100953,4367,کلاته شاه میر,157079,6
100954,4367,کواکی,157080,6
100955,4367,گرماب,157082,6
100956,4367,مردکانلو,157084,6
100957,4367,مگجی,157085,6
100958,4367,باغ محله,157508,6
100959,4367,اکبراباد,157585,6
100960,4367,مفرنقاه,157621,6
100961,4367,رستم آباد,157791,6
100962,4367,رشوانلو,157792,6
100963,4367,سنگلی شور,157796,6
100964,4367,سنگلی شیرین,157797,6
100965,4367,کلاته محمدرضاخان,157803,6
100966,4367,چاه عمیق محمدحسن داستانی,828032,6
100967,4367,چاه عمیق محمد بهره مند,828033,6
100968,4367,اق داش,828036,6
100969,4367,چاه عمیق رضا نقدی,828141,6
100970,4367,چاه عمیق رحیم صدیقی,828142,6
100971,4368,سازمان محیطزیست,126931,6
100972,4368,اسپاخو,127436,6
100973,4368,باش کلاته,127442,6
100974,4368,جوزک,127446,6
100975,4368,چمن بید,127451,6
100976,4368,چناردره,127452,6
100977,4368,حیدرآباد,127454,6
100978,4368,درکش,127456,6
100979,4368,کشانک,127484,6
100980,4368,کلاته زمان صوفی,127491,6
100981,4368,گلزار,127497,6
100982,4368,هاور,127513,6
100983,4368,کلاته رضا,390219,6
100984,4368,پست محیط زیست شارلق,390267,6
100985,4368,پست محیط زیست المه,390284,6
100986,4368,کرنخ,390298,6
100987,4368,سولگرد,390614,6
100988,4368,بادبر,390616,6
100989,4368,ازادگان /ابراهیم شاه /,541506,6
100990,4368,بی بی عالم,828085,6
100991,4368,چاه عمیق محیط زیست,828086,6
100992,4368,پست حفاظت محیط زیست سولگرد,828100,6
100993,4368,مجتمع خدماتی رفاهی شرفی,828145,6
100994,4369,کلاته تشی,127445,6
100995,4369,زرد,127457,6
100996,4369,سفیدانلو,127464,6
100997,4369,عزیزآباد,127470,6
100998,4369,قلعه خان /رسالت /,127478,6
100999,4369,قولانلو,127480,6
101000,4369,کاستان,127482,6
101001,4369,کلاته براتعلی/کلاته همراه,127487,6
101002,4369,کلاته عباس جوینی,127492,6
101003,4369,کلاته غمو,127493,6
101004,4369,لنگر,127498,6
101005,4369,موتورعمیق شهرابادخاور,390658,6
101006,4369,موتورعمیق صداقت,390664,6
101007,4369,مزرعه قنات دبیر,828087,6
101008,4369,سنگ شکن طلایه دلبر,828088,6
101009,4369,موتور عمیق مستضعفان شماره 1,828089,6
101010,4369,موتور عمیق مستضعفان شماره 2,828090,6
101011,4369,چاه عمیق مشاع رعیتی,828091,6
101012,4369,مزرعه گرجی,828092,6
101013,4369,چاه عمیق میرزای حسینی,828093,6
101014,4369,مجتمع شهید نارنجی,828094,6
101015,4369,باغ نوده,828095,6
101016,4370,بهکده رضوی /شاه آباد/,022087,6
101017,4370,پادگان نظامی شهراباد,022093,6
101018,4370,چالباش,022100,6
101019,4370,منصورآباد,022149,6
101020,4370,ابه محمدجان,127435,6
101021,4370,امند,127439,6
101022,4370,اینچه علیا,127441,6
101023,4370,چشمه قربان شادی,127449,6
101024,4370,قره قانلو,127472,6
101025,4370,قزل لر/قره باغ /,127476,6
101026,4370,شاهپورخان (قسطی ),127477,6
101027,4370,قمرقان,127479,6
101028,4370,گرماب,127496,6
101029,4370,اینچه سفلی,127604,6
101030,4370,تاجیک,127610,6
101031,4370,تازه یاب,127612,6
101032,4370,دشتک علیا,127636,6
101033,4370,دالق تپه / دلق تپه/,127637,6
101034,4370,گرگزتازه یل,127694,6
101035,4370,گزباشی,127696,6
101036,4370,کلاته بز,390615,6
101037,4370,دامدامی,542757,6
101038,4370,دشت گرگان,542758,6
101039,4370,سوقه,542794,6
101040,4370,کلاته حبیب,828147,6
101041,4371,اسلام آبادکرد/شاه آباد/,127437,6
101042,4371,بیارکرد,127443,6
101043,4371,حسن آباد,127453,6
101044,4371,دربند,127455,6
101045,4371,زوعلیا,127458,6
101046,4371,سازمان کشاورزی اکبری,127459,6
101047,4371,سازمان کشاورزی سیدحسین هاشمی نژاد,127460,6
101048,4371,سازمان کشاورزی شادلو,127461,6
101049,4371,سازمان کشاورزی فضل اله خان,127462,6
101050,4371,سازمان کشاورزی محمدباقرکریمی,127463,6
101051,4371,انصار,127467,6
101052,4371,شیراباد/زوسفلی /,127469,6
101053,4371,قره مصلی,127473,6
101054,4371,قره میدان بزرگ,127474,6
101055,4371,مزرعه قره میدان کوچک,127475,6
101056,4371,کریک,127483,6
101057,4371,کلاته اصغراباد / کلاته خسروخان/,127490,6
101058,4371,مزرعه ایمانی,127499,6
101059,4371,مزرعه پرستو,127500,6
101060,4371,مزرعه مستضعفان,127503,6
101061,4371,مزرعه منصوری,127504,6
101062,4371,مزرعه همتی,127505,6
101063,4371,مزرعه هنرستان,127506,6
101064,4371,ملاحسن,127507,6
101065,4371,مهمانک,127508,6
101066,4371,نادراباد,127510,6
101067,4371,نجف,127511,6
101068,4371,چخماقلو,128099,6
101069,4371,حسن سو,128101,6
101070,4371,حسن مست,128102,6
101071,4371,شورک,128113,6
101072,4371,گرمک,128132,6
101073,4371,کشتارگاه,390645,6
101074,4371,کلنیک حفظ نباتات /سازمان فنی حرفه ای,390646,6
101075,4371,اداره راه و ترابری مانه و سملقان و کارخانه آسفالت,390655,6
101076,4371,الغدیر,542236,6
101077,4371,ایستگاه تلقیح مصنوعی,828002,6
101078,4371,شهرکهای صنعتی آشخانه,828096,6
101079,4371,آموزشکده کشاورزی سمنگان,828097,6
101080,4371,دانشگاه پیام نور آشخانه,828098,6
101081,4371,آموزشکده شبانه روزی فنی و حرفه ای شهید پاکدل,828099,6
101082,4372,سازمان کشاورزی کهن نژاد,126229,6
101083,4372,ارچه,126913,6
101084,4372,ارمودلو,126916,6
101085,4372,بیدک,126917,6
101086,4372,تلندر,126919,6
101087,4372,چشمه خان,126920,6
101088,4372,دشت,126924,6
101089,4372,رباطقره بیل,126925,6
101090,4372,سازمان ثاقب نیا /سازمان رضوانی/,126928,6
101091,4372,سازمان کیانی,126930,6
101092,4372,سفیددالی,126932,6
101093,4372,شرکت سهامی تخته گرگان,126933,6
101094,4372,شرکت کشت وصنعت توس,126934,6
101095,4372,قزلق,126936,6
101096,4372,قلعه کور,126937,6
101097,4372,کرکولی,126940,6
101098,4372,گل من دره,126943,6
101099,4372,مزرعه کشاورزی شادلو,126945,6
101100,4372,کشت وصنعت ودامداری اهوان / هما,126946,6
101101,4372,سازمان میرزابایلو,390231,6
101102,4372,سازمان اکبری,390264,6
101103,4372,مجتمع خدماتی,828101,6
101104,4372,ایستگاه گاز,828102,6
101105,4372,سنگ شکن,828103,6
101106,4373,بلقلی بالا,126394,6
101107,4373,بلقلی کهنه,126395,6
101108,4373,چشمه بوریا,126404,6
101109,4373,سرچایان,126428,6
101110,4373,ساقارچیان,126430,6
101111,4373,سنجت آباد,126431,6
101112,4373,شاه آبادعلیا,126433,6
101113,4373,شجاع آباد,126434,6
101114,4373,علمده,126440,6
101115,4373,کلاته اشتر,126446,6
101116,4373,مچو,126486,6
101117,4373,مفتاح آباد,126491,6
101118,4373,نی وال,126498,6
101119,4373,مرغزار,126500,6
101120,4373,اصغراباد,126770,6
101121,4373,برزنه,126773,6
101122,4373,بیدک,126774,6
101123,4373,چهارچوبه,126786,6
101124,4373,رباطعشق,126792,6
101125,4373,زعفران چاه,126796,6
101126,4373,شورک بالا,126798,6
101127,4373,قره چشمه بالا,126805,6
101128,4373,قره چشمه پایین,126806,6
101129,4373,قزل حصارپایین,126807,6
101130,4373,قزل حصاربالا,126808,6
101131,4373,کرکی,126811,6
101132,4373,گوداری,126831,6
101133,4373,مشمی / مشما/,126835,6
101134,4373,یان چشمه,126840,6
101135,4373,تخت کرکی,390292,6
101136,4373,تخت سرچاه,390293,6
101137,4373,کج بید,390303,6
101138,4373,کج بیدبالا,390304,6
101139,4373,چاه غلامی,390305,6
101140,4373,چاه مشاع اسلام آباد2,390312,6
101141,4373,کلاته نو,390488,6
101142,4373,نودهی,390508,6
101143,4373,اسلام آباد,828029,6
101144,4373,رنوازی,828030,6
101145,4373,چاه منیر آباد ( کلاته دهی ),828031,6
101146,4374,انابای,127015,6
101147,4374,اسفروج,127018,6
101148,4374,پشین ده,127030,6
101149,4374,جلفدره,127038,6
101150,4374,سیدآباد,127054,6
101151,4374,قلعه قوشین,127061,6
101152,4374,قوش تپه,127063,6
101153,4374,کلاته شیرو,127074,6
101154,4374,گوی نیک,127083,6
101155,4374,امامدره,127318,6
101156,4374,امانلی,127319,6
101157,4374,تنگه ترکمن,127326,6
101158,4374,تنگه راز,127327,6
101159,4374,زرنه,127334,6
101160,4374,عبداله آباد,127339,6
101161,4374,فرح دین,127340,6
101162,4374,دکل مخابرات,828122,6
101163,4374,کشکینه زو,828123,6
101164,4374,سنگین در,828124,6
101165,4374,کلاته رضازاده,828125,6
101166,4374,کلاته شام باباکه,828126,6
101167,4374,دوست محمد,828127,6
101168,4374,رجبعلی داشاب,828128,6
101169,4374,پشتاقان,828129,6
101170,4374,رزان دره,828130,6
101171,4374,زوقربانعلی,828131,6
101172,4374,کلاته گلبونه,828132,6
101173,4374,چشمه سید,828133,6
101174,4374,کلاته کندرف,828134,6
101175,4374,قره گوی,828135,6
101176,4375,سنگسار,127051,6
101177,4375,اشرف دره,127316,6
101178,4375,باغلق,127320,6
101179,4375,بیک پولاد/بک پولاد/,127324,6
101180,4375,تش نفس,127325,6
101181,4375,کاریز,127346,6
101182,4375,گز,127352,6
101183,4375,گنبدلی,127353,6
101184,4376,ادینه قلی,127016,6
101185,4376,المادوشن,127022,6
101186,4376,تازه قلعه,127033,6
101187,4376,داشلی قلعه,127043,6
101188,4377,بشدره,127025,6
101189,4377,پرسه سوی سفلی,127026,6
101190,4377,پرسه سوعلیا,127027,6
101191,4377,تکله قوز,127036,6
101192,4377,راستقان,127047,6
101193,4377,سیوخسوانقلاب / سیوخسومرادخان/,127057,6
101194,4377,سیوخسوهاشم,127058,6
101195,4377,قره باطر,127060,6
101196,4377,کلاته اتعلی,127066,6
101197,4377,کلاته حسنقلی,127069,6
101198,4378,قره اقاج,127188,6
101199,4378,اشرف الاسلام,127315,6
101200,4378,بویاقلی,127322,6
101201,4378,بهار/کلاته بهار/,127323,6
101202,4378,توتلی سفلی /اشاقی توتلی /,127328,6
101203,4378,توتلی علیا,127329,6
101204,4378,دویدوخ علیا / دویدخ علیا/,127333,6
101205,4378,قاولقا,127341,6
101206,4378,قره قانلو,127342,6
101207,4378,قریه صیدنور,127343,6
101208,4378,قوری دره,127344,6
101209,4378,کرکولی,127347,6
101210,4378,کلاته ابریشم,127348,6
101211,4378,گرگز,127351,6
101212,4378,مزارلق /اسلامبول /,127355,6
101213,4378,مزرعه چال تک پک,127356,6
101214,4378,ییلاق,127363,6
101215,4379,اشتوت بالا,127162,6
101216,4379,اشتوت پایین,127163,6
101217,4379,اقرقایه,127169,6
101218,4379,بچه دره,127171,6
101219,4379,حصارچه پایین,127178,6
101220,4379,حصارچه بالا,127179,6
101221,4379,قره اقاج محمد نفس,127189,6
101222,4379,قره پارچق,127190,6
101223,4379,قزل,127191,6
101224,4379,کرپشتلی باغی,127193,6
101225,4379,کرپشتلی علیا,127194,6
101226,4379,کیلوپنجه,127200,6
101227,4379,مزرعه بچه دره علیا,127202,6
101228,4379,کلاته حاجی آشور,828137,6
101229,4379,کلاته شهید پورمند,828138,6
101230,4380,اقازاده,125812,6
101231,4380,الست سفلی,125813,6
101232,4380,خوراب سفلی,125826,6
101233,4380,خوراب علیا,125827,6
101234,4380,دول چاه,125829,6
101235,4380,شورابی,125838,6
101236,4380,قره چاه,125848,6
101237,4380,کلاته ملانقی,125860,6
101238,4380,کلاته ارغیانی,125862,6
101239,4380,گپز,125864,6
101240,4380,گمبردی,125866,6
101241,4380,محمدآباد,125870,6
101242,4380,منگلی سفلی /احمدابادمنگلی /,125872,6
101243,4380,منگلی علیا,125873,6
101244,4380,نیاب,125876,6
101245,4380,الست علیا,125878,6
101246,4380,حسین آباد,390058,6
101247,4380,چاه عمیق محمدرضاباباکلانی,390059,6
101248,4380,چاه موتورحاجی حسن سهرابی,390063,6
101249,4380,چاه مشاع شهیدقهرمانی شماره 5,390067,6
101250,4380,چاه مشاع شهیدقهرمانی شماره 4,390068,6
101251,4380,چاه مشاع شهیدقهرمانی شماره 2,390069,6
101252,4380,چاه مشاع شهیدقهرمانی شماره 3,390070,6
101253,4380,چاه مشاع شهیدقهرمانی شماره 1,390071,6
101254,4380,چاه عمیق حاج حسین ارغیانی,542212,6
101255,4380,چاه عمیق محمود ارغیانی1,542215,6
101256,4380,چاه عمیق محمود ارغیانی2,542216,6
101257,4380,محله دوست محمد,542217,6
101258,4380,چاه موتورمشاع شهیدقهرمانی شماره 7,542222,6
101259,4380,قره جه بایر,828004,6
101260,4380,کلاته باغ,828046,6
101261,4380,برجاقستان,828047,6
101262,4380,کلاته یخدان,828048,6
101263,4380,خان قلعه,828050,6
101264,4380,بندگلستان,828051,6
101265,4380,چاه مالکین گل انجیک,828052,6
101266,4380,چاه شهید منتظر شماره1,828053,6
101267,4380,چاه شهید منتظر شماره2,828054,6
101268,4380,چاه شهید منتظر شماره3,828055,6
101269,4380,چاه عمیق میرزاتقی حسینی,828056,6
101270,4380,چاه موتور امینی,828057,6
101271,4380,چاه عمیق غلامرضا گرایلی,828058,6
101272,4380,چاه موتور مرشدخان علیا,828059,6
101273,4380,چاه عمیق محمد صفی آبادی,828060,6
101274,4381,باغشجرد,125816,6
101275,4381,بهکاریز /سیداباد/,125819,6
101276,4381,جوادیه,125823,6
101277,4381,درگاه دره,125828,6
101278,4381,دهنه شیرین,125830,6
101279,4381,راوخ,125832,6
101280,4381,زنفت,125833,6
101281,4381,سرفراز,125836,6
101282,4381,عباس آباد,125840,6
101283,4381,فیروزاباد,125846,6
101284,4381,قارضی,125847,6
101285,4381,قنبرباغی,125849,6
101286,4381,گسک -گسک علیا/کسک /,125851,6
101287,4381,کلاته پیر,125854,6
101288,4381,کلاته هیو,125861,6
101289,4381,مقصوداباد,125871,6
101290,4381,اسفید,168072,6
101291,4381,جوزقه,168104,6
101292,4381,چاه دهنه شیرین,390055,6
101293,4381,چاه بنیاد مستضعفان,542213,6
101294,4381,چاه عمیق حاج نور محمد بهرامی,542214,6
101295,4381,کلاته چهارباغ,828049,6
101296,4381,کش شور,828061,6
101297,4382,اسفنج,125733,6
101298,4382,اغش /اقج /,125734,6
101299,4382,بام,125736,6
101300,4382,بیش آباد,125740,6
101301,4382,خرگلی,125747,6
101302,4382,دره محموداباد,125748,6
101303,4382,قارضی کرجی,125754,6
101304,4382,کلاته بام,125759,6
101305,4382,کورنان,125760,6
101306,4382,مرواری چاه,125764,6
101307,4382,نوده بام,125769,6
101308,4382,اق قلعه,125811,6
101309,4382,تارخه,125820,6
101310,4382,غوزه زن /گیوه جان /,125822,6
101311,4382,دیوانی,125831,6
101312,4382,عنبراباد,125843,6
101313,4382,فتح آباد,125844,6
101314,4382,قوچقر,125850,6
101315,4382,کلاته سراب,125856,6
101316,4382,گروانگو,125867,6
101317,4382,نورقاب,125874,6
101318,4382,رنداباد,390077,6
101319,4383,اردین,125732,6
101320,4383,باباقدرت,125735,6
101321,4383,بانی در,125737,6
101322,4383,بکرآباد,125738,6
101323,4383,جهان,125742,6
101324,4383,چهارمست/ چهارفصل /,125744,6
101325,4383,دستجرد,125749,6
101326,4383,دهنه اجاق,125750,6
101327,4383,زالی,125751,6
101328,4383,عیسی باغ,125753,6
101329,4383,کاریزدر,125756,6
101330,4383,کوشکندر,125761,6
101331,4383,ناوق سفلی,125765,6
101332,4383,ناوق علیا,125766,6
101333,4383,امامزاده سلطان مصیب,390084,6
101334,4383,داشخانه,390085,6
101335,4383,تی جی ری سفلی,390086,6
101336,4383,تی جی ری علیا,390087,6
101337,4383,کلاته نریمان / کلاته مختار/,390100,6
101338,4383,سایت مخابراتی جنت,542225,6
101339,4384,اغجه,127593,6
101340,4384,ارناوه,127595,6
101341,4384,اسفیدان,127596,6
101342,4384,اینجانلو,127603,6
101343,4384,بازاره قارناس,127605,6
101344,4384,بربرقلعه,127606,6
101345,4384,پوستین دوز,127608,6
101346,4384,تازه قلعه,127611,6
101347,4384,تخت میش,127614,6
101348,4384,توپچنار,127617,6
101349,4384,چشمه گاه,127623,6
101350,4384,چوپلی تپه,127624,6
101351,4384,اسلام آباد,127629,6
101352,4384,رحیم داد,127639,6
101353,4384,علی آبادقره چای,127650,6
101354,4384,قره چای,127656,6
101355,4384,قره کانلو,127657,6
101356,4384,قلعه استاد,127660,6
101357,4384,قلعه قصری,127662,6
101358,4384,قلندرتپه,127664,6
101359,4384,کشک آباد,127667,6
101360,4384,کلاین,127687,6
101361,4384,کیکانلو,127692,6
101362,4384,محمدآباد,127698,6
101363,4384,یالانچی,127702,6
101364,4385,اغمزار,127594,6
101365,4385,اناقارن,127602,6
101366,4385,برج زنگانلو,127607,6
101367,4385,خرم ده غربی,127633,6
101368,4385,خرم ده شرقی,127634,6
101369,4385,دشتک سفلی,127635,6
101370,4385,شش خانه,127644,6
101371,4385,عشق آباد,127649,6
101372,4385,قره اقاج بالا,127652,6
101373,4385,قره اقاج پایین,127653,6
101374,4385,قره اقاج سربند,127654,6
101375,4385,قسطی معاون,127659,6
101376,4385,قلعه بید,127661,6
101377,4385,کلاته اناموسی,127668,6
101378,4385,کلاته بشیم,127672,6
101379,4385,کلاته چنار,127674,6
101380,4385,کوشکی ترکمن,127688,6
101381,4385,کوشکی راجی,127689,6
101382,4385,کوشکی کیکانلو,127690,6
101383,4385,گزاباد,127695,6
101384,4385,گوگول,127697,6
101385,4385,امین آباد/سامان /,541971,6
101386,4385,قلیچ قامیش,828000,6
101387,4386,یموق,127206,6
101388,4386,چهارباغ,127626,6
101389,4386,حاجی غلامرضا,127627,6
101390,4386,حسن آباد,127628,6
101391,4386,حمزک,127630,6
101392,4386,خرتوت,127632,6
101393,4386,سرقمیش,127641,6
101394,4386,قزل قلعه بالا,127658,6
101395,4386,کال ایمانی,127666,6
101396,4386,کلاته صوفی زاده,127677,6
101397,4386,کلاته فتح اله,127680,6
101398,4386,کلاته میرزاعباس,127685,6
101399,4386,کوه قلعه,127691,6
101400,4386,محمدعوض /محمداباد/,127699,6
101401,4386,کالیمانی,390319,6
101402,4386,قزل قلعه پایین,390676,6
101403,4386,باران آباد,828001,6
101404,4386,روستای حاج حسین,828003,6
101405,4386,چاقان,828017,6
101406,4386,ترجلی,828018,6
101407,4386,چهل گذر,828019,6
101408,4387,ساخلی ایلمان,127181,6
101409,4387,شاتوت,127183,6
101410,4387,شبلی,127184,6
101411,4387,شورسو,127185,6
101412,4387,کاریز,127192,6
101413,4387,کلاته اله قلی,127197,6
101414,4387,کهنه جلگه,127199,6
101415,4387,یارچلی,127205,6
101416,4387,محمد بردی,828020,6
101417,4387,پست دره,828021,6
101418,4388,نقنج,130806,6
101419,4388,اغلدر,132527,6
101420,4388,آرویز,132531,6
101421,4388,اسماعیل آباد,132535,6
101422,4388,القور,132544,6
101423,4388,النگ,132545,6
101424,4388,النگی,132547,6
101425,4388,برج زیاد,132560,6
101426,4388,بزقنج,132561,6
101427,4388,پگان,132566,6
101428,4388,بلنجاب,132567,6
101429,4388,بیدسک,132573,6
101430,4388,پسوج / پسوچ,132578,6
101431,4388,یهن,132579,6
101432,4388,پیرانج,132580,6
101433,4388,پیشکوه علیا,132582,6
101434,4388,غیوک,132602,6
101435,4388,جمال الدین,132606,6
101436,4388,چشمه مولید,132628,6
101437,4388,حاجی آباد,132635,6
101438,4388,خونیک,132650,6
101439,4388,دره گزان سفلی,132660,6
101440,4388,دل آباد,132663,6
101441,4388,ذغال در,132667,6
101442,4388,زیراج,132690,6
101443,4388,ساقی,132695,6
101444,4388,سمای,132702,6
101445,4388,سنگ آباد,132703,6
101446,4388,شارقنج,132715,6
101447,4388,صدگل,132729,6
101448,4388,طورمان,132731,6
101449,4388,فلارگ,132748,6
101450,4388,کلاج درگ,132808,6
101451,4388,کورگز بالا,132813,6
101452,4388,کورگز پایین,132814,6
101453,4388,کوشک,132816,6
101454,4388,گلون آباد,132824,6
101455,4388,ماسن,132828,6
101456,4388,مافریز,132829,6
101457,4388,ماهوسک,132832,6
101458,4388,ماهوک,132833,6
101459,4388,مرغزار,132838,6
101460,4388,مروک,132842,6
101461,4388,موگرد,132851,6
101462,4388,مولید,132852,6
101463,4388,میاباد / مهیاباد,132854,6
101464,4388,نوخان,132863,6
101465,4388,نوگیدر,132867,6
101466,4388,هادرباد علیا,132876,6
101467,4388,مرقچ,132925,6
101468,4388,تنگل بالا,132938,6
101469,4388,آسیاب خیر آباد,133253,6
101470,4388,شریف آباد / اشکمبر آباد,133263,6
101471,4388,دستگرد,133395,6
101472,4388,ساختمان پلیس راه,133414,6
101473,4388,شکرانه / شکراب پایین,133433,6
101474,4388,کریم آباد,133467,6
101475,4388,کلاته بجدی,133473,6
101476,4388,معدن سنگ مرک,133543,6
101477,4388,کلاته داروغه,390932,6
101478,4388,سرحد,390982,6
101479,4388,سر آسیاب,390996,6
101480,4388,مزداب,390998,6
101481,4388,آسو,390999,6
101482,4388,اشتک,391005,6
101483,4388,راهدارخانه,391006,6
101484,4388,کلاته نو,391015,6
101485,4388,روبخت,391037,6
101486,4388,خنگ,391048,6
101487,4388,نوده,391050,6
101488,4388,سنگبری کرمانی,542096,6
101489,4389,اسنان,130309,6
101490,4389,اوجاد,130324,6
101491,4389,بویک وسطی,130351,6
101492,4389,بیدخت,130357,6
101493,4389,جلیل آباد,130429,6
101494,4389,دارج,130510,6
101495,4389,رزوک,130526,6
101496,4389,رهنیچ,130533,6
101497,4389,ساقدر,130547,6
101498,4389,کرشکک,130648,6
101499,4389,گازار,130730,6
101500,4389,مهمویی,130792,6
101501,4389,نوغاب چیک,130812,6
101502,4389,نویک,130821,6
101503,4389,ورقنه,130831,6
101504,4390,افکشت,128661,6
101505,4390,تاج کوه,128681,6
101506,4390,چاه زرد,128710,6
101507,4390,حج نج,128737,6
101508,4390,حصار سنگی,128742,6
101509,4390,خدا دادگان,128751,6
101510,4390,دهنه,128767,6
101511,4390,فریز,128831,6
101512,4390,اسبان,132532,6
101513,4390,افضل آباد,132540,6
101514,4390,النگ,132546,6
101515,4390,بقی,132565,6
101516,4390,بواج,132569,6
101517,4390,چهریک,132631,6
101518,4390,چهکند,132632,6
101519,4390,حمبل,132644,6
101520,4390,رزق آباد,132672,6
101521,4390,روشناوند,132683,6
101522,4390,سیچان,132712,6
101523,4390,شاه میران / ولی آباد,132718,6
101524,4390,شوشود,132722,6
101525,4390,شیرگ (تگ برج),132726,6
101526,4390,عشق آباد,132735,6
101527,4390,عینید بالا,132744,6
101528,4390,قطار گز,132751,6
101529,4390,کندر,132810,6
101530,4390,گلونک / گلونوک,132825,6
101531,4390,گله چشمه علیا / گله چشمه بالا,132827,6
101532,4390,ملکانی,132849,6
101533,4390,موشی,132850,6
101534,4390,میان کوه,132857,6
101535,4390,نوغاب افضل آباد,132862,6
101536,4390,حسین آباد,391465,6
101537,4391,جیجک,130435,6
101538,4391,خونیک جیجک,130503,6
101539,4391,سرچاه تازیان,130553,6
101540,4391,گزندر سفلی,130737,6
101541,4391,گوگچین,130749,6
101542,4391,میرزگ,130796,6
101543,4391,آرویج / آرویچ,131556,6
101544,4391,استخر,131557,6
101545,4391,اشتاخو,131564,6
101546,4391,القار,131568,6
101547,4391,خوشینه سفلی,131712,6
101548,4391,خوشینه علیا,131713,6
101549,4391,رقیه آباد,131734,6
101550,4391,فیض آباد,131798,6
101551,4391,کلاته محمد سلطان,131883,6
101552,4391,کوچ القار,131910,6
101553,4391,مافنداب,131938,6
101554,4391,ادیگان,132529,6
101555,4391,بزقوچ سفلی / بزقوچ پایین,132562,6
101556,4391,بزقوچ علیا / بزقوچ بالا,132563,6
101557,4391,تقچر آباد,132587,6
101558,4391,جلال سفلی / جلال پایین,132604,6
101559,4391,چشمه درخت بید,132611,6
101560,4391,خونیک زیرک,132653,6
101561,4391,ربیان,132670,6
101562,4391,رضوان,132677,6
101563,4391,رق بغل,132679,6
101564,4391,رق عنابی,132680,6
101565,4391,رهنیشک,132684,6
101566,4391,ریخان,132685,6
101567,4391,زیرک,132691,6
101568,4391,زین آباد,132693,6
101569,4391,سیسکان / سیسگان,132714,6
101570,4391,شیخان,132724,6
101571,4391,عباس آباد,132734,6
101572,4391,قلعه کوه,132752,6
101573,4391,کم چاه,132762,6
101574,4391,کوشک آباد,132815,6
101575,4391,گرموک,132819,6
101576,4391,گرمیدر,132820,6
101577,4391,گزیک,132822,6
101578,4391,نوغاب,132861,6
101579,4391,نوک,132866,6
101580,4391,نیستان,132869,6
101581,4391,تیدوک,133327,6
101582,4391,مرک,133534,6
101583,4391,رهنیشک پایین,391406,6
101584,4391,حسین آباد / دهکده شهید پرویز حسینی,391721,6
101585,4391,قاسم آباد,541671,6
101586,4391,چاه آب محمد آباد,829071,6
101587,4392,اوجان,130325,6
101588,4392,بیست کنج,130364,6
101589,4392,بیماد / بیمار,130365,6
101590,4392,پدمرود,130373,6
101591,4392,خزان,130489,6
101592,4392,سرقان سفلی,130562,6
101593,4392,شاخن,130586,6
101594,4392,شوراب,130599,6
101595,4392,شهراه,130602,6
101596,4392,فورجان,130634,6
101597,4392,مبارک آباد,130764,6
101598,4392,میریک,130798,6
101599,4392,واشان,130830,6
101600,4393,باتجگ,128666,6
101601,4393,تگ سیفی,128685,6
101602,4393,تگ گیسه,128687,6
101603,4393,تنگل علی بیک,128691,6
101604,4393,چاه رکاتیها,128709,6
101605,4393,چاه زینی ها,128711,6
101606,4393,خونیک,128757,6
101607,4393,رچ,128770,6
101608,4393,رکات سفلی,128772,6
101609,4393,رکات علیا,128773,6
101610,4393,زمان آباد,128781,6
101611,4393,علی گود,128826,6
101612,4393,کلاته شور,128864,6
101613,4393,کلاته قنادان,128870,6
101614,4393,گلیان,128893,6
101615,4393,گلبرگان,128897,6
101616,4393,گیوک علیا,128904,6
101617,4393,گیوک سفلی,128905,6
101618,4393,مساوری,128918,6
101619,4393,نوبهار,128933,6
101620,4393,نوکند,128936,6
101621,4393,کلاته محمد بیک,132568,6
101622,4393,دهانتک,132664,6
101623,4393,ریزاب,132686,6
101624,4393,سیتون,132711,6
101625,4393,فریزنوک,132746,6
101626,4393,کلاته حاجی یوسف,132779,6
101627,4393,کلاته قنادان,132791,6
101628,4393,کلاته میرحسین,132800,6
101629,4393,ابتلونک,133235,6
101630,4393,اخلگاه,133239,6
101631,4393,ارگینی بالا,133240,6
101632,4393,ارگینی پایین,133241,6
101633,4393,اروشه,133242,6
101634,4393,اسفهرود,133244,6
101635,4393,آسیاب پای لاخ,133248,6
101636,4393,آسیاب غلام حیرانی,133249,6
101637,4393,آسیاب غلام حسین,133250,6
101638,4393,آسیاب حاجی,133251,6
101639,4393,آسیاب شور فریز,133256,6
101640,4393,آسیاب کل عباس,133259,6
101641,4393,آسیاب محمد,133260,6
101642,4393,اشگفتان,133264,6
101643,4393,النگ درویش,133265,6
101644,4393,الادر سفلی / الادر پایین,133266,6
101645,4393,الادر علیا / الادر بالا,133267,6
101646,4393,امیر آباد پایین,133269,6
101647,4393,امیر آباد شیبانی,133270,6
101648,4393,ایوان کیف,133273,6
101649,4393,بازکن,133274,6
101650,4393,باغ تک,133276,6
101651,4393,باغ دهنه,133277,6
101652,4393,باغ منظریه,133279,6
101653,4393,بجد,133280,6
101654,4393,برزگان,133281,6
101655,4393,بنگ آباد,133283,6
101656,4393,بنی آباد,133284,6
101657,4393,بوسعید,133285,6
101658,4393,بوشاد,133286,6
101659,4393,بهدستان,133287,6
101660,4393,بیژن آباد,133288,6
101661,4393,بیابانی بالا,133289,6
101662,4393,بیابانی پایین,133290,6
101663,4393,بیدخت,133291,6
101664,4393,بیدوک,133292,6
101665,4393,پی گدار چاه حوض,133296,6
101666,4393,ترش آب بالا,133298,6
101667,4393,ترش آب پایین,133299,6
101668,4393,ترکانی پایین / ترکانی سفلی,133301,6
101669,4393,تگ نگینان,133308,6
101670,4393,تگ صمد,133310,6
101671,4393,تگ آب خنک,133311,6
101672,4393,تگ آرگینی,133313,6
101673,4393,تگ اشتران,133314,6
101674,4393,تگ زیربنگ,133316,6
101675,4393,تگ میان,133318,6
101676,4393,تگ میان,133319,6
101677,4393,تنگل پایین,133324,6
101678,4393,جعفریه,133328,6
101679,4393,جوزان نوکی,133330,6
101680,4393,جیم آباد,133331,6
101681,4393,چاه حوض,133332,6
101682,4393,چارکش,133333,6
101683,4393,چاه کنان بالا,133342,6
101684,4393,چاه کنان پایین,133343,6
101685,4393,چشمه زمانی,133345,6
101686,4393,چشمه مرتضی,133357,6
101687,4393,چهار بالا,133359,6
101688,4393,چهار پایین,133360,6
101689,4393,چهارده بالا,133361,6
101690,4393,چهارده پایین,133362,6
101691,4393,چهکند,133363,6
101692,4393,چهکندوک,133364,6
101693,4393,حاجی آباد,133365,6
101694,4393,حاجی آباد,133366,6
101695,4393,حاجی کوهی,133367,6
101696,4393,حاجی معصومی,133368,6
101697,4393,حسن آباد پایین,133369,6
101698,4393,حسن آباد میان,133372,6
101699,4393,حسن رضا,133373,6
101700,4393,حسین آباد,133374,6
101701,4393,حسین آباد,133376,6
101702,4393,خالادر,133379,6
101703,4393,خسرک,133381,6
101704,4393,خنگ بالا,133384,6
101705,4393,خنگ پایین / اسماعیل آباد,133385,6
101706,4393,خونیک,133386,6
101707,4393,خیر آباد,133387,6
101708,4393,دامداری دانشگاه,133389,6
101709,4393,دره اجقو,133390,6
101710,4393,دره پایین,133391,6
101711,4393,دره میرک,133392,6
101712,4393,دزگ / دزک,133394,6
101713,4393,دلیجان,133397,6
101714,4393,ده نو,133399,6
101715,4393,رزگ,133404,6
101716,4393,رقویی پایین,133405,6
101717,4393,زیروچ,133407,6
101718,4393,زیروچی پایین,133409,6
101719,4393,زیلگوک,133410,6
101720,4393,زینی,133412,6
101721,4393,ساچ,133413,6
101722,4393,سراج,133416,6
101723,4393,سرپل,133417,6
101724,4393,سرتنگان,133418,6
101725,4393,سرخ آب,133419,6
101726,4393,سردخانه,133420,6
101727,4393,سررزگ,133421,6
101728,4393,سمبل,133422,6
101729,4393,سمو,133423,6
101730,4393,سهل آباد,133424,6
101731,4393,سیروان,133427,6
101732,4393,شاهو,133430,6
101733,4393,شرکت فلات,133432,6
101734,4393,شمس آباد,133435,6
101735,4393,شوکت آباد,133437,6
101736,4393,شهاباد,133439,6
101737,4393,شهرک صنعتی,133440,6
101738,4393,شیخک,133441,6
101739,4393,شیراز,133442,6
101740,4393,شیرمنج / شیرسنگ,133443,6
101741,4393,عربشاه بالا,133445,6
101742,4393,کلاته علی قاینی / علفی,133449,6
101743,4393,علیشاه,133450,6
101744,4393,علی آباد داور آباد,133452,6
101745,4393,علی آباد لوله,133453,6
101746,4393,قطبان,133457,6
101747,4393,کاخکی,133461,6
101748,4393,کاسه سنگی,133463,6
101749,4393,کسکستان,133468,6
101750,4393,کلاته بابا,133472,6
101751,4393,کلاته پای گدار,133474,6
101752,4393,کلاته دلاکان,133477,6
101753,4393,کلاته شوراب,133479,6
101754,4393,کلاته قاسم,133486,6
101755,4393,کلاته قنادان,133487,6
101756,4393,کلاته ملا / کلات ملا,133497,6
101757,4393,کلاته ملا یعقوب,133499,6
101758,4393,کلاته میر حسن,133500,6
101759,4393,کلاته میر علی,133501,6
101760,4393,کلاته نایب,133502,6
101761,4393,گزوک بالا,133516,6
101762,4393,گزوک پایین,133517,6
101763,4393,گل پنجه / گل نیچه,133519,6
101764,4393,گوجلگو,133521,6
101765,4393,گود محمود,133522,6
101766,4393,لون استخر,133525,6
101767,4393,مغول آباد,133527,6
101768,4393,محمد آباد,133531,6
101769,4393,محمد آباد,133532,6
101770,4393,مرغ,133533,6
101771,4393,مزار,133536,6
101772,4393,مزر آباد,133538,6
101773,4393,مزگ,133539,6
101774,4393,مسگر,133540,6
101775,4393,ملک آباد,133545,6
101776,4393,منجگان / منجیگان,133547,6
101777,4393,مهتران,133549,6
101778,4393,مهدی آباد,133551,6
101779,4393,نارمنج,133553,6
101780,4393,نصر آباد,133554,6
101781,4393,نوخنج,133556,6
101782,4393,نوک پایین,133558,6
101783,4393,هاشم آباد,133559,6
101784,4393,هاونگ بالا,133560,6
101785,4393,هاونگ پایین,133561,6
101786,4393,یشت,133567,6
101787,4393,یوسف آباد,133568,6
101788,4393,اکبر آباد,133920,6
101789,4393,ایشک,133941,6
101790,4393,برزچ,133955,6
101791,4393,بزرگان,133956,6
101792,4393,بهدان,133969,6
101793,4393,بهلگرد,133970,6
101794,4393,بهن آباد,133971,6
101795,4393,بیجار,133972,6
101796,4393,پسپتنگ سفلی / پشت تنگ پایین,133983,6
101797,4393,تگ تی تی,133994,6
101798,4393,تگ خارو,134005,6
101799,4393,تنگل بهدان,134030,6
101800,4393,چاج,134044,6
101801,4393,خراشاد,134108,6
101802,4393,خونیک,134117,6
101803,4393,سلیم آباد,134166,6
101804,4393,سورگ,134171,6
101805,4393,عباس آباد,134194,6
101806,4393,فریز مرغ,134216,6
101807,4393,کفکی,134234,6
101808,4393,کلاته بازرگان,134245,6
101809,4393,کلاته حاجی رضا,134269,6
101810,4393,کلاته حسین,134274,6
101811,4393,کلاته درویش,134287,6
101812,4393,کلاته شورک,134292,6
101813,4393,کلاته عباس,134300,6
101814,4393,کلاته محمدحسین خان / اردوگاه شهید مصطفی,134323,6
101815,4393,کلاته میر,134333,6
101816,4393,کلاته میر حسن,134337,6
101817,4393,کوچ,134359,6
101818,4393,گنج آباد,134376,6
101819,4393,محمود آباد,134388,6
101820,4393,مزرعه محمد شریف,134394,6
101821,4393,ملک آباد,134399,6
101822,4393,مورچک,134405,6
101823,4393,نصر آباد,134413,6
101824,4393,نوفرست,134418,6
101825,4393,حسین آباد,390816,6
101826,4393,اروشه پایین,390833,6
101827,4393,بند عمرشاه,390835,6
101828,4393,آسیاب محمد حسین,390850,6
101829,4393,علی آباد سرکار,390858,6
101830,4393,چاه علی محمدی,390878,6
101831,4393,چاه رستمی,390879,6
101832,4393,کلاته خالدار,390905,6
101833,4393,کلاته ملا,390906,6
101834,4393,علی آباد,390908,6
101835,4393,چشمه گزو (جزان),390915,6
101836,4393,تگ درخت بید,390916,6
101837,4393,باغ بهلگرد,390917,6
101838,4393,سرنابه,390919,6
101839,4393,قرارگاه محمد رسول اله,390920,6
101840,4393,یکه درخت,391338,6
101841,4393,کلاته علی قاسم,391343,6
101842,4393,مرغداری فرساد / گاوداری فرساد,391358,6
101843,4393,فوداج / فوداچ,541486,6
101844,4393,آسیاب شمس آباد,541664,6
101845,4393,محسن آباد,541665,6
101846,4393,پی گدار,542076,6
101847,4393,رسول آباد / کلاته احمدی,542077,6
101848,4393,مجتمع زندانهای جنوب خراسان,542088,6
101849,4393,مرغداری مهدی زرنگ,542372,6
101850,4393,میدان تیر,542373,6
101851,4393,کوره آجرپزی آسوده,542433,6
101852,4393,پدافند هوایی,829048,6
101853,4394,اسپندر,130308,6
101854,4394,آنیک,130323,6
101855,4394,بابریک سفلی (کلاته یعقوب),130329,6
101856,4394,بابریک علیا,130330,6
101857,4394,براندود,130338,6
101858,4394,بوته زیرگ,130348,6
101859,4394,بهنو,130356,6
101860,4394,تخته جان,130384,6
101861,4394,تگ نصرت,130407,6
101862,4394,توت کری,130420,6
101863,4394,خوان,130496,6
101864,4394,خونیکسار,130504,6
101865,4394,زیربراندود,130544,6
101866,4394,سراب سفلی,130550,6
101867,4394,سرخنگ,130557,6
101868,4394,سید آباد,130577,6
101869,4394,عشقیز,130617,6
101870,4394,کلاته کمال,130705,6
101871,4394,کلاته ملا,130710,6
101872,4394,گراز خونیک,130733,6
101873,4394,گیت,130751,6
101874,4394,ماه سنان,130762,6
101875,4394,مناوند,130782,6
101876,4394,میرآباد,130794,6
101877,4394,نوغاب,130810,6
101878,4394,نوقند,130819,6
101879,4394,وک,130833,6
101880,4394,منت آباد,391577,6
101881,4395,آویشک,130327,6
101882,4395,بیدسک منند,130360,6
101883,4395,تنگل,130412,6
101884,4395,خسرو آباد,130491,6
101885,4395,خورشیدان,130499,6
101886,4395,خیر آباد,130508,6
101887,4395,دره عباس,130518,6
101888,4395,رجنوک,130524,6
101889,4395,سریجان,130565,6
101890,4395,سید آباد,130578,6
101891,4395,شمس آباد,130595,6
101892,4395,فضل آباد,130633,6
101893,4395,فورخاص,130635,6
101894,4395,کال بید,130644,6
101895,4395,کلاته حاجی رضا,130674,6
101896,4395,کماچی,130727,6
101897,4395,کوشکک,130728,6
101898,4395,گز,130735,6
101899,4395,لتی,130753,6
101900,4395,منند بالا,130785,6
101901,4395,نگینان,130808,6
101902,4396,احمد آباد,131242,6
101903,4396,اسپید,131243,6
101904,4396,پوزه جنگا / پاسگاه پوزه جنگا,131258,6
101905,4396,جلاران,131262,6
101906,4396,چاه مضراب,131284,6
101907,4396,چاه ملا,131285,6
101908,4396,حسن آباد,131289,6
101909,4396,خرمک,131293,6
101910,4396,دستگرد,131299,6
101911,4396,ذکری,131304,6
101912,4396,رزه,131309,6
101913,4396,علی آباد,131320,6
101914,4396,فیض آباد,131321,6
101915,4396,کلاته یعقوب بیگ,131337,6
101916,4396,گرسک,131339,6
101917,4396,گزوند / گزند,131340,6
101918,4396,محمد آباد,131344,6
101919,4396,مورتیغ,131354,6
101920,4396,پاسگاه پوزه جنگا 2,391745,6
101921,4396,کلاته نو سلمان آباد,391761,6
101922,4396,کلات علی,391762,6
101923,4396,پاسگاه شهید خلاقی 2,391766,6
101924,4396,پایگاه شهدا,391767,6
101925,4396,پاسگاه گاویچ,391768,6
101926,4396,پاسگاه چاه مضراب 2,391769,6
101927,4396,چاه خنجک,542671,6
101928,4396,اسلام آباد,829027,6
101929,4396,گل نی,829049,6
101930,4397,سپستان / سه پستان,130549,6
101931,4397,آبگرم,131241,6
101932,4397,آواز,131251,6
101933,4397,پاتنگ,131255,6
101934,4397,خیر آباد,131296,6
101935,4397,قلعه نو,131325,6
101936,4397,کلاته بلوچ,131329,6
101937,4397,کلاته گاویچ,131333,6
101938,4397,گاویج,131338,6
101939,4397,گلورده,131342,6
101940,4397,نصرالدین,131356,6
101941,4397,شوراب / اشربی,391531,6
101942,4397,پاسگاه شهید قوچانی,391538,6
101943,4397,پاسگاه میل 73,391539,6
101944,4397,النگ مرغ,829034,6
101945,4397,چاه عزیز الهیاری,829035,6
101946,4398,اسکندر,130088,6
101947,4398,پلنگ آباد,130099,6
101948,4398,تغندیک,130101,6
101949,4398,جاجنگ,130105,6
101950,4398,حسن آباد,130114,6
101951,4398,خونیک,130117,6
101952,4398,خونیک,130118,6
101953,4398,خونیک بزغاله,130119,6
101954,4398,دادران,130120,6
101955,4398,درسری,130121,6
101956,4398,درمیان,130122,6
101957,4398,دوشینگان,130125,6
101958,4398,ربیع آباد,130127,6
101959,4398,سد آباد,130134,6
101960,4398,سرش آباد,130135,6
101961,4398,کلاته سلیمانی / کلات سلیمانی / کلاته سلمانی,130137,6
101962,4398,سنگی دره,130139,6
101963,4398,شوشک,130140,6
101964,4398,شومه,130141,6
101965,4398,علیان سفلی,130146,6
101966,4398,علی آباد,130147,6
101967,4398,عمید آباد سفلی,130148,6
101968,4398,عمید آباد علیا,130149,6
101969,4398,عمید آباد قاضی,130150,6
101970,4398,فخر آباد,130152,6
101971,4398,قیک پایین / قیک سفلی,130156,6
101972,4398,کلاته حاجی عطا,130157,6
101973,4398,کلاته کاچی,130162,6
101974,4398,کلاته میرزا,130163,6
101975,4398,کلاته میرزا,130164,6
101976,4398,کلاته نظر,130165,6
101977,4398,کلاته نو,130166,6
101978,4398,گزند,130168,6
101979,4398,مود علیا,130176,6
101980,4398,نصر آباد,130181,6
101981,4398,هندر,130185,6
101982,4398,محمد آباد سفلی,130195,6
101983,4398,محمد آباد علیا,130196,6
101984,4398,خسرو آباد پایین,131706,6
101985,4398,درویش آباد,131721,6
101986,4398,رجنعی,131731,6
101987,4398,کریم آباد,131813,6
101988,4398,کلاته کربلایی غلام,131879,6
101989,4398,کلاته نی حمام,391772,6
101990,4398,دکل مخابرات سربیشه,391777,6
101991,4398,دونخی,391782,6
101992,4398,اره کوه,391783,6
101993,4398,سرخ دره,391787,6
101994,4398,سایت نیروی هوایی,542704,6
101995,4398,پدافند هوایی,829031,6
101996,4399,اره فورگ,130087,6
101997,4399,اسماعیل آباد,130090,6
101998,4399,بنیاب,130096,6
101999,4399,چک,130111,6
102000,4399,زلیران,130130,6
102001,4399,سرو,130136,6
102002,4399,فورگ,130153,6
102003,4399,نوغاب,130183,6
102004,4399,رود رباط,130529,6
102005,4399,اشک,131249,6
102006,4399,تاغان,131261,6
102007,4399,چشمه شور,131288,6
102008,4399,زیدان,391508,6
102009,4399,محمد جعفر,391776,6
102010,4399,دفت آباد علیا,391797,6
102011,4399,چاه نقشی,391810,6
102012,4399,محمود آباد,391812,6
102013,4399,گل افشان,829025,6
102014,4400,اندره,130322,6
102015,4400,پیرزنوک,130375,6
102016,4400,سهک,130573,6
102017,4400,شیرک,130605,6
102018,4400,عبدله,130614,6
102019,4400,علی آباد فخرود,130624,6
102020,4400,علی آباد فرهنگ,130625,6
102021,4400,آسفیچ,131561,6
102022,4400,اویجان,131574,6
102023,4400,زارگز,131735,6
102024,4400,زیردره,131744,6
102025,4400,سیدان,131760,6
102026,4400,فیزیک,131797,6
102027,4400,گسک,131920,6
102028,4400,منصور آباد,131962,6
102029,4401,برقندان,130095,6
102030,4401,تخویج,130102,6
102031,4401,تشوند,130103,6
102032,4401,خلف,130116,6
102033,4401,دره چرم,130123,6
102034,4401,نخاب,130180,6
102035,4401,هندوالان,130186,6
102036,4401,محمدیه,130770,6
102037,4401,مهدی آباد,130790,6
102038,4401,اسدیه,131559,6
102039,4401,بورنگ,131589,6
102040,4401,چک,131681,6
102041,4401,خونیک باز,131715,6
102042,4401,رخ,131732,6
102043,4401,قاسم آباد,131800,6
102044,4401,کلاته سراگاه,131852,6
102045,4401,کلاته نایب,131898,6
102046,4401,ماه بانو,131939,6
102047,4401,مسک,131956,6
102048,4401,مقدر,131958,6
102049,4401,نوزاد,131978,6
102050,4402,آب ترش,131549,6
102051,4402,اغزوار,131553,6
102052,4402,باش آباد,131579,6
102053,4402,باغستان,131582,6
102054,4402,برکوه,131585,6
102055,4402,بو آباد / بهاباد,131588,6
102056,4402,پخت,131600,6
102057,4402,تل قوچ,131620,6
102058,4402,چاجاخو / چاچاخو,131633,6
102059,4402,چاه اسداله,131634,6
102060,4402,چاه حیدر,131637,6
102061,4402,چاه دینگ,131640,6
102062,4402,چاه سلطانی,131643,6
102063,4402,چاه کنگانی ها / چاه شماره 2,131645,6
102064,4402,چاه مدنی / چاه شماره 3,131646,6
102065,4402,چاه قاسم پور / چاه شماره 4,131647,6
102066,4402,چاه شماره 5 چاه فاضلی,131648,6
102067,4402,چاه شماره 6 چاه سالاری,131649,6
102068,4402,چاه شهید شهپر,131652,6
102069,4402,چاه منابع طبیعی,131657,6
102070,4402,چاه یاوری / چاه باهور,131659,6
102071,4402,حاجی آباد / حاجی آباد کهنه,131685,6
102072,4402,دارستنگ,131717,6
102073,4402,دسته قیچ / دستاقیچ,131723,6
102074,4402,دستگرد,131724,6
102075,4402,دهنه چاه,131729,6
102076,4402,ایستگاه مخابراتی کوه قلا,131730,6
102077,4402,زبیده,131736,6
102078,4402,زرسنوک,131739,6
102079,4402,زرشکی,131740,6
102080,4402,زولسک,131742,6
102081,4402,سلم آباد,131754,6
102082,4402,سلطان آباد,131755,6
102083,4402,سنوک,131757,6
102084,4402,سیف اله,131762,6
102085,4402,شورستان,131767,6
102086,4402,شیرگ آقا,131772,6
102087,4402,علی آباد,131788,6
102088,4402,قدرت آباد / نیم فرسخ,131802,6
102089,4402,کانیک / کهنک,131809,6
102090,4402,کپوگز,131810,6
102091,4402,حسین حیاتی / کلاته حسین حیاتی,131875,6
102092,4402,کرمانی / کلاته کرمانی,131880,6
102093,4402,کنگان,131909,6
102094,4402,کیدشت,131912,6
102095,4402,گزدز,131916,6
102096,4402,گلندر,131926,6
102097,4402,گورید بالا,131932,6
102098,4402,گورید سربیشه,131933,6
102099,4402,گینگه,131936,6
102100,4402,مسگران,131955,6
102101,4402,میرخان,131970,6
102102,4402,نره سنگ بالا,131974,6
102103,4402,نوغاب,131976,6
102104,4402,نیاب,131980,6
102105,4402,نیک,131981,6
102106,4402,چاه شماره 7 چاه محمد حسینی,131992,6
102107,4402,چاه شند,391974,6
102108,4402,چاه مار,391975,6
102109,4402,محمد آباد,391980,6
102110,4402,چاه راسته (محل 28 چادر های عشایری),391986,6
102111,4402,چاه آخوند شفیع,391987,6
102112,4402,کلاته چاجی ها,391988,6
102113,4402,چاه عباس,391990,6
102114,4402,چشمه اینجلی,391991,6
102115,4402,چاه خرچنگی,391992,6
102116,4402,چاه بیدک,391993,6
102117,4402,کلاته ملکه,391995,6
102118,4402,کارخانه اکسید منیزیم,391998,6
102119,4402,امین آباد,392023,6
102120,4402,دامداری حسینی,392024,6
102121,4402,چاه نیمه عمیق کلوخ مقیمی,392028,6
102122,4402,چاه عمیق شماره 3 شهرداری,392029,6
102123,4402,چاه عمیق شماره 2 شهرداری,392030,6
102124,4402,چاه عمیق محمد اکبر نجفی,392031,6
102125,4402,چاه قاسم پور / مهدی آباد,392033,6
102126,4402,حوض رضا,392059,6
102127,4402,محل 24 چادر های عشایری,392060,6
102128,4402,کلاته محمد لاله,392062,6
102129,4402,کلاته سرهنگ / کلاته گورکو,392064,6
102130,4402,جمال آباد گورید / چشمه بندالی ها,392067,6
102131,4402,ایستگاه طرح اصلاح دشت سلم آباد پرورش بزک,392076,6
102132,4402,حیدر آباد,392092,6
102133,4402,حجت آباد / خانلر آباد,392100,6
102134,4402,علی آباد کهک / علی آباد کهک رود,392119,6
102135,4402,گل پده,392121,6
102136,4402,کلاته شترکش,392122,6
102137,4402,کلاته حسین علی / کلاته صفر علی,392123,6
102138,4402,کوره آجرپزی گرگانی,542084,6
102139,4402,محل چادر های عشایری دو راهی پخت (مرغداری نجفی),543072,6
102140,4402,چاه موتور آقا بیکی,829082,6
102141,4403,ابراهیم آباد,130084,6
102142,4403,اسکیونگ,130089,6
102143,4403,پهواز,130100,6
102144,4403,چستک سفلی / چستک پایین,130110,6
102145,4403,خرمیری,130115,6
102146,4403,دهیک,130126,6
102147,4403,یوسف آباد,130187,6
102148,4403,بهامرز,131478,6
102149,4403,چاه خو,131484,6
102150,4403,چاه خشکان,131485,6
102151,4403,چشمه زنگی,131488,6
102152,4403,حسین آباد غیناب,131489,6
102153,4403,شگان,131495,6
102154,4403,قلعه قنبر / قنبر,131499,6
102155,4403,کال سرخ,131500,6
102156,4403,کلاته رجب,131503,6
102157,4403,گیسگان,131506,6
102158,4403,معروفان,131508,6
102159,4403,نازدشت,131510,6
102160,4403,نرگسک,131511,6
102161,4403,جنت آباد,131632,6
102162,4403,حسن کلنگی,131693,6
102163,4403,خاران,131700,6
102164,4403,دخترک,131718,6
102165,4403,دوغ سربیشه,131727,6
102166,4403,شوشک سفلی,131769,6
102167,4403,شوشک علیا,131770,6
102168,4403,عباس آباد,131780,6
102169,4403,قلعه سرخ,131804,6
102170,4403,کسراب,131816,6
102171,4403,کلاته عابدی,131861,6
102172,4403,گلستان,131925,6
102173,4403,گلاب بالا,131929,6
102174,4403,گلاب پایین,131930,6
102175,4403,گندکان,131931,6
102176,4403,محمد آباد خرکش / همت آباد,131943,6
102177,4403,پورنگ / پرنگ,392013,6
102178,4403,چاه بزار,392015,6
102179,4403,کون رود سیاهو,392016,6
102180,4403,کشف خاران,392036,6
102181,4403,علم آباد,392037,6
102182,4403,چستک علیا / چستک بالا,392136,6
102183,4403,چارقاسک,541476,6
102184,4403,چاه شهید اشرفی اصفهانی / جنت آباد,541503,6
102185,4403,چاه شهید مدرس,541504,6
102186,4403,کلاته علی یاغی,541660,6
102187,4403,چاه پده,542068,6
102188,4403,تاج میر,542705,6
102189,4403,مغولی,829030,6
102190,4403,صفادشت / چاه شهید افشین,829033,6
102191,4403,چاه خسروی ها,829068,6
102192,4403,توتک,829069,6
102193,4403,چاه شهید افضل حسینی,829076,6
102194,4404,ابراهیم آباد,131551,6
102195,4404,اسفزار,131560,6
102196,4404,بشگز,131586,6
102197,4404,بیژایم,131592,6
102198,4404,چشمه رج,131667,6
102199,4404,طناک سفلی,131777,6
102200,4404,طناک علیا,131778,6
102201,4404,کریم آباد,131815,6
102202,4404,کل کمران سفلی,131818,6
102203,4404,میان کوه,131966,6
102204,4404,استانست,133915,6
102205,4404,امیر آباد سرزه,133931,6
102206,4404,باسناباد,133944,6
102207,4404,پدران سفلی,133978,6
102208,4404,پدران علیا,133979,6
102209,4404,پیوند سفلی,133985,6
102210,4404,پیوند علیا,133986,6
102211,4404,غیاث الدین,134038,6
102212,4404,چهکند مود,134076,6
102213,4404,حاجی آباد,134080,6
102214,4404,حسین آباد سرزه,134096,6
102215,4404,حسین آباد گواهی,134098,6
102216,4404,خاواز,134106,6
102217,4404,دری باغ,134124,6
102218,4404,دستجرد,134125,6
102219,4404,دهشیب,134130,6
102220,4404,رهیزک,134147,6
102221,4404,سرزه,134161,6
102222,4404,شواکند,134185,6
102223,4404,علی آباد,134207,6
102224,4404,کلاته فتح الهی / فتح الهی,134215,6
102225,4404,فنود,134217,6
102226,4404,کاهی,134228,6
102227,4404,کلاته بازدید,134244,6
102228,4404,کلاته بشگزی / کلاته شگزی,134251,6
102229,4404,کلاته داود,134286,6
102230,4404,مرتوند,134389,6
102231,4404,مزید آباد,134395,6
102232,4404,موروتک,134406,6
102233,4404,نوک,134420,6
102234,4404,نوکند,134423,6
102235,4404,هریوند,134429,6
102236,4404,موسویه / رحیم آباد,391227,6
102237,4404,درویش آباد,391360,6
102238,4404,همت آباد,542071,6
102239,4405,برک,129259,6
102240,4405,چاه برگی,129290,6
102241,4405,چاه عمیق باقرزاده,129301,6
102242,4405,چاه عمیق شماره 1 طالب آباد,129304,6
102243,4405,اسلام آباد شکری / چاه عربها / چاه عمیق علی میر ابراهیم,129305,6
102244,4405,چاه نیمه عمیق باقرزاده,129307,6
102245,4405,چهکند,129311,6
102246,4405,حسین آباد ابوطالب,129318,6
102247,4405,حوض راه شکری,129324,6
102248,4405,رخ,129337,6
102249,4405,رهوزگ,129343,6
102250,4405,رهیزگ,129344,6
102251,4405,زرخوان,129345,6
102252,4405,سنگ,129352,6
102253,4405,شکری سفلی / شکری پایین,129360,6
102254,4405,شکری علیا / شکری بالا,129361,6
102255,4405,طاغان,129368,6
102256,4405,کلاته اسداله,129397,6
102257,4405,کلاته خان,129405,6
102258,4405,کلاته ماژانی,129416,6
102259,4405,گلستان,129436,6
102260,4405,گمبج,129441,6
102261,4405,گیدسک,129443,6
102262,4405,ماهکان,129447,6
102263,4405,مختاران,129453,6
102264,4405,منصور آباد,129462,6
102265,4405,مهدی آباد,129463,6
102266,4405,مهمنگی,129466,6
102267,4405,اسفیج,131562,6
102268,4405,مهلوجان,131965,6
102269,4405,اسکوگ,133918,6
102270,4405,اصغول,133919,6
102271,4405,علی آباد,133922,6
102272,4405,بیدمشک,133974,6
102273,4405,بیمرز,133977,6
102274,4405,طامند / تومند,134033,6
102275,4405,جنت آباد,134043,6
102276,4405,چاه اکبر بیک شماره 1,134045,6
102277,4405,چاه بنیاد,134047,6
102278,4405,چاه عسکری / چاه دکتر مشار,134051,6
102279,4405,چاه ماژانی,134053,6
102280,4405,چنشت,134075,6
102281,4405,چهکندوک,134077,6
102282,4405,خیر آباد,134119,6
102283,4405,دشت گز,134127,6
102284,4405,رزق,134137,6
102285,4405,رکن الدین,134143,6
102286,4405,سدید,134155,6
102287,4405,سیاه دره,134173,6
102288,4405,سیاه ریگی,134174,6
102289,4405,شفتالوستان,134181,6
102290,4405,عربان,134197,6
102291,4405,فال,134214,6
102292,4405,قدسیان,134218,6
102293,4405,کبوده,134229,6
102294,4405,کلاته سلیمان / کلات سلیمان,134289,6
102295,4405,کلاته شیخ,134294,6
102296,4405,گز,134365,6
102297,4405,ملا ابراهیم,134402,6
102298,4405,میان رود,134409,6
102299,4405,جیک سفلی,135554,6
102300,4405,چشمه گاو,135562,6
102301,4405,رامنگان,135599,6
102302,4405,زیدر,135606,6
102303,4405,گلنام علیا,135686,6
102304,4405,نصر آباد,135718,6
102305,4405,نوزاد,135720,6
102306,4405,چاه اکبر بیک شماره 2,391860,6
102307,4405,شور چاه,391918,6
102308,4405,چاه نیمه عمیق کاظم آباد,542846,6
102309,4405,چاه عمیق کوثر,542847,6
102310,4405,چاه عمیق روشنی,542848,6
102311,4405,چاه عمیق امام خمینی شماره 1,542849,6
102312,4405,چاه هجرت,542850,6
102313,4405,رزمندگان / چاه امام خمینی شماره 2,542863,6
102314,4405,چاه بیست نفره / چاه امام خمینی شماره 3,542864,6
102315,4405,چاه میان رودی ها (چاه علی ابراهیم),829072,6
102316,4406,ازبک,129797,6
102317,4406,باغ خواجه,129801,6
102318,4406,بیشه,129809,6
102319,4406,پاسگاه جدید تیغدر,129811,6
102320,4406,هفتاد رود (پاسگاه قطارگز),129815,6
102321,4406,پاسگاه گلوباغک,129816,6
102322,4406,پوزه زرد,129819,6
102323,4406,تجشک,129821,6
102324,4406,توت,129825,6
102325,4406,پاسگاه چاه محمد عمر,129843,6
102326,4406,دربلوند,129857,6
102327,4406,درجان خار,129858,6
102328,4406,درخت توت,129860,6
102329,4406,دهن تنگل,129862,6
102330,4406,رحیم آباد لانو,129863,6
102331,4406,پاسگاه سورتیغ,129871,6
102332,4406,شبو,129872,6
102333,4406,شورکه,129874,6
102334,4406,عباس آباد,129877,6
102335,4406,علی هدیه پایین,129878,6
102336,4406,علی هدیه علیا,129879,6
102337,4406,کلاته دهن دوتگی / کلاته حمزه,129895,6
102338,4406,کلاته شب,129896,6
102339,4406,کلاته شیر / استخر دراز,129897,6
102340,4406,کلاته شیر پایین,129898,6
102341,4406,کلاته مصیب,129904,6
102342,4406,گلوباغ,129912,6
102343,4406,گوی سفلی,129917,6
102344,4406,لانو,129923,6
102345,4406,مرکه / موکه,129927,6
102346,4406,مشوکی,129928,6
102347,4406,نوده سفلی,129935,6
102348,4406,نوده علیا,129936,6
102349,4406,هفتاد رود عشایری,129938,6
102350,4406,هنگر,129939,6
102351,4406,خوشاب,131295,6
102352,4406,پاسگاه تیغدر,392151,6
102353,4406,شرکت سهامی زراعی ایثارگران دشت خوشاب,829023,6
102354,4407,باغ سنگی,129802,6
102355,4407,توتک,129826,6
102356,4407,چاه پنسر,129829,6
102357,4407,چاه حاجی ثابت 27,129830,6
102358,4407,چاه حاجی ثابت 28,129831,6
102359,4407,چاه حاجی ثابت 29,129832,6
102360,4407,چاه خزایی,129833,6
102361,4407,چاه ده مرده,129835,6
102362,4407,چاه شریفی,129839,6
102363,4407,محمدیه / چاه محمد صباغ,129842,6
102364,4407,چاه ملنگ,129844,6
102365,4407,چاه علی اکبر شاهزهی / چاه نیزه گاب 2,129845,6
102366,4407,چاه قاسمی / چاه نیزه گاب 1,129846,6
102367,4407,وحدت آباد خمینی,129848,6
102368,4407,حسن آباد,129854,6
102369,4407,خارستان,129855,6
102370,4407,دامدامه,129856,6
102371,4407,سفال بند,129870,6
102372,4407,صولابست,129876,6
102373,4407,فخرالدین,129881,6
102374,4407,کباد,129887,6
102375,4407,کریم آباد,129889,6
102376,4407,کفاز,129890,6
102377,4407,کلاته بالا / کلات بالا,129892,6
102378,4407,کلاته بلوچ,129893,6
102379,4407,کنیف,129906,6
102380,4407,لجونک سفلی,129920,6
102381,4407,ماخونیک,129924,6
102382,4407,ماهیرود,129925,6
102383,4407,نرگسک,129933,6
102384,4407,زرد انجیر,129940,6
102385,4407,میش نو,131355,6
102386,4407,تیغناب بالا,135165,6
102387,4407,خاکک,392145,6
102388,4407,چاه بنه,392156,6
102389,4407,تیغناب سفلی,392176,6
102390,4407,برق الله,542360,6
102391,4407,چاه خسروی,542363,6
102392,4407,عباس آباد / چاه عشایری ملا عباس حسینی / شهید حسین براتی (,542821,6
102393,4407,احمد آباد/ چاه عشایری حاجی نبی حسینی / چاه شهید عبدالهی (,542822,6
102394,4407,چاه ذالک,542824,6
102395,4407,چاه عیسی / چاه لیسی,542825,6
102396,4407,چاه بیدک,542827,6
102397,4407,چاه محمد علی رمضانی,543051,6
102398,4407,چاه عباس علی شیروانی,543052,6
102399,4407,چاه عمیق قاسمی نژاد,543053,6
102400,4407,چاه گلشنی,543054,6
102401,4407,چاه عمیق اکبر غفرانی,543055,6
102402,4407,چاه اسماعیل خسروی,543056,6
102403,4407,چاه ملنگ 2,543057,6
102404,4407,چاه عمیق محمد حسین خواجه محمدی,543058,6
102405,4407,چاه عمیق علی اکبر رمضانی,543059,6
102406,4407,چاه عمیق مصیب رمضانی,543060,6
102407,4407,چاه شهید صالحی / چاه عشایری شماره 3 (حیدر کمال پور),829000,6
102408,4407,بازارچه مرزی میل 78 ( بازارچه ماهیرود ),829002,6
102409,4407,مهر دشت / شهرک ولیعصر,829026,6
102410,4407,چاه پیامبر اعظم,829028,6
102411,4407,چاه شهید عباس حسینی / چاه عشایری شماره 4 (محمد حسینی),829073,6
102412,4407,چاه نیمه عمیق محمد حسین حیدری,829077,6
102413,4408,شندان,154161,6
102414,4408,مزار دهنه,154182,6
102415,4408,بزبیشه,154362,6
102416,4408,بیهود,154374,6
102417,4408,تجن,154391,6
102418,4408,خونیک تجن,154506,6
102419,4408,سرساران,154554,6
102420,4408,نوغاب پسکوه,156036,6
102421,4409,بن خونیک,130345,6
102422,4409,عباس آباد,130612,6
102423,4409,ابراهیم آباد/ مهدی آباد,154310,6
102424,4409,اسفشاد,154324,6
102425,4409,انجول,154343,6
102426,4409,اندریک,154344,6
102427,4409,باراز,154356,6
102428,4409,بیدمشک,154373,6
102429,4409,پهنایی,154383,6
102430,4409,تجرگ / تجرک,154390,6
102431,4409,تکاب بند / تگاب بند,154395,6
102432,4409,تندیل,154418,6
102433,4409,چدان,154462,6
102434,4409,خرواج,154496,6
102435,4409,خسروی,154497,6
102436,4409,خونیک پای گدار,154504,6
102437,4409,خونیک پایین,154507,6
102438,4409,خونیک بالا,154508,6
102439,4409,دره خاکستر علیا,154516,6
102440,4409,رزدنبل,154526,6
102441,4409,رودخانه,154531,6
102442,4409,روشک,154533,6
102443,4409,زوک,154541,6
102444,4409,زول,154542,6
102445,4409,سفتوک,154556,6
102446,4409,شیر مرغ,154577,6
102447,4409,کلاته عبدالرحمن / عبدالرحمن,154592,6
102448,4409,علی آباد چدان / کلاته آخوند,154602,6
102449,4409,علی آباد سفلی,154604,6
102450,4409,علی آباد علیا,154605,6
102451,4409,فرخی,154609,6
102452,4409,فلک,154610,6
102453,4409,فیروز آباد,154611,6
102454,4409,کره,154635,6
102455,4409,کلاته بالا,154650,6
102456,4409,کلاته خان / اکبریه,154659,6
102457,4409,کلاته سعید,154666,6
102458,4409,کلاته قصاب,154681,6
102459,4409,کلاته کریم,154685,6
102460,4409,کلاته کیفی,154689,6
102461,4409,کلاته نصیر,154697,6
102462,4409,کنارنگ,154710,6
102463,4409,گرازان,154717,6
102464,4409,گرگنج / گلگنج,154720,6
102465,4409,گزنوک,154724,6
102466,4409,گوشیک,154729,6
102467,4409,محب پایین,154736,6
102468,4409,محب بالا,154737,6
102469,4409,مغاندر,154750,6
102470,4409,مهمویی,154755,6
102471,4409,مهنج,154757,6
102472,4409,مهواج,154758,6
102473,4409,ورزق,154779,6
102474,4409,وارزگ / ورزگ,154780,6
102475,4409,ورنجان,154781,6
102476,4409,برج محمد,155202,6
102477,4409,دعوت,155253,6
102478,4409,دوچاهی,155254,6
102479,4409,سیستانک,155268,6
102480,4409,شند,155272,6
102481,4409,قلعه دختر,155285,6
102482,4409,کلاته قاینی,155302,6
102483,4409,تیگاب,155567,6
102484,4409,گردتیغ,155582,6
102485,4409,گرماب,155583,6
102486,4409,چاه قیاسی,396124,6
102487,4409,کارخانه سیمان,396151,6
102488,4409,کیای پایین,396168,6
102489,4409,عشق آباد,396179,6
102490,4409,سرمستی,396198,6
102491,4409,امیر آباد,396199,6
102492,4409,خنجوک / سونو,396346,6
102493,4409,شاهیک,542133,6
102494,4409,شهرک کلاته شیخ علی,542608,6
102495,4409,شهرک سیندر,542764,6
102496,4409,جعفر آباد,829020,6
102497,4409,ابوالخیری,829021,6
102498,4409,دستجرد,829022,6
102499,4409,شهرک صنعتی قاین,829044,6
102500,4410,بزن آباد جدید,154363,6
102501,4410,جبار,154431,6
102502,4410,حضرتی,154489,6
102503,4410,خرم آباد,154494,6
102504,4410,رمنج,154527,6
102505,4410,زیرنج,154545,6
102506,4410,قلی,154620,6
102507,4410,کلی,154641,6
102508,4410,ماه پناهی,154735,6
102509,4410,مشارک,154748,6
102510,4410,مهیار,154759,6
102511,4410,نیم روز,154776,6
102512,4410,وراز,154778,6
102513,4410,همت آباد,154787,6
102514,4410,آچونی,155774,6
102515,4410,بخش آباد,155786,6
102516,4410,بیدنصرو,155796,6
102517,4410,پده,155800,6
102518,4410,تجرود,155807,6
102519,4410,جوزاندر,155833,6
102520,4410,حاتم آباد,155890,6
102521,4410,حاجی آباد نوغاب / نوغاب حاجی آباد,155891,6
102522,4410,حسین آباد,155893,6
102523,4410,دره سفید,155907,6
102524,4410,ده میر,155909,6
102525,4410,سنجتک,155927,6
102526,4410,سورگ,155931,6
102527,4410,طاغوک,155943,6
102528,4410,کلاته نو,156010,6
102529,4410,گاورسی,156015,6
102530,4410,محمد آباد علم,156024,6
102531,4410,مقری,156028,6
102532,4410,مکارم بالا,156029,6
102533,4410,سید آباد,396067,6
102534,4410,دکل مخابرات,396086,6
102535,4410,کلاته قربان پور,396087,6
102536,4410,اکبر آباد,542128,6
102537,4411,کلاته ملا,154694,6
102538,4411,چرخوک,155877,6
102539,4411,حسن آباد,155892,6
102540,4411,خرمنج / فضل آباد,155898,6
102541,4411,خشکان,155899,6
102542,4411,خنج,155900,6
102543,4411,دره باز,155906,6
102544,4411,کرغند,155958,6
102545,4411,کلاته حاجی / کلاته محمد حاجی,155973,6
102546,4411,کلاته سری,155980,6
102547,4411,کلاته علی چراغ,155992,6
102548,4411,کلاته محمد صادق,156001,6
102549,4411,کلاته نوروز,156012,6
102550,4411,گزنشک,156018,6
102551,4411,کلاته محمد باقر,396291,6
102552,4412,اسد آباد شوررود,155775,6
102553,4412,اسفیان,155776,6
102554,4412,باغ دهنه,155784,6
102555,4412,بسکاباد,155791,6
102556,4412,بنرگ,155793,6
102557,4412,بیناباج,155798,6
102558,4412,تبلان / تبلو,155806,6
102559,4412,ثقوری,155830,6
102560,4412,جان میرزا,155832,6
102561,4412,چاه جملی,155837,6
102562,4412,چاه دبه,155838,6
102563,4412,چاه دهنه,155839,6
102564,4412,چاه دهنه بالا,155840,6
102565,4412,چاه رضا,155841,6
102566,4412,چاه مشک,155874,6
102567,4412,چاه نو,155875,6
102568,4412,چشمه کربلایی علی,155884,6
102569,4412,خنکوک,155901,6
102570,4412,خوگ,155902,6
102571,4412,دهشک,155910,6
102572,4412,رجنگ,155911,6
102573,4412,رمگاه,155915,6
102574,4412,روزگاو,155916,6
102575,4412,سنجدک,155928,6
102576,4412,شیر مغز پایین,155942,6
102577,4412,عباس آباد,155945,6
102578,4412,علی آباد,155948,6
102579,4412,علی زنگی,155950,6
102580,4412,فتح آباد,155951,6
102581,4412,فیض آباد,155953,6
102582,4412,قاسم آباد,155954,6
102583,4412,کارشک,155956,6
102584,4412,کمپ ناصر,155957,6
102585,4412,کلاته شیخ سفلی,155982,6
102586,4412,کلاته شیخ علیا,155983,6
102587,4412,ملا علی,156006,6
102588,4412,گری منج,156017,6
102589,4412,گزومون,156019,6
102590,4412,گلبیز,156020,6
102591,4412,محمد آباد شوررود,156023,6
102592,4412,مردان شاه,156026,6
102593,4412,مزد آباد,156027,6
102594,4412,ملک آباد,156031,6
102595,4412,ناوک,156035,6
102596,4412,نوزاچ,156037,6
102597,4412,ایستگاه ماکروویو,395995,6
102598,4412,سد خاکی کارشک,396012,6
102599,4412,کارخانه پنیر سازی,396041,6
102600,4412,چاه خیدبس,396069,6
102601,4412,رحمت آباد,542616,6
102602,4412,چاه دراز,829041,6
102603,4413,کوه میران,153140,6
102604,4413,اسماعیل آباد,154085,6
102605,4413,آفریز,154086,6
102606,4413,اویج,154091,6
102607,4413,چاده,154104,6
102608,4413,چاه یوسف,154137,6
102609,4413,چاهک,154138,6
102610,4413,چلونک,154140,6
102611,4413,سراب,154154,6
102612,4413,موسویه,154187,6
102613,4413,نارگندل,154189,6
102614,4413,نیگ,154194,6
102615,4413,علی آباد موسویه,154601,6
102616,4413,شونگان,391455,6
102617,4413,چاه گلشن آباد,396263,6
102618,4414,برات صادقی / چاه گل آباد,154093,6
102619,4414,تیغاب,154102,6
102620,4414,تیغدر,154103,6
102621,4414,اسلام آباد پسکوه,154105,6
102622,4414,حسن آباد,154113,6
102623,4414,چاه ضیایی / چاه توکل,154127,6
102624,4414,چاه کشمیر,154130,6
102625,4414,حاجی آباد,154141,6
102626,4414,حسین آباد,154144,6
102627,4414,رومشتیک,154150,6
102628,4414,قومنجان / قمنجان,154171,6
102629,4414,کرچ,154173,6
102630,4414,محمد آباد چاهک,154181,6
102631,4414,مزار نو,154183,6
102632,4414,چاه فیض آباد,154198,6
102633,4414,گوراب جدید,396356,6
102634,4414,چاه کاذب,396364,6
102635,4414,بادامک,542820,6
102636,4415,اوج بالا,154347,6
102637,4415,برکوک,154360,6
102638,4415,پی پارسی کوه بالا,154385,6
102639,4415,تنگو,154426,6
102640,4415,جعفر آباد,154432,6
102641,4415,جلگه سده,154433,6
102642,4415,جنت آباد,154434,6
102643,4415,جینان,154438,6
102644,4415,چشمه علی,154472,6
102645,4415,حسن آباد,154483,6
102646,4415,حیدر آباد,154490,6
102647,4415,خشک,154498,6
102648,4415,روم,154528,6
102649,4415,زمانی,154536,6
102650,4415,زنگویی,154540,6
102651,4415,سرخ آباد,154551,6
102652,4415,سفلی,154557,6
102653,4415,شمس لنگ,154571,6
102654,4415,عباس آباد دشت,154588,6
102655,4415,علی رحمانی,154607,6
102656,4415,فیض آباد,154615,6
102657,4415,قندی,154621,6
102658,4415,قیصار,154622,6
102659,4415,کرشک,154633,6
102660,4415,کلاته دلاکان,154662,6
102661,4415,گزان,154722,6
102662,4415,مرتضی رحمانی,154745,6
102663,4415,مصطفی رحمانی,154749,6
102664,4415,میرآباد,154762,6
102665,4415,نوکنده,154775,6
102666,4415,وزق,154782,6
102667,4415,چاه تنگل,396228,6
102668,4415,بازید آباد,396229,6
102669,4415,تاکستان,396232,6
102670,4415,چاه حسین عربی,396247,6
102671,4415,چاه احمد میرزایی,396248,6
102672,4416,آبله / آب لاه,135150,6
102673,4416,اچغونک,135151,6
102674,4416,استرخک,135152,6
102675,4416,افضل آباد,135153,6
102676,4416,پده ای,135158,6
102677,4416,حسین آباد آبله,135188,6
102678,4416,دالوکه,135194,6
102679,4416,زهاب سفلی,135201,6
102680,4416,زهاب علیا,135202,6
102681,4416,نورشک / روشنک,135203,6
102682,4416,زیبران,135204,6
102683,4416,بندانک / سیکوری سفلی,135209,6
102684,4416,سیگری,135210,6
102685,4416,عباس آباد,135213,6
102686,4416,کال هدیه,135217,6
102687,4416,کالک,135218,6
102688,4416,کرق ریگ,135221,6
102689,4416,کلاته بخشدار,135223,6
102690,4416,محمد آباد سفلی,135238,6
102691,4416,محمد آباد علیا,135239,6
102692,4416,مرغزار,135240,6
102693,4416,مزار بی بی مریم,135241,6
102694,4416,کلاته آخوند,135242,6
102695,4416,اسد آباد عرب/ اسد آباد,135341,6
102696,4416,بیدک,135350,6
102697,4416,پری آباد,135351,6
102698,4416,جان محمود,135353,6
102699,4416,جنت آباد,135354,6
102700,4416,چاه دراز,135361,6
102701,4416,چکیک,135364,6
102702,4416,حاجی آباد,135365,6
102703,4416,حسن آباد,135367,6
102704,4416,حسن علی,135369,6
102705,4416,حوض شاهبازه / حوض کویر,135372,6
102706,4416,خرم,135373,6
102707,4416,خیر آباد,135376,6
102708,4416,رای,135378,6
102709,4416,شیور,135387,6
102710,4416,طارق,135388,6
102711,4416,عباس آباد / کلاته مالکی,135390,6
102712,4416,قدرت آباد,135395,6
102713,4416,کلاته توکل آباد,135402,6
102714,4416,کلاته خداداد,135403,6
102715,4416,کهنان,135409,6
102716,4416,کهنک,135410,6
102717,4416,گاش گزی,135411,6
102718,4416,گروک,135412,6
102719,4416,لبک,135415,6
102720,4416,محمد خان,135419,6
102721,4416,ایسک,136130,6
102722,4416,حسین آباد,136208,6
102723,4416,خونیک علیا,136225,6
102724,4416,دره آدینه,136229,6
102725,4416,سربند گویاد,136257,6
102726,4416,قایم آباد رزاق زاده,136288,6
102727,4416,گویاد,136338,6
102728,4416,محمد آباد رزاق زاده,136350,6
102729,4416,همند,136365,6
102730,4416,چاه تلقری / علی آباد,541260,6
102731,4416,سیمی,541261,6
102732,4416,روغنی / گیسوان,541262,6
102733,4416,سد حسن آباد,541275,6
102734,4416,سد شوسف,541277,6
102735,4416,سیکوری / سیگری,541280,6
102736,4416,معدن سنگ منیزیم افضل آباد,541283,6
102737,4416,ماکروریو 606 شوشف,541286,6
102738,4416,تل زردک,541388,6
102739,4416,حبیب آباد / کلاته حبیب,541389,6
102740,4416,کارخانه گچ حسین آباد,542156,6
102741,4416,عباس آباد طالبی,542157,6
102742,4416,سیگری / چاه طبیب,542663,6
102743,4416,کلاته نو,542736,6
102744,4416,علی آباد مالکی,542737,6
102745,4416,چاه موتور شهید احمد اردونی,542738,6
102746,4416,تل عارف بالا,829060,6
102747,4416,تل عارف پایین,829061,6
102748,4416,چاهک,829062,6
102749,4416,کلرگی,829063,6
102750,4416,تل زردکی,829064,6
102751,4416,سه درخت,829081,6
102752,4417,آب دزدی / آب دزی,135149,6
102753,4417,پاسگاه خرماکه,135156,6
102754,4417,پاسگاه شند اسد,135157,6
102755,4417,تالاران مرکزی,135161,6
102756,4417,چاه بوک,135169,6
102757,4417,چاه زیران,135173,6
102758,4417,محمد آباد,135174,6
102759,4417,چاه شور,135175,6
102760,4417,چاه شولک,135176,6
102761,4417,چاه محمد علی گل (چاه علی گل ),135177,6
102762,4417,چاه مرتضی / چاه مرکزی,135181,6
102763,4417,عباس آباد اردونی / چاه موتور حاجی عباس اردنی,135182,6
102764,4417,چاه کوجو / چاه کرجو,135187,6
102765,4417,حسین آباد سرکل,135189,6
102766,4417,خمینی آباد,135191,6
102767,4417,خواجه دوچاهی,135192,6
102768,4417,درازمون,135195,6
102769,4417,دوده,135197,6
102770,4417,شند معصومه,135211,6
102771,4417,شیرازه,135212,6
102772,4417,کرسونک,135219,6
102773,4417,گرم تمام ده / گرم,135228,6
102774,4417,گله چاه,135233,6
102775,4417,گله چشمه,135234,6
102776,4417,گیشه,135235,6
102777,4417,لوله / کوه لوله,135237,6
102778,4417,چاه علی,135247,6
102779,4417,شیرکوهک,136280,6
102780,4417,کاریزک,166206,6
102781,4417,چاه چوچو,267418,6
102782,4417,چاه تلقری,541123,6
102783,4417,بیدک,541124,6
102784,4417,ترش آب سفلی,541127,6
102785,4417,ترش آب علیا,541128,6
102786,4417,کویرک,541247,6
102787,4417,چاه زردک,541250,6
102788,4417,چاه زرد,541257,6
102789,4417,خواجه منجیکوه,541375,6
102790,4417,سه چاهی,541376,6
102791,4417,شند ملکی,541378,6
102792,4417,کل چاهی,541379,6
102793,4417,حسن آباد سرکل,541387,6
102794,4417,شورک,541779,6
102795,4417,چاه سبز,541992,6
102796,4417,سر لرد,542789,6
102797,4417,گل گزی,829067,6
102798,4418,اصغر آباد,135112,6
102799,4418,انجیراب / چشمه انجیره,135113,6
102800,4418,بندان,135114,6
102801,4418,تلمبه نصرت,135117,6
102802,4418,طبسین بالا,135118,6
102803,4418,چاه حمزه,135119,6
102804,4418,چاه دغال / حسین ده مرده,135120,6
102805,4418,چاه رستم,135121,6
102806,4418,زینل آباد,135125,6
102807,4418,سه پود,135126,6
102808,4418,طبسین پایین,135127,6
102809,4418,معدن حاجات,135128,6
102810,4418,پاسگاه چامار,135155,6
102811,4418,جنگ چاه / جنگ جا,135166,6
102812,4418,چاه چاله ای / چاه ژاله ای,135168,6
102813,4418,چامار,135180,6
102814,4418,دوکوهانه چشم قوچان,135199,6
102815,4418,چاه سیار,541189,6
102816,4418,علی آباد,541190,6
102817,4418,خواجه دشتی (الله آباد),541191,6
102818,4418,چاه موسی بومدی,541214,6
102819,4418,محمد آباد دغال,541215,6
102820,4418,نصرت آباد,541216,6
102821,4418,چاه نبی / عباس آباد,541218,6
102822,4418,نجمی غنی شاعر,541219,6
102823,4418,حسن آباد چاری / چاه حسن چاری,541220,6
102824,4418,چاه علی سروری,541221,6
102825,4418,حسن آباد سموری / چاه حسن سموری,541222,6
102826,4418,پاسگاه شند دینار,541223,6
102827,4418,برجک دیده بانی شند دینار,541224,6
102828,4418,دکل مخابرات امام حسین,541233,6
102829,4418,چاه گل نی,541237,6
102830,4418,پلنگ سار,541238,6
102831,4418,چاه اناری,541240,6
102832,4418,پایگاه دوکوهانه,541252,6
102833,4418,پایگاه شهید گورکانی,541254,6
102834,4418,پاسگاه شهید گورکانی,541255,6
102835,4418,بازارچه مرزی مشترک دو کوهانه,541968,6
102836,4418,معدن دوبرار,542158,6
102837,4418,علی آباد چاه شند,542165,6
102838,4418,چاه مالکی,542166,6
102839,4418,چاه جباری,542167,6
102840,4418,چاه موتور منابع طبیعی,542851,6
102841,4418,چاه یعقوب بندایی,542852,6
102842,4418,چاه عیسی بندانی,542853,6
102843,4419,پده که,135066,6
102844,4419,ده مرغ,135073,6
102845,4419,رخنه,135074,6
102846,4419,رزگ,135075,6
102847,4419,آتشکده سفلی,135937,6
102848,4419,آتشکده علیا,135938,6
102849,4419,اشباک,135939,6
102850,4419,ایواسک,135942,6
102851,4419,بزکشان,135943,6
102852,4419,گاشگزی / بشگزی,135944,6
102853,4419,پیر رستم,135949,6
102854,4419,کلات جنگل,135952,6
102855,4419,چاه بوناک,135953,6
102856,4419,چاه پنهانی,135954,6
102857,4419,چاه حیدر,135955,6
102858,4419,چاه شور,135957,6
102859,4419,چاه علی اکبر,135959,6
102860,4419,چاه قیچی,135960,6
102861,4419,چاه میشی,135963,6
102862,4419,حاجی آباد,135965,6
102863,4419,حسین رستم,135968,6
102864,4419,خنجوک سوخته,135978,6
102865,4419,درکی,135980,6
102866,4419,ده نو,135982,6
102867,4419,دهانه دواب علیا,135984,6
102868,4419,دهو,135986,6
102869,4419,رود گور / کلات رود کور,135988,6
102870,4419,رومه,135989,6
102871,4419,سخت کمان,135990,6
102872,4419,سنگی دری بوبک,135991,6
102873,4419,طور,135994,6
102874,4419,کارگهی,135998,6
102875,4419,کارگهی / کاگهی,135999,6
102876,4419,گجیکه,136000,6
102877,4419,گجینک,136001,6
102878,4419,کلاته رییسی / کلاته رییس,136005,6
102879,4419,کلاته حسین محمد قاسم / کلاته رستم,136006,6
102880,4419,کلاته سرخ,136007,6
102881,4419,گاشکم / گاشگم,136011,6
102882,4419,گراپی,136012,6
102883,4419,لخشک,136014,6
102884,4419,لوخ,136015,6
102885,4419,میغان,136020,6
102886,4419,نهر انجیر,136022,6
102887,4419,نیشکرک,136023,6
102888,4419,چاه سیاه,541335,6
102889,4419,رود چشمه,541339,6
102890,4419,مسی چاه,541344,6
102891,4419,مرداری,541352,6
102892,4419,لری ها,541353,6
102893,4419,آسکا,541354,6
102894,4419,کلکی,541411,6
102895,4419,گله گدار,541960,6
102896,4419,درخت کج,541963,6
102897,4419,گل درخت,542748,6
102898,4419,سرخ کوه,542749,6
102899,4419,گلنجک,542790,6
102900,4419,شوراب / میانکوه,829050,6
102901,4419,عباس آباد ایراندوست,829079,6
102902,4420,ابراهیم آباد,136117,6
102903,4420,احمد آباد,136118,6
102904,4420,آرویز,136119,6
102905,4420,استونند / استانند,136120,6
102906,4420,استند / ایستین,136122,6
102907,4420,اسد آباد,136123,6
102908,4420,الوند,136125,6
102909,4420,باغ سرو,136131,6
102910,4420,بیچند,136135,6
102911,4420,بیدکبکان,136136,6
102912,4420,تلمبه خداداد مالداری,136146,6
102913,4420,تلمبه علی اکبر افغانی,136147,6
102914,4420,تلمبه کوشک سرابندی,136152,6
102915,4420,تیغدر,136155,6
102916,4420,چاه بابا جمال,136157,6
102917,4420,چاه بهلول / چاه بهلوله,136163,6
102918,4420,چاه بی بی علی,136164,6
102919,4420,چاه پایه,136165,6
102920,4420,کلاته حاج حسن / چاه حاج حسن,136171,6
102921,4420,چاه داشی,136175,6
102922,4420,چاه رویی,136176,6
102923,4420,چاه زیکی / زاکی,136177,6
102924,4420,چاه شندا,136183,6
102925,4420,چاه قله ریگ,136186,6
102926,4420,چاه کاوه,136187,6
102927,4420,چاه کرگز,136188,6
102928,4420,چاه کلنته,136189,6
102929,4420,چاه گزن,136190,6
102930,4420,چاه لف,136191,6
102931,4420,چاه لیسکه,136192,6
102932,4420,چاه نو,136197,6
102933,4420,چاه یار علی,136200,6
102934,4420,چهار فرسخ,136205,6
102935,4420,حاجی آباد,136206,6
102936,4420,حوض ابراهیم,136209,6
102937,4420,حوض کربلایی غلام رضا,136215,6
102938,4420,حوض کربلایی عباس,136216,6
102939,4420,حوض گنجینه,136217,6
102940,4420,حوض یک فرسخ,136219,6
102941,4420,حیدر آباد,136220,6
102942,4420,خوان شرف,136223,6
102943,4420,دو فرسنگ,136234,6
102944,4420,دولت آباد,136236,6
102945,4420,دهسلم,136237,6
102946,4420,دهو,136238,6
102947,4420,دیگنه زار,136239,6
102948,4420,ساکرد / ساگرد,136255,6
102949,4420,سرتل / سوتل,136259,6
102950,4420,سلطان آباد,136266,6
102951,4420,سمافات,136267,6
102952,4420,سنگری,136271,6
102953,4420,سه فرسخ,136272,6
102954,4420,سیاه خونیک,136273,6
102955,4420,شاه کونک,136274,6
102956,4420,شور مختار,136278,6
102957,4420,علی آباد بندان,136284,6
102958,4420,علی رییس,136285,6
102959,4420,قدمگاه,136289,6
102960,4420,کبک آباد,136294,6
102961,4420,کرم علی,136297,6
102962,4420,کلوتی,136302,6
102963,4420,کلاته حسین محمد / کلاته جهانگیر,136311,6
102964,4420,کلاته سید علی,136316,6
102965,4420,کلاته مراد مالدار,136322,6
102966,4420,کلاته ملا حسن,136323,6
102967,4420,کهنو,136326,6
102968,4420,کجارو,136327,6
102969,4420,برجک دیده بانی معدن حاجات,136332,6
102970,4420,گورچاه,136333,6
102971,4420,گوش,136334,6
102972,4420,گوشین,136336,6
102973,4420,گوند,136337,6
102974,4420,گیشی چاه / گیشه چاه,136340,6
102975,4420,لاخ سفید,136342,6
102976,4420,محمد آباد,136348,6
102977,4420,مهدی آباد,136360,6
102978,4420,میلگز,136361,6
102979,4420,ناسفند / ناسپند,136362,6
102980,4420,کلاته خان,136368,6
102981,4420,کارگاه تولید مصالح اداره راه,541129,6
102982,4420,دیگنه زار,541133,6
102983,4420,حوض حسین خوبیار,541139,6
102984,4420,حوض انبار علی زینل,541140,6
102985,4420,گله چاه,541141,6
102986,4420,گرسفید / گزسفید,541142,6
102987,4420,مه جبینی,541143,6
102988,4420,برجک دژبانی گدار زرد,541145,6
102989,4420,خونیک پایین / خونیک,541147,6
102990,4420,راهدارخانه علی آباد,541149,6
102991,4420,برجک دژبانی شماره 9,541151,6
102992,4420,کته تاک,541158,6
102993,4420,کچک علی / کوچ کالی,541161,6
102994,4420,تلمبه زین العابدین,541168,6
102995,4420,پایگاه شماره 10,541170,6
102996,4420,حوض انبار حاج علی رستم,541171,6
102997,4420,برجک دژبانی شماره 8,541172,6
102998,4420,برجک دژبانی سفیدابه,541182,6
102999,4420,اسلام آباد,541188,6
103000,4420,ذرتی / چاه ذرتی,541381,6
103001,4420,برجک دیده بانی شماره 6,541996,6
103002,4420,کلاته قاسم,541998,6
103003,4420,کال حسینا,542160,6
103004,4420,گوراب,542162,6
103005,4420,موتور هییت واگذاری,542163,6
103006,4420,دهو,542164,6
103007,4420,بیدکردگم,542669,6
103008,4420,افضل آباد,542730,6
103009,4420,چاه تلخ (چاه قلیچ),542731,6
103010,4420,چاه موتور رافت,542732,6
103011,4420,کارخانه شن شویی / شهرک صنعتی,542733,6
103012,4420,کارخانه شن شویی,542734,6
103013,4420,مجتمع گاوداری اکبر آباد,543076,6
103014,4420,شن شویی استاد محمودی,829009,6
103015,4420,دکل علی آباد,829010,6
103016,4420,معدن گرانیت سفید کوه,829036,6
103017,4420,چاه موتور عبدالسلام قلندرزهی,829037,6
103018,4420,چاه موتور جهان تیغ,829038,6
103019,4420,چاه موتور رافت,829039,6
103020,4420,کوره هوفمان وحیدنیا,829040,6
103021,4420,چاه رسالت,829065,6
103022,4420,چاه وحدت (چاه محمد کوهی نژاد),829066,6
103023,4420,چاه موتور شهید رجایی,829075,6
103024,4420,کلاته ملاخواجه / دره شور,829080,6
103025,4421,استخرک,135520,6
103026,4421,اسکول آباد,135521,6
103027,4421,اناران,135529,6
103028,4421,اولنگ,135530,6
103029,4421,بمبور,135532,6
103030,4421,بوری,135535,6
103031,4421,بیشه,135536,6
103032,4421,پودنه,135538,6
103033,4421,ترس آب,135541,6
103034,4421,چاه سنجر,135557,6
103035,4421,چاه کرد,135558,6
103036,4421,چوگان,135566,6
103037,4421,حاجی آباد,135567,6
103038,4421,حسن آباد,135570,6
103039,4421,حسین آباد سادات,135576,6
103040,4421,حوض فاطمه,135578,6
103041,4421,خرمی,135582,6
103042,4421,خسروی,135583,6
103043,4421,خیر آباد,135585,6
103044,4421,درشکفت / درشکاف,135586,6
103045,4421,درودی,135587,6
103046,4421,دره کوران,135588,6
103047,4421,دهک,135593,6
103048,4421,رضوان,135600,6
103049,4421,رود دره,135603,6
103050,4421,ریزنگ,135604,6
103051,4421,سایه سنگان,135609,6
103052,4421,سریخان سفلی,135610,6
103053,4421,سنجی علیا,135614,6
103054,4421,سنگان,135616,6
103055,4421,سنگل آباد,135617,6
103056,4421,سولاخان,135619,6
103057,4421,اسلام آباد / شاه دران,135621,6
103058,4421,شیخ عبداله,135622,6
103059,4421,کلاته علی عوض,135627,6
103060,4421,عمری,135628,6
103061,4421,فراتان,135631,6
103062,4421,فریدون,135633,6
103063,4421,فولاد آباد سفلی,135634,6
103064,4421,فولاد آباد علیا,135635,6
103065,4421,کاسگان / کاسکان پایین,135640,6
103066,4421,کرد آباد,135644,6
103067,4421,کلاته توت,135650,6
103068,4421,کلاته سرور,135657,6
103069,4421,کلاته علی آباد / کلات علی آباد,135662,6
103070,4421,کلاته عیسایی,135663,6
103071,4421,محمد آباد / کلاته کدخدا,135664,6
103072,4421,کلاته مزار,135668,6
103073,4421,حسن آباد / کلاته میرحسن,135669,6
103074,4421,کلاته نوری,135670,6
103075,4421,کندر,135672,6
103076,4421,کوهسار,135676,6
103077,4421,گزان,135679,6
103078,4421,گل آباد,135682,6
103079,4421,گلرگ,135684,6
103080,4421,گندشکان,135689,6
103081,4421,کوشه علیا,135691,6
103082,4421,لیسکی,135694,6
103083,4421,ماهانی,135695,6
103084,4421,مبادین سفلی,135697,6
103085,4421,مبادین علیا,135698,6
103086,4421,مسعودی,135705,6
103087,4421,ملوغان,135707,6
103088,4421,منصور آباد,135710,6
103089,4421,هریشی,135722,6
103090,4421,حسین آباد عربخانه,541289,6
103091,4421,زین آباد,541292,6
103092,4421,آب انبار کربلایی محمد,541300,6
103093,4421,چاه عمیق سخمیرک / چاه ماهانی,541301,6
103094,4421,آب انبا ر محمد حسین,541302,6
103095,4421,هشتوگان,541410,6
103096,4422,بیچه,135154,6
103097,4422,ترش آب علیا,135162,6
103098,4422,ترش آب سفلی,135163,6
103099,4422,چاهکی,135183,6
103100,4422,خرماکه,135190,6
103101,4422,دودو,135196,6
103102,4422,سنگر,135205,6
103103,4422,سیرشکوه,135208,6
103104,4422,کرق دوستو,135220,6
103105,4422,کلاته نو,135226,6
103106,4422,گرمدارو,135230,6
103107,4422,گزکل کل,135231,6
103108,4422,گل نی هیبت,135232,6
103109,4422,مهر آباد,135243,6
103110,4422,اکرم آباد سالاری,135345,6
103111,4422,انارو,135347,6
103112,4422,چاه انجیر,135355,6
103113,4422,کجی علیا (چاه پوزه کجی),135356,6
103114,4422,حجت آباد / پوخ آب,135366,6
103115,4422,سهل آباد,135379,6
103116,4422,سید مراد,135381,6
103117,4422,شاه توت,135382,6
103118,4422,شورک,135384,6
103119,4422,شیرشتر,135386,6
103120,4422,علی آباد,135392,6
103121,4422,فیروز آباد,135394,6
103122,4422,کلاته کاظمی,135406,6
103123,4422,کلاته میر / قایم آباد,135407,6
103124,4422,مزار سید علی,135421,6
103125,4422,ولی آباد,135427,6
103126,4422,ابراهیمی,135518,6
103127,4422,امین آباد,135527,6
103128,4422,بورگان بالا,135533,6
103129,4422,بورگان پایین,135534,6
103130,4422,توتسک,135545,6
103131,4422,تیغدر علیا,135547,6
103132,4422,دوزنگان,135590,6
103133,4422,کلاته تپه,135649,6
103134,4422,نایمه,135716,6
103135,4422,لب کال,541259,6
103136,4422,پات کوه,541264,6
103137,4422,چاه عمیق 204 هاشمی نژاد / چاه قربان افسر,541268,6
103138,4422,کلچه,541270,6
103139,4422,چاه عمیق شهید جان میرزا,541271,6
103140,4422,کجی سفلی,541272,6
103141,4422,پاسگاه نیروی انتظامی سهل آباد,541278,6
103142,4422,علی آباد,541281,6
103143,4422,چشمه گل سنجتک,541282,6
103144,4422,اشکفتان,541284,6
103145,4422,دوست آباد / شرکت تعاونی کشاورزی دامپروری ولی عصر,542155,6
103146,4422,چاه موتور کشت و صنعت 3,542727,6
103147,4422,چاه موتور شرکت کشت و صنعت 2,542728,6
103148,4422,نخجیران,542735,6
103149,4422,چاه شماره 5 طرح توسعه دشت سهل آباد,542796,6
103150,4422,چاه موتور شماره 6 طرح و توسعه,543046,6
103151,4422,شهرک طرح تجمیع سهل آباد,829001,6
103152,4423,آب انبار مالداری,134961,6
103153,4423,برک,134964,6
103154,4423,پنهانی,134967,6
103155,4423,پوستین,134968,6
103156,4423,چشمه زرد,134972,6
103157,4423,چشمه هفتاد منی,134973,6
103158,4423,حسین آباد قاسم,134976,6
103159,4423,دوبشک,134977,6
103160,4423,زهری / زهره,134979,6
103161,4423,سلطانی علیا,134982,6
103162,4423,سمک,134984,6
103163,4423,سمنی سفلی,134985,6
103164,4423,سیدال,134987,6
103165,4423,صادق آباد / ظلم آباد,134988,6
103166,4423,عبدلی سفلی,134989,6
103167,4423,قاسمی,134991,6
103168,4423,کله سفید / کلاته سفید,134993,6
103169,4423,کلاته حسن,134995,6
103170,4423,زنگویی,134998,6
103171,4423,کلاته قربان,135001,6
103172,4423,کلاته محمود علی / محمود علی,135002,6
103173,4423,گدار زرد,135003,6
103174,4423,گرو,135004,6
103175,4423,ماهی زرد,135006,6
103176,4423,مهل آباد سفلی,135008,6
103177,4423,اسماعیل آباد,135343,6
103178,4423,خسرو آباد,135374,6
103179,4423,خونیکک,135375,6
103180,4423,کلاته نو / کلات نو,135408,6
103181,4423,ملک آباد,135422,6
103182,4423,میرآباد,135424,6
103183,4423,یزدان چاه,135428,6
103184,4423,حسن آباد کرق سنگ,135577,6
103185,4423,ده شیخ,135591,6
103186,4423,گزیدری سفلی,135680,6
103187,4423,گزیدری علیا,135681,6
103188,4423,گوهره,135692,6
103189,4423,منگنه ای,135711,6
103190,4423,میربیک,135714,6
103191,4423,چاه کوری,135961,6
103192,4423,چاه ولی محمد,135964,6
103193,4423,دهنرود,135985,6
103194,4423,عباس آباد کلب,135995,6
103195,4423,قله بور,135997,6
103196,4423,هیرد,136024,6
103197,4423,چاه بادمشک,136160,6
103198,4423,چاه طلا,136185,6
103199,4423,کلاته شور,136318,6
103200,4423,چاه باران,541334,6
103201,4423,چاه سیاه,541343,6
103202,4423,چاه طاقی,541345,6
103203,4423,گل گز,541356,6
103204,4423,کلاته علی گاو,541358,6
103205,4423,شیرپختک,541362,6
103206,4423,لیسی,541363,6
103207,4423,سنگریزه,541368,6
103208,4423,شور آباد,541403,6
103209,4423,چشمه زرد,542149,6
103210,4423,زاغو,542751,6
103211,4423,چاه حسن عبدالله,829003,6
103212,4423,چاه موتور رحمان دوست,829004,6
103213,4423,گاوه,829005,6
103214,4423,کلچه,829006,6
103215,4423,شیرزاد,829007,6
103216,4423,چاه بغل,829008,6
103217,4423,شوراب,829011,6
103218,4423,تلخاب,829012,6
103219,4423,چاه سالم,829013,6
103220,4424,باغستان آیسک,152675,6
103221,4424,بغداده,152677,6
103222,4424,بند آخوند,152679,6
103223,4424,بهگرد,152680,6
103224,4424,تلمبه امیرزاده,152682,6
103225,4424,تلمبه دوم امیرزاده,152683,6
103226,4424,چاه باختر,152687,6
103227,4424,چاه حجت الرضا,152689,6
103228,4424,چاه ریاحی,152693,6
103229,4424,چاه عمیق اتحاد,152697,6
103230,4424,چاه عمیق اتفاق,152698,6
103231,4424,چاه عمیق ارم,152700,6
103232,4424,چاه عمیق اسلام آباد,152701,6
103233,4424,چاه عمیق امید /موتور میرزا سیدی,152702,6
103234,4424,چاه عمیق انقلاب,152703,6
103235,4424,چاه عمیق بیست و دوم بهمن,152704,6
103236,4424,چاه عمیق پیرجام,152705,6
103237,4424,چاه عمیق توکل,152706,6
103238,4424,چاه عمیق ثلاثه,152707,6
103239,4424,چاه عمیق خرم,152710,6
103240,4424,چاه عمیق سعادت,152712,6
103241,4424,شرکت آبیاری زمزم,152714,6
103242,4424,چاه عمیق شرکت بهار,152715,6
103243,4424,چاه عمیق طاهر آباد,152716,6
103244,4424,چاه عمیق قدس / حوض اسماعیل,152717,6
103245,4424,چاه عمیق کوثر,152718,6
103246,4424,چاه عمیق گلشن,152719,6
103247,4424,چاه عمیق همت / کلاغی,152720,6
103248,4424,چاه گلستان / گلستان دو حصاران,152722,6
103249,4424,چاه مشاع انقلاب,152723,6
103250,4424,چاه مشاع شهید چمران,152724,6
103251,4424,چاه مشاع شهید رستمی,152725,6
103252,4424,چاه موتور مهتاب اسلامی / موتوراسلامی,152726,6
103253,4424,چاه موتور اطمینان / مزرعه اطمینان,152727,6
103254,4424,چاه موتور جعفری / سکل,152728,6
103255,4424,چاه موتور گلستان,152729,6
103256,4424,چاه عمیق اتحاد / چاه نیمه عمیق اتحاد,152730,6
103257,4424,چاه نیمه عمیق خدیوی,152733,6
103258,4424,حجت آباد,152735,6
103259,4424,حوض آهنگر,152736,6
103260,4424,حوض حاج موسی,152737,6
103261,4424,حوض خاتون,152738,6
103262,4424,حوض دوغار,152739,6
103263,4424,حوض عباس شهسوار,152740,6
103264,4424,حوض علیجان جونی,152741,6
103265,4424,خوشتر سفلی,152743,6
103266,4424,خوشتر علیا,152744,6
103267,4424,دوحصاران,152745,6
103268,4424,شرکت سعید آباد,152747,6
103269,4424,شرکت آبیاری برکت,152749,6
103270,4424,شرکت اثنی عشر / موتور بقالی,152751,6
103271,4424,شرکت اسلام آباد,152753,6
103272,4424,شرکت اسلامی نوین,152754,6
103273,4424,شرکت بهشت آباد / چادر بالا,152756,6
103274,4424,شرکت توکل,152758,6
103275,4424,شرکت حسین آباد سندل,152759,6
103276,4424,شرکت سید آباد عمرویی,152761,6
103277,4424,شرکت کوثر مخل آباد,152763,6
103278,4424,شرکت گلستان,152764,6
103279,4424,شرکت مغین,152765,6
103280,4424,شرکت معصوم آباد,152766,6
103281,4424,شرکت معلم,152767,6
103282,4424,عمرویی,152768,6
103283,4424,تلمبه سوم امیرزاده,152773,6
103284,4424,ازدک,152876,6
103285,4424,اسپدنگ,152877,6
103286,4424,اسپور,152878,6
103287,4424,انجیر بز,152880,6
103288,4424,آویز,152881,6
103289,4424,باغبر بالا,152882,6
103290,4424,باغبر پایین,152883,6
103291,4424,بنی خانیک,152884,6
103292,4424,پیش نسایی,152890,6
103293,4424,تلخی,152892,6
103294,4424,تنگل سفلی,152894,6
103295,4424,تنگل علیا,152895,6
103296,4424,چرمه,152899,6
103297,4424,چشمه درامرود,152900,6
103298,4424,چشمه کربلایی تقی,152902,6
103299,4424,کلاته حسن برات,152903,6
103300,4424,حوض ته گرد,152904,6
103301,4424,خطناقه,152907,6
103302,4424,درچنار,152911,6
103303,4424,زابر,152914,6
103304,4424,سراب,152915,6
103305,4424,سراب بالا,152916,6
103306,4424,شرکت آبیاری اسلام آباد / موتور قیاس,152922,6
103307,4424,شرکت اسلام آباد,152923,6
103308,4424,شرکت انقلاب,152924,6
103309,4424,شرکت جعفری / موتور بند سیری,152925,6
103310,4424,شرکت مخصوص آباد / بند سرخی,152926,6
103311,4424,اردوگاه تربیتی شمس آباد / شمس آباد,152927,6
103312,4424,تگ دودختره,152932,6
103313,4424,کلاته حاجی قربان,152933,6
103314,4424,کلاته حسین علی,152934,6
103315,4424,کلاته خزایی,152935,6
103316,4424,کلاته رضاییان,152936,6
103317,4424,کلاته زرگر,152937,6
103318,4424,کلاته سید امیر,152938,6
103319,4424,کلاته شاه ولی,152939,6
103320,4424,کلاته شور,152941,6
103321,4424,تگ دودخترو پایین / کلاته علی عیسی,152943,6
103322,4424,کلاته کربلایی عباس,152945,6
103323,4424,کلاته کربلایی موسی,152946,6
103324,4424,کلاته کربلایی موسی,152947,6
103325,4424,کلاته محمد عباس,152949,6
103326,4424,کلاته ملا,152951,6
103327,4424,کلاته مومن,152952,6
103328,4424,کلاته هلارکی,152955,6
103329,4424,کلاته یحیی,152956,6
103330,4424,کلاته یعقوب / میرزا شهاب,152957,6
103331,4424,گزبو,152960,6
103332,4424,گزنشک,152961,6
103333,4424,لشرود,152963,6
103334,4424,مرغزار,152965,6
103335,4424,مندیلی بالا,152967,6
103336,4424,شرکت مهدی آباد,152969,6
103337,4424,میان تک,152970,6
103338,4424,هلرنگ,152975,6
103339,4424,یمبو,152978,6
103340,4424,کلاته حاجی,152980,6
103341,4424,موتور عمیق رضاییه,153103,6
103342,4424,شرکت رفاه عشق آباد,153122,6
103343,4424,گلستان طالقانی,153141,6
103344,4424,موتور امیری الله آباد / موتور امیر آباد,153144,6
103345,4424,موتور سادات,153151,6
103346,4424,حوض کج گرده,153400,6
103347,4424,دامداری یعقوبیان,395651,6
103348,4424,دامداری علی کوهی,395652,6
103349,4424,تلخ آباد / حاجی آباد,395659,6
103350,4424,موتور صداقت,395660,6
103351,4424,موتور رضویه,395661,6
103352,4424,شرکت اثنی عشر,395662,6
103353,4424,تلمبه منبع,395665,6
103354,4424,چاه حاج حیدر,395666,6
103355,4424,موتور جهاد,395673,6
103356,4424,دامداری علی اکبر اصغرپور,395675,6
103357,4424,چاه موتور حجتیه,395677,6
103358,4424,دامداری علی اکبر امام دادی,395678,6
103359,4424,کوره آهک جهاد سازندگی,395679,6
103360,4424,کلاته خلیل,395680,6
103361,4424,سد شهید پارسا,395682,6
103362,4424,چاه گربک,395684,6
103363,4424,معصوم آباد,395685,6
103364,4424,خشکو / خاشکو,395686,6
103365,4424,چشمه سرپلنگ,395687,6
103366,4424,چشمه کربلایی محمود,395688,6
103367,4424,شرکت آبیاری اسلامی,541724,6
103368,4424,شرکت رفاه,541725,6
103369,4424,مرغداری محمد نوری,542188,6
103370,4424,چاه عمیق حسین عربی,542189,6
103371,4424,کارخانه آسفالت 40 تنی شهرداری سرایان,542231,6
103372,4424,موتور جوادیه (چاه موتور جوادی),542726,6
103373,4424,چاه دامداری تقی زاده,542908,6
103374,4424,موتور دلگشا / موتور قبرستان,542909,6
103375,4424,مجتمع دامداری سرایان,542911,6
103376,4424,چاه عمیق زمزم,542912,6
103377,4424,چاه جنت,542913,6
103378,4424,شهرک صنعتی سرایان,829014,6
103379,4424,چشمه سید,829015,6
103380,4424,چاه جرس,829016,6
103381,4425,ابا منصوری,152874,6
103382,4425,امین,152879,6
103383,4425,بوسی,152885,6
103384,4425,بیشه گان,152886,6
103385,4425,چاهک,152898,6
103386,4425,خاور بالا,152905,6
103387,4425,خاور پایین,152906,6
103388,4425,خورزاد,152909,6
103389,4425,دره,152912,6
103390,4425,سلام سفلی,152918,6
103391,4425,سلام علیا,152919,6
103392,4425,کلاته علی محمدبیک,152944,6
103393,4425,مندیلی پایین,152968,6
103394,4425,نوبهار,152971,6
103395,4425,نوده کریم,152973,6
103396,4425,نوکج,152974,6
103397,4425,هرمز علیا,152977,6
103398,4425,استان سیاه,153232,6
103399,4425,خانکوک,153245,6
103400,4425,دره پر,153246,6
103401,4425,دره تخت سفلی,153247,6
103402,4425,دره تخت علیا,153248,6
103403,4425,علی آباد,153255,6
103404,4425,کریمو,153259,6
103405,4425,مصعبی,153274,6
103406,4425,نرم,153276,6
103407,4425,نوده,153277,6
103408,4425,کلاته صمد,395771,6
103409,4425,کوه سفید,541852,6
103410,4425,تگ سنگک,541853,6
103411,4426,چاه بنه,153093,6
103412,4426,چاه پنیری,153095,6
103413,4426,چاه تریخی,153096,6
103414,4426,چاه غیاث,153097,6
103415,4426,چاه جمع کرد,153098,6
103416,4426,چاه خوش نری,153099,6
103417,4426,چاه شور,153100,6
103418,4426,چاه طالب,153101,6
103419,4426,چاه عباسی,153102,6
103420,4426,چاه کریمداد,153104,6
103421,4426,چاه مزار,153105,6
103422,4426,حوض محمد کربلایی رضا,153111,6
103423,4426,راویج,153115,6
103424,4426,زری چاه,153116,6
103425,4426,گوش میر,153142,6
103426,4426,ایستو چاه,153160,6
103427,4426,چاه طبق سر,395555,6
103428,4426,چاه پس کله,395556,6
103429,4426,چاه ابول,395560,6
103430,4426,حوض ملا رحیم,395561,6
103431,4426,چاه گنبد تلخ,395562,6
103432,4426,چاه نو,395563,6
103433,4426,حوض حافظ,395564,6
103434,4426,حوض کربلایی یوسف,395565,6
103435,4426,چاه قربان,395581,6
103436,4426,سرگیلو,395583,6
103437,4426,چاه چنگ,395584,6
103438,4426,چشمه سرمندلی,395587,6
103439,4426,چاه نمکزار,395588,6
103440,4426,حوض نور محمد,395589,6
103441,4426,چاه زیندی,395590,6
103442,4426,بندنو 2,395591,6
103443,4426,ترش آپ,395599,6
103444,4426,حوض سعدنیک,395600,6
103445,4426,حوض گلورشور,395616,6
103446,4426,چاه طالب مختاری,542953,6
103447,4426,چاه گل گز,543018,6
103448,4426,چاه حاجی مقیم,543029,6
103449,4426,چشمه اشترزا,543032,6
103450,4426,گوراب (چشمه گوراب),543033,6
103451,4426,چاه ته رودی ها,543034,6
103452,4426,چاه نو,543037,6
103453,4426,چاه کازه,829017,6
103454,4426,چاه شور قنبری,829018,6
103455,4426,جهان آباد,829019,6
103456,4427,حوض نادر,152742,6
103457,4427,گله چاه,152769,6
103458,4427,معدن سرب,152770,6
103459,4427,اتحاد سادات,153086,6
103460,4427,بسطاق,153087,6
103461,4427,موتور آب رسانی سه قلعه,153089,6
103462,4427,تلمبه شرکت,153090,6
103463,4427,جعفر آباد,153091,6
103464,4427,جوادیه زنگو,153092,6
103465,4427,چاه بیدل,153094,6
103466,4427,حسن آباد,153108,6
103467,4427,خازمین,153113,6
103468,4427,خوش آب,153114,6
103469,4427,زنگو,153117,6
103470,4427,شرکت توکل,153120,6
103471,4427,شرکت حسامی,153121,6
103472,4427,شرکت شیرین,153123,6
103473,4427,شرکت نمونه زینایی,153124,6
103474,4427,شرکت نمونه 1,153125,6
103475,4427,شرکت نمونه 2,153126,6
103476,4427,شهرک شهید دستغیب,153127,6
103477,4427,قاسم آباد,153128,6
103478,4427,کامرود,153130,6
103479,4427,کوره بیات / علی اکبر صفری,153133,6
103480,4427,کوره داروغه /حسن بیدل,153135,6
103481,4427,کوره هاشمی نژاد / محمد آباد / علی رهنی,153143,6
103482,4427,موتور سجادیه,153147,6
103483,4427,موتور دولتی,153148,6
103484,4427,موتور سرهنگ حسامی / عبدالمجید رمضانی,153152,6
103485,4427,موتور محمد روانی,153154,6
103486,4427,موتور وحدت 2,153156,6
103487,4427,موتور و کوره جعفر جهانبخش,153157,6
103488,4427,خوشاب,154147,6
103489,4427,دوست آباد,154149,6
103490,4427,چاه پیروز آباد,395549,6
103491,4427,موتور اتحاد,395550,6
103492,4427,موتور وحدت 1,395552,6
103493,4427,حسین آباد,395553,6
103494,4427,موتور رنگرزی,395554,6
103495,4427,حسامیه,395566,6
103496,4427,معدن حسامیه,395567,6
103497,4427,موتور ابراهیمی,395571,6
103498,4427,عباس آباد,395572,6
103499,4427,شرکت جعفر آباد,395575,6
103500,4427,حوض در تنگ / حوض سر تنگ,395576,6
103501,4427,حوض مادر رحمان,395577,6
103502,4427,موتور قنات سه قلعه,395578,6
103503,4427,چاه گلستان,395594,6
103504,4427,موتور امینی,395596,6
103505,4427,حوض محمدبیک,395601,6
103506,4427,کوره جهانبخش,395603,6
103507,4427,کوره حسن بیدل,395604,6
103508,4427,حسین آباد,395613,6
103509,4427,چاه باریک ها,395615,6
103510,4427,حوض دوگانه / بنوده و چاه دهگانه,395681,6
103511,4427,حوض دق,395683,6
103512,4427,احمد آباد,541855,6
103513,4427,موتور قنات سه قلعه,543017,6
103514,4427,چاه مدو,543019,6
103515,4427,چاه شیرین,543020,6
103516,4427,موتور اتحاد کامرود,543022,6
103517,4427,موتور امید لولایی,543023,6
103518,4427,موتور خازمین,543024,6
103519,4427,موتور مهدی آباد (موتور مهدی قلی ضیایی),543025,6
103520,4427,وحدت کامرود,543026,6
103521,4427,چاه کرم,543027,6
103522,4427,چاه پلمی,543028,6
103523,4427,چاه دوستان,543030,6
103524,4427,چاه نظر علی,543031,6
103525,4427,چاه خلگور,543035,6
103526,4427,سفیداب,543036,6
103527,4428,سرند,152746,6
103528,4428,باغستان سفلی,153368,6
103529,4428,حوض زینب بیگم,153396,6
103530,4428,دامداری رضانیا,153403,6
103531,4428,کلاته حاجی زمان,153431,6
103532,4428,کوره آجرپزی اربعه (بنی اسدی),153439,6
103533,4428,کوره آجرپزی باختر,153441,6
103534,4428,مهران کوشک,153459,6
103535,4428,باداموک,153761,6
103536,4428,بلکی,153764,6
103537,4428,بیدسگان,153766,6
103538,4428,بیدعلی,153767,6
103539,4428,پودانک سفلی / پودافک جعفر,153769,6
103540,4428,پودافک حیدر / پودافک سفلی,153770,6
103541,4428,ترشیزوک,153772,6
103542,4428,تگ چنار,153773,6
103543,4428,تگ سنگ بست,153774,6
103544,4428,تگ سیاه کوهی,153775,6
103545,4428,تگ شالی (تگ شاولی),153776,6
103546,4428,تگ کمری,153777,6
103547,4428,جران,153778,6
103548,4428,حاجی آباد,153781,6
103549,4428,خادم آباد (ختم آباد),153785,6
103550,4428,خانیک,153788,6
103551,4428,دامداری نصیری,153793,6
103552,4428,درگور,153794,6
103553,4428,دکل تلویزیون,153797,6
103554,4428,ده حاجی,153799,6
103555,4428,ده نو,153800,6
103556,4428,رحمت آباد,153803,6
103557,4428,سربیشه,153806,6
103558,4428,سرخاویج,153807,6
103559,4428,شاه آباد,153811,6
103560,4428,شوراک (شیروک),153812,6
103561,4428,عباس آباد,153815,6
103562,4428,عباس آباد / عباس آباد مصیبی,153817,6
103563,4428,علی آباد,153819,6
103564,4428,فتح آباد,153823,6
103565,4428,فریدونی,153824,6
103566,4428,فنوت,153825,6
103567,4428,قسم آباد (قاسم آباد),153826,6
103568,4428,چشمه ماهی / قهوه خانه سرچشمه,153827,6
103569,4428,کلاته انگستان,153833,6
103570,4428,کلاته جوزقیاز,153837,6
103571,4428,کلاته حمیدی (نصرت آباد سفلی),153838,6
103572,4428,کلاته نو (نصرت آباد علیا),153840,6
103573,4428,گاوبیلی,153841,6
103574,4428,گستج,153848,6
103575,4428,لطف آباد,153849,6
103576,4428,مهوید,153855,6
103577,4428,خوش منظر,395772,6
103578,4428,شهرک صنعتی شهید عبدالعلی پارسا فردوس,541850,6
103579,4428,اردوگاه فرهنگی تربیتی شهید مطهری,542719,6
103580,4428,موتور آب شرکت آبیاری همت,542720,6
103581,4428,دامداری عنبرنژاد,542914,6
103582,4428,دامداری یوسف قوام محبوب,542915,6
103583,4428,مجتمع دامداران اسلامیه,829024,6
103584,4429,آب دریک,153359,6
103585,4429,آبگرم معدنی فردوس,153360,6
103586,4429,افقو,153361,6
103587,4429,امرودکان,153362,6
103588,4429,انارستانک,153364,6
103589,4429,برون,153373,6
103590,4429,بکری پایین,153376,6
103591,4429,تگ کلاته جم,153378,6
103592,4429,خانیک,153402,6
103593,4429,عزم,153415,6
103594,4429,فرخنده,153417,6
103595,4429,کلاته خار,153433,6
103596,4429,کلاته نو,153437,6
103597,4429,لجنو,153453,6
103598,4429,ابدکی,153566,6
103599,4429,اولنگ,153569,6
103600,4429,انارون,153570,6
103601,4429,اولنگ شوران,153571,6
103602,4429,بذگی,153572,6
103603,4429,باهاباد,153573,6
103604,4429,پیوال زرد,153575,6
103605,4429,دوقل کوه,153578,6
103606,4429,چاه علی آباد (کلاته کربلایی محمد رجبیان),153596,6
103607,4429,چشمه خانم,153605,6
103608,4429,کلاته میری,153609,6
103609,4429,پتک پایین (کلاته جعفری),153638,6
103610,4429,کلاته عاقل آباد,153640,6
103611,4429,پتک بالا,153641,6
103612,4429,کلاته عرب,153648,6
103613,4429,کلاته کوران,153649,6
103614,4429,کلاته نجف,153652,6
103615,4429,نیوک علیا,153659,6
103616,4429,حجرک,153660,6
103617,4429,خرو,153790,6
103618,4429,ظهر,153813,6
103619,4429,کلاته یعقوب,395689,6
103620,4429,کلاته خان,395690,6
103621,4429,کلاته خار,395696,6
103622,4429,پتک میون,542602,6
103623,4429,ده علی,542723,6
103624,4430,انکه,153365,6
103625,4430,برجک,153372,6
103626,4430,بزنگه,153374,6
103627,4430,پادگان قدس,153377,6
103628,4430,تلمبه اولادی / تلمبه فراوانی,153380,6
103629,4430,تلمبه خالقی,153381,6
103630,4430,تلمبه متولی زاده,153382,6
103631,4430,تلمبه منور آباد,153383,6
103632,4430,تلمبه میرشب,153384,6
103633,4430,چاه بلور,153387,6
103634,4430,چاه پوزه,153388,6
103635,4430,چاه دامداری شعیبی,153389,6
103636,4430,چشمه مهدی / چشمه سید,153391,6
103637,4430,ساختمان ماکروویو,153407,6
103638,4430,شریف آباد,153411,6
103639,4430,علی آباد,153416,6
103640,4430,کشمون نقاب,153423,6
103641,4430,کلاته اسماعیل,153424,6
103642,4430,موتور آب ابراهیم ابراهیمی,153443,6
103643,4430,کوره آجرپزی هفمان / کوره تولیدکار,153444,6
103644,4430,کوره آهک پزی رمضان بدل طاهری,153445,6
103645,4430,کوره آهک حسین حداد,153447,6
103646,4430,کوره صداقت / کوره قهرمانی,153448,6
103647,4430,کوه سرخ,153450,6
103648,4430,مرکز آموزش فنی و حرفه ای فردوس,153456,6
103649,4430,مزرعه اله آباد / موتور آب شیراز,153457,6
103650,4430,منصور آباد / تلمبه زرین دشت,153458,6
103651,4430,کوره آجرپزی اسبق,153486,6
103652,4430,ابراهیم آباد,153567,6
103653,4430,اکبر آباد,153568,6
103654,4430,چاه پالوند,153574,6
103655,4430,تجینو,153577,6
103656,4430,چاه ایشک,153581,6
103657,4430,چاه پخون,153582,6
103658,4430,چاه پشتکوه,153583,6
103659,4430,چاه پیرمرد,153584,6
103660,4430,چاه چشمه,153586,6
103661,4430,چاه درونه,153588,6
103662,4430,چاه سمند,153589,6
103663,4430,چاه شیخ,153591,6
103664,4430,چاه شور,153592,6
103665,4430,چاه صالح,153593,6
103666,4430,چاه عبدالرحمن,153594,6
103667,4430,چاه عرب,153595,6
103668,4430,چاه گل کن,153597,6
103669,4430,چاه مرد,153598,6
103670,4430,چاه مشاع شهید پارسا / چاه شهید پارسا,153599,6
103671,4430,چاه مشاع شهید دادرس,153600,6
103672,4430,چاه مشاع شهید درخشان,153601,6
103673,4430,چاه نو,153602,6
103674,4430,چاه هشتاد,153603,6
103675,4430,حبیب آباد,153611,6
103676,4430,حسن آباد,153612,6
103677,4430,حسین آباد,153613,6
103678,4430,حوض پشته کلاغ,153614,6
103679,4430,خانکوک,153632,6
103680,4430,رباط خوش آب,153634,6
103681,4430,رباط سنگ,153636,6
103682,4430,قنبر آباد,153642,6
103683,4430,کال شور,153643,6
103684,4430,کجه,153644,6
103685,4430,کلاته تارش آباد,153645,6
103686,4430,کلاته جعفری,153646,6
103687,4430,کلاته جوادی / عباس آباد حسین زراعتی,153647,6
103688,4430,کلاته معزی,153651,6
103689,4430,گل پخون,153654,6
103690,4430,مرغزار,153655,6
103691,4430,نشم آباد,153657,6
103692,4430,همت آباد,153661,6
103693,4430,چاه قلی,395711,6
103694,4430,چاه اسپکصر,395712,6
103695,4430,کوره آهک پزی خزایی,395713,6
103696,4430,چاه دامداری امروکی,395714,6
103697,4430,پست 132 کیلو وات برق فردوس,395715,6
103698,4430,تلمبه شدکی,395716,6
103699,4430,کوره آهک صحراگرد,395724,6
103700,4430,چاه کافی / چاه موتور اسیری,395725,6
103701,4430,چاه بلور شماره 2,395727,6
103702,4430,چاه بلور شماره 3,395728,6
103703,4430,چاه بابو,395733,6
103704,4430,چاه پی کمر,395734,6
103705,4430,چاه مختار,395735,6
103706,4430,چاه نصرالدین,395736,6
103707,4430,چاه هوش,395737,6
103708,4430,حوض سید حسن سلیمانی,395739,6
103709,4430,حوض گلشنی,395743,6
103710,4430,دامداری حاج نظرعلی,395746,6
103711,4430,طاهریه,395747,6
103712,4430,معدن گچ,395749,6
103713,4430,معدن گل سرشور,395750,6
103714,4430,شادکی,395751,6
103715,4430,چاه قلعه,395754,6
103716,4430,دامداری نصراله کوهستانی,395758,6
103717,4430,معدن سرب شماره 1,395759,6
103718,4430,شوراب,395760,6
103719,4430,دامداری حسین محبی,395761,6
103720,4430,رباط شور,395762,6
103721,4430,چاه چهار طاق,395763,6
103722,4430,پاسگاه انتظامی سه راه شهید زارع,541424,6
103723,4430,شرکت آبیاری اطمینان,541425,6
103724,4430,حوض شادی,541730,6
103725,4430,موتور آب جمهوری حسین آباد,541842,6
103726,4430,موتور آب طاهر آباد,542239,6
103727,4430,ایستگاه مراتع (ایستگاه منابع طبیعی),542240,6
103728,4430,کوره آهک پزی ذوالفقاری,542241,6
103729,4430,کشمون خداوندی و باغ میرزا هاشم,542603,6
103730,4430,مجتمع آبیاری زندان,542716,6
103731,4430,گل پخون شماره 1,542717,6
103732,4430,گل پخون شماره 2,542718,6
103733,4430,چاه موتور فجر طاهر آباد,542971,6
103734,4430,واحد تولید کشاورزی مشاع شهید اسکندری,542972,6
103735,4430,شرکت کشاورزی و دامپروری بهاران,542973,6
103736,4430,موتور پمپ کشاورزی حبیب نویدی,542974,6
103737,4430,مشاع شهید طاهری,542975,6
103738,4430,واحد تولیدی مشاع چهارده معصوم,542976,6
103739,4430,چاه موتور شهید جعفرزاده,542977,6
103740,4430,چاه موتور مشاع شهید کارگر,542978,6
103741,4430,چاه موتور میان رود (قلعه / جمهوری),542980,6
103742,4430,چاه موتور ملک / لاخ سفید,542981,6
103743,4430,چاه موتور رجایی (مهرانفر / رشیدی),542982,6
103744,4430,شرکت انصار (سهامی خاص / موتور وحید نوعی),542983,6
103745,4430,چاه مشاع شماره 1 چاه نو,542984,6
103746,4430,چاه موتور شماره 2 مشاع چاه نو,542985,6
103747,4430,شرکت کشاورزی دامپروری رضوان,542990,6
103748,4430,شرکت تعاونی کشاورزی دامپروری,542991,6
103749,4430,شرکت چاه نو کویر,542993,6
103750,4430,شرکت کشاورزی پسته کاران یعقوبی (حاج مصطفی),542994,6
103751,4430,چاه موتور خرم (علی دنیایی),542995,6
103752,4430,شرکت کشاورزی مزرعه فردوس,542996,6
103753,4430,شرکت شیفتگان دلاور,542997,6
103754,4430,چاه موتور شماره 1 کجه (شهید احمدی),542998,6
103755,4430,چاه موتور شماره 2 کجه (رمضان میرزایی نصب),542999,6
103756,4430,چاه موتور شماره 3 کجه (محمد ناصری نیا),543000,6
103757,4430,چاه موتور شماره 4 کجه (حسین ناصری),543001,6
103758,4430,چاه موتور شماره 5 کجه (اکبر ناصری),543002,6
103759,4430,شرکت کشاورزی و دامپروری منابع طبیعی,543003,6
103760,4430,شرکت آینده سازان (خواجه نیا),543004,6
103761,4430,چاه موتور شهید رضایی (محمد یوسفی کرمان),543005,6
103762,4430,چاه موتور شهید یوسفیان,543006,6
103763,4430,چاه موتور منصوریان,543007,6
103764,4430,طرح بیابان زدایی شماره 1 حاج مصطفی جانی,543009,6
103765,4430,طرح بیابان زدایی شماره 4 علی زیادزاده,543011,6
103766,4431,اصفاک,152054,6
103767,4431,انارستانک,152055,6
103768,4431,ایرجیه,152057,6
103769,4431,بربغل,152058,6
103770,4431,حسن آباد,152060,6
103771,4431,حسین آباد,152061,6
103772,4431,خانیکو / خانی کوه,152062,6
103773,4431,زین آباد,152064,6
103774,4431,سعادت آباد,152065,6
103775,4431,علی حیدر,152066,6
103776,4431,محمد آباد,152068,6
103777,4431,معدن سرب اصفاک,152069,6
103778,4431,میرآباد,152071,6
103779,4431,یحیی آباد,152072,6
103780,4431,آسیاب اول,152093,6
103781,4431,آسیاب چهارم,152094,6
103782,4431,آسیاب دوم,152095,6
103783,4431,آسیاب سوم,152097,6
103784,4431,ایستگاه تثبیت شن,152098,6
103785,4431,شهرک امام خمینی / شهرک منتظریه,152107,6
103786,4431,مزرعه الهیار,152158,6
103787,4431,مزرعه امیری,152161,6
103788,4431,مزرعه تاجانی,152162,6
103789,4431,مزرعه تورانی,152163,6
103790,4431,مزرعه توکل,152164,6
103791,4431,مزرعه توکلی,152165,6
103792,4431,شرکت سهامی زراعی صحرا,152166,6
103793,4431,مزرعه جعفری,152168,6
103794,4431,مزرعه جمالی,152169,6
103795,4431,مزرعه حاج عبدالحسین عسگری,152170,6
103796,4431,مزرعه خاکساران,152173,6
103797,4431,مزرعه خدایی,152174,6
103798,4431,موتور دباغ زاده,152177,6
103799,4431,مزرعه روح بخش,152178,6
103800,4431,مزرعه زارع,152179,6
103801,4431,مزرعه سماواتی,152181,6
103802,4431,مزرعه صارمی,152182,6
103803,4431,مزرعه عادل,152184,6
103804,4431,مزرعه فریدونی,152186,6
103805,4431,مزرعه مقیمیان,152188,6
103806,4431,مزرعه جواد طلا جانی / موتور معینی,152189,6
103807,4431,موتور مقیمی,152190,6
103808,4431,مزرعه ضیاعی,152191,6
103809,4431,موتور اکبر آقا طاووسی,152194,6
103810,4431,موتور نظرزاده / موتور اکبریان,152195,6
103811,4431,موتور الهامی (موتور صفری حاجی),152196,6
103812,4431,موتور برکت,152197,6
103813,4431,موتور بعثت,152199,6
103814,4431,موتور جنت,152200,6
103815,4431,موتور جنگلبانی,152201,6
103816,4431,مزرعه میرزا هاشم طاووسی,152203,6
103817,4431,موتور رجب علی نظرزاده / موتور حسن حسینی,152205,6
103818,4431,موتور رضا بیگیان,152208,6
103819,4431,مزرعه سلیمانی,152209,6
103820,4431,موتور عابدیان,152210,6
103821,4431,موتور کیانی,152213,6
103822,4431,موتور سام و جعفری / موتور کیانی زاده,152214,6
103823,4431,موتور مشهوری یک,152217,6
103824,4431,مزرعه ناظمیان,152219,6
103825,4431,موتور نظریان,152221,6
103826,4431,موتور نوبهار,152223,6
103827,4431,موتور امیدوار,152234,6
103828,4431,احمد آباد,152363,6
103829,4431,غنی آباد,152364,6
103830,4431,چشمه الو,152365,6
103831,4431,حجت آباد,152366,6
103832,4431,حسین آباد,152367,6
103833,4431,لجنوک,152369,6
103834,4431,موتور مهدی آباد,152372,6
103835,4431,بهاباد,152443,6
103836,4431,خانیک,152446,6
103837,4431,دهو,152450,6
103838,4431,صدر آباد,152451,6
103839,4431,علی آباد,152453,6
103840,4431,گوشه,152454,6
103841,4431,بندان,152567,6
103842,4431,چاه آهن,152568,6
103843,4431,ده سفید,152570,6
103844,4431,ده نو,152571,6
103845,4431,ریگو,152572,6
103846,4431,کلاته سرداب,152574,6
103847,4431,صاحب آباد,152575,6
103848,4431,عبدالحمیدی,152576,6
103849,4431,عشق آباد,152577,6
103850,4431,کلاته کربلایی نورمحمد,152579,6
103851,4431,کلاته ملا اسماعیل,152581,6
103852,4431,محمد آباد,152582,6
103853,4431,مشاع عشق آباد,152583,6
103854,4431,معدن کال سبز,152584,6
103855,4431,نیگنان,152585,6
103856,4431,ترسکی,152607,6
103857,4431,ساقند,152609,6
103858,4431,شیبانی,152610,6
103859,4431,کلاته حمام,152611,6
103860,4431,کلاته زرد,152612,6
103861,4431,مهدی آباد,152615,6
103862,4431,کلاته ملا,152616,6
103863,4431,گوش پوزه,152617,6
103864,4431,معدن سرب,152618,6
103865,4431,نایگ,152619,6
103866,4431,نواهنگ,152620,6
103867,4431,هنویه,152621,6
103868,4431,هنویه سفلی,152622,6
103869,4431,موتور حسین علی,395619,6
103870,4431,موتور مغنی باشی (موتور امیری یزدانی),395620,6
103871,4431,موتور کیان زاده / موتور سام و جعفری,395621,6
103872,4431,موتور کیان زاده 2,395622,6
103873,4431,موتور تورانی,395623,6
103874,4431,موتور محمد تازه بهار / کوره خانه های ساع,395625,6
103875,4431,مزرعه استاد حسین عسکری,395628,6
103876,4431,مزرعه ابراهیمی,395630,6
103877,4431,مزرعه اکبریان,395631,6
103878,4431,موتور شهرداری,395632,6
103879,4431,مشاع حاجی آباد,395633,6
103880,4431,موتور سلطانی,395634,6
103881,4431,موتور چمن گرد گلستان غنی آباد,395635,6
103882,4431,موتور معراج,395636,6
103883,4431,موتور والفجر,395637,6
103884,4431,چاه مشاع شهید عبداله زاده,395638,6
103885,4431,ده چاخو,395640,6
103886,4431,حوض حاجی عباس,395641,6
103887,4431,مشاع شماره 1,395642,6
103888,4431,مشاع شماره 2,395643,6
103889,4431,چاه دامداری دباغ زاده,395645,6
103890,4431,موتور عسکری سعادت,395646,6
103891,4431,مزرعه پرویز ارشاد (مزرعه غیاثی),541436,6
103892,4431,موتور 22 بهمن,541437,6
103893,4431,چاه مشاع هجرت,541438,6
103894,4431,چاه مشاع نبوت,541439,6
103895,4431,مشاع 210 شهدا,541440,6
103896,4431,چاه مشاع 232 پیروزی / چاه مشاع 232,541441,6
103897,4431,موتور 50,541442,6
103898,4431,مزرعه میرزا حسین طاووسی,541713,6
103899,4431,مزرعه اتحاد / موتور اتحاد,541714,6
103900,4431,مزرعه احمد آباد / موتور مغنی باشی,541716,6
103901,4431,موتور مشهدی پور,541719,6
103902,4431,موتور صفری / موتور پل وست,541720,6
103903,4431,موتور مشکی و مقیمان,541722,6
103904,4431,موتور کیانی,541723,6
103905,4431,چاه علی,541804,6
103906,4431,موتور پمپ کیانی / موتور پمپ فتح آباد,541805,6
103907,4431,موتور مهدی آباد کرمانی ها,541806,6
103908,4431,موتور حیدر آباد کرمانی ها,541807,6
103909,4431,اکبر آباد,541813,6
103910,4431,موتور مشهور,541823,6
103911,4431,موتور شاهدی,541824,6
103912,4431,موتور احمد محسنی پور,541825,6
103913,4431,مشاع رزمندگان ذوالحاج,541826,6
103914,4431,کارگاه آجرسفال عمارت,541827,6
103915,4431,موتور شهدا,541828,6
103916,4431,مرغداری مراد زاده,541829,6
103917,4431,مشاع حاجی آباد,541830,6
103918,4431,موتور اخوان اکبریان,541831,6
103919,4431,موتور مقیمیان هوش,541832,6
103920,4431,موتور ورثه شهابی,541833,6
103921,4431,موتور هییت واگذاری زمین کاشمر,541834,6
103922,4431,موتور حوض حاجی,541835,6
103923,4431,کارخانه پنبه پاک کنی کویر,542237,6
103924,4431,حوض حاجی میرک,542492,6
103925,4431,مزرعه غیاثی,542493,6
103926,4431,مزرعه مقیمی,542494,6
103927,4431,مزرعه الهیان,542497,6
103928,4431,موتور رجب علی آزادی,542502,6
103929,4431,موتور میرزا هاشم طاووسی,542505,6
103930,4431,موتور قدس,542707,6
103931,4431,مشاع ایثارگران,542708,6
103932,4431,مشاع بهاران,542709,6
103933,4431,مخزن آب شرکت آب و فاضلاب بشرویه,542710,6
103934,4431,موتور عباسی,542865,6
103935,4431,موتور پیله شرق فردوس,542866,6
103936,4431,موتور امید یکتای بشرویه,542867,6
103937,4431,موتور فروزان کویر,542868,6
103938,4431,موتور امیر سلیم,542869,6
103939,4431,موتور فردوس کویر,542870,6
103940,4431,موتور پمپ های کوشش گران 1 و 2,542871,6
103941,4431,مشاع درخشان,542872,6
103942,4431,موتور بهارستان,542873,6
103943,4431,موتور ابراهیمی و شرکاء,542874,6
103944,4431,نوید خراسان,542875,6
103945,4431,مشاع شهید رجایی,542876,6
103946,4431,موتور میلاد,542877,6
103947,4431,موتور شاداب کویر (موتور حسین دباغ زاده),542878,6
103948,4431,مشاع دامداری کشاورزی درخشان بشرویه,542879,6
103949,4431,موتور علی اکبر حمامی زاده (موتور پرویز ارشاد),542880,6
103950,4431,شرکت قایم کویر (موتور سلیمانی),542881,6
103951,4431,موتور پمپ حسینی و شرکاء,542882,6
103952,4431,موتور صحرایی و شرکاء,542883,6
103953,4431,شرکت سپیده یک (سید ابوالفضل خاکساری),542884,6
103954,4431,شرکت طاووس کویر,542885,6
103955,4431,شرکت فاضل,542886,6
103956,4431,شرکت آباد گران کویر,542887,6
103957,4431,موتور توسعه جنوب شماره 2,542888,6
103958,4431,موتور توسعه جنوب شماره 3,542889,6
103959,4431,موتور پمپ مهر آوران,542890,6
103960,4431,شرکت فلاح,542891,6
103961,4431,آجرسفال کیوان,542892,6
103962,4431,مشاع شهید باهنر,542893,6
103963,4431,چاه رحیمی و شرکاء,542894,6
103964,4431,چاه شرکت کشتکاران,542895,6
103965,4431,الماس چاه آهن,542896,6
103966,4431,موتور شهید مرادی,542897,6
103967,4431,در کویر,542898,6
103968,4431,ناحیه صنعتی بشرویه,542904,6
103969,4431,مشاع عشق آباد,542905,6
103970,4431,شرکت وحدت کار,542906,6
103971,4431,طرح بیابان زدایی شماره 12 میرزایی نسب,542979,6
103972,4431,شرکت کشاورزی چند منظوره رفسنجان,542992,6
103973,4431,طرح بیابان زدایی شماره 6 آقای حسین مینو,543008,6
103974,4431,طرح بیابان زدایی شماره 9 شرکت واعظی پور,543010,6
103975,4431,طرح بیابان زدایی شماره 13 حسین رضایی,543012,6
103976,4431,طرح بیابان زدایی شماره 10 دکتر نبی پور,543013,6
103977,4431,طرح بیابان زدایی شماره 8 سید جواد پورتق,543014,6
103978,4431,طرح بیابان زدایی شماره 7 شرکت توفیق گنا,543015,6
103979,4431,طرح بیابان زدایی شماره 5 مهدی اخگری,543016,6
103980,4431,شرکت سعادت آذرین,543039,6
103981,4431,شرکت شکوفه مبعث (محمد جنگجو),543043,6
103982,4431,شرکت علفزار یک / طاجانی,543044,6
103983,4431,مزرعه غیاثی / موتور ذوالحاج,543061,6
103984,4431,موتور جرعه کویر,543078,6
103985,4431,موتور ده سفید,543079,6
103986,4431,موتور پمپ سیاران کویر,543080,6
103987,4431,موتور حسن حسن نیا,829051,6
103988,4431,ترمینال ضبط پسته,829052,6
103989,4431,کارخانه خوراک دام آفاتی,829053,6
103990,4431,مزرعه پرورش شتر مرغ غنچه,829054,6
103991,4431,موتور پمپ عزیز آباد,829055,6
103992,4431,ایستگاه کنترل گاز شهری,829056,6
103993,4432,اهوان,152056,6
103994,4432,دولت آباد,152063,6
103995,4432,قنبر آباد,152067,6
103996,4432,مهر آباد,152070,6
103997,4432,جوزردان سفلی,152398,6
103998,4432,جوزردان علیا,152399,6
103999,4432,جوزردان وسطی,152400,6
104000,4432,سنجدک,152409,6
104001,4432,چشمه عبدی,152444,6
104002,4432,دوک,152447,6
104003,4432,دهنو,152449,6
104004,4432,طرجد,152452,6
104005,4432,اهجوک,152529,6
104006,4432,بلال,152530,6
104007,4432,بهشت آباد,152531,6
104008,4432,تاج آباد,152532,6
104009,4432,جارستان,152533,6
104010,4432,حسین آباد,152535,6
104011,4432,خلیل آباد,152536,6
104012,4432,زرفت,152537,6
104013,4432,سرتنوره,152538,6
104014,4432,سعد آباد,152539,6
104015,4432,تجرک,152540,6
104016,4432,عزیز آباد,152541,6
104017,4432,قاسم آباد,152542,6
104018,4432,کرند,152543,6
104019,4432,کلاته دهنه,152544,6
104020,4432,محمد آباد,152545,6
104021,4432,زین آباد,152573,6
104022,4432,منصوریه,541812,6
104023,4432,ایستگاه محیط بانی,829057,6
104024,4433,اسلام آباد / اسد آباد تیغ,151995,6
104025,4433,اصفاکو,151996,6
104026,4433,حجت آباد,151998,6
104027,4433,حسین آباد,151999,6
104028,4433,خانیک بچه,152001,6
104029,4433,خیر آباد,152003,6
104030,4433,درگو,152005,6
104031,4433,ده کرم,152006,6
104032,4433,سجادیه,152008,6
104033,4433,عباس آباد,152011,6
104034,4433,کلاته حاجی,152013,6
104035,4433,مزرعه موج,152016,6
104036,4433,مشاع اتحاد (موتور آب رسانی اتحاد),152017,6
104037,4433,قاسم پور / مشاع حجت آباد (مشاع قاسم پور رضایی),152018,6
104038,4433,مشاع شهید اسماعیلی,152019,6
104039,4433,مشاع شهید مشفق,152020,6
104040,4433,مهدی آباد / معطل آباد,152021,6
104041,4433,بزغاله بندان,152475,6
104042,4433,پلنگ آباد,152476,6
104043,4433,تلخوک,152477,6
104044,4433,چاه جاده,152478,6
104045,4433,چاه دردوک,152479,6
104046,4433,چاه سلطان مراد,152480,6
104047,4433,چاه شور,152481,6
104048,4433,چشمه باجوک,152482,6
104049,4433,حاجی آباد,152483,6
104050,4433,حسین آباد,152484,6
104051,4433,درینچ,152486,6
104052,4433,ده کمال,152487,6
104053,4433,سنج سفلی,152488,6
104054,4433,سنج علیا,152489,6
104055,4433,سیشک,152490,6
104056,4433,عنج علیا,152492,6
104057,4433,فتح آباد,152493,6
104058,4433,کم نگار,152495,6
104059,4433,کلاته نظر,152496,6
104060,4433,کمنایی,152497,6
104061,4433,نحل سفلی,152499,6
104062,4433,نحل علیا,152500,6
104063,4433,موکوه,152501,6
104064,4433,خمین آباد,395700,6
104065,4433,شور آباد,395701,6
104066,4433,چشمه بهرامی,395703,6
104067,4433,رود عوض,395704,6
104068,4433,بغوز,395705,6
104069,4433,دامداری جعفری,395707,6
104070,4433,چاه دیو,395709,6
104071,4433,کارگاه چاه دیو,395710,6
104072,4433,مشاع شهید ذبیحی فر,542711,6
104073,4433,مشاع شهید کبوتری,542712,6
104074,4433,مشاع شهید منفرد / برکت,542713,6
104075,4433,اسد آباد,542714,6
104076,4433,تیغ آباد,542715,6
104077,4433,شرکت خضر,543038,6
104078,4433,موتور شهید مرتضوی (موتور ارزگر),543040,6
104079,4433,موتور شهید شهریاری (موتور مجتباییان),543041,6
104080,4433,موتور شهید صمدی,543042,6
104081,4433,موتور شهید مظفری (موتور دیپلمه ها),543045,6
104082,4433,موتور پمپ ندایی,543077,6
104083,4433,کلاته عباسی,829058,6
104084,4434,باغ دهک,152099,6
104085,4434,بیل آباد,152101,6
104086,4434,حاجی آباد,152102,6
104087,4434,حاجی آباد توکل,152103,6
104088,4434,دورگ,152105,6
104089,4434,زیرک,152106,6
104090,4434,کال نخاب,152109,6
104091,4434,کلاته بهرامی,152110,6
104092,4434,کلاته حیدر,152111,6
104093,4434,محمد آباد رحمانی / محمد آباد توکلی,152156,6
104094,4434,موردستان,152226,6
104095,4434,هوگند,152227,6
104096,4434,اسلام آباد,152393,6
104097,4434,بون آباد,152394,6
104098,4434,بیدک,152395,6
104099,4434,توکل آباد,152396,6
104100,4434,جمالی,152397,6
104101,4434,خانیک,152401,6
104102,4434,خدا آفرید,152402,6
104103,4434,خرم آباد,152403,6
104104,4434,دلبران,152404,6
104105,4434,ده نو,152405,6
104106,4434,رقه,152406,6
104107,4434,سرچاه,152407,6
104108,4434,سرند,152408,6
104109,4434,علی آباد,152410,6
104110,4434,فدک,152411,6
104111,4434,قلعه دختر,152412,6
104112,4434,مجد,152413,6
104113,4434,نوخانیک,152415,6
104114,4434,نیگو,152416,6
104115,4434,یگی,152417,6
104116,4434,محمد آباد,152418,6
104117,4434,آسیاب دهنه,395784,6
104118,4434,حسین آباد,395785,6
104119,4435,بارنجگان,155456,6
104120,4435,پرویز آباد,155464,6
104121,4435,چاه باشه,155468,6
104122,4435,چاه زرد / حاجی آباد حقداد,155486,6
104123,4435,شاهرخت,155499,6
104124,4435,معصوم آباد,155501,6
104125,4435,یزدان,155502,6
104126,4435,چاه اله داد,155714,6
104127,4435,چاه عمیق / چاه کامخان,155716,6
104128,4435,چشمه بید,155719,6
104129,4435,کلاته کبوده,155728,6
104130,4435,ملکی,155739,6
104131,4435,همت آباد,155740,6
104132,4436,برسنان,155203,6
104133,4436,بشیران,155205,6
104134,4436,پیچکان,155214,6
104135,4436,پیش بر,155215,6
104136,4436,جیم آباد,155225,6
104137,4436,حسین آباد پایین,155242,6
104138,4436,خوش آباد,155250,6
104139,4436,دوست آباد بالا,155255,6
104140,4436,سالک آباد,155262,6
104141,4436,سیج جدید,155267,6
104142,4436,علی آباد,155281,6
104143,4436,فخر آباد,155283,6
104144,4436,کازکان,155290,6
104145,4436,کلاته نو,155305,6
104146,4436,مناوند,155310,6
104147,4436,کلاته مهرک,155312,6
104148,4436,بمرود,155457,6
104149,4436,اردکول,155628,6
104150,4436,اسفرق,155629,6
104151,4436,آهنگران / پاسگاه آهنگران,155631,6
104152,4436,بقرایی,155633,6
104153,4436,تاجکوه,155638,6
104154,4436,تجنود,155639,6
104155,4436,حسن آباد,155643,6
104156,4436,حسین آباد,155644,6
104157,4436,حسین آباد خانم,155645,6
104158,4436,دارج سفلی,155647,6
104159,4436,دارج علیا,155648,6
104160,4436,دزگ بالا,155651,6
104161,4436,سورند,155654,6
104162,4436,شوشک,155655,6
104163,4436,کرت آباد,155656,6
104164,4436,کلاته ناصر,155658,6
104165,4436,گمنج,155661,6
104166,4436,محمد آباد,155663,6
104167,4436,معین آباد,155664,6
104168,4436,نزومند,155665,6
104169,4436,ولی آباد,155666,6
104170,4436,گزخت,155735,6
104171,4436,مهمان شهر آهنگران,543071,6
104172,4436,بهارستان / شهرک گمنج و نزومند,829029,6
104173,4437,جعفر آباد,130428,6
104174,4437,حسین آباد,130476,6
104175,4437,سرکش,130564,6
104176,4437,شاج,130588,6
104177,4437,شیرخند,130604,6
104178,4437,کبودان,130646,6
104179,4437,منوری,130787,6
104180,4437,نخرود,130801,6
104181,4437,همایون,130834,6
104182,4437,افین,155194,6
104183,4437,تیزکوه,155219,6
104184,4437,حاجی آباد سرکش,155239,6
104185,4437,خطیبی,155249,6
104186,4437,زردان,155258,6
104187,4437,عباس آباد,155277,6
104188,4437,امیر آباد,543075,6
104189,4437,چاه شهید صدوقی,829042,6
104190,4437,چاه شهید کمیلی,829043,6
104191,4438,حسن آباد علیا,130472,6
104192,4438,سردوان,130560,6
104193,4438,شیرگ سارجین,130606,6
104194,4438,فخران,130630,6
104195,4438,بای مرغ,155201,6
104196,4438,بزن آباد,155204,6
104197,4438,بقال,155206,6
104198,4438,بنمرود,155209,6
104199,4438,پایهان,155212,6
104200,4438,پردان,155213,6
104201,4438,جان احمد,155220,6
104202,4438,سارجین,155260,6
104203,4438,کلاته مزار,155303,6
104204,4438,مقیلان,155309,6
104205,4438,مهرک / مهرک لاغره,155313,6
104206,4438,باغستان,595874,6
104207,4439,میرآباد,155584,6
104208,4439,نوده,155585,6
104209,4439,اسفاد جدید,190016,6
104210,4439,چناران جدید,542818,6
104211,4440,بند آخوند,155563,6
104212,4440,کریزان سفلی,155576,6
104213,4440,نیار,155587,6
104214,4440,استند جدید,395793,6
104215,4440,بهمن آباد جدید,395801,6
104216,4440,فندخت جدید,395806,6
104217,4440,شهرک بیدخت,542819,6
104218,4440,شهرک چاه پایاب چاه شط,543070,6
104219,4441,احمد شاه بیگ,128653,6
104220,4441,ارک,128654,6
104221,4441,اریش,128655,6
104222,4441,افضل آباد,128659,6
104223,4441,امین آباد,128664,6
104224,4441,برمنج,128670,6
104225,4441,بورایی,128672,6
104226,4441,بوکی بالا,128673,6
104227,4441,بیدو,128675,6
104228,4441,بیناباد,128678,6
104229,4441,تجگ,128683,6
104230,4441,تقاب,128684,6
104231,4441,چاه کلک پایین,128726,6
104232,4441,حالمی,128735,6
104233,4441,حوض حسنعلی,128745,6
104234,4441,دستگرد,128762,6
104235,4441,دوکوهه,128763,6
104236,4441,رزگ,128771,6
104237,4441,سیوجان,128800,6
104238,4441,شاه زیله / مهدیه / کلات ملک,128803,6
104239,4441,شمس بالا,128806,6
104240,4441,شهنه,128813,6
104241,4441,علی آباد,128820,6
104242,4441,فاطمیه,128828,6
104243,4441,فخر آباد,128829,6
104244,4441,فدشک,128830,6
104245,4441,کلاته قصاب,128869,6
104246,4441,کلاته کربلایی برات,128871,6
104247,4441,کلاته کربلایی محمد حسین,128876,6
104248,4441,کلاته ملک,128878,6
104249,4441,گلگون بالا,128889,6
104250,4441,گلوپم,128891,6
104251,4441,گنج آباد,128894,6
104252,4441,گنج علیا / گنج بالا,128896,6
104253,4441,گوشه سفلی / کوشه سفلی,128901,6
104254,4441,گوشه علیا / کوشه علیا,128902,6
104255,4441,ماهمیران,128909,6
104256,4441,محمدیه,128912,6
104257,4441,معصوم آباد,128919,6
104258,4441,مهر آباد,128925,6
104259,4441,نالینو / نعلیند,128929,6
104260,4441,نستونک,128930,6
104261,4441,نصر آباد,128932,6
104262,4441,نیم فرسخ,128937,6
104263,4441,همچ,128939,6
104264,4441,همند,128940,6
104265,4441,شوره,542902,6
104266,4441,چاه صبحی / علی آباد تقاب,829070,6
104267,4441,پادگان آموزشی امام رضا (ع) بیرجند / مرکز آموزش 04 نزاجا,829074,6
104268,4442,ابدله,128651,6
104269,4442,جفت رود,128695,6
104270,4442,جنبوک,128698,6
104271,4442,چاه حریف,128704,6
104272,4442,حامی,128736,6
104273,4442,خرم,128753,6
104274,4442,خور,128755,6
104275,4442,دهن رود,128766,6
104276,4442,دیم,128768,6
104277,4442,زرکش,128779,6
104278,4442,سروباد / سرو آباد,128790,6
104279,4442,ششدانگ,128805,6
104280,4442,صلک,128814,6
104281,4442,طوطی,128816,6
104282,4442,قیصار,128837,6
104283,4442,شل آباد,128849,6
104284,4442,کلاته شیخ,128865,6
104285,4442,گرونگ,128886,6
104286,4442,گیوک,128903,6
104287,4442,نوغاب,128935,6
104288,4442,هامون,128938,6
104289,4442,چشمه خوری / چاه خوری,153106,6
104290,4442,چاه میخ خور,395557,6
104291,4442,حوض سلطان حسین,395558,6
104292,4442,چاه مرجانی / چاه مرجانه,395559,6
104293,4442,چشمه بیرک,395586,6
104294,4442,شورک,541726,6
104295,4443,اجک,128420,6
104296,4443,احمدبیک,128421,6
104297,4443,اسپیگی,128422,6
104298,4443,تنگ,128437,6
104299,4443,جعفر آباد,128439,6
104300,4443,چشمه زرد,128442,6
104301,4443,چهکندک,128445,6
104302,4443,چهکند گل,128446,6
104303,4443,حسین آباد,128448,6
104304,4443,حصار,128452,6
104305,4443,خلیلان,128453,6
104306,4443,خواجگی,128454,6
104307,4443,دوسکام,128456,6
104308,4443,دولت آباد,128457,6
104309,4443,روبیات,128460,6
104310,4443,رومنجان,128461,6
104311,4443,زادنبه بالا,128462,6
104312,4443,زادنبه پایین,128463,6
104313,4443,زرگر,128464,6
104314,4443,زنوک,128465,6
104315,4443,سلم آباد,128468,6
104316,4443,شوشک,128475,6
104317,4443,شهرستانک,128476,6
104318,4443,صافت سرخ,128477,6
104319,4443,علی آباد,128478,6
104320,4443,علی آباد,128479,6
104321,4443,علی حاجی بالا,128480,6
104322,4443,علی حاجی پایین,128481,6
104323,4443,عیلکی بالا,128482,6
104324,4443,عیلکی پایین,128483,6
104325,4443,فریز,128485,6
104326,4443,قصبه,128489,6
104327,4443,کاریزنو,128490,6
104328,4443,کلاته ملا خداداد,128513,6
104329,4443,گل,128518,6
104330,4443,گیوشاد,128523,6
104331,4443,محمد آباد,128525,6
104332,4443,مرغوک,128529,6
104333,4443,نودر,128533,6
104334,4443,هویگان,128534,6
104335,4443,الله یار,128662,6
104336,4443,تگ ماژانی,128688,6
104337,4443,حلوایی,128743,6
104338,4443,سنجدوک,128794,6
104339,4443,امروتوک,133268,6
104340,4443,باغ علی شاه,133278,6
104341,4443,سید علی,133426,6
104342,4443,کلاته حسن بیک,133470,6
104343,4443,گالنج,133513,6
104344,4443,گزه,133518,6
104345,4443,مچلگه سفلی,133528,6
104346,4443,مچلگه علیا,133529,6
104347,4443,هلودر بالا,133562,6
104348,4443,هلودر پایین,133563,6
104349,4443,هلودر میان,133564,6
104350,4443,پرمچ,133980,6
104351,4443,کلاته خدابخش / حسین آباد علی محمد,134285,6
104352,4443,میناخون,134411,6
104353,4443,نورشک,134416,6
104354,4443,نوکاج,134419,6
104355,4443,تگ چاه پایو,391200,6
104356,4443,حسین آباد (زین آباد),391217,6
104357,4443,تارتک / گالنج سفلی,391218,6
104358,4443,امروتوک بالا,391219,6
104359,4443,کلاته میرزا,391220,6
104360,4443,نودوک,391221,6
104361,4443,کلاته علی رضا,391223,6
104362,4443,چاه استقلال,542053,6
104363,4443,چاه طالقانی,542054,6
104364,4444,ده میر,128765,6
104365,4444,کلاته ابوطالب,128842,6
104366,4444,کارجگان,128884,6
104367,4444,محسن آباد آشوری,128910,6
104368,4444,اسفارات سفلی,129238,6
104369,4444,اسفارات علیا / کلاته آقا حسین,129239,6
104370,4444,اسفارات وسطی / اسفارات علیا,129240,6
104371,4444,اصغریه,129245,6
104372,4444,اکبر آباد,129247,6
104373,4444,اکبر آباد سفلی / اکبر آباد پایین,129248,6
104374,4444,اکبر آباد علیا / اکبر آباد بالا,129249,6
104375,4444,برزاج,129257,6
104376,4444,برزادران / برزدران,129258,6
104377,4444,بک,129263,6
104378,4444,بیدخت,129268,6
104379,4444,بیدستان,129269,6
104380,4444,پیرود,129279,6
104381,4444,تقی آباد,129281,6
104382,4444,توج,129283,6
104383,4444,جنگ آباد / شیخ آباد,129285,6
104384,4444,جویلان,129286,6
104385,4444,جیرگ,129287,6
104386,4444,چاه ابوذر غفاری,129300,6
104387,4444,پنج تن آل عبا,129302,6
104388,4444,طالب آباد / چاه عمیق شماره 2 طالب آباد,129303,6
104389,4444,چاه نعمتی,129306,6
104390,4444,حسن آباد سرکار,129315,6
104391,4444,چاه حسین آباد دوکوهه,129319,6
104392,4444,حسین آباد ذاکری / حسن آباد شیبانی,129320,6
104393,4444,حسین آباد شیبانی,129321,6
104394,4444,حسین آباد علم,129322,6
104395,4444,خونیک علیا,129329,6
104396,4444,خونیک سفلی,129330,6
104397,4444,درصالح,129332,6
104398,4444,دولت آباد,129336,6
104399,4444,رود کاج,129341,6
104400,4444,سورگ,129354,6
104401,4444,شند دوغ / شندوغ,129363,6
104402,4444,شیخ آباد,129366,6
104403,4444,طاهر آباد علیا,129369,6
104404,4444,طاهر آباد سفلی,129370,6
104405,4444,علی آباد,129377,6
104406,4444,علی کری / علی کوری,129379,6
104407,4444,کلاته قاسمی,129380,6
104408,4444,قوریان,129384,6
104409,4444,کاجو بالا,129386,6
104410,4444,کاجو پایین,129387,6
104411,4444,کاخک,129388,6
104412,4444,کاخکوک / کاخوک,129389,6
104413,4444,کاریجک,129390,6
104414,4444,کریم آباد,129392,6
104415,4444,کشوک سفلی / کشوک پایین,129394,6
104416,4444,کشوک علیا / کشوک بالا,129395,6
104417,4444,کلاته سرگدار,129410,6
104418,4444,کلاته عرب,129413,6
104419,4444,کلاته محمد غلام,129417,6
104420,4444,کلاته میرزا,129421,6
104421,4444,کوشه قیس آباد,129425,6
104422,4444,گرگی,129427,6
104423,4444,گل گز,129432,6
104424,4444,گلوند علیا,129440,6
104425,4444,گولگ,129442,6
104426,4444,گیمنج,129444,6
104427,4444,گیو,129445,6
104428,4444,مبادی,129448,6
104429,4444,محمد آباد,129449,6
104430,4444,محمد آباد سفلی / کلاته محمد حاجی,129451,6
104431,4444,رضویه / مرتضویه,129454,6
104432,4444,مزار شاه سلطان علی,129459,6
104433,4444,مهنج,129467,6
104434,4444,نازان,129468,6
104435,4444,چاه صادقی / چاه قنبری شکوه,129469,6
104436,4444,نصر آباد / نصر آباد هردنگ,129471,6
104437,4444,وحد آباد,129478,6
104438,4444,هردینگ / هردنگ,129479,6
104439,4444,یوش,129481,6
104440,4444,یوشو,129482,6
104441,4444,چاه سالار حسن / چاه دری,134049,6
104442,4444,چاه عمیق قدس شماره 1,391161,6
104443,4444,شرکت تعاونی ساربان (مزرعه فدک),391176,6
104444,4444,کلاته حاجی قربان,391178,6
104445,4444,رساب / چاه موتور شماره 4 ولی عصر,391183,6
104446,4444,خرم دشت / چاه موتور شماره 3 ولی عصر,391184,6
104447,4444,چاه موتور شماره 2 ولی عصر,391185,6
104448,4444,خرم ده / چاه موتور شماره 1 ولی عصر,391186,6
104449,4444,چاه عمیق قدس شماره 2,391190,6
104450,4444,محمد آباد,391198,6
104451,4444,شاه محمود,541648,6
104452,4444,چاه سلمان فارسی,542365,6
104453,4445,جمشید آباد,128697,6
104454,4445,حصاردار باغ,128741,6
104455,4445,خیر آباد,128758,6
104456,4445,دادشاه,128759,6
104457,4445,ریگ بالا,128776,6
104458,4445,ریگ پایین (امیرآباد نادی),128777,6
104459,4445,سرچاه شور,128786,6
104460,4445,سرچاه عماری,128787,6
104461,4445,سلمی / سلمه,128792,6
104462,4445,سیدان,128798,6
104463,4445,صمد آباد,128815,6
104464,4445,علی آباد / علی آباد سرچاه,128821,6
104465,4445,علی آباد زارعین,128822,6
104466,4445,عماری,128827,6
104467,4445,فسون,128832,6
104468,4445,فیض آباد,128834,6
104469,4445,قایم آباد,128835,6
104470,4445,قنات,128836,6
104471,4445,کریم آباد,128841,6
104472,4445,گود محمد خان,128898,6
104473,4445,محمد آباد,128911,6
104474,4445,اناران,129253,6
104475,4445,برمزید سفلی / برمزید پایین,129260,6
104476,4445,برمزید علیا / برمزید بالا,129261,6
104477,4445,بندشک,129264,6
104478,4445,بید,129267,6
104479,4445,پسته,129275,6
104480,4445,تقی آباد,129282,6
104481,4445,حسین آباد میران,129323,6
104482,4445,خوانند,129327,6
104483,4445,رگ,129340,6
104484,4445,روشناوند,129342,6
104485,4445,زید,129347,6
104486,4445,سیب چاه,129355,6
104487,4445,شادان,129357,6
104488,4445,شمس آباد,129362,6
104489,4445,علم آباد / عالم آباد,129375,6
104490,4445,قلاع,129382,6
104491,4445,کفتر میلان,129396,6
104492,4445,مزار زربان (شاه سلیمان علی) / مزار زربو,129458,6
104493,4445,هنگران,135009,6
104494,4445,دم روباه,135061,6
104495,4445,اکبریه,135062,6
104496,4445,بصیران,135064,6
104497,4445,بیشه,135065,6
104498,4445,خلق آباد,135071,6
104499,4445,شرفه ای,135076,6
104500,4445,فخر آباد,135078,6
104501,4445,قلعه زری,135079,6
104502,4445,کمر سبز,135081,6
104503,4445,کودکان,135082,6
104504,4445,معدن قلعه زری,135084,6
104505,4445,همت آباد,135085,6
104506,4445,گاوه,391070,6
104507,4445,چاه کوران وکیل آباد,391091,6
104508,4445,گل نی,541502,6
104509,4445,چاه موتور کمیته امداد,829045,6
104510,4445,شرکت سهامی زراعی ایثارگران,829046,6
104511,4445,هادی آباد / شهرک امام هادی,829059,6
104512,4445,چاه علی دادی,829078,6
104513,4446,تلخ آب,150762,6
104514,4446,گو مرغ,150840,6
104515,4446,چاه ریگو,151336,6
104516,4446,اسلام آباد,151430,6
104517,4446,الله آباد,151432,6
104518,4446,پیرحاجات,151433,6
104519,4446,پی استان,151434,6
104520,4446,چاه غیاث,151437,6
104521,4446,چاه خوجه,151438,6
104522,4446,چاه شرکت صحرانورد,151439,6
104523,4446,چاه قربان,151440,6
104524,4446,چاه ملا,151441,6
104525,4446,چاه هوک,151442,6
104526,4446,حجت آباد,151444,6
104527,4446,حلوان,151446,6
104528,4446,حوض میان راه,151447,6
104529,4446,خیر آباد,151449,6
104530,4446,سرزیر,151452,6
104531,4446,سیه چیل,151454,6
104532,4446,سلو,151456,6
104533,4446,صمدیه,151457,6
104534,4446,عبدل آباد,151458,6
104535,4446,گلستان,151460,6
104536,4446,گوشه کوه,151461,6
104537,4446,محمدی,151464,6
104538,4446,مله گاباد,151465,6
104539,4446,کلاته صمدیه,151466,6
104540,4446,چشمه بگولا,821105,6
104541,4446,معدن علوی,821968,6
104542,4447,ابرو,151504,6
104543,4447,اله آباد,151506,6
104544,4447,براف,151507,6
104545,4447,بیوک,151509,6
104546,4447,جوریز,151513,6
104547,4447,چاه سرگدار,151514,6
104548,4447,حاجی آباد,151517,6
104549,4447,خروان سفلی,151522,6
104550,4447,خروان علیا,151523,6
104551,4447,خرو سفلی,151524,6
104552,4447,خرو علیا,151525,6
104553,4447,دشتغران,151527,6
104554,4447,دولت آباد,151528,6
104555,4447,دهنو فاطمه برات,151529,6
104556,4447,رحمت آباد,151531,6
104557,4447,رکن آباد,151532,6
104558,4447,زهروج,151533,6
104559,4447,سعادت آباد,151534,6
104560,4447,سنج,151535,6
104561,4447,عباس آباد / شاه چراغ,151536,6
104562,4447,شیخ آباد,151537,6
104563,4447,شیر آباد,151538,6
104564,4447,فیروز آباد طلوع,151541,6
104565,4447,عنایتیه,151544,6
104566,4447,گلستان,151551,6
104567,4447,مهربانی,151553,6
104568,4447,نور آباد,151555,6
104569,4447,نیاز,151556,6
104570,4447,هادی آباد,151557,6
104571,4447,هاشمیه,151558,6
104572,4447,همت آباد,151560,6
104573,4447,خسرو آباد,151863,6
104574,4447,پادگان قدس,395537,6
104575,4447,کارگاه شن شویی امید طبس,511776,6
104576,4447,پروژه ساخت سد مخزنی نهرین طبس,511777,6
104577,4447,شهرک صنعتی طبس,511778,6
104578,4447,مزرعه کوهدشت,541966,6
104579,4447,واحد مشاع شهید زمانی,542172,6
104580,4447,چاه ته,821101,6
104581,4447,مرغداری ثامن الحجج / مرغداری بهادر,821102,6
104582,4448,ازمیغان,150983,6
104583,4448,دره بید,150991,6
104584,4448,گشن,151000,6
104585,4448,احمدیه,151322,6
104586,4448,اکبر آباد,151324,6
104587,4448,بهارستان,151325,6
104588,4448,بیشه علیا,151327,6
104589,4448,تاج آباد,151328,6
104590,4448,بهشت آباد,151329,6
104591,4448,تش کانان,151330,6
104592,4448,جعفری,151331,6
104593,4448,جوادیه,151332,6
104594,4448,جوخواه,151333,6
104595,4448,چاه اسماعیل,151334,6
104596,4448,چاه بر,151335,6
104597,4448,چاه علی نج,151337,6
104598,4448,چاه لشگر,151338,6
104599,4448,چاه معدن پرواره,151339,6
104600,4448,چشمه خواجه حسن,151340,6
104601,4448,چشمه شاه,151341,6
104602,4448,حاجی آباد,151343,6
104603,4448,حسام,151345,6
104604,4448,خیر آباد,151347,6
104605,4448,دارین,151348,6
104606,4448,دریا,151349,6
104607,4448,دکل تلویزیونی نخلک,151350,6
104608,4448,دهشور,151351,6
104609,4448,رباط خان,151353,6
104610,4448,رباط کلمرد,151354,6
104611,4448,رباط گور,151355,6
104612,4448,رودنی,151357,6
104613,4448,سر استخر کرد آباد,151359,6
104614,4448,شوراب,151363,6
104615,4448,کرد آباد,151365,6
104616,4448,محمدیه,151366,6
104617,4448,معدن خاک نسوز,151370,6
104618,4448,معدن سنگ نسوز چاه کولار,151371,6
104619,4448,مهدی آباد,151373,6
104620,4448,مهر آباد,151374,6
104621,4448,نستنج,151375,6
104622,4448,کاروانسرای اشتران,151376,6
104623,4448,جمز,151511,6
104624,4448,علی آباد,151543,6
104625,4448,فشاه سفلی,151546,6
104626,4448,فشاه علیا,151547,6
104627,4448,محمد آباد,151552,6
104628,4448,هرموک,151559,6
104629,4448,قهوه خانه شاعر (کشتارگاه صنعتی طیور طبس),395516,6
104630,4448,فرودگاه طبس,395520,6
104631,4448,معدن خاک نسوز کوه قرنی رباط خان,511764,6
104632,4448,تنگل پهن,511765,6
104633,4448,چشمه بنورگ,511766,6
104634,4448,نمازخانه سه راهی جعفری (موسی ابن جعفر),511767,6
104635,4448,غرجنگا,511768,6
104636,4448,آب انبار رودخانه دارین,511769,6
104637,4448,معدن خاک نسوز گدار دشتوک,511770,6
104638,4448,تاسیسات سیلندر پرکنی ماهان گاز,511773,6
104639,4448,معدن خاک نسوز چاه بید,542175,6
104640,4448,معدن زغال سنگ مزینو,542176,6
104641,4448,کارگاه مرکزی شرکت سیمین سپاهان,542178,6
104642,4448,موگو,542179,6
104643,4448,سر آسیاب بهارستان,542485,6
104644,4448,حوض سه فرسنگ,542486,6
104645,4448,ک هش,542488,6
104646,4448,نهالستان منابع طبیعی,542490,6
104647,4448,چاه کولار,821106,6
104648,4448,چاه شند علی خان,821107,6
104649,4448,معدن قرنی (خاک روباز نسوز ),821108,6
104650,4448,مسجد شکر,821109,6
104651,4448,معدن سنگ گرانیت دارین,821110,6
104652,4448,معدن خاک نسوز دارین,821111,6
104653,4448,چاه ولی,821112,6
104654,4448,شرکت سیاه زر طبس,821113,6
104655,4448,چاه میان گدار,821114,6
104656,4448,حوض پایین,821115,6
104657,4448,حوض رهدار,821116,6
104658,4448,کارخانه پودر سنگ صدف,821117,6
104659,4448,مرغداری هاشم شکوهی,821118,6
104660,4448,کارخانه سیمان طبس گلشن,821119,6
104661,4448,پایگاه اکتشافی مزینو,821120,6
104662,4448,حوض سلطان سار,821726,6
104663,4448,چاه شوروار,821727,6
104664,4449,ابراهیم آباد پایین,151856,6
104665,4449,تقی آباد,151861,6
104666,4449,ده سلامی,151864,6
104667,4449,ذوق آباد,151865,6
104668,4449,رودبار,151866,6
104669,4449,علی آباد,151869,6
104670,4449,علی آباد کور,151870,6
104671,4449,فهالنج,151871,6
104672,4449,کریت,151873,6
104673,4449,کریم آباد,151874,6
104674,4449,محمد آباد,151875,6
104675,4449,محمد آباد ده میرزا,151876,6
104676,4449,معظم آباد,151877,6
104677,4449,همت آباد,151880,6
104678,4449,گروه مشاع شهید باهنر,395531,6
104679,4449,گروه مشاع شهید هاشمی نژاد,395532,6
104680,4449,گروه مشاع شهید رجایی,395533,6
104681,4449,معدن فلورین (معدن فلورین کمر مهدی),395534,6
104682,4449,معدن فلورین شماره 2,542184,6
104683,4449,چاه آب مگو,821104,6
104684,4449,حوض لب کویر,821969,6
104685,4450,اصفهک,151280,6
104686,4450,بیشه گو,151281,6
104687,4450,چاه تیمور,151283,6
104688,4450,چیروک,151285,6
104689,4450,حاجی آباد,151286,6
104690,4450,درزهی,151287,6
104691,4450,دشتوک,151288,6
104692,4450,ده شیب,151289,6
104693,4450,کلاته سر پشتو /یکلاته سر شتو,151291,6
104694,4450,سرند,151292,6
104695,4450,شهولک / شارلک,151293,6
104696,4450,کال برنگ,151295,6
104697,4450,ماودر,151297,6
104698,4450,کلاته تیوج,151300,6
104699,4450,امامزاده علی,151634,6
104700,4450,امیر آباد,151635,6
104701,4450,بیدکوه,151642,6
104702,4450,پرواده,151646,6
104703,4450,پیربنه,151647,6
104704,4450,پیکوه,151648,6
104705,4450,چکاب,151655,6
104706,4450,حاجی آباد,151656,6
104707,4450,داع,151663,6
104708,4450,رباط چاه گنبد,151672,6
104709,4450,رضویه,151673,6
104710,4450,سنوا,151684,6
104711,4450,قنبر آباد,151703,6
104712,4450,قوامیه,151704,6
104713,4450,کلاته بغمزا,151711,6
104714,4450,گزو,151725,6
104715,4450,معدن ذغال سنگ پرواده,151732,6
104716,4450,نیستان,151737,6
104717,4450,چاه تیگدر,395506,6
104718,4450,سد کریت,395509,6
104719,4450,معدن ماسه ریخته گری,395511,6
104720,4450,چاه زرگ,395512,6
104721,4450,امامزاده سید حسین,395513,6
104722,4450,مجتمع آبرسانی 39 روستایی کوثر,511775,6
104723,4450,دشت محمد آباد / چاه آب جواد الایمه,511780,6
104724,4450,مرغداری سپید طیور,511781,6
104725,4450,چاه آب شرب حوض کلوفی,511782,6
104726,4450,اسلامیه,511836,6
104727,4450,عباس آباد / چک آباد,542680,6
104728,4450,چاه نمرود,821150,6
104729,4450,لونی,821151,6
104730,4450,معدن شماره 2 زغال سنگ پرورده,821152,6
104731,4450,چاه شندای خجنه,821153,6
104732,4450,چاه کج,821154,6
104733,4450,چاه پوزه,821155,6
104734,4450,چاهوک,821156,6
104735,4450,چاه سرخ,821157,6
104736,4450,چاه زدک,821158,6
104737,4450,مرغداری کوهستان,821159,6
104738,4450,چشمه محمودیا,821160,6
104739,4450,پروده 3,821723,6
104740,4450,پروده 5,821724,6
104741,4451,کلاته آب انار,151620,6
104742,4451,آب انبار شماره 7,151621,6
104743,4451,آب انبار شماره 8,151622,6
104744,4451,آب انبار شماره 9,151623,6
104745,4451,آب بنه,151624,6
104746,4451,آب رضا,151625,6
104747,4451,احمد آباد,151628,6
104748,4451,اسبی,151629,6
104749,4451,اسفندیار,151631,6
104750,4451,اسماعیل آباد,151632,6
104751,4451,بزگی,151638,6
104752,4451,بی بازگ,151644,6
104753,4451,پدستان,151645,6
104754,4451,چشمه عراقی,151652,6
104755,4451,چشمه گزو,151653,6
104756,4451,چکاب,151654,6
104757,4451,حسن آباد,151658,6
104758,4451,حسن آباد,151659,6
104759,4451,حسین آباد,151660,6
104760,4451,خانیک,151661,6
104761,4451,دولت آباد,151664,6
104762,4451,ده ته,151665,6
104763,4451,ده شادی,151666,6
104764,4451,دهنو,151669,6
104765,4451,دیگ رستم,151670,6
104766,4451,زردگاه,151674,6
104767,4451,زنوغان,151675,6
104768,4451,زین آباد,151676,6
104769,4451,آب گرم و سرد,151678,6
104770,4451,سرشله,151679,6
104771,4451,سعید آباد,151681,6
104772,4451,سنگاب,151683,6
104773,4451,سی تشک,151685,6
104774,4451,شالگاه,151688,6
104775,4451,عباس آباد,151693,6
104776,4451,عرب آباد,151694,6
104777,4451,علی آباد,151697,6
104778,4451,فخر آباد,151700,6
104779,4451,کارگاه اکتشافی ذوب آهن,151706,6
104780,4451,کرکنج,151709,6
104781,4451,کلاته رمضان,151715,6
104782,4451,کلاته زنبوری,151718,6
104783,4451,کلاته میرزا,151723,6
104784,4451,گل کن,151726,6
104785,4451,مرغوب,151727,6
104786,4451,معدن ذغال نایبند,151734,6
104787,4451,معدن سه چنگی,151735,6
104788,4451,نایبند,151736,6
104789,4451,کلات رضا قلی,395471,6
104790,4451,آب انبار شماره 5,395472,6
104791,4451,حوض قربان,395474,6
104792,4451,مشاع جابر,511786,6
104793,4451,معدن زغال سنگ تخت زیتون,511787,6
104794,4451,پاسگاه انتظامی خطر هواره,542681,6
104795,4451,چاه علی زنگی,821161,6
104796,4451,میان رود,821162,6
104797,4451,چاه کشاورزی شرکت تعاونی تولید نای بند,821163,6
104798,4452,رضویه آبخورک,150749,6
104799,4452,ابراهیم آباد,150750,6
104800,4452,احمد آباد,150751,6
104801,4452,احمد آباد کلاته,150752,6
104802,4452,بژوغر / بژداغر,150755,6
104803,4452,یوسف آباد بم,150757,6
104804,4452,تقی آباد,150761,6
104805,4452,غنی آباد,150764,6
104806,4452,چاه ترخ سفلی,150768,6
104807,4452,چاه ترخ علیا,150769,6
104808,4452,چاه فیض محمد,150772,6
104809,4452,چاه قشور,150773,6
104810,4452,چاه کم,150774,6
104811,4452,چاه محمودی,150775,6
104812,4452,چاه مشاع شهید چمران,150777,6
104813,4452,چاه مشاع شهید محمد منتظری,150778,6
104814,4452,چاه مشاع شهید مفتح,150779,6
104815,4452,چشمه چکاب,150783,6
104816,4452,چشمه حیدر,150784,6
104817,4452,چشمه خرمایو,150785,6
104818,4452,چشمه سفید,150786,6
104819,4452,حسن آباد / حسن آباد شجاع,150794,6
104820,4452,خدا آفرید,150801,6
104821,4452,خدری,150802,6
104822,4452,دستگردان,150804,6
104823,4452,حیدریه,150806,6
104824,4452,ده آقا مهدی,150807,6
104825,4452,جعفر آباد / ده ایلخانی,150808,6
104826,4452,ده سینه,150810,6
104827,4452,دهانه منبر,150811,6
104828,4452,دهنو,150812,6
104829,4452,دهنو / دهنو توکلی,150814,6
104830,4452,رحیم آباد,150815,6
104831,4452,سریک,150817,6
104832,4452,عزیز آباد,150818,6
104833,4452,چاه سلطانیه,150819,6
104834,4452,شجاعیه,150823,6
104835,4452,شمس آباد,150824,6
104836,4452,صولت آباد,150825,6
104837,4452,عباس آباد شجاع / عباس آباد,150827,6
104838,4452,عبید,150829,6
104839,4452,علی آباد چاه کویر,150832,6
104840,4452,فتح آباد,150834,6
104841,4452,قایمیه / شاه آباد,150835,6
104842,4452,کاظم آباد,150837,6
104843,4452,کامرانیه,150838,6
104844,4452,کریم آباد,150839,6
104845,4452,محمد آباد,150842,6
104846,4452,محمد آباد چاه کویر,150843,6
104847,4452,معدن باریت آبخورک,150847,6
104848,4452,مهدی آباد,150852,6
104849,4452,مهلوجو,150853,6
104850,4452,میان رود,150855,6
104851,4452,نجات آباد,150856,6
104852,4452,نصر آباد,150857,6
104853,4452,نودرختی,150859,6
104854,4452,نوک,150860,6
104855,4452,نیزار,150861,6
104856,4452,وکیل آباد,150863,6
104857,4452,هودر,150864,6
104858,4452,یعقوبیه,150865,6
104859,4452,ساغند,151099,6
104860,4452,چاه مشاع هجرت,395494,6
104861,4452,شهر آباد,395496,6
104862,4452,چاه مشاع شهید عباسیان,395498,6
104863,4452,چاه های کشاورزی وحدت,511759,6
104864,4452,چاه های کشاورزی حوض سرپوش,511760,6
104865,4452,معدن باریت,511761,6
104866,4452,مشاع امید وحدت,511762,6
104867,4452,مشاع جید,541967,6
104868,4452,مزرعه ناز گوشت,541969,6
104869,4452,چاه جهاد,821124,6
104870,4452,شرکت تعاونی پرورش دام و طیور حبیب,821125,6
104871,4452,فتح آباد,821126,6
104872,4452,چاه آب شرکت کویر باریت,821128,6
104873,4452,کارخانه دانه بندی شرکت کویر باری,821129,6
104874,4452,چاه آب / تلمبه بادی,821130,6
104875,4453,ازبکوی قدیم,150753,6
104876,4453,پاشنه دران / پاشنه در,150758,6
104877,4453,چاه کاظم آبادی ها,150780,6
104878,4453,حسن آباد اعتماد / حسن آباد,150795,6
104879,4453,درنجان,150803,6
104880,4453,دلاکوک,150805,6
104881,4453,فتح آباد,150833,6
104882,4453,محمد آباد,150841,6
104883,4453,منصوریه,150851,6
104884,4453,نصرت آباد,150858,6
104885,4453,امیر آباد,150984,6
104886,4453,تلخوری,150985,6
104887,4453,ده محمد,150993,6
104888,4453,رباط دهنه,150994,6
104889,4453,رحیم آباد,150995,6
104890,4453,شیرگشت,150997,6
104891,4453,مبشرآباد,151002,6
104892,4453,ملوند,151004,6
104893,4453,همت آباد,151005,6
104894,4453,گل شانه,151459,6
104895,4453,چاه دامداری حاج عباس نادری,395492,6
104896,4453,فغانی / چاه مشاع شهید فغانی,395493,6
104897,4453,ملک آباد,541972,6
104898,4453,معدن سنگ باریت,542183,6
104899,4453,واحد مشاع والفجر,542677,6
104900,4453,گوش نو,821121,6
104901,4453,چاه شور,821122,6
104902,4453,حوض حاج علی شاه,821123,6
104903,4453,چاه گز,821127,6
104904,4453,چاه غلام رضا کرمانی,821133,6
104905,4453,ایستگاه راه آهن شیرگشت,821134,6
104906,4453,ایستگاه راه آهن عشق آباد,821135,6
104907,4454,برکال,151033,6
104908,4454,پده بید,151035,6
104909,4454,تپه طاق,151038,6
104910,4454,چاه بلو,151042,6
104911,4454,چاه پالیز,151045,6
104912,4454,چاه پوزه,151046,6
104913,4454,چاه تم,151048,6
104914,4454,چاه جملی سفید,151050,6
104915,4454,چاه علی اکبر,151058,6
104916,4454,چاه قبر سفید,151060,6
104917,4454,چاه کوگی,151062,6
104918,4454,چاه میاندر,151072,6
104919,4454,چشمه بیدو,151074,6
104920,4454,حسن کردی,151082,6
104921,4454,زبرکوه,151097,6
104922,4454,سربالا,151100,6
104923,4454,سرهنگی,151103,6
104924,4454,سمبا,151104,6
104925,4454,سنجدو,151105,6
104926,4454,شیر آباد,151110,6
104927,4454,عباس آباد,151111,6
104928,4454,قاسم آباد,151112,6
104929,4454,قرچه,151113,6
104930,4454,کرغی سفلی,151118,6
104931,4454,کرغی محمد جان,151119,6
104932,4454,کریم آباد,151121,6
104933,4454,کلاته رضا قلی,151125,6
104934,4454,کلاته سیف الله,151126,6
104935,4454,کویر کاج,151128,6
104936,4454,لوشاب,151131,6
104937,4454,نرم,151137,6
104938,4454,یخاب,151140,6
104939,4454,ییلاق,151141,6
104940,4454,قلم سر,395478,6
104941,4454,چاه کال شور,395479,6
104942,4454,چاه قربان علی,395481,6
104943,4454,چاه سید قلی,395482,6
104944,4454,چشمه قوچی,395490,6
104945,4454,چاه سیر دختر,821136,6
104946,4454,محله احمدی,821141,6
104947,4454,معدن روباز منگنز تپه طاق,821149,6
104948,4455,ازبکوی جدید,151029,6
104949,4455,انجیره پایین,151031,6
104950,4455,بغورو,151032,6
104951,4455,پده ها,151036,6
104952,4455,پدهو,151037,6
104953,4455,تگ شیران,151039,6
104954,4455,چاه برغشی,151040,6
104955,4455,چاه بزو,151041,6
104956,4455,چاه بوتو,151044,6
104957,4455,چاه پوزه,151047,6
104958,4455,چاه خرس مو,151052,6
104959,4455,چاه شور,151056,6
104960,4455,چاه کلیدنک,151061,6
104961,4455,چاه گلی,151064,6
104962,4455,چاه گود,151065,6
104963,4455,چاه گودال,151066,6
104964,4455,چاه محمد حسن,151067,6
104965,4455,چاه مدد,151069,6
104966,4455,چاه مرشد,151070,6
104967,4455,چاه مسافر,151071,6
104968,4455,چشمه شیر,151077,6
104969,4455,چشمه قوچی,151079,6
104970,4455,حوض چاه بلوچ,151084,6
104971,4455,حوض چاه پی آب,151085,6
104972,4455,حوض سرپوش,151087,6
104973,4455,دو چاهی,151091,6
104974,4455,رباط زنگیجه,151093,6
104975,4455,روداب,151094,6
104976,4455,ریزو,151095,6
104977,4455,زالودان,151096,6
104978,4455,سنجدو,151106,6
104979,4455,سه چاهی,151107,6
104980,4455,شش دنگ,151109,6
104981,4455,کال عبدالغنی,151114,6
104982,4455,کال گز,151115,6
104983,4455,کم قربان,151116,6
104984,4455,کرکس آب,151120,6
104985,4455,کلاته ذوالفقاری,151124,6
104986,4455,کلاته ملا,151127,6
104987,4455,گزو,151129,6
104988,4455,گوشه کمر,151130,6
104989,4455,معدن ازبکوه,151132,6
104990,4455,معدن علیا,151133,6
104991,4455,معدن علی مراد,151134,6
104992,4455,معدن قلعه,151136,6
104993,4455,نیور,151138,6
104994,4455,هوک,151139,6
104995,4455,حوض زیره,395484,6
104996,4455,چاه حوض کربلایی اسدالله,395485,6
104997,4455,مجتمع چاه های کشاورزی میان تکاب,511757,6
104998,4455,کله حوض ها,511758,6
104999,4455,زاهدی,821140,6
105000,4455,چاه عباس صفر,821142,6
105001,4455,معدن باریت ناب دشت,821143,6
105002,4455,مقبره چاهوک,821144,6
105003,4455,چشمه زنگیچه,821145,6
105004,4455,چشمه لاهور,821146,6
105005,4455,ده عظیم,821148,6
105006,4455,معدن سنگ آهن زبرکوه,821725,6
105007,4456,فرماندهی مرکز آموزش محمد رسول الله,261652,6
105008,4456,باغ پیر,261656,6
105009,4456,قلعه عبدالله خان,261698,6
105010,4456,شهرک طالقانی,261737,6
105011,4456,انستیتوپاستور,533588,6
105012,4456,پادگان شهیدمیثمی,533589,6
105013,4456,پادگان قدیروفجرسپاه,533590,6
105014,4456,پادگان امام سجاد,533591,6
105015,4456,سایت رادارنهاجا,533593,6
105016,4456,اسفالت ران,533594,6
105017,4456,کارخانه اسفالت پارادیس,533598,6
105018,4456,مرکز آموزش نظامی مدرس,533599,6
105019,4456,مزرعه کاظم اباد,533600,6
105020,4457,شهرک اصلاح وتهیه نهال وبذر,261689,6
105021,4457,علی ابادگونه,261692,6
105022,4457,قلعه روستایی,261696,6
105023,4457,گلستانک,261706,6
105024,4457,فرودگاه پیام /مجتمع مخابراتی 13ابان /,261707,6
105025,4457,مرکزسنجش ازدورایران,261720,6
105026,4457,پلی کلینیک دامپزشکی,533579,6
105027,4457,دامداری برادران جمالی,533580,6
105028,4457,مرغداری دکترسلیمانی /مرغداری مرغبان,533585,6
105029,4457,نهالستان کرج,533587,6
105030,4457,قزل حصار,535107,6
105031,4457,خدایارخان,830004,6
105032,4458,خوارس,260974,6
105033,4458,دروان,260975,6
105034,4458,هلجرد,261012,6
105035,4458,اتشگاه,261649,6
105036,4458,سیاه کلان,261681,6
105037,4459,ابهرک,261571,6
105038,4459,ادران,261573,6
105039,4459,ارنگه,261574,6
105040,4459,پورکان,261582,6
105041,4459,تاسیسات سدامیرکبیر,261583,6
105042,4459,جی,261584,6
105043,4459,چاران,261585,6
105044,4459,خور,261586,6
105045,4459,خوزنکلا,261587,6
105046,4459,دره سر,261588,6
105047,4459,سرزیارت,261593,6
105048,4459,سیجان,261594,6
105049,4459,گوراب,261597,6
105050,4459,کوشک بالا,261598,6
105051,4459,ملک اباد,261603,6
105052,4459,نوجان,261605,6
105053,4459,واریان,261606,6
105054,4459,وینه,261608,6
105055,4459,سرودار,261676,6
105056,4459,کندر,261702,6
105057,4459,اویزر,261821,6
105058,4459,ایگان,261822,6
105059,4459,کلوان,261842,6
105060,4459,کلها,261852,6
105061,4459,لیلستان,261855,6
105062,4459,معدن پازر,261861,6
105063,4459,نشترود,261867,6
105064,4459,ورزن,261869,6
105065,4459,ونش,261872,6
105066,4459,هرین,261876,6
105067,4459,نصرت ابادخدایار,533475,6
105068,4460,تکیه سپهسالار,261824,6
105069,4460,درده,261829,6
105070,4460,دوخانواری,261830,6
105071,4460,سرک,261833,6
105072,4460,شلنک,261837,6
105073,4460,شهرستانک,261838,6
105074,4460,کیاسر,261846,6
105075,4460,کیاسرلات,261847,6
105076,4460,لانیز,261856,6
105077,4460,مورود,261864,6
105078,4460,همه جا,261877,6
105079,4461,ازادبر,261817,6
105080,4461,اسیابدرگاه,261819,6
105081,4461,حسن کدر,261827,6
105082,4461,سرخه دره,261832,6
105083,4461,گسیل,261840,6
105084,4461,کوشکک,261844,6
105085,4461,کهنه ده,261845,6
105086,4461,گچسر,261849,6
105087,4461,گرماب,261850,6
105088,4461,گشنادر,261851,6
105089,4461,بالاسرنسا,261858,6
105090,4461,ملک فالیز,261863,6
105091,4461,میدانک,261865,6
105092,4461,نساء,261866,6
105093,4461,وارنگه رود,261868,6
105094,4461,وله,261870,6
105095,4461,ولایترود,261871,6
105096,4461,امام چشمه,535381,6
105097,4462,احمداباد اعتمادالدوله,260624,6
105098,4462,اران,260625,6
105099,4462,حاجی اباد,260636,6
105100,4462,حسین اباد,260637,6
105101,4462,رضااباد صوفیان,260640,6
105102,4462,سرخاب,260644,6
105103,4462,سلطان اباداران,260645,6
105104,4462,عباس ابادبزرگ,260647,6
105105,4462,عباس ابادکوچک,260648,6
105106,4462,قاسم اباداقا,260650,6
105107,4462,کرگلین,260653,6
105108,4462,دامداری وحدت,260706,6
105109,4462,اسماعیل اباد,260709,6
105110,4462,درخشانیه,260711,6
105111,4462,ایقربلاغ,260713,6
105112,4462,حسین ابادکوشکذر,260731,6
105113,4462,شهرک حمیدیه,260733,6
105114,4462,سعیداباد,260745,6
105115,4462,مزرعه سهیلیه,260748,6
105116,4462,کوی مروارید اندیشمندان,260767,6
105117,4462,قاسم ابادبزرگ,260772,6
105118,4462,قره قباد,260775,6
105119,4462,قنبراباد,260781,6
105120,4462,کارخانه اشتادایران,260783,6
105121,4462,نمکلان,260820,6
105122,4462,ینگی امام,260830,6
105123,4462,شهرک افشاریه,260986,6
105124,4462,باغ چاوشی,534957,6
105125,4462,کشت و صنعت دامداری بنیاد,535177,6
105126,4462,شرکت چنیه,535181,6
105127,4462,کوی راز,535497,6
105128,4462,باسکول طلای سبز,535499,6
105129,4462,باغ ناصری,535500,6
105130,4462,کوی بهروز,535501,6
105131,4462,حکیمیه,535502,6
105132,4462,شرکت ماه مرغ,535503,6
105133,4462,باغ رستوران گوشه,535516,6
105134,4462,جهان ویلا,535691,6
105135,4462,فولاد مبارکه,830003,6
105136,4463,اردهه,260705,6
105137,4463,چمبورک,260721,6
105138,4463,خور,260737,6
105139,4463,سفیدارک,260747,6
105140,4463,شلمزار,260758,6
105141,4463,عرب اباد,260764,6
105142,4463,فشند,260769,6
105143,4463,کارخانه سیپورکس,260784,6
105144,4463,کوشک زر,260793,6
105145,4463,مسکول اباد,260810,6
105146,4463,هیو,260828,6
105147,4464,اغشت,260961,6
105148,4464,امین اباد,260963,6
105149,4464,باغبان کلاچی,260964,6
105150,4464,برغان,260967,6
105151,4464,بریان چال,260968,6
105152,4464,تکیه اغشت,260971,6
105153,4464,چلنگدار,260972,6
105154,4464,حسن اباد,260973,6
105155,4464,سنج,260979,6
105156,4464,سرحه,260980,6
105157,4464,سیاه کران,260981,6
105158,4464,سیبان دره,260982,6
105159,4464,طالیان,260988,6
105160,4464,علاقه بند,260990,6
105161,4464,وامکوه,261009,6
105162,4464,ورده,261010,6
105163,4465,اجین دوجین,260703,6
105164,4465,اسکول دره,260708,6
105165,4465,بانوصحرا,260716,6
105166,4465,خوروین,260738,6
105167,4465,دوزعنبر,260741,6
105168,4465,سفیداران,260746,6
105169,4465,سیبستان,260749,6
105170,4465,شنده,260759,6
105171,4465,کلین رود,260791,6
105172,4465,کلاله چین,260792,6
105173,4465,مزرعه حسن اباد,260803,6
105174,4465,وشکین,260824,6
105175,4465,ولیان,260825,6
105176,4465,هرجاب,260826,6
105177,4465,ازنق,260962,6
105178,4465,سیرود,260983,6
105179,4465,عالم زمین,260989,6
105180,4465,کردان,260992,6
105181,4465,شهرک آرین,535074,6
105182,4466,احمدابادمصدق,260704,6
105183,4466,ازبکی,260707,6
105184,4466,باقرابادفاضل,260715,6
105185,4466,چگینی,260720,6
105186,4466,مزرعه حسن اباد,260724,6
105187,4466,حسن ابادمجدالدوله,260726,6
105188,4466,حسن بکول,260727,6
105189,4466,حسین ابادخره سر,260730,6
105190,4466,خانی بیک,260734,6
105191,4466,رضااباد,260742,6
105192,4466,شرکت درافشان,260756,6
105193,4466,صفرخواجه,260762,6
105194,4466,قارپوزاباد,260771,6
105195,4466,قلعه شیخ,260780,6
105196,4466,کاظم اباد,260787,6
105197,4466,کله بهرام,260790,6
105198,4466,گازرسنگ,260795,6
105199,4466,مغرور اباد _ میمون آباد,260796,6
105200,4466,مسکین اباد,260811,6
105201,4466,نظرابادکوچک,260819,6
105202,4466,همت اباد,260827,6
105203,4466,مهدی آباد,823012,6
105204,4467,کارخانه فخرایران,260786,6
105205,4467,ابراهیم جیل,823015,6
105206,4467,حسین آباد,823016,6
105207,4468,مزرعه اژدری,260710,6
105208,4468,خرم اباد,260735,6
105209,4468,خسرواباد,260736,6
105210,4468,زمان اباد,260743,6
105211,4468,شاه بداغ,260753,6
105212,4468,شرکت بستان ایران,260754,6
105213,4468,شیخ حسن,260760,6
105214,4468,مزرعه عزیزاباد,260765,6
105215,4468,فتح اباد,260768,6
105216,4468,قبچاق,260774,6
105217,4468,قزل حصار,260776,6
105218,4468,قشلاق محمدلو,260777,6
105219,4468,محمدابادافخم الدوله,260798,6
105220,4468,میلک سرکار,260817,6
105221,4468,نجم اباد,260818,6
105222,4468,وایه بک,260823,6
105223,4468,گل دره,535596,6
105224,4468,قوچ حصار,823013,6
105225,4469,اقبالیه,260363,6
105226,4469,دولت اباد,260371,6
105227,4469,علی سید,260375,6
105228,4469,کریم اباد,260386,6
105229,4469,کمال,260387,6
105230,4469,محمداباد,260389,6
105231,4469,عبدل اباد,260763,6
105232,4469,شرکت کشت وصنعت فرامرزی ساوجبلاغ,260788,6
105233,4469,نصرت اباد,260808,6
105234,4469,مزرعه تکیه,534905,6
105235,4469,مزرعه جارچی,534906,6
105236,4469,مزرعه دایی میرزا,534907,6
105237,4469,مزرعه دوجین,534908,6
105238,4469,مزرعه شاه ولی ترک,534909,6
105239,4469,مزرعه شرف الدین,534910,6
105240,4469,مزرعه شفیع اباد,534911,6
105241,4469,مزرعه طاهرآباد,534912,6
105242,4469,مزرعه علی‌آباد,534913,6
105243,4469,مزرعه میلک,534914,6
105244,4469,مزرعه نظام اباد,534915,6
105245,4469,مزرعه نظراباد,534916,6
105246,4469,مزرعه الوند,534919,6
105247,4470,ابراهیم بیگی,260701,6
105248,4470,انبارتپه,260712,6
105249,4470,بختیار,260717,6
105250,4470,حاجی بیک,260723,6
105251,4470,دنگیزک,260740,6
105252,4470,شرکت یوش,260757,6
105253,4470,فیروزاباد,260770,6
105254,4470,قاسم ابادکوچک,260773,6
105255,4470,قلعه اذری,260778,6
105256,4470,مزرعه اسکندری,260800,6
105257,4470,مزرعه بابالنگ,260801,6
105258,4470,مزرعه جلیل محمدی,260802,6
105259,4470,مزرعه گرجیان کوچک,260807,6
105260,4470,نوکند,260821,6
105261,4470,حسن آباد سالم,823011,6
105262,4471,باریکان,261349,6
105263,4471,زیدشت,261380,6
105264,4471,فشندک,261393,6
105265,4471,کلانک,261400,6
105266,4471,کولج,261404,6
105267,4471,میراش,261435,6
105268,4471,میناوند,261436,6
105269,4471,ورکش,261442,6
105270,4471,اردکان,534597,6
105271,4471,سالن مرغداری رنجبران,534602,6
105272,4471,گلینک,534628,6
105273,4471,صابون سازی,534650,6
105274,4471,کارگاه نمک سازی ورکش,534651,6
105275,4471,مزرعه شریف کلایه,534659,6
105276,4471,منبع اب زمینی شمرک,534662,6
105277,4471,مرغداری اسمکچال,534663,6
105278,4471,پس قلعه,535710,6
105279,4471,جارودشت,535711,6
105280,4472,ارتون,261333,6
105281,4472,ارموت,261335,6
105282,4472,اسفاران,261337,6
105283,4472,امیرنان,261342,6
105284,4472,انگه,261343,6
105285,4472,اوچان,261345,6
105286,4472,اهوارک,261347,6
105287,4472,پرگه,261355,6
105288,4472,تکیه ارموت,261357,6
105289,4472,تکیه ناوه,261359,6
105290,4472,خوران,261371,6
105291,4472,خورانک,261372,6
105292,4472,دنبلید,261376,6
105293,4472,روشنابدر,261379,6
105294,4472,سدسنگبن,261381,6
105295,4472,سنگبن,261385,6
105296,4472,سوهان,261386,6
105297,4472,شهراسر,261389,6
105298,4472,عالی سر,261392,6
105299,4472,کجیران,261396,6
105300,4472,کش,261398,6
105301,4472,کلارود,261399,6
105302,4472,کشرود,261409,6
105303,4472,لهران,261415,6
105304,4472,مزرعه نظراباد,261429,6
105305,4472,موچان,261432,6
105306,4472,میر,261434,6
105307,4472,نساسفلی,261438,6
105308,4472,مزرعه سوهان چال,535712,6
105309,4472,مزرعه لواسان,535713,6
105310,4473,ابصار,261332,6
105311,4473,ایین کلایه,261336,6
105312,4473,اسکان,261338,6
105313,4473,پراچان,261353,6
105314,4473,تکیه جوستان,261358,6
105315,4473,جوستان,261365,6
105316,4473,خچیره,261368,6
105317,4473,خیکان,261373,6
105318,4473,دراپی,261374,6
105319,4473,دهدر,261377,6
105320,4473,دیزان,261378,6
105321,4473,گته ده,261395,6
105322,4473,کرکبود,261397,6
105323,4473,کویین علیا,261405,6
105324,4473,کیامحله,261406,6
105325,4473,گراب,261407,6
105326,4473,مزرعه سردیک,261424,6
105327,4473,مهران,261433,6
105328,4473,ناریان,261437,6
105329,4473,نساعلیا,261439,6
105330,4473,نویزعلیا,261440,6
105331,4473,هشان,261445,6
105332,4473,امامزاده محمدحنفیه,534724,6
105333,4473,عباسک,534726,6
105334,4473,مرجان,534728,6
105335,4473,مزرعه علی اکبرملکان,534730,6
105336,4474,اوانک,261344,6
105337,4474,اورازان,261346,6
105338,4474,بزج,261351,6
105339,4474,پرده سر,261354,6
105340,4474,جزن,261362,6
105341,4474,جزینان,261363,6
105342,4474,حسن جون,261366,6
105343,4474,حصیران,261367,6
105344,4474,خسبان,261369,6
105345,4474,خودکاوند,261370,6
105346,4474,سفج خانی,261382,6
105347,4474,سگران چال,261383,6
105348,4474,سگران,261384,6
105349,4474,سیداباد,261387,6
105350,4474,گرود,261408,6
105351,4474,گلیرد,261410,6
105352,4474,گوران,261413,6
105353,4474,محسن اباد,261418,6
105354,4474,منگلان,261431,6
105355,4474,نوبزک,261441,6
105356,4474,وشته,261443,6
105357,4474,هرنج,261444,6
105358,4475,صحت آباد,260374,6
105359,4475,قشلاق دایلر,260379,6
105360,4475,مرادتپه,260391,6
105361,4475,مزرعه اروجعلی,260392,6
105362,4475,مزرعه انجمن,260394,6
105363,4475,مزرعه اینانلوی یغمرلو,260395,6
105364,4475,مزرعه بانک سفلی,260396,6
105365,4475,مزرعه بانک علیا,260397,6
105366,4475,مزرعه بیدارک بالا,260399,6
105367,4475,مزرعه بیدارک پایین,260400,6
105368,4475,مزرعه بیدارک خلج,260401,6
105369,4475,مزرعه خرم اباد,260405,6
105370,4475,مزرعه رییس محمد,260406,6
105371,4475,مزرعه قاضیان,260412,6
105372,4475,مزرعه کمرک,260414,6
105373,4475,مزرعه کوشک اباد,260415,6
105374,4475,مزرعه ارض,260416,6
105375,4475,مزرعه ملاکندی بالا,260421,6
105376,4475,مزرعه ملاکندی پایین,260422,6
105377,4475,مزرعه مویجه خاک,260423,6
105378,4475,مزرعه یارلاقان,260428,6
105379,4475,مزرعه یک لنگ,260429,6
105380,4475,مزرعه ینگی کهریز,260430,6
105381,4475,نکوجار,260434,6
105382,4475,تلمبه خانه شرکت نفت,533415,6
105383,4475,قشلاق حسین خانی,533420,6
105384,4475,قشلاق ولی اباد,533421,6
105385,4475,مزرعه مروت اباد,533422,6
105386,4475,امامزاده شاهزاده سلیمان,533425,6
105387,4475,مرغداری قزل بلاغ,533427,6
105388,4475,مزرعه میلانی,533428,6
105389,4475,مزرعه خورشیداباد,533431,6
105390,4475,مزرعه دوستان,533432,6
105391,4475,مزرعه علی اکبرسفلی,533433,6
105392,4475,مزرعه علی اکبرعلیا,533437,6
105393,4475,مزرعه فتح اباد,533438,6
105394,4475,مزرعه توحید,533439,6
105395,4475,موتورخانه سازمان اب,533442,6
105396,4475,شهرک صنعتی اشتهارد,535576,6
105397,4475,مزرعه فلک,535706,6
105398,4475,کوره های امیدیغمورلو,535707,6
105399,4475,مزرعه ومرغداری هورشاد,535709,6
105400,4476,اوزنبلاق,003268,6
105401,4476,قشلاق اهنگران,003269,6
105402,4476,تنگه بر,003281,6
105403,4476,حسن اباد,003305,6
105404,4476,خوردیک اباد,003322,6
105405,4476,قانلی بلاغ,003398,6
105406,4476,قره ترپاق,003400,6
105407,4476,قوزلو,003420,6
105408,4476,گندقویی,003432,6
105409,4476,ینگجک,003530,6
105410,4476,ایپک,237429,6
105411,4476,مزرعه تنگه برسفلی,260402,6
105412,4476,مزرعه توقلی دره,260403,6
105413,4477,جعفراباد,260368,6
105414,4477,قزل چشمه,260377,6
105415,4477,قشلاق گونه ای,260384,6
105416,4477,گلدشت,260388,6
105417,4477,مزرعه فدک,260404,6
105418,4477,مزرعه محصص,260418,6
105419,4477,مزرعه مراداباد,260420,6
105420,4477,ناصراباد,260433,6
105421,4477,یکلنگ,260436,6
105422,4477,دامداری عسگری,535708,6
105423,4477,سبزدشت,830006,6
105424,4478,احمداباد چهارطاق,003249,6
105425,4478,بوجعفر,260364,6
105426,4478,جارو,260367,6
105427,4478,شهراباد,260373,6
105428,4478,فرداباد,260376,6
105429,4478,قشلاق گنگ,260383,6
105430,4478,مختاراباد,260390,6
105431,4478,مزرعه عبداله اباد,260410,6
105432,4478,مهدی اباد,260431,6
105433,4478,افشارآباد,533435,6
105434,4478,کوره های اجرپزی محمدسلطانی,535375,6
105435,4478,مزرعه کشکاو,535443,6
105436,4479,سپیددشت,261672,6
105437,4480,سرحدآباد,830005,6
105438,4481,شهرک مهندسی زراعی,261688,6
105439,4481,مرکزخاکشناسی وحاصلخیزی خاک,261719,6
105440,4482,فرخ‌آباد,261200,6
105441,4483,سنقراباد,260646,6
105442,4483,قوهه,260652,6
105443,4483,محمدابادافشار,260657,6
105444,4483,دهکده طالقانی,260976,6
105445,4483,طاووسیه,260987,6
105446,4483,مزرعه صادقی,261002,6
105447,4483,شهرک الهیه,261653,6
105448,4483,باغ بازرگانی,261655,6
105449,4483,بیسیم کمال آباد,261658,6
105450,4483,مرکز آموزش شهید چمران,261713,6
105451,4483,مرکزپرورش دام قرنطینه,535115,6
105452,4483,مرکزتولیدواصلاح بذر,535116,6
105453,4483,نهالستان بنیاد,535491,6
105454,4483,مزرعه دریانی 2,535492,6
105455,4483,باغ اشرفیه,535493,6
105456,4483,مزرعه گنج بخش,535494,6
105457,4483,اقدسیه,535495,6
105458,4483,باغ انتظامی,535509,6
105459,4484,اسمعیل ابادشورقلعه بالا,260626,6
105460,4484,اسمعیل ابادشورقلعه پایین,260627,6
105461,4484,عرب ابادخسروی,260649,6
105462,4484,سلطان اباد,261679,6
105463,4484,نیروگاه,830002,6
105464,4485,رامجین,260639,6
105465,4485,رمنده,260641,6
105466,4485,قاسم ابادگرجی,260651,6
105467,4485,لشکراباد,260656,6
105468,4486,ابراهیم اباد,260621,6
105469,4486,اغچه حصار,260622,6
105470,4486,اغلان تپه,260623,6
105471,4486,خیراباد,260638,6
105472,4486,زعفرانیه,260642,6
105473,4486,زکی اباد,260643,6
105474,4486,کهریزک,260655,6
