15435,2088,قوشه لر,037627,6
15436,2088,یانبلاغی سفلی,037645,6
15437,2088,یانبلاغی علیا,037646,6
15438,2088,یهرچی,037651,6
15439,2088,آغبلاغ,037782,6
15440,2088,آسایش,037789,6
15441,2088,الاقیه,037791,6
15442,2088,اجاق کندی,037792,6
15443,2088,ایستگاه آتش بیگ,037797,6
15444,2088,ایستگاه سراجو,037799,6
15445,2088,بابا گرگر,037804,6
15446,2088,باش خلج,037809,6
15447,2088,ترخانلار,037824,6
15448,2088,تکانلو سفلی,037825,6
15449,2088,تلم خان,037826,6
15450,2088,جغل سفلی,037833,6
15451,2088,جغل علیا,037834,6
15452,2088,چبانلو,037837,6
15453,2088,چرتقلو,037840,6
15454,2088,چکن,037842,6
15455,2088,خلیفه کندی/ حمیدیه,037849,6
15456,2088,ذوالقدر,037866,6
15457,2088,ساری قیه,037868,6
15458,2088,سلمان کندی,037874,6
15459,2088,شبده,037882,6
15460,2088,طاستغار,037889,6
15461,2088,عمران کندی,037902,6
15462,2088,قانلودرق,037906,6
15463,2088,قره غورت/ قره عورت,037918,6
15464,2088,قره قیه,037919,6
15465,2088,قزل بلاغ,037921,6
15466,2088,قطعات,037925,6
15467,2088,قورت قیه سی,037929,6
15468,2088,کتله کمر,037932,6
15469,2088,کلب کندی,037933,6
15470,2088,گوبک تپه,037938,6
15471,2088,کهل بلاغ,037941,6
15472,2088,گشایش,037943,6
15473,2088,گنج آباد سفلی,037953,6
15474,2088,گنج آباد علیا,037954,6
15475,2088,لکلر,037958,6
15476,2088,مشک آباد جدید,037963,6
15477,2088,مشک آباد قدیم,037964,6
15478,2088,ملاجیق,037966,6
15479,2088,مندربلاغی,037969,6
15480,2088,ولی کندی,037976,6
15481,2088,یلی درق سفلی,037979,6
15482,2088,یلی درق علیا,037980,6
15483,2089,تازه کند خوشه مهر,031293,6
15484,2089,چلقایی,031294,6
15485,2089,دیزج پروانه,031303,6
15486,2089,ینگی کند خوشه مهر,031322,6
15487,2090,القو,031287,6
15488,2090,دوش,031302,6
15489,2090,روشت بزرگ,031305,6
15490,2090,روشت کوچک,031306,6
15491,2090,زاوشت,031307,6
15492,2090,شورگل,031311,6
15493,2090,قیماس خان,031317,6
15494,2090,قره زکی,031394,6
15495,2090,صور,332061,6
15496,2090,توته خانه,332062,6
15497,2090,فرودگاه مراغه (سهند),332095,6
15498,2091,آخوند قشلاق,031286,6
15499,2091,خانه برق جدید,031296,6
15500,2091,خانه برق عیسی خانی,031297,6
15501,2091,خانه برق قدیم,031298,6
15502,2091,خلیلوند,031300,6
15503,2091,زوارق,031308,6
15504,2091,علی خواجه,031313,6
15505,2091,قره چپق,031314,6
15506,2091,کوته مهر,031318,6
15507,2091,ینگی کند خانه برق,031321,6
15508,2091,چپقلو,031752,6
15509,2091,حاجی مصییب,031753,6
15510,2091,قره قشلاق,031791,6
15511,2091,قشلاق خانه برق,331990,6
15512,2092,آقاجان/ آتاجان,029447,6
15513,2092,تازه کند/ امین آباد,029458,6
15514,2092,خشندرق,029463,6
15515,2092,خلیله ده,029464,6
15516,2092,زگلوجه,029466,6
15517,2092,علی آباد,029472,6
15518,2092,عین الدین,029473,6
15519,2092,قرونا,029474,6
15520,2092,قره بابا,029475,6
15521,2092,قوزلو,029479,6
15522,2092,کنگرلو,029482,6
15523,2092,گل قاسم,029483,6
15524,2092,نوشهر,029486,6
15525,2092,ینگجه,029488,6
15526,2092,آغچه کهل زمانی,037785,6
15527,2092,باشبلاغ,037807,6
15528,2092,جغر,037832,6
15529,2092,جوریم,037835,6
15530,2092,قازان قوزان,037904,6
15531,2092,کلغان,037934,6
15532,2092,گلوجه سعید,037947,6
15533,2092,مشگین جیق,037965,6
15534,2093,آبدار,029532,6
15535,2093,ایشکه دره,029535,6
15536,2093,آقدره,029536,6
15537,2093,المالو,029537,6
15538,2093,چیچکلو,029549,6
15539,2093,چینی بلاغ,029550,6
15540,2093,خا چیک,029552,6
15541,2093,دلی قوروقچی,029553,6
15542,2093,ساری گونی,029555,6
15543,2093,شیخ جعفر,029557,6
15544,2093,قبله مسجد,029559,6
15545,2093,قلعه جوق سفلی,029561,6
15546,2093,قلعه جوق علیا,029562,6
15547,2093,گلشن آباد,029565,6
15548,2093,ورگل,029570,6
15549,2093,هیکل آباد,029573,6
15550,2093,دهناب,037862,6
15551,2093,سیر سفلی,037876,6
15552,2093,سیرعلیا,037877,6
15553,2093,سیر وسطی,037878,6
15554,2093,قرا ین,037907,6
15555,2093,قره چای حاج علی,037914,6
15556,2093,گرگر,037942,6
15557,2093,گوندوغدی,037956,6
15558,2093,ملاقاسم,037967,6
15559,2093,منصورآباد,037970,6
15560,2093,مجیدآباد,332283,6
15561,2094,امامیه,029619,6
15562,2094,بنفشه درق,029621,6
15563,2094,پیرلوجه,029624,6
15564,2094,جداقیه,029626,6
15565,2094,حافظ,029630,6
15566,2094,خشگناب,029631,6
15567,2094,داش آتان/ دانش آباد,029632,6
15568,2094,زگلوجه,029634,6
15569,2094,سعدی,029637,6
15570,2094,شنگل آباد,029638,6
15571,2094,قا شقای,029640,6
15572,2094,قره بابا,029642,6
15573,2094,قران قیه,029643,6
15574,2094,قره چمن,029645,6
15575,2094,قزلجه,029647,6
15576,2094,قییش قورشا ق,029648,6
15577,2094,کوخا لو,029649,6
15578,2094,گجین,029650,6
15579,2094,گلوجه,029651,6
15580,2094,گلهین,029652,6
15581,2094,ملامحمود,029653,6
15582,2094,نارین,029654,6
15583,2094,یله قارشو,029656,6
15584,2094,ازومچی,036144,6
15585,2094,زرین قبا,036158,6
15586,2094,قره قیشه,036163,6
15587,2095,بهجت آباد,029457,6
15588,2095,شیروانه ده,029470,6
15589,2095,احمدآباد,029616,6
15590,2095,الخلج,029618,6
15591,2095,باشکند,029620,6
15592,2095,پستکان,029622,6
15593,2095,پیرسلطان,029623,6
15594,2095,چرم خوران بالا,029627,6
15595,2095,چرم خوران سفلی,029628,6
15596,2095,چینی بلاغ,029629,6
15597,2095,دره چه/ دره چی,029633,6
15598,2095,سرخه/ سرخه ساروخلیل,029635,6
15599,2095,سرخه,029636,6
15600,2095,قپچا ق,029641,6
15601,2095,قزل احمد,029646,6
15602,2095,نوسا له,029655,6
15603,2095,ینگجه,029657,6
15604,2095,آغچه کهل رجبانلو,037786,6
15605,2095,تازه کند,037823,6
15606,2095,دیبکلو,037863,6
15607,2095,سلطا نگه,037873,6
15608,2095,شیخ بیگلو,037884,6
15609,2095,طبقلو,037891,6
15610,2095,علی گاو/ علی گو,037901,6
15611,2095,قره بلاغ,037913,6
15612,2095,قره چای نقشی,037915,6
15613,2095,کورملا,037939,6
15614,2095,گنبد,037952,6
15615,2096,آغچه کهل,029450,6
15616,2096,آغورآباد,029451,6
15617,2096,اشرف آباد,029452,6
15618,2096,باشسیزاوجان,029455,6
15619,2096,بنه کهل,029456,6
15620,2096,جوقان/ جوقان کوچک,029459,6
15621,2096,چرزه خون,029460,6
15622,2096,خیرآباد,029465,6
15623,2096,قلعه علیا,029476,6
15624,2096,موسی قیه ابوالحسن,029485,6
15625,2096,اسب آباد,029534,6
15626,2096,امرالله,029538,6
15627,2096,باش سیز,029542,6
15628,2096,بهادر,029543,6
15629,2096,پشیکلو,029545,6
15630,2096,تندرآغاج,029546,6
15631,2096,حسن کهل,029551,6
15632,2096,زنگبار,029554,6
15633,2096,قازانچای,029558,6
15634,2096,قره کوشن,029560,6
15635,2096,جوقان بزرگ,029719,6
15636,2096,حصار,029720,6
15637,2096,شاه میرس,029730,6
15638,2096,علیجان,037898,6
15639,2096,قوروقچی رود/ چای قوروقچی,037930,6
15640,2096,گل آخر,037944,6
15641,2097,ثمرخیزان,029547,6
15642,2097,متنق,029568,6
15643,2097,ایرانق,029711,6
15644,2097,سعیدآباد,029727,6
15645,2097,شبلی,029731,6
15646,2097,قزلجه میدان,029734,6
15647,2097,کندول,029741,6
15648,2097,ایستگاه فرستنده تلویزیون,333331,6
15649,2098,امین آباد,029539,6
15650,2098,قیصناب,029563,6
15651,2098,کزبین,029564,6
15652,2098,گله خانه,029566,6
15653,2098,نوجه ده کوه,029569,6
15654,2098,هراب,029571,6
15655,2098,ارشتناب,029701,6
15656,2098,اسفنگره,029703,6
15657,2098,الانق,029709,6
15658,2098,اعناب/ امن آب قدیم,029712,6
15659,2098,تازه کند,029714,6
15660,2098,ترکه داری,029717,6
15661,2098,خیره مسجد,029722,6
15662,2098,زینکش,029725,6
15663,2098,علی آباد,029732,6
15664,2098,کر,029736,6
15665,2098,یوسف آباد,029748,6
15666,2099,حاج اقا,029461,6
15667,2099,هلان,029487,6
15668,2099,آغبلاغ,029533,6
15669,2099,ایقرچمن سفلی,029540,6
15670,2099,ایقرچمن علیا,029541,6
15671,2099,اکین آباد,029707,6
15672,2099,خاتون آباد,029721,6
15673,2099,دیزناب,029723,6
15674,2099,ساران,029726,6
15675,2099,سیسان قدیم,029728,6
15676,2099,کرگان قدیم,029738,6
15677,2099,میاردان,029744,6
15678,2099,نهر,029747,6
15679,2100,آبریز,029446,6
15680,2100,آتباتان,029448,6
15681,2100,انبار دان,029453,6
15682,2100,انرجان,029454,6
15683,2100,زیرکان,029467,6
15684,2100,سیه ناب/ سین آباد/ سین آب,029469,6
15685,2100,طوراقیه,029471,6
15686,2100,قلعه قاضی/ قلعه بالا,029477,6
15687,2100,قوزلوجه/ شیرین بلاغ,029478,6
15688,2100,کلو,029481,6
15689,2100,گورچین,029484,6
15690,2100,اشدلق سفلی,029705,6
15691,2100,اشدلق علیا,029706,6
15692,2100,الوندی,029708,6
15693,2100,تازه کند,029715,6
15694,2100,ترکمپور,029716,6
15695,2100,جانبهان,029718,6
15696,2100,سقین سرای/ سکان سرای,029729,6
15697,2100,قرنجه,029733,6
15698,2100,نوجه ده سادات,029746,6
15699,2101,تازه کند,029951,6
15700,2101,چله خانه سفلی,029952,6
15701,2101,چله خانه علیا,029953,6
15702,2101,خواجه مرجان,029954,6
15703,2101,قم تپه/ قوم تپه,029959,6
15704,2101,گمرک سهلان,029961,6
15705,2101,اندبیل,032193,6
15706,2101,قره آغاج,032210,6
15707,2101,کلاش,032213,6
15708,2101,گروس,032216,6
15709,2101,مرودیزج,032220,6
15710,2101,ایستگاه سهلان,333297,6
15711,2102,الوچه ملک,032191,6
15712,2102,امند,032192,6
15713,2102,ایوند,032196,6
15714,2102,پردول,032197,6
15715,2102,تازه کند,032198,6
15716,2102,ترپ,032199,6
15717,2102,چراغلو,032200,6
15718,2102,زبرلو,032203,6
15719,2102,زین آباد,032205,6
15720,2102,سار,032206,6
15721,2102,ساری قیه,032207,6
15722,2102,سهرل,032208,6
15723,2102,کلانکش,032214,6
15724,2102,کهل,032215,6
15725,2102,لار/ لاری,032218,6
15726,2102,مزرعه,032221,6
15727,2102,منور,032222,6
15728,2102,موجومبا ر,032223,6
15729,2102,ورکش,032225,6
15730,2102,هرزنق,032226,6
15731,2103,کندرود,029854,6
15732,2103,گل آباد,029855,6
15733,2103,باغ وزیر,029950,6
15734,2103,سرکندیزج,029955,6
15735,2103,سفید کمر/ اسم کمر,029956,6
15736,2103,علی اکبرلو,029958,6
15737,2103,مهتراحمد,029962,6
15738,2103,نعمت الله,029963,6
15739,2103,هارونیه/ هارون آباد,029964,6
15740,2104,آق کهریز,029844,6
15741,2104,امیرذکریا,029845,6
15742,2104,بیگجه خاتون,029846,6
15743,2104,غلاملو,029847,6
15744,2104,درویش بقال,029848,6
15745,2104,زنگی,029849,6
15746,2104,زیناب,029850,6
15747,2104,ساربانقلی,029851,6
15748,2104,ملک زاده,029856,6
15749,2105,بنیس,029878,6
15750,2105,دیزج خلیل,029879,6
15751,2105,شانجان,029880,6
15752,2105,قلعه حسن آباد/ شرکت کشت و صنعت آذربایجان خاوری (شیرین عس,029882,6
15753,2105,نوجه ده,029888,6
15754,2105,پادگان امام زمان,333407,6
15755,2106,شنگل آباد,029821,6
15756,2106,علی بیگلو,029918,6
15757,2106,کافی الملک,029921,6
15758,2106,کوشک,029923,6
15759,2106,مشنق,029925,6
15760,2106,یوسف آباد,029928,6
15761,2107,امستجان,029986,6
15762,2107,انگشت جان,029987,6
15763,2107,توپچی,029990,6
15764,2107,غلمانسرای,029991,6
15765,2107,چشمه کنان,029992,6
15766,2107,چهرگان,029993,6
15767,2107,قزلجه,029997,6
15768,2108,تیل,029914,6
15769,2108,شیخ ولی,029917,6
15770,2108,هریس,029926,6
15771,2108,هفت چشمه,029927,6
15772,2108,الماس,029985,6
15773,2108,حیدرآباد,029994,6
15774,2108,قره تپه,029996,6
15775,2108,قلعه مراغوش,029998,6
15776,2108,مقبره علی علمدار,333333,6
15777,2109,یارآلوجه,026039,6
15778,2109,ارمنیان,026082,6
15779,2109,اسب قلیان,026083,6
15780,2109,اوزی,026084,6
15781,2109,پیغان,026088,6
15782,2109,پیری کندی,026090,6
15783,2109,جغناب سفلی,026091,6
15784,2109,جغناب علیا,026092,6
15785,2109,چله خانه,026093,6
15786,2109,حیران سفلی,026094,6
15787,2109,حیران علیا,026095,6
15788,2109,دمریق,026097,6
15789,2109,ریدیل,026098,6
15790,2109,زردوغان,026100,6
15791,2109,زیریان,026101,6
15792,2109,قشلاق کلیبر,026108,6
15793,2109,گچی کاغی,026111,6
15794,2109,کردلر,026112,6
15795,2109,کلی علیا,026114,6
15796,2109,کلالق,026115,6
15797,2109,گلدرق,026118,6
15798,2109,گلدر,026119,6
15799,2109,نوجه ده علیا/ نوجه ده کریمی,026126,6
15800,2109,ولندران,026127,6
15801,2109,هورمغان سفلی,026128,6
15802,2109,هورمغان علیا,026129,6
15803,2109,یوزبند,026130,6
15804,2109,احمدآباد تازه کند,026585,6
15805,2109,ساری درق,026592,6
15806,2109,سهریق,026593,6
15807,2109,علویق,026595,6
15808,2109,کر علیا,026598,6
15809,2109,کر سفلی,026599,6
15810,2109,کومه,026601,6
15811,2109,کاردوجین,026602,6
15812,2109,آغچه قشلاق سفلی,027772,6
15813,2109,آغچه قشلاق علیا,027773,6
15814,2109,آس جدید,027774,6
15815,2109,آس قدیم,027775,6
15816,2109,آق درق جدید,027776,6
15817,2109,آق درق قدیم,027778,6
15818,2109,انباستیق,027779,6
15819,2109,جانی بیگلو,027785,6
15820,2109,چلپاقلار,027786,6
15821,2109,ساری بلاغ,027792,6
15822,2109,شکرعلی کندی,027796,6
15823,2109,قاوشوق,027797,6
15824,2109,نجی کندی,027812,6
15825,2109,هناآباد سفلی,027815,6
15826,2109,هناآباد علیا,027816,6
15827,2110,بابایلو,025765,6
15828,2110,بشاب,025767,6
15829,2110,خانقاه کندی/ خانقاه,025772,6
15830,2110,شریق,025785,6
15831,2110,طین,025787,6
15832,2110,قاسم کندی,025789,6
15833,2110,قلعه لو,025791,6
15834,2110,لمهونی,025798,6
15835,2110,اسبهار علیا,026188,6
15836,2110,اصلان بیگلو,026193,6
15837,2110,اولی قشلاق,026198,6
15838,2110,بالی بیگ لو,026205,6
15839,2110,پالتلو,026208,6
15840,2110,خان باغی,026235,6
15841,2110,خانقاه سفلی,026238,6
15842,2110,خانقاه کلاهی,026239,6
15843,2110,داش قیه باشی,026243,6
15844,2110,سراجلو,026256,6
15845,2110,شخملو,026274,6
15846,2110,عمران آباد,026289,6
15847,2110,فتحعلی سلطان لو,026291,6
15848,2110,قران چای کندی,026298,6
15849,2110,قیه باشی بزرگ,026341,6
15850,2110,کمان,026346,6
15851,2110,گرده زایلو,026352,6
15852,2110,محمد حسنلو,026364,6
15853,2110,مولان,026371,6
15854,2111,بهروز,025873,6
15855,2111,بنه دیق,026007,6
15856,2111,خریل,026012,6
15857,2111,دمیرچی حدادان,026016,6
15858,2111,شبخانه,026026,6
15859,2111,طوق,026029,6
15860,2111,کلاسور,026034,6
15861,2111,نبی جان,026038,6
15862,2111,بالاسنگ,026086,6
15863,2111,برنه دل,026087,6
15864,2111,شجاع آباد,026103,6
15865,2111,کیارق,026117,6
15866,2111,گلوسنگ,026120,6
15867,2111,مولود,026124,6
15868,2111,نوجه ده سفلی/ نوجه ده شجاعان,026125,6
15869,2111,آغویه,026584,6
15870,2111,اسکلو,026586,6
15871,2111,بالان,026588,6
15872,2111,برزندیق,026589,6
15873,2111,جند,026590,6
15874,2111,چریق,026591,6
15875,2111,شیرنق,026594,6
15876,2111,علی آباد,026596,6
15877,2111,قره گونی,026597,6
15878,2111,کلشلو,026600,6
15879,2111,گویران,026604,6
15880,2111,لته ده,026605,6
15881,2111,محمودآباد,026606,6
15882,2111,مرزرود,026607,6
15883,2111,مزگر,026608,6
15884,2111,میکندی/ مکیدی,026609,6
15885,2111,ناپشته,026610,6
15886,2111,هجران دوست,026612,6
15887,2111,هجق سفلی,026613,6
15888,2111,هجق علیا,026614,6
15889,2111,ینگی قشلاق,026615,6
15890,2111,سردرق,330384,6
15891,2111,خونیرود,330389,6
15892,2111,ایلان کش,332663,6
15893,2111,زاویه,333248,6
15894,2111,دره قلعه سی,333427,6
15895,2112,باغلار,026085,6
15896,2112,خانه خسرو,026096,6
15897,2112,سیران,026102,6
15898,2112,شیروان کاغی,026104,6
15899,2112,صومعه,026105,6
15900,2112,علیش لو,026106,6
15901,2112,قبادلو,026107,6
15902,2112,کبودان,026109,6
15903,2112,کپیرآباد,026110,6
15904,2112,کلکین,026113,6
15905,2112,کهلیک,026116,6
15906,2112,مقاس جدید,026121,6
15907,2112,مقاس قدیم,026122,6
15908,2112,ملوک,026123,6
15909,2112,اسکندرآباد,026192,6
15910,2112,پیره یوسفیان سفلی,026215,6
15911,2112,پیره یوسفیان علیا,026216,6
15912,2112,چای کندی,026224,6
15913,2112,دولان,026248,6
15914,2112,عربشاه خان,026279,6
15915,2112,عربشاه خرگوشان,026280,6
15916,2112,عربشاه درق,026281,6
15917,2112,کلان,026344,6
15918,2112,کیقباد,026349,6
15919,2112,میاندرق,026372,6
15920,2112,کلی قوزی,027658,6
15921,2112,گوار,027662,6
15922,2112,گوزالان,027664,6
15923,2113,آجودان آباد,026184,6
15924,2113,امیرآباد,026196,6
15925,2113,ایللی,026201,6
15926,2113,باش کلان,026203,6
15927,2113,پیره لر شاه قاسم,026214,6
15928,2113,چناق,026226,6
15929,2113,خوبیارلو,026242,6
15930,2113,دلاوران (دیل بیلمز),026249,6
15931,2113,رستم کندی,026250,6
15932,2113,زربیل,026251,6
15933,2113,سردارآباد,026258,6
15934,2113,سولی درق,026259,6
15935,2113,شیخلان سفلی,026272,6
15936,2113,شیخلان علیا,026273,6
15937,2113,صلاح پیه س,026275,6
15938,2113,علولو,026284,6
15939,2113,علیشاری,026286,6
15940,2113,قاطار,026294,6
15941,2113,قانلو,026295,6
15942,2113,قشلاق قانه,026296,6
15943,2113,قره درق سفلی,026301,6
15944,2113,قره درق علیا 1,026302,6
15945,2113,قره درق وسطی,026303,6
15946,2113,قشلاق اغلاقان,026306,6
15947,2113,قشلاق خانلو,026315,6
15948,2113,قشلاق دارچین,026318,6
15949,2113,قلعه کندی,026330,6
15950,2113,قوشه بلاغ,026336,6
15951,2113,قوشچی,026337,6
15952,2113,قوشچی بایرام خواجه,026338,6
15953,2113,قویطول,026340,6
15954,2113,کلانتر,026345,6
15955,2113,لمه درق,026358,6
15956,2113,لوله درق,026359,6
15957,2113,متعلق,026361,6
15958,2113,محمدان,026363,6
15959,2113,مزرعه اکراد,026369,6
15960,2113,ملالو,026370,6
15961,2113,نجف تراکمه,026373,6
15962,2113,هارنا,026374,6
15963,2113,همو,026377,6
15964,2113,قشلاق لوله دره حاج مین باشی سفلی,332625,6
15965,2113,قشلاق لوله دره حاج مین باشی علیا,332626,6
15966,2113,قره درق علیا 2,332627,6
15967,2113,داشلی,332635,6
15968,2113,سیرک,333408,6
15969,2114,اتی کندی,026181,6
15970,2114,آقامیرلو,026195,6
15971,2114,بالان,026206,6
15972,2114,پیره ماشان,026211,6
15973,2114,پیرلر سفلی,026212,6
15974,2114,پیرلر علیا,026213,6
15975,2114,پرتلو,026217,6
15976,2114,پیره گور,026218,6
15977,2114,غمیش عونی,026220,6
15978,2114,حدادان,026227,6
15979,2114,خالان,026234,6
15980,2114,خان کندی,026237,6
15981,2114,سیدلر سفلی,026260,6
15982,2114,سیدلر علیا,026261,6
15983,2114,ایل یوردی/ شاه گلدی,026269,6
15984,2114,عبدالرزاق,026278,6
15985,2114,عزیزبیگلو,026282,6
15986,2114,قلیانساز,026331,6
15987,2114,لکان,026356,6
15988,2115,اسبهار سفلی,026187,6
15989,2115,اوزون قیه,026197,6
15990,2115,پیر احمدلو,026210,6
15991,2115,جیغ جیغ,026222,6
15992,2115,چات قیه,026223,6
15993,2115,چپرقیه,026225,6
15994,2115,ساری درق,026254,6
15995,2115,شاملوی بزرگ,026263,6
15996,2115,شاملوی کوچک,026264,6
15997,2115,قشلاق قره داغلو,026297,6
15998,2115,قره وانلو,026299,6
15999,2115,قشلاق اخمود بزرگ,026307,6
16000,2115,قشلاق اخمود سفلی,026308,6
16001,2115,قشلاق اخمود علیا,026309,6
16002,2115,قشلاق اخمود وسطی,026310,6
16003,2115,قشلاق حاج حسین,026311,6
16004,2115,قشلاق قره باغلو,026323,6
16005,2115,قشلاق گازلو حاجی محمد,026325,6
16006,2115,قوش قیه سی,026339,6
16007,2115,کاغلوگوزلو,026342,6
16008,2115,یلی سفلی,026379,6
16009,2115,یلی علیا,026380,6
16010,2115,قشلاق گازلو حاجی یونس,332637,6
16011,2115,قره قیه,332638,6
16012,2115,بختیارلو,332639,6
16013,2115,نره کش علیا,333380,6
16014,2115,کهل قو/ بابا قشلاقی چوپان لار,333406,6
16015,2115,علی کلبی/ قشلاق علی کلبی,333416,6
16016,2115,قشلاق قراخانلو/ کهلی قره خانلو,333417,6
16017,2116,احمدآباد شهرک,030164,6
16018,2116,احمدآباد لیقلی/ احمدآباد سفلی,030165,6
16019,2116,آقا علی لو,030168,6
16020,2116,بیلوردی,030171,6
16021,2116,جانقور,030173,6
16022,2116,جغناب,030174,6
16023,2116,جیقه/ جقه,030175,6
16024,2116,خرمالو,030176,6
16025,2116,ساخسلو,030178,6
16026,2116,سرای,030179,6
16027,2116,شاملو,030180,6
16028,2116,شهرک پایین,030181,6
16029,2116,شهسواری,030182,6
16030,2116,شیخ رجب,030183,6
16031,2116,طرف,030186,6
16032,2116,عبدالجبار,030187,6
16033,2116,قراجه,030188,6
16034,2116,قره گونی,030189,6
16035,2116,قیزقاپان,030190,6
16036,2116,گوی درق کندی,030191,6
16037,2116,گیلدیر/ گیلدر,030192,6
16038,2116,مرکید,030193,6
16039,2116,ولیلو,030198,6
16040,2116,ینگجه,030199,6
16041,2117,استیار,027508,6
16042,2117,امندی,027510,6
16043,2117,پاکچین,027513,6
16044,2117,تازه کند نهند,027515,6
16045,2117,سولوجه,027527,6
16046,2117,قلعه لر,027535,6
16047,2117,گمند,027538,6
16048,2117,کهلیک بلاغی,027539,6
16049,2117,گوگرچین,027541,6
16050,2117,محمودآباد گودلر,027543,6
16051,2117,مرناب,027544,6
16052,2117,نهند,027546,6
16053,2117,ونیار,027548,6
16054,2117,قویوجاق,029735,6
16055,2117,الپاوت,030169,6
16056,2118,چای کندی,026729,6
16057,2118,چخماق بلاغ سفلی,026730,6
16058,2118,چخماق بلاغ علیا,026731,6
16059,2118,چوبانلار سردارلو,026736,6
16060,2118,افشرد,027509,6
16061,2118,باجاباج,027511,6
16062,2118,بشیر,027512,6
16063,2118,تازه کند سرند,027514,6
16064,2118,چنزق,027516,6
16065,2118,چمن زمین,027517,6
16066,2118,حسین آباد,027518,6
16067,2118,حشمت آباد,027519,6
16068,2118,دغدغان,027521,6
16069,2118,دیبگلو,027522,6
16070,2118,دیزج ور,027523,6
16071,2118,سرخه گاو,027524,6
16072,2118,سرند,027525,6
16073,2118,سولی درق,027528,6
16074,2118,شالی,027529,6
16075,2118,عباس آباد,027532,6
16076,2118,قشلاق بالا,027533,6
16077,2118,قشلاق پایین,027534,6
16078,2118,گویج,027542,6
16079,2118,مشیرآباد,027545,6
16080,2118,نیچران,027547,6
16081,2118,هرزندیق/ هرزنق,027549,6
16082,2118,هفدران,027550,6
16083,2118,هیق,027551,6
16084,2119,اسبخان,030167,6
16085,2119,بزوان,030170,6
16086,2119,پارام,030172,6
16087,2119,خلج,030177,6
16088,2119,صمدآباد,030184,6
16089,2119,صومعه,030185,6
16090,2119,مقصودلو,030194,6
16091,2119,میان بازور,030195,6
16092,2119,مینق,030196,6
16093,2119,نمرور,030197,6
16094,2119,برازین,030239,6
16095,2119,ترکا یش,030241,6
16096,2119,موسالو/ موسی لو,030251,6
16097,2120,اسماعیل کندی,030236,6
16098,2120,اندیس,030237,6
16099,2120,اینچه کندی,030238,6
16100,2120,تازه کند علیا,030240,6
16101,2120,جنگل,030242,6
16102,2120,خانقاه,030243,6
16103,2120,خوشگناب,030244,6
16104,2120,شیران,030245,6
16105,2120,قانقالو,030246,6
16106,2120,قره ترپاق,030247,6
16107,2120,قوملو,030248,6
16108,2120,گواروان,030249,6
16109,2120,ممی کندی,030250,6
16110,2120,مهرام/ بهرام,030252,6
16111,2120,ناحیه,030253,6
16112,2120,نوجه ده,030254,6
16113,2120,نهران,030255,6
16114,2120,هرزه ورز,030256,6
16115,2120,هیق,030257,6
16116,2121,باروق,030107,6
16117,2121,تازه کند,030110,6
16118,2121,قزلجه خرابه/ قزلجه زرین,030125,6
16119,2121,کرم جوان,030128,6
16120,2122,ایری سفلی,027277,6
16121,2122,کمار سفلی,027300,6
16122,2122,کمار علیا,027301,6
16123,2122,ودیق,027321,6
16124,2122,هلق,027325,6
16125,2123,پهناور,027280,6
16126,2123,تلکری,027281,6
16127,2123,دوزال,027288,6
16128,2123,قشلاق حاج حق وردی,027297,6
16129,2123,کردشت,027299,6
16130,2123,گل آخر,027304,6
16131,2123,میانه کرداحمد,027313,6
16132,2123,نظرکندی,027317,6
16133,2123,نوجه مهر,027319,6
16134,2123,نوردوز,027320,6
16135,2123,اردوکین,027384,6
16136,2123,اوشتبین,027386,6
16137,2123,اعقان,027387,6
16138,2123,انیق,027389,6
16139,2123,اروج,027392,6
16140,2123,ایل سون,027395,6
16141,2123,پیربلاغ,027397,6
16142,2123,دوست اشنا,027408,6
16143,2123,قره چی معدن,027417,6
16144,2123,قره درق,027418,6
16145,2123,قشلاق ارامنه,027420,6
16146,2123,قشلاق نواکی,027424,6
16147,2123,قولان,027426,6
16148,2123,مسن,027438,6
16149,2123,نمنق,027440,6
16150,2123,الف آباد,330531,6
16151,2124,آغبلاغ,032005,6
16152,2124,تازه کند,032013,6
16153,2124,حیدرآباد,032014,6
16154,2124,سرکش,032017,6
16155,2124,سیلگرد,032018,6
16156,2124,شجاع,032022,6
16157,2124,طالب گلی,032023,6
16158,2124,قره بلاغ,032025,6
16159,2124,قلعه ریز,032027,6
16160,2124,کلیدداغی,032028,6
16161,2124,کلیسا کندی,032030,6
16162,2124,گل فرج,032032,6
16163,2124,ویران باغ,333285,6
16164,2124,قزل ونک,333306,6
16165,2124,قره ناز,333307,6
16166,2124,دشت گل فرج,333426,6
16167,2125,ارسی,032007,6
16168,2125,زاویه,032016,6
16169,2125,سیه سران,032019,6
16170,2125,قشلاق,032026,6
16171,2125,لیوارجان,032033,6
16172,2125,نوشیروان,032036,6
16173,2125,دشت گوردیان,333425,6
16174,2126,الوان,027274,6
16175,2126,احمدآباد,032006,6
16176,2126,مزرعه منجان آباد,032008,6
16177,2126,افشار,032009,6
16178,2126,داران,032015,6
16179,2126,مرازاد,032034,6
16180,2126,دیزه مزرعه الوان,333305,6
16181,2127,آغچه دیزج,031719,6
16182,2127,احمدآباد,031720,6
16183,2127,بایقوت,031737,6
16184,2127,تازه قلعه,031741,6
16185,2127,تازه کند خانکندی,031743,6
16186,2127,سالاراباد,031763,6
16187,2127,سرمه لو,031765,6
16188,2127,شرازول,031766,6
16189,2127,شرانلو,031767,6
16190,2127,مجیدآباد,031818,6
16191,2127,ملاسراب,031823,6
16192,2127,یولقنلوی جدید,031837,6
16193,2127,یولقنلوی قدیم,031838,6
16194,2128,اروق,031722,6
16195,2128,تازه کند شیخ الاسلام,031744,6
16196,2128,تپه اسماعیل آباد,031746,6
16197,2128,حسین آباد,031755,6
16198,2128,دیزج/ دیزج شیخ الاسلام,031760,6
16199,2128,شیخ الاسلام,031772,6
16200,2128,شیخ بابا,031773,6
16201,2128,عباس آباد,031778,6
16202,2128,قره چال,031788,6
16203,2128,قلعه جوق,031798,6
16204,2128,قلی کندی,031799,6
16205,2128,قوریجان,031802,6
16206,2128,کوره بلاغ/ کورابلاغ,031807,6
16207,2128,علی آباد قشلاق/ قشلاق گوران,031810,6
16208,2128,لکلر,031814,6
16209,2128,مهماندار سفلی,031827,6
16210,2128,مهماندار علیا,031828,6
16211,2128,میدانجیق,031829,6
16212,2128,نصرت آباد لکلر,031834,6
16213,2128,یوزباش کندی,031836,6
16214,2128,قزلجه میدان,331975,6
16215,2128,امیرآباد,333252,6
16216,2129,باباکلک,031483,6
16217,2129,هپیک بلاغی/ هپی بلاغ,031578,6
16218,2129,آغچه مشهد چاردولی,031718,6
16219,2129,آق منار,031724,6
16220,2129,اوچ بلاغ,031731,6
16221,2129,ایده لوی بزرگ,031732,6
16222,2129,بنایم,031738,6
16223,2129,پرچین بلاغ,031740,6
16224,2129,چاللو,031749,6
16225,2129,ساری قیه,031762,6
16226,2129,شیروان شاهلو,031774,6
16227,2129,ایده لوی کوچک,031780,6
16228,2129,قره چناق,031785,6
16229,2129,قوزوچی اوین/ قوزوچی یولن,031803,6
16230,2129,لیلی داغی,031815,6
16231,2129,ناخرچی بلاغی,031831,6
16232,2130,امیرغایب,031730,6
16233,2130,بایرام کندی,031736,6
16234,2130,داشبلاغ,031758,6
16235,2130,دمیرچی,031759,6
16236,2130,قربان کندی,031786,6
16237,2130,نصرت آباد,031833,6
16238,2131,خاصلو,029226,6
16239,2131,قراغیل,029234,6
16240,2131,گوی گنبد/ کبود گنبد,029237,6
16241,2132,ایستگاه راه آهن آذرشهر,029214,6
16242,2132,دستجرد,029227,6
16243,2132,فیروز سالار,029232,6
16244,2132,قشلاق پیازی,029235,6
16245,2132,قلعه شیخ,029236,6
16246,2132,معدن سردارآباد,029249,6
16247,2133,بودجه,029220,6
16248,2133,تیرامین/ تورامین,029223,6
16249,2134,الوانق,029183,6
16250,2134,ایستگاه راه آهن شیرامین,029184,6
16251,2134,پیرچوپان,029185,6
16252,2134,خانقاه,029187,6
16253,2134,داشکسن,029188,6
16254,2134,سیلاب,029189,6
16255,2134,شیرامین,029190,6
16256,2134,زینتلو,031388,6
16257,2134,کوخالو,031396,6
16258,2135,امیر دیزج/ آلا کوزه,029141,6
16259,2135,بابا قشلاقی/ علی قشلاقی,029142,6
16260,2135,قدمگاه/ بادامیار,029143,6
16261,2135,ترش کوه,029145,6
16262,2135,خراجو,029148,6
16263,2135,دین آباد,029150,6
16264,2135,قوشقوا,029154,6
16265,2135,کلوانق,029155,6
16266,2135,کابدول,029156,6
16267,2135,نادیلو,029158,6
16268,2135,هفت چشمه,029191,6
16269,2135,امیرانگه,330836,6
16270,2136,آخی جهان,029212,6
16271,2136,غله زار,029225,6
16272,2136,دیزج آقاحسن,029228,6
16273,2136,قاضی جهان,029233,6
16274,2137,تاج الدین,029144,6
16275,2137,خان میر,029147,6
16276,2137,داش آلمالو,029149,6
16277,2137,صغایش,029151,6
16278,2137,قاضی کندی,029152,6
16279,2137,قرمزی گل,029153,6
16280,2137,گواهر,029157,6
16281,2137,ینگجه,029161,6
16282,2137,چراغیل/ جراغیل,029308,6
16283,2137,تاجینه/ قشلاق,330826,6
16284,2138,مزرعه لیوه,029241,6
16285,2138,بیگلو,029346,6
16286,2138,خاص آباد/ خاصبان,029348,6
16287,2138,خاصه لر/ خصیل,029349,6
16288,2138,سرین دیزج,029351,6
16289,2138,ایرنچی,029352,6
16290,2138,شللو,029353,6
16291,2138,عباس آباد/ خانلیق,029354,6
16292,2138,علی آباد,029355,6
16293,2138,کردلر,029357,6
16294,2138,حسن آباد,029408,6
16295,2138,خورخور,029410,6
16296,2138,زین الحاجیلو/ زینال آغاج,029411,6
16297,2138,قشلاق,029415,6
16298,2138,مرجانلو,029417,6
16299,2138,مهدینلو,029418,6
16300,2138,میران,333294,6
16301,2139,آق گنبد/ آغ گنبد,029910,6
16302,2139,بوراچالو,029911,6
16303,2139,بهرام آباد,029912,6
16304,2139,تیمورلو,029915,6
16305,2139,سرای ده,029916,6
16306,2139,قپچاق,029920,6
16307,2139,گمیچی,029924,6
16308,2140,باویل سفلی,029306,6
16309,2140,باویل علیا,029307,6
16310,2140,کله جاه,029314,6
16311,2140,بایرام,029345,6
16312,2140,دیزج,029350,6
16313,2140,کوشن میرزا رحیم,333398,6
16314,2141,اسفنجان,029301,6
16315,2141,اسکندان,029302,6
16316,2141,امقان,029304,6
16317,2141,عنصرود,029310,6
16318,2141,کندوان,029315,6
16319,2141,کهنمو,029317,6
16320,2142,آقچه کهل,029299,6
16321,2142,اربط,029300,6
16322,2142,اشستان,029303,6
16323,2142,اوچ تپه,029305,6
16324,2142,دره کهل,029309,6
16325,2142,قندیلو,029311,6
16326,2142,کردآباد,029312,6
16327,2142,کوه دل,029316,6
16328,2142,گنبر,029318,6
16329,2142,مجارشین,029319,6
16330,2142,قلعه بجک,333296,6
16331,2143,آغداش,037017,6
16332,2143,اربط,037019,6
16333,2143,آغبلاغ کورانلو,037025,6
16334,2143,الاکین,037027,6
16335,2143,آنابلاغی,037029,6
16336,2143,انبار دان,037030,6
16337,2143,اوچبلاغ,037032,6
16338,2143,آیدوغموش,037035,6
16339,2143,بابونه سفلی,037036,6
16340,2143,بابونه علیا,037037,6
16341,2143,بابونه وسطی,037038,6
16342,2143,بناکوه,037043,6
16343,2143,بنفشه درق,037044,6
16344,2143,بیگلرکندی,037045,6
16345,2143,تخلی جاق,037050,6
16346,2143,جعفرآباد,037054,6
16347,2143,چوکتو,037056,6
16348,2143,چوللو,037057,6
16349,2143,حمام,037061,6
16350,2143,خضرگوران سفلی,037064,6
16351,2143,خضرگوران علیا,037065,6
16352,2143,خواجه لر سفلی,037067,6
16353,2143,خواجه لر علیا,037068,6
16354,2143,خواجه لر وسطی,037069,6
16355,2143,دوزایچی,037073,6
16356,2143,ذاکرکندی,037076,6
16357,2143,مزرعه بیگلرکندی/زرین آباد,037077,6
16358,2143,زرین ده,037078,6
16359,2143,علی جولا,037090,6
16360,2143,قرمزی باغ,037095,6
16361,2143,قره آغاج کوشک,037096,6
16362,2143,قره سفر,037098,6
16363,2143,قزل قلعه کورانلو,037106,6
16364,2143,قزلجه ارشد,037108,6
16365,2143,قطعه,037109,6
16366,2143,قلچ خان کندی,037111,6
16367,2143,قوچ احمد,037115,6
16368,2143,قوزلو,037116,6
16369,2143,قوی دلان,037118,6
16370,2143,قیزلق,037119,6
16371,2143,قینرجه سفلی,037120,6
16372,2143,قینرجه علیا,037121,6
16373,2143,کهریز,037124,6
16374,2143,گل,037127,6
16375,2143,گونه قارشو,037131,6
16376,2143,منیشگه,037140,6
16377,2143,مرتضی قلی کندی,037142,6
16378,2143,ناچیت کورانلو,037144,6
16379,2143,قورت یمز,037381,6
16380,2143,جویزالان,331906,6
16381,2143,اورتایال,331907,6
16382,2144,آغچه ریش,037016,6
16383,2144,امیرآباد,037028,6
16384,2144,اورتاسو,037033,6
16385,2144,باغلوجه,037039,6
16386,2144,باروت آغاجی,037041,6
16387,2144,بایرام کندی,037042,6
16388,2144,پاییزگاه,037046,6
16389,2144,پیرعزیز,037048,6
16390,2144,پیرقلی,037049,6
16391,2144,تکان,037051,6
16392,2144,چرچرا,037055,6
16393,2144,خندق,037066,6
16394,2144,دوه یاتاقی/ کورانلو,037074,6
16395,2144,شورقشلاق,037083,6
16396,2144,عمواوغلی سفلی,037092,6
16397,2144,عمواوغلی علیا,037093,6
16398,2144,قره داش,037097,6
16399,2144,قره گنای سفلی,037100,6
16400,2144,قره گنای علیا,037101,6
16401,2144,قره گنای وسطی,037102,6
16402,2144,قره گنبد علیا,037103,6
16403,2144,قره گنبد سفلی,037104,6
16404,2144,قره ولی,037105,6
16405,2144,کهنه قشلاق,037125,6
16406,2144,گوراسر سفلی,037129,6
16407,2144,گوراسر علیا,037130,6
16408,2144,مرادخان کندی,037136,6
16409,2144,مسنلو,037138,6
16410,2144,مولوی کورانلو,037141,6
16411,2144,یاربلاغی,037146,6
16412,2144,آغچه مشهد,037285,6
16413,2144,بارگاه,037299,6
16414,2144,بنیادکندی,037304,6
16415,2144,تخت سفلی,037310,6
16416,2144,تخت علیا,037311,6
16417,2144,تریان قشلاقی,037312,6
16418,2144,حصار,037323,6
16419,2144,خان خانم,037325,6
16420,2144,ساری قمش,037341,6
16421,2144,شورتپه,037350,6
16422,2144,صوفی احمد,037355,6
16423,2144,صومعه,037356,6
16424,2144,قره آغاج کوشک,037365,6
16425,2144,قره کند,037366,6
16426,2144,قزل جه قشلاق/ قزلجه قشلاق,037369,6
16427,2144,قلعه حسین آباد,037377,6
16428,2144,ماخ,037400,6
16429,2144,مزرعه کهلو,331891,6
16430,2144,مزرعه زرین آباد,331892,6
16431,2144,حجم کندی/ جاجیم کندی,331894,6
16432,2144,شکربلاغی,333329,6
16433,2144,قوریچاق,333330,6
16434,2145,ابگرم,037015,6
16435,2145,آخساخلار,037018,6
16436,2145,ارسکنای سفلی,037022,6
16437,2145,ارسکنای علیا,037023,6
16438,2145,الوچین,037026,6
16439,2145,بایجوق,037040,6
16440,2145,حاجی کندی سفلی,037059,6
16441,2145,حاجی کندی علیا,037060,6
16442,2145,خاتون گنای,037062,6
16443,2145,داشبلاغ,037071,6
16444,2145,داش کسن,037072,6
16445,2145,دیبکلو,037075,6
16446,2145,ساری اغل,037079,6
16447,2145,شعبان,037080,6
16448,2145,شورجه اله امانلو,037082,6
16449,2145,شیرعلی,037084,6
16450,2145,طالب,037085,6
16451,2145,اسلام آباد,037086,6
16452,2145,علی بیگلوی علیا,037088,6
16453,2145,علی بیگلوی سفلی,037089,6
16454,2145,علی کندی,037091,6
16455,2145,قودچی/ قدچی,037094,6
16456,2145,قره صوفی,037099,6
16457,2145,قملو,037117,6
16458,2145,گللر قره صوفی/ گللر,037122,6
16459,2145,گلی,037128,6
16460,2145,مریم,037137,6
16461,2145,ملاحمزه,037139,6
16462,2145,ویران قیه,037145,6
16463,2145,گوی داش,045190,6
16464,2145,ماخوله/ ماخوله بالا,333282,6
16465,2145,پیرسقا,333323,6
16466,2145,فوجه کندی,333324,6
16467,2145,قزل قلعه موسولانلو,333325,6
16468,2145,آبدارلار,333326,6
16469,2145,حاجی آباد,333327,6
16470,2145,گویجه قلعه,333328,6
16471,2146,اوچ درق,037031,6
16472,2146,تیکمه تپه,037052,6
16473,2146,خادم کندی,037063,6
16474,2146,قوجور سفلی,037112,6
16475,2146,قوجور علیا,037113,6
16476,2146,مجیرآباد,037134,6
16477,2146,مخدوم کندی,037135,6
16478,2146,ناچیت کورانلو/ ناچیت حوله وران,037143,6
16479,2146,یالی قورت,037147,6
16480,2146,یساول,037148,6
16481,2146,التنجی,037290,6
16482,2146,الله کندی,037292,6
16483,2146,ایشلق کندی,037297,6
16484,2146,پالچقلو,037306,6
16485,2146,پیک,037307,6
16486,2146,تکانلوی سفلی,037313,6
16487,2146,تکانلوی علیا,037314,6
16488,2146,جارچی کندی کوه,037316,6
16489,2146,چوبدارکندی,037317,6
16490,2146,چوگانلو,037319,6
16491,2146,خرمدرق,037326,6
16492,2146,خوبیار,037330,6
16493,2146,دبردان سفلی,037333,6
16494,2146,دبردان علیا,037334,6
16495,2146,دوه یاتاقی,037337,6
16496,2146,سریک,037343,6
16497,2146,شاهقلی کندی,037347,6
16498,2146,شیویار/ شیویار بالا,037354,6
16499,2146,طالار,037358,6
16500,2146,علی بیگ کندی,037359,6
16501,2146,قرخ بلاغ,037362,6
16502,2146,قزل آباد,037368,6
16503,2146,قزل داغ,037370,6
16504,2146,قزل قیه/ قزل دره,037371,6
16505,2146,قزلجه قمشلو/ قزلجه هاشم خان,037372,6
16506,2146,قوشقوان سفلی,037373,6
16507,2146,قوشقوان علیا,037374,6
16508,2146,قوشقوان وسطی,037375,6
16509,2146,قمشلو,037379,6
16510,2146,کردکندی,037385,6
16511,2146,گلی بلاغ,037389,6
16512,2146,کورجه/ گورجه,037390,6
16513,2146,گردالو,037392,6
16514,2146,گل تپه,037393,6
16515,2146,گل ویران,037394,6
16516,2146,گلوجه علیا,037397,6
16517,2146,مصطفی کندی,037401,6
16518,2146,مهدی خان کندی,037404,6
16519,2146,مهمانلو,037406,6
16520,2146,میرزا بیگ کندی,037407,6
16521,2146,نبی صوفی,037408,6
16522,2146,یانبلاغی,037419,6
16523,2146,گلوجه سفلی,333263,6
16524,2147,کریم آباد,037386,6
16525,2147,گلوجه امیرانلو,037395,6
16526,2147,آغ زیارت,037562,6
16527,2147,آغ کند,037563,6
16528,2147,الاچیق,037567,6
16529,2147,ایده لو,037570,6
16530,2147,تازه کند صولتی,037578,6
16531,2147,جعفرآباد,037582,6
16532,2147,جلیل آباد,037583,6
16533,2147,چپقلو,037593,6
16534,2147,سلطان آباد آغ زیارت/ سلطان آباد صولتی,037608,6
16535,2147,شرشر,037611,6
16536,2147,شهنواز سفلی,037612,6
16537,2147,شهنواز علیا,037613,6
16538,2147,شهنواز وسطی,037614,6
16539,2147,گل تپه,037631,6
16540,2147,گلیتر/ گلیتر بلاغی,037632,6
16541,2147,نصیرکندی/ نصیرآباد,037640,6
16542,2147,هزاران سفلی,037642,6
16543,2147,هزاران علیا,037643,6
16544,2147,یاغلی بلاغ,037644,6
16545,2147,قلی کندی,045180,6
16546,2148,آغچه اوغلان,037284,6
16547,2148,آغداغ رود,037286,6
16548,2148,القو,037291,6
16549,2148,امین آباد,037293,6
16550,2148,ایمشجه,037298,6
16551,2148,بلقان,037303,6
16552,2148,حسینی سفلی,037321,6
16553,2148,حسینی علیا,037322,6
16554,2148,حیدرآباد,037324,6
16555,2148,خلج,037327,6
16556,2148,خواجه شاهی,037328,6
16557,2148,دلاک قبری,037335,6
16558,2148,دوه میدانی,037336,6
16559,2148,دین اوغلی,037338,6
16560,2148,سختدل,037342,6
16561,2148,سلطان آباد,037344,6
16562,2148,سوغانچی رود,037345,6
16563,2148,سوغانچی کوه,037346,6
16564,2148,شورجه امام جمعه,037351,6
16565,2148,شورقره کند,037353,6
16566,2148,قره گل,037367,6
16567,2148,قوچی کندی,037380,6
16568,2148,قیه قشلاقی,037384,6
16569,2148,کلب کندی,037388,6
16570,2148,گنبد,037398,6
16571,2148,نرگس آباد,037409,6
16572,2148,ورقه سفلی,037414,6
16573,2148,ورقه علیا,037415,6
16574,2148,ورقه وسطی,037416,6
16575,2148,سوغانچی/ مهمان بلاغی,331912,6
16576,2148,قبله بلاغی,331914,6
16577,2148,چوگان خرابه,331915,6
16578,2149,آتش خسرو,027271,6
16579,2149,ارزیل,027272,6
16580,2149,استرقان,027273,6
16581,2149,اندرگان,027275,6
16582,2149,ایری علیا,027278,6
16583,2149,جوانان گروه/ گون گیروه,027282,6
16584,2149,حاجی لار,027283,6
16585,2149,سیوان,027292,6
16586,2149,طرزم,027294,6
16587,2149,عظیم آباد,027295,6
16588,2149,قشلاق حاجیلار,027296,6
16589,2149,کوراکش,027302,6
16590,2149,گل آخور,027305,6
16591,2149,مشاهیر,027311,6
16592,2149,میوه رود,027315,6
16593,2149,سهران/ سهرون,027410,6
16594,2150,سرکش,027289,6
16595,2150,سقای,027290,6
16596,2150,گل چول,027310,6
16597,2150,نگارستان,027318,6
16598,2150,ینگجه,027326,6
16599,2150,استمال,027385,6
16600,2150,انویق,027388,6
16601,2150,اوان,027390,6
16602,2150,اوانسر,027391,6
16603,2150,بیشک,027396,6
16604,2150,جعفرآباد,027399,6
16605,2150,جوشین,027400,6
16606,2150,چشمقان,027402,6
16607,2150,علی یار,027413,6
16608,2150,گلو,027435,6
16609,2151,بیورق,027279,6
16610,2151,دستجرد,027287,6
16611,2151,سونداخر,027291,6
16612,2151,کوجان,027306,6
16613,2151,گوراند,027307,6
16614,2151,لیلاب,027308,6
16615,2151,مرزاباد,027309,6
16616,2151,ملک قضات,027312,6
16617,2151,میلق,027314,6
16618,2151,نچق,027316,6
16619,2151,ورزقان,027322,6
16620,2151,قره قیه,027419,6
16621,2151,قشلاق خورشا سفلی,027421,6
16622,2151,قشلاق رحیم,027422,6
16623,2151,قشلاق قزل داش,027423,6
16624,2151,کبودگنبد,027428,6
16625,2151,کلو,027431,6
16626,2151,قشلاق مرزآباد,330533,6
16627,2151,قشلاق خورشا علیا,333286,6
16628,2152,زنگ آباد,026770,6
16629,2152,علی بیگ کندی,026797,6
16630,2152,نصیرآباد,026866,6
16631,2152,اره جان,027099,6
16632,2152,ایشقلو,027100,6
16633,2152,چای کندی خیرالدین,027104,6
16634,2152,چراغلو,027105,6
16635,2152,حماملو,027106,6
16636,2152,خلف انصار,027107,6
16637,2152,خمسلو,027108,6
16638,2152,خیرالدین,027109,6
16639,2152,دیزج ملک,027110,6
16640,2152,زغن آباد,027111,6
16641,2152,سغندل,027112,6
16642,2152,شیخملو,027113,6
16643,2152,قره بلاغ,027116,6
16644,2152,گل عنبر,027119,6
16645,2152,لله لو,027125,6
16646,2152,مزرعه کوربلاغ,027126,6
16647,2152,مهترلو,027129,6
16648,2152,میرزا علی کندی,027130,6
16649,2152,نصیرآباد,027132,6
16650,2152,هیبت بیگلو,027135,6
16651,2152,سردار کندی/ بیشک,027183,6
16652,2152,چلناب,027188,6
16653,2152,دهلیق,027192,6
16654,2152,دیزج صفرعلی,027193,6
16655,2152,روادانق,027195,6
16656,2152,روزی,027196,6
16657,2152,سرخه دیزج,027199,6
16658,2152,صومعه دل,027202,6
16659,2152,علویق,027203,6
16660,2152,قراجه ملک,027205,6
16661,2152,کاسین,027207,6
16662,2152,کلان,027210,6
16663,2152,گویجه سلطان,027214,6
16664,2152,کلغای,027430,6
16665,2152,ونستان,027441,6
16666,2152,علی آباد,330520,6
16667,2152,آغ درک,333290,6
16668,2153,آغکند,025998,6
16669,2153,اردشیر,026001,6
16670,2153,برازین,026006,6
16671,2153,بنه کاغی,026008,6
16672,2153,دوزکند,026017,6
16673,2153,زرین رکاب,026022,6
16674,2153,سیدآباد,026025,6
16675,2153,لاله بجان,026035,6
16676,2153,آقابابا سنک,027175,6
16677,2153,آغبلاغ سفلی,027176,6
16678,2153,امیرآباد,027178,6
16679,2153,بجوشن,027179,6
16680,2153,تازه کند بکرآباد,027184,6
16681,2153,تخمدل,027185,6
16682,2153,جاجان,027187,6
16683,2153,خوین دیزج,027189,6
16684,2153,سیه کلان,027201,6
16685,2153,گشایش,027213,6
16686,2153,مسقران,027218,6
16687,2153,نهریق,027219,6
16688,2154,اوزی,026004,6
16689,2154,بالوجه,026005,6
16690,2154,خوینرود,026013,6
16691,2154,دایممق,026015,6
16692,2154,دنگاه,026018,6
16693,2154,معدن مس سونگون,026024,6
16694,2154,طویل,026030,6
16695,2154,قوردلار,026031,6
16696,2154,کاکاور,026032,6
16697,2154,کلم,026033,6
16698,2154,آلوچه قشلاق,027177,6
16699,2154,بکرآباد,027180,6
16700,2154,بورملک,027181,6
16701,2154,دوریق,027191,6
16702,2154,ساری چمن,027197,6
16703,2154,سرپادرق,027198,6
16704,2154,قیه قشلاق,027206,6
16705,2154,کرویق,027209,6
16706,2154,کیغال,027212,6
16707,2154,لیلی خانه,027216,6
16708,2154,یاشیل,027222,6
16709,2155,آبخواره,027097,6
16710,2155,آغبلاغ,027098,6
16711,2155,آقابابا فرامرزی,027101,6
16712,2155,الهرد,027102,6
16713,2155,بورون درق,027103,6
16714,2155,صمصام کندی,027114,6
16715,2155,صیفار,027115,6
16716,2155,قره قیه,027117,6
16717,2155,کوربلاغ,027118,6
16718,2155,لیجین,027124,6
16719,2155,مشک عنبر,027127,6
16720,2155,وردین,027133,6
16721,2155,بهربیگ,027182,6
16722,2155,مزرعه تیلاب,027186,6
16723,2155,داشکسن,027190,6
16724,2155,رستم آباد,027194,6
16725,2155,مزرعه سواره,027200,6
16726,2155,فرخران,027204,6
16727,2155,کامبلاش,027208,6
16728,2155,کهنه لو,027211,6
16729,2155,لمبران,027215,6
16730,2155,همای سفلی,027220,6
16731,2155,همای علیا,027221,6
16732,2155,اویلق,027394,6
16733,2155,خاکوانق/ خای فانا,027403,6
16734,2155,شرف آباد,027411,6
16735,2155,کالیجان,027427,6
16736,2155,کرنگان,027429,6
16737,2155,گزان بند,027434,6
16738,2155,مزرعه شادی,027437,6
16739,2155,ملک طالش,027439,6
16740,2155,هیزه جان,027443,6
16741,2156,چنار,029186,6
16742,2156,آغاجری,031363,6
16743,2156,الینجق,031365,6
16744,2156,بوکت,031370,6
16745,2156,تپیک دره,031375,6
16746,2156,تجرق,031376,6
16747,2156,حوری,031380,6
16748,2156,دیزج حسن بیگ,031384,6
16749,2156,زاویه,031387,6
16750,2156,صومعه,031392,6
16751,2156,گنبد,031399,6
16752,2156,محمودآباد/ پیش روآباد,031401,6
16753,2156,مهماندار,031403,6
16754,2156,ولینجق,031407,6
16755,2157,چهاربرود/ چروری,029146,6
16756,2157,هرگلان,029159,6
16757,2157,یایچی,029160,6
16758,2157,بارازلو/ بازار,031368,6
16759,2157,قوزلوجه,031395,6
16760,2157,ینگجه,031409,6
16761,2157,آلمالو/ باش آلمالو,031474,6
16762,2157,چهارطاق,031506,6
16763,2158,پسیان,031373,6
16764,2158,خضرلو,031382,6
16765,2158,رازیان,031385,6
16766,2158,شیراز,031389,6
16767,2158,گچی قران,031397,6
16768,2158,نانسا,031404,6
16769,2158,ایستگاه راه آهن دیزج رود,331098,6
16770,2159,آقچه اوبه/ آغجه اوبه,031364,6
16771,2159,ایستگاه پرویز بهمن,031366,6
16772,2159,بولالو,031371,6
16773,2159,تازه کند,031374,6
16774,2159,چوپانکره,031379,6
16775,2159,خانیان,031381,6
16776,2159,دانالو,031383,6
16777,2159,رحمانلو,031386,6
16778,2159,قبادلو,031393,6
16779,2159,گل تپه,031398,6
16780,2159,گوراوان/ گوروان,031400,6
16781,2159,مهرآباد,031402,6
16782,2159,نبرین,031406,6
16783,2159,هروان,031408,6
16784,2159,پارک ملی دریاچه ارومیه,331139,6
16785,2159,خراجو,331198,6
16786,2159,پادگان 03 عجب شیر,331211,6
16787,2159,جرتا,331213,6
16788,2160,آغدام,026182,6
16789,2160,اجاق کندی,026183,6
16790,2160,اسکانلوی سفلی/ ایده لو,026189,6
16791,2160,باغشلو,026202,6
16792,2160,بسطاملو,026207,6
16793,2160,حسبان/ حسبانلو,026228,6
16794,2160,حسینعلی بیگلو,026233,6
16795,2160,داودان پایین,026244,6
16796,2160,دورمیشکانلو,026247,6
16797,2160,ساری یاتاق,026255,6
16798,2160,سراملو,026257,6
16799,2160,شاه بداغلو,026265,6
16800,2160,شاه گلدی,026267,6
16801,2160,شجاع خانلو,026270,6
16802,2160,عطالو,026283,6
16803,2160,علیوردی اوشاقی,026285,6
16804,2160,علی خانلو,026287,6
16805,2160,فرهادلو,026292,6
16806,2160,قره پاچانلو,026300,6
16807,2160,قلی بیگلو/ قلی بیگلو کدخدالو,026332,6
16808,2160,قوتورلار,026335,6
16809,2160,کدخدالو بالا,026343,6
16810,2160,کوسالار,026347,6
16811,2160,گدیکلو,026351,6
16812,2160,گوی آغاج,026355,6
16813,2160,لله لو,026357,6
16814,2160,محب علی لو,026362,6
16815,2160,کدخدالو پایین/ هاشم آباد,026375,6
16816,2160,یل دره سی,026378,6
16817,2160,داودان بالا,332585,6
16818,2160,اسکانلوی علیا/ قره ایدی,332587,6
16819,2161,اسیران,025759,6
16820,2161,اشرف,025760,6
16821,2161,آقا کیشی لو,025761,6
16822,2161,آوارسین,025762,6
16823,2161,اوانلو,025763,6
16824,2161,اوغاش,025764,6
16825,2161,بایدوق,025766,6
16826,2161,قشلاق پیرانلو,025768,6
16827,2161,پیرهادیان,025769,6
16828,2161,چناقچی,025770,6
16829,2161,دایان,025774,6
16830,2161,ددلو,025775,6
16831,2161,دوگی درق,025776,6
16832,2161,زرنق,025777,6
16833,2161,زنبلان,025778,6
16834,2161,سقه سای,025780,6
16835,2161,سقین,025781,6
16836,2161,سولی پیر,025782,6
16837,2161,صفرلو,025786,6
16838,2161,قلملو,025792,6
16839,2161,کابل آباد,025793,6
16840,2161,کارگران,025794,6
16841,2161,گاوآهن,025796,6
16842,2161,لوتجان/ لته جان,025797,6
16843,2161,لاریجان سفلی,025799,6
16844,2161,لاریجان علیا,025800,6
16845,2161,لالان سفلی,025801,6
16846,2161,لالان علیا,025802,6
16847,2161,همدان,025805,6
16848,2161,همدملو,025806,6
16849,2161,ایچی درق,026199,6
16850,2161,قزل یول,026305,6
16851,2161,کفشن شیخلار صفرلو,332672,6
16852,2161,گنانلو حسن سلطان لو,333262,6
16853,2162,آغ قشلاق,026194,6
16854,2162,ایری بوجاق,026200,6
16855,2162,خلف بیگلوی علیا,026241,6
16856,2162,قشلاق مقدم شابنده/ قشلاق شاه بنده,026266,6
16857,2162,قشلاق حاج لطفعلی,026312,6
16858,2162,حسن قشلاقی/ علیقلی قشلاقی,026314,6
16859,2162,خلف بیگلوی سفلی,026316,6
16860,2162,قشلاق داغلو,026317,6
16861,2162,قشلاق مددلو,026327,6
16862,2162,قورتلوجه سفلی,026333,6
16863,2162,قورتلوجه علیا,026334,6
16864,2162,قشلاق قلی بیگلو سفلی,332848,6
16865,2162,قشلاق حسن کنگرلو/ حسن قشلاقی کنگرلو,332851,6
16866,2162,محمودآباد,333261,6
16867,2162,قشلاق قلی بیگلوی علیا,333403,6
16868,2163,احمدلوی سفلی,026185,6
16869,2163,احمدلوی علیا,026186,6
16870,2163,باقر اوغلی,026204,6
16871,2163,پرویز خانلو,026209,6
16872,2163,جعفرقلی اوشاغی,026221,6
16873,2163,حسرتان,026229,6
16874,2163,حسنعلی کدخدالو,026231,6
16875,2163,حسنلو,026232,6
16876,2163,خطای,026240,6
16877,2163,قشلاق شاه ولی,026268,6
16878,2163,شرفه,026271,6
16879,2163,قشلاق اوزبک,026276,6
16880,2163,عنابلو,026290,6
16881,2163,قارلوجه,026293,6
16882,2163,قشلاق صومعه,026320,6
16883,2163,قشلاق یوزقویی/ سیدلر,026329,6
16884,2163,کهل جیک,026348,6
16885,2163,گون گورمز,026354,6
16886,2163,محمد صالحلو,026365,6
16887,2163,میرزامحمداباد,026366,6
16888,2163,محمد علیلو/ یوزقویی,026368,6
16889,2163,همراهلو,026376,6
16890,2163,قشلاق یوسفلو/ چاخرلو,026381,6
16891,2163,ساری بیگلو,332590,6
16892,2163,ابوتراب,332862,6
16893,2164,اجاق کندی,025999,6
16894,2164,تیروان,026009,6
16895,2164,حضی کندی,026011,6
16896,2164,دیشگدوگی/ دیش گدیگ,026019,6
16897,2164,دینه ور,026020,6
16898,2164,احمدآباد,027383,6
16899,2164,اولی/ اولیق,027393,6
16900,2164,تازه کند,027398,6
16901,2164,چای کندی,027401,6
16902,2164,خانقاه,027404,6
16903,2164,خایلار,027405,6
16904,2164,دارانی,027407,6
16905,2164,سرداب,027409,6
16906,2164,ضیاگاه,027412,6
16907,2164,علی بلاغی,027414,6
16908,2164,قاشقچی,027415,6
16909,2164,مرزآباد/ قره چی احمدآباد,027416,6
16910,2164,قلی کندی,027425,6
16911,2164,کلاله اسلامی,027432,6
16912,2164,کوانق,027433,6
16913,2164,مرداناقم/ مردانقم,027436,6
16914,2164,خوش تازه/ هوش,027442,6
16915,2165,سرخه کمران,025779,6
16916,2165,شاه حیدر,025783,6
16917,2165,عمارت,025788,6
16918,2165,قره گونی,025790,6
16919,2165,کریشان,025795,6
16920,2165,مشهد حسنلو,025804,6
16921,2165,همنشین,025807,6
16922,2165,هوج سفلی,025808,6
16923,2165,هوج علیا,025809,6
16924,2165,اوری,025863,6
16925,2165,ابریق سفلی,025864,6
16926,2165,بابایلوی جانانلو,025870,6
16927,2165,تاتار سفلی,025876,6
16928,2165,تاتار علیا,025877,6
16929,2165,تازه کند وینق,025879,6
16930,2165,جانانلو,025881,6
16931,2165,جعفرآباد,025882,6
16932,2165,حیدرکانلو,025885,6
16933,2165,داراغزی/ حیدرکانلوی سفلی,025886,6
16934,2165,داش آراسی,025887,6
16935,2165,داش باشی,025888,6
16936,2165,دره جیک,025889,6
16937,2165,دریلو,025890,6
16938,2165,ساری جالو/ علی آباد,025892,6
16939,2165,شجایلو,025894,6
16940,2165,طوعلی سفلی,025897,6
16941,2165,طوعلی علیا,025898,6
16942,2165,قاقالو,025901,6
16943,2165,کشیش قشلاقی,025907,6
16944,2165,کورزه,025912,6
16945,2165,گندم نان,025913,6
16946,2165,محمودکاغی,025916,6
16947,2165,مفروضلو,025920,6
16948,2165,وینق,025921,6
16949,2165,همان,025922,6
16950,2165,مزرعه پریدان/ مزرعه یرپاقلی,332624,6
16951,2165,اورشان آباد/ قره لر,333251,6
16952,2166,ابراهیم بیگلو,025861,6
16953,2166,ابراهیم سمیع,025862,6
16954,2166,مرادلو/ احمدلو,025865,6
16955,2166,الهرد,025866,6
16956,2166,الاجوجه,025867,6
16957,2166,اوزان,025868,6
16958,2166,برزگر,025871,6
16959,2166,بویدوز,025872,6
16960,2166,پسیان,025875,6
16961,2166,تازه کند اسلام,025878,6
16962,2166,تیمور بیگلو,025880,6
16963,2166,چوبه درق/ قلعه چپدرق,025883,6
16964,2166,مزرعه چوان,025884,6
16965,2166,دولاب کرانلو,025891,6
16966,2166,ستن,025893,6
16967,2166,شیخ حسینلو,025895,6
16968,2166,صادق بیگلو,025896,6
16969,2166,عباس آباد,025900,6
16970,2166,قره تیکانلو,025902,6
16971,2166,قره توپراق,025903,6
16972,2166,قره قوچ/ قره قوچ سفلی,025904,6
16973,2166,قره قوچ مین باشی/ قره قوچ علیا,025905,6
16974,2166,قشلاق کرانلو,025906,6
16975,2166,کلاله سفلی,025908,6
16976,2166,کلاله علیا,025909,6
16977,2166,کنزه رود,025911,6
16978,2166,لمه ارامنه,025914,6
16979,2166,لمه اسلام,025915,6
16980,2166,مسجدلو,025918,6
16981,2166,مشدحسنلو,025919,6
16982,2166,یوسفلو,025923,6
16983,2166,رزین/ ارزین,026002,6
16984,2166,آقامیرلو,026003,6
16985,2166,حسن بیگلو,026010,6
16986,2166,رشدین,026021,6
16987,2166,موسی کندی,026037,6
16988,2166,اینه لو,026587,6
16989,2166,گرمناب,026603,6
16990,2166,وایقان مقدس,026611,6
16991,2166,ضیا کندی,332666,6
16992,2166,قشلاق عشقعلی/ شام شرفه,333397,6
16993,2167,پریجان/ بریحان,027635,6
16994,2167,ده رود,027645,6
16995,2167,کلی سفلی,027657,6
16996,2167,جرزنگ/ گرزلیک,027661,6
16997,2167,میدانلار,027669,6
16998,2167,یدی بلاغ,027675,6
16999,2167,اوالان,027726,6
17000,2167,اینجار,027727,6
17001,2167,بزینان,027728,6
17002,2167,تازه کند نیق,027729,6
17003,2167,تقی کندی,027731,6
17004,2167,جابان,027732,6
17005,2167,چرمه داش,027734,6
17006,2167,شلوری,027735,6
17007,2167,نقدی,027741,6
17008,2167,محمدآباد,027742,6
17009,2167,منجاب جدید,027743,6
17010,2167,منجاب قدیم,027744,6
17011,2167,نیق,027745,6
17012,2167,ویق,027746,6
17013,2167,هوای,027747,6
17014,2167,خانباغی,027788,6
17015,2167,خداقلی,027789,6
17016,2167,کوجان,027803,6
17017,2167,پشتاب,027930,6
17018,2167,تازه کند یافت/ تازه کند چای,027931,6
17019,2167,دلقناب,027938,6
17020,2167,شغالان,027940,6
17021,2167,قتانلو,027942,6
17022,2167,کره میدان,027946,6
17023,2167,کنبدان,027952,6
17024,2167,گولان,027953,6
17025,2167,لغلان,027954,6
17026,2167,ملخاص,027956,6
17027,2167,ملاحونی,027957,6
17028,2167,ویزناب,027958,6
17029,2167,نقدی,027959,6
17030,2167,هرسبان,027963,6
17031,2167,مزرعه گورا,333291,6
17032,2167,رزدرق,333385,6
17033,2168,امپار,027780,6
17034,2168,اجاقلار,027781,6
17035,2168,آیدین لو,027782,6
17036,2168,تازه کند نصیرآباد,027784,6
17037,2168,چیناب,027787,6
17038,2168,خلیفه لو,027790,6
17039,2168,سلطان آباد,027793,6
17040,2168,سنگرآباد,027794,6
17041,2168,سیدبنه,027795,6
17042,2168,قلعه جیق/ قلعه بیق,027799,6
17043,2168,کنده,027802,6
17044,2168,لروم,027805,6
17045,2168,لقمان,027806,6
17046,2168,مجیدآباد,027808,6
17047,2168,مرادلو,027809,6
17048,2168,مزرعه جهانگیر,027810,6
17049,2168,معروفان,027811,6
17050,2168,نصیرآباد,027813,6
17051,2168,هلیلو,027814,6
17052,2168,حوریدرق,027817,6
17053,2168,جابان,027932,6
17054,2168,نوانسر,027960,6
17055,2168,سولیدرق,330399,6
17056,2168,آغ دره,333386,6
17057,2169,زیارلو,026252,6
17058,2169,ازناب خالصه,027628,6
17059,2169,ازناب سفلی,027629,6
17060,2169,ازناب علیا,027630,6
17061,2169,آق براز,027631,6
17062,2169,بزولق,027636,6
17063,2169,تابستانق,027638,6
17064,2169,دیبکلو,027646,6
17065,2169,صوفی,027648,6
17066,2169,عزیزلو,027649,6
17067,2169,عسگرلو,027650,6
17068,2169,قره قیه شکرلو,027652,6
17069,2169,قشلاق ارض بیک,027653,6
17070,2169,مردی لو,027666,6
17071,2169,قمیشلو/ ممیشلو,027668,6
17072,2169,وروجن سفلی,027670,6
17073,2169,وروجن علیا,027671,6
17074,2170,تازه کند داودلو,026219,6
17075,2170,خان کندی,026236,6
17076,2170,داودلو,026245,6
17077,2170,ارمک,027626,6
17078,2170,ارنان,027627,6
17079,2170,الچالو,027632,6
17080,2170,پیراسمیلو,027637,6
17081,2170,تمباکولوق,027639,6
17082,2170,توبین,027640,6
17083,2170,تین,027641,6
17084,2170,خوی سورق,027644,6
17085,2170,شیخ بران,027647,6
17086,2170,قلعه کندی,027654,6
17087,2170,قوت دره سی,027655,6
17088,2170,قیه دیبی,027656,6
17089,2170,کورن,027659,6
17090,2170,کویر,027660,6
17091,2170,گورم درق,027663,6
17092,2170,ملالو,027665,6
17093,2170,ملک درق,027667,6
17094,2170,مزرعه هوای درق,027673,6
17095,2170,هوین,027674,6
17096,2170,جعفرآباد,027733,6
17097,2170,قره تیکانلو,027737,6
17098,2170,قره درویش,027738,6
17099,2170,کرگس,027740,6
17100,2170,بال داغی,027926,6
17101,2170,هلان صفرعلی,027927,6
17102,2170,اریک لو,330409,6
17103,2170,پیرلر,330411,6
17104,2171,تورچی,031747,6
17105,2171,حسن آباد,031754,6
17106,2171,شریفلو,031769,6
17107,2171,فتح اله کندی,031783,6
17108,2171,محسن آباد,031819,6
17109,2172,آغکند قره خضر,031726,6
17110,2172,عبدل آباد,031779,6
17111,2172,قره خضر,031789,6
17112,2172,قندهار,031800,6
17113,2172,گدکلو,031808,6
17114,2173,بابا قاضی,031482,6
17115,2173,آرپا دره سی,031721,6
17116,2173,تازه کند حوریلر,031742,6
17117,2173,حوری لر,031757,6
17118,2173,زمان آباد,031761,6
17119,2173,شورجه طوراغای,031771,6
17120,2173,طوراغای,031776,6
17121,2173,قاشقچی,031784,6
17122,2173,قوزلو,031804,6
17123,2173,قوش بلاغ,031805,6
17124,2173,قوش قیه,031806,6
17125,2174,چغالو,031748,6
17126,2174,شیرین کند,031775,6
17127,2174,قره گل,031792,6
17128,2174,لطف آباد,031813,6
17129,2175,اوچموش,036035,6
17130,2175,ایستگاه شیخ صفی,036037,6
17131,2175,بیات سفلی,036039,6
17132,2175,بیات علیا,036040,6
17133,2175,تازه کند کسجین,036044,6
17134,2175,خاتون آباد,036047,6
17135,2175,رضاخانلوی علیا,036049,6
17136,2175,رضاخانلوی سفلی,036050,6
17137,2175,سیدلر,036057,6
17138,2175,شال,036058,6
17139,2175,شیخ طبق,036062,6
17140,2175,طاوس لو,036063,6
17141,2175,عبدالرحمانلو,036064,6
17142,2175,قباق تپه,036068,6
17143,2175,قلعه جوق نجف قلی خان,036073,6
17144,2175,کسجین,036078,6
17145,2175,گلوجه غمی,036081,6
17146,2175,ناولیق,036085,6
17147,2176,الاتیمور,036034,6
17148,2176,برجوان,036038,6
17149,2176,بیجرلو,036041,6
17150,2176,جیران بلاغی,036046,6
17151,2176,سرخه گاو,036053,6
17152,2176,سونج علیا,036055,6
17153,2176,سونج سفلی,036056,6
17154,2176,شیخ احمدلو,036061,6
17155,2176,گوگدرق,036082,6
17156,2176,بالسین شریف آباد,036146,6
17157,2176,بقرآباد,036147,6
17158,2176,بلغه تیمور,036148,6
17159,2176,تندرلو,036151,6
17160,2176,تیرآباد,036152,6
17161,2176,غریب دوست,036153,6
17162,2176,سانیان سفلی,036159,6
17163,2176,قره جه قیه,036164,6
17164,2176,کلهر,036165,6
17165,2176,ملاحاجی,036166,6
17166,2176,مهماندوست,036167,6
17167,2176,یالقوزآغاج,036171,6
17168,2176,ینگجه,036172,6
17169,2177,اتدره سی,036030,6
17170,2177,اورنجق,036036,6
17171,2177,سلطان احمدلو,036054,6
17172,2177,کرده ده,036077,6
17173,2177,کوهسالار سفلی/ کوسالار سفلی,036079,6
17174,2177,کوهسالار علیا/ کوسالار علیا,036080,6
17175,2177,خواجه غیاث,036156,6
17176,2177,ورزقان,036169,6
17177,2178,بلوکان,036149,6
17178,2178,دستجرد,036157,6
17179,2178,صومعه,036162,6
17180,2178,ورنکش,036170,6
17181,2179,عجمی/ عجمی اوچ تپه,036065,6
17182,2179,قره تپه,036070,6
17183,2179,اشنار,036145,6
17184,2179,چپقلو,036154,6
17185,2179,چناق بلاغ,036155,6
17186,2179,صومعه سفلی,036161,6
17187,2179,نودیق,036168,6
17188,2179,برزلیق,036207,6
17189,2179,حلمسی,036213,6
17190,2179,قشلاق برزلیق,036219,6
17191,2179,گاوینه رود,036226,6
17192,2179,سیه دولان,264025,6
17193,2180,امامکندی,039184,6
17194,2180,بلارغو,039187,6
17195,2180,بهله,039188,6
17196,2180,پادگان شهید آب شناسان,039189,6
17197,2180,عمرآباد,039190,6
17198,2180,جبل کندی,039191,6
17199,2180,حاجی بایرام,039193,6
17200,2180,حماملار,039194,6
17201,2180,خرم آباد,039195,6
17202,2180,دلادر,039196,6
17203,2180,زنگ آباد,039197,6
17204,2180,سلطان آباد,039198,6
17205,2180,سنجیلیک,039199,6
17206,2180,شریف آباد,039200,6
17207,2180,شیرکانی,039201,6
17208,2180,قولنجی,039206,6
17209,2180,قویوجق,039207,6
17210,2180,قهرمان,039208,6
17211,2180,کاسب,039209,6
17212,2180,کانی شوریک,039210,6
17213,2180,کوره سفلی,039212,6
17214,2180,کوره علیا,039213,6
17215,2180,کهریز,039214,6
17216,2180,گل تپه,039215,6
17217,2180,گلانیک سفلی,039216,6
17218,2180,گلانیک علیا,039217,6
17219,2180,گولان,039219,6
17220,2180,ماکوکندی,039220,6
17221,2180,محمودان,039221,6
17222,2180,مشیک,039223,6
17223,2180,نورالدین آباد,039227,6
17224,2180,پیرگل,039521,6
17225,2180,علیکان,804025,6
17226,2180,شهرک صنعتی فاز 3,904304,6
17227,2181,باری,039186,6
17228,2181,جمال آباد,039192,6
17229,2181,قالقاچی,039203,6
17230,2181,قره باغ,039204,6
17231,2181,گورچین قلعه,039218,6
17232,2181,نجف آباد,039226,6
17233,2181,مقیطالو,804026,6
17234,2181,مجتمع تفریحی وتوریستی باری,804669,6
17235,2182,ارزین,039277,6
17236,2182,آشیک,039278,6
17237,2182,انبی,039279,6
17238,2182,آودی,039280,6
17239,2182,بالولان,039281,6
17240,2182,برزین,039282,6
17241,2182,تولکی,039283,6
17242,2182,تی باتان,039285,6
17243,2182,حکی,039288,6
17244,2182,خانقاه,039289,6
17245,2182,دوبره,039290,6
17246,2182,دوست آلان,039291,6
17247,2182,شیبان,039293,6
17248,2182,شیخ شمزین,039294,6
17249,2182,تالین,039295,6
17250,2182,کورانه,039298,6
17251,2182,گرده بلیج,039299,6
17252,2182,موانا,039300,6
17253,2182,هارولان,039301,6
17254,2182,اربیلان,039506,6
17255,2182,آویک,039513,6
17256,2182,بانی,039514,6
17257,2182,بصریک,039516,6
17258,2182,بی قوز,039518,6
17259,2182,پسان,039519,6
17260,2182,سوره بان,039541,6
17261,2182,شهرویران,039544,6
17262,2182,کریم آباد,039552,6
17263,2182,کورته کویل,039555,6
17264,2182,گاولان,039558,6
17265,2182,گلان کانی,039560,6
17266,2182,مارمیشو,039564,6
17267,2182,هلانیک,039575,6
17268,2182,شوینا,804980,6
17269,2182,دژبانی نظامی,804982,6
17270,2182,پایگاه نظامی بانی,804983,6
17271,2182,برجک مرزی مارمیشو,804984,6
17272,2182,پایگاه مرزی,904309,6
17273,2182,گلکه,904495,6
17274,2183,تولی/ تلو,039284,6
17275,2183,چمان,039286,6
17276,2183,سولیک,039292,6
17277,2183,بدکار,039330,6
17278,2183,برده سور,039331,6
17279,2183,پیش قلعه,039332,6
17280,2183,پیرهادی,039333,6
17281,2183,تویی,039334,6
17282,2183,جرمی,039335,6
17283,2183,حلفله,039336,6
17284,2183,خوشاکو,039338,6
17285,2183,داره سنجی,039339,6
17286,2183,دربند,039340,6
17287,2183,دزگیر,039341,6
17288,2183,دولاپسان,039342,6
17289,2183,راژان,039343,6
17290,2183,زری خان,039344,6
17291,2183,زنگلان,039345,6
17292,2183,سلیم بیگ,039346,6
17293,2183,قره اولی,039349,6
17294,2183,قصریک,039350,6
17295,2183,کایی,039351,6
17296,2183,گوجار,039352,6
17297,2183,میرآباد,039353,6
17298,2183,مزرعه نوشان,039354,6
17299,2183,نوشان سفلی,039355,6
17300,2183,نوشان علیا,039356,6
17301,2183,احمد رسول,040028,6
17302,2183,اوعلی,040033,6
17303,2183,سد شهرچایی,342759,6
17304,2183,مجتمع اداری بخش سیلوانا,804989,6
17305,2183,خری,904303,6
17306,2184,ژراژی,039386,6
17307,2184,ژارآباد,039387,6
17308,2184,اورسی,039388,6
17309,2184,باوان,039389,6
17310,2184,براسب,039390,6
17311,2184,برازان,039391,6
17312,2184,بست,039392,6
17313,2184,بی بکران,039393,6
17314,2184,تازه کند,039394,6
17315,2184,توپوزآباد,039395,6
17316,2184,چریک آباد,039396,6
17317,2184,حسن آباد,039397,6
17318,2184,خلج,039398,6
17319,2184,خوراسب,039399,6
17320,2184,دوکانه,039400,6
17321,2184,دیزج,039401,6
17322,2184,درگه,039402,6
17323,2184,زیوه,039403,6
17324,2184,سرین آباد,039404,6
17325,2184,سورکان,039405,6
17326,2184,سوسن آباد,039406,6
17327,2184,سوله دوگل,039407,6
17328,2184,سه گرگان,039408,6
17329,2184,شکل آباد,039409,6
17330,2184,شیخ زرد,039411,6
17331,2184,شیرکان,039412,6
17332,2184,علیه,039413,6
17333,2184,فلکان,039414,6
17334,2184,قارانه,039415,6
17335,2184,کانی دستار,039416,6
17336,2184,کانی طایر,039417,6
17337,2184,کایر,039418,6
17338,2184,کچل آباد,039419,6
17339,2184,کچله,039420,6
17340,2184,کسیان,039421,6
17341,2184,گل بهی,039422,6
17342,2184,کلاسی,039423,6
17343,2184,گردوان,039424,6
17344,2184,گردیک,039425,6
17345,2184,گردیک ناصر,039426,6
17346,2184,گلستانه,039427,6
17347,2184,لورزینا,039428,6
17348,2184,لاجانی,039429,6
17349,2184,ملاباسک,039431,6
17350,2184,مملکان,039432,6
17351,2184,منصورآباد,039433,6
17352,2184,میرآباد,039434,6
17353,2184,ناری,039435,6
17354,2184,نرگی,039436,6
17355,2184,نوی,039437,6
17356,2184,هاشم آباد,039438,6
17357,2184,هفت آباد,039439,6
17358,2184,کان اسپی,039440,6
17359,2185,اخیان بزرگ,039504,6
17360,2185,اخیان کوچک,039505,6
17361,2185,اسکندرآباد,039507,6
17362,2185,آسینگران,039508,6
17363,2185,اشکه سو,039509,6
17364,2185,آلوسان,039510,6
17365,2185,اودلان سفلی,039511,6
17366,2185,اودلان علیا,039512,6
17367,2185,بتیک,039515,6
17368,2185,پست,039520,6
17369,2185,تازه کند,039522,6
17370,2185,چره,039527,6
17371,2185,خانیک,039529,6
17372,2185,خلیان,039531,6
17373,2185,خوش آلان,039532,6
17374,2185,دربند,039533,6
17375,2185,ربط,039535,6
17376,2185,روند سفلی,039536,6
17377,2185,روند علیا,039537,6
17378,2185,زنگکان,039538,6
17379,2185,حاجی محمود,039542,6
17380,2185,شگفتیک علیا,039543,6
17381,2185,صوفی کانی,039545,6
17382,2185,عمرآباد,039546,6
17383,2185,قرنسا,039547,6
17384,2185,قره آغاج,039548,6
17385,2185,قصریک,039549,6
17386,2185,کانی شوریک,039551,6
17387,2185,کورانه,039554,6
17388,2185,کولگنی,039556,6
17389,2185,کانسپی,039557,6
17390,2185,گل شیخان,039559,6
17391,2185,گنگچین,039561,6
17392,2185,گوران آباد,039562,6
17393,2185,گندوک ملا,039563,6
17394,2185,مافران,039565,6
17395,2185,مجروسه,039566,6
17396,2185,مرگرش,039567,6
17397,2185,مستکان,039568,6
17398,2185,ملونه,039570,6
17399,2185,میرداود,039571,6
17400,2185,نی چالان,039573,6
17401,2185,هفت ساران,039574,6
17402,2185,هنگروان,039576,6
17403,2185,امام کندی,039577,6
17404,2185,برده زی علیا,039657,6
17405,2185,سیارک,039673,6
17406,2185,فیروزیان,039681,6
17407,2185,کینسی,039689,6
17408,2185,گنبد,039693,6
17409,2185,هله قوش,039702,6
17410,2185,دمان,804001,6
17411,2185,پاسگاه کنترل شهید حاتمی,804819,6
17412,2185,پاسگاه مرزی گمرک سرو,804821,6
17413,2185,پایگاه مرزی,904310,6
17414,2186,آغ سقل,039651,6
17415,2186,باوان,039653,6
17416,2186,بردوک,039655,6
17417,2186,برده رش,039656,6
17418,2186,پیرانجوق,039661,6
17419,2186,جلقران,039664,6
17420,2186,جوجهی,039665,6
17421,2186,جوهنی,039666,6
17422,2186,حسنلو,039667,6
17423,2186,خره گوش,039669,6
17424,2186,سلطانی,039672,6
17425,2186,حسین آباد,039675,6
17426,2186,صوفیان,039678,6
17427,2186,عبدی بیگ,039680,6
17428,2186,قصریک,039682,6
17429,2186,کانسپی,039685,6
17430,2186,کانی میران,039687,6
17431,2186,مزرعه چاوشان,039688,6
17432,2186,گوران,039690,6
17433,2186,کودل,039694,6
17434,2186,مرنه,039696,6
17435,2186,هشتیان,039701,6
17436,2186,هورسین,039703,6
17437,2186,گچی,039706,6
17438,2187,اسکندریان,039650,6
17439,2187,باژرگه,039652,6
17440,2187,بچه جیک,039654,6
17441,2187,بردیان,039658,6
17442,2187,براسبی,039659,6
17443,2187,بستک آباد,039660,6
17444,2187,غازان,039662,6
17445,2187,چتر,039663,6
17446,2187,خانیک,039668,6
17447,2187,ریگ آباد,039670,6
17448,2187,ساکان,039671,6
17449,2187,سیدان,039674,6
17450,2187,صورمان آباد,039677,6
17451,2187,قورمیک,039683,6
17452,2187,قرنی,039684,6
17453,2187,کانی رش,039686,6
17454,2187,گله خر,039691,6
17455,2187,گلی سویی,039692,6
17456,2187,مستکان,039697,6
17457,2187,ممکان,039698,6
17458,2187,میرآباد,039699,6
17459,2187,مینگل,039700,6
17460,2187,ینگجه,039704,6
17461,2187,حسن آباد,039705,6
17462,2187,نادسر,342756,6
17463,2188,انگمان,039784,6
17464,2188,باراندوز,039790,6
17465,2188,جعفریان,039812,6
17466,2188,جرنی,039813,6
17467,2188,چاورش,039816,6
17468,2188,چهل چشمه,039817,6
17469,2188,حسوکندی,039820,6
17470,2188,حیدرلو,039824,6
17471,2188,خرم آباد,039826,6
17472,2188,خطایلو,039828,6
17473,2188,دیدان سفلی,039833,6
17474,2188,دیدان علیا,039834,6
17475,2188,دیزج رحیم,039836,6
17476,2188,دیزج فتحی,039837,6
17477,2188,ساعتلوی کوه,039843,6
17478,2188,سیدک,039845,6
17479,2188,سیر,039846,6
17480,2188,شیخ لر مزاری,039851,6
17481,2188,علی آباد باراندوز,039855,6
17482,2188,کلیسای سیر,039869,6
17483,2188,گزنه کش,039873,6
17484,2188,نرلو,039890,6
17485,2188,ورمزیار,039895,6
17486,2188,هوندوک,039897,6
17487,2188,بزوه,040038,6
17488,2188,بند,040039,6
17489,2188,جانویسلو,040045,6
17490,2188,شملکان,040062,6
17491,2188,ساری بیگلوی موسی,342593,6
17492,2188,پارک الکترونیک,804678,6
17493,2189,آغبلاغ,039772,6
17494,2189,اوزان ملک,039787,6
17495,2189,ایلزگی,039788,6
17496,2189,باروژ,039791,6
17497,2189,بالانج,039792,6
17498,2189,بربران,039793,6
17499,2189,بزرگ آباد,039795,6
17500,2189,بیات,039796,6
17501,2189,تازه کند جمال خان,039798,6
17502,2189,تپه ماکو,039802,6
17503,2189,توپوزآباد,039805,6
17504,2189,تولکان,039806,6
17505,2189,تومتر,039807,6
17506,2189,حصار آغبلاغ,039821,6
17507,2189,درین قلعه,039831,6
17508,2189,دولاما,039832,6
17509,2189,رحیم آباد,039838,6
17510,2189,زویک,039839,6
17511,2189,سیلانه,039847,6
17512,2189,شعبان کندی,039849,6
17513,2189,شیروکندی,039852,6
17514,2189,طرزلو,039853,6
17515,2189,عیسی لو,039856,6
17516,2189,فولادلو,039858,6
17517,2189,قاسملو,039859,6
17518,2189,قلعه جوق,039864,6
17519,2189,کاروانسرا,039867,6
17520,2189,کورانی,039870,6
17521,2189,کوکیا,039872,6
17522,2189,گلدانلو,039874,6
17523,2189,مبارک آباد,039876,6
17524,2189,محمودآباد,039877,6
17525,2189,نوروزبلاغی,039893,6
17526,2189,نیولو,039894,6
17527,2189,کارخانه پتروشیمی ارومیه,342586,6
17528,2189,مجتمع فولاد ارومیه,804693,6
17529,2189,ایستگاه مطالعاتی پارک ملی,804698,6
17530,2189,پلیس راه ارومیه میاندوآب,904278,6
17531,2190,برهانلو,039794,6
17532,2190,دیزج تکیه,039835,6
17533,2190,سارالان,039840,6
17534,2190,ساری بیگلوی معین,039841,6
17535,2190,ساعتلو,039842,6
17536,2190,شمس حاجیان,039850,6
17537,2190,فقیه بیگلو,039857,6
17538,2190,قرالرکوه,039861,6
17539,2190,قره آغاج,039862,6
17540,2190,قطلو,039863,6
17541,2190,قورشالو,039866,6
17542,2190,گوگ تپه,039875,6
17543,2190,وندایی,039896,6
17544,2190,دکل صداو سیما,340458,6
17545,2190,شرکت فولاد آذران,804723,6
17546,2190,مجتمع آموزش دخترانه قره قاچ,804733,6
17547,2190,مزرعه پرورش قزل آلای آبشار,804741,6
17548,2190,تراکتورسازی ارومیه,804772,6
17549,2190,شرکت عمران فولاد آذر,804775,6
17550,2190,شرکت گونی بافی پروپیلن آذربایجان,804776,6
17551,2191,امیرآباد,040301,6
17552,2191,آیبلو,040307,6
17553,2191,برنج آباد,040315,6
17554,2191,بوربور,040317,6
17555,2191,تکالو,040327,6
17556,2191,توپراق قلعه,040328,6
17557,2191,صفرقلی کندی,040330,6
17558,2191,چیچکلوی باش قلعه,040338,6
17559,2191,چیچکلوی منصور,040339,6
17560,2191,دانقرالو,040352,6
17561,2191,دده سقی,040354,6
17562,2191,ساریجالو,040362,6
17563,2191,ساری بیگلوی آرالیق,040364,6
17564,2191,شورکند,040371,6
17565,2191,گلمرز علیا,040372,6
17566,2191,شیخ تیمور,040373,6
17567,2191,بهی صفر,040376,6
17568,2191,عیسی لوی حیدرلو,040388,6
17569,2191,عیسی لوی زمی,040389,6
17570,2191,قازان علی,040392,6
17571,2191,قرابقلو,040394,6
17572,2191,قزل حاجیلو,040406,6
17573,2191,قصور,040409,6
17574,2191,قلعه عزیزبیگ,040412,6
17575,2191,قهرمانلوی سفلی,040414,6
17576,2191,قهرمانلوی علیا,040415,6
17577,2191,کچه باش,040418,6
17578,2191,گزنق,040424,6
17579,2191,گلمرز سفلی,040425,6
17580,2191,گویجه علی تپه,040429,6
17581,2191,گویجه علی اصلان,040430,6
17582,2191,مزرعه اوج اولر,040439,6
17583,2191,یغمور علی,040446,6
17584,2191,یورقون آباد علیا,040449,6
17585,2191,یورقون آباد سفلی,040450,6
17586,2191,یوسف آباد,040451,6
17587,2191,یگان نظامی دوآب,340428,6
17588,2191,اسلام پناه,340429,6
17589,2191,پادگان شهید جلیل بیدار,342531,6
17590,2191,پادگان المهدی قرارگاه حمزه سیدالشهداء,342532,6
17591,2191,شهرک صنعتی ارومیه (فاز یک),342758,6
17592,2191,موقعیت شهید گرجی,804802,6
17593,2191,شرکت آذر کاویان,804807,6
17594,2191,فرماندهی لجستیک نیروی زمینی سپاه,804812,6
17595,2191,مرغداری فردوس,804818,6
17596,2191,پادگان المهدی,904210,6
17597,2191,فرماندهی توپخانه عملیاتی لشکر 3 حمزه سیدالشهداء استان,904213,6
17598,2192,آغچه قلعه,040024,6
17599,2192,اسلاملو,040029,6
17600,2192,آلمان آباد,040030,6
17601,2192,الیاس آباد,040031,6
17602,2192,امامزاده,040032,6
17603,2192,آیدینلو,040034,6
17604,2192,ایگدیر,040035,6
17605,2192,باراجوق,040036,6
17606,2192,بالدرلو,040037,6
17607,2192,بوراشان,040040,6
17608,2192,بیرلان,040041,6
17609,2192,پشتگل,040042,6
17610,2192,ترمنی,040043,6
17611,2192,جارچیلو,040044,6
17612,2192,چهره گشا,040047,6
17613,2192,حاجی پیرلو,040048,6
17614,2192,حصار ترمنی,040049,6
17615,2192,حصار حاجیلار,040050,6
17616,2192,دارغالو,040052,6
17617,2192,کلیسا کندی,040053,6
17618,2192,دیزج نقاله,040055,6
17619,2192,ریحان آباد,040056,6
17620,2192,ریکان,040057,6
17621,2192,سنگر میرعبداله,040059,6
17622,2192,مزرعه سه سلر,040060,6
17623,2192,اوچ قبرلر/ سه قبرلو,040061,6
17624,2192,صالح آباد,040063,6
17625,2192,صداقه,040064,6
17626,2192,عیسی کان,040068,6
17627,2192,قامت,040069,6
17628,2192,قره آغاج,040070,6
17629,2192,قراجلو,040071,6
17630,2192,قره حسنلو,040072,6
17631,2192,قشلاق محمدقلی,040073,6
17632,2192,قشلاق میرزاعلی,040074,6
17633,2192,قطورلار,040075,6
17634,2192,قلیلو,040076,6
17635,2192,کردلر,040077,6
17636,2192,کشتیبان,040078,6
17637,2192,گباران,040079,6
17638,2192,گل پرچین,040080,6
17639,2192,گلمانخانه,040081,6
17640,2192,لشنلو,040082,6
17641,2192,مراجول,040083,6
17642,2192,مشک آباد سفلی,040084,6
17643,2192,مشک آباد علیا,040085,6
17644,2192,میاوق,040086,6
17645,2192,وزیرآباد,040087,6
17646,2192,هسبستان,040088,6
17647,2192,ینگجه قاضی,040089,6
17648,2192,یووالار,040090,6
17649,2192,دهکده ساحلی چی چست,340346,6
17650,2192,ندامتگاه ارومیه,342471,6
17651,2192,پادگان گلمانخانه,342624,6
17652,2192,مرکز آموزش نیروی انتظامی مالک اشتر,342625,6
17653,2192,اداره کشتیرانی دریاچه ارومیه,804842,6
17654,2192,نیروی انتظامی امامزاده,804848,6
17655,2192,آمادگاه شهید جعفرپور,804857,6
17656,2192,آسایشگاه مهر,804861,6
17657,2192,دانشگاه علم و فن,904311,6
17658,2192,قشلاق محمد شریف,904493,6
17659,2192,شهر جدید گلمان,904496,6
17660,2193,القیان,039782,6
17661,2193,اردو شاهی,039783,6
17662,2193,اوچ اولر,039785,6
17663,2193,اوزان اسکندری,039786,6
17664,2193,بابا رود,039789,6
17665,2193,تازه کند,039797,6
17666,2193,تبت,039799,6
17667,2193,طالب آباد,039800,6
17668,2193,تپه ترکمان,039801,6
17669,2193,ترکمان,039803,6
17670,2193,تکه,039804,6
17671,2193,تیز خراب,039808,6
17672,2193,غریب کندی,039809,6
17673,2193,جبل کندی,039810,6
17674,2193,خنجر قشلاقی,039811,6
17675,2193,جیران سفلی,039814,6
17676,2193,جیران علیا,039815,6
17677,2193,قرالر حاجی قاسم,039818,6
17678,2193,حسن آباد,039819,6
17679,2193,حصار ترکمان,039822,6
17680,2193,حصار گاپوچی,039823,6
17681,2193,خضرآباد,039827,6
17682,2193,داربارود,039829,6
17683,2193,سردرود,039844,6
17684,2193,شاهین آباد,039848,6
17685,2193,عربلو,039854,6
17686,2193,قرالر آقا تقی,039860,6
17687,2193,قورت تپه,039865,6
17688,2193,کوسه آباد,039871,6
17689,2193,مرادعلی سفلی,039878,6
17690,2193,مرادعلی علیا,039879,6
17691,2193,مرادکندی,039880,6
17692,2193,مقدم,039885,6
17693,2193,میرشکارلو,039887,6
17694,2193,نای بین,039889,6
17695,2193,نظرآباد افتخار,039891,6
17696,2193,نظرآباد قلعه,039892,6
17697,2193,چوب تراش,040046,6
17698,2193,ساراجوق,040058,6
17699,2193,طسمالو,040065,6
17700,2193,مزرعه پرورش ماهی قزل سو,804870,6
17701,2193,پادگان شهید رضا یوسفی,804874,6
17702,2193,صنایع شیر پاستوریزه پگاه,804881,6
17703,2193,اسپوتا,804885,6
17704,2193,کارخانه شهد امروز,804890,6
17705,2193,اردوگاه فرهنگی و تربیتی شهید باکری,804903,6
17706,2193,ستاد فرماندهی گروه مهندسی صاحب الزمان,904262,6
17707,2193,شرکت مارال صنعت جاوید,904271,6
17708,2193,هنرستان کشاورزی شهید بهشتی,904305,6
17709,2194,ژارآباد,040158,6
17710,2194,اسلام آباد,040159,6
17711,2194,بالستان,040160,6
17712,2194,برده کش,040161,6
17713,2194,پیرعلی,040162,6
17714,2194,ثمرتو,040163,6
17715,2194,جلبر,040164,6
17716,2194,داش آغل,040165,6
17717,2194,دربند,040166,6
17718,2194,دلو,040167,6
17719,2194,دیزج دول,040168,6
17720,2194,رشکان,040169,6
17721,2194,زیوه,040170,6
17722,2194,سلطان آباد,040171,6
17723,2194,قمشلو,040172,6
17724,2194,کمانه,040173,6
17725,2194,کنعان ایل/ کنعان علیا,040174,6
17726,2194,کنعان رعیت/ کنعان سفلی,040175,6
17727,2194,ناری,040176,6
17728,2194,نازناز,040177,6
17729,2194,ناناس,040178,6
17730,2194,نصیرآباد,040179,6
17731,2194,شرکت سیمان ارومیه,340169,6
17732,2194,مجتمع کارکنان کارخانه سیمان,340180,6
17733,2194,شهرک روستایی نصر,342595,6
17734,2194,مزرعه و گاوداری جهانگیری,804012,6
17735,2194,اردوگاه فرهنگی و تفریحی دانشگاه علوم پزشکی,804999,6
17736,2195,آشناآباد,040214,6
17737,2195,انهر سفلی,040216,6
17738,2195,انهر علیا,040217,6
17739,2195,بادکی,040219,6
17740,2195,بالاجی,040220,6
17741,2195,پیرمراد,040221,6
17742,2195,تازه کندانهر,040222,6
17743,2195,تیز خراب,040223,6
17744,2195,جهتلو,040224,6
17745,2195,حصار امیر حسین بیگ,040225,6
17746,2195,خلیفتان,040227,6
17747,2195,درزم,040228,6
17748,2195,زینالو,040229,6
17749,2195,سنجلیک,040231,6
17750,2195,قره حسنلو,040233,6
17751,2195,قشلاق طرزلو,040234,6
17752,2195,قصریک,040235,6
17753,2195,کانی قوزان,040236,6
17754,2195,کوتالان,040237,6
17755,2195,گجین,040238,6
17756,2195,کلهر,040239,6
17757,2195,گوز گوند,040240,6
17758,2195,لرنی,040241,6
17759,2195,لور,040242,6
17760,2195,میرآباد,040243,6
17761,2195,ولنده سفلی,040245,6
17762,2195,ولنده علیا,040246,6
17763,2195,یورقانلو,040247,6
17764,2195,بالو,040313,6
17765,2195,قزل عاشق,040407,6
17766,2195,کولق,040422,6
17767,2195,گنج آباد,040428,6
17768,2195,کارخانه بتن آرین,904002,6
17769,2195,آمادگاه امام حسین,904019,6
17770,2196,اوزار لو,040304,6
17771,2196,ایروانلو,040308,6
17772,2196,باربین,040311,6
17773,2196,بزلو,040316,6
17774,2196,تازه کند افشار,040320,6
17775,2196,شاه جهان آباد,040324,6
17776,2196,غفاربهی,040329,6
17777,2196,چنقرالوی یکان,040336,6
17778,2196,چیچکلوی حاجی آقا,040337,6
17779,2196,دایلاق,040353,6
17780,2196,دستجرد,040355,6
17781,2196,زایه کندی,040358,6
17782,2196,سامسالو,040367,6
17783,2196,سعیدلو,040369,6
17784,2196,سلیم کندی,040370,6
17785,2196,شیخ سرمست,040374,6
17786,2196,عباس آباد,040378,6
17787,2196,عربلوی آقا علی,040380,6
17788,2196,عربلوی بیشه,040381,6
17789,2196,عربلوی دره,040382,6
17790,2196,عربلوی یکان,040383,6
17791,2196,عسگرآباد تپه,040384,6
17792,2196,فرودگاه اورمیه,040390,6
17793,2196,فقی بیگلو,040391,6
17794,2196,قرخلو,040396,6
17795,2196,قره گوزایل,040400,6
17796,2196,قرالر حاجی بابا,040401,6
17797,2196,قره گوز سلیم,040402,6
17798,2196,قره لر لطف الله,040404,6
17799,2196,قره حسینقلی,040405,6
17800,2196,کاکلر,040417,6
17801,2196,گردآباد,040423,6
17802,2196,مرنگلوی کوچک,040438,6
17803,2196,پلیس راه ارومیه,340251,6
17804,2196,تیرچه بلوک و یونولیت جودت,904091,6
17805,2196,کارخانه ایران رخش,904100,6
17806,2197,آباجالوی سفلی,040294,6
17807,2197,آده بزرگ,040296,6
17808,2197,عیسی لوی الله وردی/ اوصالوی الله وردی,040305,6
17809,2197,اوصالوی کاظم,040306,6
17810,2197,چمکی,040333,6
17811,2197,حصار سپورغان,040344,6
17812,2197,خانشان,040348,6
17813,2197,خداوردی خان کندی,040350,6
17814,2197,زیرمانلو,040361,6
17815,2197,سپورغان,040368,6
17816,2197,طلاتپه,040377,6
17817,2197,موش آباد,040441,6
17818,2197,ینگجه,040447,6
17819,2197,ایست بازرسی پل شهید کلانتری,342663,6
17820,2197,گاوداری معصومه نهال امید,904032,6
17821,2197,شهرک گلخانه جهاد کشاورزی,904033,6
17822,2197,شرکت بهپرور ارومیه,904034,6
17823,2197,پاسگاه طلاتپه,904035,6
17824,2197,پلیس راه ارومیه تبریز و کارگاه های پل شهید کلانتری,904308,6
17825,2198,تازه کند,039523,6
17826,2198,پتیک,039524,6
17827,2198,تمتمان,039525,6
17828,2198,خرابه سنجی,039530,6
17829,2198,سنجی,039540,6
17830,2198,کانی رش,039550,6
17831,2198,آرمودآغاج,040297,6
17832,2198,قاطر چی,040299,6
17833,2198,بدلبو,040314,6
17834,2198,بهلول آباد,040318,6
17835,2198,تازه کند جنیزه,040322,6
17836,2198,تازه کند قاطرچی,040323,6
17837,2198,جنیزه,040332,6
17838,2198,حاجی آباد,040340,6
17839,2198,حصار خرابه,040343,6
17840,2198,دانشکده کشاورزی,040351,6
17841,2198,قرالر طسوجی,040395,6
17842,2198,اسماعیل آقا قلعه سی,040410,6
17843,2198,قلعه سردار,040411,6
17844,2198,کوسه احمد,040420,6
17845,2198,کوسی,040421,6
17846,2198,نازلو,040442,6
17847,2198,یورقانلوی جنیزه,040448,6
17848,2198,ایستگاه مخابراتی,904039,6
17849,2198,پرورش ماهی آراز,904041,6
17850,2198,دانشکده پزشکی ارومیه,904044,6
17851,2198,فرخکندی,904048,6
17852,2198,شزکت آسفالت سازه سازان,904053,6
17853,2198,شرکت آسفالت قزل یول,904055,6
17854,2198,شرکت آسفالت آیدین,904057,6
17855,2198,کارخانه آسفالت ابراهیم زاده,904065,6
17856,2198,معدن شن و ماسه پور مغل,904070,6
17857,2198,مزرعه هسپستان,904071,6
17858,2198,معدن شن و ماسه امینی,904074,6
17859,2199,چر,039526,6
17860,2199,مسکین,039569,6
17861,2199,آباجالوی علیا,040295,6
17862,2199,ارنسا,040298,6
17863,2199,انگنه,040302,6
17864,2199,اوخچیلار,040303,6
17865,2199,بابا گنجه,040310,6
17866,2199,باشلام بشلو,040312,6
17867,2199,پر,040319,6
17868,2199,تقلیدآباد,040326,6
17869,2199,چناقلو,040334,6
17870,2199,چنقرالوی پل,040335,6
17871,2199,حصار بابا گنجه,040341,6
17872,2199,حصار بهرام خان,040342,6
17873,2199,حیدرلو,040345,6
17874,2199,حیدرلوی بیگلر,040346,6
17875,2199,خالدآباد,040347,6
17876,2199,خانقاه سرخ,040349,6
17877,2199,دویران,040356,6
17878,2199,رحیم آباد,040357,6
17879,2199,زده لو,040359,6
17880,2199,زنبلان,040360,6
17881,2199,ساری بیگلوی چراغ,040363,6
17882,2199,ساعتلوی بیگلر,040365,6
17883,2199,شیرآباد,040375,6
17884,2199,عبدالله کندی,040379,6
17885,2199,عسگرآباد کوه,040385,6
17886,2199,علی بیگلو,040386,6
17887,2199,علی کندی,040387,6
17888,2199,قره جلو,040397,6
17889,2199,قره قویونلو,040398,6
17890,2199,قره قیز,040399,6
17891,2199,قشلاق شکور,040408,6
17892,2199,قلنجلو,040413,6
17893,2199,کریم آباد,040419,6
17894,2199,کلوان,040427,6
17895,2199,گویجه یاران,040431,6
17896,2199,باغستان/گجلار,040432,6
17897,2199,لک,040433,6
17898,2199,لله لوی تراب,040435,6
17899,2199,لول هام,040436,6
17900,2199,مرنگلوی بزرگ,040437,6
17901,2199,نخجوان تپه,040443,6
17902,2199,وقاصلوی سفلی (کچل علی سفلی),040444,6
17903,2199,وقاصلوی علیا (کچل علی علیا),040445,6
17904,2199,کارخانه گچ بسته بندی ارومیه,340122,6
17905,2199,تازه کند بابا گنجه,342448,6
17906,2199,تپه بابا گنجه,342449,6
17907,2199,کانون تولد دوباره کوثر ارومیه,904105,6
17908,2199,شرکت صنعتی و معدنی سفالینه,904107,6
17909,2199,تاسیسات سیلندر گاز پرکنی,904108,6
17910,2199,سازمان جنگلها و مراتع وزارت کشاورزی,904111,6
17911,2199,پست بانک کریم آباد,904112,6
17912,2199,کارخانه شن و ماسه نخجوان,904113,6
17913,2199,نمایندگی تراکتور سازی ارومیه,904115,6
17914,2199,سیلو گندم ارومیه,904118,6
17915,2199,ایستگاه تحقیقات کشاورزی,904119,6
17916,2199,کارخانه صنعت کسری مداین,904120,6
17917,2199,شرکت سرایک گرانیت,904121,6
17918,2199,شرکت شن و ماسه رضایی,904122,6
17919,2199,کوره آجرپزی شاه محمدی,904123,6
17920,2199,شهرک صنعتی نوشین شهر,904124,6
17921,2199,مرغداری طلارنگ,904494,6
17922,2200,امین آباد,040722,6
17923,2200,بادین آباد,040723,6
17924,2200,بایرام آباد,040724,6
17925,2200,بن دره,040725,6
17926,2200,پادگان پیرانشهر,040726,6
17927,2200,تمرچین,040727,6
17928,2200,جران,040728,6
17929,2200,چیانه,040729,6
17930,2200,دلاوران,040730,6
17931,2200,دیلزه,040731,6
17932,2200,زیدان,040732,6
17933,2200,زیوه,040733,6
17934,2200,سوغان لو,040734,6
17935,2200,سرکردکان,040735,6
17936,2200,قیز قپان,040737,6
17937,2200,قلعه تراش,040738,6
17938,2200,قلعه سید احمد,040739,6
17939,2200,مزرعه قمطره,040740,6
17940,2200,گاسوره ده,040741,6
17941,2200,کله کین,040742,6
17942,2200,کهنه لاهیجان,040744,6
17943,2200,گردم خانه,040745,6
17944,2200,گزگسک,040746,6
17945,2200,گل آباد,040747,6
17946,2200,وتمان آباد,040749,6
17947,2200,نمنچه,040750,6
17948,2200,آبلس,040751,6
17949,2200,خواجه علی,040752,6
17950,2200,مزرعه ملاطاهر ارجمندی,340481,6
17951,2200,شهرک دیلزه,340488,6
17952,2200,شهرک صنعتی پیرانشهر,342714,6
17953,2200,توپخانه ارتش,904246,6
17954,2200,گروهان احتیاط چیانه,904247,6
17955,2200,گمرک تمرچین پیرانشهر,904253,6
17956,2201,آبخوره,040951,6
17957,2201,بادین آباد منگور غربی,040953,6
17958,2201,بازرگان,040954,6
17959,2201,باوله سفلی,040955,6
17960,2201,باوله سیدان,040956,6
17961,2201,بدرآباد,040958,6
17962,2201,برده رشان,040959,6
17963,2201,برده گوره,040960,6
17964,2201,بسطام بگ,040961,6
17965,2201,بیکوس,040962,6
17966,2201,مزرعه پانه سر,040963,6
17967,2201,تازه قلعه,040965,6
17968,2201,ترکش سفلی,040966,6
17969,2201,ترکش علیا,040967,6
17970,2201,خورچیان,040969,6
17971,2201,خری آغلان,040970,6
17972,2201,دشت گندمان,040972,6
17973,2201,دوچومان/ دوچمن,040973,6
17974,2201,زاویه غوره,040975,6
17975,2201,سلوس,040976,6
17976,2201,سرتز,040977,6
17977,2201,سوستان علیا,040978,6
17978,2201,شالی آباد,040981,6
17979,2201,شختان,040982,6
17980,2201,شکرآباد,040983,6
17981,2201,شهرستن,040984,6
17982,2201,قباد بگیان,040986,6
17983,2201,قلات,040987,6
17984,2201,کانی اشکو,040988,6
17985,2201,کانی سیب,040990,6
17986,2201,کانی شینکا,040991,6
17987,2201,کرمندار,040995,6
17988,2201,سپی سنگ,040996,6
17989,2201,کوپر,040997,6
17990,2201,گردباسک,040998,6
17991,2201,گرد رحمت,040999,6
17992,2201,گرد شیطان,041000,6
17993,2201,گرد شینان,041001,6
17994,2201,گرد نعلین,041003,6
17995,2201,گزگسک,041004,6
17996,2201,گلک,041006,6
17997,2201,مام هیبه,041007,6
17998,2201,ورمیشان,041010,6
17999,2201,حجران,041011,6
18000,2201,هنگ آباد,041012,6
18001,2201,قبرحسین/ پردان,342716,6
18002,2201,قهوه خانه ترکش,342723,6
18003,2201,خری چغندره,904256,6
18004,2201,پایگاه سپاه شهید کاوه,904313,6
18005,2202,اشنوزنگ,040784,6
18006,2202,برده گل,040789,6
18007,2202,برکمران,040790,6
18008,2202,خراپا,040803,6
18009,2202,خره بردشان,040805,6
18010,2202,دربکه,040807,6
18011,2202,ریگ آباد,040811,6
18012,2202,زنگ آباد,040813,6
18013,2202,زینواینجان,040814,6
18014,2202,کاسه گران,040827,6
18015,2202,کپله حسن,040834,6
18016,2202,گنده گولان سفلی,040836,6
18017,2202,گنده گولان علیا,040837,6
18018,2202,گرداشوان,040842,6
18019,2202,گرده گوران,040848,6
18020,2202,گنه دار,040851,6
18021,2202,لاوین,040853,6
18022,2203,احمد غریب,040783,6
18023,2203,بابکرآباد,040787,6
18024,2203,بالابان,040788,6
18025,2203,تیپ 25 شهید حسین شهرام فر,040791,6
18026,2203,پسوه,040793,6
18027,2203,توژاله,040795,6
18028,2203,توان,040796,6
18029,2203,توپزآباد,040797,6
18030,2203,حاجی غلده,040799,6
18031,2203,خرنج,040804,6
18032,2203,دایه شیخی,040806,6
18033,2203,سرین چاوه,040816,6
18034,2203,سنجله,040817,6
18035,2203,شلیم جاران,040820,6
18036,2203,قره خضر,040822,6
18037,2203,قورچاوه,040825,6
18038,2203,کانی اشکوت,040828,6
18039,2203,کانی باغ,040829,6
18040,2203,کلانی بداغ,040830,6
18041,2203,کانی ملا,040833,6
18042,2203,کندر,040835,6
18043,2203,کیله سپیان,040839,6
18044,2203,کیله علیا,040840,6
18045,2203,گرداسه,040841,6
18046,2203,گردکسپیان,040843,6
18047,2203,گرده بن,040846,6
18048,2203,گرگول سفلی,040849,6
18049,2203,گرگول علیا,040850,6
18050,2203,لکین,040852,6
18051,2203,مزرعه بازرگه,040855,6
18052,2203,مزرعه دیلکه,040856,6
18053,2203,مزرعه سیدآباد,040857,6
18054,2203,مزرعه شیوه برسی,040858,6
18055,2203,مزرعه کانی زرد,040859,6
18056,2203,مزرعه کله کوله سفلی,040860,6
18057,2203,مزرعه کله کوله علیا,040861,6
18058,2203,مزرعه کوره,040862,6
18059,2203,مزرعه کیله سفلی,040863,6
18060,2203,مزرعه هوشین,040864,6
18061,2203,هابلس,040865,6
18062,2203,اوغن,040952,6
18063,2203,دولی گوزان,040974,6
18064,2203,سیوه کده سفلی,040979,6
18065,2203,سیوه کده علیا,040980,6
18066,2203,کانی خلیلان,040989,6
18067,2203,کانی کله,040992,6
18068,2203,کانی کیسلان,040993,6
18069,2203,کانی نوبته,040994,6
18070,2203,گرد مراد,041002,6
18071,2203,گنه دار,041005,6
18072,2203,میشه ده سفلی,041008,6
18073,2203,میشه ده علیا,041009,6
18074,2203,یاقوش,041013,6
18075,2203,شهرک شهید رضوانی لک بن,340549,6
18076,2203,شهرک گلخانه ای مه لاله سروکانی,904245,6
18077,2203,سد مخزنی گرده بین (در حال احداث),904315,6
18078,2204,پادگان جلدیان,040792,6
18079,2204,پیره کانی,040794,6
18080,2204,جلدیان,040798,6
18081,2204,حمزه آباد سفلی,040800,6
18082,2204,حمزه آباد علیا,040801,6
18083,2204,خالدار,040802,6
18084,2204,رزگاری,040810,6
18085,2204,زبکا,040812,6
18086,2204,سیلوه,040818,6
18087,2204,قوبه,040824,6
18088,2204,کارخانه قند پیرانشهر,040826,6
18089,2204,کولیج,040838,6
18090,2204,گرد کولان,040845,6
18091,2204,گرده سور,040847,6
18092,2204,ماشکان,040854,6
18093,2204,هوارابید,040866,6
18094,2204,سد سیلوه,904240,6
18095,2204,پاسگاه شهید صیاد شیرازی,904242,6
18096,2205,احمدآباد,041295,6
18097,2205,اکبرآباد,041298,6
18098,2205,اگری بوجاق,041299,6
18099,2205,پارچی,041304,6
18100,2205,جعفرآباد,041308,6
18101,2205,حیدرآباد,041309,6
18102,2205,دیزج جمشیدخان,041310,6
18103,2205,زاغه,041311,6
18104,2205,سراب,041313,6
18105,2205,سگتلو,041315,6
18106,2205,عسگرآباد,041318,6
18107,2205,قزقلعه,041320,6
18108,2205,قوزلجه,041321,6
18109,2205,آدی یامان/ کشک زر,041323,6
18110,2205,ممده,041326,6
18111,2205,آغ بلاغ میدان,041428,6
18112,2205,آغدره,041510,6
18113,2205,آلقویروق,041513,6
18114,2205,بدل آباد,041515,6
18115,2205,حاجت کده,041522,6
18116,2205,خانقاه,041524,6
18117,2205,روند,041526,6
18118,2205,سوسوز,041528,6
18119,2205,قرخ یاشار,041532,6
18120,2205,کتن لوی سفلی,041536,6
18121,2205,کتن لوی علیا,041537,6
18122,2205,پادگان آموزشی امام خمینی,340881,6
18123,2205,کم,342543,6
18124,2205,عزت آباد,342544,6
18125,2205,مرغداری گوشتی پرویز,904379,6
18126,2205,تاسیسات آبرسانی شهری مخزن 1000 متر مکعبی,904380,6
18127,2205,تیرچه بلوک باقری,904381,6
18128,2205,دامداری قدکچی,904382,6
18129,2205,مرغداری رضا اوغلی,904383,6
18130,2205,ایستگاه تحقیقات کشاورزی,904384,6
18131,2205,مرغداری,904385,6
18132,2205,تالار پرددیس و کارواش و مرغداری,904387,6
18133,2205,جایگاه CNG خلیج فارس,904388,6
18134,2205,مرغداری,904389,6
18135,2205,دامداری,904390,6
18136,2205,دامداری سید دوراچی,904391,6
18137,2205,مرغداری رضا دوست,904392,6
18138,2206,آباطی,041372,6
18139,2206,آغداش,041373,6
18140,2206,امیربیگ,041374,6
18141,2206,باغ صفا,041375,6
18142,2206,بختیاران,041376,6
18143,2206,بویلاپوش/ پیله پوش,041377,6
18144,2206,بزگوش,041378,6
18145,2206,چاوشقلی,041379,6
18146,2206,حصار سفلی,041380,6
18147,2206,حصار قره تپه,041381,6
18148,2206,خان دیزج,041382,6
18149,2206,خویمن جدید,041384,6
18150,2206,دلجلی,041385,6
18151,2206,رهال,041386,6
18152,2206,زاویه شیخلر,041387,6
18153,2206,سعلکده,041388,6
18154,2206,سیوان,041389,6
18155,2206,بیله وردی,041390,6
18156,2206,شیرین کندی,041391,6
18157,2206,قره تپه,041392,6
18158,2206,کورتی,041393,6
18159,2206,گنبد,041394,6
18160,2206,گورپران,041395,6
18161,2206,هندوان,041397,6
18162,2206,یزدکان,041398,6
18163,2206,وار,041539,6
18164,2206,استران,041570,6
18165,2206,بابکان,041575,6
18166,2206,بیانلو,041577,6
18167,2206,سینور,041588,6
18168,2206,امامکندی,041657,6
18169,2206,تگلک,041661,6
18170,2206,شعبان لوی سفلی,041672,6
18171,2206,قوروق,041681,6
18172,2206,تولیدی مبل الماس (شریفی)/ قندریزی نامی فر,340650,6
18173,2206,معدن گچ شیره کی,342570,6
18174,2206,دامداری سید حسینی,342596,6
18175,2206,نیروگاه سیکل ترکیبی خوی,804029,6
18176,2206,شهرک صنعتی خوی,804030,6
18177,2206,بتن آماده و شن و ماسه اورین قوم آذران,804035,6
18178,2206,پرورش ماهی قزل آلای نوایی,804037,6
18179,2206,کارخانه عمل آوری و بسته بندی قارچ قره قوم,804038,6
18180,2206,کارخانه تولید لبنیات شرکت قشلاق لبن خوی,804039,6
18181,2206,مرغداری وحدت به فر,804040,6
18182,2206,کارخانه بلوک زنی پیری,804041,6
18183,2206,شرکت قایم انفاق خوی,804042,6
18184,2206,دامداری و پرورش ماهی قزل آلا و زینتی,904393,6
18185,2206,مرغداری چیت ساز خوی,904394,6
18186,2206,دامداری,904395,6
18187,2206,کارخانه تولید خوراک آماده دام,904396,6
18188,2206,دامداری جعفرزاده,904397,6
18189,2206,رستوران باغ بهشت,904398,6
18190,2206,کارگاه بلوک زنی قلی زاده,904399,6
18191,2206,دامداری یونس حاجی حسینلو,904400,6
18192,2207,آغچه قشلاق,041655,6
18193,2207,اسمعیل کندی,041656,6
18194,2207,بایرام کندی,041659,6
18195,2207,بولاماج,041660,6
18196,2207,خاک مردان,041664,6
18197,2207,خنجرخان,041665,6
18198,2207,دیزج مرتضی خان/ موسی قلی کندی,041667,6
18199,2207,دیزج هریک,041668,6
18200,2207,سید تاج الدین,041670,6
18201,2207,شرکت خدمات روستایی,041671,6
18202,2207,شوربلاغ,041674,6
18203,2207,عذاب,041675,6
18204,2207,فنایی,041677,6
18205,2207,قراجلو,041679,6
18206,2207,جهانگیرآباد,041682,6
18207,2207,ملاجنود,041684,6
18208,2207,فرودگاه خوی,804031,6
18209,2207,مرغداری برادران کریمی,804124,6
18210,2207,دامداری جمشید تقی لو,804229,6
18211,2207,کارخانه آجر سفال ولی زادگان,904419,6
18212,2208,پکاجیک,041305,6
18213,2208,سرابدال,041314,6
18214,2208,کردنشین,041322,6
18215,2208,گوهران,041324,6
18216,2208,امینه ده,041658,6
18217,2208,حشه رود/ حاشیه رود,041663,6
18218,2208,سعیدآباد,041669,6
18219,2208,شورآب,041673,6
18220,2208,علیرضاآباد,041676,6
18221,2208,قره شعبان,041680,6
18222,2209,برژوک,041258,6
18223,2209,بردرش سفلی,041259,6
18224,2209,بردرش علیا,041260,6
18225,2209,بلبان,041261,6
18226,2209,بلسور سفلی,041262,6
18227,2209,بلسور علیا,041263,6
18228,2209,تودان,041264,6
18229,2209,جنگسر,041265,6
18230,2209,چخماق,041266,6
18231,2209,چکمه زر,041267,6
18232,2209,دیزج الند,041268,6
18233,2209,طوره,041269,6
18234,2209,قزل آغل,041270,6
18235,2209,قورشاق لو,041271,6
18236,2209,کرکوش,041272,6
18237,2209,یارپاقلو,041273,6
18238,2209,مصطفی آباد,041274,6
18239,2209,پاسگاه بله سور سفلی,340844,6
18240,2209,پاسگاه طوره,340846,6
18241,2209,پاسگاه قورشاه لو,340847,6
18242,2209,پایگاه بوران,340849,6
18243,2209,پاسگاه نظربیگ,340850,6
18244,2209,پاسگاه کرکوش,340851,6
18245,2210,اریکلو,041426,6
18246,2210,آغ باش,041427,6
18247,2210,آغبلاغ سفلی,041429,6
18248,2210,آغبلاغ علیا,041430,6
18249,2210,آق توپراق,041431,6
18250,2210,اورتاکند,041432,6
18251,2210,هدر,041433,6
18252,2210,دمدم,041434,6
18253,2210,دنبکی,041435,6
18254,2210,دیبک,041436,6
18255,2210,زاویه,041437,6
18256,2210,سنت,041439,6
18257,2210,شگفتی,041440,6
18258,2210,شوریک,041441,6
18259,2210,علی شیخ,041442,6
18260,2210,قارنجه,041443,6
18261,2210,قورقان,041444,6
18262,2210,قره آغاج,041445,6
18263,2210,قره قوش سفلی,041446,6
18264,2210,قره قوش علیا,041447,6
18265,2210,قزلجه,041448,6
18266,2210,قزلداش سفلی,041449,6
18267,2210,قزلداش علیا,041450,6
18268,2210,قیز وانی,041453,6
18269,2210,قینر سفلی,041454,6
18270,2210,قینر علیا,041455,6
18271,2210,کاپوت,041456,6
18272,2210,کلوانس,041458,6
18273,2210,کلیسا,041459,6
18274,2210,مزرعه کوچه مشک,041460,6
18275,2210,گرمدرق,041461,6
18276,2210,گلدور,041462,6
18277,2210,گله پران,041463,6
18278,2210,محمد شلی,041464,6
18279,2210,ممش خان,041465,6
18280,2210,کولوس,043278,6
18281,2210,ملااسماعیل,043285,6
18282,2210,سنت علیا,804003,6
18283,2210,دامداری,904401,6
18284,2211,حسین آباد مراکان,041157,6
18285,2211,مراکان,041171,6
18286,2211,اعتضادیه,041297,6
18287,2211,بیزنده,041302,6
18288,2211,بیله وار,041303,6
18289,2211,پیرکندی,041306,6
18290,2211,تپه باشی,041307,6
18291,2211,سیه باز,041316,6
18292,2211,مظفرآباد,041325,6
18293,2211,یاریم قیه,041332,6
18294,2211,آغبلاغ,041654,6
18295,2211,کارخانه گچ تعاونی 19,340721,6
18296,2211,پاسگاه انتظامی ایواوغلی,340754,6
18297,2211,مسجد,340755,6
18298,2211,کارخانه نساجی,342720,6
18299,2211,کارخانه سیمان آذرآبادگان,804050,6
18300,2211,کارخانه گچ بسته بندی خوی,804051,6
18301,2211,کارخانه آسفالت برادران رضایی,804052,6
18302,2211,مرغداری خوی مرغ,804064,6
18303,2211,دامداری موسوی,804065,6
18304,2211,ایستگاه پمپ گاز,804066,6
18305,2211,دامداری حاج غلامرضا صحرایی,804067,6
18306,2211,دامداری شهریار زارعی,904330,6
18307,2211,جوشکاری منصور/ غذاخوری قایم,904337,6
18308,2211,دامداری,904339,6
18309,2211,دامداری ابراهیم زاهدی,904340,6
18310,2211,دامداری بهبران,904341,6
18311,2211,دامداری تیمور زارعی,904342,6
18312,2211,دامداری حسن عبدالخانی,904343,6
18313,2211,دامداری دنیوی,904344,6
18314,2211,دامداری سید هدایت موسوی,904345,6
18315,2211,دامداری علی محمدی,904346,6
18316,2211,دامداری کمال,904348,6
18317,2211,دامداری محمد ابراهیم جلفایی,904349,6
18318,2211,دامداری یاسین محمد علی جلفایی,904350,6
18319,2211,رستوران ساحل و ایواغلی,904355,6
18320,2211,کارخانه آسفالت شهرداری ایواغلی,904365,6
18321,2211,مرغداری حسین دوشابخور,904372,6
18322,2211,مرغداری مجید طایفه حسین لو,904377,6
18323,2211,خانه مسکونی محمدعلی رضیی نیا,904378,6
18324,2212,آغشلو,041294,6
18325,2212,ارسی,041296,6
18326,2212,باغ درق,041301,6
18327,2212,زارعان,041312,6
18328,2212,قانی قیه,041319,6
18329,2212,مهلزان/ ملهزان,041327,6
18330,2212,نوایی,041328,6
18331,2212,ویشلق سفلی,041329,6
18332,2212,ویشلق علیا,041330,6
18333,2212,چشمه,041662,6
18334,2212,ولدیان,041685,6
18335,2213,علی سرمه/ السرمه,041571,6
18336,2213,آلمالو,041572,6
18337,2213,تاریمیش,041578,6
18338,2213,چالیان,041580,6
18339,2213,راویان,041586,6
18340,2213,زری,041587,6
18341,2213,کفیل/ صالح آباد,041590,6
18342,2213,قره گل,041593,6
18343,2213,قیله لیق,041596,6
18344,2213,کفچرین/ کفرچین,041598,6
18345,2213,گوگرد,041602,6
18346,2213,پاسگاه حفاظتی دره خان,342576,6
18347,2214,ایستگاه رازی,041573,6
18348,2214,بلجوک,041576,6
18349,2214,ترس آباد,041579,6
18350,2214,حبش سفلی,041581,6
18351,2214,حبش علیا,041582,6
18352,2214,رازی,041585,6
18353,2214,شریف آباد,041589,6
18354,2214,عارف آباد,041592,6
18355,2214,کلت سفلی,041599,6
18356,2214,کلت علیا,041600,6
18357,2214,کوتان آباد,041601,6
18358,2214,گرناویک,041603,6
18359,2214,یوسف آباد,041604,6
18360,2214,گیوران,041605,6
18361,2214,مخین,041606,6
18362,2214,میرعمر,041608,6
18363,2214,نجیب آباد,041609,6
18364,2214,هسته جیک,041610,6
18365,2214,پاسگاه بلجوک,340942,6
18366,2214,بازار مشترک قطور,340946,6
18367,2214,پاسگاه مرزی میله 291,340947,6
18368,2214,پاسگاه هسته جوک,340953,6
18369,2214,پاسگاه مرزی میله 326,342481,6
18370,2214,پاسگاه ترس آباد,342627,6
18371,2214,پاسگاه مرزی تازه کند,342628,6
18372,2214,راهدار خانه و کارگاه شرکت بهاک,904422,6
18373,2214,غذاخوری کوهستان,904423,6
18374,2214,کارخانه ماسه شویی عمران سازان,904424,6
18375,2214,پاسگاه سپاه,904425,6
18376,2215,قوردیک سفلی,041451,6
18377,2215,قوردیک علیا,041452,6
18378,2215,میدان سفلی,041466,6
18379,2215,میدان علیا,041467,6
18380,2215,بطچی,041517,6
18381,2215,پیرموسی,041519,6
18382,2215,زاویه حسن خان,041527,6
18383,2215,شیوان کندی,041529,6
18384,2215,قریس,041534,6
18385,2215,قشلاق,041535,6
18386,2215,دیزج,041540,6
18387,2216,احمدآباد/ خرابه بدلان,041511,6
18388,2216,آقاسی کندی,041512,6
18389,2216,باغ رجب,041514,6
18390,2216,بدلان,041516,6
18391,2216,پسک سفلی,041518,6
18392,2216,جهنم دره,041521,6
18393,2216,حصار,041523,6
18394,2216,داش پسک,041525,6
18395,2216,صوفی کندی,041531,6
18396,2216,قره داش,041533,6
18397,2216,کوچک,041538,6
18398,2216,قشقابلاغ,041594,6
18399,2216,هندوان,041611,6
18400,2216,میری کندی,904136,6
18401,2216,چوب بری و پوشال زنی و دامداری خواجه محمد لو,904402,6
18402,2216,غذاخوری آتاباغی,904403,6
18403,2216,مرغداری جانگداز,904404,6
18404,2216,مزرعه پرورش بوقلمون,904405,6
18405,2216,مزرعه پرورش بوقلمون ایلیا,904406,6
18406,2216,مرغداری گوشتی تقی زاده,904407,6
18407,2217,برژه/ بژوه,041769,6
18408,2217,اشکان سفلی,041770,6
18409,2217,اشکان علیا,041771,6
18410,2217,بالتان,041772,6
18411,2217,بردان,041773,6
18412,2217,بشکه,041774,6
18413,2217,بناوه,041775,6
18414,2217,بیطوش,041776,6
18415,2217,تیت سفلی,041777,6
18416,2217,تیت علیا,041778,6
18417,2217,خواره میر,041779,6
18418,2217,دیگه,041780,6
18419,2217,دول آلان,041781,6
18420,2217,دولکان,041782,6
18421,2217,دوله,041783,6
18422,2217,دوله کرین,041784,6
18423,2217,دیناران,041785,6
18424,2217,رجاگه,041786,6
18425,2217,رشکان اسماعیل,041787,6
18426,2217,رشکان علیا,041788,6
18427,2217,زرده کانی سفلی,041789,6
18428,2217,زرده کانی علیا,041790,6
18429,2217,سنجوه,041791,6
18430,2217,شیرانی,041792,6
18431,2217,کارگژان,041793,6
18432,2217,کاکوسان,041794,6
18433,2217,کاوژان,041795,6
18434,2217,گاکه,041796,6
18435,2217,گرتگ,041797,6
18436,2217,گرماب سفلی,041798,6
18437,2217,گرماب علیا,041799,6
18438,2217,گوزله,041800,6
18439,2217,ماوندا,041801,6
18440,2217,میرگاسه,041802,6
18441,2217,مزرعه,041803,6
18442,2217,مزن آباد,041804,6
18443,2217,میدان,041805,6
18444,2217,ارزنه,041806,6
18445,2217,آلمان,041846,6
18446,2217,رازگاه,041855,6
18447,2217,زیوه,041858,6
18448,2217,شیخه سور,041863,6
18449,2217,مزرعه کریوا,041867,6
18450,2217,کلتوان,041868,6
18451,2217,گرویس,041871,6
18452,2217,گلاسپید,041872,6
18453,2217,مهرگان,041873,6
18454,2217,گردآباد,342452,6
18455,2217,دوله میر,342453,6
18456,2217,دول نیری,342454,6
18457,2217,مزرعه زرده کانی,342753,6
18458,2218,فقیه خدریان,041864,6
18459,2218,نوکردار,041875,6
18460,2218,ژاژوکه,041911,6
18461,2218,ابراهیم بور,041912,6
18462,2218,اسب میرزا,041913,6
18463,2218,اشخله گوز,041915,6
18464,2218,باسکه روت,041917,6
18465,2218,بانو,041919,6
18466,2218,باوه,041920,6
18467,2218,بیران,041921,6
18468,2218,برده سپیان,041922,6
18469,2218,بری آش,041923,6
18470,2218,بیوران سفلی,041927,6
18471,2218,بیوران علیا,041928,6
18472,2218,مزرعه پیرگی,041929,6
18473,2218,ترشیان,041930,6
18474,2218,چاکی,041931,6
18475,2218,چپر,041932,6
18476,2218,خره آغلان,041934,6
18477,2218,خره چاکی,041935,6
18478,2218,درمان آباد بالا و درمان آباد پایین,041936,6
18479,2218,دوله بی,041937,6
18480,2218,دوله گرم,041938,6
18481,2218,رشه هرمه,041939,6
18482,2218,سرچاوه,041940,6
18483,2218,سندولان,041941,6
18484,2218,سوره چوم,041942,6
18485,2218,سیوه تال,041943,6
18486,2218,شله سیو,041944,6
18487,2218,شیبانه,041945,6
18488,2218,فقه سلیمان,041950,6
18489,2218,قازان,041951,6
18490,2218,قلعه رش,041952,6
18491,2218,قوله سویر,041953,6
18492,2218,کانی بی,041955,6
18493,2218,کانی رش,041956,6
18494,2218,کانی سیو,041957,6
18495,2218,کولکه رش سفلی,041958,6
18496,2218,کولکه رش علیا,041959,6
18497,2218,کاوله کون,041960,6
18498,2218,کیفارآباد,041962,6
18499,2218,گرد مریشک,041963,6
18500,2218,گلینه بزرگ,041964,6
18501,2218,گولان سفلی,041967,6
18502,2218,گولان علیا,041968,6
18503,2218,مامه وت,041969,6
18504,2218,مراغان,041970,6
18505,2218,مرادان,041971,6
18506,2218,مزرعه ورتندو,041972,6
18507,2218,میرشیخ حیدر,041973,6
18508,2218,نیونمام,041974,6
18509,2218,هوار سلیمان,041975,6
18510,2218,سرچاوه,041976,6
18511,2218,بنوخلف,042295,6
18512,2218,توه,042299,6
18513,2218,زوران,042304,6
18514,2218,سلکتان,042307,6
18515,2218,شمه شیخه,042310,6
18516,2218,عباس آباد,042311,6
18517,2218,کنه مشکه,042313,6
18518,2218,کوربناو,042314,6
18519,2218,کهنه زوران,042316,6
18520,2218,ملاشیخ,042321,6
18521,2218,نشگولان,042325,6
18522,2218,نینا,042327,6
18523,2218,واشمزین,042329,6
18524,2218,ورده,042331,6
18525,2218,مزرعه زونان محمد علی پروزی,904214,6
18526,2218,گروهان احتیاط و پشتیبانی مرزی,904215,6
18527,2218,گروهان مرزی بیوران علیا,904216,6
18528,2219,آسن آباد,041845,6
18529,2219,مزرعه چاله,041847,6
18530,2219,مزرعه چمپمو,041848,6
18531,2219,خانه خل سفلی,041850,6
18532,2219,خانه خل علیا,041851,6
18533,2219,دارمرجان,041852,6
18534,2219,دارنشان,041853,6
18535,2219,مزرعه دشت بارزان,041854,6
18536,2219,زره مرگ,041856,6
18537,2219,زلاوان,041857,6
18538,2219,سابنه,041859,6
18539,2219,سوتوان,041860,6
18540,2219,شره خور,041861,6
18541,2219,شلماش,041862,6
18542,2219,کانی بی,041865,6
18543,2219,مزرعه کانی سیو,041866,6
18544,2219,کولسه سفلی,041869,6
18545,2219,کولسه علیا,041870,6
18546,2219,نیسک آباد,041876,6
18547,2219,ورچک,041877,6
18548,2219,باسکدو,041916,6
18549,2219,باغ,041918,6
18550,2219,شیواشان,041947,6
18551,2219,بانه زیر,042042,6
18552,2219,بریسو,042043,6
18553,2219,بصره,042044,6
18554,2219,بناویله بزرگ,042045,6
18555,2219,بناویله کوچک,042046,6
18556,2219,دارساوین,042047,6
18557,2219,قولته,042050,6
18558,2219,گندکه,042052,6
18559,2219,میکل آباد,042056,6
18560,2219,یوسف گلی,042059,6
18561,2219,پاسگاه قضایی دارساوین,340982,6
18562,2219,دشته,342633,6
18563,2219,آب و فاضلاب روستایی,342698,6
18564,2219,پلیس راه سردشت,342700,6
18565,2219,کارخانه شهد سردشت,342701,6
18566,2219,سازمان آموزش فنی وحرفه ای,342703,6
18567,2219,بیمارستان سردشت,342705,6
18568,2219,سد کولوسه,904217,6
18569,2219,قولته سفلی,904221,6
18570,2220,اشترمل,041914,6
18571,2220,بزیله,041924,6
18572,2220,بناوه,041925,6
18573,2220,بیشارب,041926,6
18574,2220,شینو,041946,6
18575,2220,شیوه اصل,041949,6
18576,2220,کهنه شینو,041961,6
18577,2220,گورانکان,041966,6
18578,2220,بالان,042041,6
18579,2220,شالگه,042049,6
18580,2220,کانی گوز,042051,6
18581,2220,لیلانه,042053,6
18582,2220,ماولو,042054,6
18583,2220,مرانه,042055,6
18584,2220,وتمان آباد,042057,6
18585,2220,هندآباد,042058,6
18586,2220,باریکانی,042080,6
18587,2220,بروه,042081,6
18588,2220,بلاو,042082,6
18589,2220,بناویله حاجی مینه,042083,6
18590,2220,جبرند,042087,6
18591,2220,دول شریخه,042093,6
18592,2220,زمزیران,042096,6
18593,2220,سرتکه,042097,6
18594,2220,سیروه,042100,6
18595,2220,سی سر,042101,6
18596,2220,شموله/ شموبیله,042103,6
18597,2220,شندره,042104,6
18598,2220,شیخ عیسی,042105,6
18599,2220,قامیشه,042107,6
18600,2220,گلی اسماعیل/ قلعه سمور,042108,6
18601,2220,کاله دره,042109,6
18602,2220,کنه ورچه,042112,6
18603,2220,کوتان,042113,6
18604,2220,گرگ آباد,042117,6
18605,2220,گوله,042118,6
18606,2220,میونان,042123,6
18607,2220,نستان,042124,6
18608,2220,ورگل,042127,6
18609,2220,ولیو,042128,6
18610,2220,هرمزآباد,042129,6
18611,2220,همران,042130,6
18612,2220,نژاوه,042323,6
18613,2220,سیداوا,342631,6
18614,2220,دبیرستان شبانه روزی خاتم الانبیا,904220,6
18615,2220,شهرک صنعتی سردشت,904226,6
18616,2220,کارخانه شن و ماسه محمد رسولی,904229,6
18617,2221,اولق,042505,6
18618,2221,باغچه جیک,042506,6
18619,2221,پته ویر,042508,6
18620,2221,پکاجیک,042509,6
18621,2221,حصار,042510,6
18622,2221,خانقاه,042511,6
18623,2221,خسروآباد,042512,6
18624,2221,درزه کنان,042513,6
18625,2221,درشک,042514,6
18626,2221,زاویه جیک,042515,6
18627,2221,سرنق,042516,6
18628,2221,سوره,042517,6
18629,2221,عبدل آباد,042519,6
18630,2221,قلعه سر,042521,6
18631,2221,کوچمشک,042522,6
18632,2221,کلشان,042523,6
18633,2221,گلعذان,042524,6
18634,2221,گولان,042525,6
18635,2221,مغانجوق,042526,6
18636,2221,ملحم,042527,6
18637,2221,هفتوان,042528,6
18638,2221,آقااسماعیل,042750,6
18639,2221,شرکت بهمن غرب,341076,6
18640,2221,انبارجهادشهیدلطیفی-تولید مبل ابری,341120,6
18641,2221,باغ خلیل شاطر,341124,6
18642,2221,"گاوداری علیزاده , نجمی و صمدی",341126,6
18643,2221,پایگاه شهید شیرازی,341140,6
18644,2221,گاوداری حسین ناصری,804078,6
18645,2221,شرکت پلاستیک سازی ممتاز نو,804095,6
18646,2221,مجتمع گاوداری,804096,6
18647,2221,صنایع نساجی سلماس نسج,804097,6
18648,2221,صنایع سنگ اخوان,804098,6
18649,2221,شرکت خدمات فنی رضا-نمایندگی فروش سایپا دیزل(سرنقی),804103,6
18650,2221,شرکت حمل و نقل سلماس-مرکز مکانیزه معاینه فنی-نمایندگی س,804104,6
18651,2221,صنایع سنگبری اخوان,804106,6
18652,2221,سردخانه اطمینان,804125,6
18653,2221,گاوداری حمید اکبری,804230,6
18654,2221,بیمارستان 160 تختخوابی سلماس (جدید الحداث),904487,6
18655,2221,شرکت کشت و صنعت و دامپروری پگاه سلماس,904488,6
18656,2222,اوربان,042671,6
18657,2222,ایستگاه راه آهن قره تپه,042672,6
18658,2222,پاسگاه قره تپه,042673,6
18659,2222,پیه جیک,042674,6
18660,2222,چهارستون,042675,6
18661,2222,چیچک,042676,6
18662,2222,دیرعلی,042677,6
18663,2222,ریگ آباد,042678,6
18664,2222,سرای ملک,042679,6
18665,2222,شیدان,042680,6
18666,2222,سیلاب,042681,6
18667,2222,شکریازی,042682,6
18668,2222,شوریک,042683,6
18669,2222,شیره کی,042684,6
18670,2222,ایان,042685,6
18671,2222,کانیان,042686,6
18672,2222,گوبه,042688,6
18673,2222,گولان,042689,6
18674,2222,لشگران,042690,6
18675,2222,مافی کندی,042691,6
18676,2222,وردان,042692,6
18677,2222,هدر,042693,6
18678,2222,ینگجه,042694,6
18679,2222,دکل مخابراتی قره تپه,342561,6
18680,2223,اخیان,042504,6
18681,2223,شورگل,042518,6
18682,2223,قاباخ تپه,042520,6
18683,2223,آبگرم,042719,6
18684,2223,آق زیارت/ آغ زیارت,042720,6
18685,2223,تمر,042721,6
18686,2223,تیز خراب,042722,6
18687,2223,خان تختی,042723,6
18688,2223,زیندشت,042724,6
18689,2223,آغبلاغ/ کانی سفید,042725,6
18690,2223,مغول,042726,6
18691,2223,میناس,042728,6
18692,2223,پادگان اموزشی قدس,340995,6
18693,2223,آجرماشینی شیخ زاده,804117,6
18694,2223,کارخانه آسفالت شهرداری سلماس,804120,6
18695,2224,برگشاد,042507,6
18696,2224,آختاخانه,042749,6
18697,2224,بخشکندی,042751,6
18698,2224,چوبانلوی سفلی,042753,6
18699,2224,چوبانلوی علیا,042754,6
18700,2224,حبشی,042755,6
18701,2224,حمزه کندی,042756,6
18702,2224,خانه دام,042757,6
18703,2224,سلطان احمد,042758,6
18704,2224,صدقیان,042759,6
18705,2224,قره قشلاق,042760,6
18706,2224,قزلجه,042761,6
18707,2224,کنگرلو,042762,6
18708,2224,مزرعه ججنی,042763,6
18709,2224,یالقوز آغاج,042764,6
18710,2224,یوشانلو,042765,6
18711,2224,کارخانه گچ اینه سلماس,342721,6
18712,2224,هواشناسی سینوپتیک سلماس,804085,6
18713,2224,تصفیه خانه آب و فاضلاب سلماس,804086,6
18714,2224,شهرک صنعتی سلماس,804087,6
18715,2224,کارخانه آسفالت,804091,6
18716,2224,پایگاه نظامی ارتش,904489,6
18717,2224,ندامتگاه 500 نفری سلماس,904490,6
18718,2224,پادگان پدافند هوایی ارتش,904491,6
18719,2224,منطقه ویژه اقتصادی سلماس (در حال احداث),904492,6
18720,2225,آجواج,042432,6
18721,2225,اصلانیک,042434,6
18722,2225,بلقران,042437,6
18723,2225,چهریق سفلی,042439,6
18724,2225,چهریق علیا,042440,6
18725,2225,حسبشه,042441,6
18726,2225,حق وران,042442,6
18727,2225,زرین دره,042446,6
18728,2225,زنگو,042447,6
18729,2225,سوسن آباد,042450,6
18730,2225,قصریک,042455,6
18731,2225,کتبان,042457,6
18732,2225,کهریز,042458,6
18733,2225,لیلوس,042461,6
18734,2225,ماته خرابه,042462,6
18735,2225,میرآباد,042463,6
18736,2225,همت آباد,042466,6
18737,2225,یونجالیق,042467,6
18738,2225,برازی,042558,6
18739,2225,سپی دره,042564,6
18740,2225,کلران,042573,6
18741,2225,شناتال علیا,042604,6
18742,2225,گرماویچ,042610,6
18743,2225,الیاس,042631,6
18744,2225,بزبزان,042632,6
18745,2225,بهارآباد,042633,6
18746,2225,تمرآباد,042634,6
18747,2225,جنگسر,042635,6
18748,2225,داراب,042636,6
18749,2225,دیلمان دریک,042637,6
18750,2225,سیاوان,042638,6
18751,2225,شرنی,042640,6
18752,2225,قذرآباد,042641,6
18753,2225,گردیان,042642,6
18754,2225,گله شین,042643,6
18755,2225,لک آباد علیا,042645,6
18756,2225,لورا شیرین,042646,6
18757,2225,لولیک سفلی,042647,6
18758,2225,لولیک علیا,042648,6
18759,2225,وریک,042649,6
18760,2225,شناتال سفلی,342523,6
18761,2225,مزرعه لک آباد سفلی,342550,6
18762,2225,معدن سنگ,342597,6
18763,2225,جمال آباد,342626,6
18764,2225,سد مخزنی دریگ چای سلماس,804128,6
18765,2225,تاسیسات سد مخزنی زولا,804129,6
18766,2225,زولابهیک,904300,6
18767,2226,استوره,042554,6
18768,2226,استون رش,042555,6
18769,2226,اورتانیس,042556,6
18770,2226,بالکان,042557,6
18771,2226,خناوین,042560,6
18772,2226,دلزی,042562,6
18773,2226,دوستان,042563,6
18774,2226,شیروانی,042566,6
18775,2226,قصریک علیا,042567,6
18776,2226,گالیک,042569,6
18777,2226,گریکان,042570,6
18778,2226,کله رش پایین(سفلی),042571,6
18779,2226,کله رش بالا(علیا),042572,6
18780,2226,گوزیک,042574,6
18781,2226,هرکیان,042575,6
18782,2226,هشتراک,042576,6
18783,2226,شیوادر,042639,6
18784,2226,هرین,042650,6
18785,2226,دشوانک,341149,6
18786,2226,پاسگاه مرزی اورت,804135,6
18787,2226,پاسگاه مرزی قصریک,804136,6
18788,2227,آشنک/ آشناک,042433,6
18789,2227,آغ برزه,042435,6
18790,2227,بروشخواران,042436,6
18791,2227,خورخورا,042443,6
18792,2227,دریک,042444,6
18793,2227,دشوان,042445,6
18794,2227,سنجی,042449,6
18795,2227,صوفی آباد,042451,6
18796,2227,قزل کند,042454,6
18797,2227,کاپیک,042456,6
18798,2227,گبرآباد,042459,6
18799,2227,گوزیک,042460,6
18800,2227,نظرآباد,042464,6
18801,2227,هبلران,042465,6
18802,2227,پیرمند,042559,6
18803,2227,شمرین,042565,6
18804,2227,قصریک شپیران,042568,6
18805,2227,جاندار,042600,6
18806,2227,حاجی جفان,042601,6
18807,2227,درگه,042602,6
18808,2227,شیوه,042605,6
18809,2227,کسیس,042606,6
18810,2227,کشکاویچ,042607,6
18811,2227,کوم,042608,6
18812,2227,کوزه رش,042609,6
18813,2227,گل آدم,042687,6
18814,2227,محل احداث بازار مشترک ایران و ترکیه ( فاقد ساختمان),340994,6
18815,2227,علی بلاغی علیا,342520,6
18816,2227,پاسگاه مرزی راویان,804130,6
18817,2227,پاسگاه مرزی چهار ستون,804131,6
18818,2227,پاسگاه مرزی بروشخوران,804132,6
18819,2227,پاسگاه مرزی کوزه رش,804133,6
18820,2227,پاسگاه مرزی چیچک,804134,6
18821,2228,اداغان,042818,6
18822,2228,اینچه سفلی,042825,6
18823,2228,اینچه علیا,042826,6
18824,2228,جل,042839,6
18825,2228,حسولزکی,042842,6
18826,2228,عبداله کندی,042860,6
18827,2228,میرزا خلیل,042893,6
18828,2228,یعقوبعلی کندی کرد,042898,6
18829,2228,النلر,043603,6
18830,2228,ایلان قره,043604,6
18831,2228,ایلان قره تازه کند,043605,6
18832,2228,بلجک,043609,6
18833,2228,تاتار,043611,6
18834,2228,تلیم خان سفلی,043613,6
18835,2228,تلیم خان علیا,043614,6
18836,2228,جگن لوی عجم,043615,6
18837,2228,جگن لوی کرد,043616,6
18838,2228,حاسین بزرگ,043619,6
18839,2228,حاسین کوچک,043620,6
18840,2228,حسوشکی,043621,6
18841,2228,حصار,043622,6
18842,2228,دوه یاتان,043626,6
18843,2228,رند,043628,6
18844,2228,علی آباد رند,043636,6
18845,2228,علی قندو/ علی قندو علیا,043639,6
18846,2228,قره تپه,043643,6
18847,2228,قزل داغ عجم,043644,6
18848,2228,قزل داغ کرد,043645,6
18849,2228,محمودآغلی,043656,6
18850,2228,مخند,043657,6
18851,2228,مولیک علیا,043661,6
18852,2228,میرزا دولماز,043662,6
18853,2228,هندور,043664,6
18854,2228,هورو,043665,6
18855,2228,ترکمه,043740,6
18856,2228,شیخ علی جان,043755,6
18857,2228,کاروانقران,043760,6
18858,2228,کهریز مایل کندی,043766,6
18859,2228,گاموس/ جاموس,043767,6
18860,2228,مایل کندی,043771,6
18861,2228,تازه کند آداغان,342755,6
18862,2228,شهرک سنگ و صنایع سنگین منطقه آزاد,804209,6
18863,2229,بارون,043367,6
18864,2229,بیجان,043371,6
18865,2229,دیبک,043396,6
18866,2229,قره بلاغ,043430,6
18867,2229,آغبلاغ چمنلو,043731,6
18868,2229,باغچه جوق,043732,6
18869,2229,باشکند,043734,6
18870,2229,بایندر,043735,6
18871,2229,پراخوریک,043736,6
18872,2229,تریان,043739,6
18873,2229,تیکمه عجم,043741,6
18874,2229,جان عزیز,043744,6
18875,2229,چمنلو,043745,6
18876,2229,دانالوی بزرگ,043748,6
18877,2229,دانالوی کوچک,043749,6
18878,2229,درگاه قلی,043750,6
18879,2229,سعیدآباد,043751,6
18880,2229,سنگر,043752,6
18881,2229,شاطر,043753,6
18882,2229,قره خاچ,043756,6
18883,2229,قلعه جوق,043757,6
18884,2229,قوری بلاغ,043758,6
18885,2229,کجوت,043761,6
18886,2229,کشمش تپه,043763,6
18887,2229,کوسج,043764,6
18888,2229,محمدآباد/ گرکش,043768,6
18889,2229,گل مورس,043769,6
18890,2229,ماراکمی,043770,6
18891,2229,محمد کندی,043772,6
18892,2229,مصطفی قلعه سی,043773,6
18893,2229,مهدی بلاغی,043774,6
18894,2229,نایب کندی,043776,6
18895,2229,مرکز ماکروویو ماکو,341311,6
18896,2229,پارک جنگلی,342603,6
18897,2229,تصفیه خانه آب ماکو,804212,6
18898,2229,CGS ایستگاه گاز,804213,6
18899,2229,شهرک صنعتی ماکو,804214,6
18900,2229,سد مخزنی دانالو,804218,6
18901,2229,دانشگاه آزاد ماکو,804223,6
18902,2229,بازارچه مرزی ماکو,904438,6
18903,2229,شرکت معاینه فنی خودرو سافات بازرگان,904445,6
18904,2229,معاونت فنی و عمرانی و زیربنایی منطقه آزاد ماکو,904450,6
18905,2229,وادی رحمت ماکو و ایستگاه گاز CNG,904451,6
18906,2230,آغ گل,042822,6
18907,2230,دیم قشلاق علیا,042848,6
18908,2230,ذیلکه سفلی,042850,6
18909,2230,ذیلکه علیا,042851,6
18910,2230,حمزه آباد/ زورآباد,042853,6
18911,2230,عیسی کندی/ قره داغی,042865,6
18912,2230,قره قویون,042873,6
18913,2230,قزل ارخ سفلی,042874,6
18914,2230,قزل ارخ علیا,042875,6
18915,2230,خزر قشلاق,043623,6
18916,2230,خلخله,043624,6
18917,2230,سارنج,043629,6
18918,2230,شورآغل,043633,6
18919,2230,قادرقامو,043641,6
18920,2230,قم قشلاق,043642,6
18921,2230,بهلوله,043646,6
18922,2230,قوچعلی,043649,6
18923,2230,ملاحسن,043659,6
18924,2230,قره بلاغ,043667,6
18925,2230,پاسگاه آق گل,341150,6
18926,2230,پاسگاه مرزی خلخله,341151,6
18927,2230,پاسگاه قره قویون,341157,6
18928,2230,پاسگاه مرزی دیم قشلاق,342514,6
18929,2231,بری,043608,6
18930,2231,پنجرلو,043610,6
18931,2231,تاجدو,043612,6
18932,2231,قشلاق حاجو,043617,6
18933,2231,حاجی حسن,043618,6
18934,2231,دارلیک,043625,6
18935,2231,سلبند,043630,6
18936,2231,قزل ینیش/ سوریک,043631,6
18937,2231,قشلاق شوریک,043634,6
18938,2231,علوحاجی,043637,6
18939,2231,علی فرج,043638,6
18940,2231,قلعه جوق,043647,6
18941,2231,قوش,043650,6
18942,2231,کلیک,043651,6
18943,2231,گدای,043652,6
18944,2231,گریک,043653,6
18945,2231,گل آلی,043654,6
18946,2231,ملهیم,043658,6
18947,2231,موسی,043660,6
18948,2231,ولی کندی,043663,6
18949,2231,یخلقان,043666,6
18950,2231,پاسگاه مرزی پشتبانی گل عالی,341160,6
18951,2231,پاسگاه گل عالی میله 15,341161,6
18952,2231,پاسگاه مرزی ایبک,341163,6
18953,2231,پاسگاه دمیرتپه سی,341165,6
18954,2231,پاسگاه میله 5,341167,6
18955,2231,چشمه ثریا,341168,6
18956,2231,پاسگاه کلیک,341169,6
18957,2231,پاسگاه مرزی علوبنی,341170,6
18958,2231,گروهان بورالان,342513,6
18959,2231,عجمی,342528,6
18960,2231,قشلاق نعمو,342530,6
18961,2231,قوچ بالا,804224,6
18962,2231,کلیک جدید,804225,6
18963,2232,شیب شیب,043635,6
18964,2232,عیسی خان,043640,6
18965,2232,خلیل زاغه سی,043648,6
18966,2232,تازه کند,043737,6
18967,2232,تخته دوزی,043738,6
18968,2232,تیکمه کرد,043742,6
18969,2232,حسوشیری,043746,6
18970,2232,خرمن یری,043747,6
18971,2232,شاه آباد,043754,6
18972,2232,قوری شکاک,043759,6
18973,2232,کهریز قلعه دره سی,043765,6
18974,2232,میلان,043775,6
18975,2232,یاریم قیه سفلی,043777,6
18976,2232,یاریم قیه علیا,043778,6
18977,2232,یاریم قیه وسطی,043779,6
18978,2232,بازار مشترک مرزی بازرگان,341276,6
18979,2232,پاسگاه ساری سو,341280,6
18980,2232,پاسگاه مرزی یاریم قیه سفلی,341307,6
18981,2232,نیروگاه برق,342605,6
18982,2232,سد ساری سو,804222,6
18983,2232,پایانه صادراتی و انبارهای منطقه آزاد ماکو,904432,6
18984,2232,ایستگاه اندازه گیری شرکت گاز بازرگان,904434,6
18985,2232,ایستگاه رادیویی فجر,904435,6
18986,2232,سازمان منطقه آزاد ماکو,904443,6
18987,2232,شهرک صنعتی شماره 2 ماکو,904446,6
18988,2232,کارگاه شرکت صبا گستر ماکو,904447,6
18989,2232,مجتمع انبارهای عمومی و خدمات گمرکی آغری بار,904448,6
18990,2232,مجتمع بزرگ گردشگری پذیرایی تجاری بازرگان,904449,6
18991,2233,کله گاوی,042111,6
18992,2233,ایل تیمور,044296,6
18993,2233,برجو,044298,6
18994,2233,بیرم,044299,6
18995,2233,پیرمیکاییل,044301,6
18996,2233,چهارگان,044305,6
18997,2233,آچی دره,044306,6
18998,2233,خالدلیل,044309,6
18999,2233,شهرزور,044314,6
19000,2233,شیخ یوسف,044315,6
19001,2233,عین ملان,044318,6
19002,2233,قلعه جوقه,044324,6
19003,2233,قویطال,044325,6
19004,2233,کانی سیب,044326,6
19005,2233,کانی میران,044327,6
19006,2233,گورگه,044328,6
19007,2233,کوشگه دره,044329,6
19008,2233,کیتکه,044331,6
19009,2233,گراوی,044332,6
19010,2233,گرده بردان,044333,6
19011,2233,گلینان,044334,6
19012,2233,گنه دار,044335,6
19013,2233,میره ده,044338,6
19014,2233,اوزون تاش,044635,6
19015,2233,برآوا,044637,6
19016,2233,پاژبرد,044638,6
19017,2233,زنده قول,044642,6
19018,2233,سویناس,044646,6
19019,2233,قالوی زندان,044649,6
19020,2233,قوزلوی سفلی,044654,6
19021,2233,قوزلوی علیا,044655,6
19022,2233,کانی رش,044658,6
19023,2233,کانی سفید,044659,6
19024,2233,کاولان سفلی,044661,6
19025,2233,کاولان علیا,044662,6
19026,2233,گل تپه,044663,6
19027,2233,کوران,044664,6
19028,2233,کهنه ده شوگای,044666,6
19029,2233,گاوداری قره نی,044670,6
19030,2233,گاومیشان,044671,6
19031,2233,گرد شیلان,044672,6
19032,2233,ماژگه,044677,6
19033,2233,یارعلی,044683,6
19034,2233,پاسگاه بین راهی کاولان,804362,6
19035,2233,پاسگاه کوشکه دره,804363,6
19036,2234,جانداران,042086,6
19037,2234,چومل,042090,6
19038,2234,سرخاب,042099,6
19039,2234,اصحاب,044634,6
19040,2234,شکربگ,044647,6
19041,2234,کارگ,044656,6
19042,2234,کانی شینکه,044660,6
19043,2234,کیسلان,044667,6
19044,2234,گاگش سفلی,044668,6
19045,2234,گاگش علیا,044669,6
19046,2234,محمودآباد,044678,6
19047,2234,میریسه,044680,6
19048,2234,هرمه,044681,6
19049,2234,آغاسور,044737,6
19050,2234,آفان,044738,6
19051,2234,آمید,044739,6
19052,2234,باگردان سفلی,044740,6
19053,2234,باگردان علیا,044741,6
19054,2234,بایزیدآباد,044742,6
19055,2234,بنگوین,044743,6
19056,2234,بیطاس/ بسطاس,044744,6
19057,2234,پلکه,044745,6
19058,2234,مزرعه تقه گوز,044746,6
19059,2234,مزرعه چومان سفلی,044747,6
19060,2234,مزرعه چومان علیا,044748,6
19061,2234,حاجی مامیان,044749,6
19062,2234,حسن چپ,044750,6
19063,2234,خاتون استی,044751,6
19064,2234,خانگه,044752,6
19065,2234,خراجو,044753,6
19066,2234,داغه,044755,6
19067,2234,دوسید,044756,6
19068,2234,دول بهار,044757,6
19069,2234,دول پینه,044758,6
19070,2234,رفته,044760,6
19071,2234,زندان دره,044761,6
19072,2234,زیوه,044762,6
19073,2234,سرتنگ,044763,6
19074,2234,سرطان,044764,6
19075,2234,سیرو,044765,6
19076,2234,سرهولان,044766,6
19077,2234,سلیم,044767,6
19078,2234,سلوک,044768,6
19079,2234,سمینو,044770,6
19080,2234,سولغه,044772,6
19081,2234,سیاقول سفلی,044773,6
19082,2234,سیاقول علیا,044774,6
19083,2234,شورآباد,044775,6
19084,2234,شیخان,044776,6
19085,2234,عبداله کرده,044777,6
19086,2234,مزرعه قایمیش آباد,044778,6
19087,2234,قره چلان,044779,6
19088,2234,قشقونه سفلی,044780,6
19089,2234,قشقونه علیا,044781,6
19090,2234,قلعه تینان,044782,6
19091,2234,قوزلوجه,044784,6
19092,2234,کامم,044785,6
19093,2234,کاویس,044786,6
19094,2234,کله زندآباد,044787,6
19095,2234,کوخان,044789,6
19096,2234,کوسه سرمرگان,044790,6
19097,2234,گلیار,044791,6
19098,2234,گوملیان,044792,6
19099,2234,گیاه دوران,044793,6
19100,2234,مزرعه لیمونج,044794,6
19101,2234,مازله,044795,6
19102,2234,محمودآباد,044796,6
19103,2234,مرانه,044797,6
19104,2234,میاگرو,044798,6
19105,2234,مزرعه,044799,6
19106,2234,موسی رایکوژاو,044800,6
19107,2234,نیلان,044801,6
19108,2234,اسلام آباد,341557,6
19109,2234,بردسپیان,342554,6
19110,2234,قره قاچ,342577,6
19111,2234,استراحتگاه سیاقول,804446,6
19112,2234,دکل مخابراتی جواررشان,804448,6
19113,2235,اوطمیش,044177,6
19114,2235,باجوند,044178,6
19115,2235,برهان,044180,6
19116,2235,حاجی علی کند,044184,6
19117,2235,خاتون خاص,044188,6
19118,2235,درمان,044193,6
19119,2235,سنجاق,044199,6
19120,2235,سهولان,044200,6
19121,2235,سیچان بلاغی,044202,6
19122,2235,عیسی کند,044208,6
19123,2235,قلعه جوق,044215,6
19124,2235,قمطره,044216,6
19125,2235,قورغان,044217,6
19126,2235,کانی کوتر,044221,6
19127,2235,کپه کند,044222,6
19128,2235,کلیجه,044223,6
19129,2235,یادآباد سفلی,044232,6
19130,2235,یادآباد علیا,044233,6
19131,2235,امین آباد,044415,6
19132,2235,اوزون دره سفلی,044416,6
19133,2235,اوزون دره علیا,044417,6
19134,2235,برده میش,044420,6
19135,2235,بصری,044422,6
19136,2235,بوزه,044424,6
19137,2235,پیربله,044427,6
19138,2235,تکان لوجه,044430,6
19139,2235,هفتوانه/ حدتوانان,044440,6
19140,2235,خاتون باغ,044441,6
19141,2235,دوست علی,044452,6
19142,2235,زگدراو,044457,6
19143,2235,ساروانه,044460,6
19144,2235,شیلان آباد,044465,6
19145,2235,قره بلاغ,044470,6
19146,2235,قزلجه سفلی,044476,6
19147,2235,قزلجه علیا,044477,6
19148,2235,قلات,044484,6
19149,2235,کهنه ده دوم,044495,6
19150,2235,لاچین,044507,6
19151,2235,ایستگاه مخابرات کوه سلطان,342688,6
19152,2236,آزاد,044410,6
19153,2236,بادم,044418,6
19154,2236,برده رشان,044419,6
19155,2236,ترشکان,044429,6
19156,2236,تنگ بالکه,044432,6
19157,2236,حاجی آباد,044436,6
19158,2236,حاجی خوش,044438,6
19159,2236,خطایی,044443,6
19160,2236,عبدالله آباد,044466,6
19161,2236,قوپی باباعلی,044468,6
19162,2236,قره داغ,044472,6
19163,2236,قلقله,044483,6
19164,2236,کهریزه علی بایزید,044493,6
19165,2236,گابازله,044496,6
19166,2236,گرده رش,044498,6
19167,2236,گروه گرو,044499,6
19168,2236,گیچ آباد,044505,6
19169,2236,لج,044506,6
19170,2236,پادگان شهید دستغیب,044511,6
19171,2236,مزرعه امیرآباد,044512,6
19172,2236,شهرک صنعتی مهاباد,342678,6
19173,2236,جهادآباد,804000,6
19174,2236,پاسگاه برده رشان,804384,6
19175,2237,اگریقاش,044413,6
19176,2237,آلبلاغ,044414,6
19177,2237,پایین دره,044425,6
19178,2237,توت آغاج,044433,6
19179,2237,چوگلان,044435,6
19180,2237,حمزه آباد,044439,6
19181,2237,خورخوره,044444,6
19182,2237,داره لک,044446,6
19183,2237,داش تیمور,044447,6
19184,2237,داشخانه,044448,6
19185,2237,دریاز,044450,6
19186,2237,سلکه,044461,6
19187,2237,قاضی آباد,044467,6
19188,2237,قجی آباد,044469,6
19189,2237,قره خان,044471,6
19190,2237,قره قشلاق,044473,6
19191,2237,قزل قپی,044474,6
19192,2237,قم قلعه,044485,6
19193,2237,کوسه کهریز,044491,6
19194,2237,کهریزه شیخان,044492,6
19195,2237,کهنه ده,044494,6
19196,2237,گاپیس,044497,6
19197,2237,گرد یعقوب,044500,6
19198,2237,گوله,044504,6
19199,2237,یوسف کندی,044518,6
19200,2237,ابراهیمه,044736,6
19201,2237,خلیفه,044754,6
19202,2237,دهبکر,044759,6
19203,2237,سلیم ساغول,044769,6
19204,2237,مزرعه قماریه,044783,6
19205,2237,کوتر,044788,6
19206,2237,پادگان سپاه,341747,6
19207,2237,پاسگاه سه راه دارلک,342671,6
19208,2237,کارخانه سنگ حرمه,804431,6
19209,2237,استرگاه بین جاده ای,804432,6
19210,2237,سد آبی مهاباد,804433,6
19211,2237,پایگاه امداد ساحلی مهاباد,804434,6
19212,2237,میدان تیر قاضی آباد,804442,6
19213,2237,پاسگاه حمزه آباد,804444,6
19214,2238,خان کندی,044189,6
19215,2238,سبزی,044195,6
19216,2238,سرچنار,044196,6
19217,2238,قبانکندی,044213,6
19218,2238,ابراهیم آباد,045598,6
19219,2238,حسین آباد قلعه,045631,6
19220,2238,سوگلی تپه,045643,6
19221,2238,شهرک سد نوروزلو,045647,6
19222,2238,شین آباد,045650,6
19223,2238,عسگرآباد,045651,6
19224,2238,گاومیش گلی,045685,6
19225,2238,گوگ جلو,045688,6
19226,2238,مشیرآباد,045694,6
19227,2239,حیدرآباد,045632,6
19228,2239,شیبلوی سفلی,045648,6
19229,2239,شیبلوی علیا,045649,6
19230,2239,قاریاغدی,045655,6
19231,2239,ملاشهاب الدین,045697,6
19232,2239,ممه دل,045698,6
19233,2239,نصیرکندی,045700,6
19234,2239,ولی آباد,045703,6
19235,2239,دامداری اسدالله,804582,6
19236,2240,ارمناک سفلی,044408,6
19237,2240,ارمناک علیا,044409,6
19238,2240,اسماعیل کندی,044411,6
19239,2240,بفروان,044423,6
19240,2240,تازه کند,044428,6
19241,2240,تلخاب,044431,6
19242,2240,جعفرآباد,044434,6
19243,2240,حاجی حسن,044437,6
19244,2240,خیرآباد,044445,6
19245,2240,دلک داش,044451,6
19246,2240,ده منصور,044454,6
19247,2240,ویس آغا کند,044455,6
19248,2240,رسول آباد,044456,6
19249,2240,زنگ آباد,044458,6
19250,2240,زینال کندی,044459,6
19251,2240,سیستک علیا,044463,6
19252,2240,شیرین آب,044464,6
19253,2240,قزقلعه,044475,6
19254,2240,قشلاق تلخاب,044478,6
19255,2240,قشلاق حاجی حسن,044479,6
19256,2240,قشلاق زینال کندی,044480,6
19257,2240,گرده قل,044481,6
19258,2240,قل حسن,044482,6
19259,2240,کوخان,044487,6
19260,2240,گزلان,044501,6
19261,2240,گنج آباد,044502,6
19262,2240,مرجان آباد,044509,6
19263,2240,مرکز آموزش کشاورزی مهاباد و پادگان,044510,6
19264,2240,مزرعه سیستک سفلی,044513,6
19265,2240,ملاکندی,044514,6
19266,2240,هوبه کوخان,044516,6
19267,2240,پاسگاه انتظامی,804630,6
19268,2240,نیروگاه میاندوآب,804638,6
19269,2240,پلیس راه,804641,6
19270,2240,پل تاریخی,804646,6
19271,2240,پاسگاه انتظامی,804658,6
19272,2240,پاسگاه و یگان ویژه میاندوآب,904306,6
19273,2241,جارچلو,045616,6
19274,2241,جعفرآباد,045617,6
19275,2241,حاجی بهزاد,045624,6
19276,2241,حسن آباد,045629,6
19277,2241,دوه چی,045637,6
19278,2241,ساتلمیش محمدآباد,045641,6
19279,2241,قدرت کندی,045658,6
19280,2241,قرمز خلیفه سفلی,045659,6
19281,2241,قرمز خلیفه علیا,045660,6
19282,2241,قره تپه,045662,6
19283,2241,کوسه لرسفلی,045683,6
19284,2241,کوسه لرعلیا,045684,6
19285,2241,مظفرآباد,045695,6
19286,2242,اسلام تپه,045600,6
19287,2242,تازه کندحاج حسن,045610,6
19288,2242,جواد حصاری,045619,6
19289,2242,حاج حسن خالصه,045625,6
19290,2242,حاج حسن علیا,045626,6
19291,2242,ساتلمیش توپخانه,045640,6
19292,2242,ساتلمیش محمدلو,045642,6
19293,2242,علی بیگلو,045652,6
19294,2242,یاریجان خالصه,045704,6
19295,2242,یاریجان سفلی,045705,6
19296,2242,یاریجان علیا,045706,6
19297,2243,دولت آباد,044453,6
19298,2243,منصورکندی,044515,6
19299,2243,یقینعلی تپه,044517,6
19300,2243,اوچ تپه قلعه,045602,6
19301,2243,اوچ تپه کرد,045603,6
19302,2243,حسن کندی,045630,6
19303,2243,شهرک اوچ تپه کرد,045646,6
19304,2243,آموزشکده کشاورزی میاندوآب,341961,6
19305,2243,تصفیه خانه فاضلاب میاندوآب,804580,6
19306,2243,مرکز توانبخشی کوثر,804592,6
19307,2243,دانشگاه جامع علمی و کاربردی,904316,6
19308,2244,تازه کندحاصل قوبی,045611,6
19309,2244,حاصل قوبی افشار,045627,6
19310,2244,حاصل قوبی امیرآباد,045628,6
19311,2244,زنجیرآباد,045639,6
19312,2244,کانیه سر,045667,6
19313,2244,گوگ تپه لله,045687,6
19314,2244,گوگ تپه خالصه,045689,6
19315,2245,تپه رش,045613,6
19316,2245,جعفرآباد چلیک,045618,6
19317,2245,چلیک,045620,6
19318,2245,حیران,045633,6
19319,2245,شکورکندی,045645,6
19320,2245,قره پاپاق,045661,6
19321,2245,قلعه بزرگ,045665,6
19322,2245,قلعه کوچک,045666,6
19323,2245,نبی کندی,045699,6
19324,2245,نظام آباد,045701,6
19325,2246,تپه چلیک,045606,6
19326,2246,تازه کند للکلو,045612,6
19327,2246,تپه صارمی,045614,6
19328,2246,چوغانلو,045621,6
19329,2246,داش تپه,045636,6
19330,2246,کورآباد,045669,6
19331,2246,گرده رش,045686,6
19332,2246,للکلو,045690,6
19333,2246,مروان کندی,045693,6
19334,2246,ملک آباد,045696,6
19335,2247,دشت قوری,040808,6
19336,2247,شاوله,040819,6
19337,2247,کانی برده,040831,6
19338,2247,دایمو,044449,6
19339,2247,ماسوه,044508,6
19340,2247,اوخسار,046046,6
19341,2247,بالقچی,046049,6
19342,2247,بایزیدآباد,046050,6
19343,2247,بهرام آباد (بایرام بوغه),046052,6
19344,2247,بیگم قلعه,046053,6
19345,2247,محمد شاه سفلی,046054,6
19346,2247,تازه قلعه,046057,6
19347,2247,توپزآباد,046060,6
19348,2247,چقال مصطفی,046061,6
19349,2247,خلیفان,046068,6
19350,2247,خلیفه لو,046069,6
19351,2247,دمیرچی,046075,6
19352,2247,دیزج بزرگ,046076,6
19353,2247,راهدانه,046080,6
19354,2247,ساخسی تپه,046081,6
19355,2247,شریف الدین,046084,6
19356,2247,محمد شاه علیا,046088,6
19357,2247,شیخ معروف,046090,6
19358,2247,قارنا,046098,6
19359,2247,کاروانسرا,046103,6
19360,2247,کپکلو,046105,6
19361,2247,کوزه گران,046106,6
19362,2247,گلوان,046112,6
19363,2247,گورخانه,046116,6
19364,2247,مملو,046129,6
19365,2247,مهماندار,046131,6
19366,2247,شهرک صنعتی نقده,342727,6
19367,2247,زندان نقده,804301,6
19368,2247,پلیس راه نقده,804305,6
19369,2248,جاشیران,045884,6
19370,2248,آغچه زیوه,046036,6
19371,2248,آرنا,046040,6
19372,2248,آلاگوز سفلی,046043,6
19373,2248,آلاگوز علیا,046044,6
19374,2248,بچنلو,046051,6
19375,2248,پیه جیک,046055,6
19376,2248,چیانه,046062,6
19377,2248,حلبی,046066,6
19378,2248,خلخانه,046070,6
19379,2248,دربند,046072,6
19380,2248,دیلان چی آرخی سفلی,046077,6
19381,2248,دیلان چی آرخی علیا,046078,6
19382,2248,ذلیلان,046079,6
19383,2248,علی آباد,046095,6
19384,2248,علی ملک,046096,6
19385,2248,قلعه جوق,046100,6
19386,2248,قلعه لر,046101,6
19387,2248,کاموس,046104,6
19388,2248,کهریزه شکاک,046108,6
19389,2248,گوران آباد پاشایی,046113,6
19390,2248,گوران آباد قاضی,046114,6
19391,2248,گوران آباد قزاق,046115,6
19392,2248,گویک,046117,6
19393,2248,لواشلو,046118,6
19394,2248,میرآباد,046132,6
19395,2248,نرزه مز,046133,6
19396,2248,یونسلو,046137,6
19397,2248,پروژه احداث شبکه فاضلاب مدرن نقده,804337,6
19398,2248,سلدوز نهان,804345,6
19399,2248,جمعه بازار نقده,804348,6
19400,2248,تصفیه خانه نقده,804349,6
19401,2248,دانشگاه نقده,804351,6
19402,2249,آده,046039,6
19403,2249,تازه کندجبل,046058,6
19404,2249,حیدرآباد,046067,6
19405,2249,داش درگه,046071,6
19406,2249,درگه ارسخان,046073,6
19407,2249,درگه لطف اله,046074,6
19408,2249,سارال سفلی,046082,6
19409,2249,سارال علیا,046083,6
19410,2249,شهرک مهدی,046087,6
19411,2249,فرخزاد,046097,6
19412,2249,قره قصاب,046099,6
19413,2249,قلات,046102,6
19414,2249,گرده قیط,046110,6
19415,2249,گل,046111,6
19416,2249,مزرعه تلخاب,046121,6
19417,2249,مزرعه دربسر,046124,6
19418,2249,ممیند,046130,6
19419,2249,نظام آباد,046134,6
19420,2249,یادگارلو,046136,6
19421,2249,پاسگاه انتظامی سه راه محمدیار,342609,6
19422,2250,اسلام آباد/ دلمه,046041,6
19423,2250,آقابیگلو,046042,6
19424,2250,امینلو,046045,6
19425,2250,بارانی عجم,046047,6
19426,2250,بارانی کرد,046048,6
19427,2250,تابیه,046056,6
19428,2250,تازه کند دیم,046059,6
19429,2250,حاجی باغلو,046063,6
19430,2250,حاجی فیروز,046064,6
19431,2250,حسنلو,046065,6
19432,2250,شونقار,046085,6
19433,2250,شیروان شاهلوی علیا,046086,6
19434,2250,شیخ احمد,046089,6
19435,2250,شیرین بلاغ,046091,6
19436,2250,طالقان/ شیطان آباد,046092,6
19437,2250,عجملو,046093,6
19438,2250,عظیم خانلو,046094,6
19439,2250,کهریز عجم,046107,6
19440,2250,مزرعه قره بلاغ,046128,6
19441,2250,وزنه,046135,6
19442,2250,کشتارگاه نقده,342119,6
19443,2250,کارخانه قند,342745,6
19444,2250,سد مخزنی حسنلو,342748,6
19445,2250,گشتارگاه صنعتی دام خوش طبخ نقده,804309,6
19446,2250,شبکه پمپاژ سد حسنلو,804315,6
19447,2251,اسپوغه,043889,6
19448,2251,اشکوتان,043890,6
19449,2251,امیرآباد,043891,6
19450,2251,انبار,043892,6
19451,2251,اوچ تپه,043893,6
19452,2251,حصاربلاغی,043901,6
19453,2251,حمامیان,043902,6
19454,2251,داشبند,043904,6
19455,2251,طاهرآباد,043911,6
19456,2251,عباس آباد,043912,6
19457,2251,عبدالله تپه سی,043913,6
19458,2251,علی کند,043915,6
19459,2251,کانی شقاقان,043922,6
19460,2251,گرد قران,043929,6
19461,2251,لگز,043931,6
19462,2251,مزرعه انگور سفلی,043933,6
19463,2251,ناچیت,043937,6
19464,2251,شورجه,044204,6
19465,2251,شیخ علی,044205,6
19466,2251,قازان لر,044212,6
19467,2251,کهنه ملالر,044226,6
19468,2251,ملالر,044229,6
19469,2251,شهرک صنعتی,904148,6
19470,2252,کهریزان,043926,6
19471,2252,گل مرزنیک,043930,6
19472,2252,مزرعه کانی حکی,043935,6
19473,2252,ارمنی بلاغی,043995,6
19474,2252,اوزون قشلاق,043998,6
19475,2252,چوگالی,044009,6
19476,2252,حاجی آباد آختاچی,044010,6
19477,2252,رحیم خان,044017,6
19478,2252,ساری قمیش,044018,6
19479,2252,سراب رحیم خان,044021,6
19480,2252,سه کانیان,044024,6
19481,2252,عبداله آباد,044025,6
19482,2252,قلعه رسول سیت,044030,6
19483,2252,کانی علی گرده,044040,6
19484,2252,کانی قلعه,044041,6
19485,2252,کانی گوزله,044043,6
19486,2252,کانی محمدعلی,044044,6
19487,2252,کول آباد,044067,6
19488,2252,گوگ تپه,044072,6
19489,2252,آتابلاغی,044175,6
19490,2252,آغلیان,044176,6
19491,2252,برده رشان,044179,6
19492,2252,بند مجیدخان,044181,6
19493,2252,پیرولی باغی,044182,6
19494,2252,غوث آباد,044183,6
19495,2252,حاجی لک,044186,6
19496,2252,حسین مامه,044187,6
19497,2252,دوه شهری,044194,6
19498,2252,سریل آباد,044198,6
19499,2252,علی آباد قره گل,044207,6
19500,2252,قارنجه بزرگ,044210,6
19501,2252,قارنجه کوچک,044211,6
19502,2252,قره گل,044214,6
19503,2252,منوچهری,044230,6
19504,2252,شرکت سیمان سردار,904317,6
19505,2253,آغجیوان,043992,6
19506,2253,اربنوس,043994,6
19507,2253,اورتاکند,043997,6
19508,2253,ایلانی,043999,6
19509,2253,اوینه چی,044000,6
19510,2253,ترکاشه,044003,6
19511,2253,جوانمرد,044008,6
19512,2253,مزرعه حیدر مست,044012,6
19513,2253,داش آغل,044013,6
19514,2253,قشلاق حاجی شهاب,044029,6
19515,2253,قورمیش,044032,6
19516,2253,قولر,044033,6
19517,2253,کانی الله سیده,044034,6
19518,2253,کانی سبزه,044035,6
19519,2253,کانی سیران,044038,6
19520,2253,مزرعه کانی شیته,044039,6
19521,2253,کانی گرگه,044042,6
19522,2253,کرکره,044045,6
19523,2253,گاومیشان,044068,6
19524,2253,گاینجه,044069,6
19525,2253,گل تپه قورمیش,044071,6
19526,2253,سرچاوه,045420,6
19527,2253,عباس آباد,045422,6
19528,2253,قاضی اخوی,045427,6
19529,2253,مزرعه حسین آباد,045446,6
19530,2254,اختتر,043888,6
19531,2254,تازه قلعه,043895,6
19532,2254,جمبوغه,043898,6
19533,2254,چاورچین,043899,6
19534,2254,داربسر,043903,6
19535,2254,دنگوز علیا,043905,6
19536,2254,سیف الدین سفلی,043907,6
19537,2254,سیف الدین علیا,043908,6
19538,2254,شیخ لر,043910,6
19539,2254,قازلیان,043917,6
19540,2254,قره کند,043918,6
19541,2254,کوسه,043925,6
19542,2254,کهریزه محموداقا,043928,6
19543,2254,محمودآباد,043932,6
19544,2254,حاجی کند,044185,6
19545,2254,خانقاه,044190,6
19546,2254,خراسانه,044191,6
19547,2254,شرفکند,044203,6
19548,2254,قادرآباد,044209,6
19549,2254,کانی خواره,044218,6
19550,2254,کانی طومار,044220,6
19551,2254,کوچک اوطمیش,044224,6
19552,2254,کهریزه علی آقا,044225,6
19553,2254,نیسک آباد,044231,6
19554,2254,آش گلان,044295,6
19555,2254,عزیزکند,342457,6
19556,2255,بوغدا داغی,043894,6
19557,2255,پتی,043897,6
19558,2255,سیدآباد قاجر,043906,6
19559,2255,شهری کند,043909,6
19560,2255,قاجر,043916,6
19561,2255,کانی پانکه قاجر,043921,6
19562,2255,نوبار,043938,6
19563,2255,داره گردله,044192,6
19564,2255,سردارآباد,044197,6
19565,2255,سیدآباد,044201,6
19566,2255,کانی رش,044219,6
19567,2255,مزرعه حسین آباد,044228,6
19568,2255,باغچه,044297,6
19569,2255,پاش بلاغ,044300,6
19570,2255,چهاردیوار,044304,6
19571,2255,حاشی آباد,044307,6
19572,2255,حمزه آباد,044308,6
19573,2255,درویشان,044311,6
19574,2255,دولت آباد,044312,6
19575,2255,سرباغچه,044313,6
19576,2255,طراقه,044316,6
19577,2255,علم آباد,044317,6
19578,2255,قادرآباد,044319,6
19579,2255,قرالی,044320,6
19580,2255,قره داغ,044321,6
19581,2255,قلغه تپه,044323,6
19582,2255,کوکه,044330,6
19583,2255,لاسه گلان,044336,6
19584,2256,اسکی بغداد,044293,6
19585,2256,ثمبه,044302,6
19586,2256,قزل گنبد,044322,6
19587,2256,ابراهیم رخسار,044632,6
19588,2256,آغوتمان,044633,6
19589,2256,باغ شیخان,044636,6
19590,2256,پیربهاءالدین,044639,6
19591,2256,خورخوره,044640,6
19592,2256,زاوه کوه,044641,6
19593,2256,زیراندول,044643,6
19594,2256,سردکوهستان,044644,6
19595,2256,سلامت,044645,6
19596,2256,قالوی رسول آقا,044648,6
19597,2256,قالوی شیخان,044650,6
19598,2256,قروچاه سفلی,044651,6
19599,2256,قروچاه علیا,044652,6
19600,2256,مزرعه قره قاچ,044653,6
19601,2256,کانی دراز,044657,6
19602,2256,کوره کانی,044665,6
19603,2256,گرگه,044673,6
19604,2256,گلولان سفلی,044674,6
19605,2256,گلولان علیا,044675,6
19606,2256,گندمان,044676,6
19607,2256,موسه,044679,6
19608,2256,یاغیان,044682,6
19609,2257,تبت,043896,6
19610,2257,حصار,043900,6
19611,2257,قلیج,043920,6
19612,2257,کهریزه سردار,043927,6
19613,2257,ینگیجه,043939,6
19614,2257,احمدآباد,043993,6
19615,2257,آلبلاغ,043996,6
19616,2257,باغچه,044001,6
19617,2257,برده زرد,044002,6
19618,2257,ترکمان کندی,044004,6
19619,2257,تکان تپه,044005,6
19620,2257,جانبلاغ,044007,6
19621,2257,حسن آباد,044011,6
19622,2257,درزیولی,044014,6
19623,2257,درویش علی,044015,6
19624,2257,دوکچی,044016,6
19625,2257,ساری قمیش قشلاق,044019,6
19626,2257,سد شهید کاظمی,044020,6
19627,2257,سقزلو,044022,6
19628,2257,قاطانقر,044026,6
19629,2257,قره براز,044028,6
19630,2257,قلایچی,044031,6
19631,2257,کانی سهراب,044037,6
19632,2257,کلکه,044046,6
19633,2257,گل بهی,044070,6
19634,2257,هواره برزه,044073,6
19635,2257,یاسی کند,044074,6
19636,2257,یکشوه,044075,6
19637,2257,ینگی کند,044076,6
19638,2257,مزرعه کل تپه,342502,6
19639,2257,مجتمع دامداران بوکان,342749,6
19640,2258,باغ سفلی,045402,6
19641,2258,باغ علیا,045403,6
19642,2258,حسنلو,045410,6
19643,2258,علی آباد,045424,6
19644,2258,قوزلوی افشار,045434,6
19645,2258,گل چرمو,045440,6
19646,2258,حسین آباد/ هرملا,045451,6
19647,2258,مزرعه یمین آباد,045452,6
19648,2258,اینچه,045523,6
19649,2258,باغچه میشه,045524,6
19650,2258,برده نقشینه,045526,6
19651,2258,بیگ تولی علیا,045529,6
19652,2258,تازه آباد,045530,6
19653,2258,ترک دره,045531,6
19654,2258,چمپان,045532,6
19655,2258,حصار,045533,6
19656,2258,سانجود,045540,6
19657,2258,سلیمان آباد,045541,6
19658,2258,صفاخانه,045542,6
19659,2258,صفیارخان,045543,6
19660,2258,گچی قلعه سی,045546,6
19661,2258,گوزل بلاغ,045547,6
19662,2258,مزرعه قورخان,045548,6
19663,2259,غیب علی,044006,6
19664,2259,سماقان,044023,6
19665,2259,قدیم,044027,6
19666,2259,کانی سنجود,044036,6
19667,2259,جوشاتوی سفلی,045287,6
19668,2259,جوشاتوی علیا,045288,6
19669,2259,چیچکلو,045290,6
19670,2259,حسین آباد,045291,6
19671,2259,عباس بلاغی,045303,6
19672,2259,قره تپه,045309,6
19673,2259,قشلاق بختیار,045312,6
19674,2259,مزرعه قزل بلاغ,045328,6
19675,2259,نوروزآباد,045331,6
19676,2259,ینگی آباد/ نیکی آباد,045333,6
19677,2259,ینگی ارخ/ نیکی ارخ,045334,6
19678,2259,احمدآباد داش کسن,045398,6
19679,2259,آق تپه,045399,6
19680,2259,بی بی کند,045404,6
19681,2259,حاجی آباد,045408,6
19682,2259,خاتون آباد,045411,6
19683,2259,داش کسن,045415,6
19684,2259,ساروجه سفلی,045418,6
19685,2259,ساروجه علیا,045419,6
19686,2259,عقربلو,045423,6
19687,2259,محمودآباد سفلی,045442,6
19688,2259,مزرعه دیم آباد,045447,6
19689,2259,ویس آباد,045450,6
19690,2259,مستان آباد,045453,6
19691,2259,موشان دره,045455,6
19692,2259,شهرک صنعتی,342665,6
19693,2259,هتل پیاده رو,904204,6
19694,2260,آغاجاری,045397,6
19695,2260,آلی بالتا,045400,6
19696,2260,باغلوجه,045401,6
19697,2260,پیچاقچی,045405,6
19698,2260,ترک ویران,045406,6
19699,2260,چراغ ابدال,045407,6
19700,2260,حسن لولان,045409,6
19701,2260,خواجه لو,045413,6
19702,2260,خولینه,045414,6
19703,2260,زیدکندی,045417,6
19704,2260,طومارآغاج,045421,6
19705,2260,فتح آباد,045425,6
19706,2260,قیزکرپی,045428,6
19707,2260,قزل قبر,045429,6
19708,2260,قزل قیه سفلی,045430,6
19709,2260,قزل قیه علیا,045431,6
19710,2260,قزل قیه وسطی,045432,6
19711,2260,قوزلوجه,045433,6
19712,2260,قویوجوق,045435,6
19713,2260,کران,045436,6
19714,2260,کردکندی,045437,6
19715,2260,کرکره,045438,6
19716,2260,گدللو,045439,6
19717,2260,مامالو,045441,6
19718,2260,محمودآباد علیا,045443,6
19719,2260,مراجل,045444,6
19720,2260,مزرعه اوخچی,045445,6
19721,2260,مزرعه قشلاق قوزلو,045448,6
19722,2260,مزرعه قوشچی خرابه,045449,6
19723,2260,منبر,045454,6
19724,2260,هاچاسو,045456,6
19725,2260,هولاسو,045457,6
19726,2260,ینگجه افشار,045458,6
19727,2260,اطاقلو,045521,6
19728,2260,اوچ دره,045522,6
19729,2260,بایرام قلعه سی,045525,6
19730,2260,بوغلمش,045528,6
19731,2260,حمزه قاسم,045534,6
19732,2260,خانقلی,045535,6
19733,2260,خزایی سفلی,045536,6
19734,2260,خزایی علیا,045537,6
19735,2260,دولانقیر,045538,6
19736,2260,قره زاغ,045544,6
19737,2260,قلعه قورینه,045545,6
19738,2261,احمدبیگ,045276,6
19739,2261,آخی جان,045277,6
19740,2261,آشتی بلاغ,045278,6
19741,2261,آلی چین,045279,6
19742,2261,الاگوز,045280,6
19743,2261,اوبا بلاغی,045281,6
19744,2261,اوزان سفلی,045282,6
19745,2261,اوزان علیا,045283,6
19746,2261,اینچه,045284,6
19747,2261,پرویزآباد,045285,6
19748,2261,تازه کند,045286,6
19749,2261,چپو,045289,6
19750,2261,خلج,045293,6
19751,2261,داودلوی سفلی,045295,6
19752,2261,دمیرچی,045296,6
19753,2261,رضا قشلاق,045297,6
19754,2261,زینالو,045299,6
19755,2261,صورین,045301,6
19756,2261,ظاهرکندی,045302,6
19757,2261,عثمان الن,045304,6
19758,2261,قانقانلو,045305,6
19759,2261,قره اوغلان,045306,6
19760,2261,قره قیه,045311,6
19761,2261,قطور,045313,6
19762,2261,قوزلوی سفلی,045314,6
19763,2261,قوزلوی علیا,045315,6
19764,2261,قینرجه,045316,6
19765,2261,کوسه,045318,6
19766,2261,کهریز,045319,6
19767,2261,کهل سفلی,045320,6
19768,2261,کهل علیا,045321,6
19769,2261,گولی,045324,6
19770,2261,لیلک آباد,045325,6
19771,2261,مزرعه داودلوی علیا,045327,6
19772,2261,مقبول,045329,6
19773,2261,نوروزلو,045332,6
19774,2262,اقبال,045146,6
19775,2262,پاره سفلی,045156,6
19776,2262,پاره علیا,045157,6
19777,2262,تزخراب,045161,6
19778,2262,چپلوجه,045166,6
19779,2262,زمان آباد,045173,6
19780,2262,قبان کندی,045176,6
19781,2262,قولانجق,045185,6
19782,2262,محمدآباد,045192,6
19783,2262,نجار,045198,6
19784,2262,یوسف کندی,045205,6
19785,2262,آغچه لو,045273,6
19786,2262,آغچه مسجد,045274,6
19787,2262,احمدآباد,045275,6
19788,2262,حیدرآباد,045292,6
19789,2262,خلوت,045294,6
19790,2262,سعیدآباد,045300,6
19791,2262,قره بلاغ سفلی,045307,6
19792,2262,قره بلاغ علیا,045308,6
19793,2262,قره قویونلو,045310,6
19794,2262,گلی,045323,6
19795,2262,دولو,045416,6
19796,2262,قازان لو,045426,6
19797,2262,آغچه لوی جدید,342506,6
19798,2263,چهارطاق,044968,6
19799,2263,اوغول بیگ,045057,6
19800,2263,بادخرید,045058,6
19801,2263,باد محمود,045059,6
19802,2263,بدرلو,045060,6
19803,2263,ساری جالو,045073,6
19804,2263,فیض آباد,045077,6
19805,2263,قجور,045078,6
19806,2263,قره قیه,045081,6
19807,2263,قلعه جوق,045085,6
19808,2263,یلقون آغاج,045090,6
19809,2263,تصفیه خانه آب,342411,6
19810,2263,گاوداری کریم همتی,342413,6
19811,2263,سرد خانه 3000 تنی بلقیس,342414,6
19812,2263,چیچکلو,342458,6
19813,2263,باسکول 60 تنی,904126,6
19814,2263,تولید خوراک دام و طیور(افشار خوراک),904127,6
19815,2263,معدن سنگ تراورتن,904128,6
19816,2263,شهرک صنعتی تکاب,904130,6
19817,2263,بلوک زنی عمرانی,904131,6
19818,2263,ماسه شویی برادران نیری,904132,6
19819,2263,کارگاه تیرچه بلوک زنی برادران نیری,904133,6
19820,2263,کارواش سعید,904134,6
19821,2263,مرکز معاینه فنی ستیز بستر,904135,6
19822,2263,کوره آهک پزی قاسملو,904145,6
19823,2263,گاوداری پاشا احمدی,904294,6
19824,2264,عرب شاه,037087,6
19825,2264,آق قلعه,045054,6
19826,2264,تاشه کبود,045062,6
19827,2264,تمای,045064,6
19828,2264,حاجی بابای سفلی,045067,6
19829,2264,حاجی بابای وسطی,045069,6
19830,2264,دورباش,045072,6
19831,2264,سبیل,045075,6
19832,2264,قرخلو,045079,6
19833,2264,گزدره,045088,6
19834,2264,آسمان بلاغی,202573,6
19835,2264,آی قلعه سی,202578,6
19836,2264,کوتان علیا,202603,6
19837,2264,حاجی بابای علیا,342468,6
19838,2265,تندرلو,044964,6
19839,2265,طاس کند,044976,6
19840,2265,آقا بیگ,045055,6
19841,2265,پهلوان,045061,6
19842,2265,تپه بور,045063,6
19843,2265,چپدره,045065,6
19844,2265,چهارقلعه,045066,6
19845,2265,داش بلاغ,045070,6
19846,2265,درویش رش,045071,6
19847,2265,ساری قورخان,045074,6
19848,2265,علی آباد نخوددره,045076,6
19849,2265,قره بابا,045080,6
19850,2265,قیز قاپان,045082,6
19851,2265,قلدره سفلی,045083,6
19852,2265,قلدره علیا,045084,6
19853,2265,قوجه,045086,6
19854,2265,نخوددره,045089,6
19855,2265,یهرلو,045091,6
19856,2265,بلوز,045527,6
19857,2265,ساری باغ,045539,6
19858,2266,آرپاچایی,037020,6
19859,2266,آق اطاق,037024,6
19860,2266,جداقیه,037053,6
19861,2266,احمدآباد سفلی,044950,6
19862,2266,احمدآباد علیا,044951,6
19863,2266,آقدره سفلی,044953,6
19864,2266,آقدره علیا,044954,6
19865,2266,آقدره وسطی,044955,6
19866,2266,امین آباد,044956,6
19867,2266,انگورود,044957,6
19868,2266,چراغ تپه سفلی,044965,6
19869,2266,چراغ تپه علیا,044966,6
19870,2266,حسن آباد,044969,6
19871,2266,زره شوران,044973,6
19872,2266,زنهار کندی,044974,6
19873,2266,شیرمرد,044975,6
19874,2266,قینرجه,044988,6
19875,2266,گوله گوله,044992,6
19876,2266,آلوچلوی سفلی,044996,6
19877,2266,آلوچلوی علیا,044997,6
19878,2266,یارعزیز,044999,6
19879,2266,ینگی کند,045000,6
19880,2266,عربشاه,202591,6
19881,2266,سد مخزنی ساروق,904141,6
19882,2266,اردوگاه فرهنگی و تربیتی سلمان فارسی,904142,6
19883,2266,سد مخزنی احمدآباد,904144,6
19884,2267,باش برات,044960,6
19885,2267,ترمکچی,044963,6
19886,2267,چوپلو,044967,6
19887,2267,خارخار,044970,6
19888,2267,داش قزقاپان,044971,6
19889,2267,دل دلبلاغی,044972,6
19890,2267,قره عمر,044982,6
19891,2267,کوسه پیری,044989,6
19892,2267,گوی آغاج,044993,6
19893,2267,مایین بلاغ,044994,6
19894,2267,نبی کندی,044995,6
19895,2267,آلاسقل,045056,6
19896,2267,کریم آباد,045087,6
19897,2267,ترمکچی پایین,904302,6
19898,2268,آغبلاغ علیا,044948,6
19899,2268,آغبلاغ همدانی,044949,6
19900,2268,اسدکندی,044952,6
19901,2268,اوچ حصار,044958,6
19902,2268,بابانظر,044959,6
19903,2268,برنجه,044961,6
19904,2268,طومارکندی,044977,6
19905,2268,فاقلو,044978,6
19906,2268,قازان کندی,044979,6
19907,2268,قراولخانه,044980,6
19908,2268,قره بلاغ,044981,6
19909,2268,قره ناز,044983,6
19910,2268,قزل قشلاق,044984,6
19911,2268,قوشابلاغ,044985,6
19912,2268,قوشخانه سفلی,044986,6
19913,2268,قوشخانه علیا,044987,6
19914,2268,گنبد,044990,6
19915,2268,گوگردچی,044991,6
19916,2268,همپا,044998,6
19917,2268,مجموعه جهانی تخت سلیمان,904140,6
19918,2269,الک آباد/ آلکاوا,045871,6
19919,2269,بیژ آباد,045875,6
19920,2269,پروانه,045877,6
19921,2269,پولیه,045879,6
19922,2269,پیروت آباد,045880,6
19923,2269,جبرییل آباد,045885,6
19924,2269,چشمه گل,045887,6
19925,2269,حسن نوران,045890,6
19926,2269,خالدآباد,045892,6
19927,2269,اسلام آباد دخالر,045893,6
19928,2269,ذمه,045900,6
19929,2269,سوجه,045905,6
19930,2269,سیبیان,045906,6
19931,2269,شاهوانه,045907,6
19932,2269,شاهین آباد,045908,6
19933,2269,شیخ عثمان,045909,6
19934,2269,علی آباد,045911,6
19935,2269,گرگ آباد,045912,6
19936,2269,قازان آباد,045913,6
19937,2269,کوروش آباد,045917,6
19938,2269,گرد کاشان,045919,6
19939,2269,گندویلا,045920,6
19940,2269,نر زیوه,045925,6
19941,2269,نلیوان,045926,6
19942,2269,مرغداری امیرآباد,342033,6
19943,2269,شهرک صنعتی اشنویه,804002,6
19944,2270,دوربه,045989,6
19945,2270,آغبلاغ,045990,6
19946,2270,اسلاملو,045991,6
19947,2270,ترسه بلاغ,045992,6
19948,2270,چیان,045993,6
19949,2270,چهل آسیاب,045994,6
19950,2270,دوستاک,045995,6
19951,2270,رشگوند,045996,6
19952,2270,سنگر,045997,6
19953,2270,سرکانی,045998,6
19954,2270,سیاوان,045999,6
19955,2270,شیوه بیرو,046000,6
19956,2270,الیان,046001,6
19957,2270,عین الروم,046002,6
19958,2270,گرگ گل,046003,6
19959,2270,گل ماران,046004,6
19960,2270,گلاز,046005,6
19961,2270,گنج آباد,046006,6
19962,2270,گندملاعیسی,046007,6
19963,2270,لورلکان,046008,6
19964,2270,علی آباد,342031,6
19965,2271,دوآب,040809,6
19966,2271,بالاگیر,045873,6
19967,2271,چپرآباد,045886,6
19968,2271,چهاربت,045888,6
19969,2271,آسن آباد,045889,6
19970,2271,دنخه,045895,6
19971,2271,ده شمس بزرگ,045897,6
19972,2271,ده شمس کوچک,045898,6
19973,2271,ده گرجی,045899,6
19974,2271,سردره,045901,6
19975,2271,سرگیز,045902,6
19976,2271,قره سقال,045914,6
19977,2271,کهنه قلعه,045918,6
19978,2271,پاسگاه انتظامی دوآب,342629,6
19979,2271,پرورش ماهی قزل آلا,804245,6
19980,2271,سد خاکی اشنویه,904312,6
19981,2272,باب خالدآباد,040786,6
19982,2272,صوفیان,040821,6
19983,2272,قلاتیان,040823,6
19984,2272,کانی رش,040832,6
19985,2272,بطریان,045874,6
19986,2272,بمزورته/ بیمضرته,045876,6
19987,2272,پوش آباد,045878,6
19988,2272,پی قلعه,045881,6
19989,2272,تاژان دره,045882,6
19990,2272,خورشت,045894,6
19991,2272,دورود,045896,6
19992,2272,سنگان,045904,6
19993,2272,شیخان,045910,6
19994,2272,کانی سرخ,045915,6
19995,2272,کانی کیسل,045916,6
19996,2272,مامدان,045921,6
19997,2272,میرآباد,045923,6
19998,2272,هق,045929,6
19999,2273,آغبلاغ,043162,6
20000,2273,بدولی,043165,6
20001,2273,بیگ کندی,043166,6
20002,2273,پیراحمد کندی,043167,6
20003,2273,جمال کندی,043168,6
20004,2273,جوزر,043170,6
20005,2273,جیق جیق,043171,6
20006,2273,سارمساقلو/ قهرمان کندی,043175,6
20007,2273,ساری اجاق,043176,6
20008,2273,سلمان آباد,043177,6
20009,2273,سلیمان آغل,043178,6
20010,2273,سیران,043179,6
20011,2273,صوفعلی کندی,043183,6
20012,2273,عرب دیزسی,043185,6
20013,2273,علو جینی,043187,6
20014,2273,علی آباد,043188,6
20015,2273,قزیل بلاغ,043189,6
20016,2273,قندقلو/ قندخلی,043191,6
20017,2273,قیان کندی,043193,6
20018,2273,کشتاز,043194,6
20019,2273,نادو,043196,6
20020,2273,نفطو,043197,6
20021,2273,پاسگاه پیراحمد کندی,341225,6
20022,2273,پاسگاه مرزی سلمان عاقل,341231,6
20023,2273,پاسگاه مرزی جمال کندی,341232,6
20024,2273,پاسگاه مرزی جوزر,341237,6
20025,2273,پاسگاه ساری اجاق,341242,6
20026,2273,پاسگاه مرزی سلمان آباد,341243,6
20027,2273,پاسگاه سیران,341244,6
20028,2273,پاسگاه نادو,341248,6
20029,2273,پاسگاه مرزی نفطو,341263,6
20030,2273,پایگاه میله 72 مرزی,341264,6
20031,2274,آرخاشان/ ارخشان,043163,6
20032,2274,اروج کندی,043164,6
20033,2274,جنگ تپه,043169,6
20034,2274,حال حال سفلی,043172,6
20035,2274,حال حال علیا,043173,6
20036,2274,دلک وردی,043174,6
20037,2274,شادلوی سفلی,043180,6
20038,2274,شادلوی علیا,043181,6
20039,2274,شگفتی,043182,6
20040,2274,طهماسب کندی,043184,6
20041,2274,عربین کندی,043186,6
20042,2274,قلی دیزه سی,043190,6
20043,2274,قهرمان کندی/ شاه بنده لو,043192,6
20044,2274,آغبلاغ ابوبکر,043348,6
20045,2274,آغبلاغ خالد,043349,6
20046,2274,اجاق آباد,043351,6
20047,2274,اسلام آباد,043353,6
20048,2274,جبارلو,043383,6
20049,2274,سازآغل,043405,6
20050,2274,صفو,043415,6
20051,2274,صوفی آباد,043416,6
20052,2274,قزل سوری (قزلسوری),043434,6
20053,2274,قلعه خاج,043435,6
20054,2274,گل,043440,6
20055,2274,گل سفید,043442,6
20056,2274,مجنون سفلی,043445,6
20057,2274,مجنون علیا,043446,6
20058,2274,مسعودآباد,043452,6
20059,2274,پاسگاه آغداش,341249,6
20060,2274,پایگاه میله 163 مرزی,341265,6
20061,2274,پاسگاه مرزی میله 193,341332,6
20062,2274,پاسگاه مرزی میله 190,341333,6
20063,2274,پاسگاه مرزی خان گل,341334,6
20064,2275,آبگرم,043347,6
20065,2275,انبار سفلی,043359,6
20066,2275,انبار علیا,043360,6
20067,2275,انبار ماران,043361,6
20068,2275,اینچه صلاح سفلی,043363,6
20069,2275,بابانور,043366,6
20070,2275,بغلچی علیا,043368,6
20071,2275,بغلچی سفلی,043369,6
20072,2275,پاییزآباد,043372,6
20073,2275,تات کندی,043373,6
20074,2275,تغنیت علیا,043376,6
20075,2275,تغنیت سفلی,043377,6
20076,2275,تقی کندی,043380,6
20077,2275,تولکی تپه سی,043381,6
20078,2275,خان بغلچی,043390,6
20079,2275,خان صدر,043391,6
20080,2275,خضرلو,043392,6
20081,2275,داردره سی,043393,6
20082,2275,دلیک داش,043394,6
20083,2275,دوشان تپه,043395,6
20084,2275,زلول,043403,6
20085,2275,زنگره,043404,6
20086,2275,سعیدآباد,043407,6
20087,2275,سگریک,043408,6
20088,2275,شیخ سلوی سفلی,043411,6
20089,2275,شیخ سلوی علیا,043412,6
20090,2275,صدر,043413,6
20091,2275,علی پسند,043418,6
20092,2275,عموخانزی سفلی,043419,6
20093,2275,عموخانزی علیا,043420,6
20094,2275,عیسی گولی,043423,6
20095,2275,قاشقابلاغ سفلی,043425,6
20096,2275,قره جه وران سفلی,043431,6
20097,2275,قره جه وران علیا,043432,6
20098,2275,قره چی بلاغ,043433,6
20099,2275,قوری گل/ گدوک کندی,043436,6
20100,2275,کردکندی,043438,6
20101,2275,مادلوی چالدران,043444,6
20102,2275,مخمور,043447,6
20103,2275,مخور,043448,6
20104,2275,مسجدلوی سفلی,043450,6
20105,2275,مسجدلوی علیا,043451,6
20106,2275,ملحم لوی سفلی,043454,6
20107,2275,ملحم لوی علیا,043455,6
20108,2275,مزرعه مندلیخ,043456,6
20109,2275,میرزاخان,043458,6
20110,2275,نادرآباد,043459,6
20111,2275,ناور,043460,6
20112,2275,نبی کندی,043461,6
20113,2275,یکماله علیا,043463,6
20114,2275,قاشقا بلاغ علیا,043464,6
20115,2275,دمیرچی,043465,6
20116,2275,قرمزی داش انبار,043466,6
20117,2275,اینچه صلاح علیا,043467,6
20118,2275,بگوکندی,043468,6
20119,2275,پاسگاه شیخ سلو,341347,6
20120,2275,پاسگاه مخمور,341351,6
20121,2275,پاسگاه مرزی ناور,341353,6
20122,2275,پاسگاه مرزی یکماله,341356,6
20123,2275,یوسف آباد,342529,6
20124,2275,پاسگاه مرزی شیخ شیلوی علیا,342574,6
20125,2275,شهرک مخور,596252,6
20126,2275,مجتمع تفریحی و اقامتی تالار مجلل عالیجناب,804176,6
20127,2275,کاخانه تولید قند چالدران,804177,6
20128,2275,هنگ مرزی قره چی بلاغ,804179,6
20129,2276,آبارا باشی,043346,6
20130,2276,آغدیزج,043350,6
20131,2276,عنترکندی وسطی,043352,6
20132,2276,آغبلاغ میدان,043354,6
20133,2276,آغدوز,043355,6
20134,2276,آغوزان,043356,6
20135,2276,امامقلی کندی علیا,043357,6
20136,2276,امامقلی کندی سفلی,043358,6
20137,2276,اینچه سفلی,043362,6
20138,2276,اینچه علیا,043364,6
20139,2276,بابالوی,043365,6
20140,2276,بز قلعه,043370,6
20141,2276,تازه کند چغال,043374,6
20142,2276,تختروان سفلی,043378,6
20143,2276,تختروان علیا,043379,6
20144,2276,جگن,043384,6
20145,2276,جلیل کندی,043385,6
20146,2276,چوخور کندی,043386,6
20147,2276,حاچاقیه,043387,6
20148,2276,حراملو,043388,6
20149,2276,خان امیر,043389,6
20150,2276,روض,043397,6
20151,2276,ریحانلوی سفلی,043398,6
20152,2276,ریحانلوی علیا,043399,6
20153,2276,ریحانلوی وسطی,043400,6
20154,2276,زاویه سفلی,043401,6
20155,2276,زاویه علیا,043402,6
20156,2276,سدل/ سعدل,043406,6
20157,2276,مزرعه شریلو,043409,6
20158,2276,شهسوار,043410,6
20159,2276,صدرالدین/ شاه گلن,043414,6
20160,2276,عباس کندی,043417,6
20161,2276,عنترکندی علیا,043421,6
20162,2276,عنترکندی سفلی,043422,6
20163,2276,قادوکندی,043424,6
20164,2276,قرمز داش,043427,6
20165,2276,قره آغل,043429,6
20166,2276,گرگره,043439,6
20167,2276,گل آشاقی,043441,6
20168,2276,مادلوی کودک,043443,6
20169,2276,مزرعه,043449,6
20170,2276,معصوم کندی,043453,6
20171,2276,میدان,043457,6
20172,2276,وکیل,043462,6
20173,2276,پمپ بنزین یزدانی,341330,6
20174,2276,اصطبل دادگر,341331,6
20175,2276,سد بارون,342601,6
20176,2276,پاسگاه انتظامی حراملو,804185,6
20177,2276,آیزلو,904261,6
20178,2276,چاوش,904288,6
20179,2276,پادگان سپاه,904481,6
20180,2276,دامداری حاج معصوم معصومی,904482,6
20181,2276,مخزن 2500 متر مکعبی شهدای چالد,904485,6
20182,2277,آغداش,043234,6
20183,2277,آغمزار ملک کندی,043236,6
20184,2277,ارکوین,043237,6
20185,2277,بابا احمد,043238,6
20186,2277,بایطمیش,043239,6
20187,2277,تازه کند,043241,6
20188,2277,جفال,043242,6
20189,2277,حسن کندی,043244,6
20190,2277,داش کسن,043245,6
20191,2277,داش بلاغ,043246,6
20192,2277,دره کندی,043247,6
20193,2277,دیل بیلمز,043249,6
20194,2277,صونا بلاغی,043250,6
20195,2277,شاه منصور,043251,6
20196,2277,شوربلاغ,043255,6
20197,2277,عباس کندی,043257,6
20198,2277,عبدالرزاق,043258,6
20199,2277,عرفات,043259,6
20200,2277,علی مردان,043260,6
20201,2277,قرخ بلاغ,043261,6
20202,2277,قرنقو,043262,6
20203,2277,قره تولکی سفلی,043265,6
20204,2277,قره تولکی علیا,043266,6
20205,2277,قره کلیسا,043267,6
20206,2277,قیز خاشلو,043268,6
20207,2277,قوری ناو سفلی,043269,6
20208,2277,قوری ناو علیا,043270,6
20209,2277,قوشابلاغ سفلی,043271,6
20210,2277,قوشابلاغ علیا,043272,6
20211,2277,قولار,043273,6
20212,2277,کران سفلی,043274,6
20213,2277,کران علیا,043275,6
20214,2277,کران وسط,043276,6
20215,2277,محمدآقا سفلی,043280,6
20216,2277,محمدآقا علیا,043281,6
20217,2277,محمد صالح,043282,6
20218,2277,مزرعه ملک کندی,043283,6
20219,2277,مشهد کندی,043284,6
20220,2277,میر آباد یوشانلی,043286,6
20221,2277,نیاز,043287,6
20222,2277,یایچی,043288,6
20223,2277,یومری داش,043289,6
20224,2277,مزرعه مجنون,342487,6
20225,2278,ایلانلو,043079,6
20226,2278,اینچه دره سی,043080,6
20227,2278,بیگ جان,043081,6
20228,2278,نصرت آباد/ تپه سی دلیک,043082,6
20229,2278,تره میش,043084,6
20230,2278,حسن کندی,043087,6
20231,2278,دودای,043088,6
20232,2278,دیوانخانه,043089,6
20233,2278,شهرک ارس,043091,6
20234,2278,شیبلوی سفلی,043092,6
20235,2278,شیبلوی علیا,043093,6
20236,2278,شیخ حمزه لو,043094,6
20237,2278,عزیز کندی,043096,6
20238,2278,قلعه جوق,043100,6
20239,2278,قورشاقلو,043102,6
20240,2278,چتو کندی/ قورشاقلوی کرد,043103,6
20241,2278,کربلایی باقر,043105,6
20242,2278,گچلره,043107,6
20243,2278,پاسگاه مرزی شیبلو,341358,6
20244,2278,پاسگاه مرزی قنبر کندی,341364,6
20245,2278,پاسگاه مرزی سد ارس,341368,6
20246,2278,پاسگاه مرزی قشلاق,341372,6
20247,2278,پاسگاه مرزی تک داغ,341373,6
20248,2278,سایت اسکان عشایر میلاد,342754,6
20249,2278,سد ارس,804190,6
20250,2278,پاسگاه گروهان مرزی سد ارس,804191,6
20251,2278,ایستگاه پمپاژ قنبر کندی,804192,6
20252,2279,عبدالعلی کندی/ الله وردی کندی,043078,6
20253,2279,ترشاب,043083,6
20254,2279,چخماقلوی سفلی,043085,6
20255,2279,چخماقلوی علیا,043086,6
20256,2279,شیرمحمد,043095,6
20257,2279,قوچ کندی,043101,6
20258,2279,کرم آباد,043106,6
20259,2279,گیوان,043108,6
20260,2279,نازک سفلی,043109,6
20261,2279,قوچ کندی کرد,804189,6
20262,2279,مرغداری پروینی,904283,6
20263,2280,اسماعیل کندی/ گیره کندی,042820,6
20264,2280,بهلول کندی,042828,6
20265,2280,پزیک,042831,6
20266,2280,تازه کند,042835,6
20267,2280,ذاکرلو,042849,6
20268,2280,زنگنه,042852,6
20269,2280,ساری سو,042855,6
20270,2280,شوطلو,042856,6
20271,2280,شوربلاغ سفلی,042857,6
20272,2280,شوربلاغ علیا,042858,6
20273,2280,شیدی,042859,6
20274,2280,عشق آباد,042861,6
20275,2280,گنه لوی,042885,6
20276,2280,کولوس,042886,6
20277,2280,مرادعلی علیا,042889,6
20278,2280,پاسگاه مرزی ذاکرلو,341193,6
20279,2280,پاسگاه مرزی شیدی,341195,6
20280,2281,اروج محمد,042819,6
20281,2281,آغ اتلوق,042821,6
20282,2281,آقامیرکندی,042823,6
20283,2281,بهلول آباد,042827,6
20284,2281,پناه کندی,042832,6
20285,2281,پورناک,042833,6
20286,2281,پیله سوار,042834,6
20287,2281,تپه باشی پورناک,042837,6
20288,2281,جمال آباد,042840,6
20289,2281,حاجی صوفی,042841,6
20290,2281,دایلان کندی,042847,6
20291,2281,ساختمان,042854,6
20292,2281,علی نظر,042864,6
20293,2281,فتاح کندی,042866,6
20294,2281,قارقولوق سفلی,042868,6
20295,2281,قارقولوق علیا,042869,6
20296,2281,قره جالو,042871,6
20297,2281,قره خوجالو,042872,6
20298,2281,قلنج لانمش,042876,6
20299,2281,قوطان,042877,6
20300,2281,قیرکندی,042880,6
20301,2281,قیقاج,042881,6
20302,2281,مرادلوی سفلی,042888,6
20303,2281,مرادلوی وسطی,042890,6
20304,2281,ملاکندی,042892,6
20305,2281,مشهدی میرزاکندی,042894,6
20306,2281,نظرخان,042895,6
20307,2281,پاسگاه مرزی قره خوجالو,341361,6
20308,2281,پاسگاه مرزی قیقاج,341362,6
20309,2281,بازار مشترک پلدشت صنم بلاغی مک,342573,6
20310,2281,ایستگاه گاز,804202,6
20311,2281,مجتمع دامداران,804205,6
20312,2281,کارخانه شن وماسه شهرداری پلدشت,904474,6
20313,2281,تصفیه خانه آب صنم بلاغی,904477,6
20314,2281,پاسگاه مرزی دهقان,904478,6
20315,2282,اسماعیل کهریزی,041148,6
20316,2282,بابل آباد,041150,6
20317,2282,پیر یادگار,041152,6
20318,2282,تاج خاتون,041153,6
20319,2282,شورکهریز,041161,6
20320,2282,شیرین بلاغ,041162,6
20321,2282,قره تپه,041167,6
20322,2282,قزلجه گل,041168,6
20323,2282,قوچاش,041169,6
20324,2282,یوسف کندی,041172,6
20325,2282,بلال آباد,041201,6
20326,2282,حسین آباد,041205,6
20327,2282,دامداما,041206,6
20328,2282,کامل آباد(کمال آباد),041218,6
20329,2282,میرزا حسام,041222,6
20330,2282,یتیم آغلی,041224,6
20331,2282,ایستگاه رادار,340805,6
20332,2282,کارخانه گچ سفید مرمر,342538,6
20333,2282,کارخانه آجر سفال قره ضیاالدین,804148,6
20334,2282,ناحیه صنعتی قره ضیاالدین,804149,6
20335,2282,انبار شرکت گاز,804150,6
20336,2282,صنایع ام-دی-اف رضا محمدپور,804151,6
20337,2282,صنایع چوب رضا,804152,6
20338,2282,تاسیسات سیلندر پرکنی,804153,6
20339,2282,مرغداری لطیف احمدی,804154,6
20340,2282,شهرک صنعتی قره ضیاالدین,804155,6
20341,2282,کارخانه آسفالت شهرداری قره ضیاالدین,804156,6
20342,2282,شرکت فرش پدیده آذربایجان,904469,6
20343,2282,کارگاه تولید قطعات بتنی گسترش سازه های بتنی,904470,6
20344,2282,دامداری یعقوب اسماعیلی,904471,6
20345,2283,الهوردی کندی,041149,6
20346,2283,بیگ درویش,041151,6
20347,2283,حاجی احمد کندی,041155,6
20348,2283,حسین بیگلو,041156,6
20349,2283,دیزج حاتم خان,041158,6
20350,2283,زنگلان سفلی,041159,6
20351,2283,زنگلان علیا,041160,6
20352,2283,طاهرآباد,041163,6
20353,2283,قارنی یاریخ,041166,6
20354,2283,کورابلاغ,041170,6
20355,2283,معدن سنگ وگچ تعاونی شماره 9,340825,6
20356,2283,راهدارخانه,340829,6
20357,2283,پمپ بنزین,340830,6
20358,2283,شرکت حمل و نقل سپاهان و پایگاه امداد بین شهری هلال احمر,804145,6
20359,2283,دامداری یوسفی,804146,6
20360,2283,تیرچه بلوک چایپاره قلی زاده,804147,6
20361,2283,تعویض روغن و پنچرگیری برادران و چادردوزی و رستوران سن س,904462,6
20362,2283,نمایشگاه کامیون چایپاره,904463,6
20363,2283,جایگاه سوخت CNG شهرداری,904464,6
20364,2283,دامداری عزیز اکبری,904465,6
20365,2283,دامداری,904466,6
20366,2283,دامداری احمدپور,904467,6
20367,2283,انباری و پارک موتوری کارخانه قند خوی,904468,6
20368,2284,بهستان,041115,6
20369,2284,آجای,041198,6
20370,2284,بادکی,041199,6
20371,2284,بسطام,041200,6
20372,2284,چومران,041203,6
20373,2284,چیر,041204,6
20374,2284,دورت آغاچ,041207,6
20375,2284,دوزک,041208,6
20376,2284,سالطه,041209,6
20377,2284,سلوکلو,041210,6
20378,2284,شورجه حسین آباد,041211,6
20379,2284,شوریک,041212,6
20380,2284,قره کندی,041213,6
20381,2284,قمشگان سفلی,041214,6
20382,2284,قنات باقر بیگ,041215,6
20383,2284,قورول سفلی,041216,6
20384,2284,قورول علیا,041217,6
20385,2284,کسیان,041219,6
20386,2284,کوزدکن,041220,6
20387,2284,نعلبند,041223,6
20388,2284,آغمزار کرد,043235,6
20389,2284,بندلی,043240,6
20390,2284,جیل قوا,043243,6
20391,2284,دوه آغلی,043248,6
20392,2284,شطو,043252,6
20393,2284,شکربلاغی سفلی/ ساختمان,043253,6
20394,2284,شکربلاغی علیا,043254,6
20395,2284,عباس بلاغی,043256,6
20396,2284,قره آغاج,043263,6
20397,2284,قره بویا,043264,6
20398,2284,کفیل,043277,6
20399,2284,کورش,043279,6
20400,2284,مسکن مهر چایپاره,804018,6
20401,2284,سد مخزنی آق چای,804140,6
20402,2284,پست 132.20 کیلوولت قره ضیاالدین,804141,6
20403,2285,آخورلو,041111,6
20404,2285,ایگدلوی سفلی,041112,6
20405,2285,ایگدلوی علیا,041113,6
20406,2285,بالاکهریز,041114,6
20407,2285,چورس,041116,6
20408,2285,چیرکندی,041117,6
20409,2285,حمزیان سفلی,041118,6
20410,2285,حمزیان علیا,041119,6
20411,2285,خانقاه چورس,041120,6
20412,2285,دل کندی,041121,6
20413,2285,علی آباد,041122,6
20414,2285,فیض آباد,041123,6
20415,2285,قره کهریز,041124,6
20416,2285,قمشگان علیا,041125,6
20417,2285,قنات میرزا جلیل,041126,6
20418,2285,قوزلوی خانیه,041127,6
20419,2285,مرقشه,041221,6
20420,2286,آغبلاغ مخور,042983,6
20421,2286,ایشکه سو,042986,6
20422,2286,ایل بلاغی,042987,6
20423,2286,پیر شاه,042991,6
20424,2286,حسن کندی,042994,6
20425,2286,خضرلو,042995,6
20426,2286,خورابلو,042996,6
20427,2286,دانابلاغ,042998,6
20428,2286,زنجیره,043000,6
20429,2286,شهر سیلابی,043005,6
20430,2286,شیخ سیلو,043007,6
20431,2286,صبرخان,043008,6
20432,2286,صمد یوردی,043009,6
20433,2286,علی کندی,043014,6
20434,2286,قاباخ بلاغ,043016,6
20435,2286,کوچلوی سفلی,043019,6
20436,2286,کوچلوی علیا,043020,6
20437,2286,کورابلاغ,043021,6
20438,2286,مخور,043023,6
20439,2286,ملکلو,043028,6
20440,2287,آرپالیخ,042985,6
20441,2287,اینچه قدیم,042988,6
20442,2287,باش کهریز,042989,6
20443,2287,تازه کند قدیم,042992,6
20444,2287,دوز آغل,042999,6
20445,2287,سلیمان کندی,043001,6
20446,2287,سید احمد,043003,6
20447,2287,شریف کندی,043004,6
20448,2287,فیشل,043015,6
20449,2287,محمدکریم کندی,043022,6
20450,2287,ملا کندی,043029,6
20451,2287,قره آغاج,043097,6
20452,2287,قیاس,043104,6
20453,2287,تاسیسات گاز مرگنلر,804157,6
20454,2287,پمپ بنزین خلیل زاده,904452,6
20455,2288,بیانچلی کرد,042830,6
20456,2288,تیمورآباد,042838,6
20457,2288,کندال,042884,6
20458,2288,آغبلاغ سوگار,042982,6
20459,2288,آغدونلو,042984,6
20460,2288,بایرام کندی,042990,6
20461,2288,جگن,042993,6
20462,2288,داش فیشل,042997,6
20463,2288,سنیق,043002,6
20464,2288,شورا گل,043006,6
20465,2288,صوفی,043010,6
20466,2288,طوره,043011,6
20467,2288,عزت آباد,043012,6
20468,2288,علیار,043013,6
20469,2288,قره زمین,043017,6
20470,2288,قره کهریز,043018,6
20471,2288,فرود گاه منطقه آزاد ماکو,904455,6
20472,2288,کارخانه آسفالت شهرداری شوط,904459,6
20473,2289,اورتاکند,042824,6
20474,2289,بیانچلی عجم,042829,6
20475,2289,تپه باشی نماز,042836,6
20476,2289,حسینعلی کندی عجم,042843,6
20477,2289,خلج عجم,042844,6
20478,2289,خلج کرد,042845,6
20479,2289,خوک,042846,6
20480,2289,عظیم کندی,042862,6
20481,2289,علی کندی,042863,6
20482,2289,قابان باسان,042867,6
20483,2289,قره ایاق,042870,6
20484,2289,قوردالدرن عجم,042878,6
20485,2289,قوردالدرن کرد,042879,6
20486,2289,حسین علی کندی کرد/کرد کندی,042882,6
20487,2289,کش ارخی,042883,6
20488,2289,احمدآباد/ گدای,042887,6
20489,2289,ملااحمد,042891,6
20490,2289,نظمی کندی,042896,6
20491,2289,ورمزیار,042897,6
20492,2289,بابورعجم,043606,6
20493,2289,قزل قلعه,043607,6
20494,2289,دیزج طویل,043627,6
20495,2289,پرورش مرغ گوشتی سینه طلای ماکو,804161,6
20496,2289,گردان تکاوری,904460,6
20497,2289,شهرک صنعتی شهرستان شوط,904461,6
20498,2290,ابراهیم حصاری,031717,6
20499,2290,منصور آباد,031825,6
20500,2290,آق داش,045601,6
20501,2290,قپچاق,045656,6
20502,2291,اوزون اوبه,045604,6
20503,2291,خزینه انبار جدید,045634,6
20504,2291,خزینه انبار قدیم,045635,6
20505,2291,شعبانلو,045644,6
20506,2291,شرکت تولیدی گندم,804604,6
20507,2292,فسندوز,045653,6
20508,2292,قره گزلو,045663,6
20509,2292,مرادخانلو,045691,6
20510,2293,اسلام آباد,045599,6
20511,2293,فیروزآباد,045654,6
20512,2293,کردکندی,045668,6
20513,2293,مدرسه شبانه روزی امام خمینی,904318,6
20514,2294,امیرآباد,031729,6
20515,2294,حمید,031756,6
20516,2294,سانجیق,031764,6
20517,2294,علی بلاغی,031781,6
20518,2294,قرمزی بلاغ,031787,6
20519,2294,قره سقال,031790,6
20520,2294,قطار,031797,6
20521,2294,نادرگلی,031832,6
20522,2294,داش آلتی,045171,6
20523,2294,شورجه کرد,045175,6
20524,2295,آقکند باروق,031725,6
20525,2295,آیدیشه,031733,6
20526,2295,چالخاماز,031750,6
20527,2295,شورجه باروق,031770,6
20528,2295,عدل آباد,031777,6
20529,2295,علیار کندی,031782,6
20530,2295,قشلاق نوروزلو,031796,6
20531,2295,گل سلیمان آباد,031809,6
20532,2295,میرزا نظام,031830,6
20533,2295,نوروزلو,031835,6
20534,2295,شهرک صنعتی میاندوآب,342666,6
20535,2295,پاسگاه,804459,6
20536,2296,آت دره سی,045139,6
20537,2296,اربط سفلی,045142,6
20538,2296,اربط علیا,045143,6
20539,2296,آق کند,045147,6
20540,2296,آلی,045148,6
20541,2296,امان کندی,045149,6
20542,2296,اورتادرق,045150,6
20543,2296,اولامچی,045151,6
20544,2296,باداملو,045152,6
20545,2296,بیوک بلاغ,045155,6
20546,2296,پتکلو,045158,6
20547,2296,تازه کند,045159,6
20548,2296,توپ آغاج,045163,6
20549,2296,حاجی کندی,045167,6
20550,2296,حصارلو,045169,6
20551,2296,حیدرباغی,045170,6
20552,2296,زاغه,045172,6
20553,2296,قمشلو,045181,6
20554,2296,قوری درق,045184,6
20555,2296,گوزلی,045188,6
20556,2296,گوی خرابه,045189,6
20557,2296,لاله لو,045191,6
20558,2296,محمدقلی قشلاق/ تیمور کندی,045193,6
20559,2296,مزرعه ایشقلو,045194,6
20560,2296,ممه کندی,045197,6
20561,2296,نختالو,045199,6
20562,2296,یاسی کند,045200,6
20563,2296,ینگی آباد/ نیکی آباد,045204,6
20564,2297,آغبلاغ,045140,6
20565,2297,احمدآباد قاشقاگوز,045141,6
20566,2297,اسماعیل کندی,045144,6
20567,2297,ایشگه,045145,6
20568,2297,باش آچیق,045153,6
20569,2297,باش بلاغ,045154,6
20570,2297,تازه کند آغبلاغ,045160,6
20571,2297,تک آغاج,045162,6
20572,2297,جان آقا,045164,6
20573,2297,چاخراحمد,045165,6
20574,2297,جبیگلو,045168,6
20575,2297,سوغانچی,045174,6
20576,2297,قرقچی,045177,6
20577,2297,قره بوغاز,045178,6
20578,2297,قطارداش,045179,6
20579,2297,قواقلو,045182,6
20580,2297,قوچ کندی,045183,6
20581,2297,گوزللوی سفلی,045186,6
20582,2297,گوزللوی علیا,045187,6
20583,2297,مسجد,045196,6
20584,2297,یلکلو,045201,6
20585,2297,یلی بلاغ,045202,6
20586,2297,ینگجه,045203,6
20587,2297,زارنجی,045298,6
20588,2297,ملحم لو,045330,6
20589,2298,اشخل,042182,6
20590,2298,آلاوان,042186,6
20591,2298,مزرعه ببلینگ,042188,6
20592,2298,بیلوکه,042190,6
20593,2298,چکو,042193,6
20594,2298,داربران,042195,6
20595,2298,سپیداره,042204,6
20596,2298,سوستان سفلی,042207,6
20597,2298,سپیکان,042209,6
20598,2298,شیواشان,042212,6
20599,2298,شیوه میر,042214,6
20600,2298,قلعه تاسیان,042215,6
20601,2298,گرور,042219,6
20602,2298,گوزیله,042220,6
20603,2298,موسالان,042228,6
20604,2298,بنی آباد,042230,6
20605,2298,نیزه سفلی,042232,6
20606,2298,نیزه علیا,042233,6
20607,2298,نیزه وسطی,042234,6
20608,2298,نیوژ,042236,6
20609,2298,پادگان علی ولی الله,342750,6
20610,2299,آشه دینه,042183,6
20611,2299,آل مران,042184,6
20612,2299,آلواتان,042185,6
20613,2299,بایزه مره,042187,6
20614,2299,دارمه گون باش قبران,042191,6
20615,2299,توژل,042192,6
20616,2299,دارمه گون باش بالا,042196,6
20617,2299,داودآباد,042198,6
20618,2299,دوله تو,042199,6
20619,2299,سالاره,042202,6
20620,2299,ساوان,042203,6
20621,2299,سپیداره دارمه,042205,6
20622,2299,سیره مرگ,042210,6
20623,2299,کاولاته,042216,6
20624,2299,گردنه پایین,042218,6
20625,2299,گوره شر,042223,6
20626,2299,مامکاوه,042224,6
20627,2299,مزرعه,042225,6
20628,2299,مزرعه سرمرگان,042226,6
20629,2299,مزرعه کنه مشکه وزنه,042227,6
20630,2299,نوکان,042231,6
20631,2299,کانی زرد,042312,6
20632,2299,گل کانک,042318,6
20633,2299,دولی خانوان,042332,6
20634,2299,ساوان جدید,342630,6
20635,2299,بازارچه و گروهان مرزی قاسم رش,342752,6
20636,2300,حلوه,041933,6
20637,2300,کاژه,041954,6
20638,2300,خلیان,042091,6
20639,2300,مامزینه,042119,6
20640,2300,آغلان,042292,6
20641,2300,احمد بریسو,042293,6
20642,2300,برده سور,042294,6
20643,2300,بوبانه,042296,6
20644,2300,پاشقلاته,042297,6
20645,2300,توژل,042298,6
20646,2300,خله,042300,6
20647,2300,دیوالان,042302,6
20648,2300,زله,042303,6
20649,2300,زیوه,042305,6
20650,2300,سرشیو,042306,6
20651,2300,سوره بان,042308,6
20652,2300,شتمان,042309,6
20653,2300,کودله,042315,6
20654,2300,گرژال علیا,042317,6
20655,2300,گلو,042319,6
20656,2300,ممنداباد,042322,6
20657,2300,نارست,042324,6
20658,2300,نوچوان,042328,6
20659,2301,پاراستان,042084,6
20660,2301,پاشبرد,042085,6
20661,2301,جنگه,042088,6
20662,2301,چوآلان,042089,6
20663,2301,دشتی,042092,6
20664,2301,دوله تو,042094,6
20665,2301,رزگتان,042095,6
20666,2301,سرژان,042098,6
20667,2301,شلمان,042102,6
20668,2301,شیوه جو,042106,6
20669,2301,کانی اسپان,042110,6
20670,2301,گاکوژه سفلی,042114,6
20671,2301,گاکوژه علیا,042115,6
20672,2301,کرژال سفلی,042116,6
20673,2301,مزرعه خالدآباد,042120,6
20674,2301,مزن آباد,042121,6
20675,2301,مرگه پیرگه,042122,6
20676,2301,نلوسه,042125,6
20677,2301,نوآوه,042126,6
20678,2301,برینه,042189,6
20679,2301,حسن آباد,042194,6
20680,2301,زیوه,042201,6
20681,2301,سرمرگان نعلین,042206,6
20682,2301,سیونه,042208,6
20683,2301,شیواوکان,042213,6
20684,2301,کچل انبار,042217,6
20685,2301,گومان,042221,6
20686,2301,نیسک آباد,042235,6
20687,2301,دیگه,042301,6
20688,2301,واوان,042330,6
20689,2301,سیدآباد,904206,6
20690,2301,حسین آباد,904295,6
20691,2302,بان درعلیا,047630,6
20692,2302,بان هزارسفلی,047631,6
20693,2302,بان هزارعلیا,047632,6
20694,2302,چشمه کبود,047639,6
20695,2302,خوکاب منصوری,047640,6
20696,2302,داربیدمنصوری,047641,6
20697,2302,دواب,047642,6
20698,2302,دواردرمیان سفلی,047643,6
20699,2302,دواردرمیان علیا,047644,6
20700,2302,زعفران سفلی,047646,6
20701,2302,زعفران علیا,047647,6
20702,2302,سربکوه,047649,6
20703,2302,سرخه خانی,047650,6
20704,2302,سیاه پله سفلی,047651,6
20705,2302,سیاه پله علیا,047652,6
20706,2302,شغل بهاراب,047653,6
20707,2302,کلک جعفر,047655,6
20708,2302,کمرسوراخ,047657,6
20709,2302,مزرعه چشمه کبوداعظم,047658,6
20710,2302,میان تنگ منصوری,047660,6
20711,2302,میان چقا,047661,6
20712,2302,امامزاده حسن,047697,6
20713,2302,چهارمله سفلی,047708,6
20714,2302,چهارمله علیا,047709,6
20715,2302,روتوند,047712,6
20716,2302,قلاجی,047722,6
20717,2302,گاورانی,047724,6
20718,2302,مزرعه پرویز,047727,6
20719,2302,مزرعه سولیجه,047730,6
20720,2302,مزرعه شیخی,047731,6
20721,2302,مومنایی,047736,6
20722,2302,کمانگیر,224971,6
20723,2302,چشمه سنگی,350157,6
20724,2302,باندرسفلی,351688,6
20725,2302,مزرعه هزارچشمه,351760,6
20726,2303,باریکه صادقی,047698,6
20727,2303,باریکه نظام علیا,047699,6
20728,2303,بازگه,047700,6
20729,2303,باقراباد,047701,6
20730,2303,تازه آباد,047702,6
20731,2303,تولابی,047703,6
20732,2303,چهارده جفته,047707,6
20733,2303,خمارتاج,047710,6
20734,2303,رضااباد,047711,6
20735,2303,ری بلک سفلی,047713,6
20736,2303,ری بلک علیا,047714,6
20737,2303,سراب هرسم,047715,6
20738,2303,شاهبداغ,047716,6
20739,2303,علی آباددیزگران,047718,6
20740,2303,قلعه ترک سفلی,047719,6
20741,2303,قلعه ترک علیا,047720,6
20742,2303,قلعه هرسم,047721,6
20743,2303,کندهر,047723,6
20744,2303,گراوند,047725,6
20745,2303,گردی,047726,6
20746,2303,مله هار,047734,6
20747,2303,منوری,047735,6
20748,2303,ویسگه,047737,6
20749,2303,هشت جفته,047738,6
20750,2304,چقاجنگه سفلی,047120,6
20751,2304,چقاجنگه علیا,047121,6
20752,2304,تازه آبادبدرگرد,047146,6
20753,2304,گردنگاه قوچمی,047154,6
20754,2304,پلنگرد,047555,6
20755,2304,تومیانه,047556,6
20756,2304,خپگه,047558,6
20757,2304,سراب شوهان,047560,6
20758,2304,سراب میله سر,047561,6
20759,2304,شوهان علیا,047563,6
20760,2304,ظهراب,047565,6
20761,2304,قوچمی,047566,6
20762,2304,میله سر,047574,6
20763,2304,توه سرخک سفلی,047704,6
20764,2304,توه سرخک علیا,047705,6
20765,2304,توه سرخک نسار,047706,6
20766,2304,مزرعه توه سرخک سیدی,047728,6
20767,2304,مله سرخ,047733,6
20768,2304,شوهان سفلی,350093,6
20769,2304,بدره گردسلیمی,351764,6
20770,2305,انباروزارت راه,047063,6
20771,2305,تنگ شوهان سفلی,047064,6
20772,2305,تنگ شوهان علیا,047065,6
20773,2305,حسن آباد,047066,6
20774,2305,دارخورحسن آباد,047067,6
20775,2305,دلو حسن آباد,047068,6
20776,2305,ده کریشه,047069,6
20777,2305,زینل خانی,047070,6
20778,2305,فرح خانی,047071,6
20779,2305,محمدعلی خانی,047072,6
20780,2305,مزرعه تپه میمونه,047073,6
20781,2305,مزرعه قلندرلکی,047074,6
20782,2305,مزرعه نساردکاکین,047075,6
20783,2305,مزرعه میان رود,047076,6
20784,2305,سیاه خور,047135,6
20785,2305,کریم حاصله علیا,047149,6
20786,2305,کریم حاصله سفلی,047150,6
20787,2305,لرینی اجودانی,047156,6
20788,2305,باقرابادسفلی,047520,6
20789,2305,باقرابادعلیا,047521,6
20790,2305,مزرعه محمدعلی خانی,047531,6
20791,2305,سراب شاهینی,047559,6
20792,2305,شاهینی,047562,6
20793,2305,شیت کمرزرد,047564,6
20794,2305,کمرزرد,047567,6
20795,2305,کمره علیا,047570,6
20796,2305,گرگی مندرک,047571,6
20797,2305,مندرک,047573,6
20798,2305,انجیرک,352895,6
20799,2306,امیرآباد,047097,6
20800,2306,برف آبادسفلی,047101,6
20801,2306,برف آبادعلیا,047102,6
20802,2306,بورک,047104,6
20803,2306,بیک زاده,047105,6
20804,2306,پادگان سلمان فارسی,047106,6
20805,2306,پیرگه برسیمین,047108,6
20806,2306,تازه آبادکوکاو,047109,6
20807,2306,تراب,047110,6
20808,2306,ترازک عبداله,047111,6
20809,2306,ترازک کسان,047112,6
20810,2306,جوزه انجیرک,047113,6
20811,2306,جاف برسیمین,047115,6
20812,2306,چالاب کریم,047116,6
20813,2306,چشمه خیر,047117,6
20814,2306,چشمه ولگه,047119,6
20815,2306,چقاکبود,047123,6
20816,2306,چقاکل,047124,6
20817,2306,زواره کوه,047129,6
20818,2306,سراب کولسه,047132,6
20819,2306,سرتومیلکه غلام,047133,6
20820,2306,سکوی کولسه,047134,6
20821,2306,سیاه سیاه حبیب,047136,6
20822,2306,سیاه سیاه شیخه,047137,6
20823,2306,سیاسیای کیخسرو,047138,6
20824,2306,سیلو,047139,6
20825,2306,طایفه باباخان,047140,6
20826,2306,میلگه سیاه سیاه,047143,6
20827,2306,علی آباد,047144,6
20828,2306,فیروزاباد,047145,6
20829,2306,کله جوب,047151,6
20830,2306,کوکاو,047153,6
20831,2306,لر,047155,6
20832,2306,منصورآباد,047159,6
20833,2306,مومیی,047160,6
20834,2306,نوشکله ترازو,047161,6
20835,2306,ونایی,047162,6
20836,2306,موش کش,047164,6
20837,2306,چالاب بکر,053373,6
20838,2306,ایستگاه تحقیقات باغبانی,350106,6
20839,2306,مزرعه پیله صوفی,350121,6
20840,2306,مزرعه توه خشکه,350123,6
20841,2306,مزرعه طایفه علی جان,350132,6
20842,2306,سیاه سیاه خسروی,350143,6
20843,2306,مزرعه کله چوب,350166,6
20844,2306,پادگان الله اکبر,351697,6
20845,2306,پمپ بنزین آهن جان,351757,6
20846,2306,طایفه نامدارپرنا,351765,6
20847,2306,پست برق,351770,6
20848,2306,منبع اب اسلام آباد,352976,6
20849,2306,معدن سنگ بدره ای,352978,6
20850,2307,تپه گله سفلی,046838,6
20851,2307,تپه گله علیا,046839,6
20852,2307,سیمانی سفلی,046876,6
20853,2307,سیمانی علیا,046877,6
20854,2307,عاشقان عابدین,046883,6
20855,2307,عاشقان موسی,046884,6
20856,2307,مله امیرخان,046916,6
20857,2307,بره سیله,047103,6
20858,2307,چقازرد چوپانکاره,047122,6
20859,2307,چنگرجلیلوند,047125,6
20860,2307,چنگرسمینوند,047126,6
20861,2307,سراب خمان,047131,6
20862,2307,برزه,047595,6
20863,2307,جلیلوند,047596,6
20864,2307,چشمه هلنگ,047597,6
20865,2307,چفته,047598,6
20866,2307,چنار,047599,6
20867,2307,خاوکه,047600,6
20868,2307,سرخک,047601,6
20869,2307,سوران سفلی,047602,6
20870,2307,سوران علیا,047603,6
20871,2307,مزرعه تک تک ویس علی,047604,6
20872,2307,مزرعه جلیلوندوناب,047605,6
20873,2307,مزرعه سیل یعقوب برزه,047606,6
20874,2307,تالانی,047607,6
20875,2307,ولکه وند,047608,6
20876,2308,کرم پناه آباد,047148,6
20877,2308,تجردولت آباد,047157,6
20878,2308,پست برق اسلام آباد,047165,6
20879,2308,بوربور,047522,6
20880,2308,تازه آبادطالقان,047523,6
20881,2308,سراب شیان,047525,6
20882,2308,قباد,047526,6
20883,2308,قلعه شیان,047527,6
20884,2308,قوخ,047528,6
20885,2308,کت کتی,047529,6
20886,2308,معارفی,047532,6
20887,2308,ملخطاوی,047533,6
20888,2308,میرعزیزی,047534,6
20889,2308,کمره غربی,047568,6
20890,2308,کمره سفلی,047569,6
20891,2309,انجیرک,049014,6
20892,2309,بان رمضان,049015,6
20893,2309,بربلوطستان پلکانه,049016,6
20894,2309,پرگلی سفلی,049017,6
20895,2309,پرگلی علیا,049018,6
20896,2309,تازه آبادخلیفه,049019,6
20897,2309,تازه آبادسراییلان,049020,6
20898,2309,تلل,049021,6
20899,2309,توه خشکه,049022,6
20900,2309,چشمه سرخ قبربابا,049023,6
20901,2309,چشمه کبودچنار,049024,6
20902,2309,چشمه کبودسفلی,049025,6
20903,2309,چشمه کبودعلیا,049026,6
20904,2309,چشمه گچ,049027,6
20905,2309,چنارسفلی,049028,6
20906,2309,چنارعلیا,049029,6
20907,2309,چناروسطی,049030,6
20908,2309,خوبیاران سفلی,049031,6
20909,2309,خوبیاران علیا,049032,6
20910,2309,دارونه,049033,6
20911,2309,دره بادام سفلی,049034,6
20912,2309,دره بادام علیا,049035,6
20913,2309,دوردشت,049036,6
20914,2309,دول معصوم,049037,6
20915,2309,ده عباسیان,049038,6
20916,2309,ده موسی,049039,6
20917,2309,زینلان علیا,049040,6
20918,2309,زینلان سفلی,049041,6
20919,2309,سراب کریان,049042,6
20920,2309,سرجوب,049043,6
20921,2309,سرزل,049044,6
20922,2309,سراییلان سرقلعه,049045,6
20923,2309,سگری,049046,6
20924,2309,سولاب,049047,6
20925,2309,سه چکان مله شاهی,049048,6
20926,2309,شاه ولی,049049,6
20927,2309,شجاع,049050,6
20928,2309,طویله سفلی,049051,6
20929,2309,طویله علیا,049052,6
20930,2309,قاپقوی,049053,6
20931,2309,قلعه سرخ,049054,6
20932,2309,کریان,049055,6
20933,2309,کلک سفلی,049056,6
20934,2309,کلک علیا,049057,6
20935,2309,گله زرد,049058,6
20936,2309,گاومره,049059,6
20937,2309,گراب,049060,6
20938,2309,گلستان,049061,6
20939,2309,گلیانه علی باقر,049062,6
20940,2309,گلان,049063,6
20941,2309,لاله بگ,049064,6
20942,2309,مارخور,049065,6
20943,2309,فریادرس,049066,6
20944,2309,مزرعه دهران,049067,6
20945,2309,ملک حسن یاریجان,049068,6
20946,2309,میانرود,049070,6
20947,2309,میرحسن,049071,6
20948,2309,نوراز,049072,6
20949,2309,ورگچگه زید علی,049074,6
20950,2309,یاریجان سفلی,049075,6
20951,2309,یاریجان علیا,049076,6
20952,2309,ملک زید قلعه چهر,351790,6
20953,2309,می می,351791,6
20954,2310,اخوندی,048985,6
20955,2310,تالاندشت,048987,6
20956,2310,تق تق,048988,6
20957,2310,تکیه سفلی,048989,6
20958,2310,توه روییله حاجی محمد,048990,6
20959,2310,توه روییله علیا,048991,6
20960,2310,طاویران سفلی,048992,6
20961,2310,طاویران علیا,048993,6
20962,2310,اسداباد,049549,6
20963,2310,باغ بیگلری,049550,6
20964,2310,باغ طیغون,049551,6
20965,2310,باغ کرم بیگ,049552,6
20966,2310,پاسگاه میدان تیر,049553,6
20967,2310,پشته ریزه سفلی,049554,6
20968,2310,پشته ریزه علیا,049555,6
20969,2310,پشته ریزه وسطی,049556,6
20970,2310,تنوره,049557,6
20971,2310,جلو,049558,6
20972,2310,جیرانبلاغ,049559,6
20973,2310,چالاب پایین,049560,6
20974,2310,چراغ آباد,049561,6
20975,2310,چروریش,049562,6
20976,2310,چشمه سفید,049563,6
20977,2310,چشمه کبود,049564,6
20978,2310,چشمه ماکان,049565,6
20979,2310,چله سفلی,049566,6
20980,2310,چله علیا,049567,6
20981,2310,حسن آباد رویین تن,049571,6
20982,2310,خرگ اب سفلی,049573,6
20983,2310,خرگ اب علیا,049574,6
20984,2310,خرگ اب وسطی,049575,6
20985,2310,خلیلان سفلی,049576,6
20986,2310,خلیلان علیا,049577,6
20987,2310,دارامرودسفلی,049578,6
20988,2310,دارامرودعلیا,049579,6
20989,2310,داربدره,049580,6
20990,2310,داربید,049581,6
20991,2310,دربندزرد,049582,6
20992,2310,دوبرجی,049583,6
20993,2310,دیلانچی سفلی,049584,6
20994,2310,دیلانچی علیا,049585,6
20995,2310,ریخل,049586,6
20996,2310,زمان آباد,049587,6
20997,2310,سامله سفلی,049588,6
20998,2310,سامله علیا,049589,6
20999,2310,سخرسفلی,049590,6
21000,2310,سخرعلیا,049591,6
21001,2310,سراب,049592,6
21002,2310,سرپوزل,049593,6
21003,2310,سرتپه زنگنه,049594,6
21004,2310,سرچم,049595,6
21005,2310,سرونوسفلی,049597,6
21006,2310,سرونوعلیا,049598,6
21007,2310,سیاه گل,049599,6
21008,2310,شاه بداغ,049601,6
21009,2310,طهنه سفلی,049602,6
21010,2310,طهنه علیا,049603,6
21011,2310,طهنه وسطی,049604,6
21012,2310,ظلان سفلی,049605,6
21013,2310,ظلان علیا,049606,6
21014,2310,علی آباد,049607,6
21015,2310,فیروز آباد,049608,6
21016,2310,قمش,049609,6
21017,2310,کژک,049610,6
21018,2310,کاروانه علیا,049612,6
21019,2310,کرگان,049614,6
21020,2310,کره جوب,049615,6
21021,2310,کله جوب,049616,6
21022,2310,کنارمرگ,049617,6
21023,2310,کوچک دانه,049618,6
21024,2310,کوره خسروی,049619,6
21025,2310,کهریزسفلی,049620,6
21026,2310,کهریزعلیا,049621,6
21027,2310,گامیزج سفلی,049622,6
21028,2310,گامیزج علیا,049623,6
21029,2310,گزاف سفلی,049625,6
21030,2310,گزاف علیا,049626,6
21031,2310,گلم کبودسفلی,049628,6
21032,2310,گلم کبودعلیا,049629,6
21033,2310,گلم کبودوسطی,049630,6
21034,2310,گلدره,049631,6
21035,2310,گونی,049632,6
21036,2310,موسی نارنج,049634,6
21037,2310,مهدی آبادسفلی,049635,6
21038,2310,مهدی آبادعلیا,049636,6
21039,2310,میانه,049637,6
21040,2310,نجف آباد,049639,6
21041,2310,نظرگاه,049640,6
21042,2310,نوجوب,049641,6
21043,2310,نورسفلی,049642,6
21044,2310,نورعلیا,049643,6
21045,2310,ولیخانی,049644,6
21046,2310,سید علی قاسمی,221419,6
21047,2310,امید علی(کالگه),221497,6
21048,2310,ابطاف,225104,6
21049,2310,باغ یاسم,225105,6
21050,2310,بان ریوند,225106,6
21051,2310,چشمه پونه,225120,6
21052,2310,چمنوزده,225121,6
21053,2310,چنار,225122,6
21054,2310,زنگی,225124,6
21055,2310,کولسه,225134,6
21056,2310,گدارپیرسفلی,225135,6
21057,2310,گدارپیرعلیا,225136,6
21058,2310,گردکاندارعلیا,225139,6
21059,2310,میان سراوان,225143,6
21060,2310,طهنه نوراله,351071,6
21061,2310,سردار,351096,6
21062,2310,سیدشکر,351097,6
21063,2310,گامیزج وسطی,351679,6
21064,2310,مزرعه غریبه,351792,6
21065,2310,مزرعه سرتپه سلطانعلی,351793,6
21066,2310,مزرعه میانه مفروضه,351794,6
21067,2310,مزرعه قلعه پوق وپاق,351795,6
21068,2310,گردکاندارسفلی,352175,6
21069,2310,معدن سنگ سرفیروزاباد,352901,6
21070,2310,احمدآباد,352902,6
21071,2310,معدن سنگ جلو,353019,6
21072,2310,معدن سنگ دربند زرد,353020,6
21073,2310,چشمه کبود,353186,6
21074,2310,چم نوزده,451247,6
21075,2311,اشباخ,049424,6
21076,2311,انارک,049425,6
21077,2311,انارک سفلی,049426,6
21078,2311,انارک علیا,049427,6
21079,2311,انجاب بوژان,049428,6
21080,2311,پلسک تپه,049429,6
21081,2311,پشتاله,049431,6
21082,2311,پشت تنگ شاه میرزا,049432,6
21083,2311,پشت کبودجهانگیروند,049433,6
21084,2311,توه امن شینه,049435,6
21085,2311,جوجار,049436,6
21086,2311,جهانگیروند بوژان,049437,6
21087,2311,چشمه خیره فیروزان,049438,6
21088,2311,چشمه سرخ,049439,6
21089,2311,چشمه شاهرخ مسگره,049440,6
21090,2311,خرونان,049441,6
21091,2311,خشکه رودحسین,049442,6
21092,2311,دره دوزخ,049443,6
21093,2311,مزرعه دیون,049444,6
21094,2311,زردشیخ حسن,049445,6
21095,2311,زیرچقاموسی,049446,6
21096,2311,زینلان سفلی,049447,6
21097,2311,زینلان علیا,049448,6
21098,2311,سراب سرین,049449,6
21099,2311,سرجوب قلعه مسگره,049450,6
21100,2311,سلاطین,049452,6
21101,2311,سید حسن,049453,6
21102,2311,شیر خان,049454,6
21103,2311,شینه,049455,6
21104,2311,قادرمرز,049456,6
21105,2311,کل کوشک,049457,6
21106,2311,کلاک بایه,049458,6
21107,2311,کمراباد,049459,6
21108,2311,گل جیران,049460,6
21109,2311,گلیل,049461,6
21110,2311,گیه در,049462,6
21111,2311,مزرعه تلخستان,049463,6
21112,2311,بزه رشستان گل زرد,049464,6
21113,2311,مزرعه خرونان,049465,6
21114,2311,سرخه دره,049468,6
21115,2311,مزرعه سلاطین,049469,6
21116,2311,گرگاوان,049470,6
21117,2311,مزرعه گلیل,049471,6
21118,2311,مزرعه گیه در,049472,6
21119,2311,مزرعه میدان حیاسوند,049474,6
21120,2311,مستعلی سفلی,049475,6
21121,2311,مستعلی علیا,049476,6
21122,2311,مسگره,049477,6
21123,2311,مزرعه مسگره بالا,049478,6
21124,2311,مولی,049479,6
21125,2311,میدان حاجی محمد خانی,049480,6
21126,2311,نامدار,049481,6
21127,2311,مزرعه ورداران طلاسه,049482,6
21128,2311,وزم خشکه رود,049483,6
21129,2311,هزارخانی,049485,6
21130,2311,وینه,351041,6
21131,2311,ورداران طلاسه,351042,6
21132,2311,مزرعه میدان حاجی محمدخان,351043,6
21133,2311,پاقلعه خشکه رود,351044,6
21134,2311,پلکانه,351796,6
21135,2311,سراییلان توه خاکی,351797,6
21136,2311,مزرعه سرگول,352903,6
21137,2311,سید یل,353013,6
21138,2311,مزرعه دورگین,353015,6
21139,2311,سرجوب عثمانوند,805029,6
21140,2312,باباجان پالیزی,048460,6
21141,2312,پتی آباد,048464,6
21142,2312,تنوردول,048476,6
21143,2312,چقازرد,048483,6
21144,2312,چقاسفید,048484,6
21145,2312,چقاقاسم,048485,6
21146,2312,چقاکبود,048486,6
21147,2312,حسین آباد,048487,6
21148,2312,خرس آبادبزرگ,048488,6
21149,2312,خرس آباد آقا جعفری,048489,6
21150,2312,خرس آبادکوچک,048490,6
21151,2312,داردرفش ابراهیم بیگی,048494,6
21152,2312,داردرفش خانم آباد,048495,6
21153,2312,داردرفش سیدکریم,048496,6
21154,2312,داردرفش فرج اله بیگی,048497,6
21155,2312,داردرفش قلعه,048498,6
21156,2312,داردرفش محمدامین میرزا,048499,6
21157,2312,دایی چی,048500,6
21158,2312,دوستوند,048503,6
21159,2312,ده قاسم,048505,6
21160,2312,ریزوند,048507,6
21161,2312,سراب خشکه سفلی,048509,6
21162,2312,سراب خشکه علیا,048510,6
21163,2312,سراب نیلوفر,048512,6
21164,2312,سفیدچقا,048513,6
21165,2312,سفیدچقاسرکن,048514,6
21166,2312,سیاه کمر,048518,6
21167,2312,شاهینی,048520,6
21168,2312,شهرک سراب نیلوفر,048521,6
21169,2312,عمرمل,048523,6
21170,2312,قره تپه,048525,6
21171,2312,قزقبری ابراهیم,048526,6
21172,2312,قزقبری بهادر,048527,6
21173,2312,قزقبری دکترحبیب,048528,6
21174,2312,قزقبری جهان بخش,048529,6
21175,2312,قلعه کهنه,048530,6
21176,2312,کوربلاغ دو,048537,6
21177,2312,کوربلاغ یک,048538,6
21178,2312,کهریز,048539,6
21179,2312,کهریزکوربلاغ,048540,6
21180,2312,گراوند,048541,6
21181,2312,گرگه چقا,048542,6
21182,2312,گلالی,048543,6
21183,2312,گلالی جدید,048544,6
21184,2312,مزرعه حسن آباد,048552,6
21185,2312,سرکن,048556,6
21186,2312,ملک خطابی,048560,6
21187,2312,مورچی,048561,6
21188,2312,مهدی پور,048562,6
21189,2312,نظرابادسفلی,048565,6
21190,2312,نظر آباد,048566,6
21191,2312,ویس احمد,048569,6
21192,2312,یلوه سفلی,048572,6
21193,2312,یلوه علیا,048573,6
21194,2312,کوسه وند,048575,6
21195,2312,قزقنبری رشید علی,350219,6
21196,2312,تازه آبادمورچی,350230,6
21197,2312,تپه کبود,350234,6
21198,2312,مزرعه قلعه کهنه کهریز,350265,6
21199,2312,مزرعه کتیرایی,351799,6
21200,2312,پادگان شهید رجایی,351800,6
21201,2312,مزرعه ده زکی,351802,6
21202,2313,بیجانه,049146,6
21203,2313,پادگان نبی اکرم,049147,6
21204,2313,پادگان هوانیروز,049148,6
21205,2313,چال آباد,049155,6
21206,2313,ده پهن,049156,6
21207,2313,سیاه بیدسفلی,049160,6
21208,2313,سیاه بیدعلیا,049161,6
21209,2313,گاکیه,049169,6
21210,2313,استداباد,049216,6
21211,2313,باغ فلک,049223,6
21212,2313,بزگدارسفلی,049227,6
21213,2313,بزگدارعلیا,049228,6
21214,2313,پایروندتکیه,049231,6
21215,2313,تپه شعبان,049234,6
21216,2313,توبره ریز,049235,6
21217,2313,حاجی آباد,049240,6
21218,2313,حصارسفید,049243,6
21219,2313,خلخال,049244,6
21220,2313,ده کبود,049249,6
21221,2313,رحیم آباد,049250,6
21222,2313,زنگی چقا,049252,6
21223,2313,سرارودسفلی,049254,6
21224,2313,سرارودعلیا,049255,6
21225,2313,سلیمانیه,049259,6
21226,2313,سه چک,049264,6
21227,2313,سیمان غرب,049267,6
21228,2313,شاه ملکی,049269,6
21229,2313,علی اکبر,049277,6
21230,2313,فرامان,049279,6
21231,2313,قلعه قباد,049280,6
21232,2313,قمشه,049281,6
21233,2313,کاورلوان,049285,6
21234,2313,کرانی سفلی,049288,6
21235,2313,کرانی علیا,049289,6
21236,2313,کرانی هاشم سلطان,049290,6
21237,2313,گاو پناه,049300,6
21238,2313,گله جار,049304,6
21239,2313,مزرعه برافتاب,049309,6
21240,2313,چال قنبر,049310,6
21241,2313,منوچهراباد,049312,6
21242,2313,موریان,049313,6
21243,2313,میرزاکوسه,049314,6
21244,2313,نیمدانگی,049316,6
21245,2313,پادگان شهید بروجردی,351814,6
21246,2313,پادگان نظامی,352854,6
21247,2313,ایستگاه تقویت موبایل,352910,6
21248,2313,پادگان نظامی حاجی آباد,353024,6
21249,2313,خانه های سازمانی پادگان,353025,6
21250,2313,پادگان توحید,353138,6
21251,2313,شهرک صنعتی فرامان,353146,6
21252,2313,پادگان شهید معطری,353154,6
21253,2313,پادگان نبوت,805007,6
21254,2313,پادگان امامت,805008,6
21255,2314,اشرف آباد,049218,6
21256,2314,انگز,049219,6
21257,2314,انگزبان,049220,6
21258,2314,باقله,049224,6
21259,2314,بالاگبری,049225,6
21260,2314,بریموند,049226,6
21261,2314,بلین,049229,6
21262,2314,پشته کش,049232,6
21263,2314,تیشه کن,049236,6
21264,2314,جامه شوران سفلی,049237,6
21265,2314,جامه شوران علیا,049238,6
21266,2314,چوبدراز,049239,6
21267,2314,حاجی علیان,049241,6
21268,2314,حسین آباد,049242,6
21269,2314,دشتله سفلی,049246,6
21270,2314,دشتله علیا,049247,6
21271,2314,دوکانه,049248,6
21272,2314,زنگیشه,049251,6
21273,2314,زنگی وند,049253,6
21274,2314,سرجامه شوران,049256,6
21275,2314,سردشتله,049257,6
21276,2314,سردوکانه,049258,6
21277,2314,سنبل تازه آباد,049260,6
21278,2314,سنبل سفلی,049261,6
21279,2314,سنگسفید,049263,6
21280,2314,سیابان,049265,6
21281,2314,سیل گبری,049266,6
21282,2314,شادمان,049268,6
21283,2314,شلان,049270,6
21284,2314,شورابه,049271,6
21285,2314,شیرازی بوری,049272,6
21286,2314,شیرازی سفلی,049273,6
21287,2314,شیرازی علیا,049274,6
21288,2314,شیرازی میرزابگ,049275,6
21289,2314,شیرازی وسطی,049276,6
21290,2314,عمه,049278,6
21291,2314,قورباغستان سفلی,049282,6
21292,2314,قورباغستان علیا,049283,6
21293,2314,کبوده سفلی,049286,6
21294,2314,کبوده علیا,049287,6
21295,2314,کله هو,049291,6
21296,2314,کمراب,049292,6
21297,2314,کنجورسفلی,049293,6
21298,2314,کنجورعلیا,049294,6
21299,2314,کهرار دجگه,049295,6
21300,2314,کهرارسفلی,049296,6
21301,2314,کهرارعلیا,049297,6
21302,2314,کهرارموقوفه,049298,6
21303,2314,گاوشان سفلی,049302,6
21304,2314,گاوشان علیا,049303,6
21305,2314,گوشبران,049305,6
21306,2314,ماوای سفلی,049306,6
21307,2314,ماوای علیا,049307,6
21308,2314,نیروند,049315,6
21309,2314,وروا,049317,6
21310,2314,هفتچشمه,049318,6
21311,2314,هولان,049319,6
21312,2314,مزرعه سنبله,351827,6
21313,2314,مزرعه سراب قنبر,353032,6
21314,2315,احمدآباد سفلی,048455,6
21315,2315,احمدآباد علیا,048456,6
21316,2315,اکبرابادخالصه تپه گینو,048457,6
21317,2315,امیرآباد,048458,6
21318,2315,بریموند,048462,6
21319,2315,تاسوره جان,048466,6
21320,2315,تپه سبز,048467,6
21321,2315,تپه کبود,048468,6
21322,2315,تپه لری,048469,6
21323,2315,جلوگیره سفلی,048479,6
21324,2315,جلوگیره علیا,048480,6
21325,2315,جهان آباد,048481,6
21326,2315,خوشینان سفلی,048491,6
21327,2315,خوشینان علیا,048492,6
21328,2315,خوشینان وسطی,048493,6
21329,2315,دوتپه,048501,6
21330,2315,دوچقا,048502,6
21331,2315,رستم آبادریکا,048506,6
21332,2315,سالاراباد,048508,6
21333,2315,سراب شله,048511,6
21334,2315,سلطانکوه,048515,6
21335,2315,شاهرضا,048519,6
21336,2315,صفی آباد,048522,6
21337,2315,کلاه کبودسفلی,048533,6
21338,2315,کلاه کبودعلیا,048534,6
21339,2315,کلاه کبودوسطی,048535,6
21340,2315,کمک,048536,6
21341,2315,لعل آبادسفلی,048545,6
21342,2315,لعل آبادعلیا,048546,6
21343,2315,مصرخان,048558,6
21344,2315,ملک تپه,048559,6
21345,2315,میانکوه,048563,6
21346,2315,میمون باز,048564,6
21347,2315,نفته,048567,6
21348,2315,هشیلان,048570,6
21349,2315,یاوری,048571,6
21350,2315,چشمه باغ,048952,6
21351,2315,دوچشمه,048954,6
21352,2315,سه چشمه,048956,6
21353,2315,ملاورد,048964,6
21354,2315,پیرحیاتی,049149,6
21355,2315,گاوبنده,049170,6
21356,2315,اکبرآباد,050063,6
21357,2315,ایستگاه مخابرات خورین,050065,6
21358,2315,باقراباد,050066,6
21359,2315,برنجان,050067,6
21360,2315,بکتاش آباد,050068,6
21361,2315,بله کبود,050069,6
21362,2315,بی ابرچقاماران,050070,6
21363,2315,پاامام,050071,6
21364,2315,پادگان شهیدمنتظری,050072,6
21365,2315,تبراباد,050075,6
21366,2315,تپه افشار,050076,6
21367,2315,تکیه,050077,6
21368,2315,توللی,050078,6
21369,2315,جعفرآباد,050079,6
21370,2315,چراغ آباد,050080,6
21371,2315,چقاماران,050081,6
21372,2315,چناره,050083,6
21373,2315,حجت آباد,050084,6
21374,2315,حجت آبادسفلی,050085,6
21375,2315,خانم آباد,050086,6
21376,2315,خانه خدا,050087,6
21377,2315,خلک,050088,6
21378,2315,دولت آباد,050091,6
21379,2315,ده باغ,050092,6
21380,2315,ده گل,050093,6
21381,2315,رحمت آباد,050095,6
21382,2315,رحیم آباد,050096,6
21383,2315,سرابله,050097,6
21384,2315,سراسیاب,050098,6
21385,2315,سرتیپ آباد,050099,6
21386,2315,سروران,050100,6
21387,2315,سورکال,050103,6
21388,2315,سیاه چقا,050104,6
21389,2315,شاهرخ آباد,050105,6
21390,2315,شهرک نظامی سرابله,050108,6
21391,2315,شیرعلی,050110,6
21392,2315,علی آباد,050112,6
21393,2315,تازه آبادعمله,050113,6
21394,2315,عمله سفلی,050114,6
21395,2315,عمله علیا,050115,6
21396,2315,قاقلستان,050116,6
21397,2315,قزانچی,050118,6
21398,2315,گاکیه,050123,6
21399,2315,کثیراباد,050124,6
21400,2315,کورسراب,050126,6
21401,2315,گروران چهاردانگ,050128,6
21402,2315,گروران دودانگ,050129,6
21403,2315,گره چقا,050130,6
21404,2315,گوهرچقا,050131,6
21405,2315,محمودآباد,050133,6
21406,2315,مزرعه پیرویس آباد,050137,6
21407,2315,دواب,050140,6
21408,2315,نظام آباد,050144,6
21409,2315,نوروزآباد,050145,6
21410,2315,ورله,050146,6
21411,2315,ورمنجه علیا,050147,6
21412,2315,وزمله,050148,6
21413,2315,ولی آباد,050149,6
21414,2315,یوان,050151,6
21415,2315,چقاماران,350397,6
21416,2315,چشمه کبود,350453,6
21417,2315,احمدوند,350488,6
21418,2315,شهرک صنعتی,350504,6
21419,2315,امامزاده ویس قرنی,351847,6
21420,2315,مجتمع پرورش مرغ مادر,352045,6
21421,2315,پادگان نظامی,353037,6
21422,2315,شهرک ورله,353156,6
21423,2315,ورمنجه سفلی,805032,6
21424,2316,بان گنجاب,049746,6
21425,2316,بندبلوط,049750,6
21426,2316,بندراباد,049751,6
21427,2316,پادگان شهیدرجایی,049752,6
21428,2316,پتی آباد,049753,6
21429,2316,تازه آبادنامیوند,049758,6
21430,2316,جوره,049764,6
21431,2316,چقابلک علیرضا,049770,6
21432,2316,چقابهار,049773,6
21433,2316,چقاحسین,049774,6
21434,2316,چقازردباغی,049776,6
21435,2316,چقانرگس,049780,6
21436,2316,چقانقدعلی,049781,6
21437,2316,حسین آباد,049787,6
21438,2316,خانه بیگی,049788,6
21439,2316,دوچقای,049797,6
21440,2316,ده پیر,049801,6
21441,2316,ده سفید,049802,6
21442,2316,ربع,049810,6
21443,2316,رحیم آباد سفلی,049811,6
21444,2316,رحیم آباد علیا,049812,6
21445,2316,سرتپه,049817,6
21446,2316,سنگتراش,049818,6
21447,2316,سه تپه,049820,6
21448,2316,سه چقا,049821,6
21449,2316,شرف,049831,6
21450,2316,عباس آبادسه چقا,049838,6
21451,2316,عزیزآباد,049839,6
21452,2316,علی آباد سفلی,049840,6
21453,2316,قلعه داراب خان,049842,6
21454,2316,قوچمی,049851,6
21455,2316,کاشنبه چهاردانگی,049858,6
21456,2316,کاشنبه سفلی,049859,6
21457,2316,کاشنبه لک,049860,6
21458,2316,کله سواری,049861,6
21459,2316,کنگربان سفلی,049864,6
21460,2316,کنگربان علیا,049865,6
21461,2316,کنگربان وسطی,049866,6
21462,2316,گوهراباد,049869,6
21463,2316,ملازمان,049891,6
21464,2316,نامیوندسفلی,049896,6
21465,2316,نامیوندعلیا,049897,6
21466,2316,نامیوندوسطی,049898,6
21467,2316,والی آباد,049901,6
21468,2316,یکدانگی,049902,6
21469,2316,چقاکبود,350002,6
21470,2317,حاجی آبادسه,049568,6
21471,2317,حاجی آبادعلیا,049569,6
21472,2317,حاجی آبادیک,049570,6
21473,2317,خرخرسفلی,049572,6
21474,2317,گرمیان پشت راه,049624,6
21475,2317,مزرعه گرمیان زیرراه,049633,6
21476,2317,بانلرینی,049747,6
21477,2317,بلمانه رفیق آباد سفلی,049748,6
21478,2317,بلمانه موقوفه علیا,049749,6
21479,2317,پلیس راه کرمانشاه اسلام آباد,049754,6
21480,2317,پیرحیاتی سفلی,049755,6
21481,2317,پیرحیاتی علیا,049756,6
21482,2317,پیرحیاتی وسطی,049757,6
21483,2317,مجتمع قدس کمیته امدادامام,049759,6
21484,2317,توه لطیف,049761,6
21485,2317,جامه شوران,049762,6
21486,2317,جامه شوران علیا,049763,6
21487,2317,چالابه سفلی,049765,6
21488,2317,چالابه علیا,049766,6
21489,2317,چاوشان,049767,6
21490,2317,چشمه سفید,049768,6
21491,2317,چقابلک خواجه باشی,049769,6
21492,2317,چقابلک کوچک,049771,6
21493,2317,چقابلک محمدزمان,049772,6
21494,2317,چقازرد,049775,6
21495,2317,چقاصفر,049777,6
21496,2317,چقاکلب علی,049778,6
21497,2317,چقاگینو,049779,6
21498,2317,چهارزبرسفلی,049782,6
21499,2317,چهارزبرعلیا,049783,6
21500,2317,حاجی آبادسفلی,049784,6
21501,2317,حاجی آباد نصیر السلطان,049785,6
21502,2317,خزل,049789,6
21503,2317,دم شمشه,049790,6
21504,2317,درگه غلامعلی,049791,6
21505,2317,درگه چشمه سفید,049792,6
21506,2317,درگه خلیفه قلی,049793,6
21507,2317,درگه محمدعلی,049794,6
21508,2317,دوکوشکان حسینخانی,049798,6
21509,2317,دولتابادسفلی,049799,6
21510,2317,دولتابادعلیا,049800,6
21511,2317,دیزگران سفلی,049803,6
21512,2317,دیزگران علیا,049804,6
21513,2317,ذالکه حاج عباسقلی,049805,6
21514,2317,ذالگه حاج فرج منتظری,049806,6
21515,2317,ذالکه وزیری,049807,6
21516,2317,رشبوگر,049813,6
21517,2317,ریزه وند,049814,6
21518,2317,سامره سفلی,049815,6
21519,2317,سامره علیا,049816,6
21520,2317,سیاه چقای سفلی,049822,6
21521,2317,سیاه چقای علیا,049823,6
21522,2317,سیاه کمرسفلی,049824,6
21523,2317,سیاه کمرشیخه,049825,6
21524,2317,سیاه کمرعلیا,049826,6
21525,2317,سیاکمرعلیامعروف,049827,6
21526,2317,سید نقی رفیق آباد,049828,6
21527,2317,سیمینه سفلی,049829,6
21528,2317,سیمینه علیا,049830,6
21529,2317,عالی بر,049837,6
21530,2317,علی آباد علیا,049841,6
21531,2317,قلعه نجف قلی خان,049843,6
21532,2317,قلندرلکی,049844,6
21533,2317,قمشه باباکرم خان,049845,6
21534,2317,قمشه تپه,049846,6
21535,2317,قمشه سیدامین,049847,6
21536,2317,قمشه سیدقاسم,049848,6
21537,2317,قمشه سیدیعقوب,049849,6
21538,2317,قمشه لرزنگنه,049850,6
21539,2317,قیماس,049856,6
21540,2317,کلیایی,049862,6
21541,2317,لعل آبادحسینقلی خانی,049870,6
21542,2317,لعل آبادسیدجعفری,049871,6
21543,2317,لعل آبادسیدصادق,049872,6
21544,2317,لعل آبادکل کل دو,049873,6
21545,2317,لعل آبادکل کل یک,049874,6
21546,2317,مرکزاموزش کشاورزی,049882,6
21547,2317,ایستگاه تحقیقات ماهیدشت,049883,6
21548,2317,مزرعه عبدالحمیدتمری,049884,6
21549,2317,پشتوه,049885,6
21550,2317,مزرعه بنیادامور جنگزدگان,049886,6
21551,2317,درگه حسن خان,049887,6
21552,2317,دوکوشکان رضاخانی,049888,6
21553,2317,ریزوند لعل آباد,049890,6
21554,2317,میرگ,049894,6
21555,2317,میمز,049895,6
21556,2317,پست 63کیلووات شهید اکبری,049900,6
21557,2317,درگه ملاعلی کرم,351839,6
21558,2317,حاجی عزیز چشمه سفید,352809,6
21559,2317,کلین لعل آباد,353007,6
21560,2318,باباکوسه سفلی,046810,6
21561,2318,باباکوسه علیا,046811,6
21562,2318,کرکره,046897,6
21563,2318,ونه رنگینه,046922,6
21564,2318,ازره محمدخان,047231,6
21565,2318,ازره مکرمی,047232,6
21566,2318,بابان سردارقاسم خان,047236,6
21567,2318,بابان یاورعزیزی,047237,6
21568,2318,باباها,047238,6
21569,2318,بندار,047241,6
21570,2318,بوربور,047242,6
21571,2318,پل هواس,047245,6
21572,2318,تازه آباد,047247,6
21573,2318,تازه آبادسراب تیران,047249,6
21574,2318,تپه حسینخان,047251,6
21575,2318,تپه لله,047254,6
21576,2318,جعفرآباد,047257,6
21577,2318,چقاالهی,047259,6
21578,2318,چقاخزان,047260,6
21579,2318,چقا رضا,047261,6
21580,2318,چقاکبودسفلی,047264,6
21581,2318,چقاکبودعلیا,047265,6
21582,2318,چقاگنوژ,047266,6
21583,2318,چگنی سفلی,047267,6
21584,2318,چگنی علیا,047268,6
21585,2318,چلبی,047269,6
21586,2318,حاجی آباد نیلاوره,047270,6
21587,2318,حسین آباد,047272,6
21588,2318,خالوان,047273,6
21589,2318,خورنه سفلی,047274,6
21590,2318,خورنه علیا,047275,6
21591,2318,دایاراسدخان,047279,6
21592,2318,درویش بیگه,047280,6
21593,2318,دو کنعان,047282,6
21594,2318,ده ابراهیم,047283,6
21595,2318,ده اعظم,047284,6
21596,2318,ده باغ,047285,6
21597,2318,ده نمام,047289,6
21598,2318,سالاراباد,047293,6
21599,2318,سایه وند,047294,6
21600,2318,سراب تیران,047296,6
21601,2318,سربر,047297,6
21602,2318,سیاه سیاه دایار,047299,6
21603,2318,مله صیفور,047300,6
21604,2318,شرفوند,047301,6
21605,2318,شیخ مصطفی,047304,6
21606,2318,صفراباد,047305,6
21607,2318,عباس آبادکل کل,047306,6
21608,2318,علی حسن سفلی,047307,6
21609,2318,علی حسن علیا,047308,6
21610,2318,علی حسن وسطی,047309,6
21611,2318,فخری آباد,047311,6
21612,2318,قباق تپه,047312,6
21613,2318,قلعه اصغرخان,047313,6
21614,2318,قلعه سلیمان خان,047316,6
21615,2318,قلعه گلینه سفلی,047318,6
21616,2318,قلعه گلینه علیا,047319,6
21617,2318,قلعه گلینه وسطی,047320,6
21618,2318,قلیج خانی,047321,6
21619,2318,قیسوند,047322,6
21620,2318,کاکیها,047323,6
21621,2318,کره ال,047326,6
21622,2318,کورپه,047329,6
21623,2318,گاول,047331,6
21624,2318,گلدره سفلی,047335,6
21625,2318,گلدره علیا,047336,6
21626,2318,گلودره,047338,6
21627,2318,گندمبان سفلی,047340,6
21628,2318,گندمبان علیا,047341,6
21629,2318,لردستجه,047342,6
21630,2318,مریوانی کاکیها,047346,6
21631,2318,مزرعه سراب تیران,047348,6
21632,2318,خوره زردی,047350,6
21633,2318,سرخه بان,047352,6
21634,2318,مزرعه صفر آباد ملوک خانم,047353,6
21635,2318,کمره,047354,6
21636,2318,مله بگلر,047356,6
21637,2318,میرعزیزی قدیم,047358,6
21638,2318,نظرگاه,047363,6
21639,2318,نوروزآباد,047364,6
21640,2318,نیم دانگی,047367,6
21641,2318,نیلاوره سفلی,047368,6
21642,2318,نیلاوره علیا,047369,6
21643,2318,هفتچشمه,047372,6
21644,2318,یاوری دایار,047374,6
21645,2318,سبزعلی خان,047376,6
21646,2318,شوراباد,049835,6
21647,2318,مزرعه گلالی,350010,6
21648,2318,ولی آباد مخروبه,350014,6
21649,2318,سربرجدید,350040,6
21650,2319,چشمه سفیداقابیگی,046852,6
21651,2319,چشمه سفیدشاهمراد,046853,6
21652,2319,دارگل سیدحسن,046860,6
21653,2319,دارگل سیدسلیم,046861,6
21654,2319,دارگل تیمز,046862,6
21655,2319,رشیدعلی,046868,6
21656,2319,شیرزاداباد,046880,6
21657,2319,صوفی وند,046882,6
21658,2319,علی آبادگل بانو,046886,6
21659,2319,مزرعه سیدفریدون,046913,6
21660,2319,میرکه قلعه قاضی,046919,6
21661,2319,امیرآباد,047235,6
21662,2319,بازیانی,047239,6
21663,2319,بیدگل,047243,6
21664,2319,تازه آبادبیدگلی,047248,6
21665,2319,تازه آبادمریوانی,047250,6
21666,2319,چشمه سیاه,047258,6
21667,2319,دارخوراقارضا,047277,6
21668,2319,زندهر,047292,6
21669,2319,گلالی,047339,6
21670,2319,مریوانی بید گل,047345,6
21671,2319,مزرعه بیدگل سفلی,047347,6
21672,2319,مزرعه جمشیداباد,047349,6
21673,2319,میلکه باقر,047360,6
21674,2319,میلکه بوچان,047361,6
21675,2319,میلکه شیرخان,047362,6
21676,2319,هفت اشیان,047373,6
21677,2319,تازه آبادخسرو,047375,6
21678,2319,چشمه سفیدصفر,351696,6
21679,2319,مله امیرخان,805034,6
21680,2320,بهرام آباد,048702,6
21681,2320,چشمه کبود,048720,6
21682,2320,چوب تاشان,048722,6
21683,2320,دولتیار,048733,6
21684,2320,رازیان,048736,6
21685,2320,سالاراباد,048745,6
21686,2320,سلطانقلی,048753,6
21687,2320,سورنی سفلی,048756,6
21688,2320,سورنی علیا,048757,6
21689,2320,قلوز,048772,6
21690,2320,قلوزجدید,048773,6
21691,2320,قیسوند,048775,6
21692,2320,کمره گره,048787,6
21693,2320,پیرمزد,050074,6
21694,2320,دارشادمان,050089,6
21695,2320,عبدالملکی,050111,6
21696,2320,قره ویس,050117,6
21697,2320,کلوچه,050125,6
21698,2320,گرگان,050127,6
21699,2320,مزرعه خورمگسان,050139,6
21700,2320,هجوم آباد,050150,6
21701,2320,گنداب,351680,6
21702,2320,باتمان,353147,6
21703,2320,ده خرانی,353148,6
21704,2321,کرم بست,048230,6
21705,2321,باقرابادمیان رود,048699,6
21706,2321,بولان,048701,6
21707,2321,پیرکاشان,048709,6
21708,2321,تمله,048712,6
21709,2321,جبارابادسفلی,048714,6
21710,2321,جبارابادعلیا,048715,6
21711,2321,جرز,048716,6
21712,2321,حسن آباد,048725,6
21713,2321,دراب,048732,6
21714,2321,دیزگران,048735,6
21715,2321,رزلانسر,048737,6
21716,2321,زرین,048738,6
21717,2321,روح اله,048739,6
21718,2321,زامله,048740,6
21719,2321,زین الدین,048741,6
21720,2321,ساز,048743,6
21721,2321,سراب شاه حسین,048747,6
21722,2321,سرزامله,048751,6
21723,2321,سرینجگه,048752,6
21724,2321,علی آباد,048761,6
21725,2321,قره حسن,048762,6
21726,2321,قزل,048763,6
21727,2321,قشلاق امیر محترم,048765,6
21728,2321,قلعه فیروزاباد,048770,6
21729,2321,قلعه لان,048771,6
21730,2321,کالیان سفلی,048776,6
21731,2321,کالیان علیا,048777,6
21732,2321,کالیان وسطی,048778,6
21733,2321,کمال آباد,048786,6
21734,2321,کمشور,048788,6
21735,2321,کولان,048790,6
21736,2321,کهریز,048791,6
21737,2321,گروران سفلی,048794,6
21738,2321,گروران علیا,048795,6
21739,2321,گنداباد,048798,6
21740,2321,مرزبانی,048800,6
21741,2321,مزرعه مراداباد,048804,6
21742,2321,مله شیخ,048807,6
21743,2321,موشاخان,048808,6
21744,2321,میانرود,048809,6
21745,2321,سماق,048811,6
21746,2321,وزمله,048812,6
21747,2321,هنیاندر,048817,6
21748,2321,هورتکه,048818,6
21749,2321,هوکر,048819,6
21750,2321,حیدرآباد,350875,6
21751,2321,ده خران,352194,6
21752,2322,ژاله رحمان بیگ,051258,6
21753,2322,ژاله عثمان بیگ,051259,6
21754,2322,ژاله قبادبیگ,051260,6
21755,2322,انجیرک ایناغی,051262,6
21756,2322,انجیرک زردویی,051263,6
21757,2322,بانیه,051265,6
21758,2322,باورول,051267,6
21759,2322,پشت نیجه,051274,6
21760,2322,تین,051275,6
21761,2322,داره رش,051277,6
21762,2322,دگاسیاب,051279,6
21763,2322,دگاگا,051280,6
21764,2322,دودان,051281,6
21765,2322,زردویی,051287,6
21766,2322,زی,051289,6
21767,2322,سفیداب,051291,6
21768,2322,سیمان,051293,6
21769,2322,شروله,051294,6
21770,2322,گوریگور,051305,6
21771,2322,لشگرگاه,051307,6
21772,2322,لانوان,051312,6
21773,2322,مره خیل,051313,6
21774,2322,مره ماران,051315,6
21775,2322,مزرعه ترگاران,051317,6
21776,2322,مزرعه حوض کوچ هوارگه,051318,6
21777,2322,مزرعه رشکه پا,051320,6
21778,2322,مزرعه کیله کون,051321,6
21779,2322,مزرعه موستان,051322,6
21780,2322,مزرعه وزره,051323,6
21781,2322,ورامچه,051331,6
21782,2322,هرتا,051333,6
21783,2322,امامزاده پیر میکان,805026,6
21784,2322,حضرت پیر آقا مران,805027,6
21785,2323,اریت,051261,6
21786,2323,بله ای,051270,6
21787,2323,پایگاه شهیدصدوقی,051272,6
21788,2323,مزرعه دول بران,051284,6
21789,2323,ساتیاری,051290,6
21790,2323,کانی سفید,051299,6
21791,2323,لاران علیا,051310,6
21792,2323,لاران سفلی,051311,6
21793,2323,مزیدی,051324,6
21794,2323,میرعبدلی زرین چیا,051327,6
21795,2323,میوان,051330,6
21796,2323,سریاس,351865,6
21797,2324,بندره,051782,6
21798,2324,تازه آبادمرکزی,051783,6
21799,2324,دره بیان,051788,6
21800,2324,شمشیر,051793,6
21801,2325,بله بزان,051781,6
21802,2325,خانقاه,051785,6
21803,2325,داریان,051786,6
21804,2325,درمور,051787,6
21805,2325,دریوه,051789,6
21806,2325,دشه,051790,6
21807,2325,کمادره,051795,6
21808,2325,گلال,051796,6
21809,2325,مزرعه طلوکی,051798,6
21810,2325,ملاندر,051799,6
21811,2325,نجار,051800,6
21812,2325,نوریاب,051802,6
21813,2325,ورا,051803,6
21814,2325,هیروی,051804,6
21815,2326,مزرعه دواب,051797,6
21816,2326,بیرواس,051831,6
21817,2326,تشار,051832,6
21818,2326,حجیج بزرگ,051833,6
21819,2326,حجیج کوچک,051834,6
21820,2326,خانه دره,051836,6
21821,2326,دزاور,051837,6
21822,2326,زبار,051838,6
21823,2326,زلته,051839,6
21824,2326,شرکان,051840,6
21825,2326,شوشمی سفلی,051841,6
21826,2326,شوشمی علیا,051842,6
21827,2326,شیخان,051843,6
21828,2326,شینه,051844,6
21829,2326,کیمنه,051845,6
21830,2326,مزرعه گیلدان,051846,6
21831,2326,مزرعه بنرو,051847,6
21832,2326,مزرعه کوکین دشت,051848,6
21833,2326,مزرعه هانی دشت,051849,6
21834,2326,میویه,051850,6
21835,2326,نروی,051851,6
21836,2326,نیسانه,051852,6
21837,2326,وزلی,051853,6
21838,2326,مزرعه هانی دوانه,051854,6
21839,2326,هانی گرمله,051855,6
21840,2326,حنان کر,351744,6
21841,2326,هانی وز,353175,6
21842,2326,دکل تلویزیونی مخابراتی,805028,6
21843,2327,بازگیرقلعه پرور,052094,6
21844,2327,بریموند,052097,6
21845,2327,پس پس,052101,6
21846,2327,پیران,052102,6
21847,2327,تپه رش کلاشی,052105,6
21848,2327,تینی,052108,6
21849,2327,خزانه دول,052110,6
21850,2327,دستک سفلی,052111,6
21851,2327,دستک علیا,052112,6
21852,2327,دماغ سفید,052113,6
21853,2327,دول الیاس,052114,6
21854,2327,رشیدعباس,052115,6
21855,2327,زرین جوب,052116,6
21856,2327,سرابله,052118,6
21857,2327,سلمان تپه,052119,6
21858,2327,شمشیرداره رشید,052120,6
21859,2327,ظله رش,052123,6
21860,2327,قراویز,052124,6
21861,2327,قره بلاغ اعظم,052125,6
21862,2327,قره بلاغ شیخ مراد,052126,6
21863,2327,قلعه رشیداقا,052130,6
21864,2327,کانی عزیز,052132,6
21865,2327,کلینه,052133,6
21866,2327,گلم کبودعلیا,052142,6
21867,2327,گلخاطر,052144,6
21868,2327,مجیدقلعه پرور,052147,6
21869,2327,مله کبود,052149,6
21870,2327,تپه نادری,052152,6
21871,2327,ناوه فره,052153,6
21872,2327,ورکورک,052155,6
21873,2327,سراب گرم سفلی,052238,6
21874,2327,سراب گرم علیا,052239,6
21875,2327,شهرک بانگر,052240,6
21876,2327,عسگرخانی,052243,6
21877,2327,اب باریک,053287,6
21878,2327,خاتونه,053296,6
21879,2327,ریخک سفلی,053301,6
21880,2327,ریخک علیا,053302,6
21881,2327,زرین جو,053303,6
21882,2327,زیلوبسطام,053304,6
21883,2327,میان میل,053322,6
21884,2327,هنیدر تعویض,053327,6
21885,2327,هنیدرمفروضه,053328,6
21886,2327,بابااسکندر,351893,6
21887,2327,قورچی باشی,351895,6
21888,2327,گلم کبودسفلی,352066,6
21889,2327,شهرک زراعی قره بلاغ,352067,6
21890,2327,شهرک,353049,6
21891,2328,ایینه,051943,6
21892,2328,بلوان,051944,6
21893,2328,پل ماهیت,051945,6
21894,2328,جلالوندسفلی,051946,6
21895,2328,جلالوندعلیا,051947,6
21896,2328,چالکه,051948,6
21897,2328,رضالک,051949,6
21898,2328,ریزوندعلی اکبر,051950,6
21899,2328,ریزوندنجف,051951,6
21900,2328,شرکت زراعی دالاهو,051952,6
21901,2328,کلاه مال,051953,6
21902,2328,برزلک,051975,6
21903,2328,پاطاق,051976,6
21904,2328,پله بیدسفلی,051977,6
21905,2328,تلمبه خانه پاطاق,051978,6
21906,2328,حبیب وند,051979,6
21907,2328,داروند,051981,6
21908,2328,رفیع,051982,6
21909,2328,فولادی,051983,6
21910,2328,کوسه ها,051984,6
21911,2328,کوهالی,051985,6
21912,2328,کوچانی,051986,6
21913,2328,محمد علی قره گه,051987,6
21914,2328,مزرعه پله بیدعلیا,051988,6
21915,2328,میان کبودقاسم,051990,6
21916,2328,مهکی مهرمات,351120,6
21917,2328,مهکی امین بیگ,351121,6
21918,2328,پاسگاه راهنمایی و رانندگی,353161,6
21919,2329,اسیاب قرمز,052223,6
21920,2329,انزل,052224,6
21921,2329,تپه عظیمه,052227,6
21922,2329,ترک ویس,052228,6
21923,2329,تنگ اسماعیل,052229,6
21924,2329,داربلوط,052230,6
21925,2329,دارتوت,052231,6
21926,2329,دوازده امام,052232,6
21927,2329,دولنگان سفلی,052233,6
21928,2329,دولنگان علیا,052234,6
21929,2329,عثمان,052242,6
21930,2329,قلعه سفید سفلی,052244,6
21931,2329,قلعه شیخ حسن,052245,6
21932,2329,قلعه سفیدعلیا,052246,6
21933,2329,قیطک,052248,6
21934,2329,کل داود,052250,6
21935,2329,لواسانی,052254,6
21936,2329,نوده,052258,6
21937,2329,نهالستان انزل,052259,6
21938,2329,مشکنار,351127,6
21939,2329,کنار,351128,6
21940,2329,طایفه مصطفی,351129,6
21941,2330,پادگان ابوذر,052225,6
21942,2330,سراب قلعه شاهین,052237,6
21943,2330,کلاوه,052251,6
21944,2330,نرامان نقاره کوب,052257,6
21945,2330,مزرعه املاک تلاش گنجوره,053231,6
21946,2330,مزرعه بان میران,053233,6
21947,2330,مزرعه تلاش امامیه سفلی,053235,6
21948,2330,مزرعه تلاش امامیه علیا,053236,6
21949,2330,امامیه سفلی,053237,6
21950,2330,امامیه علیا,053238,6
21951,2330,مزرعه شوگه امامیه علیا,053248,6
21952,2330,گنجوره,053254,6
21953,2330,مزرعه چقاکدو,053257,6
21954,2330,مزرعه یک شبه بان سفره,053258,6
21955,2330,سرباغ گلین,053305,6
21956,2330,نجارگلین,053323,6
21957,2330,تنگ کوشک,351132,6
21958,2330,مزرعه املاک تلاش,352974,6
21959,2330,بر افتاب گلین,353159,6
21960,2330,چمن,805031,6
21961,2331,اکبرآباد,052090,6
21962,2331,اکبرابادالیاسی,052091,6
21963,2331,الیاس محمود,052092,6
21964,2331,الیاسی خلیفه حسین,052093,6
21965,2331,برق بارانی سفلی,052095,6
21966,2331,برق بارانی علیا,052096,6
21967,2331,بی بیان,052100,6
21968,2331,تپانی,052103,6
21969,2331,تپه داراب خان,052104,6
21970,2331,تپه ماران,052106,6
21971,2331,تنگ حمام,052107,6
21972,2331,جابری,052109,6
21973,2331,سراب ذهاب,052117,6
21974,2331,صالح کوچری,052121,6
21975,2331,طایشه محمود نظری,052122,6
21976,2331,قلخانچک شاه طوطیا,052127,6
21977,2331,قلعه بهادری,052128,6
21978,2331,قلعه ذهاب,052129,6
21979,2331,قلعه واری,052131,6
21980,2331,کلاشی عبدالقادر,052134,6
21981,2331,کلاره ژاله,052135,6
21982,2331,کلاره مهرابی,052137,6
21983,2331,کوییک,052139,6
21984,2331,کوشکری نامدار,052145,6
21985,2331,مجری لان,052146,6
21986,2331,مله دیزگه,052148,6
21987,2331,میرمیرو,052151,6
21988,2331,نوشیروان,052154,6
21989,2331,کلاره سه تپان,351896,6
21990,2331,گراهنگران,351897,6
21991,2331,بیشگان,351899,6
21992,2331,ماسه شویی شهرداری,353052,6
21993,2331,ماسه شویی تعاونی شماره 879,353160,6
21994,2332,الیاس احمد,052011,6
21995,2332,الیاسی صالح مطاعی,052012,6
21996,2332,انجیربان اواره علی,052013,6
21997,2332,بزمیراباد,052014,6
21998,2332,پیرمیکاییل,052015,6
21999,2332,تل خلوتی قادررحمان,052016,6
22000,2332,جنان,052017,6
22001,2332,جوانمیری,052018,6
22002,2332,چناره کاکه حسن,052019,6
22003,2332,چناره مصطفی,052020,6
22004,2332,مزرعه داره زردیارعلی,052021,6
22005,2332,دنگی عباس داره زرد,052022,6
22006,2332,دنگی علی بیگ,052023,6
22007,2332,دنگی کاک عبدالله,052024,6
22008,2332,دول درازمراد,052025,6
22009,2332,ده سفید,052026,6
22010,2332,دنکی رمضان,052027,6
22011,2332,سراواره والی نجفی,052028,6
22012,2332,سرآواره والی نظری,052029,6
22013,2332,طلسم شهباز,052030,6
22014,2332,فرج امام,052031,6
22015,2332,فرمایشه اله نظر,052032,6
22016,2332,قلعه کوه خسرو,052033,6
22017,2332,قلعه گل علی اقا,052034,6
22018,2332,قالودره,052035,6
22019,2332,کفروباوکه,052036,6
22020,2332,کفروسلمان,052037,6
22021,2332,مزرعه کلیله کاچی,052038,6
22022,2332,کرکوله مرادعلی,052039,6
22023,2332,گورجوی رشید,052040,6
22024,2332,گوری زردالهی,052041,6
22025,2332,مجتمع بانی هوان,052043,6
22026,2332,مله رولان,052044,6
22027,2332,مله کرمینه,052045,6
22028,2332,میولی دارابخان,052046,6
22029,2332,میولی سفلی,052047,6
22030,2332,میولی شیرخان,052048,6
22031,2332,دار زرد طهماسب,052049,6
22032,2332,مرشاعر,052050,6
22033,2333,باویسی ماشیان,351900,6
22034,2333,تازه آبادباویسی,351901,6
22035,2333,تازه آبادسلمانه,351902,6
22036,2333,تپه درویش,351903,6
22037,2333,تپه رش,351904,6
22038,2333,تپه کنعان,351905,6
22039,2333,تپه نوروز,351906,6
22040,2333,توه خشکه,351907,6
22041,2333,تیله کوه,351908,6
22042,2333,چفته سفلی,351909,6
22043,2333,چفته علیا,351910,6
22044,2333,دربندزردسفلی,351911,6
22045,2333,دربندزردعلیا,351912,6
22046,2333,درویشی,351913,6
22047,2333,رویله حسن,351914,6
22048,2333,رویله سفلی,351915,6
22049,2333,سیورهوار,351916,6
22050,2333,شیخ روزین سفلی,351917,6
22051,2333,شیخ روزین علیا,351918,6
22052,2333,قلقله تازه آباد,351919,6
22053,2333,کوزه رود,351920,6
22054,2333,هوان,351921,6
22055,2333,رویله,351922,6
22056,2333,مزرعه میان قپی ترشاب,351923,6
22057,2333,باویسی سیدمحمد,351924,6
22058,2333,پشت هیلکه,351925,6
22059,2333,پله فیروزه,351926,6
22060,2333,تیله کوه میانی,353132,6
22061,2333,سلمانه,359999,6
22062,2334,اینه وندداره رشته,351866,6
22063,2334,میش رنگین حاجی قادر,351867,6
22064,2334,میش رنگین سلمان,351868,6
22065,2334,میل قادرسفلی,351869,6
22066,2334,میل قادرعلیا,351870,6
22067,2334,نعل بندگرجی,351871,6
22068,2334,امام عباس سفلی,351872,6
22069,2334,امام عباس علیا,351873,6
22070,2334,دارتوت موالی,351874,6
22071,2334,تپه کبود,351875,6
22072,2334,توه خشکه,351876,6
22073,2334,چناره علی مدد,351877,6
22074,2334,چناره لطیف,351878,6
22075,2334,چناره مجید,351879,6
22076,2334,داره لار اسد,351880,6
22077,2334,داره لارشریف,351881,6
22078,2334,سرایی,351882,6
22079,2334,سفیدسوار,351883,6
22080,2334,سه تپان حبیب,351884,6
22081,2334,سه تپان سلیم,351885,6
22082,2334,سه تپان عزیز,351886,6
22083,2334,کانی شیرینه,351887,6
22084,2334,کیله سفید,351888,6
22085,2334,گرده نو,351889,6
22086,2334,لایزکریم,351890,6
22087,2334,مرادخانی سیاره جگیران,351891,6
22088,2334,آیینه وند عبداله,351892,6
22089,2334,تپه کبود سفلی,353177,6
22090,2335,اب باریک علیا,052332,6
22091,2335,اب باریک وسطی,052333,6
22092,2335,افریانج,052336,6
22093,2335,تپه رش,052347,6
22094,2335,تقویت رادیووتلویزیون,052348,6
22095,2335,یارگله,052349,6
22096,2335,جان احمد,052350,6
22097,2335,ده الیاس,052369,6
22098,2335,ده حمزه,052370,6
22099,2335,ده نو,052372,6
22100,2335,سهنله,052377,6
22101,2335,مارانگاز,052382,6
22102,2335,پلنگین,052383,6
22103,2335,علی آبادیوسفی,052386,6
22104,2335,سرسگاز,052387,6
22105,2335,قره تپه,052388,6
22106,2335,قلعه فرهادخان,052389,6
22107,2335,کمراباد,052394,6
22108,2335,کوچکینه,052396,6
22109,2335,کلبی آباد,052410,6
22110,2335,اردوگاه شهیدرجایی,351934,6
22111,2336,آقبلاغ,052337,6
22112,2336,تازه آبادسراب,052345,6
22113,2336,حسین آباد قوری چای,052362,6
22114,2336,شمسک,052379,6
22115,2336,قوری چای,052390,6
22116,2336,لیلمانج,052398,6
22117,2336,خنجراباد,052540,6
22118,2336,صفاییه,052565,6
22119,2336,کارخانه اسفالت شهرداری سنقر,052574,6
22120,2336,نخودتپه,052595,6
22121,2336,ایینله,052598,6
22122,2336,بلوطستان,052599,6
22123,2336,قروه,052600,6
22124,2336,گزنهله,052601,6
22125,2336,غیب اله,052602,6
22126,2336,عباس آباد,052603,6
22127,2336,زنگنه,052604,6
22128,2336,گلویج,052605,6
22129,2336,خیاران,052606,6
22130,2336,پیر سلیمان,052607,6
22131,2336,سردره بیگلربیگی,052608,6
22132,2336,دروازه,052609,6
22133,2336,جامیشان علیا,052610,6
22134,2336,نجف آباد,052611,6
22135,2336,غیاث آباد,052612,6
22136,2336,سلطان آباد,351943,6
22137,2337,آقبلاغ,209245,6
22138,2337,تپه شارک,209246,6
22139,2337,جعفرآباد,209247,6
22140,2337,چم چم,209248,6
22141,2337,چغا بالا سفلی,209249,6
22142,2337,چغا بالا علیا,209250,6
22143,2337,چماق تپه,209251,6
22144,2337,ده اسیاب,209252,6
22145,2337,زیوه,209253,6
22146,2337,سرخلیجه,209254,6
22147,2337,طاهراباد,209255,6
22148,2337,شریف آباد,209256,6
22149,2337,عظیم آباد,209257,6
22150,2337,فارسینج جدید,209258,6
22151,2337,قشلاق,209259,6
22152,2337,چشمه سنگی,209260,6
22153,2337,کهتر,209261,6
22154,2337,کهریز,209262,6
22155,2337,ملک آباد,209263,6
22156,2338,خلیفه باپیر,048730,6
22157,2338,ایینه جوب,052494,6
22158,2338,اسیاب جوب,052497,6
22159,2338,اگاه علیا,052499,6
22160,2338,امیرعمران,052500,6
22161,2338,المادین,052501,6
22162,2338,الیاسان امیری,052502,6
22163,2338,بورکه,052510,6
22164,2338,جانعلی,052515,6
22165,2338,چشمه سفید,052523,6
22166,2338,چفدر,052529,6
22167,2338,حسن آبادگویجه,052535,6
22168,2338,حیدرآباد,052537,6
22169,2338,خسروابادامجدی,052538,6
22170,2338,ده خداداد,052545,6
22171,2338,ریگ جوب,052550,6
22172,2338,زاغان سفلی,052551,6
22173,2338,زاغان علیا,052552,6
22174,2338,سایه کرسفلی,052553,6
22175,2338,سایه کرعلیا,052554,6
22176,2338,سفیدزنگول,052557,6
22177,2338,سعیدیه,052559,6
22178,2338,هفت اشیان,052566,6
22179,2338,قلعه جبرییل,052569,6
22180,2338,کله پا,052579,6
22181,2338,گل تپه,052585,6
22182,2338,گل سرخه,052586,6
22183,2338,گویجه,052587,6
22184,2338,اسدیه,052590,6
22185,2338,نصرت آباد,052596,6
22186,2338,ورداران,052597,6
22187,2339,اسماندول,052496,6
22188,2339,الیاسان,052503,6
22189,2339,باباشیخ علی,052506,6
22190,2339,امجدابادچشمه بری,052507,6
22191,2339,بورک آباد,052509,6
22192,2339,چوب ساز,052516,6
22193,2339,جوب کبودسفلی,052517,6
22194,2339,جوب کبودعلیا,052518,6
22195,2339,چرخلان,052519,6
22196,2339,چشمه بهاالدین,052521,6
22197,2339,چشمه توران,052522,6
22198,2339,چشمه قط,052524,6
22199,2339,چشمه قلعه,052525,6
22200,2339,چشمه کبود,052526,6
22201,2339,چشمه گیلان,052528,6
22202,2339,چقور چای,052530,6
22203,2339,چهارملان,052532,6
22204,2339,خلیفه,052539,6
22205,2339,داشتی بلاغ,052542,6
22206,2339,دربند,052543,6
22207,2339,دوگل بنده,052544,6
22208,2339,ده شیخ,052548,6
22209,2339,سیردوله,052562,6
22210,2339,سیرکوه,052563,6
22211,2339,شوراباد,052564,6
22212,2339,علی آباد,052567,6
22213,2339,قلعه حاج امین,052571,6
22214,2339,کل سفید,052576,6
22215,2339,کنده سرخ,052580,6
22216,2339,مزراله,052589,6
22217,2339,مولان آباد,052592,6
22218,2339,تلخستان,052593,6
22219,2340,اکبرآباد,048694,6
22220,2340,اگاه سفلی,048695,6
22221,2340,باقله سفلی,048696,6
22222,2340,باقله علیا,048697,6
22223,2340,باقر آباد,048698,6
22224,2340,پشت دربند,048705,6
22225,2340,پنبه دول,048707,6
22226,2340,پیرمحمد,048710,6
22227,2340,تپه اسماعیل,048711,6
22228,2340,چشمه باد,048717,6
22229,2340,چشمه خسرو,048718,6
22230,2340,چشمه زنگی,048719,6
22231,2340,چنگیزه,048721,6
22232,2340,خانقاه سفلی,048726,6
22233,2340,خانقاه علیا,048727,6
22234,2340,خانقاه وسطی,048728,6
22235,2340,سامله,048746,6
22236,2340,سرخم,048750,6
22237,2340,سمن بان,048754,6
22238,2340,سه قولان,048758,6
22239,2340,قول دره,048764,6
22240,2340,قشلاق سرداراشرف,048766,6
22241,2340,مزرعه کانی باباپیر,048779,6
22242,2340,کاهل آباد,048781,6
22243,2340,کشکمیر,048782,6
22244,2340,سرکشکمیر,048783,6
22245,2340,کهریز حاج خانمراد,048792,6
22246,2340,کیونان,048793,6
22247,2340,لنجاب,048799,6
22248,2340,ورج,048810,6
22249,2340,ویژه,048815,6
22250,2340,مزرعه تازه آباد,352994,6
22251,2341,اب باریک سفلی,052331,6
22252,2341,ارانله,052334,6
22253,2341,خلجان,052335,6
22254,2341,منصورعرب,052338,6
22255,2341,میخواران پیرعلیخان,052342,6
22256,2341,تازه آبادکرسوان,052346,6
22257,2341,چاقر,052352,6
22258,2341,چرمله سفلی,052354,6
22259,2341,چرمله علیا,052355,6
22260,2341,چشمه قره,052357,6
22261,2341,چوگان,052359,6
22262,2341,حاجی آباد,052360,6
22263,2341,حسین آبادده بنه,052361,6
22264,2341,خاتم آباد,052364,6
22265,2341,خانجمال پناهی,052365,6
22266,2341,خانجمال زمانی,052366,6
22267,2341,دارحیدر,052367,6
22268,2341,دره وزم,052368,6
22269,2341,ده خزل,052371,6
22270,2341,میخواران محمدصادق,052373,6
22271,2341,شریف آباد,052378,6
22272,2341,باوله,052380,6
22273,2341,میخواران سادات,052381,6
22274,2341,علی بلاغ,052384,6
22275,2341,عرب آباد,052385,6
22276,2341,خسروابادفعله گری,052391,6
22277,2341,کرسوان,052392,6
22278,2341,کلگاه زمان,052393,6
22279,2341,میخواران محمداقا,052399,6
22280,2341,جوب آسیاب,052402,6
22281,2341,مزرعه دره باغ,052404,6
22282,2341,ده کهنه,052405,6
22283,2341,نورآباد,052406,6
22284,2341,ورمقان,052407,6
22285,2341,هزارخانی سفلی,052408,6
22286,2341,هزارخانی علیا,052409,6
22287,2341,یوسف جرد,052411,6
22288,2341,مزرعه داربید,351939,6
22289,2342,بشیراباد,052343,6
22290,2342,هیبت اله,052344,6
22291,2342,سالاراباد,052351,6
22292,2342,چم کبود,052353,6
22293,2342,چشمه چراغ,052356,6
22294,2342,چنگره,052358,6
22295,2342,گردکانه سفلی,052374,6
22296,2342,گردکانه علیا,052375,6
22297,2342,سردره قبادی,052376,6
22298,2342,کیسله,052397,6
22299,2342,مزرعه بیگلراباد,052401,6
22300,2342,اسلامیه,052495,6
22301,2342,اسیاب جوب فرمانفرما,052498,6
22302,2342,پاییزاباد,052514,6
22303,2342,چرکس,052520,6
22304,2342,چشمه کره,052527,6
22305,2342,چهارگاه,052531,6
22306,2342,حبشی,052533,6
22307,2342,حسن آباد,052534,6
22308,2342,حسین آبادامجدی,052536,6
22309,2342,خوشیار,052541,6
22310,2342,ده رضوان,052546,6
22311,2342,ده سلیمان,052547,6
22312,2342,ده عباس,052549,6
22313,2342,سراب سورن آباد,052555,6
22314,2342,سورن آباد,052561,6
22315,2342,فیروزاباد,052568,6
22316,2342,قلعه جوق,052570,6
22317,2342,قمام,052572,6
22318,2342,کاظم آباد,052575,6
22319,2342,کل کل,052577,6
22320,2342,کلک امجدی,052578,6
22321,2342,کوزه گران,052581,6
22322,2342,گرجی بیان,052583,6
22323,2342,گرگین در,052584,6
22324,2342,مرزبان,052588,6
22325,2342,مزرعه مسلمانان,052591,6
22326,2342,میدان,052594,6
22327,2342,تاسیسات سد سلیمانشاه,353162,6
22328,2343,نفت شهر,351951,6
22329,2343,چقاامان,352073,6
22330,2343,کله جوب,352074,6
22331,2343,چشمه مکی تاریوند,352075,6
22332,2343,نی پهن,352077,6
22333,2343,ممردو,352078,6
22334,2343,گزین,352079,6
22335,2343,ملاجعفر,352080,6
22336,2343,ممریک,352082,6
22337,2343,دارویس علی,352084,6
22338,2343,شتران,352086,6
22339,2343,ممرسه,352928,6
22340,2343,پاسگاه نیروی انتظامی قلعه جوق,353055,6
22341,2343,پاسگاه انتظامی سان و پا,353060,6
22342,2343,پاسگاه انتظامی سلمان کشته,353062,6
22343,2343,پاسگاه انتظامی چقا شیرگه,353063,6
22344,2343,پاسگاه انتظامی سه تپان,353064,6
22345,2343,پاسگاه انتظامی گمرک نو,353065,6
22346,2343,پاسگاه انتظامی چقا حمام,353066,6
22347,2343,پاسگاه انتظامی حیدر آباد,353067,6
22348,2343,دواب سومار,353068,6
22349,2343,پاسگاه نیروی انتظامی تپه گل,353069,6
22350,2343,پاسگاه انتظامی رضا آباد,353070,6
22351,2343,پاسگاه انتظامی خسرو آباد,353071,6
22352,2343,پاسگاه نیروی انتظامی خان لیلی,353077,6
22353,2343,پاسگاه مرزی سومار,353108,6
22354,2343,کارخانه شن وماسه بوستان راه,353109,6
22355,2343,پاسگاه ژاله پناه,353111,6
22356,2343,پاسگاه تپه شیرو,353112,6
22357,2343,پاسگاه چم نفت,353113,6
22358,2344,برج احمدی,052854,6
22359,2344,تپه سفید بیگ خور,052856,6
22360,2344,فتح اله آباد,052858,6
22361,2344,خراطها,052859,6
22362,2344,خسروی,052860,6
22363,2344,خیل ناصرخان,052861,6
22364,2344,سیدداود,052864,6
22365,2344,قلعه سبزی سفلی,052866,6
22366,2344,تازه آباد,052867,6
22367,2344,قلعه شاه ملوک,052868,6
22368,2344,گرصدف عزیزبیگ,052870,6
22369,2344,ولدگشته,052871,6
22370,2344,تپه سفیدیکیشان,351952,6
22371,2344,انجیرک,351953,6
22372,2344,تنکاب نو,351954,6
22373,2344,دربندجوق,353072,6
22374,2344,تازه آبادسفلی,353073,6
22375,2344,کریم آباد,353074,6
22376,2344,بیمارستان,353119,6
22377,2345,تلمبه خانه شماره 2 نفت,052926,6
22378,2345,تازه آبادگراوه,052929,6
22379,2345,تنگاب نصراباد,052931,6
22380,2345,تنگاب کهنه عباس,052932,6
22381,2345,تنگاب موسی گچی,052933,6
22382,2345,تنگ آب خورشید بگ,052934,6
22383,2345,سیدسهراب,052937,6
22384,2345,ایستگاه گام کوه,052938,6
22385,2345,نی پهن سیفاله,052945,6
22386,2345,نی پهن عبداله,052946,6
22387,2345,امام حسن سفلی,053473,6
22388,2345,امام حسن علیا,053474,6
22389,2345,امام حسن وسطی,053475,6
22390,2345,بان کنارجهانگیر,053478,6
22391,2345,بره بورانجیربان,053479,6
22392,2345,کورکهرک,053506,6
22393,2345,مزرعه بان قبرستان,053524,6
22394,2345,سید سعید,351956,6
22395,2345,گراوه اسماعیل,352966,6
22396,2345,تازه آباد گراوه نمره 3,353124,6
22397,2345,کارخانه اجرماشینی قوره تو,353127,6
22398,2346,کلانتر,052823,6
22399,2346,امین فتاح بگ,052824,6
22400,2346,داربلوط,052830,6
22401,2346,سیدایاز,052831,6
22402,2346,شیرین اب,052832,6
22403,2346,طهماسب,052833,6
22404,2346,باباهادی,052892,6
22405,2346,اقابرار,052893,6
22406,2346,حسین آباد,052894,6
22407,2346,دارخور,052895,6
22408,2346,شکر احمد آباد,052896,6
22409,2346,اغ داغ شهسوار,052897,6
22410,2346,هدایت,052898,6
22411,2346,قلعه سفید,052899,6
22412,2346,کوره های گچ پزی قصرشیرین,052901,6
22413,2346,گمرک کهنه,052902,6
22414,2346,نصرابادپاشا,052940,6
22415,2346,نصرابادسیداحمد,052941,6
22416,2346,نصراباد سیدحاتم,052942,6
22417,2346,نصراباد سیدخلیل,052943,6
22418,2346,برفی کوشکری,351958,6
22419,2346,برارعزیز,352072,6
22420,2346,تازه آبادشیرعلی,353075,6
22421,2346,پاسگاه انتظامی اقابرار,353114,6
22422,2346,کارخانه آجرماشینی آق داغ غرب,353115,6
22423,2346,شرکت تعاونی شماره 408پرواربندی گوسال,353116,6
22424,2346,پاسگاه نیروی انتظامی پرویزخان,353117,6
22425,2346,کارخانه اسفالت شهرداری قصرشیرین,353173,6
22426,2346,شرکت تعاونی 2296 آرمین گستر محصولات گلخانه ای,353174,6
22427,2347,اران,208507,6
22428,2347,بیدخله,208513,6
22429,2347,پاقلعه,208514,6
22430,2347,چشمه درازه,208518,6
22431,2347,مزرعه چشمه کبود,208520,6
22432,2347,چفته دره,208522,6
22433,2347,چناران,208525,6
22434,2347,خالنجه,208528,6
22435,2347,خلج رود,208530,6
22436,2347,مزرعه خوشکابخوره,208532,6
22437,2347,خیرومندان,208533,6
22438,2347,داربید,208534,6
22439,2347,دواب,208537,6
22440,2347,ده کهنه,208539,6
22441,2347,دهلر ده کهنه,208541,6
22442,2347,دهلر,208542,6
22443,2347,سراب باباعلی,208546,6
22444,2347,سراب دهلر,208547,6
22445,2347,سرخلج,208548,6
22446,2347,قره بناس,208556,6
22447,2347,قلاته,208559,6
22448,2347,کلکاه دره,208561,6
22449,2347,کلان,208562,6
22450,2347,کهریزبیدسرخ,208565,6
22451,2347,کهریزکلان,208566,6
22452,2347,گل زرده,208569,6
22453,2347,گندابه,208570,6
22454,2347,میرزااباد,208575,6
22455,2347,وناکوه,208576,6
22456,2347,هفت خانی,208577,6
22457,2347,مزرعه آهنگران,351395,6
22458,2347,خوشک آبخوره,351396,6
22459,2348,اب باریک,052987,6
22460,2348,حصار,053002,6
22461,2348,خرم آباد,053005,6
22462,2348,دم بادام,053008,6
22463,2348,رحمان آباد,053011,6
22464,2348,رشتیان,053015,6
22465,2348,سلیمان آباد,053020,6
22466,2348,شش یکان,053021,6
22467,2348,عبدالتاجدین,053025,6
22468,2348,فش,053030,6
22469,2348,فشخواران,053031,6
22470,2348,گردکانه,053053,6
22471,2348,هزارخانی,053066,6
22472,2348,همایون کش,053067,6
22473,2348,داربسر,209083,6
22474,2348,زرده,209086,6
22475,2348,سراب,209087,6
22476,2348,شکراب,209089,6
22477,2348,همیانک,209109,6
22478,2349,اکبرآباد,052989,6
22479,2349,خلیل آباد,053006,6
22480,2349,سریوه,053018,6
22481,2349,سلطان آباد,053019,6
22482,2349,عباس آباد,053024,6
22483,2349,فیروزابادتپه,053032,6
22484,2349,فیروزابادکوچک,053033,6
22485,2349,قوره جیل,053042,6
22486,2349,کرماجان,053048,6
22487,2349,کندکیله,053050,6
22488,2349,چم گاومیش,053061,6
22489,2349,مزرعه قلعه فولاد,053064,6
22490,2349,محمدآباد,351335,6
22491,2349,حمزه آباد,351341,6
22492,2349,رستم آبادکوچک,351427,6
22493,2349,کریم آباد,352052,6
22494,2349,نهرالدوله,352055,6
22495,2350,اله دانه,052990,6
22496,2350,چشمه نوش,052997,6
22497,2350,حاجی آباد,052998,6
22498,2350,حسین آباد,053001,6
22499,2350,خمیس آباد,053007,6
22500,2350,ده بالا,053009,6
22501,2350,رحمت آباد,053012,6
22502,2350,رستم آبادبزرگ,053013,6
22503,2350,شورچه,053022,6
22504,2350,طاهراباد,053023,6
22505,2350,عزیزآباد,053026,6
22506,2350,علی آباداول,053028,6
22507,2350,علی آباددوم,053029,6
22508,2350,قارلق بزرگ,053034,6
22509,2350,اسلام آباد,053035,6
22510,2350,قاسم آباد,053037,6
22511,2350,کارخانه,053047,6
22512,2350,کوچه,053051,6
22513,2350,گلبداغ,053054,6
22514,2350,گلیاران,053055,6
22515,2350,سهم الدین,351398,6
22516,2350,مزرعه مراداباد,351961,6
22517,2350,علی آباد,351965,6
22518,2350,اردوگاه حلبچه,351966,6
22519,2350,مزرعه حاج محمدباقرطاهرابادی,351970,6
22520,2350,دامداری حاج عباس رضایی,351982,6
22521,2350,اشرف آباد,805018,6
22522,2351,باغ وزمان,052993,6
22523,2351,بردینه سیدها,052994,6
22524,2351,توشمالان,052995,6
22525,2351,جاورسینه,052996,6
22526,2351,حاجی آباد,052999,6
22527,2351,خارکش,053004,6
22528,2351,ده نو,053010,6
22529,2351,سرمست,053016,6
22530,2351,سرمه کوکان,053017,6
22531,2351,قره گوزلوسفلی,053038,6
22532,2351,قره گوزلوعلیا,053039,6
22533,2351,قزوینه,053040,6
22534,2351,قشلاق قره گوزلوسفلی,053041,6
22535,2351,مزرعه کریم آباد,053049,6
22536,2351,مزرعه آبشاران,053060,6
22537,2351,قاسم آباد,351324,6
22538,2352,بان میدان عبداله,053167,6
22539,2352,پادگان شهیدثابت خواه,053168,6
22540,2352,پشته سماوات,053169,6
22541,2352,تازه آبادبطی,053170,6
22542,2352,تازه آبادحیدربیگی,053171,6
22543,2352,تازه آبادصیدعلی,053172,6
22544,2352,چالاب وارگه سفلی,053173,6
22545,2352,چالاب وارگه علیا,053174,6
22546,2352,چشمه پهن رشید,053175,6
22547,2352,چشمه سنگی روتوند,053176,6
22548,2352,چشمه کبود,053177,6
22549,2352,چشمه گلینه,053178,6
22550,2352,چشمه نظامی,053179,6
22551,2352,خیرویس,053180,6
22552,2352,دربندخیزان,053181,6
22553,2352,زاغه علی کرم,053182,6
22554,2352,زینل خان,053184,6
22555,2352,سنگچین صالح,053185,6
22556,2352,بشیرابادبطی,053186,6
22557,2352,طایفه شاعران,053188,6
22558,2352,ایل شیرزادی,053189,6
22559,2352,چشمه پهن فریدون,053190,6
22560,2352,قمر علی,053191,6
22561,2352,کاسه گران,053192,6
22562,2352,کلاه درازسفلی,053193,6
22563,2352,کلاه درازعلیا,053194,6
22564,2352,کولسون,053195,6
22565,2352,هوشیارچله,053197,6
22566,2352,عبدالعزیز,053201,6
22567,2352,چشمه مورینه,053491,6
22568,2352,طایفه همت حسن پور,053501,6
22569,2352,طایفه حضرتسلیمان,351545,6
22570,2352,کلاه درازوسطی,351547,6
22571,2352,اکبرجعفر,351736,6
22572,2352,سنگ کرموشیرزادی,351750,6
22573,2352,مزرعه میرزا آباد,351751,6
22574,2352,طایفه شیرزادی,352049,6
22575,2352,سد مخزنی گیلانغرب,353165,6
22576,2352,چشمه پهن علیشاه,353187,6
22577,2352,کشتارگاه شهرداری,805013,6
22578,2352,بان میدان دار توت,805014,6
22579,2352,زیچ صالح,805015,6
22580,2353,اوزین فریدون,053476,6
22581,2353,بان تق,053477,6
22582,2353,به آبادصالح,053480,6
22583,2353,به آباد قباسیایی,053481,6
22584,2353,بینه گرد,053482,6
22585,2353,مزرعه پشته ماهی قوخان,053484,6
22586,2353,پلکین,053485,6
22587,2353,مزرعه تپه میر حسن,053487,6
22588,2353,تورانشاه,053489,6
22589,2353,جابرسفلی,053490,6
22590,2353,دندانه,053495,6
22591,2353,سرتیتان,053497,6
22592,2353,سیاه گل,053498,6
22593,2353,شیخ سرخ الدین سفلی,053499,6
22594,2353,شیخ سرخ الدین علیا,053500,6
22595,2353,علیرضاوندی,053502,6
22596,2353,مزرعه علامه,053504,6
22597,2353,قاسم آباد,053505,6
22598,2353,کله پای قاسم,053507,6
22599,2353,کله جوب اسفندیاری,053508,6
22600,2353,کله جوب سفلی,053509,6
22601,2353,کله جوب علیا,053510,6
22602,2353,گاومخل ایوانی,053513,6
22603,2353,گاومیش چران عرب,053514,6
22604,2353,گرازان سفلی,053515,6
22605,2353,گرازان علیا,053516,6
22606,2353,گراویان سفلی,053517,6
22607,2353,گورسفید,053519,6
22608,2353,مرجان بابامراد,053520,6
22609,2353,مرجان قیطول,053521,6
22610,2353,مرجان گمار,053522,6
22611,2353,مزرعه بان صفر,053523,6
22612,2353,مزرعه بره سیله,053525,6
22613,2353,مزرعه چرمیان,053526,6
22614,2353,مزرعه رشمینه,053528,6
22615,2353,مزرعه شاوک,053530,6
22616,2353,گنداب علیجان,053531,6
22617,2353,مزرعه مهرعلی بزرگ,053533,6
22618,2353,میرابه,053535,6
22619,2353,مزرعه میر صفی,053536,6
22620,2353,مزرعه هره سرخ,053538,6
22621,2353,ترشکیبان,053543,6
22622,2353,داربلوط,351531,6
22623,2353,دارتوت رحیم,351537,6
22624,2353,کله جوب کیانی,351745,6
22625,2353,مناف آباد,351746,6
22626,2353,دارتوت صیادی,351984,6
22627,2353,میروله علی آباد,351985,6
22628,2353,رویبان بزرگ,351986,6
22629,2353,تازه آباد رویبان,351987,6
22630,2353,مزرعه مهرعلی کوچک,352051,6
22631,2353,مودرازحسین,352053,6
22632,2353,علی مراد سفلی,352916,6
22633,2353,کله جوب کرمی,352968,6
22634,2353,علی آباد,352969,6
22635,2353,مزرعه محمد کسانی نژاد,352970,6
22636,2354,افشاراباد,053288,6
22637,2354,امامقلی,053289,6
22638,2354,انجاورود,053290,6
22639,2354,بطیاراحمد,053291,6
22640,2354,تنگ لانه بان صفر,053292,6
22641,2354,جوبباغان سفلی,053293,6
22642,2354,جوبباغان علیا,053294,6
22643,2354,چمن,053295,6
22644,2354,دارابی,053297,6
22645,2354,دارون 1,053298,6
22646,2354,دارون 2,053299,6
22647,2354,دارون 3,053300,6
22648,2354,سنگ درمیان سفلی,053306,6
22649,2354,سنگ درمیان علیا,053307,6
22650,2354,شاهمار,053308,6
22651,2354,شنقال خالدی,053310,6
22652,2354,چوب باغان,053311,6
22653,2354,شیشه راه,053312,6
22654,2354,گلوزی,053314,6
22655,2354,مزرعه بن طاوی,053316,6
22656,2354,مزرعه خانجان,053317,6
22657,2354,مزرعه شبانکاره,053318,6
22658,2354,میان رود,053321,6
22659,2354,نساردیره,053324,6
22660,2354,نساردیره سفلی,053325,6
22661,2354,مزرعه نسارگلین,053326,6
22662,2354,گلوزی داود,351560,6
22663,2354,علیجان,351704,6
22664,2354,شلین,351740,6
22665,2354,گلین اله مراد,351741,6
22666,2355,پاوند مکر,053608,6
22667,2355,پشته کبودعلی میرزا,053609,6
22668,2355,پنجعلی,053610,6
22669,2355,داربیدحسین علی,053612,6
22670,2355,داربیدعلی اکبر,053613,6
22671,2355,داربیدنظرعلی,053614,6
22672,2355,سرپلک یوسفی,053617,6
22673,2355,سرحال شیرزادی,053618,6
22674,2355,مورت شاوله,053619,6
22675,2355,طایفه سیاه سیاه,053620,6
22676,2355,میاندار قروتک,053621,6
22677,2355,قشقه,053622,6
22678,2355,قیلان,053623,6
22679,2355,مزرعه آهنگران,053625,6
22680,2355,درویش,053626,6
22681,2355,سیر وله قاسم,053627,6
22682,2355,مزرعه طارم,053628,6
22683,2355,گزین,053629,6
22684,2355,مورت سبز,053630,6
22685,2355,میان راه,053631,6
22686,2355,میرمیراب سفلی,053633,6
22687,2355,میرمیراب علیا,053634,6
22688,2355,میه مز,053636,6
22689,2355,نیان,053637,6
22690,2355,چم سورک سفلی,351551,6
22691,2355,چم سورک علیا,351552,6
22692,2355,چم سورک وسطی,351553,6
22693,2355,گل خیرک علیا,351554,6
22694,2355,مورتهادی,351555,6
22695,2355,فالوشن,351556,6
22696,2355,گل خیرک سفلی,351739,6
22697,2355,نعل شکن,352076,6
22698,2355,ورگچ,352081,6
22699,2355,خوا خولگه,352083,6
22700,2355,شرف آباد,352085,6
22701,2355,دارماهی,352087,6
22702,2355,پاسگاه نیروی انتظامی گیسکه,353056,6
22703,2355,پاسگاه انتظامی کانی شیخ,353057,6
22704,2355,پاسگاه نیروی مرزی بازرگان,353058,6
22705,2355,پاسگاه انتظامی تلخاب,353059,6
22706,2355,پاسگاه میان تنگ,353107,6
22707,2355,پاسگاه انتظامی هفت دهنه,353110,6
22708,2355,میاندار گچی,805033,6
22709,2355,گچیان,805042,6
22710,2356,بابارستم,053232,6
22711,2356,بهرام وند,053234,6
22712,2356,سوخورخوش اقبال,053239,6
22713,2356,سوخورشهبازشیری,053240,6
22714,2356,سوخورشهبازنجفی,053241,6
22715,2356,سوخور علی محمد,053242,6
22716,2356,سوخورکهزاد,053243,6
22717,2356,سوخورنامدارمیرزاپور,053245,6
22718,2356,سوخور رشید,053246,6
22719,2356,سوخورمروتی,053247,6
22720,2356,قلی قلی,053249,6
22721,2356,قیطول,053250,6
22722,2356,کاظم خانی سفلی,053251,6
22723,2356,کاظم خانی علیا,053252,6
22724,2356,کل کش,053253,6
22725,2356,محمدی سفلی,053255,6
22726,2356,محمدی علیا,053256,6
22727,2356,سوخور نامدار الهی,053259,6
22728,2356,سوخورنامدارعبدی,351575,6
22729,2356,سوخورحاجی مراد,352050,6
22730,2356,سوخور کرمی,353166,6
22731,2356,سوخور رشید سفلی,805001,6
22732,2356,گرانمیر,805012,6
22733,2357,انجیردرمیان,047629,6
22734,2357,بره گینه,047633,6
22735,2357,تولک,047634,6
22736,2357,مزرعه چاله سیاه,047635,6
22737,2357,چشمه بطال,047636,6
22738,2357,چشمه خانی,047637,6
22739,2357,چشمه عیسی,047638,6
22740,2357,زرور,047645,6
22741,2357,پیکوله,047648,6
22742,2357,شیخ جبرییل,047654,6
22743,2357,کلک,047656,6
22744,2357,میان رود,047662,6
22745,2357,باقری,053371,6
22746,2357,بیگ رضایی,053372,6
22747,2357,درگه,053374,6
22748,2357,سیدمحمدی,053375,6
22749,2357,سیدنازه,053376,6
22750,2357,مزرعه شیرزادی,053377,6
22751,2357,طایفه خیدان,053378,6
22752,2357,علیرضاوندی,053379,6
22753,2357,ژاومرگ خلیفه,053400,6
22754,2357,ژاومرگ محمدمراد,053401,6
22755,2357,ژاومرگ ناوخاص,053402,6
22756,2357,احمدکشته داربادام,053403,6
22757,2357,باسکله بورویم,053406,6
22758,2357,باسکله چشمه سفید,053407,6
22759,2357,باسکله خان میرزا,053408,6
22760,2357,باسکله درانبار,053409,6
22761,2357,باسکله وسط,053410,6
22762,2357,بهرام بیگ,053411,6
22763,2357,باپیرسفلی,053412,6
22764,2357,باپیرعلیا,053413,6
22765,2357,چشمه غلامی,053414,6
22766,2357,چشمه جادر,053415,6
22767,2357,چشمه حاجگه,053416,6
22768,2357,چشمه سفیدروتوند,053417,6
22769,2357,داربادام,053418,6
22770,2357,دریاب,053419,6
22771,2357,سراب قنبر,053421,6
22772,2357,صالحکه,053423,6
22773,2357,طایفه رجب,053424,6
22774,2357,قلعه رمن,053425,6
22775,2357,کرکول تعویضی,053426,6
22776,2357,کمره,053427,6
22777,2357,گرماب محمدرضاوندی,053428,6
22778,2357,لته چقا,053429,6
22779,2357,میرمنگان سفلی,053431,6
22780,2357,میرمنگان علیا,053432,6
22781,2357,وارگه,053433,6
22782,2357,هفت چشمه جهانشاه,053434,6
22783,2357,چشمه سفیدوسین,351743,6
22784,2357,ایل شیرزادی,352967,6
22785,2357,راهداری قلاجه,805002,6
22786,2358,بادکان,051417,6
22787,2358,بیاشوش,051419,6
22788,2358,بیله ای,051420,6
22789,2358,تپه بور,051427,6
22790,2358,ترکه پان,051428,6
22791,2358,ترکه سفلی,051430,6
22792,2358,ترکه علیا,051431,6
22793,2358,چشمه سفید,051434,6
22794,2358,چشمه میران,051435,6
22795,2358,حوض خله,051437,6
22796,2358,خانم آباد,051439,6
22797,2358,خوری آباد,051440,6
22798,2358,خوش مکان سفلی,051441,6
22799,2358,خوش مکان علیا,051442,6
22800,2358,ساروخان,051450,6
22801,2358,سررودسفلی,051453,6
22802,2358,سررودعلیا,051454,6
22803,2358,شیخ الکرم,051457,6
22804,2358,صفی آباد,051459,6
22805,2358,عایشه دول,051460,6
22806,2358,عزیزآباد,051461,6
22807,2358,علی آبادکهنه,051463,6
22808,2358,علی یعقوب,051464,6
22809,2358,قلیجان,051467,6
22810,2358,کانی ساتیار,051471,6
22811,2358,کانی گل سفلی,051472,6
22812,2358,کانی گل علیا,051473,6
22813,2358,کانی گوهر,051474,6
22814,2358,کلی,051475,6
22815,2358,کوری,051479,6
22816,2358,کولسه,051480,6
22817,2358,ماسندر,051485,6
22818,2358,مزرعه بانی توان بزرگ,051487,6
22819,2358,مزرعه بانی توان کوچک,051488,6
22820,2358,مزرعه بانی ملاعلی,051489,6
22821,2358,مزرعه بولینی,051490,6
22822,2358,مزرعه بنیه,051491,6
22823,2358,مزرعه دریدول,051494,6
22824,2358,مزرعه شیربدر,051498,6
22825,2358,مزرعه قادراباد,051499,6
22826,2358,مزرعه کچل آباد,051501,6
22827,2358,یاری,051509,6
22828,2358,یوسف خانی سفلی,051510,6
22829,2358,یوسف خانی علیا,051511,6
22830,2358,مزرعه تاریکه,051512,6
22831,2358,ترکه تازه آباد,051513,6
22832,2359,بانی گمکان / کانی سواران /,050794,6
22833,2359,بانی میران,050795,6
22834,2359,ده رش بازان,050799,6
22835,2359,بانی گلان,050804,6
22836,2359,تازه آباد بانی عزیز,050811,6
22837,2359,تازه آباد لاباغ,050812,6
22838,2359,تازه آبادمیرکی,050814,6
22839,2359,چشمه زیلان,050829,6
22840,2359,چشمه بلورک,050831,6
22841,2359,چمن زارسفلی,050832,6
22842,2359,چمن زاروسطی,050834,6
22843,2359,چوگل آباد,050837,6
22844,2359,خیل فاتکی کن,050854,6
22845,2359,خیل نقده,050855,6
22846,2359,ده خلیفه,050869,6
22847,2359,نهراب ده رش,050871,6
22848,2359,زلانی,050878,6
22849,2359,زیلان,050881,6
22850,2359,سرابس,050884,6
22851,2359,سورواش اعظم,050890,6
22852,2359,سورواش اعظم سفلی,050891,6
22853,2359,سول آباد,050892,6
22854,2359,سیاران نهراب,050894,6
22855,2359,علی آقایی,050907,6
22856,2359,فولادی سفلی,050909,6
22857,2359,فولادی علیا,050910,6
22858,2359,حشارگه برگور,050915,6
22859,2359,کانی سواران,050921,6
22860,2359,مزرعه برده رش علیا,050945,6
22861,2359,چمن زار علیا,352965,6
22862,2360,بیوله,051421,6
22863,2360,بیوندسفلی,051422,6
22864,2360,بیوندعلیا,051423,6
22865,2360,پوینه,051425,6
22866,2360,چاقوکل,051433,6
22867,2360,حوض سیدمراد,051438,6
22868,2360,ده سرخ,051444,6
22869,2360,ده توت سفلی,051447,6
22870,2360,دهتوت علیا,051448,6
22871,2360,زیران,051449,6
22872,2360,سرخ بان سفلی,051451,6
22873,2360,سرخ بان علیا,051452,6
22874,2360,سفیدبرگ,051455,6
22875,2360,علی آبادساسل,051462,6
22876,2360,گنداب وسطی,051478,6
22877,2360,گردک,051481,6
22878,2360,گل باغی,051482,6
22879,2360,گلی,051483,6
22880,2360,مزرعه بالاخانی,051486,6
22881,2360,مزرعه حوض علی,051493,6
22882,2360,مزرعه رشک ابی,051495,6
22883,2360,مزرعه ساسل,051496,6
22884,2360,مزرعه قلاچنان,051500,6
22885,2360,مزرعه لااش,051502,6
22886,2360,نویل,051506,6
22887,2360,هانولان,051507,6
22888,2360,هشت پشتوله,051508,6
22889,2361,بانی لوان,051266,6
22890,2361,بایل,051268,6
22891,2361,پاوناران,051271,6
22892,2361,پسه خور,051273,6
22893,2361,امامزاده چم ژاله,051276,6
22894,2361,دره یاب,051278,6
22895,2361,دوروله بالا,051282,6
22896,2361,دوروله پایین,051283,6
22897,2361,دولتا,051285,6
22898,2361,زاغه,051288,6
22899,2361,قین سخت,051296,6
22900,2361,قلاجی,051297,6
22901,2361,کانی سالار,051298,6
22902,2361,کلور,051300,6
22903,2361,کله,051301,6
22904,2361,کلاش قوه,051302,6
22905,2361,کلاش هوش,051303,6
22906,2361,کولسه امین,051304,6
22907,2361,گویله,051306,6
22908,2361,لمه,051308,6
22909,2361,لولم,051309,6
22910,2361,مزران,051314,6
22911,2361,مره میر,051316,6
22912,2361,مزرعه ده کهن,051319,6
22913,2361,مله دشتی,051325,6
22914,2361,مله رش,051326,6
22915,2361,میرعبدلی سفلی,051328,6
22916,2361,میرعبدلی علیا,051329,6
22917,2361,مره تا,051338,6
22918,2361,قلعه گاه,352046,6
22919,2361,گوزه,352047,6
22920,2361,لاقلا,352048,6
22921,2361,ایمان,352950,6
22922,2361,دره ریزان,805035,6
22923,2362,جامیشان سفلی,048188,6
22924,2362,جامیشان علیا,048189,6
22925,2362,مزرعه چالاب,048190,6
22926,2362,مزرعه چشمه نظر,048196,6
22927,2362,چوبینه,048197,6
22928,2362,دره خلیل,048203,6
22929,2362,زحمانی,048207,6
22930,2362,سلطان آباد,048211,6
22931,2362,شاه ویس آباد,048214,6
22932,2362,شوربلاغ,048217,6
22933,2362,قره قاج,048224,6
22934,2362,قنداب سفلی,048238,6
22935,2362,قنداب علیا,048239,6
22936,2362,کیجی دره,048240,6
22937,2362,محمدآباد,048242,6
22938,2362,مویینه,048247,6
22939,2362,اشرف آباد,048693,6
22940,2362,بلشت,048700,6
22941,2362,پشت کلان,048706,6
22942,2362,پویان,048708,6
22943,2362,حرین,048724,6
22944,2362,سادول,048742,6
22945,2362,سربرزه,048748,6
22946,2362,سرتخت,048749,6
22947,2362,سنگ سفید,048755,6
22948,2362,سیاه دره,048759,6
22949,2362,شاهپوراباد,048760,6
22950,2362,قلعه سبزی,048768,6
22951,2362,قزل دره,048774,6
22952,2362,مزرعه کانی کبود,048780,6
22953,2362,کلکان افتابرو,048784,6
22954,2362,کلکان نسار,048785,6
22955,2362,کوره,048789,6
22956,2362,مله بید,048806,6
22957,2362,مزرعه گزنه تر,350866,6
22958,2362,مزرعه فتح اله بیگی,350870,6
22959,2362,عبدل محمد,350871,6
22960,2362,امامزاده شاه محمد,351772,6
22961,2363,دستجرده علیا,048127,6
22962,2363,ارمنی جان,048171,6
22963,2363,امیرآباد,048176,6
22964,2363,امین آباد,048177,6
22965,2363,بابا کمال,048179,6
22966,2363,بالاجوب,048180,6
22967,2363,پیرقاسم,048183,6
22968,2363,تعاونی 46,048187,6
22969,2363,چراغ آباد,048191,6
22970,2363,حسن آبادسفلی,048199,6
22971,2363,حسن آبادعلیا,048200,6
22972,2363,خدراباد,048201,6
22973,2363,ده خانجان,048205,6
22974,2363,رشیداباد,048206,6
22975,2363,زیباجوب,048208,6
22976,2363,سفیدخانی,048210,6
22977,2363,سیدشهاب,048213,6
22978,2363,شاهمار,048215,6
22979,2363,شیرخان,048218,6
22980,2363,طاهراباد,048219,6
22981,2363,قلعه دهخانجان,048226,6
22982,2363,کرکسار,048231,6
22983,2363,کله جوب درتنگ,048232,6
22984,2363,کله جوب علیا,048233,6
22985,2363,گیلانه,048241,6
22986,2363,هریله,048249,6
22987,2363,ینگیجه,048250,6
22988,2363,احمدآباد,048370,6
22989,2363,احمد آباد مله ماس,048371,6
22990,2363,تینموسفلی,048374,6
22991,2363,تینموعلیا,048375,6
22992,2363,جباراباد,048376,6
22993,2363,جیحون آباد,048377,6
22994,2363,چمه,048379,6
22995,2363,دستجرده سفلی,048380,6
22996,2363,ده اسیاب,048381,6
22997,2363,عزیزآباد,048385,6
22998,2363,قیطاس آباد,048386,6
22999,2363,کاکاوند,048387,6
23000,2363,کرج,048390,6
23001,2363,گونبان,048392,6
23002,2363,محمدابادبانمله,048393,6
23003,2363,مریمنگار,048394,6
23004,2363,دوآبان,048395,6
23005,2363,مزرعه نظراباد,048396,6
23006,2363,میرطاهر,048397,6
23007,2363,محمودآباد,048398,6
23008,2363,کارخانه دانه بندی شن,351777,6
23009,2363,چالاب قجر,352186,6
23010,2363,مزرعه دولت آباد,352925,6
23011,2363,مزرعه عالی سیاه,352926,6
23012,2363,امامزاده اله,805024,6
23013,2363,مرزعه عزیز آباد,805025,6
23014,2364,ازناب سفلی,048172,6
23015,2364,ازناب علیا,048173,6
23016,2364,اسلام آباد بزه رود,048174,6
23017,2364,امیرآباد,048175,6
23018,2364,پریان,048182,6
23019,2364,تازه آباد,048184,6
23020,2364,ترازوبره,048186,6
23021,2364,چشمه الوچه,048192,6
23022,2364,چشمه بیگلر,048193,6
23023,2364,چشمه غلام ویس,048194,6
23024,2364,چشمه قنبر,048195,6
23025,2364,حجت آباد,048198,6
23026,2364,خلیل اله,048202,6
23027,2364,سرچمن,048209,6
23028,2364,سیاه خانی,048212,6
23029,2364,شریف آباد,048216,6
23030,2364,علی آباد,048222,6
23031,2364,قروجنگ,048223,6
23032,2364,قلعه بزه رود,048225,6
23033,2364,کرتویج سفلی,048228,6
23034,2364,کرتویج علیا,048229,6
23035,2364,کندوله,048234,6
23036,2364,کنگ,048235,6
23037,2364,کهریز,048236,6
23038,2364,گرماب,048237,6
23039,2364,مزرعه عثمان دره,048244,6
23040,2364,ملحانه,048246,6
23041,2364,کری زاغه,048961,6
23042,2364,امامزاده پیریافته,351778,6
23043,2364,پایگاه جنگلبانی,351779,6
23044,2365,پیرسراب,048125,6
23045,2365,حسین آباد,048126,6
23046,2365,دواب,048128,6
23047,2365,سردهلق,048131,6
23048,2365,عزیزآباد,048132,6
23049,2365,قشلاق علیا,048133,6
23050,2365,مزرعه قشلاق وسطی,048134,6
23051,2365,کریم آباد,048135,6
23052,2365,اسلام آبادسفلی,048136,6
23053,2365,اسلام آبادعلیا,048137,6
23054,2365,گرگلان,048138,6
23055,2365,گرگه بیشه سفلی,048139,6
23056,2365,گرگه بیشه علیا,048140,6
23057,2365,کل گدار,048141,6
23058,2365,مزرعه دهلق بالا,048142,6
23059,2365,دهلقین,048143,6
23060,2365,مزرعه قشلاق سفلی,048144,6
23061,2365,منجق تپه,048145,6
23062,2365,هالان,048146,6
23063,2365,همت آباد,048147,6
23064,2365,بکترسفلی,048372,6
23065,2365,بکترعلیا,048373,6
23066,2365,سماقستان سفلی,048383,6
23067,2365,سماقستان علیا,048384,6
23068,2365,کپرگه,048388,6
23069,2365,گلم کبود,048391,6
23070,2366,چم سرخ,047903,6
23071,2366,چنار شوه,047912,6
23072,2366,مزرعه دره نظر,047916,6
23073,2366,سراسیاب,047922,6
23074,2366,سیاه چقا,047932,6
23075,2366,عامله,047942,6
23076,2366,علی آبادگروس,047946,6
23077,2366,عین القاص,047950,6
23078,2366,گروس سفلی,047975,6
23079,2366,گروس علیا,047976,6
23080,2366,بیدسرخ,048334,6
23081,2366,درکه,048335,6
23082,2366,درویشان,048336,6
23083,2366,دره مران,048337,6
23084,2366,دهمرادخان,048338,6
23085,2366,سراب,048339,6
23086,2366,علی آباد,048341,6
23087,2366,قشلاق حمامدره,048342,6
23088,2366,قشلاق کلیددره,048343,6
23089,2366,لولان,048347,6
23090,2366,راهدارخانه,805021,6
23091,2367,ارگنه سفلی,047875,6
23092,2367,ارگنه علیا,047876,6
23093,2367,مزرعه اسداباد,047878,6
23094,2367,ایلخانی آباد,047880,6
23095,2367,بابان آباد,047881,6
23096,2367,تخت شیرین,047896,6
23097,2367,چرخاب,047904,6
23098,2367,چشمه حیدر,047905,6
23099,2367,چشمه قادر,047907,6
23100,2367,چقاجانعلی,047910,6
23101,2367,سرخه میری,047923,6
23102,2367,علی گرزان سفلی,047947,6
23103,2367,علی گرزان علیا,047948,6
23104,2367,عمارت,047949,6
23105,2367,گاودانه گدار,047971,6
23106,2367,گاوکل قلعه,047972,6
23107,2367,گاوکل علیا,047973,6
23108,2367,لرخانی,047978,6
23109,2367,مال امیری سفلی,047980,6
23110,2367,مال امیری علیا,047981,6
23111,2367,محمود آباد,047986,6
23112,2367,یک جفتی,047997,6
23113,2367,یکدانگی,047998,6
23114,2368,اب باریک شمالی,047874,6
23115,2368,اهنگران,047879,6
23116,2368,بدربان,047884,6
23117,2368,پاقلعه,047894,6
23118,2368,چقاگلان,047911,6
23119,2368,حسین آباد,047913,6
23120,2368,دولتاباد,047917,6
23121,2368,سردارآباد,047924,6
23122,2368,سفیدچقا,047925,6
23123,2368,سمنگان سفلی,047927,6
23124,2368,سمنگان علیا,047928,6
23125,2368,سنگچین,047930,6
23126,2368,شریف آباد,047933,6
23127,2368,شیخی آبادسفلی,047938,6
23128,2368,شیخی آباد علیا,047939,6
23129,2368,عباس آباد,047943,6
23130,2368,قشلاق,047953,6
23131,2368,قشلاق صید ناصر,047958,6
23132,2368,کاوس,047966,6
23133,2368,محمودابادزرداب,047984,6
23134,2368,نصرت آباد,047994,6
23135,2368,هاشم آباد,047995,6
23136,2368,الهیه,048332,6
23137,2368,شاهسون,048340,6
23138,2368,میرعزیزی,048349,6
23139,2368,اب باریک جنوبی,351000,6
23140,2368,امامزاده عباس,352189,6
23141,2368,شهرک صنعتی بیستون,353176,6
23142,2368,پست برق منطقه ای غرب 63 کیلوولت صحنه,805020,6
23143,2369,ازان وازان,047877,6
23144,2369,باقراباد,047883,6
23145,2369,برافتاب,047885,6
23146,2369,برناج,047886,6
23147,2369,بزن آبادسفلی,047887,6
23148,2369,بزن آبادعلیا,047888,6
23149,2369,بلوردی قدیم,047890,6
23150,2369,چم بطان سفلی,047891,6
23151,2369,پاتپه,047893,6
23152,2369,جلیلوند,047900,6
23153,2369,جهانشاه آباد,047901,6
23154,2369,چم بطان علیا,047902,6
23155,2369,چشمه سهراب,047906,6
23156,2369,چشمه کبود,047908,6
23157,2369,چشمه کره,047909,6
23158,2369,حسین آباددرتنگ,047914,6
23159,2369,حیدرآباد,047915,6
23160,2369,زرداب محب,047918,6
23161,2369,سراب برناج,047921,6
23162,2369,مبارک آباد,047926,6
23163,2369,سنقراباد,047929,6
23164,2369,ظلم آبادسفلی,047940,6
23165,2369,ظلم آبادعلیا,047941,6
23166,2369,علی آباد,047944,6
23167,2369,علی آبادکاشانتو,047945,6
23168,2369,فراش,047951,6
23169,2369,قره ولی,047952,6
23170,2369,قشلاق بزن آباد,047954,6
23171,2369,قشلاق دریاچه,047955,6
23172,2369,قشلاق سفلی,047957,6
23173,2369,قشلاق علیا,047959,6
23174,2369,قوزیوند,047960,6
23175,2369,قیطول,047961,6
23176,2369,کاشانتو,047965,6
23177,2369,کمپراهداری,047968,6
23178,2369,کمیجه,047969,6
23179,2369,گرگوند,047974,6
23180,2369,گوهره,047977,6
23181,2369,مارانتو,047979,6
23182,2369,مال امیری حاج سعادت کرم,047982,6
23183,2369,محمدآباد,047983,6
23184,2369,محمودابادکاشانتو,047985,6
23185,2369,نادراباد,047991,6
23186,2369,نازلیان,047992,6
23187,2369,نجوبران,047993,6
23188,2369,هریل آباد,047996,6
23189,2369,تلخاب,048950,6
23190,2369,داروند,048953,6
23191,2369,زالواب,048955,6
23192,2369,قلعه علی,048959,6
23193,2369,قلعه گاه,048960,6
23194,2369,پادگان کربلا,351786,6
23195,2369,مزرعه فیروزان,352179,6
23196,2369,مجتمع پتروشیمی کرمانشاه,353158,6
23197,2370,پشت تنگ چناران,050345,6
23198,2370,چشمه بیگی,050352,6
23199,2370,چهر,050359,6
23200,2370,سرماج حسین خانی,050371,6
23201,2370,سرماج کرمی,050372,6
23202,2370,سیردوله,050376,6
23203,2370,شادابادسفلی,050377,6
23204,2370,شادابادعلیا,050378,6
23205,2370,شمس آباد,050379,6
23206,2370,عزیزآباد,050381,6
23207,2370,علی آباد,050382,6
23208,2370,قلعه محمدعلی,050384,6
23209,2370,گرمیانک,050394,6
23210,2371,اسحق وندسفلی,050330,6
23211,2371,اسحق وندعلیا,050331,6
23212,2371,باباعلی,050336,6
23213,2371,باغ زینب,050337,6
23214,2371,باقله,050338,6
23215,2371,بالندرسفلی,050339,6
23216,2371,برافتاب,050340,6
23217,2371,جلوگیرنگه,050347,6
23218,2371,جوجار,050348,6
23219,2371,چم حیدر,050349,6
23220,2371,چم شاهی,050350,6
23221,2371,چم کبود,050351,6
23222,2371,چشمه کبود,050353,6
23223,2371,چمن اسماعیل,050357,6
23224,2371,چنار,050358,6
23225,2371,دوراباد,050363,6
23226,2371,ده نو,050364,6
23227,2371,سراسیاب,050367,6
23228,2371,سرخه ده,050369,6
23229,2371,سرخه وند,050370,6
23230,2371,کرفله,050387,6
23231,2371,کله هو,050391,6
23232,2371,گرمابه,050393,6
23233,2371,گره بان,050395,6
23234,2371,گنجوان,050396,6
23235,2371,میدان,050409,6
23236,2371,میرمنگه,050410,6
23237,2371,پشت گله سفلی,221768,6
23238,2371,پشت گله علیا,221769,6
23239,2371,پشت گله وسطی,221770,6
23240,2371,چله خانی,221802,6
23241,2371,قوطی دره بالا,221870,6
23242,2371,قوطی دره پایین,221871,6
23243,2371,کماسی سفلی,221879,6
23244,2371,کماسی علیا,221880,6
23245,2371,کماسی وسطی,221881,6
23246,2371,حجت آباد,350917,6
23247,2371,پاسار,350918,6
23248,2371,بالندرعلیا,350919,6
23249,2372,سرابادیه سفلی,047919,6
23250,2372,سرابادیه علیا,047920,6
23251,2372,الیاسوندسفلی,050332,6
23252,2372,الیاسوندعلیا,050333,6
23253,2372,انجیرک,050334,6
23254,2372,بابازید,050335,6
23255,2372,پریوه سفلی,050343,6
23256,2372,تمرک,050346,6
23257,2372,چشمه مهدی,050354,6
23258,2372,چقاسعید,050355,6
23259,2372,چقاکبود,050356,6
23260,2372,حسن بقعه,050360,6
23261,2372,داودی سفلی,050361,6
23262,2372,داودی علیا,050362,6
23263,2372,زازم سفلی,050365,6
23264,2372,زازم علیا,050366,6
23265,2372,سرانجیرک,050368,6
23266,2372,سعدوندسفلی,050373,6
23267,2372,سعد وند علیا,050374,6
23268,2372,سنجابیدرایگان,050375,6
23269,2372,صوفی وند,050380,6
23270,2372,مزرعه علی آباد,050383,6
23271,2372,قملیجه,050385,6
23272,2372,قیسوند,050386,6
23273,2372,کلکوشوندعلیا,050388,6
23274,2372,کلکوشوندوسطی,050389,6
23275,2372,کلکوشوندسفلی,050390,6
23276,2372,کهریزعلیا,050392,6
23277,2372,مزرعه خرخر,050400,6
23278,2372,قلعه جوق,050401,6
23279,2372,کاهرنگی,050402,6
23280,2372,مزرعه کهریزسفلی,050403,6
23281,2372,مزرعه میان تنگ سفلی,050404,6
23282,2372,مزرعه میان تنگ علیا,050405,6
23283,2372,مزرعه میان تنگ وسطی,050406,6
23284,2372,مله حسن بقعه,050407,6
23285,2372,مله ولی,050408,6
23286,2372,قلی آباد,050411,6
23287,2372,پریوه علیا,350333,6
23288,2372,شهرک صنعتی,805009,6
23289,2372,علی آباد حاتمی,805030,6
23290,2373,آب سرخ,050786,6
23291,2373,اشکی,050789,6
23292,2373,بانی پاریاب,050793,6
23293,2373,بانی نار,050796,6
23294,2373,بانی هو,050797,6
23295,2373,پشتگور چقاماران,050807,6
23296,2373,تاکانه,050815,6
23297,2373,تیره عالی,050822,6
23298,2373,جاسوسکه,050823,6
23299,2373,جیور,050827,6
23300,2373,چقاماران برگور,050835,6
23301,2373,چوپانکاره,050836,6
23302,2373,حرمیان سفلی,050839,6
23303,2373,حرمیان علیا,050840,6
23304,2373,مزرعه هوله قوچالی,050847,6
23305,2373,خدامروت,050849,6
23306,2373,خسروباشه,050850,6
23307,2373,درمی سفلی,050857,6
23308,2373,دستگردی,050860,6
23309,2373,ده شیخ,050873,6
23310,2373,ده هوله سفلی,050874,6
23311,2373,ده هوله علیا,050875,6
23312,2373,رویله,050876,6
23313,2373,سرخه ده,050885,6
23314,2373,سرطاویره,050886,6
23315,2373,سرگوراز,050887,6
23316,2373,سه تپان,050893,6
23317,2373,شیخ سله,050902,6
23318,2373,ظلم سور,050903,6
23319,2373,قالیچه,050912,6
23320,2373,کانی خنجر,050919,6
23321,2373,کتکه,050922,6
23322,2373,کزه ای ملاسبحان,050927,6
23323,2373,کلاه سیاه,050929,6
23324,2373,کولی هور,050933,6
23325,2373,کیسله,050934,6
23326,2373,گزنه,050940,6
23327,2373,مارگیر,050943,6
23328,2373,میدان نمک سفلی,050966,6
23329,2373,میدان نمک علیا,050967,6
23330,2373,نگه,050970,6
23331,2373,نهنگ,050971,6
23332,2373,گردی قاسم خانی (نیمه کاره),050974,6
23333,2373,وانی سر,050976,6
23334,2373,هفت کانی,050979,6
23335,2373,کانی رش,050982,6
23336,2373,بخش نوخاص,051269,6
23337,2373,سیاناب پرآب,051292,6
23338,2373,علی خانی,051295,6
23339,2373,هماجگه,051332,6
23340,2373,مجتمع میدان نمک,352100,6
23341,2373,تله توت,352101,6
23342,2373,سردسیر فرامرز,353182,6
23343,2373,خازنک,805004,6
23344,2373,درمی علیا,805005,6
23345,2373,حرمیان جدید,805036,6
23346,2374,ایینه وند,046664,6
23347,2374,بان لوریان رحیم,046665,6
23348,2374,پالان علیا,046673,6
23349,2374,پالان نرگس,046674,6
23350,2374,چم زرشک سفلی,046676,6
23351,2374,چم زرشک علیا,046677,6
23352,2374,حسن گاویار,046679,6
23353,2374,پالان سفلی,046688,6
23354,2374,مزرعه سفره بانو,046690,6
23355,2374,کانی مصطفی بیگ,046697,6
23356,2374,مرزلان محمدمراد,046698,6
23357,2374,انجیر بوس بالا,050791,6
23358,2374,انجیر بوس پایین,050792,6
23359,2374,تازه آبادامین,050810,6
23360,2374,تله توت,050819,6
23361,2374,تنگه ویشه,050821,6
23362,2374,خورنین,050853,6
23363,2374,دواب,050866,6
23364,2374,زیارت تمرخان,050880,6
23365,2374,قلقله,050914,6
23366,2374,کانی دانیال,050920,6
23367,2374,کریشه سفلی,050939,6
23368,2374,مزرعه تازه آباد عبدالقادر,050948,6
23369,2374,مزرعه ده مجنون,050951,6
23370,2374,مزرعه قجر,050953,6
23371,2374,مزرعه قلقله سفلی,050954,6
23372,2374,مزرعه کریشه علیا,050955,6
23373,2374,مزرعه گوگرد,050956,6
23374,2374,میدان طفلی,050965,6
23375,2374,قوله رش والی سبزه,352192,6
23376,2374,پل علی اکبرخان,352193,6
23377,2374,سهراب عزیزی,352295,6
23378,2374,چم لمه عثمان,352297,6
23379,2374,ده عباس,352961,6
23380,2374,چم زرشک اسپری,352962,6
23381,2374,چم زرشک چقاویان,352963,6
23382,2374,قمان خدا نظر,805003,6
23383,2374,مزرعه گره کبود مالک اشتر,805011,6
23384,2374,دارمازله,805037,6
23385,2375,قره ژاله مهرعلی,351991,6
23386,2375,بان اخ ویس امام حسن,351992,6
23387,2375,داره لار علی جان,351993,6
23388,2375,گردل گاری علی اقا,351994,6
23389,2375,تازه آبادگردل گاری,351995,6
23390,2375,دارنیله عزیز,351997,6
23391,2375,دره اسیاب رشید,351998,6
23392,2375,غازان دول عبداله,351999,6
23393,2375,مله کرمینه شاهمراد,352000,6
23394,2375,کلاوه گاری,352001,6
23395,2375,داره لارعبدالکریم,352002,6
23396,2375,غازان دول علیمراد,352003,6
23397,2375,دارنیله اسکندر,352004,6
23398,2375,ژالان شاهگل فرهاد,352005,6
23399,2375,پشت پله ژاله امین,352006,6
23400,2375,تازه آبادگاری خان محمد,352008,6
23401,2375,پوکه عباس,352009,6
23402,2375,تپه کبود حسن,352010,6
23403,2375,تپه کبودسفلی عبدلمحمد,352011,6
23404,2375,عبدلان میرکی,352012,6
23405,2375,نقده علیا,352013,6
23406,2375,پشت تنگ گاری,352014,6
23407,2375,کلاوه میرکی,352015,6
23408,2375,سیوانه علیاامین,352016,6
23409,2375,سیوانه سه تیان,352017,6
23410,2375,سیوانه دارچک,352018,6
23411,2375,علی اقایی بالایی بانی چنور,352019,6
23412,2375,کانی دزانه حاجی حسین,352020,6
23413,2375,کاک میرکی,352021,6
23414,2375,تق تق علی آقایی,352022,6
23415,2375,داری زنگنه سفلی,352023,6
23416,2375,دره ژاله سفلی,352026,6
23417,2375,دره ژاله علیا,352027,6
23418,2375,داری زنگنه شیخ حسن,352028,6
23419,2375,قلانیه علیا,352029,6
23420,2375,قلانیه سفلی,352030,6
23421,2375,زلانی,352032,6
23422,2375,اسپر مصطفی خان (بر اسپر),352033,6
23423,2375,اسپربارانی,352034,6
23424,2375,ژاله کوسه,352035,6
23425,2375,نقده سفلی,352036,6
23426,2375,مزرعه کانی کریم یار ولی,352102,6
23427,2375,پلک مله کرمینه,352103,6
23428,2375,ژالان تپه کاکه عزیز,352104,6
23429,2375,هوش گوه سید محمد ورضا علی,352105,6
23430,2375,سورمر,353082,6
23431,2375,بان آخ ویس براخاص,353143,6
23432,2375,خور نوکیان,353179,6
23433,2375,قیطول,353181,6
23434,2375,دربنددهل,353183,6
23435,2375,دوله خشک عزیز,353184,6
23436,2375,بانگار علیا,353188,6
23437,2375,بانگار سفلی,353189,6
23438,2375,بارنگارعزیز,353190,6
23439,2375,کوری,353191,6
23440,2375,مجتمع امام علی,805010,6
23441,2375,ملا بلدین عبدالمحمد,805041,6
23442,2376,تپان,050816,6
23443,2376,تپه خرگوشان,050817,6
23444,2376,حلول,050845,6
23445,2376,حوض شیخ زمکان,050846,6
23446,2376,دشتی لیل حسین آباد,050862,6
23447,2376,زمکان علیا,050879,6
23448,2376,شاه گدارزمکان,050896,6
23449,2376,بناوچ,050897,6
23450,2376,عبداله خاکی علیا,050904,6
23451,2376,عبداله خاکی سفلی,050905,6
23452,2376,عزیزابادبناوج,050906,6
23453,2376,قاپ قلی,050911,6
23454,2376,کچل آباد,050923,6
23455,2376,مزرعه دشتی له,050950,6
23456,2376,مزرعه ولین,050959,6
23457,2376,مله اواره,050961,6
23458,2376,نیرژسفلی,050972,6
23459,2376,نیرژعلیا,050973,6
23460,2376,نیمه کاره,050975,6
23461,2377,آلوینه گر,050787,6
23462,2377,انار,050790,6
23463,2377,دواله برگله,050801,6
23464,2377,بستان آباد,050802,6
23465,2377,پشت گله ماده زاران,050806,6
23466,2377,تپه کبود,050818,6
23467,2377,جنگله سفلی,050824,6
23468,2377,جنگله علیا,050825,6
23469,2377,جوجار دشتی حر,050826,6
23470,2377,چم رود,050828,6
23471,2377,چهاردیوار,050838,6
23472,2377,حشمر,050844,6
23473,2377,خمگران,050852,6
23474,2377,درنه,050859,6
23475,2377,دنگی,050864,6
23476,2377,دواب چم خرطلا,050865,6
23477,2377,دواله بان میری,050867,6
23478,2377,دواله پایین,050868,6
23479,2377,سراب برده زنجیرعلیا,050883,6
23480,2377,لاسوار,050889,6
23481,2377,تمر خان,050908,6
23482,2377,کالوین,050916,6
23483,2377,کانی بی خیر,050917,6
23484,2377,کزه,050926,6
23485,2377,گنانی,050932,6
23486,2377,گرم دره,050938,6
23487,2377,مله توت,050962,6
23488,2377,ویله مله رش,050963,6
23489,2377,میدانه,050968,6
23490,2377,ورگرساروند,050977,6
23491,2377,هاله سیاه,050978,6
23492,2377,سراب برده زنجیرسفلی,050981,6
23493,2377,گوگاه,352098,6
23494,2377,سکوی تله توت,352930,6
23495,2377,مزرعه کزی,352964,6
23496,2377,مله کبود,353099,6
23497,2377,بژی,805038,6
23498,2377,مله میدان,805039,6
23499,2377,اورازه جدید,805040,6
23500,2378,کارخانه ایل رستم,046663,6
23501,2378,بانی بید,046666,6
23502,2378,بروندسفلی,046667,6
23503,2378,بروندعلیا,046668,6
23504,2378,دیوگه بی بیان,046669,6
23505,2378,بیامه سفلی,046670,6
23506,2378,بیامه علیا,046671,6
23507,2378,بریشاه خوبیار,046672,6
23508,2378,چالاب قتکه بارس,046675,6
23509,2378,خیل سبزه,046680,6
23510,2378,خیل موالی نجف,046681,6
23511,2378,دشت مورت سفلی,046683,6
23512,2378,دشت مورت علیا,046684,6
23513,2378,دنگه خدایار,046685,6
23514,2378,دوشمیان,046686,6
23515,2378,زاغه دشت مورت,046689,6
23516,2378,شویل صادق خان,046691,6
23517,2378,عبدالکریم بارس,046692,6
23518,2378,قلعه زنجیرسفلی,046693,6
23519,2378,قلعه زنجیرعلیا,046694,6
23520,2378,گردکان کوره شهباز,046695,6
23521,2378,گزن,046696,6
23522,2378,میرهواریاری,046699,6
23523,2378,بان سولاب شیرمحمد,046815,6
23524,2378,بان سولاب کلب علی,046816,6
23525,2378,بان سولاب حاتم,046817,6
23526,2378,بان شیروان تفنگچی,046818,6
23527,2378,بان یاران تیمور,046821,6
23528,2378,بان یاران میرزاحسین,046823,6
23529,2378,بان سولاب ناوخاص,046824,6
23530,2378,بریشاه بیگ مراد,046825,6
23531,2378,بیرقوند,046827,6
23532,2378,بیله هوسفلی,046828,6
23533,2378,بیله هوعلیا,046829,6
23534,2378,بی نهرسفلی,046831,6
23535,2378,بی نهرعلیا,046832,6
23536,2378,تازه آباد شاهگدار,046835,6
23537,2378,تازه آباد شایگان,046836,6
23538,2378,کامران مولایی,046837,6
23539,2378,درمران سفلی,046864,6
23540,2378,درمران علیا,046865,6
23541,2378,دره نیجه,046866,6
23542,2378,درویت,046867,6
23543,2378,زاوله سفلی,046870,6
23544,2378,زاوله علیا,046871,6
23545,2378,علی بارانی,046887,6
23546,2378,دومی زر,046888,6
23547,2378,کامران بیگ رضا,046891,6
23548,2378,کامران رحمان,046892,6
23549,2378,گورگاورز,046909,6
23550,2378,مزرعه تمبر,046912,6
23551,2378,مزرعه کوهالی,046914,6
23552,2378,مله یعقوب,046918,6
23553,2378,داره رش محمدسلطان,351686,6
23554,2379,باباشاه احمد,046809,6
23555,2379,بان زلانی علیا,046812,6
23556,2379,بان سوله شیرزاد,046814,6
23557,2379,بان نخود,046819,6
23558,2379,بان یاران امیرحق مراد,046820,6
23559,2379,بان یاران عزیزمراد,046822,6
23560,2379,بریه خانی,046826,6
23561,2379,بیموش,046830,6
23562,2379,قلعه قاضی پشت بند,046833,6
23563,2379,تازه آبادپشت تنگ شاهمار,046834,6
23564,2379,تختگاه صورت خانم,046840,6
23565,2379,تختگاه جهانبخش,046841,6
23566,2379,تختگاه حسین سلطان,046843,6
23567,2379,ترکه سفلی,046844,6
23568,2379,توتشامی,046845,6
23569,2379,توکان,046846,6
23570,2379,جاماسب,046847,6
23571,2379,چغا بور دارابی,046848,6
23572,2379,چغابوررحمان,046849,6
23573,2379,چغابورعیسی,046850,6
23574,2379,چغابورکاکی,046851,6
23575,2379,سراب سید یعقوب,046855,6
23576,2379,چقاچوبین,046856,6
23577,2379,خله کوش سفلی,046857,6
23578,2379,خله کوش علیا,046858,6
23579,2379,خلیفه ها,046859,6
23580,2379,درگه,046863,6
23581,2379,روکوان,046869,6
23582,2379,زوله,046872,6
23583,2379,سراسیاب,046873,6
23584,2379,سرتختکا,046874,6
23585,2379,شاه ماربابامراد,046878,6
23586,2379,شاه مارمیرزامراد,046879,6
23587,2379,صفرشاه,046881,6
23588,2379,علیکه,046885,6
23589,2379,قلعه قاضی سفلی,046889,6
23590,2379,قلعه قاضی علیا,046890,6
23591,2379,کبودجوب علیا,046893,6
23592,2379,کچکبل سفلی,046895,6
23593,2379,کچکبل علیا,046896,6
23594,2379,کلینه,046898,6
23595,2379,کنه رشید الگه,046899,6
23596,2379,کنه رشیدباباخان,046900,6
23597,2379,کنه رشیدعرب,046902,6
23598,2379,کنه رشیدگل مراد,046903,6
23599,2379,گل انجیر,046904,6
23600,2379,گوراجوب زیدعلی,046905,6
23601,2379,گوراجوب قشلاق,046906,6
23602,2379,گوراجوب باباکرم,046907,6
23603,2379,گوراجوب مرادبیگ,046908,6
23604,2379,مزرعه ترکه علیا,046911,6
23605,2379,همه ایاز,046915,6
23606,2379,مله کبود,046917,6
23607,2379,نرژی,046920,6
23608,2379,نیلک,046921,6
23609,2379,ویله,046923,6
23610,2379,هیورود,046924,6
23611,2379,چشمه سفید,350051,6
23612,2379,کنه رشیدذغال دان,350053,6
23613,2379,بان زلانی سفلی,351763,6
23614,2379,تختگاه صفی سلطان,353098,6
23615,2379,مجتمع گاو شیری گهواره,805019,6
23616,2380,ژالگه حسین,046588,6
23617,2380,امامزاده داود,046589,6
23618,2380,امامزاده بابا یادگار,046592,6
23619,2380,داراب,046594,6
23620,2380,دره لرز ریجاب,046596,6
23621,2380,زرده,046597,6
23622,2380,سیدمحمد,046598,6
23623,2380,قلقله,046601,6
23624,2380,کوشکری,046602,6
23625,2380,یاران,046603,6
23626,2381,اجاق قلی,046624,6
23627,2381,آسیاب تنوره,046625,6
23628,2381,بیامه,046626,6
23629,2381,پادگان امام خمینی,046627,6
23630,2381,چالاب یارقلی,046628,6
23631,2381,چقامیرگه,046629,6
23632,2381,ده جامی,046630,6
23633,2381,ده کهنه,046631,6
23634,2381,ده لطیفه,046632,6
23635,2381,ریسانی,046633,6
23636,2381,سرتنگ,046634,6
23637,2381,سیدباقر,046635,6
23638,2381,شیخ حسن,046636,6
23639,2381,کنه هر,046637,6
23640,2381,مزرعه رستم علی,046638,6
23641,2381,قوشچی باشی,046639,6
23642,2381,مزرعه گرگه چقا,046640,6
23643,2381,مملی کلاشی,046641,6
23644,2381,ویله,046642,6
23645,2381,مزرعه رضاعلی,350078,6
23646,2382,ایستگاه تقویت تلویزیون,046738,6
23647,2382,ایستگاه مخابرات سرخه دیزه,046739,6
23648,2382,ایستگاه مخابراتی کرند,046740,6
23649,2382,پاسگاه نیروی انتظامی بالاطاق,046741,6
23650,2382,پشت تنگ اسماعیل بیگ,046742,6
23651,2382,پمپاژنفت,046743,6
23652,2382,چشمه سفید,046744,6
23653,2382,چقاکوچکینه,046745,6
23654,2382,حریر,046746,6
23655,2382,حصیل قنبره,046747,6
23656,2382,خسرواباد,046748,6
23657,2382,سرچقا,046750,6
23658,2382,سرخه دیزه,046751,6
23659,2382,سرمیل,046752,6
23660,2382,سلیمان آباد,046753,6
23661,2382,شیره چقا,046755,6
23662,2382,طلسم,046756,6
23663,2382,گاودانه خور,046760,6
23664,2382,گاوسور,046761,6
23665,2382,جسر,046762,6
23666,2382,مزرعه چهل گزی,046763,6
23667,2382,زرد آباد,046764,6
23668,2382,مزرعه کوکاب,046765,6
23669,2382,مزرعه کپنگ سفید,046766,6
23670,2382,مزرعه میشله,046767,6
23671,2382,میان تنگ,046768,6
23672,2382,ورگنبد,046769,6
23673,2382,هلته,046770,6
23674,2382,هوکانی سفلی,046771,6
23675,2382,هوکانی علیا,046772,6
23676,2382,آواره های بلوان,351684,6
23677,2382,شهرک هلته,351761,6
23678,2382,علی آباد بابا جانی,351762,6
23679,2383,بزگوره,051418,6
23680,2383,ده لیلی,051446,6
23681,2383,شبان کاره,051456,6
23682,2383,قوری قلعه,051468,6
23683,2383,لورابی,051484,6
23684,2383,مزرعه هدگه,051503,6
23685,2383,نوخان,051505,6
23686,2383,بنچله,051625,6
23687,2384,تازه آبادسریاس,051426,6
23688,2384,چلانه علیا,051432,6
23689,2384,چلانه سفلی,051436,6
23690,2384,قلعه گاه,051466,6
23691,2384,مزرعه تبرگزین,051492,6
23692,2385,باباعزیز,051617,6
23693,2385,بانشله,051619,6
23694,2385,بدرآباد,051620,6
23695,2385,برهان الدین,051621,6
23696,2385,بله زین سفلی,051622,6
23697,2385,بله زین علیا,051623,6
23698,2385,بناوچ,051624,6
23699,2385,خانم آباد,051635,6
23700,2385,خراجیان,051637,6
23701,2385,دکل مخابراتی,051640,6
23702,2385,ده باوگه,051643,6
23703,2385,زیرجوبی,051646,6
23704,2385,سردم,051649,6
23705,2385,سلکان,051650,6
23706,2385,صادق آباد,051653,6
23707,2385,علی آباد,051654,6
23708,2385,قلانجه,051657,6
23709,2385,قلاین,051658,6
23710,2385,مزرعه کانی چرمو,051659,6
23711,2385,کانی خضران,051660,6
23712,2385,کانی کبود,051661,6
23713,2385,کانی کچکینه,051662,6
23714,2385,کلاوه,051664,6
23715,2385,گرگیدر,051667,6
23716,2385,مراداباد,051675,6
23717,2385,مزرعه بروداره,051678,6
23718,2385,مزرعه جابری,051680,6
23719,2385,مزرعه چشمه سفید,051681,6
23720,2385,مزرعه ده صفک,051685,6
23721,2385,مسکین آبادسفلی,051691,6
23722,2385,مسکین آبادعلیا,051692,6
23723,2385,مهرگان,051693,6
23724,2385,مزرعه روانسر,051695,6
23725,2385,دکل مخابرات,352931,6
23726,2385,شرکت پلاستیک سازی اورامان غرب,353104,6
23727,2385,شهرک کارگاه های صنعتی,805017,6
23728,2386,اسماعیل کل,047233,6
23729,2386,بیر داد,047244,6
23730,2386,تپه زرد,047252,6
23731,2386,جانجان,047255,6
23732,2386,حاجی آباد,047271,6
23733,2386,دامداری قلعه ذکریا,047278,6
23734,2386,دواب,047281,6
23735,2386,شوربلاغ,047303,6
23736,2386,عمراباد,047310,6
23737,2386,قلعه ذکریا,047315,6
23738,2386,گرازاباد,047332,6
23739,2386,گرگابی مصطفی,047333,6
23740,2386,گرگابی میرزاعلی,047334,6
23741,2386,اهنگران,048459,6
23742,2386,بزاولی,048463,6
23743,2386,غلامعلی بیگ,048478,6
23744,2386,سمنگان,048516,6
23745,2386,کانی شریف,048532,6
23746,2386,باباحیران,051616,6
23747,2386,تپه رش,051627,6
23748,2386,تپه کوییک,051628,6
23749,2386,تپه لری,051629,6
23750,2386,تم تم,051630,6
23751,2386,چشمه پنبه,051631,6
23752,2386,حسن آباد,051633,6
23753,2386,حسین آباد,051634,6
23754,2386,خرم آبادسفلی,051638,6
23755,2386,خرم آبادعلیا,051639,6
23756,2386,ده باغ,051642,6
23757,2386,ده ساده,051644,6
23758,2386,زرین چقا,051645,6
23759,2386,شالی آباد,051651,6
23760,2386,قلعه رضا,051656,6
23761,2386,کریم آباد,051663,6
23762,2386,کلاه کبود,051665,6
23763,2386,گوریان گورا,051671,6
23764,2386,گیج,051672,6
23765,2386,مزرعه حلاج آباد,051682,6
23766,2386,مزرعه خانی آباد,051683,6
23767,2386,مزرعه ده سرخ,051684,6
23768,2386,مزرعه شریف,051687,6
23769,2386,مزرعه کلاه آباد,051689,6
23770,2386,شرکت کشاورزی و دامپروری حسن آباد,351752,6
23771,2386,مزرعه ده رش,352095,6
23772,2386,میرعزیزی,352096,6
23773,2386,مرکز خدمات قلعه ذکریا,352940,6
23774,2386,شهرک صنعتی روانسر,353150,6
23775,2386,مجتمع شیمیایی بیستون,805016,6
23776,2387,بناوچکو,050803,6
23777,2387,پشت تنگ چشمه قلی جان,050805,6
23778,2387,تازه آبادمله ترشی,050813,6
23779,2387,پشت تنگ شاینگان,050820,6
23780,2387,چراغستان,050830,6
23781,2387,حسن آبادکره,050841,6
23782,2387,درگه,050856,6
23783,2387,ده سرخ,050872,6
23784,2387,رییس,050877,6
23785,2387,شان رش حاجی آباد,050895,6
23786,2387,شاینگان,050898,6
23787,2387,شش بیدسفلی,050899,6
23788,2387,شش بیدعلیا,050900,6
23789,2387,کره قلعه کهنه,050913,6
23790,2387,کانی پاشا,050918,6
23791,2387,کره قلعه سفید,050924,6
23792,2387,کزازی,050925,6
23793,2387,چناران /کناگرگ/,050931,6
23794,2387,کیلانبر سفلی,050936,6
23795,2387,کیلانبر علیا,050937,6
23796,2387,ماخوشین,050942,6
23797,2387,مزرعه بانچیا سفلی,051618,6
23798,2387,چشمه سفیدشبانکاره,051632,6
23799,2387,خانیله,051636,6
23800,2387,دولتاباد,051641,6
23801,2387,سراب گرم گراب,051647,6
23802,2387,سرابیان,051648,6
23803,2387,فیروزه,051655,6
23804,2387,گراب علیا,051666,6
23805,2387,مامنان سفلی,051673,6
23806,2387,مامنان علیا,051674,6
23807,2387,مزرعه بانگلان,051676,6
23808,2387,مزرعه بانچیاعلیا,051677,6
23809,2388,الیاسی,047234,6
23810,2388,باکلانی,047240,6
23811,2388,پیروزه,047246,6
23812,2388,تپه کل,047253,6
23813,2388,جبر آباد,047256,6
23814,2388,چقاشکر,047262,6
23815,2388,خیبر,047276,6
23816,2388,جان جان,047286,6
23817,2388,ده چراغ,047287,6
23818,2388,ده میراحمد,047288,6
23819,2388,روتوند,047290,6
23820,2388,زالواب,047291,6
23821,2388,سبزبلاغ,047295,6
23822,2388,مزرعه سیاه سیاه جمیل پناه,047298,6
23823,2388,شله,047302,6
23824,2388,قلعه خدا مروت خان,047314,6
23825,2388,قلعه فرج الله بیگ,047317,6
23826,2388,کچکینه,047324,6
23827,2388,کردوند,047325,6
23828,2388,کلاوه حیدر خان,047327,6
23829,2388,کندوله,047328,6
23830,2388,کلمت آباد,047337,6
23831,2388,لمینی,047343,6
23832,2388,لاچین,047344,6
23833,2388,ملکشاه,047355,6
23834,2388,نوروله سفلی,047365,6
23835,2388,نوروله علیا,047366,6
23836,2388,گمشترسفلی,051669,6
23837,2388,گمشترعلیا,051670,6
23838,2388,مزرعه کانی باغ,051688,6
23839,2388,نهرابی,051694,6
23840,2388,ولی آباد,350042,6
23841,2388,سیاه سیاه,351771,6
23842,2389,ابوخضراوی,054095,6
23843,2389,ابوشکر,054096,6
23844,2389,ابوعقاب,054097,6
23845,2389,ابوغزلان,054098,6
23846,2389,آلبوحمید,054099,6
23847,2389,خسروآباد,054101,6
23848,2389,کوت شنوف,054103,6
23849,2389,ابودیره,054104,6
23850,2389,نهرسلیم,054105,6
23851,2389,نهرعفادله,054106,6
23852,2389,نهرکوت,054107,6
23853,2389,ایستگاه رادیو و تلویزیون,364285,6
23854,2389,طرح تامین آب نخلستانهای آبادان,364286,6
23855,2389,خزعل آباد,364287,6
23856,2389,مرغداری غضبانی,364759,6
23857,2389,دامداری ثامن الحجج (ع),364760,6
23858,2389,ایستگاه عملیاتی هوا دریا,806047,6
23859,2389,مرغداری طاهر,806048,6
23860,2389,شرکت گلزار خوزستان,806049,6
23861,2389,شرکت ستاره دام آبادان,806050,6
23862,2389,پرواربندی شاکر هندالی,806051,6
23863,2389,مرغداری بغلانی,806495,6
23864,2389,مرغداری طعیمی,806496,6
23865,2389,دامداری جمشیدی,806498,6
23866,2389,پرورش ماهی بالدی,806499,6
23867,2389,شرکت نیک کارون خوزستان,806502,6
23868,2389,ایستگاه برق منیوحی,806514,6
23869,2390,ابوعراضه,054128,6
23870,2390,عراضه,054129,6
23871,2390,فرخ پی/سعدونی,054130,6
23872,2390,نقشه نصار,054131,6
23873,2390,نهر ابودهن,054132,6
23874,2390,نهر ابوشانک,054133,6
23875,2390,ابوصدرین,054134,6
23876,2390,ابوعبود,054135,6
23877,2390,نهر ابوعظیم,054136,6
23878,2390,نهر ابوفلفل,054137,6
23879,2390,نهر ازرق,054138,6
23880,2390,نهر عوج آلبوحیه,054139,6
23881,2390,نهر عوج آلبوصید,054140,6
23882,2390,نهر المساعدی,054141,6
23883,2390,نهر حمید,054142,6
23884,2390,نهر حمیسه,054143,6
23885,2390,رفیع,054145,6
23886,2390,نهر سن,054146,6
23887,2390,نهر سیدیوسف,054147,6
23888,2390,نهر طلیب,054148,6
23889,2390,نهر عریض,054149,6
23890,2390,نهر کریم,054150,6
23891,2390,نهر کوت,054151,6
23892,2390,نهر مچری نصار,054152,6
23893,2390,نهر محیسن,054153,6
23894,2390,نهر مسجد,054154,6
23895,2390,نهر ناصر,054155,6
23896,2390,پمپ بنزین شهدای والفجر,364507,6
23897,2390,ستاد گردان 759 ارتش,364509,6
23898,2390,شرکت تبرید محاسب,806039,6
23899,2390,پاسگاه شناور بهمنشیر,806503,6
23900,2391,بچاچره سفلی,054064,6
23901,2391,بچاچره علیا,054065,6
23902,2391,عیاش شنوف,054066,6
23903,2391,علم,054067,6
23904,2391,عوفی,054068,6
23905,2391,ناهی,054069,6
23906,2391,ابطر,054070,6
23907,2391,ابوفلوس,054071,6
23908,2391,نهر حاجی محمد,054072,6
23909,2391,قاسمیه,054073,6
23910,2391,نشمی,054074,6
23911,2391,نهر حاج علی,364288,6
23912,2391,پادگان دریایی,364289,6
23913,2391,پادگان دریایی,364290,6
23914,2391,پادگان دریایی سپاه,806052,6
23915,2391,پادگان تیپ تکاور ذوالفقار,806053,6
23916,2391,پاسگاه مرزی اسکله عیناوی,806054,6
23917,2391,اسکله صیادی فجر اروند,806055,6
23918,2392,ابوشانک/ شانک,054190,6
23919,2392,تنگه دو,054192,6
23920,2392,تنگه سه,054193,6
23921,2392,تنگه یک/ بهار تنگه,054194,6
23922,2392,دلگه,054199,6
23923,2392,رده سادات,054200,6
23924,2392,رده سیحان,054205,6
23925,2392,ملاکه,054212,6
23926,2392,پادگان شهید رجایی,361106,6
23927,2392,پادگان دریایی بهمنشیر,361108,6
23928,2392,تعمیرگاه شهید اسدی,364291,6
23929,2392,بندر چویبده/گمرک چویبده,364293,6
23930,2392,پاسگاه انتظامی گوبان,364511,6
23931,2392,مجتمع تکثیر میگوی اروند,806037,6
23932,2392,شرکت لنج سازی دلوار کشتی,806038,6
23933,2392,پاسگاه دریایی سپاه,806293,6
23934,2392,پاسگاه مرز دریایی گوارین,806294,6
23935,2392,انبار لوله اداره آب روستایی آبادان,806497,6
23936,2392,شرکت نگین آبزیان اروند,806504,6
23937,2392,شرکت شکوه ساحل آبادان,806505,6
23938,2392,شرکت سدسازی قالا,806506,6
23939,2392,مزرعه پرورش ماهی دلگه,806507,6
23940,2392,پاسگاه مرزی بهمنشیر کهنه,806508,6
23941,2393,آلبوعبادی/ فرخزاد,054191,6
23942,2393,خرخره/جزیره خرخره,054197,6
23943,2393,رده مدن,054202,6
23944,2393,فیاضی,054209,6
23945,2393,فرستنده صدا و سیما,361105,6
23946,2393,شهرک صنعتی آبادان,364338,6
23947,2393,مرکز بازدیدکنندگان تالاب شادگان,806036,6
23948,2393,امور بهره برداری انتقال برق جنوب,806041,6
23949,2393,شرکت مدیریت نیروی برق جنوب غرب,806042,6
23950,2393,ایستگاه تقلیل فشار گاز سی جی اس آبادان,806043,6
23951,2393,بیمارستان صحرای علی بن ابیطالب,806044,6
23952,2393,زندان آبادان,806045,6
23953,2393,شرکت افزودنیهای صنعتی,806046,6
23954,2393,پست برق میلاد آبادان,806093,6
23955,2393,پلیس راه اهواز آبادان,806100,6
23956,2393,انبارهای اداره کار و امور اجتماعی,806291,6
23957,2393,فوریت های پزشکی,806343,6
23958,2393,پمپ بنزین سوم خرداد,806500,6
23959,2393,پایگاه امداد و نجات امام حسین(ع),806509,6
23960,2393,پمپ بنزین کوثران,806510,6
23961,2393,ترمینال برون شهری,806511,6
23962,2393,گیت گمرک آبادان,806512,6
23963,2393,شهرک صنعتی شماره 2,806513,6
23964,2394,نقشه حیر,054036,6
23965,2394,رمیله,054037,6
23966,2394,ثوامر,054038,6
23967,2394,شلحه حاجی حسین,054039,6
23968,2394,شلحه امام حسن عسکری (ع ),054040,6
23969,2394,پادگان آموزشی شهید سپهر نیاکی,054041,6
23970,2394,درویشیه,054198,6
23971,2394,رده طاها,054201,6
23972,2394,رستمیه,054203,6
23973,2394,سید حسن حکیم,054206,6
23974,2394,طره خضر/سیهنه /,054207,6
23975,2394,طره بخاخ پردیس,054208,6
23976,2394,مغیطیه /فحستان /,054211,6
23977,2394,صیداویه,364212,6
23978,2394,جزیره رمیله,364300,6
23979,2394,پمپ بنزین 5 مهر,364301,6
23980,2394,جزیره شلحه حاج حسین,364302,6
23981,2394,جزیره ثوامر,364303,6
23982,2394,جزیره شلحه معاویه,364304,6
23983,2394,ناحیه صنعتی جهاد,364652,6
23984,2394,شرکت تعاونی آبادان طیور,806040,6
23985,2394,مرغداری شعبانی,806295,6
23986,2394,شرکت تعاونی فدک (پرورش ماهی),806296,6
23987,2394,ایستگاه پمپاژ آب طرح آب آبادان,806297,6
23988,2394,ایستگاه پمپاژ شهدای آبادان,806298,6
23989,2394,تاسیسات آبرسانی نخلستان,806501,6
23990,2395,ایستگاه قلعه رزه,054421,6
23991,2395,برد پنیر,054422,6
23992,2395,پل بالارود,054428,6
23993,2395,پل زال,054429,6
23994,2395,پنبه زار گرشکان,054430,6
23995,2395,تاسیسات سنگ شکن,054431,6
23996,2395,تاوه کبود,054432,6
23997,2395,تک تک آب,054433,6
23998,2395,رستم آباد,054436,6
23999,2395,طاق حسین سید هادی,054437,6
24000,2395,قلعه رزه,054438,6
24001,2395,قلعه قاسم,054439,6
24002,2395,قهوه خانه بارانی,054440,6
24003,2395,کوشکی دو,054441,6
24004,2395,گل کپرگه,054442,6
24005,2395,گلخانه,054443,6
24006,2395,گورحسنعلی,054444,6
24007,2395,محمدحسین لوانک,054445,6
24008,2395,وران سرخ,054447,6
24009,2395,ورون توشمال,054448,6
24010,2395,ولی کوچکه,054449,6
24011,2395,چاه شماره 3 قلعه نار,054450,6
24012,2395,آب انبار بالا,054479,6
24013,2395,آب انبار پایین,054480,6
24014,2395,آب زهره,054481,6
24015,2395,آب شوره,054482,6
24016,2395,ایستگاه بالارود,054484,6
24017,2395,پلاژ,054487,6
24018,2395,تافاب,054488,6
24019,2395,تخت شه بالا,054490,6
24020,2395,تخت شه پایین,054491,6
24021,2395,خانیله,054496,6
24022,2395,دم بلوطه,054499,6
24023,2395,دوآب بالا,054500,6
24024,2395,دوآب پایین,054501,6
24025,2395,ده اشکنان,054503,6
24026,2395,سرپله,054505,6
24027,2395,کهناب بالا,054517,6
24028,2395,کهناب پایین,054518,6
24029,2395,کهناب وسط,054519,6
24030,2395,گاوازی,054520,6
24031,2395,گرمامیربالا,054523,6
24032,2395,گل مهک,054524,6
24033,2395,منابع طبیعی,054525,6
24034,2395,شیرین آب,054529,6
24035,2395,پره کبود,054532,6
24036,2395,انبارگه یخه گلال مورت,054866,6
24037,2395,بردگلال,054868,6
24038,2395,پادگان ابوالفضل,054869,6
24039,2395,پشمینه زار,054873,6
24040,2395,طاق حسین کلاه دلیلی,054878,6
24041,2395,گلال مورت,054881,6
24042,2395,تلمبه کاظم بیرونوند,361159,6
24043,2395,تلمبه نوراله بیرونوند,361160,6
24044,2395,تلمبه بارونی بیرونوند,361161,6
24045,2395,تلمبه های قلعه رزه,361168,6
24046,2395,تلمبه سبزی یوسف نژاد,361174,6
24047,2395,چاه نفت قلعه نار,361175,6
24048,2395,چپشید,361176,6
24049,2395,چم کبود,361177,6
24050,2395,زردماگله,361178,6
24051,2395,سرچاه,361179,6
24052,2395,شرکت گسترش راه آهن,361180,6
24053,2395,شهرک بعثت,361181,6
24054,2395,ایستگاه رله تلویزیون,361182,6
24055,2395,ایستگاه ماکروویو,361183,6
24056,2395,بیشه چیلا,361184,6
24057,2395,پدته,361185,6
24058,2395,کارخانه گچ,361186,6
24059,2395,کوره آهکی پیرولی نهاوند,361187,6
24060,2395,کوره آهکی کوشکی,361188,6
24061,2395,گچ پزی احمد خاطری,361189,6
24062,2395,گروه 411تولیدشن وماسه,361190,6
24063,2395,گودمورتیا,361191,6
24064,2395,معدن گچ شهید رحیمی,361192,6
24065,2395,مزرعه بهاروند,361193,6
24066,2395,حسین آباد,364208,6
24067,2395,کولهونی,364398,6
24068,2395,مزرعه داریوش بهاروند احمدی,364399,6
24069,2395,مزرعه کیومرث بهاروند احمدی,364400,6
24070,2395,کلبان نظر,364545,6
24071,2395,گرشکان,364546,6
24072,2395,بن طویله,364547,6
24073,2395,تلمبه محمدعلی یزدی اقبال,364731,6
24074,2395,تلمبه اصغر یزدی اقبال,364732,6
24075,2395,کارخانه سیمان آریا,806318,6
24076,2395,کارگاه سنگ شکنی و آسفالت محیط سامان,806409,6
24077,2396,امیرسیف,054483,6
24078,2396,بن هنی,054485,6
24079,2396,پاه راه گپ,054486,6
24080,2396,تاکاپ,054489,6
24081,2396,تنباکو کار,054492,6
24082,2396,جا اردو,054493,6
24083,2396,جهانگیری,054494,6
24084,2396,چلت,054495,6
24085,2396,خشاب,054497,6
24086,2396,دجمریج,054498,6
24087,2396,دول زک حسین بابامیری,054502,6
24088,2396,سراشکفت,054504,6
24089,2396,سرچاه خشاب,054506,6
24090,2396,سرچاه دو روزناب,054507,6
24091,2396,سرخکان,054508,6
24092,2396,دلیران,054509,6
24093,2396,شیرین آب,054510,6
24094,2396,قلعه دزدو,054511,6
24095,2396,کاوگرتوتمر,054513,6
24096,2396,کبوتران,054514,6
24097,2396,کلگه دره دو,054515,6
24098,2396,کلگه دره یک,054516,6
24099,2396,گردنه سرخه محمدخان,054521,6
24100,2396,میدان خداوردی,054526,6
24101,2396,نورآباد,054527,6
24102,2396,ونایی,054528,6
24103,2396,آب زهله انارکی,054683,6
24104,2396,آبگون,054684,6
24105,2396,آقابزرگ,054685,6
24106,2396,انجیرستان,054686,6
24107,2396,اهوبرند,054687,6
24108,2396,بادامستان فرویوند,054688,6
24109,2396,برد سلیمان,054690,6
24110,2396,بن کول منظم,054691,6
24111,2396,بنه زرد,054692,6
24112,2396,تافکی انارکی,054693,6
24113,2396,تخت آب,054694,6
24114,2396,ته بوستان,054695,6
24115,2396,غافله جا,054696,6
24116,2396,چاره,054697,6
24117,2396,چاونی آب بهار,054698,6
24118,2396,چپکوه,054699,6
24119,2396,چل بزی,054700,6
24120,2396,چنار,054701,6
24121,2396,حاج علی هیکی,054702,6
24122,2396,خرمن جاسوخته,054703,6
24123,2396,خوشیار,054704,6
24124,2396,دم بز,054705,6
24125,2396,ده بر,054707,6
24126,2396,دیلم دشت,054708,6
24127,2396,زعفران دشت,054709,6
24128,2396,زنگرد,054710,6
24129,2396,سرتپه علی دوست دورق,054711,6
24130,2396,سرتخت دوراهان,054712,6
24131,2396,سرزیارت,054713,6
24132,2396,سیل کلنگ,054714,6
24133,2396,شرو,054715,6
24134,2396,شیخ,054716,6
24135,2396,شیخون,054717,6
24136,2396,کبوتری,054718,6
24137,2396,کل کوه سردار,054719,6
24138,2396,کلک خان,054720,6
24139,2396,گله گه,054721,6
24140,2396,کوچکون,054722,6
24141,2396,کول شاهو,054723,6
24142,2396,گادول,054724,6
24143,2396,گرداب دو,054725,6
24144,2396,گرداب یک,054726,6
24145,2396,گیجستان,054727,6
24146,2396,مانکی,054728,6
24147,2396,مورتی,054729,6
24148,2396,موه,054730,6
24149,2396,میراعلی,054731,6
24150,2396,میشکه,054732,6
24151,2396,بنه گچ,054783,6
24152,2396,پایتخت تل کر,054784,6
24153,2396,پایتخت گلزار,054785,6
24154,2396,پس آخور,054786,6
24155,2396,پس گر,054787,6
24156,2396,پیروالی,054788,6
24157,2396,تل زولان,054789,6
24158,2396,تنباکو کار پایین,054790,6
24159,2396,غل غلاب بالایی,054791,6
24160,2396,جوروند,054792,6
24161,2396,چم گرداب,054793,6
24162,2396,چم یکدر,054794,6
24163,2396,چشمه نژی,054795,6
24164,2396,چول,054796,6
24165,2396,دره کوه سورگ,054797,6
24166,2396,دره گایلان,054798,6
24167,2396,درهوپل,054799,6
24168,2396,ده دره,054800,6
24169,2396,سراشگفت درکی,054801,6
24170,2396,سرتاف,054802,6
24171,2396,سرسیل زردآب محمدطاهر,054803,6
24172,2396,سورگ,054804,6
24173,2396,عبدالرحمن,054805,6
24174,2396,کرتل,054807,6
24175,2396,گرتشمال تل کر,054808,6
24176,2396,مرکزگرم,054811,6
24177,2396,میان چاک تل کر,054812,6
24178,2396,نیمردی,054813,6
24179,2396,ده سیر,361114,6
24180,2396,پدیا,361115,6
24181,2396,مهشی,361119,6
24182,2396,آب بید,361120,6
24183,2396,اسبلان,361121,6
24184,2396,انارکی,361122,6
24185,2396,باریک آب,361123,6
24186,2396,چاغاتایی,361124,6
24187,2396,چرو,361125,6
24188,2396,چم کلنگ,361126,6
24189,2396,دوداران,361127,6
24190,2396,دره زیرفردیوند,361128,6
24191,2396,کول چنار,361129,6
24192,2396,مایاران,361130,6
24193,2396,شرکت تامین مواد معدنی صنایع فولاد,361131,6
24194,2396,معدن صنایع فولاد چناره 1,361132,6
24195,2396,معدن صنایع فولاد چناره 2,361133,6
24196,2396,منجیر,361134,6
24197,2396,پره کبود,364397,6
24198,2396,دشت ربا,364543,6
24199,2396,تخت آب,364646,6
24200,2396,چم سیاه,806319,6
24201,2397,آب انار,054579,6
24202,2397,آب بید,054580,6
24203,2397,آب میشان,054581,6
24204,2397,ادریسی سفلی,054582,6
24205,2397,ادریسی علیا,054583,6
24206,2397,ایستگاه مازو,054584,6
24207,2397,امامزاده بابا لنگ,054585,6
24208,2397,بردچک,054586,6
24209,2397,برد سیاه,054587,6
24210,2397,بزرگ آب,054588,6
24211,2397,بنه جعفر,054589,6
24212,2397,بنه صفر,054590,6
24213,2397,پاچنار,054591,6
24214,2397,پیفه,054592,6
24215,2397,تخت اره دو,054593,6
24216,2397,تخت اره یک,054594,6
24217,2397,تله زنگ,054595,6
24218,2397,تنگ دو,054596,6
24219,2397,تنور بلند,054597,6
24220,2397,توه,054598,6
24221,2397,چم تی,054599,6
24222,2397,چین روزه,054600,6
24223,2397,حمام,054601,6
24224,2397,دشت لاله,054602,6
24225,2397,ریسمان,054603,6
24226,2397,زرقام,054604,6
24227,2397,سرنمک درکول,054605,6
24228,2397,سکومحله,054606,6
24229,2397,شاهزاده احمد,054607,6
24230,2397,شهبازان,054608,6
24231,2397,شیخه,054609,6
24232,2397,شیرین آب,054610,6
24233,2397,صیدمالگه,054611,6
24234,2397,قاپی,054612,6
24235,2397,قره ویسی,054613,6
24236,2397,قلعه شیخ,054614,6
24237,2397,قلعه نو,054615,6
24238,2397,کاکارود,054616,6
24239,2397,کدکنجه,054617,6
24240,2397,کرگاب,054618,6
24241,2397,کولک بردبل,054619,6
24242,2397,کولان,054620,6
24243,2397,کونک,054621,6
24244,2397,کوهران,054622,6
24245,2397,کوثر,054623,6
24246,2397,کیره کلاه بادی,054624,6
24247,2397,کیره یک,054625,6
24248,2397,گلاب سرخ,054626,6
24249,2397,لیرخون,054627,6
24250,2397,مالکه دوزقه,054628,6
24251,2397,وازی,054629,6
24252,2397,ورزید,054630,6
24253,2397,قلم آب,054806,6
24254,2397,محمودعلی,054810,6
24255,2397,چلک,361135,6
24256,2397,دوآب هوران,361138,6
24257,2397,طول یک,361139,6
24258,2397,گرمیرکوش,361140,6
24259,2397,دول سیاه,361141,6
24260,2397,کول شاه,361142,6
24261,2397,آب نگون,361145,6
24262,2397,تله زرگه,361146,6
24263,2397,تی خشکه,361147,6
24264,2397,دارتپل,361148,6
24265,2397,دره گرم,361149,6
24266,2397,سور ناب,361150,6
24267,2397,کرناس,361151,6
24268,2397,کزالی,361152,6
24269,2397,ری گلال,361153,6
24270,2397,گمناب,361154,6
24271,2397,مازو,361155,6
24272,2397,دهداری,364544,6
24273,2398,ایستگاه دو کوهه,054867,6
24274,2398,پادگان حاج احمد متوسلیان,054870,6
24275,2398,پاسگاه پلیس راه اندیمشک,054872,6
24276,2398,معدن شن و ماسه بالارود,054874,6
24277,2398,سد دز,054876,6
24278,2398,شهرک دوکوهه,054877,6
24279,2398,قرارگاه موتوری تیپ سیدالشهدا,054879,6
24280,2398,محمدخان,054882,6
24281,2398,مزرعه حسنوند,054883,6
24282,2398,چیچالی بلی,062536,6
24283,2398,چیچالی غلامرضا,062537,6
24284,2398,چیچالی کرم,062538,6
24285,2398,واحد کشاورزی شهید بهشتی,062557,6
24286,2398,ایستگاه سبز آب,062839,6
24287,2398,بنوار ناظر,062841,6
24288,2398,پاپی آباد,062843,6
24289,2398,تلمبه خانه سبز آب,062844,6
24290,2398,خان آباد قطب,062846,6
24291,2398,خان آباد مغزی سفلی,062847,6
24292,2398,خان آباد مغزی علیا,062848,6
24293,2398,دوبندار,062849,6
24294,2398,ده ایجی,062850,6
24295,2398,سیحه,062857,6
24296,2398,شهرک اسلام آباد,062860,6
24297,2398,شهرک امام رضا,062861,6
24298,2398,شهرک شهیدمدنی,062863,6
24299,2398,علی آباد,062864,6
24300,2398,علی بن حسین,062865,6
24301,2398,گنجه,062869,6
24302,2398,میان چغان زاهدی,062870,6
24303,2398,میان چغان صالحی,062871,6
24304,2398,شهرک انصار,062872,6
24305,2398,مرغداری رضا برومند,361206,6
24306,2398,مزرعه غلامحسین مستوفی,361222,6
24307,2398,مزرعه فرهاد ماکیانی,361223,6
24308,2398,ایستگاه پمپاژ,361224,6
24309,2398,ایستگاه پمپاژ سد دز,361225,6
24310,2398,ایستگاه راهدار نظامی,361226,6
24311,2398,شهرک صنعتی اندیمشک دو,361228,6
24312,2398,پادگان امام رضا,361229,6
24313,2398,پادگان شهید زین الدین,361231,6
24314,2398,پادگان یداله کلهر,361232,6
24315,2398,پرورش ماهی گطینه زاده,361234,6
24316,2398,تعمیرگاه سه راهی دهلران,361235,6
24317,2398,تیپ 24 ویژه بعثت,361252,6
24318,2398,جهاد خودکفایی نزاجا,361253,6
24319,2398,رستوران موقت ایران گردی,361254,6
24320,2398,شرکت طوفان ماسه,361258,6
24321,2398,کمپ سد دز,361261,6
24322,2398,کوره آجرپزی خیبر,361262,6
24323,2398,کوره آجرپزی لور,361263,6
24324,2398,کوره های آهک پزی بالارود,361264,6
24325,2398,مرغداری آذرنوش,361266,6
24326,2398,مرغداری حسین ابر,361267,6
24327,2398,مرکز آموزشی جهاد عشایر,361268,6
24328,2398,معدن شن و ماسه بابایی,361269,6
24329,2398,معدن شن و ماسه ابوالفضل,361270,6
24330,2398,معدن شن و ماسه پرویز گله دار,361271,6
24331,2398,معدن ماسه شویی حسن علی زارع,361272,6
24332,2398,معدن ماسه شویی محسن روبندی,361273,6
24333,2398,موقعیت حضرت ولی عصر,361275,6
24334,2398,موقعیت شهید صفرنیا,361276,6
24335,2398,یگان آموزشی دریایی دستواره,361277,6
24336,2398,یگان آموزشی دریایی طارق,361278,6
24337,2398,شرکت راه و بندر,364411,6
24338,2398,مزرعه فریدون خیرانی,364445,6
24339,2398,ماسه شویی حاج محمد علی آگشته,364548,6
24340,2398,ماسه شویی بساک,364549,6
24341,2398,ماسه شویی سبز آب (حسین پرور),364550,6
24342,2398,کارگاه پلاستیک مرادی,364552,6
24343,2398,مجتمع ماسه شویی های مسیر دوبندار,364556,6
24344,2398,شرکت سیویل,364564,6
24345,2398,روستای فرودگاه کرخه,364643,6
24346,2398,جایگاه پمپ بنزین یحیی بهادر,364673,6
24347,2398,کارخانه یخ,364674,6
24348,2398,مرکز تربیت معلم امام رضا(ع ),364675,6
24349,2398,چاه نفت 60 پیروزی,364676,6
24350,2398,میدان تیر پایگاه چهارم شکاری,364712,6
24351,2398,دامداری غلامعباس مختاری,364713,6
24352,2398,مرغداری آرین ( معنوی فر),364714,6
24353,2398,مرغداری بهمن یگانه,364719,6
24354,2398,مجتمع تلمبه های کشاورزی پشمینه زار,364720,6
24355,2398,آمادگاه شهید محسن غفوریان,364721,6
24356,2398,مجتمع تلمبه های کشاورزی قلعه لور,364722,6
24357,2398,مجتمع تلمبه های کشاورزی پشت خط,364723,6
24358,2398,مجتمع تلمبه های کشاورزی پشت سیل بند,364724,6
24359,2398,مجتمع تلمبه های کشاورزی چم گلک,364725,6
24360,2398,شرکت پمپاژ نور اندیمشک,364726,6
24361,2398,شهرک صنعتی اندیمشک یک,364727,6
24362,2398,شهرک قلعه مختار,364728,6
24363,2398,مجتمع تلمبه های کشاورزی پشت جاده سد دز,364729,6
24364,2398,سد کرخه,364730,6
24365,2398,مرغداری حیدرراق,364761,6
24366,2398,شهرک صنعتی دوکوهه,364764,6
24367,2398,ذرت خشک کنی دواشی,806031,6
24368,2398,دامداری مسعود مجدی,806032,6
24369,2398,شرکت پتروشیمی اندیمشک,806402,6
24370,2398,کارخانه ذرت و گندم دهدار,806403,6
24371,2398,شرکت عمران مارون کارگاه شماره یک,806404,6
24372,2398,مرغداری صابر,806405,6
24373,2398,شرکت آرمان سازه گستر کرخه,806407,6
24374,2398,کارخانه آسفالت قلاوند,806408,6
24375,2398,ماسه شویی آبادگران,806410,6
24376,2398,موسسه هرا,806411,6
24377,2398,ماسه شویی پرویز گله دار,806412,6
24378,2398,مزرعه کشاورزی و پمپ آب منصور قطب,806413,6
24379,2398,دامداری توتون چی,806414,6
24380,2398,موسسه کشاورزی حیدر اسکندری,806415,6
24381,2398,مجتمع کارگاهی میرآباد,806473,6
24382,2398,شهرک گلخانه ای پشمینه زار,806474,6
24383,2398,گاوداری جهاد,806475,6
24384,2398,شرکت انصار 5,806476,6
24385,2398,شهرک دانشگاهی دانشگاه آزاد اندیمشک,806477,6
24386,2398,ماسه شویی شهرداری,806478,6
24387,2398,پرواربندی محبی,806479,6
24388,2398,کارخانه تولید شن و ماسه عزیز فاطمه,806480,6
24389,2398,کارخانه ماسه شویی شهدای فتح المبین,806481,6
24390,2398,شرکت جهان پارس,806482,6
24391,2398,ماسه شویی نوروزی,806483,6
24392,2399,ام عگله سید سبوس,055515,6
24393,2399,ام عگله مراونه,055516,6
24394,2399,آلبونیسی,055518,6
24395,2399,جعاوله,055525,6
24396,2399,حریه,055532,6
24397,2399,حموله,055535,6
24398,2399,سید حریر,055547,6
24399,2399,سید سلمان,055549,6
24400,2399,سید ظاهر,055550,6
24401,2399,سید معن,055554,6
24402,2399,سید نبی,055555,6
24403,2399,سید یدیم,055556,6
24404,2399,اسدخان,055831,6
24405,2399,الباجی,055832,6
24406,2399,بروایه آلبوثنوان,055833,6
24407,2399,بروایه تریچی,055838,6
24408,2399,بروایه آلبوعزیز,055839,6
24409,2399,بروایه یوسف,055840,6
24410,2399,لشکر هفت ولی عصر,055841,6
24411,2399,پادگان شهید عاصی زاده,055843,6
24412,2399,تاسیسات و عملیات نظامیه,055844,6
24413,2399,پلیس راه اهواز اندیمشک,055845,6
24414,2399,چبسه بزرگ,055849,6
24415,2399,چبسه کوچک,055850,6
24416,2399,حسین فرخی,055857,6
24417,2399,حلاف دو,055859,6
24418,2399,حلاف یک,055860,6
24419,2399,خماسی,055870,6
24420,2399,سجادیه,055876,6
24421,2399,سید جاسم,055884,6
24422,2399,سید حسن,055885,6
24423,2399,سید زهراو,055891,6
24424,2399,سید طاهر,055893,6
24425,2399,صالح زباری,055908,6
24426,2399,طواهر,055909,6
24427,2399,عشاره بزرگ,055914,6
24428,2399,عشاره کوچک,055915,6
24429,2399,بروایه عمیر,055923,6
24430,2399,قلعه سحر,055924,6
24431,2399,ایستگاه تحقیقاتی گیاهان,055927,6
24432,2399,گاطع,055929,6
24433,2399,مبیطیحه دو,055933,6
24434,2399,مبیطیحیه یک,055935,6
24435,2399,محمدسبحان,055938,6
24436,2399,مراونه,055940,6
24437,2399,یاسر,055952,6
24438,2399,کریشان دو,056100,6
24439,2399,اردوگاه آموزش برونسی,361492,6
24440,2399,انبارهای مرکزی آب و فاضلاب خوزستان,361493,6
24441,2399,ایستگاه برق شمال غرب اهواز,361494,6
24442,2399,بانک ماشین آلات خاتم الانبیاء,361495,6
24443,2399,پادگان شهید چراغچی,361497,6
24444,2399,پادگان توحید,361498,6
24445,2399,مرکزمعاینه فنی ماشین های سنگین شهید معقولی,361499,6
24446,2399,پمپ بنزین اهواز اندیمشک,361500,6
24447,2399,ترابری سنگین 45 جوادالایمه,361501,6
24448,2399,تلمبه خانه شرکت نفت,361502,6
24449,2399,تلمبه خانه نفت شهید چمران,361503,6
24450,2399,خانه بلوک شرکت فیال بتون,361505,6
24451,2399,سید طاهر فاضلی,361507,6
24452,2399,شهرک شهید علی چعب,361508,6
24453,2399,معاونت اماد و پشتیبانی,361509,6
24454,2399,کارخانه برنج کوبی رز,361511,6
24455,2399,بیمارستان اعصاب و روان سلامت,361512,6
24456,2399,کارگاه تولید موزاییک سپاه,361513,6
24457,2399,کریم محارب,361514,6
24458,2399,مرکز تداوم آموزش تیپ 18,361515,6
24459,2399,موقعیت ایثار,361517,6
24460,2399,موقعیت شهیدسعیدی پور,361519,6
24461,2399,موقعیت شهید صبوری,361520,6
24462,2399,موقعیت مهندس توحید,361523,6
24463,2399,مهندس دهم محرم,361524,6
24464,2399,شرکت اکالیپتوس,361656,6
24465,2399,قرارگاه لشکر 41 ثارالله,361661,6
24466,2399,شرکت نماد صنعت سدید,361668,6
24467,2399,مجتمع صلواتی ثامن الایمه,361669,6
24468,2399,نهالستان شهید سلطانی,361694,6
24469,2399,حلاف سه,364371,6
24470,2399,سید غضبان فاضلی,364493,6
24471,2399,کشتارگاه دام,364692,6
24472,2399,شهرک صنعتی شماره دو اهواز,364708,6
24473,2399,میدان تره باراهواز,364709,6
24474,2399,شرکت بوجاری وحدت,364711,6
24475,2399,مرغداری خماسی,596169,6
24476,2399,شرکت فرغون سازی عیدی وند,596170,6
24477,2399,شرکت ماسه جنوب,596171,6
24478,2399,شرکت سخت بتن جنوب,596172,6
24479,2399,مرغداری علی ساعدی,596173,6
24480,2399,شرکت تولیدی بتن خوزستان,596174,6
24481,2399,پایانه ماشین های سنگین,596175,6
24482,2399,کارخانه آسفالت آفایی,596176,6
24483,2399,کارخانه قطعات برقی,596177,6
24484,2399,کارخانه قطعات بتنی ریاحی,596178,6
24485,2399,کارگاه مرکزی طرح غدیر,596179,6
24486,2399,شرکت پاسارگاز منطقه خوزستان,596180,6
24487,2399,انبارهای لوازم ساختمانی حبیبی,596181,6
24488,2399,مرکز تجمیع پسماندهای شهری,596182,6
24489,2399,شرکت پارس کالار اوکسین,596183,6
24490,2399,جایگاه اختصاصی کوثران,596184,6
24491,2399,مزرعه الهایی,596185,6
24492,2399,مزرعه قلعه سحر,596186,6
24493,2399,مجتمع خدماتی رفاهی ولایت,596187,6
24494,2399,واحدکشاورزی رعد,596188,6
24495,2399,طرح کشاورزی و نخلستان مهر21 اهواز,596189,6
24496,2399,استادیوم غدیر اهواز,596190,6
24497,2399,مجتمع باسکول های 60تنی صبا-انبیا-میدان1,596191,6
24498,2399,سردخانه الغدیر,596192,6
24499,2399,مجتمع کارگاههای صنعتی مسیر اهواز اندیمشک,596193,6
24500,2399,کارخانجات لوله بتنی اهواز,596194,6
24501,2399,دباغ خانه,596195,6
24502,2399,انبارتجهیزات صنعتی عبدالخانی,596196,6
24503,2399,کارگاههای راهسازی اداره راه و تثبیت شن های روان شهردار,596197,6
24504,2399,پادگان فولی آباد,596198,6
24505,2399,معاینه ی فنی ماشین های سنگین,596199,6
24506,2399,معاونت وظیفه ی عمومی,596200,6
24507,2399,شرکت حمل و نقل آزادگان خوزستان,596201,6
24508,2399,موقعیت شهید علیرضا اسکندری,596202,6
24509,2399,ایستگاه تقویت فشار نفت,596203,6
24510,2399,پارکینگ شبانه روزی مهر,596204,6
24511,2399,مبیطیحه سه,596242,6
24512,2399,مبیطیحه چهار,596243,6
24513,2399,سادات,806125,6
24514,2399,کارخانه گاز اکسیژن,806139,6
24515,2399,پست 400/132 کیلو ولت مهزیار,806176,6
24516,2399,سازمان میادین و ساماندهی مشاغل شهری,806177,6
24517,2399,حوزه مقاومت بسیج حبیب بن مظاهر,806178,6
24518,2399,شرکت حمل و نقل کالای اهواز,806189,6
24519,2399,موسسه رهگشا استان خوزستان,806190,6
24520,2399,پادگان علی اکبر,806191,6
24521,2399,شرکت شیر پاستوریزه جاموس جنوب,806192,6
24522,2399,باسکول وحدت الباجی,806193,6
24523,2399,توپخانه لشکر 92 زرهی,806194,6
24524,2399,سید سعد,806305,6
24525,2399,کارخانه سوله سازی کاویان,806313,6
24526,2399,کریشان سه,806492,6
24527,2400,ابوبقال,055514,6
24528,2400,نبی اکرم,055517,6
24529,2400,تصفیه شکر,055522,6
24530,2400,جسانیه بزرگ,055523,6
24531,2400,جسانیه کوچک,055524,6
24532,2400,حده,055531,6
24533,2400,دغاغله,055539,6
24534,2400,سید عامر,055551,6
24535,2400,شعیمط دو,055559,6
24536,2400,شعیمط یک,055560,6
24537,2400,کوی باغات ولی عصر,055575,6
24538,2400,گبیر دو,055576,6
24539,2400,گبیر سه,055577,6
24540,2400,گبیر یک,055578,6
24541,2400,کانال آبرسانی سلمان,055593,6
24542,2400,ایستگاه نظامیه,055837,6
24543,2400,قرارگاه ونیروی دریایی سپاه و راهیان نور,361433,6
24544,2400,پادگان مکتب الصادق,361434,6
24545,2400,شعیمط سه,361435,6
24546,2400,مجتمع فرهنگی شهدای صنعت آبفای خوزستان,596205,6
24547,2400,علی اکبر,806306,6
24548,2401,خبینه سفلی,054995,6
24549,2401,مگطوع,055059,6
24550,2401,ملیحان,055061,6
24551,2401,احمدآباد,056078,6
24552,2401,احمدآباد عبدال,056079,6
24553,2401,ام الطمیر,056081,6
24554,2401,ایستگاه رادیو اهواز,056082,6
24555,2401,تخیتیه,056090,6
24556,2401,عذیبی,056091,6
24557,2401,حبال,056099,6
24558,2401,دب سعید,056102,6
24559,2401,دب سلیمان,056103,6
24560,2401,دب حردان,056105,6
24561,2401,رمزیه دو,056106,6
24562,2401,رمزیه یک,056107,6
24563,2401,رمزیه,056114,6
24564,2401,سطامیه بزرگ,056115,6
24565,2401,سطامیه کوچک,056116,6
24566,2401,سعدون شیخ محمد,056117,6
24567,2401,سکینه دو,056118,6
24568,2401,سکینه یک,056119,6
24569,2401,شریجه دو,056129,6
24570,2401,شریجه یک,056130,6
24571,2401,صلبیه,056134,6
24572,2401,طاهریه سه,056135,6
24573,2401,طاهریه دو,056136,6
24574,2401,طاهریه یک,056137,6
24575,2401,عباویه,056144,6
24576,2401,مرکز آموزشی شهید حاج رضا حبیب الهی,056157,6
24577,2401,ملاشیه سه,056162,6
24578,2401,منیشد,056164,6
24579,2401,نعمی,056165,6
24580,2401,سید حمید,056167,6
24581,2401,امامزاده سید طاهر,361639,6
24582,2401,ایستگاه پرورش بذرعلوفه,361640,6
24583,2401,بیوض یک,361642,6
24584,2401,تصفیه خانه نفت آب تیمور,361647,6
24585,2401,سنگ شکنی موسی کلانتری,361655,6
24586,2401,کوره آجر رومان,361663,6
24587,2401,کوره آجر سحر,361664,6
24588,2401,کارخانه اهواز رنگ,364383,6
24589,2401,یباره,364710,6
24590,2401,دب ملیحم,364784,6
24591,2401,ناحیه صنعتی(شرکت تهران برکلی),596206,6
24592,2401,نیروگاه پست 400 کیلو وات شهید بقایی,596207,6
24593,2401,کشتارگاه صنعتی طیور البرز,596208,6
24594,2401,کارگاه پروژه روکش آسفالت,596209,6
24595,2401,نیروگاه غرب کارون,596210,6
24596,2401,تلمبه خانه نفت غرب کارون,596211,6
24597,2401,مرکز اندازه گیری امواج رادیویی,596212,6
24598,2401,کارخانه قیر کارون,596244,6
24599,2401,پاسگاه آب تیمور,806035,6
24600,2401,شرکت پوشش لوله خوزستان,806179,6
24601,2402,بیت واوی,054986,6
24602,2402,بیوض,054987,6
24603,2402,تل اسود,054990,6
24604,2402,شمریه,055023,6
24605,2402,صفحه دو,055025,6
24606,2402,صفحه یک,055026,6
24607,2402,قجریه دو,055037,6
24608,2402,قجریه یک,055038,6
24609,2402,کاظمی دو,055046,6
24610,2402,کاظمی یک,055047,6
24611,2402,مزبان,055054,6
24612,2402,مکسر,055057,6
24613,2402,حمید,056097,6
24614,2402,کیلومترشصت,056151,6
24615,2402,ایستگاه مخابرات حمید,361641,6
24616,2402,پادگان حمید,361644,6
24617,2402,تعمیرگاه حسن اقارب پرست,361648,6
24618,2402,صیره,361658,6
24619,2402,علویه زهرا,361659,6
24620,2402,پاسگاه انتظامی حمید,361696,6
24621,2402,کشت و صنعت امیرکبیر,364656,6
24622,2402,بیت سید ابراهیم,364785,6
24623,2402,مقبره شهدای سادات,596213,6
24624,2402,شرکت نصر میثاق کانال جفیر,596214,6
24625,2402,موسسه جهاد نصر طرح اجرای شبکه فرعی,596215,6
24626,2402,مرکز تحقیقات منطقه نظامی,596216,6
24627,2402,تلمبه خانه عزیز موالی,596217,6
24628,2402,مزرعه حاج ینزیل,596218,6
24629,2402,طرح آبیاری زهکشی تعاونی های ایثارگران,596219,6
24630,2403,توانیر (نیروگاه شهید مدحج),055199,6
24631,2403,رحمانیه,055216,6
24632,2403,زرگان گرانه,055217,6
24633,2403,صفیره,055237,6
24634,2403,عامری,055243,6
24635,2403,عبودی,055245,6
24636,2403,پادگان شهید اقارب پرست/ زرگان,055255,6
24637,2403,مولوی,055287,6
24638,2403,یونیت چهار,055299,6
24639,2403,ابوکبریه,055684,6
24640,2403,ام الطرفه,055685,6
24641,2403,ایستگاه خسروی,055690,6
24642,2403,ایستگاه منصوری,055691,6
24643,2403,بربوگه,055694,6
24644,2403,تمپوره رویشید,055697,6
24645,2403,غدیرحبسه,055698,6
24646,2403,حفیره,055701,6
24647,2403,حفیره حاجی بربین,055702,6
24648,2403,حیاویه,055704,6
24649,2403,خزینه,055707,6
24650,2403,روزنه,055716,6
24651,2403,سید یوسف,055717,6
24652,2403,شریفیه,055724,6
24653,2403,شعیمط بندک,055725,6
24654,2403,شعیمط جابر,055726,6
24655,2403,شعیمط فالح,055727,6
24656,2403,شعیمط مندیل,055728,6
24657,2403,عنیت,055731,6
24658,2403,فضله,055732,6
24659,2403,کریت برومی,055736,6
24660,2403,مدنیات,055745,6
24661,2403,مشرحات,055746,6
24662,2403,ملی گت,055750,6
24663,2403,منصوریات,055751,6
24664,2403,منثیر,055752,6
24665,2403,یونیت یک,361788,6
24666,2403,ایستگاه اصلی انتقال نیرو,361792,6
24667,2403,کارخانجات ایزوگام پشم شیشه جنوب,361794,6
24668,2403,باسکول امید,361795,6
24669,2403,شهرک صنعتی اهواز3,361796,6
24670,2403,پادگان شهید ناصر رستم پور,361797,6
24671,2403,پشتیبانی و تعمیر واعظی,361798,6
24672,2403,مرغداری خمیس ربیعی,361804,6
24673,2403,مرکز آموزش عمومی شهید درویش,361808,6
24674,2403,لیاقت,364504,6
24675,2403,انبار مازاد شرکت نفت,364685,6
24676,2403,پست 203/1 کیلو ولت شهید محمدی,596220,6
24677,2403,بگعان,596221,6
24678,2403,بی سیم شرکت نفت,596222,6
24679,2403,مجتمع فولاد آتیه خلیج فارس,596223,6
24680,2403,پادگان علی بن مهزیار,596224,6
24681,2403,بلوک زنی طالب نیسی,596225,6
24682,2403,شرکت عملیات اکتشاف نفت,596226,6
24683,2403,شرکت بنید راه,596227,6
24684,2403,ایستگاه تقویت فشارگاز شماره 3 خط اتیلن,596228,6
24685,2403,محل بازیافت و دفن بهداشتی پسماند کلانشهر اهواز,596229,6
24686,2403,باشگاه گلف شرکت نفت,596230,6
24687,2403,کارخانه آسفالت شرکت زرین راه جنوب,596231,6
24688,2403,کارخانه آسفالت شرکت لرک جهان وشرکت فرا اندیشه خوزستان,596232,6
24689,2403,واحد بهره برداری شماره 4 ایستگاه تلمبه های 2 فازی,596233,6
24690,2403,کارخانه آسفالت سعید قنواتی - جهش راه,596234,6
24691,2403,شرکت آزاد راه اهواز - بندرامام,596235,6
24692,2403,پمپ بنزین فرید خالدی,596236,6
24693,2403,عوارض آزاد راه,596237,6
24694,2403,مجتمع رفاهی کارون,596238,6
24695,2403,قرارگاه بیابان زدایی مدافعان حرم,596239,6
24696,2403,شهرک اندیشه,596240,6
24697,2403,پادگان نیروی زمینی سپاه- پادگان حجت,806185,6
24698,2403,پلیس آزاد راه خلیج فارس,806186,6
24699,2403,آرامستان باغ فردوس,806188,6
24700,2403,مجتمع کارگاههای برومی,806197,6
24701,2403,پمپ بنزین,806198,6
24702,2403,جایگاه اختصاصی سوخت خلیج فارس شماره 1,806364,6
24703,2403,جایگاه اختصاصی سوخت خلیج فارس شماره 2,806365,6
24704,2403,شرکت بنیاد بتن خوزستان,806366,6
24705,2403,اورژانس 115,806367,6
24706,2404,ام الدیای دو,055184,6
24707,2404,ام الدیای یک,055185,6
24708,2404,ترکان شاخ,055197,6
24709,2404,جامع,055200,6
24710,2404,چای ورشام,055203,6
24711,2404,حلوه,055208,6
24712,2404,ساختمان,055220,6
24713,2404,شاخ کوپال,055228,6
24714,2404,صحینات,055236,6
24715,2404,طویله بزرگ,055239,6
24716,2404,طویله سیدطاهر,055240,6
24717,2404,طویله کوچک,055241,6
24718,2404,طویله یباره,055242,6
24719,2404,عرب راشد,055246,6
24720,2404,عوده,055247,6
24721,2404,عین الموجیبل,055249,6
24722,2404,کواکب,055258,6
24723,2404,گراییه,055264,6
24724,2404,مارون 1,055270,6
24725,2404,نمره سه کوپال,055291,6
24726,2404,ابوسلبیخات بزرگ,055426,6
24727,2404,ابوعظیم,055427,6
24728,2404,ابویرو,055428,6
24729,2404,ابیرش,055429,6
24730,2404,عویفی,055430,6
24731,2404,بریچه,055431,6
24732,2404,بریچه عنایت,055432,6
24733,2404,بیوض,055433,6
24734,2404,یربیعی,055434,6
24735,2404,غیزانیه بزرگ,055436,6
24736,2404,چمبه,055439,6
24737,2404,حفیره سید شرف,055440,6
24738,2404,حمیدان,055441,6
24739,2404,حمیره,055442,6
24740,2404,خیط,055443,6
24741,2404,خیط الرمله,055444,6
24742,2404,سلمانه,055446,6
24743,2404,سودان,055447,6
24744,2404,سیب,055448,6
24745,2404,سید رمضان,055449,6
24746,2404,شمه,055450,6
24747,2404,عبدالسید,055451,6
24748,2404,عوافی,055453,6
24749,2404,عین الزمان,055454,6
24750,2404,فای سیدمحمد,055455,6
24751,2404,قویله,055457,6
24752,2404,کاشی,055459,6
24753,2404,کریدی,055460,6
24754,2404,مجتمع صنعتی شماره 4 مارون,055461,6
24755,2404,مسلمیه,055462,6
24756,2404,مشرفه بزرگ,055463,6
24757,2404,مشرفه کوچک,055464,6
24758,2404,منیصر,055465,6
24759,2404,نزهه,055466,6
24760,2404,یحیشه,055467,6
24761,2404,یزره,055468,6
24762,2404,یعار,055469,6
24763,2404,جهاد سازندگی غیزانیه,361830,6
24764,2404,کارخانه آسفالت راه توانا,361831,6
24765,2404,واحد بهره برداری مارون 6,361832,6
24766,2404,مجتمع دکه های سه راهی هفتگل,596241,6
24767,2404,شهیدشجیرات,806288,6
24768,2404,ام الدیای سه,806315,6
24769,2405,آب زهلی,057757,6
24770,2405,اندون,057758,6
24771,2405,بردپاره حسن,057759,6
24772,2405,تخت سبز,057760,6
24773,2405,جمعه,057761,6
24774,2405,چات سیاه,057762,6
24775,2405,چاه تاراز,057763,6
24776,2405,دراره فتح اله,057764,6
24777,2405,دشتمال,057765,6
24778,2405,دلا,057766,6
24779,2405,ده چل,057767,6
24780,2405,سلیمی,057769,6
24781,2405,سه اشگفتان,057770,6
24782,2405,شوار,057771,6
24783,2405,عجم,057772,6
24784,2405,کارتا,057773,6
24785,2405,کل کل,057774,6
24786,2405,کناری,057775,6
24787,2405,گادکوه,057776,6
24788,2405,ماوه,057777,6
24789,2405,محمدتقی,057778,6
24790,2405,نرگسی,057779,6
24791,2405,دهنو,057843,6
24792,2405,ابغار,057947,6
24793,2405,ابجاز,057948,6
24794,2405,ابچل,057949,6
24795,2405,آب خرزهره,057951,6
24796,2405,آبدره,057953,6
24797,2405,اصلان,057965,6
24798,2405,انجه,057966,6
24799,2405,اینه شکسته,057968,6
24800,2405,بادام زار,057969,6
24801,2405,بارون,057972,6
24802,2405,برآفتاب کاشکلی,057979,6
24803,2405,بزبخشان,057983,6
24804,2405,بنه احمد,057985,6
24805,2405,پشت پیان,057994,6
24806,2405,پنتی,057995,6
24807,2405,پیان سفلی,057996,6
24808,2405,پیان علیا,057997,6
24809,2405,تاکوتر,057999,6
24810,2405,تخت سراب,058000,6
24811,2405,تخت میان,058001,6
24812,2405,تنگ دیو کاشکلی,058006,6
24813,2405,توکک,058008,6
24814,2405,غفور,058009,6
24815,2405,جلا,058011,6
24816,2405,چال بردر,058016,6
24817,2405,چپی,058018,6
24818,2405,چزرگی,058020,6
24819,2405,چهارتنگال پایین,058024,6
24820,2405,چهار موران,058027,6
24821,2405,حسنقلی,058030,6
24822,2405,حمزه علی صالحی,058033,6
24823,2405,داور پناه,058035,6
24824,2405,دم آب کاشان,058036,6
24825,2405,دره اشگفت لیموچی,058040,6
24826,2405,خیمه گاه,058044,6
24827,2405,دره لبد,058048,6
24828,2405,دره ول,058049,6
24829,2405,دلی,058051,6
24830,2405,دو بلوطان,058054,6
24831,2405,سراب امید,058070,6
24832,2405,سرانبار کاشکلی,058075,6
24833,2405,سرتنگ,058078,6
24834,2405,تاشار,058079,6
24835,2405,سردره ول,058084,6
24836,2405,سررگ,058085,6
24837,2405,سررگ داورپناه,058086,6
24838,2405,سفیدار,058090,6
24839,2405,شکرته,058094,6
24840,2405,شمی,058096,6
24841,2405,شوسی کشته,058097,6
24842,2405,عبدالکریم,058102,6
24843,2405,علی حسین,058104,6
24844,2405,قیصر آباد,058107,6
24845,2405,گربلوط,058111,6
24846,2405,کفت چهوار,058112,6
24847,2405,کل چنار,058114,6
24848,2405,کل خنگک,058116,6
24849,2405,کناری,058120,6
24850,2405,کنفه,058121,6
24851,2405,گردن طاق,058127,6
24852,2405,گله مشک,058129,6
24853,2405,گوض بیلواحاجی نصراله,058133,6
24854,2405,لیموچی,058137,6
24855,2405,لادراز,058138,6
24856,2405,لاکوتا,058140,6
24857,2405,لاگلزار,058142,6
24858,2405,مازه باریک,058143,6
24859,2405,یادعلی,058156,6
24860,2405,شره,362123,6
24861,2406,اشکفت بزرگ,057387,6
24862,2406,پاچات,057401,6
24863,2406,پل آبدوغ,057406,6
24864,2406,چشمه خاتون,057413,6
24865,2406,دره خشک,057419,6
24866,2406,ده مورد,057423,6
24867,2406,رازوندون,057426,6
24868,2406,روزرک,057427,6
24869,2406,گله واری,057440,6
24870,2406,لیراب,057443,6
24871,2406,میانرگ,057447,6
24872,2406,آب خوگان,057804,6
24873,2406,آب راک دو,057805,6
24874,2406,آب راک یک,057806,6
24875,2406,ابراک اژگیل,057808,6
24876,2406,نهالستان شهید محمودی,057809,6
24877,2406,گلستان,057810,6
24878,2406,اشگفت گاو,057811,6
24879,2406,بردبران,057814,6
24880,2406,بردگپی,057815,6
24881,2406,بلوطک,057818,6
24882,2406,پای راه کل گرد,057823,6
24883,2406,پرچستان اورک شالو,057824,6
24884,2406,پرچستان فاضل,057825,6
24885,2406,پرچستان گورویی,057826,6
24886,2406,تکاب بندان,057828,6
24887,2406,چولکی,057831,6
24888,2406,چهارتنگ سفلی,057832,6
24889,2406,چهارتنگ علیا,057833,6
24890,2406,دالوزهرا,057839,6
24891,2406,قلعه کژدمک,057850,6
24892,2406,کل دوزخ دو,057852,6
24893,2406,کل دوزخ یک,057853,6
24894,2406,کول استری,057856,6
24895,2406,کول جاز,057857,6
24896,2406,کول زرد,057858,6
24897,2406,کول فرح,057859,6
24898,2406,کهباد دو,057860,6
24899,2406,کهباد یک,057861,6
24900,2406,کهشور داودعلی,057862,6
24901,2406,کهشور سفلی,057863,6
24902,2406,کهشور علیا,057864,6
24903,2406,کهشورعلی نظر,057865,6
24904,2406,لوایی,057869,6
24905,2406,آب چنار,057950,6
24906,2406,احمدآقا,057957,6
24907,2406,اردوت دلی,057961,6
24908,2406,اشکفت پهلو,057964,6
24909,2406,بنه قباد,057988,6
24910,2406,چم,058019,6
24911,2406,چولکی,058023,6
24912,2406,چیوه,058029,6
24913,2406,خداکرم,058034,6
24914,2406,دره اشکفت سراک,058039,6
24915,2406,دلی,058052,6
24916,2406,سراک سفلی,058072,6
24917,2406,سراک علیا,058073,6
24918,2406,سرتنکال,058077,6
24919,2406,عالی,058100,6
24920,2406,علی آباد,058103,6
24921,2406,کارنج,058108,6
24922,2406,کل چویل,058115,6
24923,2406,کل کارنج,058117,6
24924,2406,کل نرگس,058118,6
24925,2406,کل نرگس کارنج,058119,6
24926,2406,محمودخان,058145,6
24927,2406,امامزاده امیرالمومنین,361891,6
24928,2406,پاسگاه انتظامی,361892,6
24929,2406,پرچستان علی حسین مولا,361893,6
24930,2406,سنگ شکن بابایی,361894,6
24931,2406,سنگ شکنی رگ,361895,6
24932,2406,گاوداری اردشیراحمدی,361897,6
24933,2406,گاوداری الله دادمحمودی,361899,6
24934,2407,آب جازی,057803,6
24935,2407,ابیدی,057807,6
24936,2407,الهک,057812,6
24937,2407,بلوطک شیخان,057816,6
24938,2407,بلوطک لندی,057817,6
24939,2407,بنه حاجت,057819,6
24940,2407,بیضی تک,057821,6
24941,2407,پاگچ,057822,6
24942,2407,تکاب,057827,6
24943,2407,تلخاب,057829,6
24944,2407,خنگ اژدر,057834,6
24945,2407,خنگ اژدر علیای اول,057835,6
24946,2407,خنگ کرمعلی وند,057836,6
24947,2407,خنگ کمال وند,057837,6
24948,2407,خنگ یارعلی وند,057838,6
24949,2407,راسفند,057844,6
24950,2407,رباط,057845,6
24951,2407,کله ضرب,057854,6
24952,2407,کمراب,057855,6
24953,2407,لاپهن,057870,6
24954,2407,میانگران سفلی,057871,6
24955,2407,میانگران علیا,057872,6
24956,2407,تلخاب احمدی,058595,6
24957,2407,نوترکی احمدی,058629,6
24958,2407,نوترکی غریبی,058630,6
24959,2407,نوترکی طهماسبی,058631,6
24960,2407,نوترکی مختاری,058632,6
24961,2407,شهرک دامپروری,806493,6
24962,2408,شهرک آبزالو,058371,6
24963,2408,آبریزک,058373,6
24964,2408,آبریزکی,058374,6
24965,2408,شهرک بردبران,058379,6
24966,2408,بردزرد,058380,6
24967,2408,بردنشانده,058382,6
24968,2408,بل گروس,058383,6
24969,2408,بن کنار,058384,6
24970,2408,بنه مورت لاخشک,058386,6
24971,2408,بیشه شیرین,058388,6
24972,2408,پایتخت ورزرد,058389,6
24973,2408,پرخلیل,058390,6
24974,2408,پرسیاه,058391,6
24975,2408,تنباکو کار ابراهیم,058394,6
24976,2408,تنباکو کار علی,058395,6
24977,2408,تنباکو کار قاسمعلی,058396,6
24978,2408,جازستان,058397,6
24979,2408,جلوگیر,058398,6
24980,2408,چم ریحان,058399,6
24981,2408,چم عزیز,058400,6
24982,2408,چهار بیشه,058402,6
24983,2408,دره اشگفت,058408,6
24984,2408,دره باریک,058409,6
24985,2408,دره خل کمبو,058410,6
24986,2408,رزگاه,058421,6
24987,2408,دهگه,058424,6
24988,2408,دهگه شماره 2,058425,6
24989,2408,دهگه لالمیر,058426,6
24990,2408,دیدارگاه سفلی,058427,6
24991,2408,دیدارگاه علیا,058428,6
24992,2408,سرپوشیده,058434,6
24993,2408,سرتنگ دهگه,058435,6
24994,2408,سرمورد شماره دو,058437,6
24995,2408,سرموردکل,058438,6
24996,2408,سید کریم,058440,6
24997,2408,سید نظر,058441,6
24998,2408,شیخ خیری,058442,6
24999,2408,علی آباد,058445,6
25000,2408,قلعه سفیدسفلی,058448,6
25001,2408,قلعه سفیدعلیا,058449,6
25002,2408,کت بسته,058450,6
25003,2408,کج کلاه,058451,6
25004,2408,کمبو,058453,6
25005,2408,کناردون سفلی,058455,6
25006,2408,کناردون علیا,058456,6
25007,2408,کهریز,058461,6
25008,2408,لشگرگاه,058467,6
25009,2408,لاخشک,058468,6
25010,2408,نام نیها,058469,6
25011,2408,ورزردسفلی,058473,6
25012,2408,ورزردعلیا,058474,6
25013,2408,یگاوی,058475,6
25014,2408,آب زالو,362141,6
25015,2408,چاه شماره یک,362155,6
25016,2409,بی بی گل مرده سفلی,056991,6
25017,2409,بی بی گل مرده علیا,056992,6
25018,2409,بختیار,057813,6
25019,2409,بید زرد,057820,6
25020,2409,تنگ کوره,057830,6
25021,2409,دورک زنان سفلی,057840,6
25022,2409,دورک زنان علیا,057841,6
25023,2409,دوشلواری,057842,6
25024,2409,سیف اله سعیدی,057846,6
25025,2409,شاهین,057847,6
25026,2409,علی فتح,057849,6
25027,2409,کتف ناشلیل,057851,6
25028,2409,گودگچ سفلی,057866,6
25029,2409,گودگچ علیا,057867,6
25030,2409,گوراب,057868,6
25031,2409,نال اشکنون,057873,6
25032,2409,امیرآباد,058377,6
25033,2409,بنه رحمالی,058385,6
25034,2409,چشمه کره,058401,6
25035,2409,حصار,058405,6
25036,2409,خدر آباد,058406,6
25037,2409,شیخ دزی,058443,6
25038,2409,کون سرخ گودبن,058460,6
25039,2409,گودتلفن,058465,6
25040,2409,ابله سفلی,058584,6
25041,2409,ابله علیا,058585,6
25042,2409,اشترگرد,058586,6
25043,2409,اشگفت بابامیر,058587,6
25044,2409,اکبرآباد,058588,6
25045,2409,باغ انار,058589,6
25046,2409,بنه نجفقلی,058590,6
25047,2409,پرسوراخ,058591,6
25048,2409,تپولی,058592,6
25049,2409,ترکاب,058593,6
25050,2409,گمیک سفلی,058594,6
25051,2409,تنگ اندری,058596,6
25052,2409,غلام,058597,6
25053,2409,جوغ بند,058598,6
25054,2409,جه جه,058599,6
25055,2409,چم عرب,058601,6
25056,2409,چنارستان,058602,6
25057,2409,دره کرته,058603,6
25058,2409,دره گچی,058604,6
25059,2409,سرقلعه هلایجان,058606,6
25060,2409,سرکان سفلی,058607,6
25061,2409,سرکان علیا,058608,6
25062,2409,سرگچ,058609,6
25063,2409,سه بلوطان,058610,6
25064,2409,شورباریک,058611,6
25065,2409,شورتنگ,058612,6
25066,2409,شهرک طالقانی,058613,6
25067,2409,قلعه سرخه,058615,6
25068,2409,کروک,058616,6
25069,2409,کنارلکه,058617,6
25070,2409,گمیک علیا,058619,6
25071,2409,گمیک وسطی,058620,6
25072,2409,گنجانک,058621,6
25073,2409,گورخر,058622,6
25074,2409,مال سیدی سفلی,058623,6
25075,2409,مال سیدی علیا,058624,6
25076,2409,منی یر,058625,6
25077,2409,موردغفار,058626,6
25078,2409,موردفل,058627,6
25079,2409,موردولیخان,058628,6
25080,2409,نوروزعلی,058633,6
25081,2409,جونو,361845,6
25082,2409,هزارمنی,361846,6
25083,2409,شیرین آب,361848,6
25084,2409,پادگان آموزشی قدس,361854,6
25085,2409,بی سیم,361855,6
25086,2409,پیریعقوب,361856,6
25087,2409,جوغ نسه,361857,6
25088,2409,سنگ شکن داوودی,361858,6
25089,2409,کارخانه گچ سلطان اورکی,361859,6
25090,2409,گنداوه,361860,6
25091,2409,تنگ پلنگی,361861,6
25092,2409,پاسگاه انتظامی هلایجان,361862,6
25093,2409,مرغداری غفار عبدی پور,806428,6
25094,2410,آبید,057956,6
25095,2410,بره ده,057982,6
25096,2410,بنشتی,057984,6
25097,2410,بنه شنبه,057987,6
25098,2410,پاتوه,057989,6
25099,2410,پس تنگ,057992,6
25100,2410,پس چات,057993,6
25101,2410,تلخاب,058003,6
25102,2410,جنگه,058012,6
25103,2410,چال ابزا,058015,6
25104,2410,چیزندان,058028,6
25105,2410,درب کاظم,058037,6
25106,2410,دره بنه ها,058041,6
25107,2410,دره چینه,058042,6
25108,2410,دره خشک,058043,6
25109,2410,دره زنگ,058045,6
25110,2410,دره قباد,058046,6
25111,2410,دره کر سیاه,058047,6
25112,2410,دورک,058057,6
25113,2410,ده دربه,058061,6
25114,2410,دیدار قلی,058066,6
25115,2410,سرتنگ فالح,058080,6
25116,2410,سرتوره ها,058081,6
25117,2410,سه چاه,058092,6
25118,2410,شله دون,058095,6
25119,2410,فالح سرقلعه,058105,6
25120,2410,قریه تیمور,058106,6
25121,2410,کولگاه,058123,6
25122,2410,لهلشتا,058136,6
25123,2410,لارم,058139,6
25124,2410,لاکورگان,058141,6
25125,2410,ممبین,058146,6
25126,2410,موللی,058148,6
25127,2410,چیدنک,361981,6
25128,2410,مورد,361995,6
25129,2410,هوفل,361996,6
25130,2411,آب نیک,057952,6
25131,2411,ابزهلو,057954,6
25132,2411,ابوژدان,057955,6
25133,2411,ادین علی نظری,057958,6
25134,2411,اردفه,057959,6
25135,2411,اردوت درویش,057960,6
25136,2411,اردوت کل,057962,6
25137,2411,اردوت نظر,057963,6
25138,2411,انجیرستان,057967,6
25139,2411,بادی,057970,6
25140,2411,باران,057971,6
25141,2411,باریان,057973,6
25142,2411,برآفتاب,057974,6
25143,2411,برآفتاب امان اله,057975,6
25144,2411,برآفتاب چاه دوپوک,057976,6
25145,2411,برآفتاب چویل,057977,6
25146,2411,برآفتاب سعیدی,057978,6
25147,2411,بردزرد,057980,6
25148,2411,بردمیل,057981,6
25149,2411,بنه تیمور,057986,6
25150,2411,پارده,057990,6
25151,2411,پره,057991,6
25152,2411,پیرانشاهی,057998,6
25153,2411,ترشک,058002,6
25154,2411,تلخاب برهروا,058004,6
25155,2411,تلخاب مشقلی,058005,6
25156,2411,تنگزیرگل بردر,058007,6
25157,2411,جواد سعیدی,058013,6
25158,2411,جوکار,058014,6
25159,2411,چاه دوپوک,058017,6
25160,2411,چلویر,058021,6
25161,2411,چولک ریزک,058022,6
25162,2411,چهارقاش,058025,6
25163,2411,چهارقاش,058026,6
25164,2411,حسینعلی,058032,6
25165,2411,درویش سعیدی,058038,6
25166,2411,دست کرتان,058050,6
25167,2411,دلی,058053,6
25168,2411,دو بلوطان,058055,6
25169,2411,دوپوک انصاری,058056,6
25170,2411,دورک,058058,6
25171,2411,ده ثریا,058059,6
25172,2411,ده حوض,058060,6
25173,2411,ده شیخ,058062,6
25174,2411,ده کهنه,058063,6
25175,2411,ده میران,058064,6
25176,2411,دهداران,058065,6
25177,2411,دیمه ترو,058067,6
25178,2411,سراب,058069,6
25179,2411,سرافراز,058071,6
25180,2411,سرانبار,058074,6
25181,2411,سرتل,058076,6
25182,2411,سرچشمه تلخاب,058082,6
25183,2411,سرداب صیفور,058083,6
25184,2411,سرقلعه,058087,6
25185,2411,سرقلعه پلمی,058088,6
25186,2411,سرقلعه زیوار,058089,6
25187,2411,سوسنبل,058091,6
25188,2411,شیمن,058098,6
25189,2411,سید مراد مهدی پور,058099,6
25190,2411,عباسعلی,058101,6
25191,2411,کبوترگران,058109,6
25192,2411,کپک,058110,6
25193,2411,کل,058113,6
25194,2411,کولخران,058122,6
25195,2411,کهنه بهرامی,058124,6
25196,2411,گچگان,058125,6
25197,2411,گردخانه,058126,6
25198,2411,گله,058128,6
25199,2411,گلال,058130,6
25200,2411,گندال زار,058131,6
25201,2411,گوراب,058132,6
25202,2411,گیلان,058134,6
25203,2411,لولو,058135,6
25204,2411,مال ویران,058144,6
25205,2411,منجفکه,058147,6
25206,2411,مهرنان,058149,6
25207,2411,مهرنان حیدری,058150,6
25208,2411,میان گلالان,058151,6
25209,2411,ناصرکوه,058152,6
25210,2411,نپیان,058153,6
25211,2411,نجفقلی,058154,6
25212,2411,هزارمیشی,058155,6
25213,2411,یگاوی,058157,6
25214,2411,شیمن زیراب,361976,6
25215,2411,تنگ رشید,364765,6
25216,2411,پاسگاه انتظامی سوسن غربی,364766,6
25217,2412,ستاد حمل و نقل بندر امام,059954,6
25218,2412,شرکت حمل و نقل سادن,059955,6
25219,2412,شرکت صادرات خرمازوداشنا,059956,6
25220,2412,اسکله بندر امام,362325,6
25221,2412,ایستگاه برق 33/132 سربندر جدید,362350,6
25222,2412,بهشت شهدا,362351,6
25223,2412,جهاد احداث راه آهن دوخطه,362352,6
25224,2412,آبادگران رهساز پرشیا,362353,6
25225,2412,شرکت عمران فلات پدیده جنوب,362354,6
25226,2412,شهرک ولی عصر,362355,6
25227,2412,انبار کارتن/ تیرچه بلوک زلقی,362356,6
25228,2412,جایگاه بهداشتی احشام,362357,6
25229,2412,شرکت حامد ماهشهر DEPO نمک,362359,6
25230,2412,شرکت حمل و نقل آدینه جنوب,364306,6
25231,2412,شرکت ملی فولاد ایران,364308,6
25232,2412,مجتمع شیمیایی ذکریای رازی,364309,6
25233,2412,شرکت سهامی شیمیایی فارابی,364310,6
25234,2412,شرکت پلی اکریل ماهشهر,364311,6
25235,2412,شرکت سهامی پتروشیمی بندرامام,364313,6
25236,2412,شرکت تاید واتر انبار ناحیه خوزستان (سایت اختصاصی),364316,6
25237,2412,کارگاه عمل اورمیگو ماهشهر,364317,6
25238,2412,ترمینال گلف اجنسی,364318,6
25239,2412,شرکت حمل و نقل درساباد,364321,6
25240,2412,شرکت حمل و نقل آرمان پرواز هگمتانه,364323,6
25241,2412,شرکت حمل و نقل آسایش,364326,6
25242,2412,شرکت حمل و نقل جهان استقلال,364462,6
25243,2412,پارک ساحلی بندر امام,364617,6
25244,2412,شرکت کشتی سازی میلاد,364618,6
25245,2412,پارکینگ فناروان صنعت آبی نگین,364620,6
25246,2412,کشتارگاه شهرداری بندرامام,364622,6
25247,2412,پاسگاه ساحلی بندرامام,364624,6
25248,2412,ایستگاه برق سادلمی 32/11,364625,6
25249,2412,شرکت حمل و نقل شاهین بحر,364626,6
25250,2412,منطقه ویژه اقتصادی,364753,6
25251,2412,پشتیبانی امور دام کشور,806013,6
25252,2412,حمل و نقل نیک بر,806014,6
25253,2412,شرکت روغن کشی ماهیدشت قصبه بندر امام,806015,6
25254,2412,مرغداری شجاعی,806016,6
25255,2412,موسسه امام علی,806017,6
25256,2412,مرغداری شدیده شوریده,806018,6
25257,2412,کارخانه آسفالت شهرداری بندر امام,806019,6
25258,2412,شرکت بوتان ران,806020,6
25259,2412,واحد تهیه نمک از آب دریا,806021,6
25260,2412,کارخانه نمک اروند,806022,6
25261,2412,شستشوی ضدعفونی پاسارگاد (سرحدی),806206,6
25262,2412,ستاد امنیت دریایی,806308,6
25263,2412,شهرک صنعتی بندر امام,806368,6
25264,2412,پایگاه امداد و نجات بین شهری امام صادق,806369,6
25265,2412,یگان دریایی حفاظت آبزیان شیلات خوزستان,806376,6
25266,2412,شرکت امیر ابوذر الوند,806377,6
25267,2412,اداره کل گمرک بندرامام,806539,6
25268,2412,شرکت تلاشگران آبی دریایی پارس,806540,6
25269,2412,پاسگاه مرزی,806541,6
25270,2412,جایگاه بازیافت شهرداری,806542,6
25271,2412,شرکت شستشو و ضدعفونی ارجان,806543,6
25272,2412,جایگاه سوخت شهدای بندر امام,806554,6
25273,2413,بستین,059978,6
25274,2413,بنیوار سفلی,059979,6
25275,2413,بنیوار علیا,059980,6
25276,2413,چم مهاوی,059981,6
25277,2413,هدامه سفلی,059982,6
25278,2413,هدامه علیا,059983,6
25279,2413,هدامه وسطی,059984,6
25280,2413,حدید,059985,6
25281,2413,حریه,059986,6
25282,2413,شلیوط,059988,6
25283,2413,گمبزون,059989,6
25284,2413,بنیوار وسطی,059991,6
25285,2413,مکینه عبدالحسین تابع مگطوعی,059993,6
25286,2413,مکسر سفلی,059994,6
25287,2413,مکسر علیا,059995,6
25288,2413,مکسرمگاطیف,059996,6
25289,2413,مکسر وسطی,059997,6
25290,2413,ابوحنیور,060018,6
25291,2413,ابوسیله سفلی,060019,6
25292,2413,ابوسیله علیا,060020,6
25293,2413,ابوعلایج سفلی,060021,6
25294,2413,ابوعلایج علیا,060022,6
25295,2413,ابوعلایج وسطی,060023,6
25296,2413,آلبوحردان سفلی,060024,6
25297,2413,آلبوحردان علیا,060025,6
25298,2413,ایستگاه گرگر,060028,6
25299,2413,پادگان هوایی شهید بهشتی,060031,6
25300,2413,تخیط سفلی,060032,6
25301,2413,تخیط علیا,060033,6
25302,2413,تویجیه بالا,060034,6
25303,2413,تویجیه پایین,060035,6
25304,2413,ثلث علیا,060036,6
25305,2413,چم سید لطیف,060037,6
25306,2413,حماد,060038,6
25307,2413,خلافیات,060039,6
25308,2413,خمزه سفلی,060040,6
25309,2413,خمزه علیا,060041,6
25310,2413,دب امیر,060042,6
25311,2413,دلس,060043,6
25312,2413,ذلیه سفلی,060044,6
25313,2413,ذلیه علیا,060045,6
25314,2413,کارگاه کامپوس (کود حیوانی),060046,6
25315,2413,روفه,060047,6
25316,2413,سدیره سفلی,060048,6
25317,2413,سدیره علیا,060049,6
25318,2413,سریمه,060050,6
25319,2413,شرکت ساختمانی ژیان,060056,6
25320,2413,شکاره,060059,6
25321,2413,شهرک قدس,060064,6
25322,2413,عگله میاح,060067,6
25323,2413,کوت,060069,6
25324,2413,کویمه,060070,6
25325,2413,گرگر,060071,6
25326,2413,محیدر,060072,6
25327,2413,مقطوع علیا,060075,6
25328,2413,مقطوع سفلی,060076,6
25329,2413,مقطوع وسطی,060077,6
25330,2413,منجیه,060079,6
25331,2413,موسسه عزیز عساکره,060080,6
25332,2413,حدود,060081,6
25333,2413,هشچه سفلی,060082,6
25334,2413,هشچه علیا,060083,6
25335,2413,هشچه مکینه,060084,6
25336,2413,هوفل,060085,6
25337,2413,هویره دایخ,060086,6
25338,2413,هویره روشید,060087,6
25339,2413,هویره شرهان,060088,6
25340,2413,خصافیات,060282,6
25341,2413,پاسگاه انتظامی شولی,362175,6
25342,2413,دامداری مش انبر قبله ای,362190,6
25343,2413,دامداری مش انبر کهبادی,362191,6
25344,2413,مجتمع مسکونی بنفشه,362251,6
25345,2413,بندر صادراتی ماهشهر,362281,6
25346,2413,انبار پروژه نفت خیز آبادان,362284,6
25347,2413,ایستگاه برق 132 کیلو وات,362285,6
25348,2413,ایستگاه برق شرکت نفت,362287,6
25349,2413,پادگان الغدیر سالومه دریایی,362288,6
25350,2413,پالایشگاه گاز بیدبلند بهبهان,362290,6
25351,2413,تاسیسات آبرسانی جراحی,362291,6
25352,2413,تلمبه خانه آب حوضچه های نمک,362294,6
25353,2413,دامداری فجر,362296,6
25354,2413,دامداری محمودرفیعی,362297,6
25355,2413,بلوک زنی دژ,362298,6
25356,2413,راهدارخانه جهاد,362299,6
25357,2413,شهرک آیت الله مدنی,362301,6
25358,2413,فرستنده رادیویی ماهشهر,362302,6
25359,2413,قبرستان باغ رضوان,362303,6
25360,2413,شرکت نوشابه سازی نامی نوش,362305,6
25361,2413,شرکت پودر ماهی ستاره بندر,362307,6
25362,2413,پادگان مهندسی منطقه سوم ندسا,362309,6
25363,2413,مجیدیه,362311,6
25364,2413,مرغداری عبدالزهرا طعیمی,362312,6
25365,2413,مرغداری نعیم قنواتی زاده (22 بهمن),362313,6
25366,2413,مرغداری عساکره,362314,6
25367,2413,مرغداری کریم عساکره,362315,6
25368,2413,شرکت تولید اروند سیکلت,362316,6
25369,2413,مرغداری رمضان غبیشاوی,362317,6
25370,2413,مرغداری عبدالخدرقنواتی,362318,6
25371,2413,مرغداری البوصبیح,362319,6
25372,2413,مرغداری حاج ابراهیم عساکره,362320,6
25373,2413,مرغداری جبارعساکره,362321,6
25374,2413,مرغداری کریم عنایتی,362322,6
25375,2413,مرغداری نعیم قنواتی زاده,362323,6
25376,2413,مرغداری مهدی مسلمی,362324,6
25377,2413,انبارهای کالاهای مازاد حمل و نقل سبک و سنگین,364611,6
25378,2413,انبارهای شرکت مدیریت و توسعه,364612,6
25379,2413,مرغداری سیدالشهدا,364614,6
25380,2413,پادگان جوادالایمه,364615,6
25381,2413,کارخانه کنسروسازی هامورجنوب,364616,6
25382,2413,کارخانه پودر صدف سید یابر موسوی,364741,6
25383,2413,کارخانه تهیه خوراک دام طیور فجر ماهشهر,364742,6
25384,2413,ایستگاه 400 وات مهندسی وحدانی ماهشهر,364743,6
25385,2413,مجتمع بزرگ دامپروری ماهشهر,364744,6
25386,2413,شهرک صنعتی ماهشهر,364745,6
25387,2413,شرکت فرج راه شادگان,364746,6
25388,2413,دامداری شکور (مرکز خدمات جهاد کشاورزی),364748,6
25389,2413,شرکت پرپین بندر,364749,6
25390,2413,ایستگاه تنظیم فشار گاز,364751,6
25391,2413,شرکت سنگ سامی,364770,6
25392,2413,دامداری شهیبی,806023,6
25393,2413,شرکت عطاریان,806024,6
25394,2413,پمپ بنزین اتحاد,806025,6
25395,2413,کارخانه تولید خوراک دام چمران ماهشهر طعیمی,806026,6
25396,2413,شرکت سازه های بتونی خیبر,806027,6
25397,2413,پادگان جزیره قمر,806028,6
25398,2413,شرکت سفید دانه جنوب,806029,6
25399,2413,دامداری علی پور شریف,806030,6
25400,2413,ایستگاه برق بنادر 230/32/33,806205,6
25401,2413,مجموعه تفریحی قایقرانی ساحل,806207,6
25402,2413,مرکز خرید گندم دور انیش,806208,6
25403,2413,موسسه جرثقیل سپاهان,806209,6
25404,2413,جایگاه CNG خلیج فارس,806210,6
25405,2413,شرکت فولاد بتنی ماهشهر آریا,806211,6
25406,2413,تولید مرغ گوشتی تی تی,806212,6
25407,2413,گردان پدافند هوایی جوادالایمه,806213,6
25408,2413,مجتمع گاوداری ماهشهر,806214,6
25409,2413,دامداری رحیم عساکره,806216,6
25410,2413,دامداری ابراهیم بنی سعید,806217,6
25411,2413,جایگاه سوخت ذوالفقار,806218,6
25412,2413,انبار علوفه امانی,806219,6
25413,2413,انبارهای پشتیبانی شرکت قاید واتر خاورمیانه,806220,6
25414,2413,مجتمع سردخانه کوثر ماهشهر,806221,6
25415,2413,شرکت راهداران کشور,806222,6
25416,2413,انبار پدافند هوایی,806223,6
25417,2413,مرکز معاینه فنی خودروهای سنگین قنواتی,806309,6
25418,2413,رحیم آباد,806340,6
25419,2413,پمپ بنزین هندیجان - ماهشهر نگین,806484,6
25420,2413,کارخانه آسفالت کریم ابراهیمی,806485,6
25421,2413,کارخانه آسفالت 120 تنی توسعه گران (آریا سیویل),806486,6
25422,2413,کارخانه آسفالت فرج راه,806487,6
25423,2413,کارخانه تولید آسفالت 60 تنی آبادگران مهاز پرشیا,806488,6
25424,2413,دامداری مشنبر,806489,6
25425,2413,مرغداری سایه ستاره پر (عبادی),806490,6
25426,2413,چاه نفت منطقه سریم,806522,6
25427,2413,شبیبه,806527,6
25428,2413,شرکت طراحی و ساخت کناره گزاری بندر ماهشهر هندیجان,806544,6
25429,2413,جایگاه سوخت شهید شریعت نژاد,806545,6
25430,2413,کارخانه تولید پودر ماهی ایمن جنوب,806546,6
25431,2413,شرکت رامین تولید خوزستان (مرغداری),806547,6
25432,2413,نیروگاه گازی ماهشهر گروه مبنا,806548,6
25433,2413,کارخانه آسفالت شهرداری چمران,806549,6
25434,2413,خورشه مایلی بندر ماهشهر,806550,6
25435,2413,اورژانس جاده ماهشهر اهواز,806551,6
25436,2413,دامپروری گوشتی 200 راس زهیری,806552,6
25437,2413,ایستگاه برق 40 مایل 230,806553,6
25438,2414,تل چگاه سفلی,060469,6
25439,2414,تل سیاست,060471,6
25440,2414,تل گرسنه,060472,6
25441,2414,تل گوینه,060473,6
25442,2414,جولاهی,060474,6
25443,2414,چاه شیرین,060475,6
25444,2414,چم کرته,060476,6
25445,2414,چشمه شیخ,060477,6
25446,2414,چشمه مراد,060478,6
25447,2414,چهار کنارون,060479,6
25448,2414,خواجه خضر,060480,6
25449,2414,داربهاره,060481,6
25450,2414,دارعلایی,060482,6
25451,2414,درونک,060483,6
25452,2414,سلامه سفلی,060484,6
25453,2414,سلامه علیا,060485,6
25454,2414,سلامه وسطی,060486,6
25455,2414,شاه سلمان,060487,6
25456,2414,شهرکهنه,060488,6
25457,2414,عبدی خانی,060489,6
25458,2414,قلعه تیمی,060490,6
25459,2414,قلعه کوچک,060491,6
25460,2414,گاوکده,060492,6
25461,2414,لنگیرسفلی,060493,6
25462,2414,لنگیرعلیا,060494,6
25463,2414,لنگیروسطی,060495,6
25464,2414,له بید,060496,6
25465,2414,گناسی,362444,6
25466,2415,تل چگاه علیا,060470,6
25467,2415,اسلام آباد,060526,6
25468,2415,پارادیس,060527,6
25469,2415,پازنان دو,060528,6
25470,2415,چم,060529,6
25471,2415,چم بوستان,060530,6
25472,2415,حیدر کرار,060531,6
25473,2415,ده بیشه علیا,060532,6
25474,2415,دهنو,060533,6
25475,2415,شله زاریک,060535,6
25476,2415,قلعه دژ,060536,6
25477,2415,قلعه گلاب,060537,6
25478,2415,قلعه گپی,060538,6
25479,2415,کنجیگان,060540,6
25480,2415,میدانک قلعه دژ,060541,6
25481,2415,آباد,060562,6
25482,2415,برج یوسفی,060563,6
25483,2415,چشمه سردو,060564,6
25484,2415,سعادت آباد,060565,6
25485,2415,سید نصرالدین محمد,060566,6
25486,2415,قلعه کعبی,060567,6
25487,2415,محمود آباد,060568,6
25488,2415,شله زاردو,362437,6
25489,2415,تخت علی زالی,362438,6
25490,2415,مجتمع صنعتی پازنان 2,806239,6
25491,2415,شرکت سنگ شکن بیندراه,806240,6
25492,2415,شرکت فنی و ساختمانی تهران جنوب,806241,6
25493,2415,مجتمع کارگاههای صنعتی اباذر,806242,6
25494,2415,شرکت سنگ شکن زیدون,806243,6
25495,2415,شرکت روغن نباتی ارجان نوین,806244,6
25496,2415,تاسیسات آبرسانی بازنان 2 سردشت,806245,6
25497,2415,ایستگاه تقویت فشار گاز سردشت,806246,6
25498,2415,یارد تعمیراتی سردشت,806250,6
25499,2415,شرکت سایبر,806580,6
25500,2415,تاسیسات آبرسانی روستایی زیدون,806581,6
25501,2415,کارگاه سید خیرآباد,806582,6
25502,2415,مرغداری برادران پیرونی,806583,6
25503,2416,امامزاده محمد,060684,6
25504,2416,باغ بابا,060685,6
25505,2416,برج بمونی آقا,060687,6
25506,2416,بهزادی,060688,6
25507,2416,بهمن آباد,060689,6
25508,2416,پاسگاه انتظامی پل مارون,060694,6
25509,2416,تیله کوه,060702,6
25510,2416,چاه بوعلی,060705,6
25511,2416,چاه رضا آقا,060706,6
25512,2416,چاه ماری,060707,6
25513,2416,چم سیاه,060708,6
25514,2416,چم مناف,060710,6
25515,2416,چهار آسیاب,060716,6
25516,2416,حاجی ملک,060720,6
25517,2416,حضرت علی,060723,6
25518,2416,خارستان سفلی,060724,6
25519,2416,خارستان علیا,060725,6
25520,2416,دره گرمابه,060727,6
25521,2416,دوگوش,060733,6
25522,2416,دولت آباد,060734,6
25523,2416,سرحدآقا,060735,6
25524,2416,سنگ شکن تعاونی گروه 31,060737,6
25525,2416,سه کنار,060738,6
25526,2416,شیرعلی,060742,6
25527,2416,قلعه بلند,060746,6
25528,2416,قلعه تقی,060748,6
25529,2416,گرمزسفلی,060756,6
25530,2416,گرمزعلیا,060757,6
25531,2416,گله خر,060760,6
25532,2416,گودلنگری,060761,6
25533,2416,لاسبید,060762,6
25534,2416,مزرعه قنواتی,060763,6
25535,2416,منگلاس بزرگ,060766,6
25536,2416,منگلاس کوچک,060767,6
25537,2416,شاه زندان,060768,6
25538,2416,ولی آباد,060770,6
25539,2416,اسلام آباد علیا,060777,6
25540,2416,امین آباد,060912,6
25541,2416,بنه انبار,060913,6
25542,2416,پارک جنگلی,060914,6
25543,2416,تلمبه خانه,060915,6
25544,2416,تنگ تکاب,060916,6
25545,2416,تنگ شیخ,060918,6
25546,2416,چاه ریگک,060919,6
25547,2416,خاییز,060920,6
25548,2416,دره بازار,060921,6
25549,2416,دره پهن,060922,6
25550,2416,دره لیر,060923,6
25551,2416,سالار آباد,060924,6
25552,2416,شهرک وحدت,060926,6
25553,2416,علمدار,060927,6
25554,2416,قدمگاه امام رضا,060928,6
25555,2416,قلعه سید,060929,6
25556,2416,کارخانه سیمان فارس و خوزستان,060930,6
25557,2416,کریم آباد,060931,6
25558,2416,هنرستان کشاورزی شهدای خیبر,060932,6
25559,2416,مجموعه کوره پزخانه,060933,6
25560,2416,خیرآباد گهر,230470,6
25561,2416,قلعه مدرسه,230479,6
25562,2416,محمد آباد,230487,6
25563,2416,اسلام آباد سفلی,362404,6
25564,2416,تصفیه خانه آب بهبهان,362409,6
25565,2416,تل شیرازی,362410,6
25566,2416,سد شهدا,362412,6
25567,2416,ایستگاه برق اصلی بهبهان,362414,6
25568,2416,طرح سدمخزنی مارون,362415,6
25569,2416,قریه نور,362417,6
25570,2416,گاوداری رنجبرها,362418,6
25571,2416,گاوداری عوضی نژاد,362419,6
25572,2416,گاوداری کریم فرهی,362420,6
25573,2416,گاوداری برادران غالبی,362421,6
25574,2416,مزرعه سیدصفاسیدی پور,362422,6
25575,2416,مزرعه صالحی نسب,362423,6
25576,2416,مرکزتحقیقات کشاورزی,362424,6
25577,2416,مزرعه اردشیر علی پوردانشی,362425,6
25578,2416,دامداری غلمبانیان,362428,6
25579,2416,موسسه اسدی محمدی,362429,6
25580,2416,ایستگاه تکثیر بذر گیاهان,362430,6
25581,2416,امامزاده روشنی مهر,364284,6
25582,2416,شهرک صنعتی,364386,6
25583,2416,پابیل کنی,364387,6
25584,2416,مزرعه نصیرخانی,364388,6
25585,2416,مزرعه خسروصالحی نسب,364389,6
25586,2416,مزرعه حاجیان پور,364390,6
25587,2416,شهرک دانشگاه ولیعصر,364391,6
25588,2416,گاوداری عبدالرضا گودرزی,364395,6
25589,2416,مجتمع انبارها,364532,6
25590,2416,مرغداری مروج,364533,6
25591,2416,مجتمع دامداریهای جاده زیدون,364536,6
25592,2416,مزرعه متانت,364542,6
25593,2416,شهرک دامداری,364740,6
25594,2416,مرغداری 94ایثارگران,364782,6
25595,2416,شهرک اسکان عشایر,806007,6
25596,2416,شرکت تعاونی 93 ایثارگران,806224,6
25597,2416,شرکت تعاونی 92 ایثارگران,806225,6
25598,2416,پمپ بنزین کارگاههای صنعتی,806226,6
25599,2416,مرغداری فاضل شاگردی,806227,6
25600,2416,کشتارگاه صنعتی دام,806228,6
25601,2416,شهرک صنعتی,806229,6
25602,2416,مرغداری افتخاری,806230,6
25603,2416,کارخانه شیر و فرآورده های لبنی رویا,806231,6
25604,2416,تیرچه بلوک یزدانی,806232,6
25605,2416,موسسات کشاورزی تاجمیری,806233,6
25606,2416,سنگ شکن چنگیزی,806234,6
25607,2416,کشتارگاه شیرین مرغ,806235,6
25608,2416,کارگا ه آبرسانی جنوب شرق خوزستان,806236,6
25609,2416,سنگ شکن آسیا,806237,6
25610,2416,سنگ شکن شهرداری بهبهان,806238,6
25611,2416,سنگ شکن اطلسی,806251,6
25612,2416,ایستگاه پمپاژ بنه باشت,806252,6
25613,2416,مرغداری عباسیان,806253,6
25614,2416,شهرک صنعتی دامداران گرمز,806254,6
25615,2416,مجتمع آموزشی و تحقیقاتی دانشکده کشاورزی و دامپروری,806255,6
25616,2416,مزرعه حبیب اله ورزشی,806256,6
25617,2416,شرکت پرواربندی آذر دام,806257,6
25618,2416,مرغداری رضا,806258,6
25619,2416,مرغداری صالحی نصب,806259,6
25620,2416,مرغداری عباس,806260,6
25621,2416,گاوداری قنواتی,806261,6
25622,2416,گاوداری بدره,806262,6
25623,2416,مزرعه محمدی,806263,6
25624,2416,مزرعه زمانی,806264,6
25625,2416,گاوداری علی چوپانی,806265,6
25626,2416,مرغداری عبداله زاده و رزمجو,806266,6
25627,2416,شرکت تعاونی دامپروران ارجان,806267,6
25628,2416,مرغداری طباخی,806268,6
25629,2416,مجتمع دامداری و کارگاههای صنعتی جاده قدیم بهبهان - آقاج,806269,6
25630,2416,ایستگاه تقلیل فشار گاز و حومه,806270,6
25631,2416,مرغداری امینی,806271,6
25632,2416,دامداری زارعی,806272,6
25633,2416,سد تنظیمی آریو برزن,806584,6
25634,2416,ندامتگاه500 نفری (زندان),806585,6
25635,2416,پروژه طرح آب پالایشگاه بیدبلند,806586,6
25636,2416,مجتمع ارگ آفتاب,806587,6
25637,2416,گاوداری بخشی,806588,6
25638,2416,دامداری محمدی نیا,806589,6
25639,2416,مزرعه چوپانی,806590,6
25640,2416,باغ نرگس زار هیهان,806591,6
25641,2416,شرکت ابنیه سازان کشور (بوجاری گندم),806592,6
25642,2416,گاوداری احسان اکبری,806593,6
25643,2416,پمپ بنزین سلیمانی,806594,6
25644,2416,مرغداری امین آباد,806595,6
25645,2416,مجتمع رستوران صدف,806596,6
25646,2416,شرکت جهاد نصر,806597,6
25647,2416,نخلستان باغ ذاکر,806598,6
25648,2417,امامزاده امیر حاضر,060683,6
25649,2417,بدلی,060686,6
25650,2417,پرچله زار,060696,6
25651,2417,جغ کوتک,060703,6
25652,2417,حسین آباد,060721,6
25653,2417,حسین آباد شیخ,060722,6
25654,2417,سیلابک,060739,6
25655,2417,شهرک کردستان,060740,6
25656,2417,قلعه پولادی,060747,6
25657,2417,قلعه تیله کوه,060749,6
25658,2417,کردستان بزرگ,060750,6
25659,2417,کردستان کوچک,060751,6
25660,2417,کره سیاه تلخ,060752,6
25661,2417,کره سیاه شیرین,060753,6
25662,2417,کوتک جاجی آقا,060754,6
25663,2417,کوتک محمدکریم,060755,6
25664,2417,ملامهدی,060764,6
25665,2417,منصوربیگی,060765,6
25666,2417,می بس,060769,6
25667,2417,اسدآباد,060868,6
25668,2417,آل طیب,060869,6
25669,2417,امامزاده جعفر,060870,6
25670,2417,بالنگستان,060871,6
25671,2417,پشگر,060872,6
25672,2417,تل بردی,060873,6
25673,2417,حسنقلی خان,060874,6
25674,2417,دودانگه بزرگ,060875,6
25675,2417,دودانگه کوچک,060876,6
25676,2417,شهرویی,060880,6
25677,2417,قالند سفلی,060881,6
25678,2417,قالند علیا,060882,6
25679,2417,قالند وسطی,060883,6
25680,2417,قنبری,060884,6
25681,2417,کیکاوس,060885,6
25682,2417,گراب علیا,060886,6
25683,2417,محمدآقا آقاجاری,060887,6
25684,2417,مشهدی محمد,060888,6
25685,2417,اردوگاه امور تربیتی,362384,6
25686,2417,پادگان شهید شمایلی,362385,6
25687,2417,کوره گچ پزی,362386,6
25688,2417,مخزن آب شماره 2,362387,6
25689,2417,مرغداری گله بان,362388,6
25690,2417,پالایشگاه گاز بیدبلند 2,806249,6
25691,2417,گاوداری غریب سروشی,806277,6
25692,2417,مجتمع گردش گردی و آب درمانی گراب,806278,6
25693,2417,تعاونی شماره 88 کشاورزی و دامداری مهندس خریاپی,806600,6
25694,2418,آهنگران,060595,6
25695,2418,ایمور,060596,6
25696,2418,بالیاوی,060597,6
25697,2418,بجک,060598,6
25698,2418,برج موسوی,060599,6
25699,2418,بنیاب,060600,6
25700,2418,تاکاییدی,060601,6
25701,2418,تل روش,060602,6
25702,2418,تنگ بن,060604,6
25703,2418,تورهی,060605,6
25704,2418,تورهی پای درب,060606,6
25705,2418,حیات آباد خلیفه,060610,6
25706,2418,حیات آباد مجیدی,060611,6
25707,2418,درب روزعلی,060612,6
25708,2418,درب مورگاه,060613,6
25709,2418,دوتو,060614,6
25710,2418,سرجوشر احد,060616,6
25711,2418,سرجوشر عدالت,060618,6
25712,2418,سرزرد ورزرد,060619,6
25713,2418,شاه پیرآباد,060620,6
25714,2418,عباس,060623,6
25715,2418,علیمراد,060624,6
25716,2418,قلعه شاه پیرآباد,060626,6
25717,2418,کلیلی,060628,6
25718,2418,ماندنی,060629,6
25719,2418,محمدعلی,060630,6
25720,2418,یوسفی,060635,6
25721,2418,رنجکی,060877,6
25722,2418,شه نظری,060879,6
25723,2418,ویسی,060889,6
25724,2418,پاسگاه انتظامی تشان,806275,6
25725,2418,مرغداری مرتضی سنایی,806276,6
25726,2419,شهرک مطهری,060622,6
25727,2419,آب امیری,060678,6
25728,2419,آب بید,060680,6
25729,2419,آب خرزهره,060681,6
25730,2419,بید بلند,060690,6
25731,2419,بید زرد,060691,6
25732,2419,پادگان شهید بخردیان,060692,6
25733,2419,پالایشگاه گاز بیدبلند,060695,6
25734,2419,پیاز کار,060697,6
25735,2419,تنگ زرد,060700,6
25736,2419,تنگورد,060701,6
25737,2419,جمال جهان,060704,6
25738,2419,چراب,060712,6
25739,2419,چرگلی,060713,6
25740,2419,چوله ارون,060715,6
25741,2419,چهار اشکفتون,060717,6
25742,2419,چهارقفا,060718,6
25743,2419,چهل کنار,060719,6
25744,2419,خرزهره,060726,6
25745,2419,دره نی سفلی,060728,6
25746,2419,دره نی علیا,060729,6
25747,2419,دره نی محمدخان,060730,6
25748,2419,دره نی وسطی,060731,6
25749,2419,دکل بی سیم,060732,6
25750,2419,سرمل,060736,6
25751,2419,قاش دراز,060743,6
25752,2419,قلعه بردی سفلی,060744,6
25753,2419,قلعه بردی علیا,060745,6
25754,2419,گروه پدافند هوایی بهبهان,060758,6
25755,2419,گل ابله,060759,6
25756,2419,هفت چشمه,060772,6
25757,2419,آب کنار,362367,6
25758,2419,مجتمع مرغداری مهاجر,362370,6
25759,2419,ایستگاه مولد برق,362373,6
25760,2419,آب باران,364396,6
25761,2419,پارک جنگلی سلمان فارسی,364739,6
25762,2419,شرکت آب معدنی ناوا,806247,6
25763,2419,مزرعه کشاورزی روانگرد,806248,6
25764,2419,سنگ شکن طوافی زاده,806273,6
25765,2419,مزرعه پیدایش,806279,6
25766,2419,سنگ شکن ولی پور,806599,6
25767,2419,گاوداری محمد صادق ویسی,806601,6
25768,2419,نیروگاه سیکل برقی بهبهان,806602,6
25769,2420,بدریه,061042,6
25770,2420,حنیشیه,061045,6
25771,2420,رمسان,061048,6
25772,2420,زویدات,061050,6
25773,2420,قصبه منیعات,061058,6
25774,2420,محسن,061060,6
25775,2420,مقامسیه,061066,6
25776,2420,اتحاد کارون,061101,6
25777,2420,حفار شرقی,061102,6
25778,2420,شلحه,061106,6
25779,2420,مارد,061108,6
25780,2420,معمره,061111,6
25781,2420,منیخ,061112,6
25782,2420,موسسه کشاورزی دریس,061114,6
25783,2420,موسسه کشاورزی محمدی,061115,6
25784,2420,شرکت شیر پاستوریزه,362463,6
25785,2420,شنه,362466,6
25786,2420,موسسه کشاورزی سلطانی,364330,6
25787,2420,کارگاه شرکت توسعه فراگیر,364334,6
25788,2420,شهرک صنعتی خرمشهر,364337,6
25789,2420,مرغ و مزرعه زرین ملک زاده,364519,6
25790,2420,مجتمع پرورش ماهی شهید احمدیان,364707,6
25791,2420,شرکت شناورسازان معراج,806090,6
25792,2420,کارخانجات نورد لوله کارون,806091,6
25793,2420,سازمان منطقه آزاد تجاری - صنعتی اروند,806092,6
25794,2420,شرکت سهامی پتروشیمی آبادان,806094,6
25795,2420,کارخانه شیر استرلیزه خوزستان,806095,6
25796,2420,پرورش ماهی ایثارگران آبادان,806101,6
25797,2420,محل احداث پالایشگاه خوزستان,806102,6
25798,2420,شرکت آسفالت سازی 60 تنی,806109,6
25799,2420,تاسیسات ایستگاه پمپاژ تامین آب شهرهای آبادان و خرمشهر,806110,6
25800,2420,نبگان,806555,6
25801,2420,پرورش ماهی سعدونی و انصاری,806556,6
25802,2420,موسسه کشاورزی خنافری,806557,6
25803,2420,اردوگاه راهیان نور پیامبر اعظم,806558,6
25804,2420,شرکت عمران صنعت خاتم الانبیا,806559,6
25805,2421,ایستگاه حسینیه,061041,6
25806,2421,پل نو,061043,6
25807,2421,جدیده,061044,6
25808,2421,خین,061046,6
25809,2421,دربند غربی,061047,6
25810,2421,سرحانیه سفلی,061051,6
25811,2421,سوره,061052,6
25812,2421,شبیشه,061053,6
25813,2421,طواله,061054,6
25814,2421,طواله 2,061055,6
25815,2421,عریض,061056,6
25816,2421,فعلیه,061057,6
25817,2421,کوت ناصر,061059,6
25818,2421,شهرک سادات,061061,6
25819,2421,مصلاوی,061064,6
25820,2421,مفتیه عریض,061065,6
25821,2421,مندوان,061068,6
25822,2421,نزله,061069,6
25823,2421,پاسگاه ژاندارمری شلمچه,061159,6
25824,2421,تومار,061160,6
25825,2421,حدود,061161,6
25826,2421,خمیسه,061162,6
25827,2421,سعیدان,061164,6
25828,2421,شاه خوره بزرگ,061165,6
25829,2421,شاه خوره کوچک,061166,6
25830,2421,مچری,061167,6
25831,2421,مومنین,061168,6
25832,2421,نهریوسف,061169,6
25833,2421,یوگه سفلی,061170,6
25834,2421,یوگه علیا,061171,6
25835,2421,انبار تاسیسات اداره بندر,364339,6
25836,2421,پاسگاه پلیس راه,364654,6
25837,2421,شرکت کشت و صنعت اکالیپتوس,364655,6
25838,2421,پلیس راه شهید سید جواد محمودی,806103,6
25839,2421,پست برق 400 کیلوواتی خرمشهر,806104,6
25840,2421,موسسه معین بنیاد کشاورزی و آبزیان,806105,6
25841,2421,شهرک سوم,806106,6
25842,2421,یادمان شهدای شلمچه,806107,6
25843,2421,گمرک شلمچه,806108,6
25844,2421,اردوگاه شهید باکری,806560,6
25845,2421,ایستگاه بازرسی گیت گمرک,806561,6
25846,2421,پایگاه شهدای پاکسازی,806562,6
25847,2421,کارخانه آسفالت,806563,6
25848,2422,ام الخرین,054973,6
25849,2422,ام نوشه,054975,6
25850,2422,دیم ابن نجم,055002,6
25851,2422,رحمانیه زبون,055003,6
25852,2422,رحمانیه فیصلی,055004,6
25853,2422,رحمانیه قدیم,055005,6
25854,2422,رحمانیه کعبی,055006,6
25855,2422,سبعه,055008,6
25856,2422,سبعه دو,055009,6
25857,2422,سوی چیتی یک,055014,6
25858,2422,سوی چیتی دو,055015,6
25859,2422,سوی چیتی مریهج,055016,6
25860,2422,شریعه سیدعبود,055020,6
25861,2422,شریعه ام تمن,055021,6
25862,2422,کفیشه,055048,6
25863,2422,ام السواد,061039,6
25864,2422,رهوالی,061049,6
25865,2422,مشارع,061062,6
25866,2422,سوی چیتی سه,362452,6
25867,2422,تلمبه خانه توزیع آب,362454,6
25868,2422,جهاد کشاورزی کفیشه,362455,6
25869,2422,مشیریجه,362457,6
25870,2422,مکسرحسینی,362458,6
25871,2422,مملح علیا,364490,6
25872,2422,شرکت کشت و صنعت نیشکر میرزا کوچک خان,364653,6
25873,2422,تیپیک,364682,6
25874,2422,مجتمع آهن و فولاد خرمشهر,806088,6
25875,2422,تاسیسات نفتی دارخوین,806099,6
25876,2422,بیمارستان صحرایی,806564,6
25877,2422,تصفیه خانه تاسیسات نفتی,806565,6
25878,2422,تصفیه خانه شهدای غرب کارون,806566,6
25879,2422,شرکت جهان پارس,806567,6
25880,2422,شرکت کشت و صنعت نخل سبز,806568,6
25881,2422,مچتمع دامپروری شهدای جهاد کشاورزی,806569,6
25882,2423,ابوخرنوب/ رده طاهر,061198,6
25883,2423,ام القصب,061201,6
25884,2423,ام القصب موسی/ ابراهیم موسی,061202,6
25885,2423,ام القصب نزال مشتاق,061203,6
25886,2423,بحریه صادق,061205,6
25887,2423,حسن مظلوم/ عاسمیه,061207,6
25888,2423,حمادیه /بوزه چ/پ,061208,6
25889,2423,خریبه,061209,6
25890,2423,راس شرقی,061211,6
25891,2423,سندراشد,061215,6
25892,2423,رضاگاهی,061220,6
25893,2423,رویس طعمه,061221,6
25894,2423,شرهان حمدی,061222,6
25895,2423,طالب عصفور,061224,6
25896,2423,عبدالامام فیصل,061225,6
25897,2423,علوانیه,061226,6
25898,2423,غانمیه عیسی,061227,6
25899,2423,غضبانیه,061228,6
25900,2423,کبریتلافی,061230,6
25901,2423,مضروبه,061232,6
25902,2423,نجم دیوان /بحریه /,061234,6
25903,2423,نعمیه سیدناصر,061236,6
25904,2423,بغلانیه,364345,6
25905,2424,آب اژدون,061434,6
25906,2424,آب اژدون شهی مرده,061435,6
25907,2424,آب جاز,061437,6
25908,2424,آب سوراخ,061440,6
25909,2424,آب مارون,061443,6
25910,2424,آب هرزهله,061444,6
25911,2424,ابوالحسن,061445,6
25912,2424,آبید,061446,6
25913,2424,آبید لطفعلی,061447,6
25914,2424,اشگفت ممدلی خان,061449,6
25915,2424,اشگفت یکدر,061450,6
25916,2424,باغ قیصر,061458,6
25917,2424,باغ موگچ,061459,6
25918,2424,برآفتاب لیرقربان,061460,6
25919,2424,بن گزلاهفترونی,061461,6
25920,2424,بنه محمدعلی,061463,6
25921,2424,بیشه برآفتاب علی,061465,6
25922,2424,بیشه سرخ,061467,6
25923,2424,پاره,061468,6
25924,2424,پای کوه ملاح,061470,6
25925,2424,پگاهی,061472,6
25926,2424,پودستان عباسعلی,061474,6
25927,2424,پیله وردی,061476,6
25928,2424,ترک پیکه,061478,6
25929,2424,تله بالا,061479,6
25930,2424,تمد بازارگه,061480,6
25931,2424,تنگ دز سفلی,061481,6
25932,2424,تنگ دز علیا,061482,6
25933,2424,توت سفلی,061483,6
25934,2424,توت علیا,061484,6
25935,2424,توه مدد,061485,6
25936,2424,چال رحیم علی,061487,6
25937,2424,چم پل برآفتاب,061490,6
25938,2424,چم تینه,061491,6
25939,2424,چم طویله,061492,6
25940,2424,چگاه اسفندیار,061494,6
25941,2424,چمبره,061495,6
25942,2424,حیدر عیدی,061500,6
25943,2424,دارچلی,061501,6
25944,2424,دارزرد,061502,6
25945,2424,درگی,061503,6
25946,2424,دره باریکی,061505,6
25947,2424,دره غلامحسین,061506,6
25948,2424,دره جافر,061507,6
25949,2424,دره عالی گر,061508,6
25950,2424,دره کر جمال خیرعلی,061509,6
25951,2424,دلی پادیگوله,061510,6
25952,2424,دیفه کوه,061511,6
25953,2424,زمین سوخته,061513,6
25954,2424,زوره سالندکوه,061514,6
25955,2424,سراشکفت تنگدز,061517,6
25956,2424,سرتخت,061519,6
25957,2424,سرچول,061520,6
25958,2424,سرمورد,061523,6
25959,2424,سه اشگفتان بندر,061524,6
25960,2424,سه اشگفتان سبزی,061525,6
25961,2424,سه اشگفتان مندنی,061526,6
25962,2424,سه چلون,061527,6
25963,2424,علی عرب,061532,6
25964,2424,کارنج,061534,6
25965,2424,کرجمال نیازعلی,061536,6
25966,2424,کلنی,061537,6
25967,2424,کنگرستان,061538,6
25968,2424,گاومیر,061541,6
25969,2424,گردبیشه,061542,6
25970,2424,لب سفید سفلی,061545,6
25971,2424,لب سفید علیا,061546,6
25972,2424,لطف آباد,061547,6
25973,2424,لوکرا,061548,6
25974,2424,لیربزیه,061549,6
25975,2424,مدح کوهی,061553,6
25976,2424,مرنگل,061554,6
25977,2424,مست پی,061555,6
25978,2424,ملا امیر,061557,6
25979,2424,مورتا,061558,6
25980,2424,میان رهون محک,061559,6
25981,2424,نثارلیرقربان,061561,6
25982,2424,وارگه علیشاه,061562,6
25983,2424,وارگه کلنی,061563,6
25984,2424,اشگفت خرما,362570,6
25985,2424,وارگه کنار,362571,6
25986,2424,امامزاده هفت تنان,362572,6
25987,2424,بیشه برآفتاب,362574,6
25988,2424,ملکی,362575,6
25989,2424,اشگفت کتها,362577,6
25990,2424,عزیزآباد برآفتاب,362578,6
25991,2424,کنده باقر,362579,6
25992,2424,کی گه,362580,6
25993,2424,گورشران,362581,6
25994,2424,ایسپره,364372,6
25995,2424,گرداب,364468,6
25996,2424,چشمه بهاره,364469,6
25997,2424,داریگه,364470,6
25998,2424,سیزده دره,364471,6
25999,2424,چشمه کره,364472,6
26000,2424,کوه سرخه,364473,6
26001,2424,توه سوخته,364474,6
26002,2424,سراب,364475,6
26003,2424,سه کوه,364476,6
26004,2424,توه کینا,364477,6
26005,2424,میگرون,364478,6
26006,2424,غریب آباد,806441,6
26007,2424,تخت شوشتری,806442,6
26008,2425,آب اناری,061436,6
26009,2425,بوگنده,061464,6
26010,2425,پلنگ آب,061473,6
26011,2425,چال مهد,061489,6
26012,2425,سبزآب,061516,6
26013,2425,سربیشه,061518,6
26014,2425,سردول نساروند,061522,6
26015,2425,شیبیه,061528,6
26016,2425,شهیدان زید,061530,6
26017,2425,شیرین آب,061531,6
26018,2425,کول سرخ لیراسد,061540,6
26019,2425,گورشران اوستا,061544,6
26020,2425,ماهوربرنجی سفلی,061550,6
26021,2425,ماهوربرنجی علیا,061551,6
26022,2425,میدان,061560,6
26023,2425,بنه قیصر,062952,6
26024,2425,فیروزآباد,062967,6
26025,2425,امامزاده پیرمحمد,362512,6
26026,2425,ایستگاه تولید بذر مرتعی,362514,6
26027,2425,بنه حسین کلولی,362516,6
26028,2425,پادگان شهید مهندس باکری,362518,6
26029,2425,پادگان عمار یاسر,362519,6
26030,2425,پادگان قایمیه,362520,6
26031,2425,تلمبه ایستگاه اصلی سبیلی,362536,6
26032,2425,گورسفید,362537,6
26033,2425,سایت 3 پدافند هوایی,362545,6
26034,2425,شهرک صنعتی کوپیته,362547,6
26035,2425,شرکت تعاونی 21مرغداری,362549,6
26036,2425,شرکت دامداری شهیدمحمدی,362551,6
26037,2425,شن وماسه شویی نادر باقری,362552,6
26038,2425,شهرک عشایری حضرت مهدی,362553,6
26039,2425,کارخانه گاز اکسیژن,362555,6
26040,2425,گاوداری مهرآقا,362557,6
26041,2425,مرغداری حاجی ملک مرداسی,362562,6
26042,2425,مرغداری منصورر یوفی,362564,6
26043,2425,مرکز خدمات کشاورزی سبیلی,362565,6
26044,2425,مجتمع تعاونیهای کشاورزی,364662,6
26045,2425,مجتمع اردوگاههای تفریحی,364736,6
26046,2425,شهرک کوثر,806033,6
26047,2425,شهرک صنعتی دزفول یک,806204,6
26048,2425,شرکت آرد و گندم ماهور,806429,6
26049,2425,شرکت صنعتی دوده فام,806430,6
26050,2425,شهرک صنعتی ماهور برنجی,806431,6
26051,2425,آموزشگاه راهنمایی و رانندگی مهارت,806432,6
26052,2425,مجتمع کارخانجات آسفالت و سنگ شهرداری,806433,6
26053,2425,ماسه شویی سعید ذلقی,806434,6
26054,2425,پروژه احداث 325 هکتار باغات مدرن مرکبات واحد دزفول,806435,6
26055,2425,مجتمع فولاد روهینا جنوب,806436,6
26056,2425,سیلوی 400 تنی,806437,6
26057,2425,شرکت نیک تابان دز,806438,6
26058,2425,شرکت سهامی برق منطقه خوزستان,806439,6
26059,2425,باغ شکار پور,806440,6
26060,2425,شرکت ماسه ای افق,806464,6
26061,2425,کارگاه ماسه شویی ذلقی ( ماهان ),806465,6
26062,2425,ماسه شویی کهنک شماره 2 گلال ماسه,806466,6
26063,2425,مرغداری ادیب مهر,806467,6
26064,2425,ماسه شویی گسترش آرش,806468,6
26065,2426,مهمانشهر اشرفی اصفهانی,062943,6
26066,2426,دانشگاه پیام نور,062946,6
26067,2426,بنوار شامی,062948,6
26068,2426,چغاسرخ,062953,6
26069,2426,حاج عبده محمد,062955,6
26070,2426,شرکت کشت و صنعت شهید رجایی,062956,6
26071,2426,شهرک شمس آباد,062961,6
26072,2426,شهرک عدالت,062964,6
26073,2426,شهرک مهاجرین,062965,6
26074,2426,قلعه ربع بندبال,062969,6
26075,2426,قلعه قاضی,062972,6
26076,2426,قلعه نو شمس آباد,062973,6
26077,2426,کوره های آجر هوفمن مرکزگسترش,062974,6
26078,2426,کوره های آجر و آهک,062975,6
26079,2426,مرغداری پانزده خرداد,062978,6
26080,2426,موسسه عبدالرضا سعادتی,062979,6
26081,2426,امیرآباد,063017,6
26082,2426,بنه علوان,063018,6
26083,2426,حاج شریف,063019,6
26084,2426,دیلم علیا,063020,6
26085,2426,شهرک امیرالمومنین,063023,6
26086,2426,شهرک انقلاب,063024,6
26087,2426,قلعه نو,063027,6
26088,2426,مرغداری بیت المقدس,063028,6
26089,2426,مرکز کشاورزی و دامپروری صفی آباد,063029,6
26090,2426,واحد کشاورزی شهید بهشتی,063030,6
26091,2426,مهمانشهر شهید مطهری,063031,6
26092,2426,انجیرک,063053,6
26093,2426,بنه عبدالنبی,063059,6
26094,2426,بنه لاتون,063060,6
26095,2426,امامزاده اسحاق,362479,6
26096,2426,امامزاده علی,362480,6
26097,2426,امام زین العابدین,362481,6
26098,2426,بنه خبل,362482,6
26099,2426,بنه یعقوب,362483,6
26100,2426,خیرآباد,362484,6
26101,2426,غریب دیلم سفلی,362485,6
26102,2426,گاوداری حاج رضا نصیریان,362486,6
26103,2426,مرغداری دباغ,362487,6
26104,2426,باغ شماره 1 صفی آباد,364463,6
26105,2426,باغ شماره 2 صفی آباد,364464,6
26106,2426,باغ شماره 3 صفی آباد,364465,6
26107,2426,احمدآباد,364752,6
26108,2426,مجتمع کارگاههای صنعتی و کشاورزی شمس آباد,806200,6
26109,2426,مجتمع کارگاههای صنعتی و کشاورزی مهاجرین,806203,6
26110,2426,مجتمع کارگاههای صنعتی و کشاورزی سیاه منصور,806310,6
26111,2426,مجتمع کارگاههای صنعتی و کشاورزی قایمیه,806311,6
26112,2426,پمپ بنزین گل رز,806471,6
26113,2427,بنوار حسین,062840,6
26114,2427,جاته,062845,6
26115,2427,زاویه حاجیان,062851,6
26116,2427,زاویه حمودی,062852,6
26117,2427,زاویه خرسان,062853,6
26118,2427,زاویه مرادی,062854,6
26119,2427,زاویه مشعلی,062855,6
26120,2427,سنجر,062856,6
26121,2427,شوهان سفلی,062858,6
26122,2427,شوهان علیا,062859,6
26123,2427,قلعه طوق,062866,6
26124,2427,گاومیش آباد,062868,6
26125,2427,اردوگاه شهید بهشتی,063051,6
26126,2427,اسدبک,063052,6
26127,2427,باغ عبدالعلی,063054,6
26128,2427,باغ کلاغ,063055,6
26129,2427,بندبال بالا,063056,6
26130,2427,بندبال پایین,063057,6
26131,2427,بنه اسد,063058,6
26132,2427,حاجی آباد,063061,6
26133,2427,دهبر,063062,6
26134,2427,سه کنارون,063063,6
26135,2427,شرف آباد اشرفی,063064,6
26136,2427,شرف آباد مستوفی,063065,6
26137,2427,شهرک محمدبن جعفر,063066,6
26138,2427,شهرک آیت اله مطهری,063067,6
26139,2427,شهرک بهروزی,063069,6
26140,2427,شهرک پیروزی,063070,6
26141,2427,عباس آباد اشرفی,063071,6
26142,2427,عباس آباد فخرایی,063072,6
26143,2427,علی آباد طهماسبی,063073,6
26144,2427,علی کولی,063074,6
26145,2427,قالوند,063075,6
26146,2427,قلعه شیخ,063076,6
26147,2427,قلعه نوبیشه,063077,6
26148,2427,قلعه نوعسگر,063078,6
26149,2427,کرملک علیا,063079,6
26150,2427,گاومش آباد شرقی,063080,6
26151,2427,مرکز آموزش کشاورزی,063081,6
26152,2427,امامزاده فراش,362471,6
26153,2427,جیبر,362472,6
26154,2427,دویلون,362473,6
26155,2427,سایت 2,362474,6
26156,2427,دامداری شرکت خوشه نور,364513,6
26157,2427,مجتمع کارگاههای صنعتی بن جعفر,806199,6
26158,2427,شرکت جامع راه,806201,6
26159,2427,زاویه غریب,806202,6
26160,2427,کارخانه آسفالت شهرداری,806469,6
26161,2427,تاسیسات آبرسانی پوردانش,806470,6
26162,2428,سد عجیریب,062913,6
26163,2428,سیف آباد,062915,6
26164,2428,شهرک سیدعنایت,062918,6
26165,2428,بلادیه,062947,6
26166,2428,بنوت بالا,062949,6
26167,2428,بنوت پایین,062950,6
26168,2428,شلگهی سفلی,062959,6
26169,2428,شهرک شهیدکریمی,062963,6
26170,2428,فضیلی,062966,6
26171,2428,قلعه خلیل,062968,6
26172,2428,قلعه سردار,062970,6
26173,2428,کهنک,062976,6
26174,2428,ماسه شویی,062977,6
26175,2428,بنه عیسی,065150,6
26176,2428,مبارز آباد,065153,6
26177,2428,شرکت آبزیست ماهی,362502,6
26178,2428,کارخانه بشکه سازی دزفول,362503,6
26179,2428,موسسه کشاورزی موحدی نژاد,364517,6
26180,2428,دامداری غلامعلی هویزی,364664,6
26181,2429,بنه حاجات,062905,6
26182,2429,بنه عاطی,062906,6
26183,2429,بنه عایش,062907,6
26184,2429,بنه لازم,062908,6
26185,2429,چغاچشمه,062909,6
26186,2429,خوزینه باقر,062910,6
26187,2429,خوزینه بالا,062911,6
26188,2429,ده نو,062912,6
26189,2429,سید نور,062914,6
26190,2429,شنگر علیا,062916,6
26191,2429,شهرک خیبر,062917,6
26192,2429,شهرک شهیدبهشتی,062919,6
26193,2429,صفریعقوب,062920,6
26194,2429,مکینه کمیلی,062921,6
26195,2429,مکینه یعقوب,062922,6
26196,2429,بدیلیان,065149,6
26197,2429,شهرک حمزه,065152,6
26198,2429,امامزاده ابوالبشیر,362499,6
26199,2429,بنه مزبان,362500,6
26200,2429,چغادوسر,362501,6
26201,2429,نهضت آباد,362504,6
26202,2429,یاردشماره 632,362505,6
26203,2429,یاردشماره 638,362506,6
26204,2429,شرکت کشاورزی جنوب,364658,6
26205,2430,آب سیلا,061983,6
26206,2430,امامزاده حاجی مر,061994,6
26207,2430,اودلو,061997,6
26208,2430,ایدا,061998,6
26209,2430,بردمردازما,062010,6
26210,2430,پاتخت آب رذ,062026,6
26211,2430,پاتخت ناری,062027,6
26212,2430,پایتخت شامحمد,062030,6
26213,2430,تاک سفلی,062040,6
26214,2430,تاک علیا,062041,6
26215,2430,تومرز,062054,6
26216,2430,جلیزاو,062058,6
26217,2430,چال ابوت,062062,6
26218,2430,چال روگه,062068,6
26219,2430,چال گندم,062071,6
26220,2430,چال لال,062072,6
26221,2430,چال میرون,062074,6
26222,2430,چم کنار,062076,6
26223,2430,چرکو,062077,6
26224,2430,چشمه لیرکی,062078,6
26225,2430,چل شه حیدرآقا,062081,6
26226,2430,چل شه هاشم,062082,6
26227,2430,چنگلیله,062086,6
26228,2430,چوب آب,062087,6
26229,2430,دارمدی,062094,6
26230,2430,دره بهزاد,062101,6
26231,2430,دره درویش مرده,062106,6
26232,2430,دره قیر,062109,6
26233,2430,دشت گرگان,062113,6
26234,2430,ده زنون,062118,6
26235,2430,دهور,062121,6
26236,2430,سربردلکلا,062130,6
26237,2430,سگ کش دورک,062141,6
26238,2430,فیلاب,062152,6
26239,2430,کدمه,062156,6
26240,2430,کره,062159,6
26241,2430,کول تاک دورک,062163,6
26242,2430,کول ترک,062164,6
26243,2430,کول تیتا,062165,6
26244,2430,کول جفت,062166,6
26245,2430,کول سیرا,062167,6
26246,2430,گرایی,062181,6
26247,2430,گرموشا,062183,6
26248,2430,گل گنجان,062185,6
26249,2430,گوی کنون,062189,6
26250,2430,لباب,062191,6
26251,2430,لکلا,062193,6
26252,2430,لوله کوه,062196,6
26253,2430,لاسو,062200,6
26254,2430,مارمه,062202,6
26255,2430,مازه قلا,062209,6
26256,2430,مدفر,062211,6
26257,2430,مرزیلسون,062212,6
26258,2430,نودر,062221,6
26259,2430,هونگه بالا,062228,6
26260,2430,هونگه پایین,062229,6
26261,2430,چال برد,265108,6
26262,2430,چاروف,265109,6
26263,2430,گله هر,265110,6
26264,2430,بنه بند,265111,6
26265,2430,سرچات,265112,6
26266,2430,زردفت,265114,6
26267,2430,آب دره تازه,362667,6
26268,2430,پهنه کرگاو,362668,6
26269,2430,تیت گم,362669,6
26270,2430,چال گچ,362670,6
26271,2430,داربر,362672,6
26272,2430,دره لیرگه دورک,362673,6
26273,2430,دیدگاه المون,362674,6
26274,2430,گرکندی,362676,6
26275,2430,مودو,362678,6
26276,2430,دره جاز,362679,6
26277,2430,بیدوان ارپنا,362680,6
26278,2430,گورکانی ارپنا,362681,6
26279,2430,باپل ارپنا,362682,6
26280,2430,ورزرد ارپناه,362683,6
26281,2430,چال بودر,362684,6
26282,2430,ته تر,362685,6
26283,2430,میچاتون,364645,6
26284,2431,امامزاده احمدفداله,061993,6
26285,2431,امامزاده فداله عمران,061996,6
26286,2431,باباخدا,061999,6
26287,2431,برآفتاب مرزی لادارخلک,062006,6
26288,2431,برد شمشیر,062008,6
26289,2431,بردوربه,062011,6
26290,2431,بزاب,062012,6
26291,2431,بق بقو,062013,6
26292,2431,بلو,062014,6
26293,2431,بندچولی,062016,6
26294,2431,پاچل چلاوز,062029,6
26295,2431,پلو,062033,6
26296,2431,پولاکاو,062037,6
26297,2431,چال تاک بالا,062065,6
26298,2431,چال تاک پایین,062066,6
26299,2431,چل میشون,062083,6
26300,2431,داسمورت,062096,6
26301,2431,دره آبینه,062100,6
26302,2431,دره تاک دارخلک,062103,6
26303,2431,دره خشک جافروند,062104,6
26304,2431,دره خشک حاتم وند,062105,6
26305,2431,دره سیلو,062107,6
26306,2431,دره لیرگه,062111,6
26307,2431,دله چنار,062115,6
26308,2431,دیکودارخلک,062122,6
26309,2431,دین راک,062123,6
26310,2431,سررگ احمد فداله,062135,6
26311,2431,سررگ عبداله,062136,6
26312,2431,سررگ چشمان,062137,6
26313,2431,سررگ عزیز آقا,062138,6
26314,2431,سگ کش دارخلک,062140,6
26315,2431,سیلو,062145,6
26316,2431,عیدی مرده بالا,062150,6
26317,2431,عیدی مرده پایین,062151,6
26318,2431,کول کندی,062168,6
26319,2431,گامغل بالا,062176,6
26320,2431,گامغل پایین,062177,6
26321,2431,گچ وها,062179,6
26322,2431,گچستان,062180,6
26323,2431,گیوه دران,062190,6
26324,2431,مازه پاریاب,062204,6
26325,2431,مازه سروامام قلی,062205,6
26326,2431,مازه سرومهراب,062206,6
26327,2431,مازه سرویداله,062208,6
26328,2431,مازه نجف,062210,6
26329,2431,سید علیشاه,362646,6
26330,2431,مازه مر,362647,6
26331,2431,میچگان سیدهادی حسینی,362648,6
26332,2431,ده سید احمد,362649,6
26333,2431,تیمورآباد,362652,6
26334,2431,دبستان امام جعفر صادق,362653,6
26335,2431,ده سید علی,362654,6
26336,2431,دهواره علی همت حسینی,362655,6
26337,2431,آب انار سیدنظر حسینی,364657,6
26338,2431,سرتنگ مورت,364686,6
26339,2431,گچستان,364687,6
26340,2432,اسدآباد,061989,6
26341,2432,اکیلی,061991,6
26342,2432,امامزاده پیرچل,061992,6
26343,2432,باتربو,062000,6
26344,2432,بادام رو,062002,6
26345,2432,باغ,062003,6
26346,2432,بالاره,062004,6
26347,2432,بردگوری,062009,6
26348,2432,بنچی,062015,6
26349,2432,بنکوه,062017,6
26350,2432,پاتاور,062025,6
26351,2432,پاتهلا,062028,6
26352,2432,پنه بدی,062036,6
26353,2432,پیبی,062038,6
26354,2432,تاسرا,062039,6
26355,2432,تربه,062042,6
26356,2432,تربه شاعلی,062043,6
26357,2432,تگرچا,062044,6
26358,2432,تلینکوه,062045,6
26359,2432,تله ملا,062047,6
26360,2432,تنباکو کار,062048,6
26361,2432,تنگ لیر,062051,6
26362,2432,تنه بری,062052,6
26363,2432,تیله دار,062056,6
26364,2432,جاذبه,062057,6
26365,2432,جنگل کوه,062059,6
26366,2432,چهاررگان,062060,6
26367,2432,چل,062079,6
26368,2432,چلون,062085,6
26369,2432,چوکه,062088,6
26370,2432,دچیتال,062089,6
26371,2432,خرمیزان,062091,6
26372,2432,خسرو,062092,6
26373,2432,دادا,062093,6
26374,2432,رازانها,062095,6
26375,2432,دردری,062097,6
26376,2432,درکول درهونی,062098,6
26377,2432,دست نی,062112,6
26378,2432,دهبر,062119,6
26379,2432,دهگاه,062120,6
26380,2432,ذلت,062125,6
26381,2432,زیبند,062127,6
26382,2432,زییه,062128,6
26383,2432,سربند,062131,6
26384,2432,سرچل,062133,6
26385,2432,سرها,062139,6
26386,2432,سوری,062143,6
26387,2432,سولاگچی,062144,6
26388,2432,شوی,062147,6
26389,2432,کاوالمون,062153,6
26390,2432,کرم زرد,062157,6
26391,2432,کرم کوه,062158,6
26392,2432,کنی,062161,6
26393,2432,کومیه,062169,6
26394,2432,کوه زیر,062170,6
26395,2432,پشت برآفتاب,062172,6
26396,2432,کیلنج,062173,6
26397,2432,کیماسی,062174,6
26398,2432,گلزار,062186,6
26399,2432,لب کدره,062192,6
26400,2432,لکلاتادی,062194,6
26401,2432,لودره,062197,6
26402,2432,لیردا,062198,6
26403,2432,لاانار,062199,6
26404,2432,مزرعه شیخ,062213,6
26405,2432,مله غالب,062214,6
26406,2432,نمنک,062220,6
26407,2432,هلکیوه,062227,6
26408,2432,آب بید,362631,6
26409,2432,آب گریو,362632,6
26410,2432,بابا صالح,362633,6
26411,2432,برآفتاب,362634,6
26412,2432,پاپل,362635,6
26413,2432,پاچل المون,362636,6
26414,2432,پاریاب عیدی بک,362637,6
26415,2432,چل مالگه,362638,6
26416,2432,دوآب,362639,6
26417,2432,سرتنگ المون,362640,6
26418,2432,سرد,362641,6
26419,2432,کلاغ دون,362642,6
26420,2433,آب گرمک,061802,6
26421,2433,ابزا امیر,061803,6
26422,2433,ازنک علیا,061804,6
26423,2433,ازنک کوکیا,061805,6
26424,2433,اشگفت کاهدون,061806,6
26425,2433,باغ گرویک,061808,6
26426,2433,برآفتاب سفلی,061809,6
26427,2433,برآفتاب علیا,061810,6
26428,2433,برد قورچون,061811,6
26429,2433,بردگپ,061812,6
26430,2433,بردگلا,061813,6
26431,2433,بروی امیر,061814,6
26432,2433,بق بقاب,061815,6
26433,2433,بنه شیخ امامقلی,061816,6
26434,2433,بنی,061817,6
26435,2433,بوستانک,061818,6
26436,2433,پایتخت آب انبار,061819,6
26437,2433,پشت پرترمزار,061820,6
26438,2433,تاورشه,061821,6
26439,2433,تخت توک,061822,6
26440,2433,تنباکو کار,061823,6
26441,2433,تودو,061824,6
26442,2433,جازستان پاره,061825,6
26443,2433,جاکاه,061826,6
26444,2433,جوگندی,061827,6
26445,2433,چال کنار,061828,6
26446,2433,چم چولیان,061829,6
26447,2433,چم سوره,061830,6
26448,2433,چشمه شیرین,061831,6
26449,2433,چندار,061832,6
26450,2433,چنگاوره,061833,6
26451,2433,چوکابلوطی,061834,6
26452,2433,چه شیرین,061835,6
26453,2433,چهار مرزون,061836,6
26454,2433,چهل گری,061837,6
26455,2433,دم باریک,061838,6
26456,2433,دره بروک,061839,6
26457,2433,دره بنوار,061840,6
26458,2433,دره پیر,061841,6
26459,2433,دره کتاسزار,061842,6
26460,2433,دره میوه,061843,6
26461,2433,دست بیل,061844,6
26462,2433,دودرون,061845,6
26463,2433,دول جافر,061846,6
26464,2433,دول دعوا,061847,6
26465,2433,دول زنگی,061848,6
26466,2433,دول گپ,061849,6
26467,2433,دهگاه تپی,061850,6
26468,2433,دهگه گاهشلون,061851,6
26469,2433,رمیه,061852,6
26470,2433,زولاهر,061853,6
26471,2433,سرسرداب,061854,6
26472,2433,سرسرداب سفلی,061855,6
26473,2433,سرسرداب علیا,061856,6
26474,2433,سزار,061857,6
26475,2433,سوز,061858,6
26476,2433,سومیه سفلی,061859,6
26477,2433,سومیه,061860,6
26478,2433,سومیه علیا,061861,6
26479,2433,عظیم,061862,6
26480,2433,کادکدبا,061864,6
26481,2433,کش کوک,061865,6
26482,2433,کل خونگستان,061866,6
26483,2433,کلخنگ بوگرد,061867,6
26484,2433,کوکیانوراباد,061868,6
26485,2433,گم کوفه,061869,6
26486,2433,گراب,061870,6
26487,2433,گمدراعلی,061871,6
26488,2433,گوشه,061872,6
26489,2433,گیرمو,061873,6
26490,2433,لغی,061874,6
26491,2433,للی یک,061875,6
26492,2433,لیزی,061876,6
26493,2433,لیوس,061877,6
26494,2433,لاگلال نوراباد,061878,6
26495,2433,مزمز,061879,6
26496,2433,ملک مراد,061880,6
26497,2433,مولی,061881,6
26498,2433,مهره دون,061882,6
26499,2433,میان کلاهون,061883,6
26500,2433,نارنج,061884,6
26501,2433,نرگستان علیشاه,061885,6
26502,2433,نورآباد,061886,6
26503,2433,وارگه کوهه,061887,6
26504,2433,طاق بردی,061888,6
26505,2433,هوره امیر,061889,6
26506,2433,هوشاسرخ,061890,6
26507,2433,اشگفت گوگرد,362600,6
26508,2433,امامزاده سید پیران,362601,6
26509,2433,امامزاده مهداوید,362602,6
26510,2433,برد اژدها,362603,6
26511,2433,پاچگاه,362604,6
26512,2433,درکول,362605,6
26513,2433,جاچادرها,362606,6
26514,2433,جازستون,362607,6
26515,2433,جازستون,362608,6
26516,2433,چل شه,362609,6
26517,2433,خواجه مرده,362610,6
26518,2433,دره چندی,362611,6
26519,2433,سوراخ گچی,362612,6
26520,2433,شیرکش,362613,6
26521,2433,طلا,362614,6
26522,2433,غافله جاه,362615,6
26523,2433,فداله,362616,6
26524,2433,کوله کوه,362617,6
26525,2433,قدمگاه حضرت رضا,362618,6
26526,2433,گله سرخ,362619,6
26527,2433,گل سفید,362620,6
26528,2433,گمه ترپ,362621,6
26529,2433,گوریا,362622,6
26530,2433,گوم جانکه,362623,6
26531,2433,مزرعه سیدچراغ,362624,6
26532,2433,مزرعه شیخ جمعه,362625,6
26533,2433,مزرعه محمدحسین,362626,6
26534,2433,مولیک توتیا,362627,6
26535,2433,گدراه علی,364276,6
26536,2434,آب چیتک,061438,6
26537,2434,آب دیفه,061439,6
26538,2434,آب کنار,061441,6
26539,2434,اسون زهله,061448,6
26540,2434,اشکفت دروازه,061451,6
26541,2434,باریکی حسنقلی,061456,6
26542,2434,باریکی محمد قلی,061457,6
26543,2434,بنوار حاج نگهدار,061462,6
26544,2434,بیشه دولنگ,061466,6
26545,2434,پازن آب,061469,6
26546,2434,پرمچ,061471,6
26547,2434,پیرفزک,061475,6
26548,2434,جیل جیل آب,061486,6
26549,2434,چنار,061496,6
26550,2434,چول خشک,061498,6
26551,2434,چول زیار,061499,6
26552,2434,درمنه زار,061504,6
26553,2434,زرداب دیفه,061512,6
26554,2434,زیتی,061515,6
26555,2434,قالیبافان,061533,6
26556,2434,کر,061535,6
26557,2434,آبیدسری یک,061694,6
26558,2434,آب مید,061695,6
26559,2434,اشگفت ماندا,061696,6
26560,2434,بادلونی,061698,6
26561,2434,باریکی,061699,6
26562,2434,دیونی,061701,6
26563,2434,برد سیدی,061702,6
26564,2434,بنه دستی,061703,6
26565,2434,بیشه بزان,061705,6
26566,2434,پاملیچ,061706,6
26567,2434,پامنار,061707,6
26568,2434,پای قلعه/ اسلام آباد,061708,6
26569,2434,پرچوک,061709,6
26570,2434,پیرور,061710,6
26571,2434,تپتپا,061711,6
26572,2434,تخت آب,061712,6
26573,2434,جکستان,061713,6
26574,2434,چال قاسم,061714,6
26575,2434,چال کره,061715,6
26576,2434,چهاردلون,061716,6
26577,2434,حاج سالار,061717,6
26578,2434,خارزرد,061718,6
26579,2434,دارک,061719,6
26580,2434,دره چول زیوه,061720,6
26581,2434,دره آب,061721,6
26582,2434,دره هالونی,061722,6
26583,2434,رزگه,061724,6
26584,2434,زیلاب حسن جان,061725,6
26585,2434,سردر کاهدون,061726,6
26586,2434,سرهود,061727,6
26587,2434,سرهودخدارحم,061728,6
26588,2434,سوراخ دوزان,061729,6
26589,2434,سی سیاه,061730,6
26590,2434,شاداب,061731,6
26591,2434,عبدالرضا مرده,061732,6
26592,2434,کاسیا,061733,6
26593,2434,کاکره,061734,6
26594,2434,کرستان,061735,6
26595,2434,کرمرده,061736,6
26596,2434,کلابروک,061737,6
26597,2434,کوه گندم,061738,6
26598,2434,گلزار,061739,6
26599,2434,لیزوک,061740,6
26600,2434,ماشکار,061741,6
26601,2434,مشک آب برده,061742,6
26602,2434,ممیلی,061743,6
26603,2434,نم نم چه,061744,6
26604,2434,وارسه علیداد,061745,6
26605,2434,هونی سفید,061747,6
26606,2434,نثاربرآفتاب زمان,362587,6
26607,2434,گلزار,362588,6
26608,2434,واحد بهره برداری لب سفید,362589,6
26609,2434,مزرعه چال قاسم,362590,6
26610,2434,چول چپی,362591,6
26611,2434,آهنگری زیر,362592,6
26612,2434,بردمیزه,362593,6
26613,2434,بی سیم لب سفید,362594,6
26614,2434,توه توری,362595,6
26615,2434,چاه شماره 7 لب سفید,362596,6
26616,2434,جگاه,362597,6
26617,2434,شیرکش,362599,6
26618,2434,آب بید سری 2,364374,6
26619,2434,پالنگان,364479,6
26620,2434,آب جازک,364480,6
26621,2434,امامزاده پیرفزک,364502,6
26622,2434,امامزاده صوفی احمد,806472,6
26623,2435,آلبوحافظ,063212,6
26624,2435,حمودعاصی,063214,6
26625,2435,دفار سفلی,063219,6
26626,2435,دفار علیا,063220,6
26627,2435,سید شبیب,063224,6
26628,2435,صالح حسن,063230,6
26629,2435,صناف کشکول,063234,6
26630,2435,عبیات کوچک,063235,6
26631,2435,عبیدگاطع,063236,6
26632,2435,فنیخی,063238,6
26633,2435,فیروز آباد,063240,6
26634,2435,قدرت آباد,063242,6
26635,2435,مچریه,063245,6
26636,2435,میهن آباد,063249,6
26637,2435,ام دبس,063321,6
26638,2435,بیمارستان صحرایی امام حسن,362690,6
26639,2435,پاسگاه ژاندارمری سابله,362691,6
26640,2435,فنیخی سفلی,362693,6
26641,2435,کارخانه آسفالت شهرداری,362694,6
26642,2435,گشت عملیاتی ناحیه 2,362695,6
26643,2435,عبیات بزرگ,806062,6
26644,2435,پادگان میشداغ,806068,6
26645,2435,شرکت فرج شادگان,806347,6
26646,2435,دارالشیاع,806349,6
26647,2436,ابواحمدی,063207,6
26648,2436,ابوتمر,063208,6
26649,2436,ابوجاموسه,063209,6
26650,2436,ابوعلگایه,063210,6
26651,2436,ابوگطیله,063211,6
26652,2436,حاجی سالم,063213,6
26653,2436,حمیدانی,063215,6
26654,2436,خرابه سادات,063216,6
26655,2436,دبات,063217,6
26656,2436,دبیه,063218,6
26657,2436,رمیم شمالی,063221,6
26658,2436,سرهنگیه,063222,6
26659,2436,سوبله,063223,6
26660,2436,شاه دشت,063225,6
26661,2436,شرکت اریا,063226,6
26662,2436,شرکت دولت آباد,063227,6
26663,2436,شرکت رضا,063228,6
26664,2436,شرکت فرخ,063229,6
26665,2436,صاهندی دبیه,063231,6
26666,2436,صاهندی سعیدیه,063232,6
26667,2436,صدررمیم,063233,6
26668,2436,عگبات,063237,6
26669,2436,قویزیه,063239,6
26670,2436,قاسم شیخ,063241,6
26671,2436,کروشات,063243,6
26672,2436,کسر,063244,6
26673,2436,محیره,063246,6
26674,2436,موشه,063247,6
26675,2436,ابوعبد شرهانی,063250,6
26676,2436,مجتمع خدمات رفاهی میعاد,596087,6
26677,2436,کمپ راهسازی,806063,6
26678,2436,پارکینگ شهرداری,806064,6
26679,2436,پایانه مرزی چزابه,806065,6
26680,2436,پاسگاه دیدبانی چزابه,806066,6
26681,2436,مزار شهدای چزابه,806067,6
26682,2436,پاسگاه صفریه,806330,6
26683,2436,پاسگاه رشیدیه,806331,6
26684,2436,پاسگاه طاووسیه,806332,6
26685,2436,پاسگاه دوریج,806333,6
26686,2436,پاسگاه مرزی سوبله,806348,6
26687,2437,آلبوصیاد,063300,6
26688,2437,بنده,063307,6
26689,2437,جلیزی حنظله,063310,6
26690,2437,جلیزی عبدالرضا,063311,6
26691,2437,حسن حاجی,063316,6
26692,2437,حمیدی,063319,6
26693,2437,سبحانیه,063329,6
26694,2437,سید خلف,063331,6
26695,2437,سید عامر,063332,6
26696,2437,سید عباس,063333,6
26697,2437,سید فاضل,063335,6
26698,2437,سید ناصر,063336,6
26699,2437,شاکریه,063337,6
26700,2437,شخیطر,063338,6
26701,2437,شیخ صالح,063341,6
26702,2437,صگورحنظله,063345,6
26703,2437,صگورفریح محمد,063346,6
26704,2437,علی آباد هوفل,063349,6
26705,2437,مزرعه قدس,063360,6
26706,2437,مطیعات,063362,6
26707,2437,هوفل غربی,063366,6
26708,2437,هوفل سیدحمد,063367,6
26709,2437,هوفل شرقی,063368,6
26710,2437,جلیزی,362876,6
26711,2437,شرکت تعاونی روستایی سبلان,362899,6
26712,2437,مزرعه جلیزی عبدالرضا,364347,6
26713,2438,آلبوعفری جنوبی,063302,6
26714,2438,بریچیه سفلی,063305,6
26715,2438,گلبهار,063306,6
26716,2438,غدیر,063308,6
26717,2438,جرگه سید علی,063309,6
26718,2438,جلالیه جنوبی,063312,6
26719,2438,حاج جراح,063314,6
26720,2438,حمودی سعدون,063318,6
26721,2438,ساچت,063327,6
26722,2438,ساریه,063328,6
26723,2438,سید عزیز,063334,6
26724,2438,شیبانی,063340,6
26725,2438,صدرابوحمیظه,063342,6
26726,2438,صدرجلالیه,063343,6
26727,2438,مالکیه سفلی,063353,6
26728,2438,مالکیه وسطی,063355,6
26729,2438,مرعی,063357,6
26730,2438,مزرعه بریچیه سفلی,063358,6
26731,2438,مزرعه صدرسالمیه,063359,6
26732,2438,نعمه بیت حردان,063365,6
26733,2438,جلالیه شمالی,362811,6
26734,2438,مزرعه بریچیه علیا,362826,6
26735,2438,تصفیه خانه سازمان آب و برق,362827,6
26736,2438,تیر بتونی سازمان آب و برق,362828,6
26737,2438,کشتارگاه شهرداری,362829,6
26738,2438,گاوداری عبداله جلالی,362830,6
26739,2438,مرکزخدمات والفجر,362831,6
26740,2438,سیلوی شهید مفتح,362832,6
26741,2438,کارخانه آسفالت شهید جلالی,364349,6
26742,2438,خوزستان نی باف,364350,6
26743,2438,خزعلیه,364351,6
26744,2438,تصفیه خانه فاضلاب سوسنگرد,806009,6
26745,2438,سیفون کرخه خط 14,806056,6
26746,2438,دانشگاه صنعتی شهدای هویزه,806059,6
26747,2438,مرغداری رضایی,806060,6
26748,2438,ابوسحاب,806069,6
26749,2438,آبرسانی آب و برق,806070,6
26750,2438,شرکت عمرانی صنعتی پارس گرما,806071,6
26751,2438,مرغداری امیرالمومنین,806072,6
26752,2438,موقعیت سوسنگرد,806312,6
26753,2438,مرغداری سخراوی,806351,6
26754,2438,مرغداری جابر جلالی,806352,6
26755,2438,ایستگاه فشار گاز,806353,6
26756,2438,دامداری محمد جلالی,806354,6
26757,2438,مرغداری یاسر دوراجه,806355,6
26758,2438,مصنوعات چوب فدک,806356,6
26759,2439,مزرعه ابوجلال جنوبی,063298,6
26760,2439,احیمر,063299,6
26761,2439,آلبوعفری شمالی,063301,6
26762,2439,بردیه کوچک,063303,6
26763,2439,بردیه یک,063304,6
26764,2439,چولانه,063313,6
26765,2439,حاجیه,063315,6
26766,2439,دحیمی دو,063322,6
26767,2439,دحیمی سه,063323,6
26768,2439,دحیمی یک,063324,6
26769,2439,دهلاویه,063325,6
26770,2439,رمله,063326,6
26771,2439,سویدانی,063330,6
26772,2439,شویرع,063339,6
26773,2439,طگطاگه,063347,6
26774,2439,محاره,063356,6
26775,2439,مکینه حاج لازم,063363,6
26776,2439,مگاصیص,063364,6
26777,2439,آزادی,362853,6
26778,2439,مزرعه ابوجلال شمالی,364352,6
26779,2439,شهرک صنعتی,806061,6
26780,2440,بایمان سادات,064162,6
26781,2440,پاگچی بهمیی,064169,6
26782,2440,پاگچی ممبینی,064171,6
26783,2440,سرکهکی,064177,6
26784,2440,عسلو,064179,6
26785,2440,کایدعلی خان,064181,6
26786,2440,بادکم,064247,6
26787,2440,باصدی حاج بارون,064248,6
26788,2440,بنه امیرعسگر,064250,6
26789,2440,تلمبه خانه شماره دو,064254,6
26790,2440,جوبجی,064256,6
26791,2440,دوکوهک,064262,6
26792,2440,دوگوش,064263,6
26793,2440,دهیور,064264,6
26794,2440,سالمی,064266,6
26795,2440,قاضی آباد,064270,6
26796,2440,گرمتون,064271,6
26797,2440,مهنا,064278,6
26798,2440,نوشاد,064280,6
26799,2440,امیر چراغعلی,064348,6
26800,2440,بغدک,064349,6
26801,2440,بنگستان,064350,6
26802,2440,تلمبه خانه آب شماره یک,064351,6
26803,2440,چم لیشان,064353,6
26804,2440,حوضچه آب رامهرمز شماره دو,064354,6
26805,2440,درویشان دو,064355,6
26806,2440,درویشان یک,064356,6
26807,2440,دوریکل,064357,6
26808,2440,زیر زرد,064358,6
26809,2440,قلعه سید,064359,6
26810,2440,کل محمدحسین,064360,6
26811,2440,کولی بختیاری,064361,6
26812,2440,کولی خداکرم,064362,6
26813,2440,کولی رستم,064363,6
26814,2440,کولی علیخان,064364,6
26815,2440,کولی علیرضا,064365,6
26816,2440,باصدی سفلی,064422,6
26817,2440,باصدی علیا,064423,6
26818,2440,بنه حاجی,064425,6
26819,2440,چم دهقان,064437,6
26820,2440,سندران,064443,6
26821,2440,صفی خونی,064447,6
26822,2440,شیفه,064524,6
26823,2440,طریفه,064525,6
26824,2440,دوپیران,064554,6
26825,2440,زرزوری,064555,6
26826,2440,قلعه شیخ,064556,6
26827,2440,گرک,064557,6
26828,2440,لپویی دو,064558,6
26829,2440,هزارمنی سفلی,064560,6
26830,2440,هزارمنی علیا,064561,6
26831,2440,لپویی یک,362968,6
26832,2440,مرغداری وحدت,364599,6
26833,2440,میدان عرضه دام و حومه,806132,6
26834,2440,دانشگاه آزاد اسلامی واحد رامهرمز,806141,6
26835,2441,بایمان عریض,064052,6
26836,2441,سرچشمه سفلی,064053,6
26837,2441,سرچشمه علیا,064054,6
26838,2441,قلعه توکل,064055,6
26839,2441,قلعه ملابندر,064056,6
26840,2441,بنه فاخر بالا,064165,6
26841,2441,بنه فاخر پایین,064166,6
26842,2441,بنه کریم,064167,6
26843,2441,غزاله یک,064172,6
26844,2441,غزاله دو,064173,6
26845,2441,راهدار سفلی,064175,6
26846,2441,راهدار علیا,064176,6
26847,2441,سواده,064178,6
26848,2441,چشمه بدیر,064318,6
26849,2441,دیمه بن سعید,064319,6
26850,2441,دیمه شکراله,064320,6
26851,2441,دیمه کریم,064321,6
26852,2441,عین کره,064325,6
26853,2441,ام الامامید,064421,6
26854,2441,بنه چراغ,064424,6
26855,2441,بنه سوخته,064426,6
26856,2441,بنه نعیمه,064428,6
26857,2441,بنی,064429,6
26858,2441,تل برمی,064434,6
26859,2441,تل زرینی,064435,6
26860,2441,حنوشی,064438,6
26861,2441,دیدونی,064440,6
26862,2441,سرای شیخ علی,064441,6
26863,2441,سرتلی,064442,6
26864,2441,صندلی کنعان,064448,6
26865,2441,صندلی قاسم,064449,6
26866,2441,طغلی آلبوفتیله,064450,6
26867,2441,طغلی سادات,064451,6
26868,2441,طغلی آل عباد,064452,6
26869,2441,کمتوله شهریاری,064458,6
26870,2441,کمتوله یوسف آباد,064459,6
26871,2441,مرادبیگی,064462,6
26872,2441,مطویی,064465,6
26873,2441,حاج مریح,064518,6
26874,2441,خرمن خاک,064519,6
26875,2441,درویشان,064520,6
26876,2441,زبیده عریض,064521,6
26877,2441,شولیه,064523,6
26878,2441,ظهیری,064526,6
26879,2441,عریض احمدی,064527,6
26880,2441,عین حماد,064528,6
26881,2441,کارخانه گچ سپیدمان نمره یک,064529,6
26882,2441,مالح بندر,064530,6
26883,2441,ملاعبداله,064531,6
26884,2441,تل گسر,064582,6
26885,2441,غرگانه,064583,6
26886,2441,چموم بوغار,064584,6
26887,2441,چموم خرمعارک,064585,6
26888,2441,حویر,064586,6
26889,2441,عین حداد,064587,6
26890,2441,کوت شیخ,064588,6
26891,2441,واحدبهره برداری نفت کوپال,064589,6
26892,2441,بسیطین,064610,6
26893,2441,ترکان غویله,064611,6
26894,2441,تل غویله,064612,6
26895,2441,غویله سادات,064613,6
26896,2441,غویله ناقد,064614,6
26897,2441,زراقلی بالا,064615,6
26898,2441,زراقلی پایین,064616,6
26899,2441,قلعه کهنه,064617,6
26900,2441,مربچه,064618,6
26901,2441,امامزاده چهارپیر,363051,6
26902,2441,امامزاده شاه چراغ,363052,6
26903,2441,سنگ شکنی عبداله حمیدی,363055,6
26904,2441,مجتمع سنگ شکن های مسیر رامهرمز,363056,6
26905,2441,قهوه خانه وحدت,363058,6
26906,2441,مرادبیگی خلف,363060,6
26907,2441,مرغداری حبیب آل علی,363061,6
26908,2441,مرغداری دهقان,363062,6
26909,2441,مرغداری طاها آل علی,363063,6
26910,2441,مرغداری نریمانی,363064,6
26911,2441,مزرعه هنرستان کشاورزی,363065,6
26912,2441,گاوداری هرمزی,364582,6
26913,2441,مرغداری میرسالاری,364583,6
26914,2441,مرغداری اصلانی,364584,6
26915,2441,مرغداری صالحی,364585,6
26916,2441,مرغداری علی کرم ممبینی,364586,6
26917,2441,دامداری صنعتی آق قوین,364587,6
26918,2441,مرغداری نوین,364588,6
26919,2441,مرغداری محمدیان,364589,6
26920,2441,امداد خودرو,806126,6
26921,2441,مخزن و پمپ آب,806127,6
26922,2441,شهرک صنعتی رامهرمز,806128,6
26923,2441,شرکت پودر ماهی دامارون جنوب,806129,6
26924,2441,کشتارگاه صنعتی مرغ تعاون,806130,6
26925,2441,مرکز آموزش فنی و حرفه ای,806134,6
26926,2441,ایستگاه برق,806135,6
26927,2441,دکه های ورودی شهر,806136,6
26928,2441,مسکن مهر سلمان فارسی,806143,6
26929,2441,پلیس راه,806144,6
26930,2441,مجتمع دامپروری رامهرمز,806398,6
26931,2442,جهادآباد,056813,6
26932,2442,چم قاسمعلی یک,057046,6
26933,2442,سرفاریاب,057049,6
26934,2442,گنج آباد,057053,6
26935,2442,ملک آباد,057058,6
26936,2442,تشکی,064253,6
26937,2442,دشت دنا یک,067692,6
26938,2442,ده علیرضا,364481,6
26939,2442,ده جولان,364482,6
26940,2442,ده نوروز,364483,6
26941,2442,آبشار,364485,6
26942,2442,سد جره,364775,6
26943,2443,دره قیر,056906,6
26944,2443,چم مرداس,064257,6
26945,2443,خدیجه,064260,6
26946,2443,شاردین,064268,6
26947,2443,گنبدلران,064272,6
26948,2443,ماماتین سفلی,064274,6
26949,2443,ماماتین علیا,064275,6
26950,2443,نمره نه,064279,6
26951,2443,جوکنک,064352,6
26952,2444,بردخیمه,063988,6
26953,2444,پگین,063992,6
26954,2444,خدیجه,063999,6
26955,2444,گدارپهن,064015,6
26956,2444,بقعه دو,064081,6
26957,2444,بقعه یک,064082,6
26958,2444,کهله دو,064102,6
26959,2444,کهله یک,064103,6
26960,2444,بنه رشید,064387,6
26961,2444,بنه عباس,064390,6
26962,2444,بنه قیطاس,064391,6
26963,2444,غراباد,064392,6
26964,2444,شاه ابوالقاسم,064394,6
26965,2444,شهرک فجر,064395,6
26966,2444,صباحی,064396,6
26967,2444,کریم آباد,064398,6
26968,2444,تنگ تلخ پگین,363027,6
26969,2444,پمپ آب طرح با جهاد کشاورزی,806133,6
26970,2445,چم هاشم,064140,6
26971,2445,خافور,064141,6
26972,2445,بابل,064246,6
26973,2445,بنه اتابک,064249,6
26974,2445,پلیم,064251,6
26975,2445,جعفر صادق,064255,6
26976,2445,خان کشته,064259,6
26977,2445,دره دون,064261,6
26978,2445,رستم آباد,064265,6
26979,2445,سیدگتوش,064267,6
26980,2445,شهرک شهیدباهنر,064269,6
26981,2445,مالکاید,064273,6
26982,2445,مگه تنه ابول,064276,6
26983,2445,مگه تنه مراد,064277,6
26984,2445,چم هاشم دهقان,064317,6
26985,2445,زویدی رمضان,064322,6
26986,2445,زویدی مغامض,064323,6
26987,2445,زویدی موسی,064324,6
26988,2445,مزعل,064326,6
26989,2445,مشلوش,064327,6
26990,2445,بنه چراغ,064388,6
26991,2445,بنه فرهان,064553,6
26992,2446,آبژدان,063984,6
26993,2446,پای ریشه کوه,063990,6
26994,2446,پلمه,063993,6
26995,2446,تنگ تلخ دو,063994,6
26996,2446,تنگ تلخ یک,063995,6
26997,2446,حاجی آباد,063997,6
26998,2446,دوگچه,064003,6
26999,2446,سواره,064006,6
27000,2446,شمیلان,064009,6
27001,2446,شهرک شهیدرجایی,064010,6
27002,2446,کل احمدی,064013,6
27003,2446,کوه گرده,064014,6
27004,2446,نوران,064017,6
27005,2446,آبژدان سفلی,363005,6
27006,2446,پاریس دره نی,363006,6
27007,2446,تنگ تلخ شمیلان,363007,6
27008,2446,ده نظر,806396,6
27009,2446,شهید روییدل,806397,6
27010,2447,شهرک شهید رایگانی,064000,6
27011,2447,دره خشک,064001,6
27012,2447,دره نی,064002,6
27013,2447,زیرراه,064004,6
27014,2447,سرتنگ,064005,6
27015,2447,سه تلون,064007,6
27016,2447,کبوتری,064012,6
27017,2447,تلخاب مرغان,806323,6
27018,2448,آلبوگولک,064710,6
27019,2448,پلیس راه خوردورق,064711,6
27020,2448,سعدی,064713,6
27021,2448,عنایتی بالا,064714,6
27022,2448,عنایتی پایین,064715,6
27023,2448,عنایتی وسط,064716,6
27024,2448,نهرجدید,064717,6
27025,2448,نهرحسین,064718,6
27026,2448,نهرحمود,064719,6
27027,2448,نهررحمه,064720,6
27028,2448,نهرسلطان,064721,6
27029,2448,نهرشناوه,064722,6
27030,2448,نهرگبین سفلی,064723,6
27031,2448,نهرگبین علیا,064724,6
27032,2448,نهرمسیر,064725,6
27033,2448,نهروصله,064726,6
27034,2448,یوبه,064727,6
27035,2448,ایستگاه برق خلیج فارس,363214,6
27036,2448,ایستگاه رادیو و تلویزیون,363215,6
27037,2448,مرغداری عبدالعالی شاوردی,363216,6
27038,2448,مرکز انتقال نفت خوردورق,806344,6
27039,2448,ایستگاه تقلیل فشار گاز,806345,6
27040,2449,آلبوبندر,064844,6
27041,2449,بنه ولی,064845,6
27042,2449,بوزی بالا,064846,6
27043,2449,بوزی سیف,064847,6
27044,2449,بوستان حنظل,064848,6
27045,2449,غرگانه,064849,6
27046,2449,جابر سفلی,064850,6
27047,2449,جابر علیا,064851,6
27048,2449,جهانگیری سفلی,064852,6
27049,2449,جهانگیری علیا,064853,6
27050,2449,چلبان,064854,6
27051,2449,حدبه,064855,6
27052,2449,حسین بگی,064856,6
27053,2449,خاطر سفلی,064857,6
27054,2449,خاطر علیا,064858,6
27055,2449,خمس,064859,6
27056,2449,خوینس,064860,6
27057,2449,دوایر,064861,6
27058,2449,دیمه داغر,064862,6
27059,2449,دیمه یعقوب,064863,6
27060,2449,سکران,064864,6
27061,2449,سوده سفلی,064865,6
27062,2449,سوده علیا,064866,6
27063,2449,شاخه غانم,064867,6
27064,2449,شاخه سفلی,064868,6
27065,2449,شاروخیه,064869,6
27066,2449,شبیشه,064870,6
27067,2449,شبیلی,064871,6
27068,2449,شیخ درچال,064872,6
27069,2449,صفرامقدم,064873,6
27070,2449,اصیفر,064874,6
27071,2449,بصیرآباد,064875,6
27072,2449,فرهانی,064876,6
27073,2449,فلت,064877,6
27074,2449,قره خان سفلی,064878,6
27075,2449,قره خان علیا,064879,6
27076,2449,قطرانی سفلی یک,064880,6
27077,2449,قطرانی سفلی دو,064881,6
27078,2449,قطرانی علیا دو,064882,6
27079,2449,قطرانی علیا یک,064883,6
27080,2449,قطرانی وسطی,064884,6
27081,2449,گاهن شوامل,064885,6
27082,2449,گریاوی,064886,6
27083,2449,گواهین,064887,6
27084,2449,محروگی سفلی,064888,6
27085,2449,محروگی علیا,064889,6
27086,2449,مدینه,064890,6
27087,2449,مجتمع مکینه ابراهیم,064891,6
27088,2449,منگوشی,064893,6
27089,2449,نهرجراح,064894,6
27090,2449,نهردلی,064895,6
27091,2449,نهرشهاب,064896,6
27092,2449,نهرشیخ,064897,6
27093,2449,نهرمسلم,064898,6
27094,2449,شرکت فولاد شادگان,806335,6
27095,2449,مرغداری عبدالله و امین بغلانی,806374,6
27096,2449,مرغداری شریده,806375,6
27097,2450,ابوعرابید,064748,6
27098,2450,ام الصخر,064749,6
27099,2450,املحه,064751,6
27100,2450,بنوار,064754,6
27101,2450,بیت ابوموسی,064755,6
27102,2450,بیت دریس,064756,6
27103,2450,بیت شرهان,064757,6
27104,2450,جابری,064760,6
27105,2450,جغال عویه,064762,6
27106,2450,جفال,064764,6
27107,2450,حوطه,064767,6
27108,2450,جغال خوایه,064770,6
27109,2450,ذیل,064772,6
27110,2450,صبخیه,064776,6
27111,2450,صفار,064778,6
27112,2450,کفیشه,064782,6
27113,2450,گرمه,064785,6
27114,2450,ابوسدره,064954,6
27115,2450,ابوشلوگ,064955,6
27116,2450,البوسوادی,064959,6
27117,2450,امام سه,064962,6
27118,2450,ایشان,064963,6
27119,2450,بدرانی,064964,6
27120,2450,بیت سید صویلح,064966,6
27121,2450,بیت عاشور,064967,6
27122,2450,بیت عبید,064968,6
27123,2450,تلمبه خانه تقویت آبرسانی شماره 1,064969,6
27124,2450,بیت داوود,064976,6
27125,2450,شاخه آلبو شهباز,064980,6
27126,2450,شاه ولی,064984,6
27127,2450,شبیشی بزرگ,064985,6
27128,2450,شبیشی کوچک,064986,6
27129,2450,عطیه,064990,6
27130,2450,فرغ زایر,064991,6
27131,2450,مالکی,064995,6
27132,2450,مصفا,064997,6
27133,2450,معامره,064998,6
27134,2450,نهرخواف,065002,6
27135,2450,نهرصالح,065003,6
27136,2450,شرکت دان اخوت,363192,6
27137,2450,فرودگاه سمپاشی کشاورزی,363250,6
27138,2451,آلبونعیم,064750,6
27139,2451,بحاث,064752,6
27140,2451,بریجع,064753,6
27141,2451,غرابی,064758,6
27142,2451,غریبه,064759,6
27143,2451,جفال بالا,064761,6
27144,2451,جعفری شبیشی,064763,6
27145,2451,چومه خزعلیه,064765,6
27146,2451,حسینی,064766,6
27147,2451,خزعلیه,064768,6
27148,2451,خشاب,064769,6
27149,2451,دیمه کوچک,064771,6
27150,2451,زبیده,064773,6
27151,2451,سویمه,064774,6
27152,2451,شاوی,064775,6
27153,2451,صباهیه,064777,6
27154,2451,صفرا,064779,6
27155,2451,صوفیه,064780,6
27156,2451,عگله,064781,6
27157,2451,کوت هاشم,064783,6
27158,2451,گرگرسفلی,064784,6
27159,2451,محمدی,064786,6
27160,2451,مکینه منصوره,064787,6
27161,2451,منصوره علیا,064788,6
27162,2451,منصوره کنین,064789,6
27163,2451,منصوره ماضی,064790,6
27164,2451,میلان,064791,6
27165,2451,نهرابن عربید,064792,6
27166,2451,نهرابن ناصرسفلی,064793,6
27167,2451,نهرابن ناصرعلیا,064794,6
27168,2451,نهرسید,064795,6
27169,2451,اربیحات,064956,6
27170,2451,آلبوحصار,064958,6
27171,2451,آلبوشهباز,064960,6
27172,2451,آلبوعبید,064961,6
27173,2451,چومه توپچی مسجد,064970,6
27174,2451,شاخه جدید,064981,6
27175,2451,شاخه مبادری,064982,6
27176,2451,صفایی,064988,6
27177,2451,مزرعاوی,064996,6
27178,2451,مکینه فاضل,064999,6
27179,2451,منصوره سادات,363241,6
27180,2451,چومه کوچک,363243,6
27181,2451,امامزاده سید منصور,363244,6
27182,2451,امامزاده علویه شنینه,363245,6
27183,2452,سالمی,064978,6
27184,2452,عبودی,064989,6
27185,2452,فیه شاوردی,064992,6
27186,2452,منصوری,065000,6
27187,2452,شاوردی,065004,6
27188,2452,بندر شادگان,806346,6
27189,2453,آلبوجنام,064957,6
27190,2453,حدبه,064973,6
27191,2453,خروسی شمالی,064975,6
27192,2453,رگبه,064977,6
27193,2453,سراخیه,064979,6
27194,2453,گرمه خروسی,064993,6
27195,2453,گیداری,064994,6
27196,2453,ناصری,065001,6
27197,2453,غیاضی,363194,6
27198,2453,قریه شاوردی,363201,6
27199,2454,ام الحجار,054972,6
27200,2454,سازمان انرژی اتمی,054988,6
27201,2454,شاخت الخان دو,055017,6
27202,2454,شاخت الخان سه,055018,6
27203,2454,صلاحاویه,055027,6
27204,2454,علوان,055031,6
27205,2454,معدن نمک,055056,6
27206,2454,مکنیه صلاحاویه,055060,6
27207,2454,وسطانیه دو,055067,6
27208,2454,وسطانیه یک,055068,6
27209,2454,سلمانیه,061104,6
27210,2454,علی آبادی,061107,6
27211,2454,مسعودی,061109,6
27212,2454,مسعودی آل صفر,061110,6
27213,2454,یوسف خزرایی,061117,6
27214,2454,پایگاه شهید اژدری,363180,6
27215,2454,شرکت ایزراه,363181,6
27216,2454,طرح کانال شهیدرضوی,363182,6
27217,2454,مسعودی دو,363183,6
27218,2454,موسسه فدک مرغداری عسکری,363184,6
27219,2454,موسسه مرغداری کاظم طاهری زاده,363185,6
27220,2454,موقعیت شهیدقربانعلی عرب,363186,6
27221,2454,نیروگاه اتمی,363187,6
27222,2454,زرگانی,363188,6
27223,2455,ابوصخر,054968,6
27224,2455,ام الغزلان,054971,6
27225,2455,امامزاده سید قاسم,054981,6
27226,2455,خرایب,054996,6
27227,2455,دابوهیه,054998,6
27228,2455,دریسیه,054999,6
27229,2455,سگاره,055010,6
27230,2455,صفحه,055024,6
27231,2455,عچرشیه بزرگ,055029,6
27232,2455,علم آباد مهندس,055030,6
27233,2455,کاظمی خلف,055045,6
27234,2455,نثاره بزرگ,055065,6
27235,2455,نثاره کوچک,055066,6
27236,2455,امامزاده سید غریب,363179,6
27237,2455,شرکت طرح و توسعه نیشکر واحد غزالی,364531,6
27238,2456,آبگرمک سفلی,065088,6
27239,2456,آبگرمک علیا,065089,6
27240,2456,پارک اداره منابع طبیعی,065090,6
27241,2456,چم توپچی باشی,065094,6
27242,2456,قرقره ملکی,065097,6
27243,2456,کشت و صنعت کارون,065098,6
27244,2456,کوله جاز,065100,6
27245,2456,جرجیس,363288,6
27246,2456,بنه عظیم,363292,6
27247,2456,شهرک شهید بهشتی,363300,6
27248,2456,گله گاه,363310,6
27249,2456,شهرک شهید فلاحی,363316,6
27250,2456,شهرک اسکان عشایر,363378,6
27251,2456,شرکت آرد جوانه,363382,6
27252,2456,کارخانه گچ دانیال,363383,6
27253,2456,کارگاه ماسه شویی مهدی,363385,6
27254,2456,مرغداری شلتوکی,363388,6
27255,2456,اردوگاه بعثت,363389,6
27256,2456,موسسه کشاورزی بارنه,363390,6
27257,2456,موسسه کشاورزی پرک,363391,6
27258,2456,موسسه گاوداری بختیار عسکرپور,363392,6
27259,2456,گاوداری حاج هادی نداف,364486,6
27260,2456,شهرک صنعتی شوشتر,364530,6
27261,2456,کارخانه استیل سازی,806002,6
27262,2456,دانشکده های کشاورزی و علوم آب,806151,6
27263,2456,مجتمع شرکت های حمل و نقل,806152,6
27264,2456,میدان تره بار,806153,6
27265,2456,تیپ 45 تکاور,806155,6
27266,2457,کوه زر,065304,6
27267,2457,ماهورچاه گندلی,065306,6
27268,2457,آبگاه,065377,6
27269,2457,آبگرمک علیا,065378,6
27270,2457,چشمه زنبوری,065380,6
27271,2457,چشمه لگون,065381,6
27272,2457,راهدار,065382,6
27273,2457,کرایی سفلی,065385,6
27274,2457,کرایی علیا,065386,6
27275,2457,کول هاشم,065387,6
27276,2457,واحدبهره برداری نفت سفید,065409,6
27277,2457,تلمبه خانه سازمان آب و برق,065410,6
27278,2457,غافل,065411,6
27279,2457,جلیعه,065412,6
27280,2457,چم فرج,065413,6
27281,2457,حبیب آباد,065414,6
27282,2457,خزینه,065415,6
27283,2457,سید حسن,065416,6
27284,2457,سید دخیل,065417,6
27285,2457,شجرات,065418,6
27286,2457,شریف,065419,6
27287,2457,شعبت طوله,065420,6
27288,2457,ظهیریه,065421,6
27289,2457,قلعه گره,065422,6
27290,2457,محمد,065424,6
27291,2457,مشهدی,065425,6
27292,2457,هدام دو,065426,6
27293,2457,هدام یک,065427,6
27294,2457,آبگنجی,065448,6
27295,2457,بردمیل,065449,6
27296,2457,به بید,065450,6
27297,2457,بهرام آباد,065451,6
27298,2457,پادگان امام حسین,065452,6
27299,2457,پرچستان الکلو,065453,6
27300,2457,پرچستان خلج,065454,6
27301,2457,پنج میل,065455,6
27302,2457,پیردالو,065456,6
27303,2457,پیرگاری,065457,6
27304,2457,تخت اناری,065458,6
27305,2457,تخت قیصر,065459,6
27306,2457,تکتکو,065460,6
27307,2457,غانم,065461,6
27308,2457,جیجیل,065462,6
27309,2457,چال برآفتاب,065463,6
27310,2457,چاه لیلی,065464,6
27311,2457,چمکنار,065465,6
27312,2457,چهار بیشه,065466,6
27313,2457,درخزینه,065467,6
27314,2457,ریگستان,065468,6
27315,2457,شیخ محمد,065469,6
27316,2457,شیرکشان,065470,6
27317,2457,قلعه سلطان,065471,6
27318,2457,کنارهلاله,065472,6
27319,2457,گراب,065473,6
27320,2457,مریره,065475,6
27321,2457,نورعلی,065476,6
27322,2457,هلاله منزل,065477,6
27323,2457,مازه گرگشت,363515,6
27324,2457,محامید,363516,6
27325,2457,ایستگاه رادیو شوشتر,363518,6
27326,2457,ایستگاه مخابرات ماکروویو,363519,6
27327,2457,پادگان شهید دقایقی,363520,6
27328,2457,شیخ شمس الدین,363523,6
27329,2457,قهوه خانه سرراهی شوشتر,363524,6
27330,2457,کارخانه آسفالت شهرداری,363525,6
27331,2457,کارگاه ماسه شویی شوشتر,363529,6
27332,2457,موقعیت شهیدپارسایان,363532,6
27333,2457,ماهورچاه ترنجی,364376,6
27334,2457,پاسگاه انتظامی شوشتر,364527,6
27335,2457,شهرک صنعتی,364683,6
27336,2457,شرکت کشت و صنعت عقیلی,806148,6
27337,2457,خرمن خاک,806149,6
27338,2457,سید حسن یک,806307,6
27339,2457,پاسگاه محیط بانی کرایی,806399,6
27340,2457,موسسه آقای محمدعلی سعاداتی,806400,6
27341,2457,پرورش ماهی پارسا,806401,6
27342,2458,عبدالامیر,065126,6
27343,2458,گبیر,065127,6
27344,2458,ابوطیور دو,065175,6
27345,2458,ابوطیور سه,065176,6
27346,2458,ابوطیور یک,065177,6
27347,2458,ابوگرینیه دو,065178,6
27348,2458,ابوگرینیه یک,065179,6
27349,2458,ابوگروا دو,065180,6
27350,2458,ابوگروا یک,065181,6
27351,2458,چم الحمید,065186,6
27352,2458,چنیبه یک,065187,6
27353,2458,زویه دو,065195,6
27354,2458,زویه یک سفلی,065196,6
27355,2458,زویه یک علیا,065197,6
27356,2458,سنگر چنیبه دو,065202,6
27357,2458,عبدلی,065208,6
27358,2458,مگرنات دو,065214,6
27359,2458,مگرنات سه,065215,6
27360,2458,مگرنات یک,065216,6
27361,2458,مهدی سیدعنایت,065221,6
27362,2458,نشار دو,065222,6
27363,2458,نشارنعیمه,065223,6
27364,2458,چنیبه دو,364378,6
27365,2459,پرزینستان,065122,6
27366,2459,چمترخان سفلی,065123,6
27367,2459,چمترخان علیا,065124,6
27368,2459,نی سیاه,065128,6
27369,2459,آبادی مجید,065174,6
27370,2459,بنه کاظم,065184,6
27371,2459,بنه نجات,065185,6
27372,2459,چویس دو,065188,6
27373,2459,چویس یک,065189,6
27374,2459,خزر دو,065190,6
27375,2459,خزر سه,065191,6
27376,2459,خزر یک,065192,6
27377,2459,خماس,065193,6
27378,2459,دهول,065194,6
27379,2459,زیدان,065198,6
27380,2459,سحاک عبدالنبی,065199,6
27381,2459,سحاک یریح,065200,6
27382,2459,سری یک زروک,065201,6
27383,2459,شهرک شعیب نبی,065204,6
27384,2459,شیخ حسین,065205,6
27385,2459,شیخ رحمان,065206,6
27386,2459,عبدالسید,065207,6
27387,2459,عیله یک,065209,6
27388,2459,علی مردان خان,065210,6
27389,2459,فارسیه,065211,6
27390,2459,قلعه شیخ جاسم,065212,6
27391,2459,یحموره دو,065224,6
27392,2459,یحموره سه,065225,6
27393,2459,یحموره یک,065226,6
27394,2459,یزاب,065227,6
27395,2459,یشان سخی,065228,6
27396,2459,کشت وصنعت امام خمینی,363490,6
27397,2459,چویس سه,363491,6
27398,2459,دلفیه,363492,6
27399,2459,موسسه علیرضا غلام پور,364253,6
27400,2459,فارسیه دو,364377,6
27401,2459,شهرک مختار,806012,6
27402,2460,ابوعمود,065540,6
27403,2460,باستیه,065542,6
27404,2460,بکیشه,065543,6
27405,2460,بند قیر,065544,6
27406,2460,حاج خصاف,065550,6
27407,2460,دلفیه,065553,6
27408,2460,دیلم,065554,6
27409,2460,دیلم جدید,065555,6
27410,2460,زباری دو,065556,6
27411,2460,زباری یک,065557,6
27412,2460,زهوآباد,065558,6
27413,2460,سبزی,065559,6
27414,2460,سریمه,065560,6
27415,2460,سمیده,065561,6
27416,2460,شقاریج سفلی,065567,6
27417,2460,شقاریج علیا,065568,6
27418,2460,عرب اسد,065574,6
27419,2460,عله بندقیر,065576,6
27420,2460,عله حاج عبدالعلی,065577,6
27421,2460,عنایه,065578,6
27422,2460,فیاض آباد,065579,6
27423,2460,قلعه خان,065582,6
27424,2460,گاوداری جهادسازندگی,065587,6
27425,2460,مچریه,065592,6
27426,2460,منحوش,065598,6
27427,2460,مهدیه,065599,6
27428,2460,نقیشیات دو,065604,6
27429,2460,نقیشیات یک,065605,6
27430,2460,ولی آباد,065606,6
27431,2460,موسسه حاج حسین اسدی,363493,6
27432,2460,موسسه حاج ناصر فلاح زاده,363494,6
27433,2460,موسسه منوچهر یاوری,363496,6
27434,2460,موسسه سیدغفور امام,363498,6
27435,2460,موسسه یونجه زار,363500,6
27436,2460,شرکت صدف خوزستان,806154,6
27437,2461,آقابگی,065541,6
27438,2461,بورکی,065545,6
27439,2461,تبتی,065546,6
27440,2461,غافل,065547,6
27441,2461,غلیم,065548,6
27442,2461,چهارگاوه,065549,6
27443,2461,حسام آباد,065551,6
27444,2461,سوفان سفلی,065562,6
27445,2461,سوفان علیا,065563,6
27446,2461,سه بنه,065564,6
27447,2461,سه بنه علیا,065565,6
27448,2461,شلیلی بزرگ,065569,6
27449,2461,شلیلی کوچک,065570,6
27450,2461,شهرک علم الهدی,065571,6
27451,2461,شهرک نورمحمدی,065572,6
27452,2461,عباس آباد,065573,6
27453,2461,قل رومزی,065580,6
27454,2461,قلعه حاج محمد حسین,065581,6
27455,2461,قلعه سید,065583,6
27456,2461,قلعه عبدالحسین,065584,6
27457,2461,قلعه نو,065585,6
27458,2461,کنارپیر,065586,6
27459,2461,گاومیش آباد,065588,6
27460,2461,گاومیش آباد فردوسی,065589,6
27461,2461,لنگرجدید,065590,6
27462,2461,لنگرقدیم,065591,6
27463,2461,مرکز خدمات روستایی میان آب,065593,6
27464,2461,مزرعه باغ عربها,065594,6
27465,2461,موسسه طباطبایی,065595,6
27466,2461,مزرعه چم حاج قاسمی,065597,6
27467,2461,مهدی آباد,065600,6
27468,2461,نصیر,065601,6
27469,2461,نعیم آباد بزرگ,065602,6
27470,2461,نعیم آباد کوچک,065603,6
27471,2461,یباره,065607,6
27472,2461,یسارات,065608,6
27473,2461,باغ هادی صفرزاده,363502,6
27474,2461,گاوداری محمد جزایری ناصری,363504,6
27475,2461,گاوداری مجید محمدیان,363505,6
27476,2461,مرغداری فجر,363506,6
27477,2461,موسسه حاج مهدی چهارمحالی,363507,6
27478,2461,موسسه دامپروری حسین پور,363508,6
27479,2461,موسسه دامپروری علیزاده,363509,6
27480,2461,موسسه زمانی وسروستانی,363510,6
27481,2461,نهالستان بهار شوشتر,363511,6
27482,2461,جایگاه اختصاصی پمپ بنزین علیزاده,363512,6
27483,2461,ایستگاه پمپاژ مرکز میان آب,363513,6
27484,2461,مرغداری مجید حسین پور,363514,6
27485,2461,موسسه تیزک چهارمحالی,364501,6
27486,2461,بوجاری گندم بذری راتق,806145,6
27487,2461,مرکز معاینه فنی بهمن یاد,806146,6
27488,2461,مجتمع کارگاههای صنعتی علم الهدی,806147,6
27489,2461,مجتمع ویلایی حسن بک,806150,6
27490,2462,بتوند,065379,6
27491,2462,شانزده میل,065383,6
27492,2462,کپر آباد,065384,6
27493,2462,مانده آباد,065388,6
27494,2462,آب انجیرک سفلی,067170,6
27495,2462,آب انجیرک علیا,067171,6
27496,2462,ابراهیم,067173,6
27497,2462,آب بهار دو,067174,6
27498,2462,آب بهار یک,067175,6
27499,2462,آقاقلی,067176,6
27500,2462,پیربتول,067184,6
27501,2462,تنگ مشگی,067186,6
27502,2462,تنگ مو ترکدز علیا,067187,6
27503,2462,توگاه,067189,6
27504,2462,غلامشا منجزی,067190,6
27505,2462,غلامشاه رضایی,067191,6
27506,2462,چال استران,067192,6
27507,2462,چاه ملا احمد,067193,6
27508,2462,چشمه زالوک,067195,6
27509,2462,چشمه علی کایدان,067196,6
27510,2462,چشمه کره,067197,6
27511,2462,حسن آباد,067198,6
27512,2462,حسن آباد تنگ مو,067199,6
27513,2462,خانی آباد,067200,6
27514,2462,خلیل,067201,6
27515,2462,دودرون,067204,6
27516,2462,راکه,067205,6
27517,2462,رحم خدا چگارمون,067206,6
27518,2462,زلفعلی,067207,6
27519,2462,زمان آباد,067208,6
27520,2462,سیدگرگعلی,067209,6
27521,2462,سید مراد,067210,6
27522,2462,سیف آباد,067211,6
27523,2462,صفر آباد,067214,6
27524,2462,عبدالرضا,067215,6
27525,2462,قبله ای بالا,067217,6
27526,2462,قبله ای پایین,067218,6
27527,2462,قبله ای دو,067219,6
27528,2462,کوره آجرپزی,067221,6
27529,2462,کوشکک,067222,6
27530,2462,کولی در,067223,6
27531,2462,لادرازی,067224,6
27532,2462,مراد آباد,067225,6
27533,2462,مورچگان,067227,6
27534,2462,نم نمی,067228,6
27535,2462,یک خیشه,067232,6
27536,2462,بردمار,067433,6
27537,2462,پرچک,067436,6
27538,2462,تقی آباد,067443,6
27539,2462,تلخاب کلات,067445,6
27540,2462,تنگ مو,067447,6
27541,2462,چاله مرغی,067453,6
27542,2462,شمس آباد,067466,6
27543,2462,کوشک خلف ده دیمه,067478,6
27544,2462,کوشک خلف راه خدا,067479,6
27545,2462,کوشک خلف علیا,067481,6
27546,2462,گاوداران سفلی,067485,6
27547,2462,گچ خلج,067486,6
27548,2462,لاطان,067494,6
27549,2462,معصوم علی,067496,6
27550,2462,هفت شهیدان,067501,6
27551,2462,علی آباد,067595,6
27552,2462,بندعلی آباد,363765,6
27553,2462,پدافند غیرعامل,363768,6
27554,2462,تلمبه خانه پرزیسیون,363769,6
27555,2462,سنگبری برادران چراغی,363772,6
27556,2462,کارخانه آسفالت,363773,6
27557,2462,کارخانه تولیدقفل سوییچی,363774,6
27558,2462,موسسه گاوداری علی اصغر اردشیری,363775,6
27559,2462,گندمکار,363776,6
27560,2462,موسسه گاوداری صالح پور,363777,6
27561,2462,شهرک صنعتی,364487,6
27562,2462,پلیس راه جاده اهواز - مسجد سلیمان,806532,6
27563,2462,تاسیسات بوتان گاز مسجد سلیمان,806533,6
27564,2462,هلال احمر,806534,6
27565,2463,آبیدشت,067172,6
27566,2463,اکبرآباد,067177,6
27567,2463,اکبرآباد لارم,067178,6
27568,2463,امیرآباد,067179,6
27569,2463,باغ عبدیشاه,067180,6
27570,2463,بهرام آباد,067181,6
27571,2463,تختگان,067185,6
27572,2463,تنگ مو سادات,067188,6
27573,2463,چشمه ایناق,067194,6
27574,2463,خلیل آباد,067202,6
27575,2463,دشت چهار پاره,067203,6
27576,2463,صفرآباد,067213,6
27577,2463,عزیزآباد,067216,6
27578,2463,کریم آباد,067220,6
27579,2463,منصورآباد,067226,6
27580,2463,نصیر,067229,6
27581,2463,نورآباد,067231,6
27582,2463,آب باریک,067298,6
27583,2463,شهید اسد احمد پور,067300,6
27584,2463,پاگچ,067301,6
27585,2463,پیرکنارک,067303,6
27586,2463,رضا آباد,067318,6
27587,2463,سرکت شهنی,067321,6
27588,2463,صفی خانی,067323,6
27589,2463,علی آباد,067324,6
27590,2463,عوض آباد,067325,6
27591,2463,قاضی آباد,067327,6
27592,2463,قنبرآباد,067328,6
27593,2463,کت بردلان,067329,6
27594,2463,کوثره,067330,6
27595,2463,گدارلندر,067331,6
27596,2463,نرگسی تمپور,067333,6
27597,2463,نمره ده تل بزان,067334,6
27598,2463,واحدجذب اب,067335,6
27599,2463,پرخواجه,067437,6
27600,2463,دگه مشکی,067456,6
27601,2463,کلبعلی,067473,6
27602,2463,مرادآباد,067495,6
27603,2463,نی پاره,067498,6
27604,2463,برآفتاب حسن آباد,363814,6
27605,2463,مخزن بتونی آب چال کنار,364629,6
27606,2463,تالار عالی پور,806535,6
27607,2464,آب حمام,058369,6
27608,2464,آب حمام امیرالمومنین,058370,6
27609,2464,آب نرگسی,058372,6
27610,2464,آسیاب شکسته,058376,6
27611,2464,انبارگاه,058378,6
27612,2464,برد سوراخ,058381,6
27613,2464,بیدآباد,058387,6
27614,2464,تل قوچان,058393,6
27615,2464,چهارقاش,058403,6
27616,2464,حبیب آباد,058404,6
27617,2464,خلیل آباد,058407,6
27618,2464,دو بلوطان خدرسرخ,058422,6
27619,2464,ده کهنه دوبلوطان,058423,6
27620,2464,ریزلان,058429,6
27621,2464,سبزآباد,058430,6
27622,2464,سچگان سفلی,058431,6
27623,2464,سچگان علیا,058432,6
27624,2464,سراب نرگسی,058433,6
27625,2464,سرزندان,058436,6
27626,2464,سه بردان,058439,6
27627,2464,شیرزاد,058444,6
27628,2464,قاسم آباد,058446,6
27629,2464,قصردالو,058447,6
27630,2464,کله یاری,058452,6
27631,2464,کول بزان دو,058457,6
27632,2464,کول بزان سه,058458,6
27633,2464,کول بزان یک,058459,6
27634,2464,گله شه,058462,6
27635,2464,گوت موری,058463,6
27636,2464,گوری,058466,6
27637,2464,نرگس بطولی,058470,6
27638,2464,نرگسی,058472,6
27639,2464,آب اناری,067296,6
27640,2464,آب اناری کهزاد,067297,6
27641,2464,چوب سرخ,067307,6
27642,2464,چوب سرخ حافظ,067308,6
27643,2464,دره گاومیشی,067313,6
27644,2464,دلی آب اناری,067314,6
27645,2464,دلی علیا دوچیرون,067315,6
27646,2464,دلی کلخنگک,067316,6
27647,2464,سراله ملمولیها,067320,6
27648,2464,میدان طیاره,067332,6
27649,2464,هزارمشکی,067336,6
27650,2464,سرتنگ چهارمیشان,363811,6
27651,2464,حبیب آباد سفلی,363816,6
27652,2464,پس تخت سرلا,364268,6
27653,2464,نرگسی علیمردان,364489,6
27654,2464,پاسگاه جریک,806536,6
27655,2465,تل بمن,065305,6
27656,2465,باغ کنجیکال,065508,6
27657,2465,پاگچ لهبری,065509,6
27658,2465,تکاب,065510,6
27659,2465,تنگپل,065511,6
27660,2465,جه جه,065512,6
27661,2465,شاه ولی,065513,6
27662,2465,شکراب,065514,6
27663,2465,قلعه گره,065515,6
27664,2465,قلعه مدرسه,065516,6
27665,2465,کالوسه,065517,6
27666,2465,گلی خون,065518,6
27667,2465,گوری,065519,6
27668,2465,نمره یازده,067230,6
27669,2465,آب بید,067299,6
27670,2465,پنبه کار,067302,6
27671,2465,تکاب شیخ ابول,067304,6
27672,2465,چشمه دشت,067306,6
27673,2465,چهار بیشه,067309,6
27674,2465,حسین خون,067310,6
27675,2465,دره گاومیش,067312,6
27676,2465,زیرطوف علی اکبر,067319,6
27677,2465,عوضعلی نجفقلی,067326,6
27678,2465,امیرآباد,067379,6
27679,2465,بهرام آباد,067380,6
27680,2465,تمبی گلگیر,067381,6
27681,2465,حاجی آباد,067383,6
27682,2465,حاجی آباد,067384,6
27683,2465,حسین آباد,067386,6
27684,2465,خواجه آباد,067387,6
27685,2465,دم آب,067388,6
27686,2465,دوازده امام,067389,6
27687,2465,سبزآباد,067390,6
27688,2465,شمس آباد,067393,6
27689,2465,عوض آباد,067394,6
27690,2465,عیدی آباد,067395,6
27691,2465,فتح آباد,067396,6
27692,2465,محمد آباد,067400,6
27693,2465,مهدی آباد,067401,6
27694,2465,ایاز,067578,6
27695,2465,بازار تمبی,067579,6
27696,2465,بوستانک,067580,6
27697,2465,جهانشاهی,067581,6
27698,2465,چم ریگ,067582,6
27699,2465,چشمه شهداد,067583,6
27700,2465,حاجی آباد,067584,6
27701,2465,خسروآباد,067585,6
27702,2465,دولت آباد سفلی,067586,6
27703,2465,دولت آباد علیا,067587,6
27704,2465,سبزعلی,067588,6
27705,2465,سلطان آباد سفلی,067589,6
27706,2465,سلطان آباد علیا,067590,6
27707,2465,عجم,067591,6
27708,2465,کلنگ بری,067592,6
27709,2465,محمد آباد,067593,6
27710,2465,نی نردبان,067594,6
27711,2465,اسماعیل,067674,6
27712,2465,بکارجولان,067676,6
27713,2465,جهانگیر,067688,6
27714,2465,چاه کرمک,067689,6
27715,2465,چشمه عبداله,067690,6
27716,2465,دورگی,067695,6
27717,2465,شیرعلی,067704,6
27718,2465,علی محمد,067708,6
27719,2465,فاضل,067709,6
27720,2465,فرامرز,067710,6
27721,2465,قباد,067712,6
27722,2465,قشلاق,067713,6
27723,2465,قلعه مدرسه,067714,6
27724,2465,میرزامحمد,067721,6
27725,2465,هرمز,067728,6
27726,2465,یتیمان,067729,6
27727,2465,علی محمد قاسمی,363841,6
27728,2465,شیخ عالی ورکش,363844,6
27729,2465,عباس آباد,363845,6
27730,2465,علی آباد,363846,6
27731,2465,سبزآباد سفلی,364282,6
27732,2465,سبزآباد علیا,364283,6
27733,2465,آهنگری,364494,6
27734,2465,شرکت سیمان کارون,364638,6
27735,2466,آب زالو بهرام,067426,6
27736,2466,آب زالو عرب,067427,6
27737,2466,آب زالو بابا احمدی,067428,6
27738,2466,آسیاب,067430,6
27739,2466,عنبل بوستانی,067431,6
27740,2466,شهید سراج الدین,067434,6
27741,2466,تنگ لیر,067446,6
27742,2466,چال گندلی,067452,6
27743,2466,دزکان,067455,6
27744,2466,دوتواستکی,067457,6
27745,2466,ساهی,067460,6
27746,2466,عسگر آباد,067467,6
27747,2466,کلبی سوز,067474,6
27748,2466,کنارهشت لک,067475,6
27749,2466,کوکی,067483,6
27750,2466,کهناب,067484,6
27751,2466,هفت چشمه,067500,6
27752,2466,کفت رودگه,363343,6
27753,2466,چاه شماره 3,363770,6
27754,2467,ابکاسه,067429,6
27755,2467,پرزرد,067438,6
27756,2467,پرشوشتری,067439,6
27757,2467,پرنوشته دو,067440,6
27758,2467,پرنوشته یک,067441,6
27759,2467,تلخاب تاج الدین,067444,6
27760,2467,جاجوی سفلی,067448,6
27761,2467,جاجوی علیا,067449,6
27762,2467,چشمه شیرین,067454,6
27763,2467,دومده,067458,6
27764,2467,ده گه,067459,6
27765,2467,سرپر,067462,6
27766,2467,سرچشمه,067463,6
27767,2467,سلیران سفلی,067464,6
27768,2467,سلیران علیا,067465,6
27769,2467,علمداری,067468,6
27770,2467,قلعه راک,067471,6
27771,2467,قلعه شیاس,067472,6
27772,2467,کنجدکار,067476,6
27773,2467,کوشک خلف تلخاب سوره,067477,6
27774,2467,کوشک خلف یداله,067482,6
27775,2467,گزستان,067488,6
27776,2467,گلستان,067490,6
27777,2467,گندم ریز,067491,6
27778,2467,لیله,067492,6
27779,2467,لارم,067493,6
27780,2467,هادی,067499,6
27781,2467,پتروشیمی مسجد سلیمان,806537,6
27782,2467,کارخانه آلومینیوم کاوه,806538,6
27783,2468,بیضه,062533,6
27784,2468,جریه سید موسی,062534,6
27785,2468,چیچالی احمد,062535,6
27786,2468,حمدآباد,062539,6
27787,2468,خارکوب,062540,6
27788,2468,خیرآباد,062541,6
27789,2468,خیرآباد ثانی,062542,6
27790,2468,داوودآباد,062544,6
27791,2468,رداده,062545,6
27792,2468,سید عدنان,062546,6
27793,2468,سید موسی,062547,6
27794,2468,شهرک بهرام,062548,6
27795,2468,فرحیه,062549,6
27796,2468,عمله سیف,062550,6
27797,2468,عنبریه,062551,6
27798,2468,قلعه بابو,062552,6
27799,2468,قلعه نصیر,062553,6
27800,2468,کافه بهروی,062554,6
27801,2468,مرادآباد,062556,6
27802,2468,پادگان شهید حسن درویشی,363914,6
27803,2468,دفتر کوره های بنیاد مسکن,363915,6
27804,2468,غیب بن علی,363916,6
27805,2468,ماسه شویی جم,363917,6
27806,2468,سید جمال الدین اسدآبادی,806034,6
27807,2469,احمد مولا,062682,6
27808,2469,ایستگاه راه آهن شوش,062683,6
27809,2469,ایستگاه راه آهن هفت تپه,062684,6
27810,2469,جریه سید محمد,062687,6
27811,2469,جوی مجید,062689,6
27812,2469,چغازنبیل,062690,6
27813,2469,حاج صالح لوسی,062691,6
27814,2469,حلوه هانی,062693,6
27815,2469,حمزه,062694,6
27816,2469,حمیدآباد,062695,6
27817,2469,خشان,062696,6
27818,2469,خلف مسلم,062697,6
27819,2469,درچال,062699,6
27820,2469,ذبه,062700,6
27821,2469,سخی,062704,6
27822,2469,سید راضی,062706,6
27823,2469,کارخانه شیرپاستوریزه شوش,062709,6
27824,2469,شرکت سهامی کاغذ سازی پارس,062710,6
27825,2469,شویع عتیج,062713,6
27826,2469,شیخ حسن,062715,6
27827,2469,شیخ خماط,062716,6
27828,2469,شیخ علی اصغر,062718,6
27829,2469,عیسی آباد,062719,6
27830,2469,شیخ فندی,062720,6
27831,2469,صالح سعید,062721,6
27832,2469,طالب آباد,062723,6
27833,2469,طرح نیشکرهفت تپه,062724,6
27834,2469,علی جادر,062725,6
27835,2469,کارخانه قندوتصفیه شکردزفول,062727,6
27836,2469,کشت وصنعت شهیدبهشتی,062728,6
27837,2469,انبار جهاد سازندگی شوش,062729,6
27838,2469,مجیدعبداله,062731,6
27839,2469,محمید,062732,6
27840,2469,مرادهادی,062733,6
27841,2469,موسسه خوانساری,062736,6
27842,2469,میرزاعلی خان,062737,6
27843,2469,نیس,062738,6
27844,2469,ایستگاه مکروویو مخابرات,363940,6
27845,2469,پادگان قدس مهران زاده,363941,6
27846,2469,ذرت خشک کنی,363944,6
27847,2469,ماهی سرای دز,363945,6
27848,2469,مرغداری حاج کریم خنیفر,363946,6
27849,2469,موسسه آجرسفال خوزستان,363949,6
27850,2469,موسسه دامپروری رحمانی,363950,6
27851,2469,موسسه طهماسبی زراعتی,363952,6
27852,2469,تعمیرگاه تراکتورسازی,363954,6
27853,2469,ابوالقیفه,363988,6
27854,2469,امامزاده عباس,363991,6
27855,2469,پادگان لشکر 25 کربلا,363993,6
27856,2469,مهمانسرای حریر خوزستان,363994,6
27857,2469,مطلب,363996,6
27858,2469,شرکت حریر پارس خوزستان,364630,6
27859,2469,انبار غله شهرستان شوش,364691,6
27860,2469,کوی ایلام,806123,6
27861,2469,کوی شهید عبدالکریم دیناروند,806124,6
27862,2469,شهرک صنعتی شوش,806317,6
27863,2469,پمپ استیشن کوی والفجر,806321,6
27864,2469,طالب سرداحی,806378,6
27865,2470,ترویح عدای,062586,6
27866,2470,حسن صیهود,062594,6
27867,2470,حمودی,062597,6
27868,2470,دوله یاراله,062599,6
27869,2470,راشد,062600,6
27870,2470,رغیوه,062601,6
27871,2470,رسن,062602,6
27872,2470,رمیله,062603,6
27873,2470,سرتیپ,062606,6
27874,2470,سندال,062607,6
27875,2470,شیخ عجم,062613,6
27876,2470,شیخ علی,062614,6
27877,2470,صدام,062615,6
27878,2470,عبید,062618,6
27879,2470,فرحان کبر,062621,6
27880,2470,مجیدضمدی,062626,6
27881,2470,محارب,062627,6
27882,2470,محمدصافی,062629,6
27883,2470,مزعل ضمدی,062630,6
27884,2470,دحام,363904,6
27885,2470,سبعیه,363905,6
27886,2470,سید طاهر,363906,6
27887,2470,شهرک مجاهدین,363907,6
27888,2470,غشاشیرویل,363908,6
27889,2470,شرکت نصر میثاق,806112,6
27890,2470,بیت مطشر نمیمه,806113,6
27891,2470,شرکت مهندسی آب و خاک,806115,6
27892,2470,حسن گرگ,806327,6
27893,2470,شند لفطی,806328,6
27894,2470,چاه سهیب,806329,6
27895,2471,بنه محمد,062584,6
27896,2471,بنه مسکین,062585,6
27897,2471,خنگ,062598,6
27898,2471,سویلمیه,062608,6
27899,2471,سید صبهان,062609,6
27900,2471,شمیل,062610,6
27901,2471,صحین,062616,6
27902,2471,قاسم مطشر,062623,6
27903,2471,گریزیه,062625,6
27904,2471,محمدشقاطی,062628,6
27905,2471,شهرک قدس,062796,6
27906,2471,شیخ سعد,062800,6
27907,2471,صالح داود,062801,6
27908,2471,فلیج دونار,062803,6
27909,2471,ملحه,062804,6
27910,2471,پشتیبانی منطقه دو ارتش,363876,6
27911,2471,چاه آبی ابوالقاسم ابراهیمی,363877,6
27912,2471,چاه آبی اسدی نیا,363878,6
27913,2471,چاه آبی سلطان مراد جعفری,363879,6
27914,2471,چاه آبی صاحب سرخه,363880,6
27915,2471,چاه آبی صالح سرخه,363881,6
27916,2471,چاه آبی عباس جلیلیان,363882,6
27917,2471,چاه آبی کاظم سرخه,363883,6
27918,2471,چاه آبی کی محمد,363884,6
27919,2471,چاه آبی گلیگل سرخه,363885,6
27920,2471,چاه آبی لطیف سرخه,363886,6
27921,2471,چاه آبی لولیت سرخه,363887,6
27922,2471,مجتمع چاه های آبی سرخه,363888,6
27923,2471,چاه آبی ماشااله هدایت,363889,6
27924,2471,چاه آبی مرتضی نادری,363890,6
27925,2471,چاه آبی ناصر فاضلی,363891,6
27926,2471,چاه آبی نوروز بریسم,363892,6
27927,2471,حاج معذرب,363894,6
27928,2471,پادگان تیپ 45 تکاور,363898,6
27929,2471,شرکت اسکان عشایر شهید رحمتی زاده,806005,6
27930,2471,شرکت خرم سازان,806114,6
27931,2471,مجتمع دامپروری شوش,806116,6
27932,2471,شرکت گلدشت چنانه,806117,6
27933,2471,شرکت سرخه دانه,806118,6
27934,2471,موسسه مالک حسینی,806119,6
27935,2471,پمپ بنزین سرخه,806120,6
27936,2471,ذرت شکنی زرین دانه سرخه,806121,6
27937,2471,تاسیسات پمپاژ آبیاری,806122,6
27938,2471,شهرک بختیاری,806334,6
27939,2472,بالون,056746,6
27940,2472,بختیار,056747,6
27941,2472,بنه جعفر,056748,6
27942,2472,تینک بند,056751,6
27943,2472,چال محمدحسین سفلی,056752,6
27944,2472,چال محمدحسین علیا,056753,6
27945,2472,دلی سلماوند,056757,6
27946,2472,دلی محصالح آقا,056758,6
27947,2472,راه خدا,056759,6
27948,2472,سبزی,056760,6
27949,2472,سرکون نوراله,056761,6
27950,2472,سید علی محمد,056762,6
27951,2472,گراوند غلامحسین,056766,6
27952,2472,گراوند سفلی,056767,6
27953,2472,گراوند علیا,056768,6
27954,2472,آب لشکر سفلی,056804,6
27955,2472,آب لشکر علیا,056805,6
27956,2472,آب لشکر وسطی,056806,6
27957,2472,ابله,056807,6
27958,2472,اسلام آباد,056808,6
27959,2472,پل بریده,056809,6
27960,2472,پیربلی,056810,6
27961,2472,پیرموسی,056811,6
27962,2472,ترکاب,056812,6
27963,2472,چشمه روغنی,056814,6
27964,2472,چگاپرویز,056815,6
27965,2472,چهارقاش,056816,6
27966,2472,دره اهوازی,056817,6
27967,2472,دره خرزهره,056818,6
27968,2472,دزد مدعی,056819,6
27969,2472,دشت انار علی پناه,056820,6
27970,2472,دشت انار هیبت اله,056821,6
27971,2472,دشت گل,056822,6
27972,2472,رود زرد کاید رفیع,056823,6
27973,2472,سادات غربی,056825,6
27974,2472,علی محمد,056827,6
27975,2472,کلگه,056828,6
27976,2472,کلاسمدین دو,056829,6
27977,2472,کلاسمدین یک,056830,6
27978,2472,کون گژدمی,056832,6
27979,2472,گوداژدر,056833,6
27980,2472,ملازاهد,056834,6
27981,2472,ملاعلی,056835,6
27982,2472,هوره,056836,6
27983,2472,یداله,056837,6
27984,2472,بید زرد آسماری,067679,6
27985,2472,پایتخت دو آسماری,067680,6
27986,2472,پایتخت یک آسماری,067681,6
27987,2472,پیرنبی,067684,6
27988,2472,تخت کبود نرگسی,067685,6
27989,2472,زیر زرد,067698,6
27990,2472,شیخ علی,067703,6
27991,2472,پاپر,364089,6
27992,2473,ابوالعباس,056708,6
27993,2473,بختگان,056709,6
27994,2473,برآفتاب چیدن,056710,6
27995,2473,پشت راه,056711,6
27996,2473,چاه شیرین,056712,6
27997,2473,چلچلک,056713,6
27998,2473,چیدن,056714,6
27999,2473,خمین,056715,6
28000,2473,درب ابوالعباس,056716,6
28001,2473,دره تنگار,056717,6
28002,2473,زیرراه,056719,6
28003,2473,کیوپ,056720,6
28004,2473,لالب,056721,6
28005,2473,مله ابوالعباس,056723,6
28006,2473,مله گوراب,056724,6
28007,2473,کویری,056765,6
28008,2473,ابونک,364126,6
28009,2473,رباط علیا,364241,6
28010,2473,رباط سفلی,364242,6
28011,2473,سنگ شکن عبدالحسین نورالدینی,806391,6
28012,2473,دانشگاه آزاد واحد باغملک,806392,6
28013,2473,مجموعه طرحهای کشاورزی و دامداری گلال,806393,6
28014,2474,دم آب,056755,6
28015,2474,آب گندو,057084,6
28016,2474,آبریزک,057085,6
28017,2474,آبشیرینک,057086,6
28018,2474,ارزو,057087,6
28019,2474,برآفتاب,057094,6
28020,2474,بکونی,057099,6
28021,2474,پسکره,057112,6
28022,2474,تنگ خشک,057118,6
28023,2474,جولر,057122,6
28024,2474,چغاسرخک,057127,6
28025,2474,حاجی جواد,057131,6
28026,2474,دم آفتاب,057132,6
28027,2474,دره انار,057135,6
28028,2474,دره دزی,057139,6
28029,2474,دره زیدی,057142,6
28030,2474,دره شور,057143,6
28031,2474,دره نی,057144,6
28032,2474,دوراهی اسلام آباد,057147,6
28033,2474,دورتو,057148,6
28034,2474,دیمه کمر,057151,6
28035,2474,زرم,057157,6
28036,2474,زیر مورد,057159,6
28037,2474,سرپوشیده,057162,6
28038,2474,سرمورد,057168,6
28039,2474,سروستان,057169,6
28040,2474,شمس آباد,057173,6
28041,2474,کربلایی قاسم علی,057182,6
28042,2474,کله پیر,057186,6
28043,2474,کنجدکار,057189,6
28044,2474,کوشک دره,057190,6
28045,2474,کولر,057191,6
28046,2474,گرگر,057194,6
28047,2474,گزستان,057195,6
28048,2474,گنبد,057197,6
28049,2474,گودانجیر,057199,6
28050,2474,لاکم,057201,6
28051,2474,ورپر,057216,6
28052,2474,دم اشگفت,364155,6
28053,2474,شرکت گچ ساختمان جانکی,364679,6
28054,2474,تنگ پلنگی,364767,6
28055,2474,شهرک شهید رجایی,364768,6
28056,2474,آب انارک,806336,6
28057,2474,شهید کریمی,806337,6
28058,2474,سیدآباد,806338,6
28059,2475,آبگرمک,056872,6
28060,2475,آبید,056873,6
28061,2475,اشکفت گلاک,056874,6
28062,2475,املل,056875,6
28063,2475,انجیر سیاه,056876,6
28064,2475,انجیره,056877,6
28065,2475,بردزرد,056878,6
28066,2475,برد سیلاح,056880,6
28067,2475,بنه دراز,056881,6
28068,2475,بنه کلو,056882,6
28069,2475,بهاره,056883,6
28070,2475,بهره,056884,6
28071,2475,بهره روزه,056885,6
28072,2475,پتک بیگدلی,056886,6
28073,2475,پتک جلالی,056887,6
28074,2475,پوتو,056888,6
28075,2475,تل شور,056889,6
28076,2475,تلخاب زردپتک,056890,6
28077,2475,تهتویل,056891,6
28078,2475,تهلو زرد,056892,6
28079,2475,چم بن,056893,6
28080,2475,چم دالان,056894,6
28081,2475,چم سید محمد,056895,6
28082,2475,چل روباه,056896,6
28083,2475,چل گشه,056897,6
28084,2475,چهاردره,056898,6
28085,2475,چهچل,056899,6
28086,2475,خرون,056900,6
28087,2475,داری دون,056901,6
28088,2475,دالان,056902,6
28089,2475,دم تنگ پوتو,056903,6
28090,2475,دره بنک,056904,6
28091,2475,دره خلک,056905,6
28092,2475,دلی چمن,056908,6
28093,2475,دوتو,056909,6
28094,2475,دوتوآقاولی,056910,6
28095,2475,دورون,056911,6
28096,2475,دوگچه,056912,6
28097,2475,راه علی,056913,6
28098,2475,سرخار,056914,6
28099,2475,سرله,056915,6
28100,2475,شون بچه,056916,6
28101,2475,قریه حاجی,056917,6
28102,2475,کل جهان,056918,6
28103,2475,کنده,056920,6
28104,2475,مله گوراب,056922,6
28105,2475,موحورک,056923,6
28106,2475,مینون,056924,6
28107,2475,هوره,056925,6
28108,2475,کله سیر,364203,6
28109,2475,برد سیلاخ,364204,6
28110,2475,دره نا,364205,6
28111,2475,گدارپهن,806379,6
28112,2476,برات,057042,6
28113,2476,پتکی,057043,6
28114,2476,تیغن سفلی,057044,6
28115,2476,تیغن علیا,057045,6
28116,2476,سردشت,057048,6
28117,2476,صالحی,057050,6
28118,2476,علی اکبر,057051,6
28119,2476,مال خانی,057054,6
28120,2476,محمد آباد,057055,6
28121,2476,محمدجعفر,057056,6
28122,2476,محمدکاظمی,057057,6
28123,2476,میانکل,057059,6
28124,2476,میداود علیا,057061,6
28125,2476,میداود وسطی,057062,6
28126,2476,سرحانی,057164,6
28127,2476,مال شیخ,364074,6
28128,2476,ملامحمدتقی,364075,6
28129,2476,ملامحمدطاهر,364076,6
28130,2476,سنگ شکن میرسالاری,806395,6
28131,2477,مال آقا,056722,6
28132,2477,نخودکار,056725,6
28133,2477,پادرازان,056749,6
28134,2477,تلمبه خانه شماره سه,056750,6
28135,2477,چهارقاش,056754,6
28136,2477,کلتندر سفلی,056763,6
28137,2477,کلتندر علیا,056764,6
28138,2477,گلابوندان سفلی,056769,6
28139,2477,گلابوندان علیا,056770,6
28140,2477,لران,056771,6
28141,2477,منازل سازمانی,056773,6
28142,2477,آب دلو,056980,6
28143,2477,آب گرازی,056981,6
28144,2477,آب گل,056982,6
28145,2477,بادرنگان,056985,6
28146,2477,بلغاب,056988,6
28147,2477,بیدستان,056990,6
28148,2477,تم بهار,056994,6
28149,2477,تکیه,056995,6
28150,2477,تمبی,056996,6
28151,2477,تنگ کرد,056997,6
28152,2477,سرتنگ سلیمان کشته,057003,6
28153,2477,ایستگاه مطالعات زراعت دیم,364109,6
28154,2477,زیارتگاه شاه دورق,364110,6
28155,2477,سنگ شکنی اردشیر آقاپور,364111,6
28156,2477,کارخانه آسفالت اداره راه,364112,6
28157,2477,شهرک صنعتی باغملک,364677,6
28158,2477,کارخانه ماکارونی آنزان (برزگر),364678,6
28159,2477,طرحهای کشاورزی و دامپروری رستم آباد,806383,6
28160,2477,مجموعه طرحهای کشاورزی و دامداری آل خورشید,806384,6
28161,2477,سنگ شکن بابک کیانی,806385,6
28162,2477,مجموعه طرحهای کشاورزی و دامداری بوگری,806386,6
28163,2477,مجموعه طرحهای کشاورزی و دامداری سربرم,806387,6
28164,2477,مجموعه طرحهای کشاورزی و دامداری مسیر ایذه,806388,6
28165,2477,مجموعه طرحهای کشاورزی و دامداری شله زار,806389,6
28166,2478,دره مورد,056756,6
28167,2478,اسطل,056983,6
28168,2478,اشگفت زرد,056984,6
28169,2478,بارانگرد,056986,6
28170,2478,باغ ملا,056987,6
28171,2478,پرسوراخ,056993,6
28172,2478,جوق انجیر,056998,6
28173,2478,چاشنیدان,056999,6
28174,2478,چشمه شیرین,057000,6
28175,2478,چشمه گرگی,057001,6
28176,2478,دره باریک,057002,6
28177,2478,شاهراه زن,057004,6
28178,2478,فریدونی,057005,6
28179,2478,کان گنجشکی,057007,6
28180,2478,کمردراز,057008,6
28181,2478,گله واری,057009,6
28182,2478,مناره بارانگرد,057010,6
28183,2478,شرکت کشاورزی و دامپروری نگین فام,806382,6
28184,2478,مجموعه طرحهای کشاورزی و دامداری تل محمید,806390,6
28185,2479,ایستگاه برق 400 کیلووات,060172,6
28186,2479,فای حاج اجباری,060190,6
28187,2479,فای علیا,060191,6
28188,2479,پردکشن 3,060439,6
28189,2479,سربند بالا,060441,6
28190,2479,کمپ عباس,060444,6
28191,2479,نمره پانزده,060445,6
28192,2479,ارمش,064077,6
28193,2479,اسلام آباد,064078,6
28194,2479,امامرضا,064079,6
28195,2479,برج,064080,6
28196,2479,پروژه تزریق گاز کرنج,064084,6
28197,2479,بهره برداری کرنج,064085,6
28198,2479,جایزان کهنه,064088,6
28199,2479,سیاه گل,064092,6
28200,2479,شاهزاده ابراهیم,064093,6
28201,2479,شهرک آزادی,064094,6
28202,2479,شهرک بلال,064095,6
28203,2479,صفر,064098,6
28204,2479,قلعه حمود,064099,6
28205,2479,کرفنج,064100,6
28206,2479,کمبرده,064101,6
28207,2479,مارون جایزان,064104,6
28208,2479,ولی,064105,6
28209,2479,هفت تپه,064107,6
28210,2479,ابوسخیلات,064139,6
28211,2479,امامزاده محمد,064386,6
28212,2479,علی آباد,064397,6
28213,2479,بنه نفل,064400,6
28214,2479,ایستگاه فشار گاز یوسفی,362227,6
28215,2479,سربند پایین,362231,6
28216,2479,فای حاج ادب,362235,6
28217,2479,مارون یک,362237,6
28218,2479,یونیت 4,362239,6
28219,2479,یونیت یک,362240,6
28220,2479,پادگان قدس,362243,6
28221,2479,سنگ شکن داریوش شریفات,363012,6
28222,2479,انبار پروژه گاز کرنج,363025,6
28223,2479,ایستگاه برق کرنج پارسی,363026,6
28224,2479,مرغداری برادران طیبی,364704,6
28225,2479,ایستگاه تزریق گاز 600 کرنج,364705,6
28226,2479,کارخانه گاز مایع1500 کرنج,364706,6
28227,2479,طرح 85 هکتاری جنگلکاری,596088,6
28228,2479,مجتمع چاه های مارون,596089,6
28229,2479,مرغداری حاج غلام درویشی,596090,6
28230,2479,مخازن ذخیره آب و سیستم های مخابراتی سربند,596091,6
28231,2479,بنه حیدر,806494,6
28232,2480,آسیاب,060170,6
28233,2480,امیرالمومنین,060171,6
28234,2480,صالحک,060187,6
28235,2480,قلندری,060192,6
28236,2480,گدارچیتی,060196,6
28237,2480,گرگری سفلی,060197,6
28238,2480,گرگری علیا,060198,6
28239,2480,محسنیه,060200,6
28240,2480,تچیه,060313,6
28241,2480,سور مقداد,060322,6
28242,2480,پازنان یک,060693,6
28243,2480,کارگاه گازمایع,060773,6
28244,2480,انبار لوله شرکت نفت,362211,6
28245,2480,شرکت ویلاک,362216,6
28246,2480,سنگ شکن شهرداری آغاجاری,364603,6
28247,2480,واحد نمک زدایی شماره یک پازنان,364604,6
28248,2480,سنگ شکن شهرداری امیدیه,364779,6
28249,2480,پادگان شهید اسماعیل دقایقی,596056,6
28250,2480,انبار لوله طرح شهید رجایی,806284,6
28251,2481,ابودهالیس,060169,6
28252,2481,بحریه,060174,6
28253,2481,تنگ جعفر,060175,6
28254,2481,چاه سالم,060176,6
28255,2481,حبایه سفلی,060177,6
28256,2481,حبایه علیا,060178,6
28257,2481,حمیدآباد,060179,6
28258,2481,حویله,060180,6
28259,2481,خیط زبید,060181,6
28260,2481,خیط عماره,060182,6
28261,2481,دونه,060183,6
28262,2481,شاه نبی علیا,060184,6
28263,2481,صالح آباد,060186,6
28264,2481,عشاره سفلی,060188,6
28265,2481,عشاره علیا,060189,6
28266,2481,گترانی,060195,6
28267,2481,مجنون,060199,6
28268,2481,یریسیه,060202,6
28269,2481,ابوطرفایه,060276,6
28270,2481,ابوماصول,060277,6
28271,2481,غویل,060279,6
28272,2481,خزینه سفلی,060280,6
28273,2481,خزینه علیا,060281,6
28274,2481,رامشیر یک,060283,6
28275,2481,عدعبیس,060287,6
28276,2481,مولح,060288,6
28277,2481,نوزده میلی,060289,6
28278,2481,نمره یک بالا,060446,6
28279,2481,نمره یک پایین,060447,6
28280,2481,ابوسخره,063785,6
28281,2481,ام الطوله,063798,6
28282,2481,بنینه,063801,6
28283,2481,زوینه,063826,6
28284,2481,مولح علیا,063874,6
28285,2481,ابوطرفایه سفلی,362225,6
28286,2481,ایستگاه اصلی برق امیدیه,362226,6
28287,2481,منطقه پاسارگاد,362229,6
28288,2481,شرکت صنایع گچ زمرد خوزستان,362232,6
28289,2481,کارخانه آسفالت شهرداری امیدیه,362233,6
28290,2481,غویل سفلی,362234,6
28291,2481,مخازن ذخیره آب امیدیه,362238,6
28292,2481,فرودگاه امیدیه,362241,6
28293,2481,کارخانه آسفالت شهرداری آغاجاری,362242,6
28294,2481,شهرک صنعتی جهاد کشاورزی,364605,6
28295,2481,تلمبه خانه شماره یک نفت,364607,6
28296,2481,تلمبه خانه شماره دو نفت,364608,6
28297,2481,پروژه تست شاپ,364609,6
28298,2481,انبار سازمان آب و برق,364610,6
28299,2481,مرغداری شرکت تعاونی رضا هفتگل,364778,6
28300,2481,مرغداری برادران شناوی پور,596058,6
28301,2481,پمپ بنزین پردیس امیدیه,596060,6
28302,2481,پاسگاه امیدیه به دیلم,596080,6
28303,2481,تلمبه خانه شماره 3,596081,6
28304,2481,شهرک دامپروری امیدیه,596082,6
28305,2481,حبابه وسطی,806006,6
28306,2481,ایستگاه پلیس امیدیه,806280,6
28307,2481,پمپ بنزین سادات,806281,6
28308,2481,شهرک صنعتی امیدیه,806282,6
28309,2481,سه راهی امیدیه آغاجاری,806283,6
28310,2482,آب گرمه,066551,6
28311,2482,آب مایک گلزاری,066552,6
28312,2482,احمدآباد برکه,066558,6
28313,2482,اسکندرآباد,066560,6
28314,2482,اسمی,066561,6
28315,2482,اشگفت آباد,066562,6
28316,2482,اله بخش,066566,6
28317,2482,امیرالمومنین,066567,6
28318,2482,اوبقون,066568,6
28319,2482,باریکی تکی,066574,6
28320,2482,بلبلک آب,066579,6
28321,2482,بنه سرخی,066585,6
28322,2482,بنه صباحی,066586,6
28323,2482,بنه گه حسینقلی,066588,6
28324,2482,پرپولاد,066601,6
28325,2482,تازه گاو,066607,6
28326,2482,تلخاب عالیپور,066614,6
28327,2482,تنگ هلیل,066623,6
28328,2482,غلام آباد,066626,6
28329,2482,جانمحمد,066628,6
28330,2482,جعفرآباد,066629,6
28331,2482,جعفرآباد,066630,6
28332,2482,چال میدان,066635,6
28333,2482,چاله تاک,066636,6
28334,2482,چم لوند,066641,6
28335,2482,چشمه حمزه لو,066645,6
28336,2482,چلی,066646,6
28337,2482,حسن آباد,066654,6
28338,2482,حسین آباد,066655,6
28339,2482,خواجه آباد,066658,6
28340,2482,خیبرآباد,066659,6
28341,2482,دره شیخان,066667,6
28342,2482,دره گونگ,066671,6
28343,2482,رگ هلیل,066680,6
28344,2482,سربیشه,066688,6
28345,2482,سلطان علی,066699,6
28346,2482,سلطان محمد,066700,6
28347,2482,شش ماروند,066711,6
28348,2482,شیرعلی,066715,6
28349,2482,ططر,066719,6
28350,2482,علیمراد,066721,6
28351,2482,عوض آباد,066724,6
28352,2482,فتح آباد,066726,6
28353,2482,قلعه بردی,066730,6
28354,2482,قلعه بنه,066731,6
28355,2482,قلعه چنگایی,066732,6
28356,2482,کبودگل,066736,6
28357,2482,کفت گل انبار,066739,6
28358,2482,کل بید,066743,6
28359,2482,کیماس آباد,066757,6
28360,2482,گاخفت,066758,6
28361,2482,گارا,066759,6
28362,2482,گچ پربازفتی,066760,6
28363,2482,گچ گرسا,066761,6
28364,2482,گرم آباد,066763,6
28365,2482,گندم ریز,066770,6
28366,2482,گوت سرخه,066771,6
28367,2482,گوراب سرخ,066772,6
28368,2482,گویله,066773,6
28369,2482,لب رود,066774,6
28370,2482,لامردونی,066781,6
28371,2482,مازه قلعه گداردربار,066782,6
28372,2482,محمد آباد,066784,6
28373,2482,مراد آباد,066786,6
28374,2482,مسجد,066790,6
28375,2482,مشهدی علی مراد,066791,6
28376,2482,نجات,066801,6
28377,2482,نمره 9,066804,6
28378,2482,وارگه کلنگ شکراله,066807,6
28379,2482,هی بکیف,066820,6
28380,2482,یک برجی,066821,6
28381,2482,امامزاده سید محمد,363728,6
28382,2482,بنه علیشاه,363729,6
28383,2482,بی سیم,363730,6
28384,2482,پیرآقاجان,363731,6
28385,2482,چم علی آقا,363732,6
28386,2482,کوره های گچ پزی,363734,6
28387,2482,منازل سازمانی,363735,6
28388,2482,کمال آباد,363736,6
28389,2483,ابجاز,066546,6
28390,2483,ابوجدان میرزا عوض,066556,6
28391,2483,ابوجدان صیدال,066557,6
28392,2483,اوگون,066569,6
28393,2483,باربادینه,066573,6
28394,2483,باغ عبدالون,066575,6
28395,2483,بنه اولاد فتحعلی,066583,6
28396,2483,بنه جان محمد,066584,6
28397,2483,بنه عبداله,066587,6
28398,2483,بنه وار بابا احمد,066589,6
28399,2483,بیلر,066594,6
28400,2483,پاچ کولا,066597,6
28401,2483,پلی,066606,6
28402,2483,تلوک,066616,6
28403,2483,تمبل,066617,6
28404,2483,تنگ شوکل,066620,6
28405,2483,تنگ طاهک,066621,6
28406,2483,تنگ لطف علی,066622,6
28407,2483,جانعلی,066627,6
28408,2483,چال شهرگریوه,066633,6
28409,2483,چال گوراب,066634,6
28410,2483,چشمه آب,066642,6
28411,2483,چهارراه تمبل,066649,6
28412,2483,چیتی,066651,6
28413,2483,چینی,066653,6
28414,2483,خیرآباد,066660,6
28415,2483,دره بوری,066666,6
28416,2483,دره قیله,066669,6
28417,2483,ذوالفقار,066679,6
28418,2483,رنگ رزی,066681,6
28419,2483,سارند,066685,6
28420,2483,سرکولی,066695,6
28421,2483,سرمچ,066696,6
28422,2483,سه لر,066705,6
28423,2483,شاه آباد سادات,066709,6
28424,2483,شوکل کاظم بزگی,066713,6
28425,2483,شیخی,066714,6
28426,2483,فرهاد,066729,6
28427,2483,کفت کلخنک,066738,6
28428,2483,کک ونکی,066742,6
28429,2483,کون سرخ,066753,6
28430,2483,کهناب گرگ کشته,066755,6
28431,2483,گله بردر,066766,6
28432,2483,گله چگاه,066767,6
28433,2483,لیرکویونو,066777,6
28434,2483,محمدعلی,066785,6
28435,2483,ملک آباد,066792,6
28436,2483,نصراله آباد,066803,6
28437,2483,ورزرداب بید,066808,6
28438,2483,هارکله,066811,6
28439,2483,هارکله محمد باقر,066813,6
28440,2483,هارکله محمد جعفر,066814,6
28441,2483,هارکله مناری,066815,6
28442,2483,هارکله محمد آباد,363704,6
28443,2483,ده زنگی,363705,6
28444,2484,ابجاز,066547,6
28445,2484,آب بید,066550,6
28446,2484,آب ملک,066553,6
28447,2484,آبگرمک,066555,6
28448,2484,اشگفت برآفتاب,066563,6
28449,2484,اشگفت طویله,066564,6
28450,2484,اشگفت منا,066565,6
28451,2484,بادبنوک,066572,6
28452,2484,بردتاب,066577,6
28453,2484,بنوار,066581,6
28454,2484,بوخدا,066591,6
28455,2484,بون داب,066592,6
28456,2484,بید جابر,066593,6
28457,2484,بی اوزه,066595,6
28458,2484,پشت طاقهای چهاربیشه,066604,6
28459,2484,تکاب ده گه,066609,6
28460,2484,تکاب شاهرضا,066610,6
28461,2484,تکاب میان رودان,066611,6
28462,2484,تنباکو کار,066618,6
28463,2484,تنگ ترد,066619,6
28464,2484,تهلکستون,066624,6
28465,2484,چال بردر,066632,6
28466,2484,چوزه,066648,6
28467,2484,چهار کولان,066650,6
28468,2484,حسین آقا,066656,6
28469,2484,دارمیدان,066661,6
28470,2484,شهرک ابوذر,066670,6
28471,2484,دول بزیا,066675,6
28472,2484,دول طاهر,066676,6
28473,2484,دهل گران,066678,6
28474,2484,روکی,066682,6
28475,2484,زلی آب,066684,6
28476,2484,سراشگفت,066686,6
28477,2484,سرراگ,066693,6
28478,2484,سه چیران,066704,6
28479,2484,سیکوند,066707,6
28480,2484,شاه نشین,066710,6
28481,2484,طاقاکنارشه,066716,6
28482,2484,طاقهای چهاربیشه,066717,6
28483,2484,طاهر آباد,066718,6
28484,2484,قلعه صلواتی,066734,6
28485,2484,کفت گله وری,066741,6
28486,2484,کنارستان,066745,6
28487,2484,کول پاپا,066747,6
28488,2484,کول جندان,066748,6
28489,2484,کول سی,066750,6
28490,2484,کولیزه جابر,066751,6
28491,2484,کون خله,066752,6
28492,2484,گرشهه,066764,6
28493,2484,گرکستون,066765,6
28494,2484,لیرمختار,066778,6
28495,2484,مردآزما,066788,6
28496,2484,مهدی آباد کالک شوران,066795,6
28497,2484,میزوره,066797,6
28498,2484,نثار شهمرد,066800,6
28499,2484,نسه تنباکوکار,066802,6
28500,2484,نیموری,066806,6
28501,2484,ولی آباد,066809,6
28502,2484,هرگنوش,066818,6
28503,2484,هیزبرده,066819,6
28504,2484,چم حاجیان,363561,6
28505,2484,مجموعه دامداری های خراج,806688,6
28506,2485,آب بید,066549,6
28507,2485,آب نیک,066554,6
28508,2485,اسداله آباد,066559,6
28509,2485,بابا روزبان,066571,6
28510,2485,برآفتاب سیپه,066576,6
28511,2485,بردگژدی,066578,6
28512,2485,بناراندا,066580,6
28513,2485,پاتخت رم رون,066596,6
28514,2485,پاراک,066598,6
28515,2485,پاکورپی سفلی,066599,6
28516,2485,پاکورپی علیا,066600,6
28517,2485,پس دلی,066602,6
28518,2485,پس ده,066603,6
28519,2485,تنگ تکاب,066612,6
28520,2485,تل حاج علی,066613,6
28521,2485,تلوار,066615,6
