Id,ParentCountryDivisionId,Name,Code,DivisionType
1,,ایران,ir,0
2,1,مرکزی,00,1
3,1,گیلان,01,1
4,1,مازندران,02,1
5,1,آذربایجان شرقی,03,1
6,1,آذربایجان غربی,04,1
7,1,کرمانشاه,05,1
8,1,خوزستان,06,1
9,1,فارس,07,1
10,1,کرمان,08,1
11,1,خراسان رضوی,09,1
12,1,اصفهان,10,1
13,1,سیستان و بلوچستان,11,1
14,1,کردستان,12,1
15,1,همدان,13,1
16,1,چهارمحال و بختیاری,14,1
17,1,لرستان,15,1
18,1,ایلام,16,1
19,1,کهگیلویه و بویراحمد,17,1
20,1,بوشهر,18,1
21,1,زنجان,19,1
22,1,سمنان,20,1
23,1,یزد,21,1
24,1,هرمزگان,22,1
25,1,تهران,23,1
26,1,اردبیل,24,1
27,1,قم,25,1
28,1,قزوین,26,1
29,1,گلستان,27,1
30,1,خراسان شمالی,28,1
31,1,خراسان جنوبی,29,1
32,1,البرز,30,1
33,2,اراک,01,2
34,2,آشتیان,02,2
35,2,تفرش,03,2
36,2,خمین,04,2
37,2,دلیجان,05,2
38,2,ساوه,06,2
39,2,شازند,07,2
40,2,محلات,09,2
41,2,زرندیه,10,2
42,2,کمیجان,11,2
43,2,خنداب,12,2
44,2,فراهان,13,2
45,3,آستارا,01,2
46,3,آستانه اشرفیه,02,2
47,3,بندرانزلی,03,2
48,3,طوالش,04,2
49,3,رشت,05,2
50,3,رودبار,06,2
51,3,رودسر,07,2
52,3,صومعه سرا,08,2
53,3,فومن,09,2
54,3,لنگرود,10,2
55,3,لاهیجان,11,2
56,3,شفت,12,2
57,3,املش,13,2
58,3,رضوانشهر,14,2
59,3,سیاهکل,15,2
60,3,ماسال,16,2
61,3,خمام,17,2
62,4,آمل,01,2
63,4,بابل,02,2
64,4,بهشهر,04,2
65,4,تنکابن,05,2
66,4,رامسر,06,2
67,4,ساری,07,2
68,4,سوادکوه,08,2
69,4,قایم شهر,10,2
70,4,نور,14,2
71,4,نوشهر,15,2
72,4,بابلسر,16,2
73,4,محمودآباد,18,2
74,4,نکا,19,2
75,4,چالوس,20,2
76,4,جویبار,21,2
77,4,گلوگاه,22,2
78,4,فریدونکنار,23,2
79,4,عباس آباد,24,2
80,4,میاندورود,25,2
81,4,سیمرغ,26,2
82,4,سوادکوه شمالی,27,2
83,4,کلاردشت,28,2
84,5,اهر,02,2
85,5,تبریز,03,2
86,5,سراب,05,2
87,5,مراغه,06,2
88,5,مرند,07,2
89,5,میانه,10,2
90,5,هشترود,11,2
91,5,بناب,12,2
92,5,بستان آباد,13,2
93,5,شبستر,14,2
94,5,کلیبر,15,2
95,5,هریس,16,2
96,5,جلفا,19,2
97,5,ملکان,20,2
98,5,آذرشهر,21,2
99,5,اسکو,22,2
100,5,چاراویماق,23,2
101,5,ورزقان,24,2
102,5,عجب شیر,25,2
103,5,خدا آفرین,26,2
104,5,هوراند,27,2
105,5,لیلان,28,2
106,5,ترکمانچای,29,2
107,6,ارومیه,01,2
108,6,پیرانشهر,02,2
109,6,خوی,03,2
110,6,سردشت,04,2
111,6,سلماس,05,2
112,6,ماکو,06,2
113,6,مهاباد,07,2
114,6,میاندوآب,08,2
115,6,نقده,09,2
116,6,بوکان,10,2
117,6,شاهین دژ,11,2
118,6,تکاب,12,2
119,6,اشنویه,13,2
120,6,چالدران,14,2
121,6,پلدشت,15,2
122,6,چایپاره,16,2
123,6,شوط,17,2
124,6,چهاربرج,18,2
125,6,باروق,19,2
126,6,میرآباد,20,2
127,7,اسلام آبادغرب,01,2
128,7,کرمانشاه,02,2
129,7,پاوه,03,2
130,7,سرپل ذهاب,04,2
131,7,سنقر,05,2
132,7,قصرشیرین,06,2
133,7,کنگاور,07,2
134,7,گیلانغرب,08,2
135,7,جوانرود,09,2
136,7,صحنه,10,2
137,7,هرسین,11,2
138,7,ثلاث باباجانی,12,2
139,7,دالاهو,13,2
140,7,روانسر,14,2
141,8,آبادان,01,2
142,8,اندیمشک,02,2
143,8,اهواز,03,2
144,8,ایذه,04,2
145,8,بندر ماهشهر,05,2
146,8,بهبهان,06,2
147,8,خرمشهر,07,2
148,8,دزفول,08,2
149,8,دشت آزادگان,09,2
150,8,رامهرمز,10,2
151,8,شادگان,11,2
152,8,شوشتر,12,2
153,8,مسجدسلیمان,13,2
154,8,شوش,14,2
155,8,باغ ملک,15,2
156,8,امیدیه,16,2
157,8,لالی,17,2
158,8,هندیجان,18,2
159,8,رامشیر,19,2
160,8,گتوند,20,2
161,8,اندیکا,21,2
162,8,هفتکل,22,2
163,8,هویزه,23,2
164,8,باوی,24,2
165,8,حمیدیه,25,2
166,8,آغاجاری,26,2
167,8,کارون,27,2
168,8,کرخه,28,2
169,8,دزپارت,29,2
170,8,صیدون,30,2
171,9,آباده,01,2
172,9,استهبان,02,2
173,9,اقلید,03,2
174,9,جهرم,04,2
175,9,داراب,05,2
176,9,سپیدان,06,2
177,9,شیراز,07,2
178,9,فسا,08,2
179,9,فیروزآباد,09,2
180,9,کازرون,10,2
181,9,لارستان,11,2
182,9,مرودشت,12,2
183,9,ممسنی,13,2
184,9,نی ریز,14,2
185,9,لامرد,15,2
186,9,بوانات,16,2
187,9,ارسنجان,17,2
188,9,خرم بید,18,2
189,9,زرین دشت,19,2
190,9,قیرو کارزین,20,2
191,9,مهر,21,2
192,9,فراشبند,22,2
193,9,پاسارگاد,23,2
194,9,خنج,24,2
195,9,سروستان,25,2
196,9,رستم,26,2
197,9,گراش,27,2
198,9,کوار,28,2
199,9,خرامه,29,2
200,9,زرقان,30,2
201,9,بیضاء,31,2
202,9,سرچهان,32,2
203,9,کوه چنار,33,2
204,9,خفر,34,2
205,9,بختگان,35,2
206,9,اوز,36,2
207,9,جویم,37,2
208,10,بافت,01,2
209,10,بم,02,2
210,10,جیرفت,03,2
211,10,رفسنجان,04,2
212,10,زرند,05,2
213,10,سیرجان,06,2
214,10,شهربابک,07,2
215,10,کرمان,08,2
216,10,کهنوج,09,2
217,10,بردسیر,10,2
218,10,راور,11,2
219,10,عنبرآباد,12,2
220,10,منوجان,13,2
221,10,کوهبنان,14,2
222,10,رودبارجنوب,15,2
223,10,قلعه گنج,16,2
224,10,ریگان,17,2
225,10,رابر,18,2
226,10,فهرج,19,2
227,10,انار,20,2
228,10,نرماشیر,21,2
229,10,فاریاب,22,2
230,10,ارزوییه,23,2
231,10,گنبکی,24,2
232,10,جازموریان,25,2
233,11,تایباد,04,2
234,11,تربت حیدریه,05,2
235,11,تربت جام,06,2
236,11,درگز,07,2
237,11,سبزوار,08,2
238,11,قوچان,13,2
239,11,کاشمر,14,2
240,11,گناباد,15,2
241,11,مشهد,16,2
242,11,نیشابور,17,2
243,11,چناران,18,2
244,11,خواف,19,2
245,11,سرخس,20,2
246,11,فریمان,22,2
247,11,بردسکن,23,2
248,11,رشتخوار,27,2
249,11,کلات,28,2
250,11,خلیل آباد,29,2
251,11,مه ولات,30,2
252,11,بجستان,31,2
253,11,طرقبه شاندیز,32,2
254,11,فیروزه,33,2
255,11,جغتای,34,2
256,11,زاوه,35,2
257,11,جوین,36,2
258,11,باخرز,37,2
259,11,خوشاب,38,2
260,11,داورزن,39,2
261,11,صالح آباد,40,2
262,11,کوهسرخ,41,2
263,11,زبرخان,42,2
264,11,ششتمد,43,2
265,11,گلبهار,44,2
266,11,میان جلگه,45,2
267,12,اردستان,01,2
268,12,اصفهان,02,2
269,12,خمینی شهر,03,2
270,12,خوانسار,04,2
271,12,سمیرم,05,2
272,12,فریدن,06,2
273,12,فریدونشهر,07,2
274,12,فلاورجان,08,2
275,12,شهرضا,09,2
276,12,کاشان,10,2
277,12,گلپایگان,11,2
278,12,لنجان,12,2
279,12,نایین,13,2
280,12,نجف آباد,14,2
281,12,نطنز,15,2
282,12,شاهین شهرو میمه,16,2
283,12,مبارکه,17,2
284,12,آران و بیدگل,18,2
285,12,تیران وکرون,19,2
286,12,چادگان,20,2
287,12,دهاقان,21,2
288,12,برخوار,22,2
289,12,خور و بیابانک,23,2
290,12,بویین و میاندشت,24,2
291,12,کوهپایه,25,2
292,12,جرقویه,26,2
293,12,ورزنه,27,2
294,12,هرند,28,2
295,13,ایرانشهر,01,2
296,13,چاه بهار,02,2
297,13,خاش,03,2
298,13,زابل,04,2
299,13,زاهدان,05,2
300,13,سراوان,06,2
301,13,نیک شهر,07,2
302,13,راسک,08,2
303,13,کنارک,09,2
304,13,زهک,10,2
305,13,هیرمند,11,2
306,13,دلگان,12,2
307,13,مهرستان,13,2
308,13,سیب و سوران,14,2
309,13,نیمروز,15,2
310,13,هامون,16,2
311,13,میرجاوه,17,2
312,13,قصرقند,18,2
313,13,فنوج,19,2
314,13,بمپور,20,2
315,13,تفتان,21,2
316,13,دشتیاری,22,2
317,13,سرباز,23,2
318,13,گلشن,24,2
319,13,لاشار,25,2
320,13,زرآباد,26,2
321,14,بانه,01,2
322,14,بیجار,02,2
323,14,سقز,03,2
324,14,سنندج,04,2
325,14,قروه,05,2
326,14,مریوان,06,2
327,14,دیواندره,07,2
328,14,کامیاران,08,2
329,14,سروآباد,09,2
330,14,دهگلان,10,2
331,15,تویسرکان,01,2
332,15,ملایر,02,2
333,15,نهاوند,03,2
334,15,همدان,04,2
335,15,کبودرآهنگ,05,2
336,15,اسدآباد,06,2
337,15,بهار,07,2
338,15,رزن,08,2
339,15,فامنین,09,2
340,15,درگزین,10,2
341,16,بروجن,01,2
342,16,شهرکرد,02,2
343,16,فارسان,03,2
344,16,لردگان,04,2
345,16,اردل,05,2
346,16,کوهرنگ,06,2
347,16,کیار,07,2
348,16,سامان,08,2
349,16,بن,09,2
350,16,خانمیرزا,10,2
351,16,فلارد,11,2
352,16,فرخ شهر,12,2
353,17,الیگودرز,01,2
354,17,بروجرد,02,2
355,17,خرم آباد,03,2
356,17,دلفان,04,2
357,17,دورود,05,2
358,17,کوهدشت,06,2
359,17,ازنا,07,2
360,17,پلدختر,08,2
361,17,سلسله,09,2
362,17,چگنی,10,2
363,17,رومشکان,11,2
364,17,معمولان,12,2
365,18,ایلام,01,2
366,18,دره شهر,02,2
367,18,دهلران,03,2
368,18,چرداول,04,2
369,18,مهران,05,2
370,18,آبدانان,06,2
371,18,ایوان,07,2
372,18,ملکشاهی,08,2
373,18,سیروان,09,2
374,18,بدره,10,2
375,18,هلیلان,11,2
376,18,چوار,12,2
377,19,بویراحمد,01,2
378,19,کهگیلویه,02,2
379,19,گچساران,03,2
380,19,دنا,04,2
381,19,بهمیی,05,2
382,19,چرام,06,2
383,19,باشت,07,2
384,19,لنده,08,2
385,19,مارگون,09,2
386,20,بوشهر,01,2
387,20,تنگستان,02,2
388,20,دشتستان,03,2
389,20,دشتی,04,2
390,20,دیر,05,2
391,20,کنگان,06,2
392,20,گناوه,07,2
393,20,دیلم,08,2
394,20,جم,09,2
395,20,عسلویه,10,2
396,21,ابهر,01,2
397,21,خدابنده,03,2
398,21,زنجان,04,2
399,21,ایجرود,06,2
400,21,خرمدره,07,2
401,21,طارم,08,2
402,21,ماهنشان,09,2
403,21,سلطانیه,10,2
404,22,دامغان,01,2
405,22,سمنان,02,2
406,22,شاهرود,03,2
407,22,گرمسار,04,2
408,22,مهدی شهر,05,2
409,22,آرادان,06,2
410,22,میامی,07,2
411,22,سرخه,08,2
412,23,اردکان,01,2
413,23,بافق,02,2
414,23,تفت,03,2
415,23,مهریز,04,2
416,23,یزد,05,2
417,23,میبد,06,2
418,23,ابرکوه,07,2
419,23,اشکذر,08,2
420,23,خاتم,09,2
421,23,بهاباد,11,2
422,23,مروست,12,2
423,23,زارچ,13,2
424,24,ابوموسی,01,2
425,24,بندر عباس,02,2
426,24,بندر لنگه,03,2
427,24,قشم,04,2
428,24,میناب,05,2
429,24,جاسک,06,2
430,24,رودان,07,2
431,24,حاجی آباد,08,2
432,24,بستک,09,2
433,24,خمیر,10,2
434,24,پارسیان,11,2
435,24,سیریک,12,2
436,24,بشاگرد,13,2
437,25,تهران,01,2
438,25,دماوند,02,2
439,25,ری,03,2
440,25,شمیرانات,04,2
441,25,ورامین,06,2
442,25,شهریار,09,2
443,25,اسلامشهر,10,2
444,25,رباط‌کریم,12,2
445,25,پاکدشت,13,2
446,25,فیروزکوه,14,2
447,25,قدس,16,2
448,25,ملارد,17,2
449,25,پیشوا,18,2
450,25,بهارستان,19,2
451,25,پردیس,20,2
452,25,قرچک,21,2
453,26,اردبیل,01,2
454,26,بیله سوار,02,2
455,26,خلخال,03,2
456,26,مشگین شهر,04,2
457,26,گرمی,05,2
458,26,پارس آباد,06,2
459,26,کوثر,07,2
460,26,نمین,08,2
461,26,نیر,09,2
462,26,سرعین,10,2
463,26,اصلاندوز,11,2
464,26,انگوت,12,2
465,27,قم,01,2
466,27,جعفرآباد,02,2
467,27,کهک,03,2
468,28,بویین زهرا,01,2
469,28,تاکستان,02,2
470,28,قزوین,03,2
471,28,آبیک,04,2
472,28,البرز,05,2
473,28,آوج,06,2
474,29,بندرگز,01,2
475,29,ترکمن,02,2
476,29,علی آباد کتول,03,2
477,29,کردکوی,04,2
478,29,گرگان,05,2
479,29,گنبدکاووس,06,2
480,29,مینودشت,07,2
481,29,آق قلا,08,2
482,29,کلاله,09,2
483,29,آزادشهر,10,2
484,29,رامیان,11,2
485,29,مراوه تپه,12,2
486,29,گمیشان,13,2
487,29,گالیکش,14,2
488,30,اسفراین,01,2
489,30,بجنورد,02,2
490,30,جاجرم,03,2
491,30,شیروان,04,2
492,30,فاروج,05,2
493,30,سملقان,06,2
494,30,گرمه,07,2
495,30,راز و جرگلان,08,2
496,30,بام و صفی آباد,09,2
497,30,مانه,10,2
498,31,بیرجند,01,2
499,31,درمیان,02,2
500,31,سربیشه,03,2
501,31,قاینات,04,2
502,31,نهبندان,05,2
503,31,سرایان,06,2
504,31,فردوس,07,2
505,31,بشرویه,08,2
506,31,زیرکوه,09,2
507,31,خوسف,10,2
508,31,طبس,11,2
509,31,عشق آباد,12,2
510,32,کرج,01,2
511,32,ساوجبلاغ,02,2
512,32,نظرآباد,03,2
513,32,طالقان,04,2
514,32,اشتهارد,05,2
515,32,فردیس,06,2
516,32,چهارباغ,07,2
517,33,مرکزی,02,3
518,33,ساروق,03,3
519,33,معصومیه,04,3
520,34,مرکزی,01,3
521,35,مرکزی,02,3
522,36,مرکزی,01,3
523,36,کمره,02,3
524,37,مرکزی,01,3
525,38,مرکزی,03,3
526,38,نوبران,04,3
527,39,مرکزی,01,3
528,39,سربند,02,3
529,39,زالیان,03,3
530,39,قره کهریز,04,3
531,39,مهاجران,05,3
532,40,مرکزی,01,3
533,41,خرقان,01,3
534,41,مرکزی,02,3
535,41,زوایه,03,3
536,42,مرکزی,01,3
537,42,میلاجرد,02,3
538,43,قره چای,01,3
539,43,مرکزی,02,3
540,44,مرکزی,01,3
541,44,خنجین,02,3
542,45,مرکزی,01,3
543,45,لوندویل,02,3
544,46,کیاشهر,01,3
545,46,مرکزی,02,3
546,47,مرکزی,01,3
547,48,مرکزی,03,3
548,48,کرگان رود,04,3
549,48,اسالم,05,3
550,48,حویق,06,3
551,48,جوکندان,07,3
552,49,سنگر,02,3
553,49,کوچصفهان,03,3
554,49,لشت نشاء,04,3
555,49,مرکزی,05,3
556,49,خشکبیجار,06,3
557,50,رحمت آباد و بلوکات,01,3
558,50,عمارلو,02,3
559,50,مرکزی,03,3
560,50,خورگام,04,3
561,50,لوشان,05,3
562,51,رحیم آباد,02,3
563,51,مرکزی,03,3
564,51,چابکسر,04,3
565,51,کلاچای,05,3
566,52,تولم,01,3
567,52,مرکزی,02,3
568,52,میرزا کوچک جنگلی,03,3
569,52,طاهرگوراب,04,3
570,52,ضیابر,05,3
571,53,مرکزی,02,3
572,53,سردارجنگل,03,3
573,54,مرکزی,01,3
574,54,اطاقور,02,3
575,54,کومله,03,3
576,55,مرکزی,02,3
577,55,رودبنه,04,3
578,56,احمد سرگوراب,01,3
579,56,مرکزی,02,3
580,57,رانکوه,01,3
581,57,مرکزی,02,3
582,58,پره سر,01,3
583,58,مرکزی,02,3
584,59,دیلمان,01,3
585,59,مرکزی,02,3
586,60,شاندرمن,01,3
587,60,مرکزی,02,3
588,61,مرکزی,01,3
589,61,چوکام,02,3
590,62,لاریجان,01,3
591,62,مرکزی,02,3
592,62,دابودشت,03,3
593,62,امامزاده عبدالله,04,3
594,62,دشت سر,05,3
595,63,بندپی غربی,01,3
596,63,مرکزی,02,3
597,63,بندپی شرقی,03,3
598,63,بابل کنار,04,3
599,63,لاله آباد,05,3
600,63,گتاب,06,3
601,64,مرکزی,02,3
602,64,یانه سر,04,3
603,65,مرکزی,02,3
604,65,نشتا,03,3
605,65,خرم آباد,04,3
606,65,کوهستان,05,3
607,66,مرکزی,01,3
608,66,دالخانی,02,3
609,67,چهاردانگه,01,3
610,67,دودانگه,02,3
611,67,مرکزی,03,3
612,67,کلیجان رستاق,05,3
613,67,رودپی,06,3
614,67,رودپی شمالی,07,3
615,68,مرکزی,02,3
616,68,زیرآب,03,3
617,69,مرکزی,02,3
618,70,بلده,01,3
619,70,چمستان,02,3
620,70,مرکزی,03,3
621,71,کجور,02,3
622,71,مرکزی,04,3
623,72,مرکزی,02,3
624,72,بهنمیر,03,3
625,72,رودبست,04,3
626,73,سرخرود,01,3
627,73,مرکزی,02,3
628,74,مرکزی,01,3
629,74,هزارجریب,02,3
630,75,مرکزی,02,3
631,75,مرزن آباد,03,3
632,76,گیل خوران,01,3
633,76,مرکزی,02,3
634,76,لاریم,03,3
635,77,کلباد,01,3
636,77,مرکزی,02,3
637,78,دهفری,01,3
638,78,مرکزی,02,3
639,79,مرکزی,01,3
640,79,سلمانشهر,02,3
641,79,کلار,03,3
642,80,مرکزی,01,3
643,80,گهرباران,02,3
644,81,مرکزی,01,3
645,81,تالارپی,02,3
646,82,مرکزی,01,3
647,82,نارنجستان,02,3
648,83,مرکزی,01,3
649,84,مرکزی,02,3
650,84,فندقلو,05,3
651,85,مرکزی,03,3
652,85,خسروشاه,04,3
653,85,باسمنج,05,3
654,86,مرکزی,01,3
655,86,مهربان,02,3
656,87,مرکزی,02,3
657,87,سراجو,03,3
658,88,مرکزی,02,3
659,88,یامچی,03,3
660,88,کشکسرای,04,3
661,89,کاغذکنان,02,3
662,89,کندوان,03,3
663,89,مرکزی,04,3
664,90,مرکزی,02,3
665,90,نظرکهریزی,03,3
666,91,مرکزی,01,3
667,92,تیکمه داش,01,3
668,92,مرکزی,02,3
669,93,صوفیان,01,3
670,93,مرکزی,02,3
671,93,تسوج,03,3
672,94,مرکزی,02,3
673,94,آبش احمد,03,3
674,95,خواجه,01,3
675,95,مرکزی,02,3
676,96,سیه رود,01,3
677,96,مرکزی,02,3
678,97,مرکزی,02,3
679,97,آق منار,03,3
680,98,گوگان,01,3
681,98,ممقان,02,3
682,98,حومه,03,3
683,99,ایلخچی,01,3
684,99,مرکزی,02,3
685,100,شادیان,01,3
686,100,مرکزی,02,3
687,101,خاروانا,01,3
688,101,مرکزی,02,3
689,102,قلعه چای,01,3
690,102,مرکزی,02,3
691,103,مرکزی,01,3
692,103,گرمادوز,02,3
693,103,منجوان,03,3
694,104,مرکزی,01,3
695,104,چهاردانگه,02,3
696,105,مرکزی,01,3
697,105,شیرین کند,02,3
698,106,مرکزی,01,3
699,106,صومعه,02,3
700,107,انزل,01,3
701,107,سیلوانه,02,3
702,107,صومای برادوست,03,3
703,107,مرکزی,04,3
704,107,نازلو,05,3
705,108,مرکزی,01,3
706,108,لاجان,02,3
707,109,مرکزی,02,3
708,109,صفاییه,03,3
709,109,ایواوغلی,04,3
710,109,قطور,05,3
711,109,فیرورق,06,3
712,110,مرکزی,01,3
713,110,ربط,03,3
714,111,مرکزی,01,3
715,111,کوهسار,02,3
716,112,مرکزی,04,3
717,112,بازرگان,05,3
718,113,خلیفان,01,3
719,113,مرکزی,02,3
720,114,مرکزی,03,3
721,114,بکتاش,06,3
722,114,گوگ تپه,07,3
723,114,للکلو,08,3
724,115,مرکزی,02,3
725,115,محمدیار,03,3
726,116,سیمینه,01,3
727,116,مرکزی,02,3
728,117,مرکزی,01,3
729,117,کشاورز,02,3
730,118,مرکزی,01,3
731,118,تخت سلیمان,02,3
732,119,مرکزی,01,3
733,119,نالوس,02,3
734,120,دشتک,01,3
735,120,مرکزی,02,3
736,121,ارس,01,3
737,121,مرکزی,02,3
738,122,حاجیلار,01,3
739,122,مرکزی,02,3
740,123,قره قویون,01,3
741,123,مرکزی,02,3
742,124,مرکزی,01,3
743,124,فیروزآباد,02,3
744,125,مرکزی,01,3
745,125,نختالو,02,3
746,126,مرکزی,01,3
747,126,زاب,02,3
748,127,حمیل,01,3
749,127,مرکزی,03,3
750,128,فیروزاباد,03,3
751,128,مرکزی,04,3
752,128,ماهیدشت,06,3
753,128,کوزران,07,3
754,128,بیلوار,08,3
755,129,باینگان,01,3
756,129,مرکزی,02,3
757,129,نوسود,03,3
758,130,مرکزی,01,3
759,130,قلعه شاهین,02,3
760,130,دشت ذهاب,03,3
761,131,مرکزی,01,3
762,131,کلیایی,02,3
763,131,باوله,03,3
764,132,سومار,01,3
765,132,مرکزی,02,3
766,133,مرکزی,01,3
767,134,مرکزی,01,3
768,134,گواور,02,3
769,135,مرکزی,03,3
770,135,کلاشی,04,3
771,136,دینور,01,3
772,136,مرکزی,02,3
773,137,بیستون,01,3
774,137,مرکزی,02,3
775,138,مرکزی,01,3
776,138,ازگله,02,3
777,138,زمکان,03,3
778,139,گهواره,01,3
779,139,مرکزی,02,3
780,140,شاهو,01,3
781,140,مرکزی,02,3
782,141,اروندکنار,01,3
783,141,مرکزی,02,3
784,142,الوار گرمسیری,01,3
785,142,مرکزی,02,3
786,143,مرکزی,02,3
787,143,اسماعیلیه,04,3
788,143,غیزانیه,05,3
789,144,مرکزی,03,3
790,144,سوسن,04,3
791,145,بندر امام خمینی,01,3
792,145,مرکزی,02,3
793,146,زیدون,02,3
794,146,مرکزی,03,3
795,146,تشان,04,3
796,147,مرکزی,01,3
797,147,مینو,02,3
798,148,سردشت,01,3
799,148,مرکزی,02,3
800,148,چغامیش,03,3
801,148,شهیون,04,3
802,149,بستان,01,3
803,149,مرکزی,02,3
804,150,مرکزی,02,3
805,150,رود زرد,03,3
806,150,سلطان آباد,04,3
807,150,ابولفارس,05,3
808,151,مرکزی,01,3
809,151,خنافره,02,3
810,151,دارخوین,03,3
811,152,مرکزی,02,3
812,152,شعیبیه,03,3
813,152,میان آب,04,3
814,153,مرکزی,03,3
815,153,گلگیر,04,3
816,153,عنبر,05,3
817,154,مرکزی,02,3
818,154,فتح المبین,03,3
819,155,مرکزی,02,3
820,155,میداود,04,3
821,155,قلعه تل,05,3
822,156,جایزان,01,3
823,156,مرکزی,02,3
824,157,مرکزی,01,3
825,157,حتی,02,3
826,158,مرکزی,01,3
827,158,چم خلف عیسی,02,3
828,159,مرکزی,01,3
829,159,مشراگه,02,3
830,160,عقیلی,01,3
831,160,مرکزی,02,3
832,161,آبژدان,01,3
833,161,چلو,02,3
834,161,مرکزی,03,3
835,162,رغیوه,01,3
836,162,مرکزی,02,3
837,163,نیسان,01,3
838,163,مرکزی,02,3
839,164,مرکزی,01,3
840,164,ویس,02,3
841,165,مرکزی,01,3
842,165,گمبوعه,02,3
843,166,مرکزی,01,3
844,166,جولکی,02,3
845,167,مرکزی,01,3
846,167,سویسه,02,3
847,168,مرکزی,01,3
848,168,شاوور,02,3
849,169,مرکزی,01,3
850,169,قارون,02,3
851,170,مرکزی,01,3
852,170,علاء,02,3
853,171,مرکزی,04,3
854,171,بهمن صغاد,05,3
855,172,رونیز,01,3
856,172,مرکزی,02,3
857,173,سده,01,3
858,173,مرکزی,02,3
859,173,حسن آباد,03,3
860,174,سیمکان,02,3
861,174,کردیان,03,3
862,174,مرکزی,04,3
863,175,رستاق,02,3
864,175,مرکزی,03,3
865,175,فورگ,04,3
866,175,جنت,05,3
867,175,فسارود,06,3
868,176,مرکزی,02,3
869,176,همایجان,03,3
870,177,مرکزی,05,3
871,177,ارژن,06,3
872,177,سیاخ دارنگون,07,3
873,177,داریان,08,3
874,178,ششده و قره بلاغ,01,3
875,178,شیبکوه,02,3
876,178,مرکزی,03,3
877,178,نوبندگان,04,3
878,179,مرکزی,03,3
879,179,میمند,04,3
880,180,جره و بالاده,01,3
881,180,کنار تخته و کمارج,02,3
882,180,مرکزی,04,3
883,180,خشت,06,3
884,181,مرکزی,04,3
885,181,بیرم,05,3
886,181,بنارویه,07,3
887,181,صحرای باغ,08,3
888,182,کامفیروز,03,3
889,182,مرکزی,04,3
890,182,درودزن,05,3
891,182,سیدان,06,3
892,182,کامفیروز شمالی,07,3
893,183,ماهور میلانی,02,3
894,183,مرکزی,03,3
895,183,دشمن زیاری,05,3
896,183,جوزار,06,3
897,184,پشتکوه,02,3
898,184,مرکزی,03,3
899,184,قطرویه,04,3
900,185,مرکزی,01,3
901,185,اشکنان,03,3
902,185,علامرودشت,04,3
903,185,چاه ورز,05,3
904,185,خیرگو,06,3
905,186,مرکزی,02,3
906,186,مزایجان,03,3
907,187,مرکزی,01,3
908,188,مشهد مرغاب,01,3
909,188,مرکزی,02,3
910,189,ایزدخواست,01,3
911,189,مرکزی,02,3
912,190,افزر,01,3
913,190,مرکزی,02,3
914,191,گله دار,01,3
915,191,مرکزی,02,3
916,191,وراوی,03,3
917,191,اسیر,04,3
918,192,مرکزی,01,3
919,192,دهرم,02,3
920,193,مرکزی,01,3
921,193,پاسارگاد,02,3
922,194,محمله,01,3
923,194,مرکزی,02,3
924,195,کوهنجان,01,3
925,195,مرکزی,02,3
926,196,سورنا,01,3
927,196,مرکزی,02,3
928,197,مرکزی,01,3
929,197,ارد,02,3
930,198,مرکزی,01,3
931,198,طسوج,02,3
932,199,کربال,01,3
933,199,مرکزی,02,3
934,200,مرکزی,01,3
935,200,رحمت آباد,02,3
936,201,مرکزی,01,3
937,201,بانش,02,3
938,202,مرکزی,01,3
939,202,باغ صفا,02,3
940,202,توجردی,03,3
941,203,مرکزی,01,3
942,203,کوهمره,02,3
943,204,مرکزی,01,3
944,204,راهگان,02,3
945,205,مرکزی,01,3
946,205,حناء,02,3
947,206,مرکزی,01,3
948,206,بیدشهر,02,3
949,207,مرکزی,01,3
950,207,هرم,02,3
951,208,مرکزی,03,3
952,208,خبر,04,3
953,209,مرکزی,03,3
954,209,بروات,07,3
955,209,دهبکری,08,3
956,210,ساردوییه,01,3
957,210,جبالبارز,02,3
958,210,مرکزی,04,3
959,210,اسماعیلی,05,3
960,210,اسفندقه,06,3
961,211,مرکزی,02,3
962,211,کشکوییه,03,3
963,211,نوق,04,3
964,211,فردوس,05,3
965,212,مرکزی,02,3
966,212,یزدان آباد,03,3
967,213,مرکزی,01,3
968,213,پاریز,02,3
969,213,گلستان,03,3
970,213,زیدآباد,04,3
971,213,بلورد,05,3
972,214,مرکزی,01,3
973,214,دهج,02,3
974,215,شهداد,02,3
975,215,گلباف,03,3
976,215,ماهان,04,3
977,215,مرکزی,05,3
978,215,راین,06,3
979,215,چترود,07,3
980,216,مرکزی,04,3
981,216,چاه مرید,05,3
982,217,مرکزی,01,3
983,217,لاله زار,02,3
984,217,گلزار,03,3
985,217,نگار,04,3
986,218,کوهساران,01,3
987,218,مرکزی,02,3
988,219,مرکزی,01,3
989,219,جبالبارزجنوبی,03,3
990,220,مرکزی,01,3
991,220,آسمینون,02,3
992,221,طغرل الجرد,01,3
993,221,مرکزی,02,3
994,222,مرکزی,02,3
995,222,هلیل دشت,03,3
996,223,چاه دادخدا,01,3
997,223,مرکزی,02,3
998,223,سرخ قلعه,03,3
999,224,مرکزی,02,3
1000,224,رحمت آباد,03,3
1001,225,مرکزی,01,3
1002,225,هنزا,02,3
1003,226,مرکزی,01,3
1004,226,نگین کویر,02,3
1005,227,انار,01,3
1006,228,مرکزی,01,3
1007,228,روداب,02,3
1008,229,مرکزی,01,3
1009,229,حور,02,3
1010,230,مرکزی,01,3
1011,230,صوغان,02,3
1012,231,مرکزی,01,3
1013,231,ناصریه,02,3
1014,232,مرکزی,01,3
1015,232,چاه حسن,02,3
1016,233,مرکزی,02,3
1017,233,میان ولایت,03,3
1018,234,بایک,01,3
1019,234,کدکن,05,3
1020,234,مرکزی,06,3
1021,234,جلگه رخ,07,3
1022,235,مرکزی,02,3
1023,235,نصرآباد,03,3
1024,235,بوژگان,04,3
1025,235,پایین جام,05,3
1026,236,چاپشلو,01,3
1027,236,لطف آباد,02,3
1028,236,مرکزی,03,3
1029,236,نوخندان,04,3
1030,237,روداب,05,3
1031,237,مرکزی,07,3
1032,238,باجگیران,01,3
1033,238,مرکزی,03,3
1034,238,آبکوه,04,3
1035,238,قوچان عتیق,05,3
1036,239,مرکزی,04,3
1037,239,فرح دشت,05,3
1038,240,مرکزی,02,3
1039,240,کاخک,03,3
1040,241,احمدآباد,01,3
1041,241,مرکزی,05,3
1042,241,رضویه,06,3
1043,242,سرولایت,03,3
1044,242,مرکزی,04,3
1045,243,مرکزی,02,3
1046,243,رادکان,03,3
1047,243,سید آباد,04,3
1048,244,سنگان,01,3
1049,244,مرکزی,02,3
1050,244,جلگه زوزن,03,3
1051,244,سلامی,04,3
1052,245,مرزداران,01,3
1053,245,مرکزی,02,3
1054,246,قلندر آباد,01,3
1055,246,مرکزی,02,3
1056,247,انابد,01,3
1057,247,مرکزی,02,3
1058,247,شهرآباد,03,3
1059,248,جنگل,01,3
1060,248,مرکزی,02,3
1061,249,زاوین,01,3
1062,249,مرکزی,02,3
1063,249,هزار مسجد,03,3
1064,250,ششطراز,01,3
1065,250,مرکزی,02,3
1066,251,شادمهر,01,3
1067,251,مرکزی,02,3
1068,252,مرکزی,01,3
1069,252,یونسی,02,3
1070,253,طرقبه,01,3
1071,253,شاندیز,02,3
1072,254,مرکزی,01,3
1073,254,طاغنکوه,02,3
1074,255,مرکزی,01,3
1075,255,هلالی,02,3
1076,256,مرکزی,01,3
1077,256,سلیمان,02,3
1078,257,مرکزی,01,3
1079,257,عطاملک,02,3
1080,258,مرکزی,01,3
1081,258,بالا ولایت,02,3
1082,259,مرکزی,01,3
1083,259,مشکان,02,3
1084,259,نوده انقلاب,03,3
1085,260,مرکزی,01,3
1086,260,باشتین,02,3
1087,261,مرکزی,01,3
1088,261,جنت آباد,02,3
1089,262,مرکزی,01,3
1090,262,بررود,02,3
1091,263,مرکزی,01,3
1092,263,اسحاق آباد,02,3
1093,264,مرکزی,01,3
1094,264,شامکان,02,3
1095,265,مرکزی,01,3
1096,265,گلمکان,02,3
1097,266,مرکزی,01,3
1098,266,بلهرات,02,3
1099,267,مرکزی,01,3
1100,267,زواره,02,3
1101,267,مهاباد,03,3
1102,268,مرکزی,03,3
1103,269,مرکزی,01,3
1104,270,مرکزی,01,3
1105,271,پادنا,01,3
1106,271,مرکزی,02,3
1107,271,پادنا علیا,03,3
1108,271,وردشت,04,3
1109,272,مرکزی,03,3
1110,272,زنده رود,04,3
1111,273,مرکزی,01,3
1112,273,موگویی,02,3
1113,274,پیربکران,01,3
1114,274,مرکزی,02,3
1115,274,قهدریجان,03,3
1116,275,مرکزی,02,3
1117,276,قمصر,02,3
1118,276,مرکزی,03,3
1119,276,نیاسر,04,3
1120,276,برزک,05,3
1121,277,مرکزی,01,3
1122,278,باغ بهادران,01,3
1123,278,مرکزی,03,3
1124,279,انارک,01,3
1125,279,مرکزی,03,3
1126,280,مرکزی,02,3
1127,280,مهردشت,03,3
1128,281,مرکزی,01,3
1129,281,امام زاده,02,3
1130,282,میمه,02,3
1131,282,مرکزی,03,3
1132,283,مرکزی,01,3
1133,283,گرکن جنوبی,02,3
1134,284,کویرات,01,3
1135,284,مرکزی,02,3
1136,285,کرون,01,3
1137,285,مرکزی,02,3
1138,286,چنارود,01,3
1139,286,مرکزی,02,3
1140,287,مرکزی,01,3
1141,288,حبیب آباد,01,3
1142,288,مرکزی,02,3
1143,289,مرکزی,01,3
1144,290,مرکزی,01,3
1145,290,کرچمبو,02,3
1146,291,تودشک,01,3
1147,291,سیستان,02,3
1148,292,مرکزی,01,3
1149,292,جرقویه علیا,02,3
1150,293,مرکزی,01,3
1151,293,رودشت,02,3
1152,294,مرکزی,01,3
1153,294,اژیه,02,3
1154,295,بزمان,01,3
1155,295,مرکزی,05,3
1156,295,دامن,06,3
1157,296,مرکزی,02,3
1158,296,پلان,04,3
1159,296,پیرسهراب,05,3
1160,297,مرکزی,01,3
1161,297,ایرندگان,03,3
1162,297,پشتکوه,04,3
1163,298,مرکزی,04,3
1164,298,کرباسک,05,3
1165,299,مرکزی,01,3
1166,299,نصرت آباد,03,3
1167,299,کورین,04,3
1168,300,مرکزی,04,3
1169,300,بم پشت,05,3
1170,300,مهرگان,06,3
1171,301,بنت,01,3
1172,301,مرکزی,05,3
1173,301,آهوران,06,3
1174,302,پیشین,01,3
1175,302,مرکزی,03,3
1176,302,پارود,05,3
1177,303,مرکزی,02,3
1178,303,کهیر,03,3
1179,304,جزینک,01,3
1180,304,مرکزی,02,3
1181,304,خمک,03,3
1182,305,مرکزی,01,3
1183,305,قرقری,02,3
1184,306,مرکزی,01,3
1185,306,جلگه چاه هاشم,02,3
1186,307,مرکزی,01,3
1187,307,آشار,02,3
1188,307,بیرک,03,3
1189,308,مرکزی,01,3
1190,308,هیدوچ,02,3
1191,308,پسکوه,03,3
1192,309,مرکزی,01,3
1193,309,صابری,02,3
1194,309,سفیدابه,03,3
1195,310,مرکزی,01,3
1196,310,تیمورآباد,02,3
1197,311,مرکزی,01,3
1198,311,لادیز,02,3
1199,311,ریگ ملک,03,3
1200,312,مرکزی,01,3
1201,312,ساربوک,02,3
1202,312,تلنگ,03,3
1203,313,مرکزی,01,3
1204,313,گتیج,02,3
1205,314,مرکزی,01,3
1206,314,کلاتان,02,3
1207,315,مرکزی,01,3
1208,315,نازیل,02,3
1209,315,گوهرکوه,03,3
1210,316,مرکزی,01,3
1211,316,باهوکلات,02,3
1212,317,مرکزی,01,3
1213,317,کیشکور,02,3
1214,317,مینان,03,3
1215,317,نسکند,04,3
1216,318,مرکزی,01,3
1217,318,کله گان,02,3
1218,319,مرکزی,01,3
1219,319,پیپ,02,3
1220,320,مرکزی,01,3
1221,320,کاروان,02,3
1222,321,آرمرده,01,3
1223,321,مرکزی,02,3
1224,321,نمشیر,03,3
1225,321,ننور,04,3
1226,322,چنگ الماس,01,3
1227,322,کرانی,02,3
1228,322,مرکزی,03,3
1229,323,زیویه,01,3
1230,323,مرکزی,02,3
1231,323,سرشیو,03,3
1232,323,امام,04,3
1233,324,مرکزی,03,3
1234,324,کلاترزان,04,3
1235,324,حسین آباد,05,3
1236,324,سیروان,06,3
1237,325,مرکزی,02,3
1238,325,سریش آباد,03,3
1239,325,چهاردولی,04,3
1240,325,دلبران,05,3
1241,326,خاوومیرآباد,01,3
1242,326,سرشیو,02,3
1243,326,مرکزی,03,3
1244,327,کرفتو,01,3
1245,327,مرکزی,02,3
1246,327,سارال,03,3
1247,328,مرکزی,01,3
1248,328,موچش,02,3
1249,329,اورامان,01,3
1250,329,مرکزی,02,3
1251,330,مرکزی,01,3
1252,330,بلبان آباد,02,3
1253,331,قلقل رود,01,3
1254,331,مرکزی,02,3
1255,332,جوکار,01,3
1256,332,سامن,02,3
1257,332,مرکزی,03,3
1258,332,زند,04,3
1259,333,خزل,01,3
1260,333,مرکزی,02,3
1261,333,زرین دشت,03,3
1262,333,گیان,04,3
1263,334,شراء,05,3
1264,334,مرکزی,07,3
1265,335,گل تپه,01,3
1266,335,مرکزی,02,3
1267,335,شیرین سو,03,3
1268,336,مرکزی,01,3
1269,336,پیرسلمان,02,3
1270,337,لالجین,01,3
1271,337,مرکزی,02,3
1272,337,صالح آباد,03,3
1273,338,سردرود,01,3
1274,338,مرکزی,03,3
1275,338,بغراطی,04,3
1276,339,مرکزی,01,3
1277,339,پیشخور,02,3
1278,340,شاهنجرین,01,3
1279,340,مرکزی,02,3
1280,341,گندمان,02,3
1281,341,مرکزی,03,3
1282,341,بلداجی,04,3
1283,342,مرکزی,02,3
1284,342,لاران,05,3
1285,343,مرکزی,02,3
1286,343,بابا حیدر,03,3
1287,343,جونقان,04,3
1288,344,مرکزی,02,3
1289,344,منج,04,3
1290,344,روددشت,05,3
1291,345,مرکزی,01,3
1292,345,میانکوه,02,3
1293,346,بازفت,01,3
1294,346,مرکزی,02,3
1295,346,دوآب صمصامی,03,3
1296,347,مرکزی,01,3
1297,347,ناغان,02,3
1298,347,کیار شرقی,03,3
1299,348,مرکزی,01,3
1300,348,زاینده رود,02,3
1301,349,مرکزی,01,3
1302,349,شیدا,02,3
1303,350,مرکزی,01,3
1304,350,ارمند,02,3
1305,351,مرکزی,01,3
1306,351,امامزاده حسن,02,3
1307,352,مرکزی,01,3
1308,352,دستگرد,02,3
1309,353,ززوماهرو,02,3
1310,353,مرکزی,03,3
1311,353,ذلقی,04,3
1312,353,بربرود غربی,05,3
1313,353,بربرود شرقی,06,3
1314,354,اشترینان,01,3
1315,354,مرکزی,02,3
1316,354,شیروان,03,3
1317,355,پاپی,02,3
1318,355,بیرانوند,03,3
1319,355,زاغه,05,3
1320,355,مرکزی,06,3
1321,356,کاکاوند,01,3
1322,356,مرکزی,02,3
1323,356,خاوه,03,3
1324,356,میربگ,04,3
1325,356,ایتیوند,05,3
1326,357,سیلاخور,01,3
1327,357,مرکزی,02,3
1328,358,طرهان,02,3
1329,358,مرکزی,03,3
1330,358,کوهنانی,04,3
1331,358,درب گنبد,05,3
1332,359,جاپلق,01,3
1333,359,مرکزی,02,3
1334,360,مرکزی,01,3
1335,360,بالا گریوه,03,3
1336,361,فیروزآباد,01,3
1337,361,مرکزی,02,3
1338,362,مرکزی,01,3
1339,362,شاهیوند,02,3
1340,362,ویسیان,03,3
1341,363,سوری,01,3
1342,363,مرکزی,02,3
1343,364,مرکزی,01,3
1344,364,افرینه,02,3
1345,365,مرکزی,03,3
1346,365,سیوان,04,3
1347,366,مرکزی,03,3
1348,366,ماژین,04,3
1349,367,زرین آباد,01,3
1350,367,مرکزی,02,3
1351,367,موسیان,03,3
1352,367,سراب میمه,04,3
1353,367,دشت عباس,05,3
1354,368,مرکزی,02,3
1355,368,شباب,04,3
1356,368,زاگرس,05,3
1357,368,آسمان آباد,06,3
1358,369,صالح آباد,02,3
1359,369,مرکزی,03,3
1360,370,کلات,01,3
1361,370,مرکزی,02,3
1362,370,سراب باغ,03,3
1363,371,زرنه,01,3
1364,371,مرکزی,02,3
1365,372,مرکزی,01,3
1366,372,گچی,02,3
1367,373,مرکزی,01,3
1368,373,کارزان,02,3
1369,374,مرکزی,01,3
1370,374,هندمینی,02,3
1371,375,مرکزی,01,3
1372,375,جزمان,02,3
1373,376,مرکزی,01,3
1374,376,بولی,02,3
1375,377,مرکزی,03,3
1376,377,لوداب,04,3
1377,377,کبگیان,05,3
1378,377,سپیدار,06,3
1379,378,چاروسا,02,3
1380,378,مرکزی,05,3
1381,378,دیشموک,06,3
1382,378,سوق,07,3
1383,379,مرکزی,02,3
1384,380,پاتاوه,01,3
1385,380,مرکزی,03,3
1386,381,سرآسیاب یوسفی,01,3
1387,381,مرکزی,02,3
1388,381,ممبی,03,3
1389,382,مرکزی,01,3
1390,382,سرفاریاب,02,3
1391,383,مرکزی,01,3
1392,383,بوستان,02,3
1393,384,مرکزی,01,3
1394,384,موگرمون,02,3
1395,385,مرکزی,01,3
1396,385,زیلایی,02,3
1397,386,خارک,01,3
1398,386,مرکزئ,02,3
1399,386,چغادک,03,3
1400,387,دلوار,01,3
1401,387,مرکزئ,02,3
1402,388,سعدآباد,01,3
1403,388,شبانکاره,02,3
1404,388,مرکزئ,03,3
1405,388,ارم,04,3
1406,388,بوشکان,05,3
1407,388,آب پخش,06,3
1408,389,کاکی,01,3
1409,389,مرکزئ,02,3
1410,389,شنبه و طسوج,03,3
1411,390,بردخون,01,3
1412,390,مرکزئ,02,3
1413,390,آبدان,03,3
1414,391,مرکزئ,02,3
1415,391,سیراف,03,3
1416,392,ریگ,02,3
1417,392,مرکزئ,03,3
1418,393,امام حسن,01,3
1419,393,مرکزئ,02,3
1420,394,ریز,01,3
1421,394,مرکزئ,02,3
1422,395,مرکزی,01,3
1423,395,چاه مبارک,02,3
1424,396,مرکزی,03,3
1425,397,افشار,01,3
1426,397,بزینه رود,02,3
1427,397,مرکزی,03,3
1428,397,سجاس رود,04,3
1429,397,دو تپه,05,3
1430,398,زنجانرود,02,3
1431,398,مرکزی,05,3
1432,398,قره پشتلو,06,3
1433,399,حلب,01,3
1434,399,مرکزی,02,3
1435,400,مرکزی,01,3
1436,401,چورزق,01,3
1437,401,مرکزی,02,3
1438,401,گیلوان,03,3
1439,402,انگوران,01,3
1440,402,مرکزی,02,3
1441,403,مرکزی,01,3
1442,403,باغ حلی,02,3
1443,404,امیراباد,01,3
1444,404,مرکزی,02,3
1445,405,مرکزی,01,3
1446,406,بسطام,01,3
1447,406,بیارجمند,02,3
1448,406,مرکزی,03,3
1449,407,ایوانکی,01,3
1450,407,مرکزی,02,3
1451,408,شهمیرزاد,01,3
1452,408,مرکزی,02,3
1453,409,مرکزی,01,3
1454,409,کهن آباد,02,3
1455,410,مرکزی,01,3
1456,410,کالپوش,02,3
1457,411,سرخه,01,3
1458,412,خرانق,01,3
1459,412,مرکزی,02,3
1460,412,عقدا,03,3
1461,413,مرکزی,02,3
1462,414,مرکزی,02,3
1463,414,نیر,03,3
1464,414,گاریزات,04,3
1465,415,مرکزی,01,3
1466,416,مرکزی,03,3
1467,416,اکرم آباد,05,3
1468,417,مرکزی,01,3
1469,417,ندوشن,02,3
1470,417,بفروییه,03,3
1471,418,بهمن,01,3
1472,418,مرکزی,02,3
1473,419,خضرآباد,01,3
1474,419,مرکزی,02,3
1475,420,مرکزی,01,3
1476,420,چاهک,03,3
1477,421,آسفیج,01,3
1478,421,مرکزی,02,3
1479,422,ایثار,01,3
1480,422,مرکزی,02,3
1481,423,مرکزی,01,3
1482,423,اله آباد,02,3
1483,424,تنب,01,3
1484,424,مرکزی,02,3
1485,425,فین,03,3
1486,425,مرکزی,04,3
1487,425,تخت,05,3
1488,425,قلعه قاضی,06,3
1489,425,هرمز,07,3
1490,425,شمیل,08,3
1491,426,شیبکوه,02,3
1492,426,کیش,03,3
1493,426,مرکزی,05,3
1494,426,مهران,06,3
1495,427,شهاب,01,3
1496,427,مرکزی,02,3
1497,427,حرا,04,3
1498,428,سندرک,02,3
1499,428,مرکزی,03,3
1500,428,توکهور,04,3
1501,428,بند زرک,05,3
1502,428,تیاب,06,3
1503,428,کریان,07,3
1504,429,مرکزی,02,3
1505,429,لیردف,03,3
1506,430,رودخانه,01,3
1507,430,مرکزی,02,3
1508,430,جغین,03,3
1509,430,بیکاه,04,3
1510,431,فارغان,01,3
1511,431,مرکزی,02,3
1512,431,احمدی,03,3
1513,432,جناح,01,3
1514,432,مرکزی,02,3
1515,432,کوخرد هرنگ,03,3
1516,433,رویدر,01,3
1517,433,مرکزی,02,3
1518,433,کهورستان,03,3
1519,434,کوشکنار,01,3
1520,434,مرکزی,02,3
1521,435,بمانی,01,3
1522,435,مرکزی,02,3
1523,436,مرکزی,01,3
1524,436,گوهران,02,3
1525,436,گافروپارمون,03,3
1526,437,کن,01,3
1527,437,مرکزی,02,3
1528,437,آفتاب,03,3
1529,438,مرکزی,02,3
1530,438,رودهن,03,3
1531,439,فشاپویه,02,3
1532,439,کهریزک,03,3
1533,439,مرکزی,04,3
1534,439,خاوران,05,3
1535,439,قلعه‌نو,06,3
1536,440,رودبار قصران,01,3
1537,440,لواسانات,02,3
1538,441,جوادآباد,02,3
1539,441,مرکزی,03,3
1540,442,مرکزی,02,3
1541,442,جوقین,03,3
1542,443,چهاردانگه,01,3
1543,443,مرکزی,02,3
1544,443,احمدآباد مستوفی,03,3
1545,444,مرکزی,02,3
1546,445,شریف‌آباد,01,3
1547,445,مرکزی,02,3
1548,446,ارجمند,01,3
1549,446,مرکزی,02,3
1550,447,مرکزی,01,3
1551,448,مرکزی,01,3
1552,448,صفادشت,02,3
1553,449,مرکزی,01,3
1554,449,جلیل‌آباد,02,3
1555,450,گلستان,01,3
1556,450,بوستان,02,3
1557,451,بومهن,01,3
1558,451,جاجرود,02,3
1559,451,مرکزی,03,3
1560,452,مرکزی,01,3
1561,453,مرکزی,01,3
1562,453,هیر,04,3
1563,453,ثمرین,06,3
1564,454,مرکزی,01,3
1565,454,قشلاق دشت,02,3
1566,455,خورش رستم,01,3
1567,455,شاهرود,03,3
1568,455,مرکزی,04,3
1569,456,ارشق,01,3
1570,456,مرکزی,02,3
1571,456,مشکین شرقی,03,3
1572,456,مرادلو,04,3
1573,456,قصابه,05,3
1574,457,مرکزی,04,3
1575,457,موران,05,3
1576,458,مرکزی,01,3
1577,458,تازه کند,03,3
1578,458,اسلام آباد,04,3
1579,459,مرکزی,01,3
1580,459,فیروز,02,3
1581,460,ویلکیج,01,3
1582,460,مرکزی,02,3
1583,460,عنبران,03,3
1584,461,مرکزی,01,3
1585,461,کوراییم,02,3
1586,462,مرکزی,01,3
1587,462,سبلان,02,3
1588,463,مرکزی,01,3
1589,463,بران,02,3
1590,464,مرکزی,01,3
1591,464,دره رود,02,3
1592,465,خلجستان,02,3
1593,465,مرکزی,03,3
1594,465,سلفچگان,05,3
1595,466,مرکزی,01,3
1596,466,قاهان,02,3
1597,467,مرکزی,01,3
1598,467,فردو,02,3
1599,468,رامند,02,3
1600,468,شال,03,3
1601,468,مرکزی,04,3
1602,468,دشتابی,06,3
1603,469,اسفرورین,01,3
1604,469,خرمدشت,02,3
1605,469,ضیاءآباد,03,3
1606,469,مرکزی,04,3
1607,470,رودبارالموت شرقی,02,3
1608,470,رودبارالموت غربی,03,3
1609,470,طارم سفلی,04,3
1610,470,مرکزی,05,3
1611,470,کوهین,07,3
1612,471,بشاریات,01,3
1613,471,مرکزی,02,3
1614,472,محمدیه,01,3
1615,472,مرکزی,02,3
1616,473,مرکزی,01,3
1617,473,آبگرم,02,3
1618,474,مرکزی,01,3
1619,474,نوکنده,02,3
1620,475,مرکزی,02,3
1621,475,سیجوال,03,3
1622,476,مرکزی,01,3
1623,476,کمالان,02,3
1624,477,مرکزی,01,3
1625,478,مرکزی,02,3
1626,478,بهاران,03,3
1627,479,داشلی برون,02,3
1628,479,مرکزی,04,3
1629,480,مرکزی,04,3
1630,480,کوهسارات,05,3
1631,481,وشمگیر,01,3
1632,481,مرکزی,02,3
1633,482,مرکزی,02,3
1634,482,پیشکمر,03,3
1635,483,چشمه ساران,01,3
1636,483,مرکزی,02,3
1637,484,فندرسک,01,3
1638,484,مرکزی,02,3
1639,485,مرکزی,01,3
1640,485,گلی داغ,02,3
1641,486,مرکزی,01,3
1642,486,گلدشت,02,3
1643,487,مرکزی,01,3
1644,487,لوه,02,3
1645,488,مرکزی,02,3
1646,488,زرق آباد,03,3
1647,489,مرکزی,04,3
1648,489,گرمخان,05,3
1649,490,جلگه سنخواست,01,3
1650,490,جلگه شوقان,02,3
1651,490,مرکزی,03,3
1652,491,سرحد,01,3
1653,491,مرکزی,02,3
1654,491,قوشخانه,03,3
1655,492,خبوشان,01,3
1656,492,مرکزی,02,3
1657,493,سملقان,01,3
1658,493,مرکزی,03,3
1659,494,مرکزی,01,3
1660,495,مرکزی,01,3
1661,495,غلامان,02,3
1662,495,جرگلان,03,3
1663,496,مرکزی,01,3
1664,496,بام,02,3
1665,497,مرکزی,01,3
1666,497,شیرین سو,02,3
1667,498,مرکزی,04,3
1668,499,قهستان,01,3
1669,499,گزیک,02,3
1670,499,مرکزی,03,3
1671,499,میاندشت,04,3
1672,500,مرکزی,01,3
1673,500,مود,02,3
1674,500,درح,03,3
1675,501,مرکزی,02,3
1676,501,نیمبلوک,03,3
1677,501,سده,05,3
1678,502,شوسف,01,3
1679,502,مرکزی,02,3
1680,502,سرداران,03,3
1681,503,آیسک,01,3
1682,503,سه قلعه,02,3
1683,504,اسلامیه,03,3
1684,504,مرکزی,04,3
1685,505,مرکزی,01,3
1686,505,ارسک,02,3
1687,506,مرکزی,01,3
1688,506,زهان,02,3
1689,506,شاسکوه,03,3
1690,507,مرکزی,01,3
1691,507,جلگه ماژان,02,3
1692,508,مرکزی,02,3
1693,508,دیهوک,03,3
1694,509,مرکزی,01,3
1695,509,کوه یخاب,02,3
1696,510,مرکزی,01,3
1697,510,آسارا,03,3
1698,511,مرکزی,01,3
1699,511,چندار,03,3
1700,512,مرکزی,01,3
1701,512,تنکمان,02,3
1702,513,مرکزی,01,3
1703,513,بالا طالقان,02,3
1704,514,مرکزی,01,3
1705,514,پلنگ آباد,02,3
1706,515,مرکزی,01,3
1707,515,مشکین‌دشت,02,3
1708,516,مرکزی,01,3
1709,516,بخش رامجین,02,3
1710,517,امان آباد,0001,4
1711,517,امیریه,0002,4
1712,517,داودآباد,0003,4
1713,517,سده,0005,4
1714,517,شمس آباد,0006,4
1715,517,مشهد میقان,0008,4
1716,517,حاجی آباد,0010,4
1717,518,ساروق,0001,4
1718,518,مشهدالکوبه,0002,4
1719,519,معصومیه,0001,4
1720,519,مشک آباد,0002,4
1721,520,سیاوشان,0001,4
1722,520,گرکان,0002,4
1723,520,مزرعه نو,0003,4
1724,521,بازرجان,0001,4
1725,521,رودبار,0002,4
1726,521,خرازان,0003,4
1727,521,کوه پناه,0004,4
1728,522,آشناخور,0001,4
1729,522,حمزه لو,0003,4
1730,522,رستاق,0005,4
1731,522,صالحان,0006,4
1732,522,گله زن,0007,4
1733,523,چهارچشمه,0001,4
1734,523,خرم دشت,0002,4
1735,524,دودهک,0001,4
1736,524,هستیجان,0002,4
1737,524,جاسب,0003,4
1738,524,جوشق,0004,4
1739,525,شاهسون کندی,0001,4
1740,525,طراز ناهید,0002,4
1741,525,قره چای,0003,4
1742,525,نورعلی بیک,0004,4
1743,526,آق کهریز,0001,4
1744,526,بیات,0002,4
1745,526,کوهپایه,0003,4
1746,527,آستانه,0001,4
1747,527,کزاز,0007,4
1748,528,هندودر,0001,4
1749,528,مالمیر,0002,4
1750,529,پل دوآب,0001,4
1751,529,زالیان,0002,4
1752,529,نهرمیان,0003,4
1753,530,قره کهریز,0001,4
1754,530,کوهسار,0002,4
1755,531,خسبیجان,0001,4
1756,531,مهاجران,0002,4
1757,532,باقرآباد,0001,4
1758,532,خورهه,0002,4
1759,533,الویر,0001,4
1760,533,علیشار,0002,4
1761,533,دوزج,0003,4
1762,534,خشکرود,0002,4
1763,534,رودشور,0003,4
1764,535,رحمت آباد,0001,4
1765,535,حکیم آباد,0002,4
1766,536,اسفندان,0001,4
1767,536,وفس,0004,4
1768,537,خسروبیک,0001,4
1769,537,میلاجرد,0002,4
1770,538,اناج,0001,4
1771,538,جاورسیان,0002,4
1772,538,سنگ سفید,0003,4
1773,539,خنداب,0001,4
1774,539,دهچال,0002,4
1775,540,فرمهین,0001,4
1776,540,فشک,0002,4
1777,541,خنجین,0001,4
1778,541,تلخاب,0002,4
1779,542,حیران,0001,4
1780,542,ویرمونی,0003,4
1781,543,چلوند,0001,4
1782,543,لوندویل,0002,4
1783,544,دهگاه,0001,4
1784,544,کیاشهر,0002,4
1785,545,دهشال,0001,4
1786,545,گورکا,0002,4
1787,545,کیسم,0003,4
1788,545,چهارده,0004,4
1789,546,چهار فریضه,0001,4
1790,546,لیچارکی حسن رود,0002,4
1791,547,طولارود,0003,4
1792,547,کوهستانی تالش,0004,4
1793,548,لیسار,0002,4
1794,548,خطبه سرا,0003,4
1795,549,اسالم,0001,4
1796,549,خاله سرا,0002,4
1797,549,خرجگیل,0003,4
1798,550,حویق,0001,4
1799,550,چوبر,0002,4
1800,551,ساحلی جوکندان,0001,4
1801,551,نیل رود,0002,4
1802,552,اسلام آباد,0001,4
1803,552,سراوان,0002,4
1804,552,سنگر,0003,4
1805,553,بلسبنه,0001,4
1806,553,کنارسر,0002,4
1807,553,لولمان,0003,4
1808,554,جیرهنده لشت نشاء,0001,4
1809,554,علی آباد زیبا کنار,0002,4
1810,554,گفشه لشت نشاء,0003,4
1811,555,پسیخان,0001,4
1812,555,پیربازار,0002,4
1813,555,حومه,0003,4
1814,555,لاکان,0004,4
1815,556,حاجی بکنده خشکبیجار,0001,4
1816,556,نوشرخشکبیجار,0002,4
1817,557,بلوکات,0001,4
1818,557,دشتویل,0002,4
1819,557,رحمت آباد,0003,4
1820,558,جیرنده,0001,4
1821,558,کلیشم,0003,4
1822,559,رستم آباد جنوبی,0001,4
1823,559,رستم آباد شمالی,0002,4
1824,559,کلشتر,0003,4
1825,560,خورگام,0001,4
1826,560,دلفک,0002,4
1827,561,پاچنار,0001,4
1828,561,جمال‌آباد,0002,4
1829,562,اشکور سفلی,0001,4
1830,562,اشکور علیا و سیارستاق ییلاقی,0002,4
1831,562,رحیم آباد,0003,4
1832,562,شوئیل,0004,4
1833,563,چینی جان,0002,4
1834,563,رضا محله,0003,4
1835,564,اوشیان,0001,4
1836,564,سیاهکلرود,0002,4
1837,565,بی بالان,0001,4
1838,565,ماچیان,0002,4
1839,566,تولم,0001,4
1840,566,هندوخاله,0002,4
1841,567,کسما,0003,4
1842,567,پیشخوان,0004,4
1843,568,گوراب زرمیخ,0001,4
1844,568,مرکیه,0002,4
1845,569,طاهرگوراب,0001,4
1846,569,اباتر,0002,4
1847,570,ضیابر,0001,4
1848,570,بهمبر,0002,4
1849,571,رودپیش,0002,4
1850,571,گشت,0004,4
1851,571,گوراب پس,0005,4
1852,571,لولمان,0006,4
1853,572,آلیان,0001,4
1854,572,سردارجنگل,0002,4
1855,573,چاف,0001,4
1856,573,دیوشل,0003,4
1857,573,گل سفید,0004,4
1858,574,اطاقور,0001,4
1859,574,لات لیل,0002,4
1860,575,دریاسر,0001,4
1861,575,مریدان,0002,4
1862,576,آهندان,0001,4
1863,576,بازکیا گوراب,0002,4
1864,576,لفمجان,0005,4
1865,576,لیالستان,0006,4
1866,576,لیل,0007,4
1867,577,رودبنه,0001,4
1868,577,شیرجوپشت,0002,4
1869,578,احمد سرگوراب,0001,4
1870,578,چوبر,0002,4
1871,579,جیرده,0001,4
1872,579,ملاسرا,0002,4
1873,580,سمام,0001,4
1874,580,شبخوس لات,0002,4
1875,580,کجید,0003,4
1876,581,املش جنوبی,0001,4
1877,581,املش شمالی,0002,4
1878,582,دیناچال,0001,4
1879,582,ییلاقی ارده,0002,4
1880,583,خوشابر,0001,4
1881,583,گیل دولاب,0002,4
1882,584,پیر کوه,0001,4
1883,584,دیلمان,0002,4
1884,585,توتکی,0001,4
1885,585,خرارود,0002,4
1886,585,مالفجان,0003,4
1887,586,شاندرمن,0001,4
1888,586,شیخ نشین,0002,4
1889,587,حومه,0001,4
1890,587,ماسال,0002,4
1891,588,چاپارخانه,0001,4
1892,588,کته سر خمام,0002,4
1893,589,چوکام,0001,4
1894,589,فرشکی,0002,4
1895,590,بالالاریجان,0001,4
1896,590,لاریجان سفلی,0002,4
1897,591,پایین خیابان لیتکوه,0002,4
1898,591,هرازپی جنوبی,0006,4
1899,591,دشت سر سفلی,0007,4
1900,592,دابوی جنوبی,0001,4
1901,592,دابوی میانی,0003,4
1902,593,بالاخیابان لیتکوه,0001,4
1903,593,چلاو,0002,4
1904,594,دشت سر شرقی,0001,4
1905,594,دشت سر غربی,0002,4
1906,595,خوش رود,0001,4
1907,595,شهیدآباد,0004,4
1908,596,فیضیه,0002,4
1909,596,اسبوکلا,0004,4
1910,596,گنج افروز,0005,4
1911,597,سجادرود,0001,4
1912,597,فیروزجاه,0002,4
1913,598,بابل کنار,0001,4
1914,598,درازکلا,0002,4
1915,599,کاری پی,0001,4
1916,599,لاله آباد,0002,4
1917,600,گتاب جنوبی,0001,4
1918,600,گتاب شمالی,0002,4
1919,601,کوهستان,0001,4
1920,601,میان کاله,0002,4
1921,601,پنج هزاره,0003,4
1922,602,شهدا,0002,4
1923,602,عشرستاق,0003,4
1924,603,میرشمس الدین,0001,4
1925,603,گلیجان,0002,4
1926,604,تمشکل,0001,4
1927,604,کترا,0002,4
1928,605,بلده,0001,4
1929,605,بلده شرقی,0004,4
1930,606,میاندامان,0001,4
1931,606,دوهزار,0002,4
1932,606,سه هزار,0003,4
1933,607,سخت سر,0003,4
1934,607,اشکور,0004,4
1935,608,جنت رودبار,0001,4
1936,608,چهل شهید,0002,4
1937,609,پشتکوه,0001,4
1938,609,چهاردانگه,0002,4
1939,609,گرماب,0003,4
1940,610,بنافت,0001,4
1941,610,فریم,0002,4
1942,611,اسفیورد شوراب,0001,4
1943,611,کلیجان رستاق سفلی,0003,4
1944,611,مذکوره,0005,4
1945,611,میاندورود کوچک,0006,4
1946,612,تنگه سلیمان,0001,4
1947,612,کلیجان رستاق علیا,0002,4
1948,613,رودپی شرقی,0002,4
1949,613,رودپی غربی,0003,4
1950,614,فرح آباد شمالی,0001,4
1951,614,فرح آباد جنوبی,0002,4
1952,615,راستوپی,0001,4
1953,615,ولوپی,0003,4
1954,616,سرخکلا,0001,4
1955,616,کسلیان,0002,4
1956,617,بالاتجن,0001,4
1957,617,بیشه سر,0002,4
1958,617,علی آباد,0004,4
1959,617,نوکنده کا,0005,4
1960,617,کوهساران,0006,4
1961,618,اوزرود,0001,4
1962,618,تتارستاق,0002,4
1963,618,شیخ فضل اله نوری,0003,4
1964,619,لاویج,0001,4
1965,619,میانرود,0002,4
1966,619,ناتل رستاق,0003,4
1967,620,میان بند,0001,4
1968,620,ناتل کنار سفلی,0002,4
1969,620,ناتل کنار علیا,0003,4
1970,621,پنجک رستاق,0001,4
1971,621,توابع کجور,0002,4
1972,621,زانوس رستاق,0003,4
1973,622,بلده کجور,0001,4
1974,622,خیرودکنار,0002,4
1975,622,کالج,0003,4
1976,623,ساحلی,0001,4
1977,623,بابلرود,0002,4
1978,624,بهنمیر,0001,4
1979,624,عزیزک,0002,4
1980,625,پازوار,0001,4
1981,625,خشکرود,0002,4
1982,626,دابوی شمالی,0001,4
1983,626,هرازپی شمالی,0002,4
1984,627,اهلمرستاق جنوبی,0001,4
1985,627,اهلمرستاق شمالی,0002,4
1986,627,هرازپی غربی,0003,4
1987,628,پی رجه,0001,4
1988,628,قره طغان,0002,4
1989,628,مهروان,0003,4
1990,629,استخرپشت,0001,4
1991,629,زارم رود,0002,4
1992,630,کلارستاق شرقی,0001,4
1993,630,کلارستاق غربی,0002,4
1994,631,بیرون بشم,0001,4
1995,631,کوهستان,0002,4
1996,632,چپکرود شرقی,0001,4
1997,632,چپکرود غربی,0003,4
1998,633,حسن رضا,0001,4
1999,633,سیاهرود,0002,4
2000,634,لاریم شمالی,0001,4
2001,634,لاریم جنوبی,0002,4
2002,635,کلبادشرقی,0001,4
2003,635,کلبادغربی,0002,4
2004,636,توسکاچشمه,0001,4
2005,636,آزادگان,0002,4
2006,637,امامزاده عبدالله شمالی,0001,4
2007,637,امامزاده عبدالله جنوبی,0002,4
2008,638,باریک رود شمالی,0001,4
2009,638,باریک رود جنوبی,0002,4
2010,639,لنگارود شرقی,0001,4
2011,639,لنگارود غربی,0002,4
2012,640,کلارآباد غربی,0002,4
2013,641,کلار شرقی,0001,4
2014,641,کلار غربی,0002,4
2015,642,کوهدشت شرقی,0001,4
2016,642,کوهدشت غربی,0002,4
2017,642,میاندورود بزرگ,0003,4
2018,643,گهرباران شمالی,0001,4
2019,643,گهرباران جنوبی,0002,4
2020,644,کیاکلا,0001,4
2021,644,دشت کنار,0002,4
2022,645,تالارپی,0001,4
2023,645,طور,0002,4
2024,646,شرق و غرب شیرگاه,0001,4
2025,646,لفور,0002,4
2026,647,چایباغ,0001,4
2027,647,هتکه,0002,4
2028,648,کلاردشت شرقی,0001,4
2029,648,کلاردشت غربی,0002,4
2030,649,آذغان,0001,4
2031,649,اوچ هاچا,0002,4
2032,649,بزکش,0003,4
2033,649,گویجه بل,0005,4
2034,649,ورگهان,0006,4
2035,650,قشلاق,0001,4
2036,650,نقدوز,0002,4
2037,651,آجی چای,0001,4
2038,651,اسپران,0002,4
2039,651,سردصحرا,0006,4
2040,652,تازه کند,0001,4
2041,652,لاهیجان,0002,4
2042,653,میدان چای,0001,4
2043,653,مهران رود,0002,4
2044,654,ابرغان,0001,4
2045,654,آغمیون,0002,4
2046,654,حومه,0003,4
2047,654,رازلیق,0004,4
2048,654,صایین,0005,4
2049,654,ملایعقوب,0006,4
2050,655,اردلان,0001,4
2051,655,آلان برآغوش,0002,4
2052,655,شربیان,0003,4
2053,656,سراجوی شمالی,0003,4
2054,656,سراجوی غربی,0004,4
2055,656,قره ناز,0005,4
2056,657,سراجوی جنوبی,0001,4
2057,657,سراجوی شرقی,0002,4
2058,657,قوری چای غربی,0003,4
2059,658,بناب,0001,4
2060,658,دولت آباد,0002,4
2061,658,زنوزق,0004,4
2062,658,میشاب شمالی,0006,4
2063,658,هرزندات شرقی,0007,4
2064,658,هرزندات غربی,0008,4
2065,659,ذوالبین,0001,4
2066,659,یکانات,0002,4
2067,660,کشکسرای,0001,4
2068,660,یالقوزآغاج,0002,4
2069,661,قافلانکوه شرقی,0001,4
2070,661,کاغذکنان شمالی,0002,4
2071,661,کاغذکنان مرکزی,0003,4
2072,662,تیرچایی,0001,4
2073,662,کندوان,0002,4
2074,662,گرمه شمالی,0003,4
2075,663,اوچ تپه شرقی,0001,4
2076,663,شیخ درآباد,0002,4
2077,663,قافلانکوه غربی,0003,4
2078,663,قزل اوزن,0004,4
2079,663,کله بوز شرقی,0005,4
2080,663,کله بوز غربی,0006,4
2081,663,گرمه جنوبی,0007,4
2082,664,سلوک,0002,4
2083,664,علی آباد,0003,4
2084,664,قرانقو,0004,4
2085,664,کوهسار,0005,4
2086,664,چاراویماق شمال شرقی,0006,4
2087,665,آلمالو,0001,4
2088,665,نظرکهریزی,0003,4
2089,666,بناجوی شرقی,0001,4
2090,666,بناجوی شمالی,0002,4
2091,666,بناجوی غربی,0003,4
2092,667,اوجان شرقی,0001,4
2093,667,سهندآباد,0002,4
2094,667,عبا س شرقی,0003,4
2095,667,عباس غربی,0004,4
2096,668,اوجان غربی,0001,4
2097,668,شبلی,0002,4
2098,668,قوریگل,0003,4
2099,668,مهرانرودجنوبی,0004,4
2100,668,مهرانرودمرکزی,0005,4
2101,669,چله خانه,0001,4
2102,669,رودقات,0002,4
2103,669,میشوجنوبی,0003,4
2104,670,سیس,0002,4
2105,670,گونی شرقی,0003,4
2106,670,گونی مرکزی,0005,4
2107,671,چهرگان,0001,4
2108,671,گونی غربی,0002,4
2109,672,پیغان چایی,0002,4
2110,672,مولان,0003,4
2111,672,میشه پاره,0004,4
2112,672,ییلاق,0005,4
2113,673,آبش احمد,0001,4
2114,673,سیدان,0002,4
2115,673,قشلاق,0003,4
2116,674,بدوستان غربی,0001,4
2117,674,مواضع خان شرقی,0002,4
2118,674,مواضع خان شمالی,0003,4
2119,675,بدوستان شرقی,0001,4
2120,675,خانمرود,0002,4
2121,675,باروق,0003,4
2122,676,دیزمار غربی,0001,4
2123,676,نوجه مهر,0003,4
2124,677,شجاع,0001,4
2125,677,ارسی,0002,4
2126,677,داران,0003,4
2127,678,گاودول غربی,0002,4
2128,678,گاودول مرکزی,0003,4
2129,679,گاودول شرقی,0001,4
2130,679,گاودول جنوبی,0002,4
2131,680,تیمورلو,0001,4
2132,680,دستجرد,0002,4
2133,681,شهرک,0001,4
2134,682,شیرامین,0001,4
2135,682,قبله داغی,0002,4
2136,682,قاضی جهان,0003,4
2137,682,ینگجه,0004,4
2138,683,شورکات جنوبی,0001,4
2139,683,جزیره,0002,4
2140,684,باویل,0001,4
2141,684,سهند,0002,4
2142,684,گنبر,0003,4
2143,685,چاراویماق جنوب شرقی,0001,4
2144,685,چاراویماق شرقی,0002,4
2145,686,چاراویماق جنوب غربی,0001,4
2146,686,چاراویماق مرکزی,0002,4
2147,686,قوری چای شرقی,0003,4
2148,686,ورقه,0004,4
2149,687,ارزیل,0001,4
2150,687,جوشین,0002,4
2151,687,دیزمار مرکزی,0003,4
2152,688,ازومدل جنوبی,0001,4
2153,688,ازومدل شمالی,0002,4
2154,688,بکرآباد,0003,4
2155,688,سینا,0004,4
2156,689,دیزجرود شرقی,0001,4
2157,689,کوهستان,0002,4
2158,690,خضرلو,0001,4
2159,690,دیزجرود غربی,0002,4
2160,691,بسطاملو,0001,4
2161,691,کیوان,0002,4
2162,692,گرمادوزشرقی,0001,4
2163,692,گرما دوزغربی,0002,4
2164,693,دیزمار شرقی,0001,4
2165,693,منجوان شرقی,0002,4
2166,693,منجوان غربی,0003,4
2167,694,دودانگه,0001,4
2168,694,دیکله,0002,4
2169,695,چهاردانگه شمالی,0001,4
2170,695,چهاردانگه جنوبی,0002,4
2171,696,لیلان جنوبی,0001,4
2172,696,لیلان غربی,0002,4
2173,697,لیلان شمالی,0001,4
2174,697,لیلان شرقی,0002,4
2175,698,اوچ تپه غربی,0001,4
2176,698,بروانان غربی,0002,4
2177,698,بروانان مرکزی,0003,4
2178,699,بروانان شرقی,0001,4
2179,699,گاوینه رود,0002,4
2180,700,انزل جنوبی,0001,4
2181,700,انزل شمالی,0002,4
2182,701,ترگور,0001,4
2183,701,دشت,0002,4
2184,701,مرگور,0003,4
2185,702,برادوست,0001,4
2186,702,صومای جنوبی,0002,4
2187,702,صومای شمالی,0003,4
2188,703,باراندوز,0001,4
2189,703,باراندوزچای جنوبی,0002,4
2190,703,باراندوزچای شمالی,0003,4
2191,703,باش قلعه,0004,4
2192,703,بکشلوچای,0005,4
2193,703,ترکمان,0006,4
2194,703,دول,0007,4
2195,703,روضه چای,0008,4
2196,703,نازلوی جنوبی,0011,4
2197,704,طلاتپه,0001,4
2198,704,نازلو چای,0002,4
2199,704,نازلو شمالی,0003,4
2200,705,پیران,0001,4
2201,705,منگورغربی,0004,4
2202,705,لاهیجان,0005,4
2203,706,لاهیجان شرقی,0001,4
2204,706,لاهیجان غربی,0002,4
2205,707,دیزج,0003,4
2206,707,رهال,0004,4
2207,707,قره سو,0007,4
2208,707,گوهران,0010,4
2209,708,الند,0001,4
2210,708,سکمن آباد,0002,4
2211,709,ایواوغلی,0001,4
2212,709,ولدیان,0002,4
2213,710,زری,0001,4
2214,710,قطور,0002,4
2215,711,فیرورق شمالی,0001,4
2216,711,فیرورق جنوبی,0002,4
2217,712,آلان,0001,4
2218,712,بریاجی,0003,4
2219,713,باسک کولسه,0001,4
2220,713,گورک سردشت,0002,4
2221,714,زولاچای,0002,4
2222,714,کره سنی,0005,4
2223,714,کنارپروژ,0006,4
2224,714,لکستان,0007,4
2225,715,چهریق,0001,4
2226,715,شپیران,0002,4
2227,715,شناتال,0003,4
2228,716,چایباسار جنوبی,0001,4
2229,716,قلعه دره سی,0003,4
2230,716,قره سو,0005,4
2231,717,چایباسار شمالی,0001,4
2232,717,ساری سو,0002,4
2233,718,کانی بازار,0001,4
2234,718,منگورشرقی,0002,4
2235,719,آختاچی غربی,0001,4
2236,719,مکریان شرقی,0002,4
2237,719,مکریان غربی,0004,4
2238,720,زرینه رود جنوبی,0002,4
2239,720,زرینه رود شمالی,0003,4
2240,720,مکریان شمالی,0006,4
2241,721,مظفرآباد,0001,4
2242,721,زرینه رود,0002,4
2243,722,یقینعلی تپه,0001,4
2244,722,مرحمت آباد,0002,4
2245,723,چلیک,0001,4
2246,723,مرحمت آباد جنوبی,0002,4
2247,724,بیگم قلعه,0001,4
2248,724,سلدوز,0003,4
2249,725,المهدی,0001,4
2250,725,حسنلو,0002,4
2251,726,آختاچی شرقی,0001,4
2252,726,آختاچی محالی,0002,4
2253,726,بهی دهبکری,0003,4
2254,727,آختاچی,0001,4
2255,727,ایل تیمور,0002,4
2256,727,ایل گورک,0003,4
2257,727,بهی فیض اله بیگی,0004,4
2258,728,صفاخانه,0001,4
2259,728,محمودآباد,0002,4
2260,728,هولاسو,0003,4
2261,729,چهاردولی,0003,4
2262,729,کشاور,0004,4
2263,730,افشار,0001,4
2264,730,انصار,0002,4
2265,730,کرفتو,0003,4
2266,731,احمدآباد,0001,4
2267,731,ساروق,0002,4
2268,731,چمن,0003,4
2269,732,اشنویه شمالی,0001,4
2270,732,دشت بیل,0002,4
2271,733,اشنویه جنوبی,0001,4
2272,733,هق,0002,4
2273,734,آواجیق شمالی,0001,4
2274,734,آواجیق جنوبی,0002,4
2275,735,چالدران جنوبی,0001,4
2276,735,چالدران شمالی,0002,4
2277,735,ببه جیک,0003,4
2278,736,گچلرات شرقی,0001,4
2279,736,گچلرات غربی,0002,4
2280,737,چایباسار شرقی,0001,4
2281,737,زنگبار,0002,4
2282,738,حاجیلار شمالی,0001,4
2283,738,حاجیلار جنوبی,0002,4
2284,739,بسطام,0001,4
2285,739,چورس,0002,4
2286,740,چشمه سرا,0001,4
2287,740,قره قویون جنوبی,0002,4
2288,741,قره قویون شمالی,0001,4
2289,741,یولاگلدی,0002,4
2290,742,قپچاق,0001,4
2291,742,مرحمت آباد شمالی,0002,4
2292,743,فسندوز,0001,4
2293,743,مرحمت آباد میانی,0002,4
2294,744,نادرگلی,0001,4
2295,744,باروق,0002,4
2296,745,آجرلوی شرقی,0001,4
2297,745,آجرلوی غربی,0002,4
2298,746,گورک نعلین,0001,4
2299,746,ساوان,0002,4
2300,747,ملکاری غربی,0001,4
2301,747,ملکاری شرقی,0002,4
2302,748,منصوری,0002,4
2303,748,هرسم,0003,4
2304,748,حمیل,0004,4
2305,749,حسن آباد,0001,4
2306,749,حومه جنوبی,0002,4
2307,749,حومه شمالی,0003,4
2308,749,شیان,0006,4
2309,750,جلال وند,0001,4
2310,750,سرفیروزآباد,0002,4
2311,750,عثمانوند,0003,4
2312,751,بالادربند,0001,4
2313,751,دورودفرامان,0003,4
2314,751,قره سو,0004,4
2315,751,میان دربند,0006,4
2316,752,چقانرگس,0001,4
2317,752,ماهیدشت,0002,4
2318,753,سنجابی,0001,4
2319,753,هفت آشیان,0002,4
2320,754,رازآور,0001,4
2321,754,پشت دربند,0002,4
2322,755,ماکوان,0002,4
2323,755,شیوه سر,0003,4
2324,756,شمشیر,0001,4
2325,756,هولی,0003,4
2326,757,سیروان,0002,4
2327,758,حومه سرپل,0003,4
2328,758,بشیوه پاطاق,0007,4
2329,759,قلعه شاهین,0001,4
2330,759,سراب قلعه شاهین,0002,4
2331,760,دشت ذهاب,0001,4
2332,760,پشت تنگ,0002,4
2333,760,سرقلعه,0003,4
2334,760,جگیران,0004,4
2335,761,آب باریک,0001,4
2336,761,سراب,0004,4
2337,761,پارسینه,0008,4
2338,762,آگاهان,0001,4
2339,762,سطر,0002,4
2340,762,کیونانات,0003,4
2341,763,باوله,0001,4
2342,763,گاورود,0002,4
2343,764,سومار,0001,4
2344,765,الوند,0001,4
2345,765,نصرآباد,0002,4
2346,765,فتح آباد,0003,4
2347,766,خزل غربی,0001,4
2348,766,فش,0002,4
2349,766,کرماجان,0003,4
2350,766,گودین,0004,4
2351,766,قزوینه,0005,4
2352,767,چله,0001,4
2353,767,حومه,0002,4
2354,767,دیره,0004,4
2355,767,ویژنان,0006,4
2356,768,حیدریه,0001,4
2357,768,گواور,0002,4
2358,769,پلنگانه,0001,4
2359,769,بازان,0003,4
2360,770,شروینه,0001,4
2361,770,کلاشی,0002,4
2362,771,حر,0001,4
2363,771,دینور,0002,4
2364,771,کندوله,0003,4
2365,772,خدابنده لو,0002,4
2366,772,صحنه,0003,4
2367,772,گاماسیاب,0004,4
2368,772,هجر,0005,4
2369,773,چم چمال,0001,4
2370,773,شیرز,0002,4
2371,774,چشمه کبود,0001,4
2372,774,حومه,0002,4
2373,775,خانه شور,0001,4
2374,775,دشت حر,0002,4
2375,776,ازگله,0001,4
2376,777,زمکان جنوبی,0001,4
2377,777,زمکان شمالی,0002,4
2378,778,قلخانی,0001,4
2379,778,گورانی,0002,4
2380,779,بان زرده,0001,4
2381,779,بیونیج,0002,4
2382,779,حومه کرند,0003,4
2383,780,قوری قلعه,0001,4
2384,780,منصورآقایی,0002,4
2385,781,بدر,0001,4
2386,781,حسن آباد,0002,4
2387,781,دولت اباد,0003,4
2388,781,زالوآب,0004,4
2389,782,مینوبار,0001,4
2390,782,نصار,0002,4
2391,782,نوآباد,0003,4
2392,783,بهمنشیر جنوبی,0001,4
2393,783,بهمنشیر شمالی,0002,4
2394,783,شلاهی,0003,4
2395,784,حسینیه,0001,4
2396,784,قیلاب,0002,4
2397,784,مازو,0003,4
2398,785,حومه,0001,4
2399,786,الهایی,0002,4
2400,786,لامی,0009,4
2401,787,اسماعیلیه شمالی,0001,4
2402,787,اسماعیلیه جنوبی,0002,4
2403,788,مشرحات,0001,4
2404,788,غیزانیه,0002,4
2405,789,پیان,0001,4
2406,789,حومه شرقی,0002,4
2407,789,حومه غربی,0003,4
2408,789,مرغا,0006,4
2409,789,هلایجان,0007,4
2410,790,سوسن شرقی,0001,4
2411,790,سوسن غربی,0002,4
2412,791,بندر امام خمینی,0002,4
2413,792,جراحی,0001,4
2414,793,درونک,0001,4
2415,793,سردشت,0002,4
2416,794,حومه,0002,4
2417,794,دودانگه,0003,4
2418,795,تشان شرقی,0001,4
2419,795,تشان غربی,0002,4
2420,796,حومه شرقی,0001,4
2421,796,حومه غربی,0002,4
2422,796,غرب کارون,0003,4
2423,797,جزیره مینو,0001,4
2424,798,سردشت,0004,4
2425,798,ماهوربرنجی,0007,4
2426,799,شمس آباد,0002,4
2427,799,قبله ای,0003,4
2428,800,چغامیش,0001,4
2429,800,خیبر,0002,4
2430,801,دره کاید,0001,4
2431,801,احمد فداله,0002,4
2432,801,امامزاده سید محمود,0003,4
2433,801,سید ولی الدین,0004,4
2434,801,شهی,0005,4
2435,802,بستان,0001,4
2436,802,سعیدیه,0002,4
2437,803,الله اکبر,0001,4
2438,803,حومه شرقی,0002,4
2439,803,حومه غربی,0003,4
2440,804,حومه شرقی,0003,4
2441,804,حومه غربی,0004,4
2442,805,جره,0001,4
2443,805,ماماتین,0002,4
2444,806,سلطان آباد,0001,4
2445,806,رستم آباد,0002,4
2446,807,ابوالفارس,0001,4
2447,807,سه تلون,0002,4
2448,808,آبشار,0001,4
2449,808,بوزی,0002,4
2450,808,جفال,0003,4
2451,808,حسینی,0004,4
2452,809,سالمی,0001,4
2453,809,ناصری,0002,4
2454,810,دارخوین,0001,4
2455,810,دریسیه,0002,4
2456,811,سردارآباد,0001,4
2457,811,شهیدمدرس,0003,4
2458,812,شعیبیه شرقی,0001,4
2459,812,شعیبیه غربی,0002,4
2460,813,میان آب جنوبی,0001,4
2461,813,میان آب شمالی,0002,4
2462,814,جهانگیری,0001,4
2463,814,جهانگیری شمالی,0002,4
2464,815,تل بزان,0001,4
2465,815,تمبی گلگیر,0002,4
2466,816,عنبر,0001,4
2467,816,ذیلایی,0002,4
2468,817,بن معلی,0001,4
2469,817,حسین آباد,0003,4
2470,818,چنانه,0001,4
2471,818,سرخه,0002,4
2472,819,رود زرد,0002,4
2473,819,منگشت,0004,4
2474,819,هپرو,0006,4
2475,820,سرله,0001,4
2476,820,میداود,0002,4
2477,821,قلعه تل,0001,4
2478,821,بارانگرد,0002,4
2479,822,جایزان,0001,4
2480,823,آسیاب,0001,4
2481,823,چاه سالم,0002,4
2482,824,دشت لالی,0001,4
2483,824,سادات,0002,4
2484,825,جاستون شهه,0001,4
2485,825,حتی,0002,4
2486,826,هندیجان شرقی,0001,4
2487,826,هندیجان غربی,0002,4
2488,827,چم خلف عیسی,0001,4
2489,827,سورین,0002,4
2490,828,عبدلیه شرقی,0001,4
2491,828,عبدلیه غربی,0002,4
2492,829,آزاده,0001,4
2493,829,مشراگه,0002,4
2494,830,عقیلی جنوبی,0001,4
2495,830,عقیلی شمالی,0002,4
2496,831,جنت مکان,0001,4
2497,831,کیارس,0002,4
2498,832,آبژدان,0001,4
2499,832,کوشک,0002,4
2500,833,چلو,0001,4
2501,833,للر کتک,0002,4
2502,834,شلال دشتگل,0001,4
2503,834,قلعه خواجه,0002,4
2504,835,رغیوه,0001,4
2505,835,گزین,0002,4
2506,836,حومه,0001,4
2507,837,بنی صالح,0001,4
2508,837,نیسان,0002,4
2509,838,هویزه شمالی,0001,4
2510,838,هویزه جنوبی,0002,4
2511,839,ملاثانی,0001,4
2512,839,عناقچه,0002,4
2513,840,ویس,0001,4
2514,840,زرگان,0002,4
2515,841,کرخه,0001,4
2516,841,دهکده,0002,4
2517,842,طراح,0001,4
2518,842,جهاد,0002,4
2519,843,آغاجاری,0001,4
2520,844,سرجولکی,0001,4
2521,844,آب باران,0002,4
2522,845,کوت عبدالله,0001,4
2523,845,قلعه چنعان,0002,4
2524,846,سویسه,0001,4
2525,846,موران,0002,4
2526,847,سید عباس,0001,4
2527,847,آهودشت,0002,4
2528,848,کرخا,0001,4
2529,848,شاوور,0002,4
2530,849,دنباله رود شمالی,0001,4
2531,849,دهدز,0002,4
2532,850,دنباله رود جنوبی,0001,4
2533,850,شیوند,0002,4
2534,851,صیدون شمالی,0001,4
2535,851,واجل,0002,4
2536,852,صیدون جنوبی,0001,4
2537,852,رود زیر,0002,4
2538,853,ایزدخواست,0001,4
2539,853,بیدک,0003,4
2540,853,سورمق,0004,4
2541,854,خسرو شیرین,0001,4
2542,854,بهمن,0002,4
2543,855,خیر,0001,4
2544,855,رونیز,0002,4
2545,856,ایج,0001,4
2546,857,اسپاس,0001,4
2547,857,دژکرد,0002,4
2548,857,سده,0003,4
2549,858,خنجشت,0003,4
2550,858,شهرمیان,0004,4
2551,859,احمدآباد,0001,4
2552,859,حسن آباد,0002,4
2553,859,بکان,0003,4
2554,860,پشت پر,0001,4
2555,860,پل به بالا,0002,4
2556,860,پل به پایین,0003,4
2557,861,علویه,0001,4
2558,861,قطب آباد,0002,4
2559,862,جلگاه,0001,4
2560,862,کوهک,0002,4
2561,863,رستاق,0002,4
2562,863,کوهستان,0004,4
2563,864,بالش,0001,4
2564,864,بختاجرد,0003,4
2565,864,نصروان,0007,4
2566,864,هشیوار,0008,4
2567,865,آبشور,0001,4
2568,865,فورگ,0002,4
2569,866,قلعه بیابان,0001,4
2570,866,قریه الخیر,0002,4
2571,867,فسارود,0001,4
2572,867,پاسخن,0002,4
2573,868,خفری,0001,4
2574,868,کمهر,0002,4
2575,868,شش پیر,0003,4
2576,869,سرناباد,0001,4
2577,869,همایجان,0003,4
2578,870,بیدزرد,0001,4
2579,870,دراک,0003,4
2580,870,قره باغ,0006,4
2581,870,کفترک,0008,4
2582,871,دشت ارژن,0001,4
2583,871,قره چمن,0002,4
2584,871,کوه مره سرخی,0003,4
2585,872,سیاخ,0001,4
2586,872,دارنگون,0002,4
2587,873,داریان,0001,4
2588,873,تربر,0002,4
2589,874,ششده,0001,4
2590,874,قره بلاغ,0002,4
2591,875,فدشکوییه,0001,4
2592,875,میانده,0002,4
2593,876,جنگل,0001,4
2594,876,صحرارود,0002,4
2595,876,کوشک قاضی,0003,4
2596,877,نوبندگان,0001,4
2597,878,احمدآباد,0001,4
2598,878,جایدشت,0003,4
2599,879,پرزیتون,0001,4
2600,879,خواجه ای,0002,4
2601,879,دادنجان,0003,4
2602,880,جره,0001,4
2603,880,دادین,0002,4
2604,880,فامور,0003,4
2605,881,کنار تخته,0001,4
2606,881,کمارج,0002,4
2607,882,بلیان,0001,4
2608,882,دریس,0002,4
2609,882,شاپور,0003,4
2610,882,انارستان,0004,4
2611,882,دشت برم,0005,4
2612,883,امامزاده محمد,0001,4
2613,883,بورکی,0002,4
2614,884,حومه,0001,4
2615,884,درزو سابیان,0002,4
2616,884,دهکویه,0003,4
2617,885,بیرم,0002,4
2618,885,بالاده,0003,4
2619,886,بنارویه,0001,4
2620,886,ده فیش,0002,4
2621,887,صحرای باغ,0001,4
2622,887,عماد ده,0002,4
2623,888,خرم مکان,0001,4
2624,888,کامفیروز جنوبی,0002,4
2625,889,رامجرد یک,0005,4
2626,889,رودبال,0007,4
2627,889,کناره,0008,4
2628,889,مجدآباد,0009,4
2629,889,محمدآباد,0010,4
2630,889,نقش رستم,0011,4
2631,890,ابرج,0001,4
2632,890,درودزن,0002,4
2633,890,رامجرد دو,0003,4
2634,891,خفرک علیا,0001,4
2635,891,رحمت,0002,4
2636,892,گرمه,0001,4
2637,892,کامفیروز شمالی,0002,4
2638,893,ماهور,0001,4
2639,893,میشان,0002,4
2640,894,بکش دو,0001,4
2641,894,بکش یک,0002,4
2642,894,جاوید ماهوری,0004,4
2643,894,فهلیان,0008,4
2644,895,دشمن زیاری,0001,4
2645,895,مشایخ,0002,4
2646,896,جوزار,0001,4
2647,896,پراشکفت,0002,4
2648,897,ده چاه,0003,4
2649,897,مشکان,0004,4
2650,898,رستاق,0001,4
2651,898,هرگان,0002,4
2652,899,ریزآب,0001,4
2653,899,قطرویه,0002,4
2654,900,حومه,0003,4
2655,900,سیگار,0004,4
2656,901,اشکنان,0001,4
2657,901,کال,0002,4
2658,902,علامرودشت,0002,4
2659,902,کهنویه,0003,4
2660,903,چاه ورز,0001,4
2661,903,شیخ عامر,0002,4
2662,904,کمالی,0001,4
2663,904,خیرگو,0002,4
2664,905,باغستان,0001,4
2665,905,سیمکان,0004,4
2666,906,سروستان,0001,4
2667,906,مزایجان,0002,4
2668,907,خبریز,0001,4
2669,907,شورآب,0002,4
2670,907,علی آباد ملک,0003,4
2671,908,شهیدآباد,0001,4
2672,909,خرمی,0001,4
2673,909,قشلاق,0002,4
2674,910,ایزدخواست شرقی,0001,4
2675,910,ایزدخواست غربی,0002,4
2676,911,خسویه,0001,4
2677,911,دبیران,0002,4
2678,911,زیرآب,0003,4
2679,912,افزر,0001,4
2680,912,زاخرویه,0002,4
2681,913,فتح آباد,0001,4
2682,913,مبارک آباد,0002,4
2683,913,هنگام,0003,4
2684,914,گله دار,0002,4
2685,914,فال,0003,4
2686,915,مهر,0003,4
2687,915,ارودان,0004,4
2688,916,خوزی,0001,4
2689,916,وراوی,0002,4
2690,917,اسیر,0001,4
2691,917,دشت لاله,0002,4
2692,918,آویز,0001,4
2693,918,نوجین,0003,4
2694,919,دهرم,0002,4
2695,919,دژگاه,0004,4
2696,920,سرپنیران,0001,4
2697,920,کمین,0002,4
2698,921,ابوالوردی,0001,4
2699,921,مادر سلیمان,0002,4
2700,922,باغان,0001,4
2701,922,محمله,0002,4
2702,923,تنگ نارک,0001,4
2703,923,سیف آباد,0002,4
2704,924,کوهنجان,0001,4
2705,924,مهارلو,0002,4
2706,925,سروستان,0001,4
2707,925,شوریچه,0002,4
2708,926,رستم سه,0001,4
2709,926,پشتکوه رستم,0002,4
2710,927,رستم یک,0001,4
2711,927,رستم دو,0002,4
2712,928,فداغ,0001,4
2713,928,خلیلی,0002,4
2714,929,ارد,0001,4
2715,929,سبز پوش,0002,4
2716,930,فرمشکان,0001,4
2717,930,کوار,0002,4
2718,931,طسوج,0001,4
2719,931,فتح آباد,0002,4
2720,932,دهقانان,0001,4
2721,932,سفلی,0002,4
2722,933,کفدهک,0001,4
2723,933,معزآباد,0002,4
2724,933,خیرآباد,0003,4
2725,934,زرقان,0001,4
2726,934,بند امیر,0002,4
2727,935,رحمت آباد,0001,4
2728,935,امامزاده علی (ع),0002,4
2729,936,بیضاء,0001,4
2730,936,کوشک هزار,0002,4
2731,937,بانش,0001,4
2732,937,هفت خان,0002,4
2733,938,سرچهان,0002,4
2734,938,حسامی,0003,4
2735,939,باغ صفا,0001,4
2736,939,ارژنگ,0002,4
2737,940,توجردی,0001,4
2738,940,مروشکان,0002,4
2739,941,چنار شاهیجان,0001,4
2740,941,سمغان,0002,4
2741,942,کوهمره,0001,4
2742,942,ابوالحیات,0002,4
2743,943,گل برنجی,0001,4
2744,943,خفر,0002,4
2745,943,علی آباد,0003,4
2746,943,سفیدار,0004,4
2747,944,راهگان,0001,4
2748,944,راهگان شمالی,0002,4
2749,945,آباده طشک,0001,4
2750,945,بختگان,0002,4
2751,946,حناء,0001,4
2752,946,چاه گز,0002,4
2753,947,فیشور,0001,4
2754,947,اوز,0002,4
2755,948,بیدشهر,0001,4
2756,948,قلات,0002,4
2757,949,جویم,0001,4
2758,949,چغان,0002,4
2759,950,هرم,0001,4
2760,950,کاریان,0002,4
2761,951,بزنجان,0001,4
2762,951,فتح آباد,0005,4
2763,951,کیسکان,0006,4
2764,951,گوغر,0007,4
2765,952,خبر,0001,4
2766,952,دشتاب,0002,4
2767,953,حومه,0001,4
2768,953,دریجان,0003,4
2769,954,روداب غربی,0001,4
2770,954,کرک ونارتیج,0002,4
2771,955,ابارق,0001,4
2772,955,دهبکری,0002,4
2773,956,دلفارد,0001,4
2774,956,ساردوییه,0002,4
2775,956,گور,0003,4
2776,957,رضوان,0001,4
2777,957,سغدر,0002,4
2778,957,مسکون,0003,4
2779,958,اسلام آباد,0002,4
2780,958,خاتون آباد,0005,4
2781,958,دولت آباد,0006,4
2782,958,هلیل,0008,4
2783,959,اسماعیلی,0001,4
2784,959,حسین آباد,0002,4
2785,959,گنج آباد,0003,4
2786,960,اسفندقه,0001,4
2787,960,فردوس,0002,4
2788,961,آزادگان,0001,4
2789,961,اسلامیه,0002,4
2790,961,خنامان,0004,4
2791,961,دره دران,0005,4
2792,961,رزم آوران,0007,4
2793,961,سرچشمه,0009,4
2794,961,قاسم آباد,0012,4
2795,961,کبوترخان,0013,4
2796,962,راویز,0001,4
2797,962,شریف آباد,0002,4
2798,962,کشکوییه,0003,4
2799,963,بهرمان,0001,4
2800,964,رضوان,0001,4
2801,964,فردوس,0002,4
2802,965,اسلام آباد,0001,4
2803,965,جرجافک,0002,4
2804,965,دشت خاک,0004,4
2805,965,سربنان,0005,4
2806,965,محمدآباد,0008,4
2807,965,وحدت,0009,4
2808,965,خانوک,0011,4
2809,965,حتکن,0012,4
2810,966,سیریز,0001,4
2811,966,یزدان آباد,0002,4
2812,966,شعبجره,0003,4
2813,967,شریف آباد,0006,4
2814,967,نجف آباد,0010,4
2815,968,پاریز,0001,4
2816,968,سعادت آباد,0002,4
2817,969,گلستان,0001,4
2818,969,ملک آباد,0002,4
2819,970,زیدآباد,0001,4
2820,970,محمودآبادسید,0002,4
2821,971,بلورد,0001,4
2822,971,چهارگنبد,0002,4
2823,972,استبرق,0001,4
2824,972,پاقلعه,0002,4
2825,972,خاتون آباد,0004,4
2826,972,خورسند,0006,4
2827,972,مدوارات,0008,4
2828,972,میمند,0009,4
2829,973,جوزم,0001,4
2830,973,خبر,0002,4
2831,973,دهج,0003,4
2832,974,اندوهجرد,0001,4
2833,974,تکاب,0002,4
2834,974,سیرچ,0003,4
2835,975,جوشان,0001,4
2836,975,کشیت,0002,4
2837,976,قناتغستان,0001,4
2838,976,ماهان,0002,4
2839,977,اختیارآباد,0001,4
2840,977,باغین,0002,4
2841,977,درختنگان,0004,4
2842,977,زنگی آباد,0005,4
2843,977,سرآسیاب فرسنگی,0006,4
2844,978,حسین آبادگروه,0001,4
2845,978,راین,0002,4
2846,979,کویرات,0002,4
2847,979,معزیه,0003,4
2848,980,نخلستان,0004,4
2849,980,ده کهان,0005,4
2850,980,کوتک,0006,4
2851,981,چاه ریگان,0001,4
2852,981,حومه,0002,4
2853,982,کوه پنج,0003,4
2854,982,مشیز,0005,4
2855,983,قلعه عسگر,0001,4
2856,983,لاله زار,0002,4
2857,984,گلزار,0001,4
2858,984,شیرینک,0002,4
2859,985,نگار,0001,4
2860,985,نارپ,0002,4
2861,986,حرجند,0001,4
2862,986,هروز,0003,4
2863,987,راور,0001,4
2864,988,امجز,0001,4
2865,988,جهادآباد,0002,4
2866,988,علی آباد,0003,4
2867,988,محمدآباد,0004,4
2868,989,گرمسار,0001,4
2869,989,مردهک,0002,4
2870,989,نرگسان,0003,4
2871,990,قلعه,0001,4
2872,990,کشمیران,0002,4
2873,990,نورآباد,0003,4
2874,991,بجگان,0001,4
2875,991,نودژ,0003,4
2876,992,طغرل الجرد,0002,4
2877,993,جور,0001,4
2878,993,خرمدشت,0002,4
2879,994,رودبار,0001,4
2880,994,بیژن آباد,0003,4
2881,995,نهضت آباد,0001,4
2882,995,عباس آباد,0002,4
2883,996,چاه دادخدا,0001,4
2884,996,رمشک,0002,4
2885,996,مارز,0003,4
2886,997,قلعه گنج,0001,4
2887,997,دولاب,0003,4
2888,998,سرخ قلعه,0001,4
2889,998,چهل منی,0002,4
2890,999,ریگان,0002,4
2891,999,پشت ریگ,0004,4
2892,1000,گاوکان,0001,4
2893,1000,سعدآباد,0002,4
2894,1001,رابر,0001,4
2895,1001,سیه بنوییه,0002,4
2896,1002,هنزا,0001,4
2897,1002,جواران,0002,4
2898,1003,برج اکرم,0001,4
2899,1003,فهرج,0002,4
2900,1004,نگین کویر,0001,4
2901,1004,چاهدگال,0002,4
2902,1005,بیاض,0001,4
2903,1005,حسین آباد,0002,4
2904,1006,پشت رود,0001,4
2905,1006,عزیزآباد,0002,4
2906,1007,روداب شرقی,0001,4
2907,1007,مومن آباد,0002,4
2908,1008,کلاشگرد,0001,4
2909,1008,مهروییه,0002,4
2910,1009,حور,0001,4
2911,1009,زهمکان,0002,4
2912,1010,ارزوییه,0001,4
2913,1010,وکیل آباد,0002,4
2914,1010,دهسرد,0003,4
2915,1011,صوغان,0001,4
2916,1011,امیرآباد,0002,4
2917,1012,گنبکی,0001,4
2918,1012,زیارت,0002,4
2919,1013,ناصریه,0001,4
2920,1013,کهورخشک,0002,4
2921,1014,جازموریان,0001,4
2922,1014,بوهینگ,0002,4
2923,1015,چاه حسن,0001,4
2924,1015,کوهستان,0002,4
2925,1016,پایین ولایت,0001,4
2926,1016,کرات,0002,4
2927,1017,دشت تایباد,0002,4
2928,1017,کوهسنگی,0003,4
2929,1018,بایک,0001,4
2930,1019,کدکن,0003,4
2931,1019,رقیچه,0005,4
2932,1020,بالا ولایت,0001,4
2933,1020,پایین ولایت,0002,4
2934,1021,پایین رخ,0002,4
2935,1021,میان رخ,0003,4
2936,1021,بالا رخ,0004,4
2937,1022,جامرود,0003,4
2938,1022,جلگه موسی آباد,0004,4
2939,1022,میان جام,0005,4
2940,1023,بالاجام,0001,4
2941,1023,کاریزان,0002,4
2942,1024,دشت جام,0001,4
2943,1024,هریرود,0002,4
2944,1025,زام,0001,4
2945,1025,گل بانو,0002,4
2946,1026,قره باشلو,0001,4
2947,1026,میانکوه,0002,4
2948,1027,دیباج,0001,4
2949,1027,زنگلانلو,0002,4
2950,1028,تکاب,0001,4
2951,1029,درونگر,0001,4
2952,1029,شهرستانه,0002,4
2953,1030,خواشد,0001,4
2954,1030,فروغن,0002,4
2955,1030,کوه همایی,0003,4
2956,1031,رباط,0001,4
2957,1031,قصبه شرقی,0002,4
2958,1031,قصبه غربی,0003,4
2959,1031,کراب,0004,4
2960,1032,دولتخانه,0001,4
2961,1033,سودلانه,0002,4
2962,1033,شیرین دره,0003,4
2963,1034,دوغایی,0001,4
2964,1034,بهار,0002,4
2965,1035,قوچان عتیق,0001,4
2966,1035,یزدان,0002,4
2967,1036,بالا ولایت,0001,4
2968,1036,پایین ولایت,0002,4
2969,1037,رزق آباد,0001,4
2970,1037,قلعه بالا,0002,4
2971,1038,پس کلوت,0001,4
2972,1038,حومه گناباد,0002,4
2973,1039,زیبد,0001,4
2974,1039,کاخک,0002,4
2975,1040,پیوه ژن,0002,4
2976,1040,سرجام,0004,4
2977,1041,تبادکان,0001,4
2978,1041,توس,0002,4
2979,1041,کارده,0003,4
2980,1041,میان ولایت,0004,4
2981,1041,کنویست,0005,4
2982,1041,درز آب,0006,4
2983,1042,آبروان,0001,4
2984,1042,پایین ولایت,0002,4
2985,1042,میامی,0003,4
2986,1043,سرولایت,0002,4
2987,1043,برزنون,0003,4
2988,1044,دربقاضی,0001,4
2989,1044,ریوند,0002,4
2990,1044,فضل,0003,4
2991,1044,مازول,0004,4
2992,1044,بینالود,0005,4
2993,1045,چناران,0001,4
2994,1045,بقمج,0003,4
2995,1046,رادکان,0001,4
2996,1046,غیاث آباد,0002,4
2997,1047,سید آباد,0001,4
2998,1047,حکیم آباد,0002,4
2999,1048,پایین خواف,0001,4
3000,1048,بستان,0003,4
3001,1049,نشتیفان,0001,4
3002,1049,میان خواف,0002,4
3003,1050,زوزن,0001,4
3004,1050,کیبر,0002,4
3005,1051,بالا خواف,0001,4
3006,1051,سلامی,0002,4
3007,1052,پل خاتون,0001,4
3008,1052,گل بی بی,0002,4
3009,1052,مرز داران,0003,4
3010,1053,تجن,0001,4
3011,1053,خانگیران,0002,4
3012,1053,سرخس,0003,4
3013,1054,سفید سنگ,0001,4
3014,1054,قلندر آباد,0002,4
3015,1055,بالابند,0001,4
3016,1055,سنگ بست,0002,4
3017,1055,فریمان,0003,4
3018,1056,درونه,0001,4
3019,1056,صحرا,0002,4
3020,1057,کنارشهر,0001,4
3021,1057,کوهپایه,0002,4
3022,1058,جلگه,0001,4
3023,1058,شهرآباد,0002,4
3024,1059,جنگل,0001,4
3025,1059,شعبه,0002,4
3026,1060,آستانه,0001,4
3027,1060,رشتخوار,0002,4
3028,1061,پساکوه,0001,4
3029,1061,زاوین,0002,4
3030,1062,کبود گنبد,0001,4
3031,1062,چرم,0003,4
3032,1063,هزارمسجد,0001,4
3033,1063,لاین,0002,4
3034,1064,ششطراز,0001,4
3035,1064,کویر,0002,4
3036,1065,حومه,0001,4
3037,1065,رستاق,0002,4
3038,1066,ازغند,0001,4
3039,1066,مه ولات شمالی,0002,4
3040,1067,حومه,0001,4
3041,1067,مه ولات جنوبی,0002,4
3042,1068,بجستان,0001,4
3043,1068,جزین,0002,4
3044,1069,یونسی,0001,4
3045,1069,سردق,0002,4
3046,1070,طرقبه,0001,4
3047,1070,جاغرق,0002,4
3048,1071,شاندیز,0001,4
3049,1071,ابرده,0002,4
3050,1072,تخت جلگه,0001,4
3051,1072,فیروزه,0002,4
3052,1073,طاغنکوه شمالی,0001,4
3053,1073,طاغنکوه جنوبی,0002,4
3054,1074,جغتای,0001,4
3055,1074,دستوران,0002,4
3056,1075,پایین جوین,0001,4
3057,1075,میان جوین,0002,4
3058,1076,زاوه,0001,4
3059,1076,صفاییه,0002,4
3060,1077,ساق,0001,4
3061,1077,سلیمان,0002,4
3062,1078,بالاجوین,0001,4
3063,1078,پیراکوه,0002,4
3064,1079,زرین,0001,4
3065,1079,حکم آباد,0002,4
3066,1080,مالین,0001,4
3067,1080,دشت ارزنه,0002,4
3068,1081,بالاولایت,0001,4
3069,1081,اشتین,0002,4
3070,1082,سلطان آباد,0001,4
3071,1082,رباط جز,0002,4
3072,1083,مشکان,0001,4
3073,1083,یام,0002,4
3074,1084,طبس,0001,4
3075,1084,نوده انقلاب,0002,4
3076,1085,کاه,0001,4
3077,1085,مزینان,0002,4
3078,1086,باشتین,0001,4
3079,1086,مهر,0002,4
3080,1087,باغ کشمیر,0001,4
3081,1087,صالح آباد,0002,4
3082,1087,قلعه حمام,0003,4
3083,1088,جنت آباد,0001,4
3084,1088,استای,0002,4
3085,1089,برکوه,0002,4
3086,1089,کوه سفید,0004,4
3087,1090,بررود,0001,4
3088,1090,تکاب,0002,4
3089,1091,اردوغش,0001,4
3090,1091,زبرخان,0002,4
3091,1092,اسحق آباد,0001,4
3092,1092,حشمتیه,0002,4
3093,1093,بیهق,0001,4
3094,1093,تکاب کوه میش,0002,4
3095,1094,شامکان,0001,4
3096,1094,ربع شامات,0002,4
3097,1095,بیزکی,0001,4
3098,1095,نوبهار,0002,4
3099,1096,گلمکان,0001,4
3100,1096,چشمه سبز,0002,4
3101,1097,عشق آباد,0001,4
3102,1097,غزالی,0002,4
3103,1098,بلهرات,0001,4
3104,1098,سالاری,0002,4
3105,1099,برزاوند,0001,4
3106,1099,علیا,0003,4
3107,1099,کچو,0004,4
3108,1100,سفلی,0001,4
3109,1100,ریگستان,0002,4
3110,1101,گرمسیر,0001,4
3111,1101,همبرات,0002,4
3112,1102,براآن جنوبی,0001,4
3113,1102,براآن شمالی,0002,4
3114,1102,جی,0003,4
3115,1102,قهاب جنوبی,0004,4
3116,1102,قهاب شمالی,0005,4
3117,1102,کرارج,0006,4
3118,1102,محمودآباد,0007,4
3119,1103,ماربین سفلی,0001,4
3120,1103,ماربین علیا,0002,4
3121,1103,ماربین وسطی,0003,4
3122,1104,گلسار,0001,4
3123,1104,چشمه سار,0002,4
3124,1104,کوهسار,0003,4
3125,1105,پادنا سفلی,0001,4
3126,1105,پادنا وسطی,0003,4
3127,1106,حنا,0001,4
3128,1106,ونک,0003,4
3129,1107,پادنا علیا,0001,4
3130,1107,برآفتاب,0002,4
3131,1108,وردشت,0001,4
3132,1108,دره شور,0002,4
3133,1109,دالانکوه,0001,4
3134,1109,زاینده رود شمالی,0002,4
3135,1109,ورزق جنوبی,0004,4
3136,1110,ورزق,0001,4
3137,1110,قره بیشه,0002,4
3138,1111,برف انبار,0001,4
3139,1111,چشمه لنگان,0004,4
3140,1111,عشایر,0005,4
3141,1112,پشتکوه موگویی,0001,4
3142,1112,پیشکوه موگویی,0002,4
3143,1113,گرکن شمالی,0002,4
3144,1113,سهروفیروزان,0003,4
3145,1114,ابریشم,0001,4
3146,1114,اشترجان,0004,4
3147,1115,گلستان,0001,4
3148,1115,زازران,0002,4
3149,1116,اسفرجان,0001,4
3150,1116,دشت,0002,4
3151,1116,منظریه,0003,4
3152,1116,کهرویه,0004,4
3153,1117,جوشقان قالی,0001,4
3154,1117,قهرود,0002,4
3155,1118,کوهپایه,0001,4
3156,1118,میاندشت,0003,4
3157,1118,خرم دشت,0004,4
3158,1119,کوه دشت,0002,4
3159,1119,نیاسر,0003,4
3160,1120,باباافضل,0001,4
3161,1120,گلاب,0002,4
3162,1121,جلگه,0001,4
3163,1121,کناررودخانه,0002,4
3164,1121,نیوان,0003,4
3165,1122,چم رود,0001,4
3166,1122,زیرکوه,0002,4
3167,1122,چم کوه,0003,4
3168,1123,اشیان,0001,4
3169,1123,خرم رود,0002,4
3170,1124,چوپانان,0002,4
3171,1125,بافران,0001,4
3172,1125,بهارستان,0002,4
3173,1125,کوهستان,0003,4
3174,1125,لای سیاه,0004,4
3175,1126,جوزدان,0001,4
3176,1126,صادقیه,0002,4
3177,1126,صفاییه,0003,4
3178,1127,اشن,0001,4
3179,1127,حسین آباد,0002,4
3180,1128,برزرود,0002,4
3181,1128,طرق رود,0003,4
3182,1128,کرکس,0004,4
3183,1129,امامزاده آقا علی عباس,0001,4
3184,1129,خالدآباد,0002,4
3185,1130,زرکان,0001,4
3186,1130,ونداده,0002,4
3187,1131,برخوار غربی,0001,4
3188,1131,مورچه خورت,0002,4
3189,1132,طالخونچه,0001,4
3190,1132,دیزیچه,0002,4
3191,1132,کرکوند,0003,4
3192,1133,گرکن,0001,4
3193,1133,نورآباد,0002,4
3194,1134,کویرات,0001,4
3195,1134,کویر,0002,4
3196,1135,سفیددشت,0001,4
3197,1136,کرون سفلی,0001,4
3198,1136,کرون علیا,0002,4
3199,1137,رضوانیه,0001,4
3200,1137,ورپشت,0002,4
3201,1138,چنارود جنوبی,0001,4
3202,1138,چنارود شمالی,0002,4
3203,1139,کاوه آهنگر,0001,4
3204,1139,کبوترسرخ,0002,4
3205,1140,قمبوان,0002,4
3206,1140,موسی آباد,0003,4
3207,1140,همگین,0004,4
3208,1141,برخوار شرقی,0001,4
3209,1141,شاپورآباد,0002,4
3210,1142,سین,0001,4
3211,1142,برخوار مرکزی,0002,4
3212,1143,بیابانک,0001,4
3213,1143,جندق,0002,4
3214,1143,نخلستان,0003,4
3215,1144,سردسیر,0001,4
3216,1144,گرجی,0002,4
3217,1144,ییلاق,0003,4
3218,1145,کرچمبوجنوبی,0001,4
3219,1145,کرچمبوشمالی,0002,4
3220,1146,تودشک,0001,4
3221,1146,جبل,0002,4
3222,1147,سیستان,0001,4
3223,1147,زفره,0002,4
3224,1148,جرقویه سفلی,0001,4
3225,1148,جرقویه وسطی,0002,4
3226,1149,جرقویه علیا,0001,4
3227,1149,رامشه,0002,4
3228,1150,گاوخونی شمالی,0001,4
3229,1150,گاوخونی جنوبی,0002,4
3230,1151,رودشت شرقی,0001,4
3231,1151,کفرود,0002,4
3232,1152,امامزاده عبدالعزیز,0001,4
3233,1152,هاشم آباد,0002,4
3234,1153,رودشت,0001,4
3235,1153,کلیشاد,0002,4
3236,1154,آب رییس,0001,4
3237,1154,بزمان,0002,4
3238,1155,ابتر,0001,4
3239,1155,حومه,0002,4
3240,1156,دامن,0001,4
3241,1156,آبادان,0002,4
3242,1157,کمبل سلیمان,0004,4
3243,1157,وشنام دری,0005,4
3244,1158,پلان,0001,4
3245,1159,پیرسهراب,0001,4
3246,1159,بجاربازار,0002,4
3247,1160,سنگان,0003,4
3248,1160,کارواندر,0004,4
3249,1160,کوه سفید,0005,4
3250,1160,اسماعیل آباد,0006,4
3251,1161,ایرندگان,0001,4
3252,1161,کهنوک,0002,4
3253,1162,پشتکوه,0001,4
3254,1162,بیلری,0002,4
3255,1163,بنجار,0001,4
3256,1163,حیدرآباد,0002,4
3257,1164,کرباسک,0001,4
3258,1164,ژاله ای,0002,4
3259,1165,چشمه زیارت,0001,4
3260,1165,حرمک,0002,4
3261,1166,دومک,0001,4
3262,1166,نصرت آباد,0002,4
3263,1167,کورین,0001,4
3264,1167,شورو,0002,4
3265,1168,حومه,0002,4
3266,1168,گشت,0005,4
3267,1168,ناهوک,0006,4
3268,1169,بم پشت,0001,4
3269,1169,کشتگان,0002,4
3270,1170,کوهک,0001,4
3271,1170,اسفندک,0002,4
3272,1171,بنت,0001,4
3273,1171,توتان ومهمدان,0002,4
3274,1171,دستگرد,0003,4
3275,1172,چاهان,0001,4
3276,1172,مخت,0002,4
3277,1172,مهبان,0003,4
3278,1172,هیچان,0004,4
3279,1173,چانف,0001,4
3280,1173,کهیری,0002,4
3281,1174,پیشین,0001,4
3282,1174,زردبن,0003,4
3283,1175,راسک و فیروزآباد,0002,4
3284,1175,جکیگور,0004,4
3285,1176,پارود,0001,4
3286,1176,مورتان,0003,4
3287,1177,جهلیان,0001,4
3288,1177,بانسنت,0003,4
3289,1178,تنگ,0001,4
3290,1178,کهیر,0002,4
3291,1179,جزینک,0001,4
3292,1179,قلعه نو,0003,4
3293,1180,خواجه احمد,0001,4
3294,1180,زهک,0002,4
3295,1181,خمک,0001,4
3296,1181,گوری,0002,4
3297,1182,دوست محمد,0001,4
3298,1182,مارگان,0002,4
3299,1182,جهان آباد,0003,4
3300,1183,قرقری,0001,4
3301,1183,اکبرآباد,0002,4
3302,1184,گنبد علوی,0001,4
3303,1184,دلگان,0002,4
3304,1184,هودیان,0003,4
3305,1185,جلگه چاه هاشم,0001,4
3306,1185,چاه علی,0002,4
3307,1185,آذرآباد,0003,4
3308,1186,زابلی,0001,4
3309,1186,دهی,0003,4
3310,1187,آشار,0001,4
3311,1187,ایرافشان,0002,4
3312,1188,بیرک,0001,4
3313,1188,بیرک شرقی,0002,4
3314,1189,سیب وسوران,0001,4
3315,1189,شندان,0003,4
3316,1190,هیدوچ,0001,4
3317,1190,کنت,0002,4
3318,1191,پسکوه,0001,4
3319,1191,سرسوره,0002,4
3320,1192,ادیمی,0001,4
3321,1192,بزی,0002,4
3322,1193,قایم آباد,0001,4
3323,1193,گلخانی,0003,4
3324,1194,سفیدابه,0001,4
3325,1194,ماده کاریز,0002,4
3326,1195,لوتک,0003,4
3327,1195,محمدآباد,0004,4
3328,1196,تیمورآباد,0001,4
3329,1196,کوه خواجه,0002,4
3330,1197,حومه,0003,4
3331,1197,انده,0004,4
3332,1198,تمین,0001,4
3333,1198,لادیز,0002,4
3334,1198,جون آباد,0003,4
3335,1199,ریگ ملک,0001,4
3336,1199,تهلاب,0002,4
3337,1200,هلونچکان,0002,4
3338,1200,هیت,0003,4
3339,1201,ساربوک,0001,4
3340,1201,حمیری,0002,4
3341,1202,تلنگ,0001,4
3342,1202,شارک,0002,4
3343,1203,فنوج,0001,4
3344,1203,مسکوتان,0002,4
3345,1204,گتیج,0001,4
3346,1204,محترم آباد,0002,4
3347,1205,بمپورشرقی,0001,4
3348,1205,خیرآباد,0003,4
3349,1206,بمپورغربی,0001,4
3350,1206,میرآباد,0002,4
3351,1207,اسکل آباد,0001,4
3352,1207,تفتان جنوبی,0002,4
3353,1208,نازیل,0001,4
3354,1208,چاه احمد,0002,4
3355,1209,گوهرکوه,0001,4
3356,1209,شیرآباد,0002,4
3357,1210,نگور,0001,4
3358,1210,سندمیرثویان,0002,4
3359,1211,باهوکلات,0001,4
3360,1211,درگس,0002,4
3361,1212,سرباز,0001,4
3362,1212,سرکور,0002,4
3363,1213,کیشکور,0001,4
3364,1213,مچان,0002,4
3365,1214,مینان,0001,4
3366,1214,گزور,0002,4
3367,1215,نسکند,0001,4
3368,1215,بلوچی,0002,4
3369,1216,جالق,0001,4
3370,1216,سینگان,0002,4
3371,1217,کله گان,0001,4
3372,1217,شنداشکندان,0002,4
3373,1218,لاشارشمالی,0001,4
3374,1218,زیرباندار,0002,4
3375,1219,لاشارجنوبی,0001,4
3376,1219,تنگ سرحه,0002,4
3377,1220,زرآبادشرقی,0001,4
3378,1220,اسماعیل چات,0002,4
3379,1221,زرآبادغربی,0001,4
3380,1221,تنبلان,0002,4
3381,1222,پشت آربابا,0001,4
3382,1222,بله که,0003,4
3383,1223,شوی,0001,4
3384,1224,کانی سور,0001,4
3385,1224,نمه شیر,0002,4
3386,1224,بوالحسن,0003,4
3387,1225,بویین,0001,4
3388,1225,ننور,0003,4
3389,1226,بابارشانی,0001,4
3390,1226,پیرتاج,0002,4
3391,1226,خسروآباد,0003,4
3392,1227,طغامین,0001,4
3393,1227,کرانی,0002,4
3394,1227,گرگین,0003,4
3395,1228,حومه,0001,4
3396,1228,خورخوره,0002,4
3397,1228,سیلتان,0004,4
3398,1228,نجف آباد,0005,4
3399,1228,سیاه منصور,0006,4
3400,1229,گل تپه,0004,4
3401,1229,صاحب,0005,4
3402,1230,ترجان,0001,4
3403,1230,تموغه,0002,4
3404,1230,سرا,0003,4
3405,1230,میرده,0006,4
3406,1231,چهل چشمه غربی,0001,4
3407,1231,ذوالفقار,0002,4
3408,1232,امام,0001,4
3409,1232,تیلکوه,0002,4
3410,1232,خورخوره,0003,4
3411,1233,آبیدر,0001,4
3412,1233,آرندان,0002,4
3413,1233,حومه,0004,4
3414,1233,نران,0006,4
3415,1233,سراب قامیش,0007,4
3416,1234,ژاورودغربی,0001,4
3417,1234,کلاترزان,0002,4
3418,1234,نگل,0003,4
3419,1235,حسین آبادجنوبی,0001,4
3420,1235,حسین آبادشمالی,0002,4
3421,1236,ژاورودشرقی,0001,4
3422,1236,میانرود,0002,4
3423,1237,بدر,0001,4
3424,1237,پنجه علی شمالی,0002,4
3425,1237,پنجه علی جنوبی,0003,4
3426,1238,قصلان,0001,4
3427,1238,لک,0002,4
3428,1238,یالغوزآغاج,0003,4
3429,1239,چهاردولی شرقی,0001,4
3430,1239,چهاردولی غربی,0002,4
3431,1240,دلبران,0001,4
3432,1240,مالوجه,0002,4
3433,1241,خاوومیرآباد,0001,4
3434,1242,سرشیو,0001,4
3435,1242,گلچیدر,0002,4
3436,1243,زریوار,0001,4
3437,1243,سرکل,0002,4
3438,1243,کوماسی,0003,4
3439,1244,اوباتو,0001,4
3440,1244,زرینه,0002,4
3441,1244,کانی شیرین,0003,4
3442,1245,چهل چشمه,0001,4
3443,1245,حومه,0003,4
3444,1245,قراتوره,0005,4
3445,1246,سارال,0002,4
3446,1246,کوله,0003,4
3447,1247,بیلوار,0001,4
3448,1247,ژاورود,0002,4
3449,1247,شاهو,0003,4
3450,1248,امیرآباد,0001,4
3451,1248,سورسور,0002,4
3452,1248,عوالان,0003,4
3453,1248,گاورود,0004,4
3454,1249,اورامان تخت,0001,4
3455,1249,شالیار,0002,4
3456,1250,بیساران,0002,4
3457,1250,پایگلان,0003,4
3458,1250,رزآب,0004,4
3459,1250,ژریژه,0005,4
3460,1250,کوسالان,0006,4
3461,1250,دزلی,0007,4
3462,1251,ییلاق شمالی,0001,4
3463,1251,حومه دهگلان,0002,4
3464,1251,قوری چای,0003,4
3465,1252,ییلاق جنوبی,0001,4
3466,1252,سیس,0002,4
3467,1253,قلقل رود,0001,4
3468,1253,کمال رود,0002,4
3469,1253,میان رود,0003,4
3470,1254,حیقوق نبی,0001,4
3471,1254,خرم رود,0002,4
3472,1254,سیدشهاب,0003,4
3473,1254,کرزان رود,0004,4
3474,1255,المهدی,0001,4
3475,1255,ترک غربی,0003,4
3476,1255,جوکار,0004,4
3477,1256,آورزمان,0001,4
3478,1256,حرم رودسفلی,0002,4
3479,1256,سامن,0003,4
3480,1256,سفیدکوه,0004,4
3481,1257,جوزان,0001,4
3482,1257,حرم رودعلیا,0002,4
3483,1257,موزاران,0006,4
3484,1257,کوه سرده,0007,4
3485,1257,ترک شرقی,0008,4
3486,1258,کمازان سفلی,0001,4
3487,1258,کمازان علیا,0002,4
3488,1258,کمازان وسطی,0003,4
3489,1259,خزل شرقی,0001,4
3490,1259,سلگی,0002,4
3491,1260,شعبان,0001,4
3492,1260,طریق الاسلام,0002,4
3493,1260,گاماسیاب,0005,4
3494,1261,فضل,0001,4
3495,1261,گرین,0002,4
3496,1262,سراب,0001,4
3497,1262,گیان,0002,4
3498,1263,جیحون دشت,0001,4
3499,1263,چاه دشت,0002,4
3500,1263,شوردشت,0003,4
3501,1264,ابرو,0001,4
3502,1264,الوندکوه شرقی,0002,4
3503,1264,الوندکوه غربی,0003,4
3504,1264,سنگستان,0004,4
3505,1264,گنبد,0005,4
3506,1264,هگمتانه,0006,4
3507,1265,علیصدر,0001,4
3508,1265,گل تپه,0002,4
3509,1265,مهربان سفلی,0003,4
3510,1266,حاجیلو,0001,4
3511,1266,راهب,0002,4
3512,1266,سبزدشت,0003,4
3513,1266,کوهین,0005,4
3514,1266,سرداران,0007,4
3515,1267,شیرین سو,0001,4
3516,1267,مهربان علیا,0002,4
3517,1268,جلگه,0003,4
3518,1268,چهاردولی,0004,4
3519,1268,دربندرود,0005,4
3520,1268,سیدجمال الدین,0006,4
3521,1269,پیرسلیمان,0001,4
3522,1269,کلیایی,0002,4
3523,1270,سفالگران,0001,4
3524,1270,مهاجران,0002,4
3525,1271,سیمینه رود,0002,4
3526,1271,آبرومند,0004,4
3527,1272,دیمکاران,0001,4
3528,1272,صالح آباد,0002,4
3529,1273,سردرودسفلی,0002,4
3530,1273,سردرودعلیا,0003,4
3531,1274,خرقان,0001,4
3532,1274,رزن,0002,4
3533,1275,بغراطی,0001,4
3534,1275,قینرجه,0002,4
3535,1276,خرمدشت,0001,4
3536,1276,مفتح,0002,4
3537,1277,پیشخور,0001,4
3538,1277,زردشت,0002,4
3539,1278,درگزین شرقی,0001,4
3540,1278,درگزین علیا,0002,4
3541,1279,درگزین سفلی,0001,4
3542,1279,درگزین غربی,0002,4
3543,1280,گندمان,0002,4
3544,1280,دوراهان,0003,4
3545,1281,حومه,0001,4
3546,1282,امامزاده حمزه علی,0001,4
3547,1282,چغاخور,0002,4
3548,1283,حومه,0001,4
3549,1283,طاقانک,0003,4
3550,1284,لار,0001,4
3551,1284,مرغملک,0002,4
3552,1285,میزدج علیا,0002,4
3553,1286,سراب علیا,0001,4
3554,1286,سراب سفلی,0002,4
3555,1287,جونقان,0001,4
3556,1287,میزدج سفلی,0002,4
3557,1288,ریگ,0004,4
3558,1288,میلاس,0007,4
3559,1289,بارز,0001,4
3560,1289,منج,0002,4
3561,1290,سردشت,0001,4
3562,1290,دودراء,0002,4
3563,1291,پشتکوه,0001,4
3564,1291,دیناران,0003,4
3565,1292,میانکوه,0001,4
3566,1292,شلیل,0002,4
3567,1293,بازفت بالا,0001,4
3568,1293,بازفت پایین,0003,4
3569,1294,شورآب تنگزی,0001,4
3570,1294,دشت زرین,0002,4
3571,1294,میان کوه موگویی,0003,4
3572,1295,دوآب,0001,4
3573,1295,شهریاری,0002,4
3574,1296,کیارغربی,0002,4
3575,1296,خراجی,0003,4
3576,1297,ناغان,0001,4
3577,1297,مشایخ,0002,4
3578,1298,کیارشرقی,0001,4
3579,1298,کیار بالا,0002,4
3580,1299,سامان,0001,4
3581,1299,چما,0002,4
3582,1300,هوره,0001,4
3583,1300,زرین,0002,4
3584,1301,حومه,0001,4
3585,1301,وردنجان,0002,4
3586,1302,شیدا,0001,4
3587,1302,زاینده رود جنوبی,0002,4
3588,1303,خانمیرزا,0001,4
3589,1303,جوانمردی,0002,4
3590,1304,ارمند,0001,4
3591,1304,سپیدار,0002,4
3592,1305,فلارد,0001,4
3593,1305,شهریار,0002,4
3594,1306,پروز,0001,4
3595,1306,پشتکوه,0002,4
3596,1307,قهفرخ,0001,4
3597,1308,دستگرد,0001,4
3598,1308,سورک,0002,4
3599,1309,ززشرقی,0001,4
3600,1309,ززغربی,0002,4
3601,1309,ماهرو,0003,4
3602,1310,پاچه لک شرقی,0003,4
3603,1310,خمه,0005,4
3604,1311,پیشکوه ذلقی,0001,4
3605,1311,ذلقی شرقی,0002,4
3606,1311,ذلقی غربی,0003,4
3607,1312,بربرودغربی,0001,4
3608,1312,چشمه پر,0002,4
3609,1313,بربرودشرقی,0001,4
3610,1313,فرسش,0002,4
3611,1314,اشترینان,0001,4
3612,1314,برده سره,0002,4
3613,1314,گودرزی,0003,4
3614,1315,دره صیدی,0001,4
3615,1315,والانجرد,0003,4
3616,1315,همت آباد,0004,4
3617,1316,شیروان شرقی,0001,4
3618,1316,شیروان غربی,0002,4
3619,1317,چم سنگر,0001,4
3620,1317,سپیددشت,0002,4
3621,1317,کشور,0004,4
3622,1317,گریت,0005,4
3623,1317,تنگ هفت,0006,4
3624,1318,بیرانوندجنوبی,0001,4
3625,1318,بیرانوندشمالی,0002,4
3626,1319,رازان,0001,4
3627,1319,زاغه,0002,4
3628,1319,قایدرحمت,0003,4
3629,1320,ازنا,0001,4
3630,1320,ده پیر جنوبی,0002,4
3631,1320,ده پیرشمالی,0003,4
3632,1320,رباط,0004,4
3633,1320,کرگاه غربی,0005,4
3634,1320,کرگاه شرقی,0006,4
3635,1320,کاکاشرف,0007,4
3636,1321,کاکاوندشرقی,0003,4
3637,1321,کاکاوندغربی,0004,4
3638,1322,نورآباد,0005,4
3639,1322,نورعلی,0006,4
3640,1323,خاوه جنوبی,0001,4
3641,1323,خاوه شمالی,0002,4
3642,1324,میریگ جنوبی,0001,4
3643,1324,میریگ شمالی,0002,4
3644,1325,ایتیوندجنوبی,0001,4
3645,1325,ایتیوندشمالی,0002,4
3646,1326,چالانچولان,0001,4
3647,1326,سیلاخور,0002,4
3648,1327,حشمت آباد,0001,4
3649,1327,دورود,0002,4
3650,1327,ژان,0003,4
3651,1328,طرهان شرقی,0002,4
3652,1328,طرهان غربی,0003,4
3653,1329,کوه دشت جنوبی,0001,4
3654,1329,کوه دشت شمالی,0002,4
3655,1329,گل گل,0003,4
3656,1330,زیرتنگ,0001,4
3657,1330,کوهنانی,0002,4
3658,1331,بلوران,0001,4
3659,1331,درب گنبد,0002,4
3660,1332,جاپلق شرقی,0001,4
3661,1332,جاپلق غربی,0002,4
3662,1333,پاچه لک غربی,0001,4
3663,1333,سیلاخورشرقی,0002,4
3664,1334,جایدر شمالی,0001,4
3665,1334,ملاوی,0003,4
3666,1334,میانکوه غربی,0004,4
3667,1335,جایدر جنوبی,0001,4
3668,1335,جلوگیر,0002,4
3669,1336,فیروزآباد,0001,4
3670,1336,قلایی,0002,4
3671,1337,دوآب,0001,4
3672,1337,قلعه مظفری,0002,4
3673,1337,هنام,0003,4
3674,1337,یوسف وند,0004,4
3675,1338,تشکن,0001,4
3676,1338,دوره,0002,4
3677,1339,کشکان شمالی,0001,4
3678,1339,کشکان جنوبی,0002,4
3679,1340,شوراب,0001,4
3680,1340,ویسیان,0002,4
3681,1341,سوری,0001,4
3682,1341,رومیانی,0002,4
3683,1342,رومشکان,0001,4
3684,1342,بازوند,0002,4
3685,1343,معمولان,0001,4
3686,1343,زیودار,0002,4
3687,1344,افرینه,0001,4
3688,1344,میانکوه شرقی,0002,4
3689,1345,ده پایین,0001,4
3690,1345,کشوری,0003,4
3691,1346,میش خاص,0001,4
3692,1346,محمود آباد,0003,4
3693,1347,ارمو,0001,4
3694,1347,زرین دشت,0002,4
3695,1348,کولکنی,0001,4
3696,1348,ماژین,0002,4
3697,1349,سیدابراهیم,0001,4
3698,1349,سیدناصرالدین,0002,4
3699,1350,اناران,0001,4
3700,1351,نهرعنبر,0003,4
3701,1351,دال پری,0004,4
3702,1352,تختان,0001,4
3703,1352,گوراب,0002,4
3704,1353,دشت عباس,0001,4
3705,1353,ابوغویر,0002,4
3706,1354,هلسم,0002,4
3707,1355,شباب,0001,4
3708,1355,زنجیره,0002,4
3709,1356,بیجنوند,0001,4
3710,1356,قلعه,0002,4
3711,1357,آسمان آباد,0001,4
3712,1357,کل کل,0002,4
3713,1358,هجداندشت,0001,4
3714,1359,محسن آب,0001,4
3715,1360,مورموری,0002,4
3716,1360,آب انار,0003,4
3717,1361,ماسبی,0002,4
3718,1361,جابرانصار,0003,4
3719,1362,وچ کبود,0001,4
3720,1362,سراب باغ,0002,4
3721,1363,کلان,0001,4
3722,1363,زرنه,0002,4
3723,1364,سراب,0001,4
3724,1364,نبوت,0002,4
3725,1365,چمزی,0001,4
3726,1365,شوهان,0002,4
3727,1366,گچی,0001,4
3728,1366,کبیرکوه,0002,4
3729,1367,رودبار,0001,4
3730,1367,لومار,0002,4
3731,1368,زنگوان,0001,4
3732,1368,کارزان,0002,4
3733,1369,کلم,0001,4
3734,1369,دوستان,0002,4
3735,1369,علیشروان,0003,4
3736,1370,هندمینی,0001,4
3737,1370,زرانگوش,0002,4
3738,1371,گوران,0001,4
3739,1371,داجیوند,0002,4
3740,1372,زردلان,0001,4
3741,1372,داربید,0002,4
3742,1373,ارکوازی,0001,4
3743,1373,حاجی بختیار,0002,4
3744,1374,بولی,0001,4
3745,1374,چکر,0002,4
3746,1375,دشت روم,0001,4
3747,1375,سررودجنوبی,0003,4
3748,1375,سررودشمالی,0004,4
3749,1375,کاکان,0005,4
3750,1376,لوداب,0001,4
3751,1376,چین,0002,4
3752,1377,چنار,0001,4
3753,1377,کبگیان,0002,4
3754,1378,سپیدار,0001,4
3755,1378,سیوکی,0002,4
3756,1379,طیبی سرحدی شرقی,0003,4
3757,1379,طیبی سرحدی غربی,0004,4
3758,1380,دشمن زیاری,0002,4
3759,1380,دهدشت شرقی,0003,4
3760,1380,دهدشت غربی,0004,4
3761,1381,بهمیی سرحدی شرقی,0001,4
3762,1381,بهمیی سرحدی غربی,0002,4
3763,1381,آجم,0003,4
3764,1382,راک,0001,4
3765,1382,طیبی گرمسیری جنوبی,0002,4
3766,1383,امامزاده جعفر,0001,4
3767,1383,بویراحمدگرمسیری,0002,4
3768,1383,بی بی حکیمه,0003,4
3769,1383,لیشتر,0004,4
3770,1384,پاتاوه,0001,4
3771,1384,سادات محمودی,0002,4
3772,1385,توت نده,0001,4
3773,1385,دنا,0002,4
3774,1386,سرآسیاب یوسفی,0002,4
3775,1386,آب الوان,0003,4
3776,1387,بهمیی گرمسیری جنوبی,0001,4
3777,1387,کفش کنان,0002,4
3778,1388,بهمیی گرمسیری شمالی,0001,4
3779,1388,رود تلخ,0002,4
3780,1389,چرام,0001,4
3781,1389,الغچین,0002,4
3782,1390,سرفاریاب,0001,4
3783,1390,پشته ذیلایی,0002,4
3784,1391,سرابیز,0001,4
3785,1391,کوه مره خامی,0002,4
3786,1392,بابویی,0001,4
3787,1392,تلخاب,0002,4
3788,1393,طیبی گرمسیری شمالی,0001,4
3789,1393,عالی طیب,0002,4
3790,1394,شیتاب,0001,4
3791,1394,وحدت,0002,4
3792,1395,مارگون,0002,4
3793,1395,دالون,0003,4
3794,1396,شورم,0001,4
3795,1396,زیلایی,0002,4
3796,1398,انگالی,0001,4
3797,1398,حومه,0002,4
3798,1399,دویره,0001,4
3799,1399,چاه کوتاه,0002,4
3800,1400,بوالخیر,0001,4
3801,1400,دلوار,0002,4
3802,1401,اهرم,0001,4
3803,1401,باغک,0002,4
3804,1402,زیرراه,0001,4
3805,1402,وحدتیه,0002,4
3806,1403,شبانکاره,0002,4
3807,1404,حومه,0003,4
3808,1404,دالکی,0004,4
3809,1404,زیارت,0005,4
3810,1405,ارم,0001,4
3811,1405,دهرود,0002,4
3812,1406,بوشکان,0001,4
3813,1406,پشتکوه,0002,4
3814,1407,درواهی,0001,4
3815,1407,دشتی اسماعیل خانی,0002,4
3816,1408,چغاپور,0001,4
3817,1408,کاکی,0002,4
3818,1408,کبگان,0003,4
3819,1409,خورموج,0001,4
3820,1409,مرکزئ,0003,4
3821,1410,شنبه,0001,4
3822,1410,طسوج,0002,4
3823,1411,بردخون,0001,4
3824,1411,آبکش,0003,4
3825,1412,حومه,0002,4
3826,1412,اولی,0003,4
3827,1413,آبدان,0001,4
3828,1413,سرمستان,0002,4
3829,1414,حومه,0004,4
3830,1414,تمبک,0005,4
3831,1415,طاهری,0001,4
3832,1415,شیرینو,0002,4
3833,1416,رودحله,0001,4
3834,1417,حیات داود,0001,4
3835,1418,لیراوئ جنوبی,0001,4
3836,1418,لیراوئ میانی,0002,4
3837,1419,لیراوئ شمالی,0001,4
3838,1419,حومه,0002,4
3839,1420,انارستان,0001,4
3840,1420,ریز,0002,4
3841,1420,تشان,0003,4
3842,1421,جم,0001,4
3843,1421,کورئ,0002,4
3844,1422,عسلویه,0001,4
3845,1422,اخند,0002,4
3846,1423,نای بند,0001,4
3847,1423,چاه مبارک,0002,4
3848,1424,ابهررود,0001,4
3849,1424,حومه,0002,4
3850,1424,درسجین,0003,4
3851,1424,دولت آباد,0004,4
3852,1424,صایین قلعه,0005,4
3853,1425,شیوانات,0001,4
3854,1425,قشلاقات افشار,0002,4
3855,1426,بزینه رود,0001,4
3856,1426,زرینه رود,0002,4
3857,1427,خرارود,0003,4
3858,1427,سهرورد,0005,4
3859,1427,کرسف,0006,4
3860,1428,آق بلاغ,0001,4
3861,1428,سجاس رود,0002,4
3862,1429,توپقره,0001,4
3863,1429,حومه,0002,4
3864,1430,چایپاره بالا,0001,4
3865,1430,زنجانرودپایین,0003,4
3866,1430,چایپاره پایین,0004,4
3867,1430,غنی بیگلو,0005,4
3868,1431,بناب,0003,4
3869,1431,بوغداکندی,0004,4
3870,1431,تهم,0005,4
3871,1431,زنجانرودبالا,0006,4
3872,1431,معجزات,0010,4
3873,1431,قلتوق,0011,4
3874,1432,قره پشتلوبالا,0001,4
3875,1432,قره پشتلوپایین,0002,4
3876,1432,سهرین,0003,4
3877,1433,ایجرودپایین,0001,4
3878,1434,ایجرودبالا,0001,4
3879,1434,گلابر,0002,4
3880,1434,سعیدآباد,0003,4
3881,1435,الوند,0001,4
3882,1435,خرمدره,0002,4
3883,1436,چورزق,0001,4
3884,1436,دستجرده,0002,4
3885,1437,آب بر,0001,4
3886,1437,درام,0002,4
3887,1438,گیلوان,0001,4
3888,1438,تشویر,0002,4
3889,1439,انگوران,0001,4
3890,1439,قلعه جوق,0002,4
3891,1440,اوریاد,0001,4
3892,1440,قزل گچیلو,0004,4
3893,1440,ماه نشان,0005,4
3894,1441,سنبل آباد,0001,4
3895,1441,سلطانیه,0002,4
3896,1442,گوزل دره,0001,4
3897,1442,قره بلاغ,0002,4
3898,1443,قهاب رستاق,0001,4
3899,1443,قهاب صرصر,0002,4
3900,1443,تویه دروار,0003,4
3901,1444,حومه,0001,4
3902,1444,دامنکوه,0002,4
3903,1444,رودبار,0003,4
3904,1445,حومه,0001,4
3905,1446,خرقان,0001,4
3906,1446,کلاته های غربی,0002,4
3907,1447,بیارجمند,0001,4
3908,1447,خوارتوران,0002,4
3909,1448,حومه,0001,4
3910,1448,دهملا,0002,4
3911,1448,طرود,0003,4
3912,1449,ایوانکی,0002,4
3913,1450,حومه,0001,4
3914,1450,لجران,0004,4
3915,1451,پشتکوه,0001,4
3916,1451,چاشم,0002,4
3917,1452,درجزین,0001,4
3918,1453,یاتری,0001,4
3919,1453,حسین آباد کردها,0002,4
3920,1454,کهن آباد,0001,4
3921,1454,فروان,0002,4
3922,1455,میامی,0001,4
3923,1455,فرومد,0002,4
3924,1455,کلاته های شرقی,0003,4
3925,1456,رضوان,0001,4
3926,1456,نردین,0002,4
3927,1457,لاسگرد,0001,4
3928,1457,هفدر,0002,4
3929,1458,رباطات,0002,4
3930,1458,زرین,0003,4
3931,1459,محمدیه,0002,4
3932,1460,عقدا,0001,4
3933,1460,نارستان,0002,4
3934,1461,مبارکه,0001,4
3935,1461,سبزدشت,0002,4
3936,1461,کوشک,0003,4
3937,1462,پیشکوه,0001,4
3938,1462,شیرکوه,0002,4
3939,1462,علی‌آباد,0003,4
3940,1462,نصرآباد,0004,4
3941,1462,دهشیر,0005,4
3942,1463,بنادکوک,0001,4
3943,1463,زردین,0002,4
3944,1463,سخوید,0004,4
3945,1464,گاریزات,0001,4
3946,1464,کهدوئیه,0002,4
3947,1465,ارنان,0001,4
3948,1465,تنگ چنار,0002,4
3949,1465,خورمیز,0003,4
3950,1465,میانکوه,0004,4
3951,1465,بهادران,0005,4
3952,1466,فجر,0002,4
3953,1466,فهرج,0003,4
3954,1467,دهنو,0001,4
3955,1467,اکرم آباد,0002,4
3956,1468,شهدا,0002,4
3957,1469,ندوشن,0001,4
3958,1469,صدرآباد,0002,4
3959,1470,بفروییه,0001,4
3960,1470,درین,0002,4
3961,1471,اسفندار,0001,4
3962,1471,مهرآباد,0002,4
3963,1472,تیرجرد,0001,4
3964,1472,فراغه,0002,4
3965,1473,کذاب,0001,4
3966,1474,رستاق,0001,4
3967,1475,فتح‌آباد,0002,4
3968,1476,چاهک,0001,4
3969,1476,شهریاری,0002,4
3970,1477,آسفیج,0001,4
3971,1477,بنستان,0002,4
3972,1478,جلگه,0001,4
3973,1479,ایثار,0001,4
3974,1479,توتک,0002,4
3975,1480,هرابرجان,0001,4
3976,1480,مبارکه,0002,4
3977,1481,محمدآباد,0001,4
3978,1482,اله آباد,0001,4
3979,1482,دربید,0002,4
3980,1483,تنب,0001,4
3981,1484,سیری,0003,4
3982,1485,فین,0002,4
3983,1485,گهره,0003,4
3984,1486,ایسین,0001,4
3985,1486,تازیان,0002,4
3986,1486,گچین,0005,4
3987,1486,سیاهو,0007,4
3988,1486,سرخون,0008,4
3989,1487,تخت,0001,4
3990,1487,جلابی,0003,4
3991,1488,قلعه قاضی,0002,4
3992,1488,دهنو,0003,4
3993,1490,حسن لنگی,0001,4
3994,1490,شمیل,0002,4
3995,1491,بندر چارک,0001,4
3996,1491,مقام,0002,4
3997,1492,کیش,0002,4
3998,1492,لاوان,0003,4
3999,1493,حومه,0001,4
4000,1493,مغویه,0003,4
4001,1494,مهران,0001,4
4002,1494,دژگان,0002,4
4003,1495,سوزا,0002,4
4004,1495,هنگام,0004,4
4005,1496,حومه,0001,4
4006,1496,رمکان,0002,4
4007,1496,لارک,0003,4
4008,1497,دولاب,0001,4
4009,1497,صلخ,0002,4
4010,1498,بندر,0001,4
4011,1498,درپهن,0002,4
4012,1498,سندرک,0003,4
4013,1499,حومه,0003,4
4014,1499,گوربند,0005,4
4015,1500,توکهور,0001,4
4016,1500,چراغ آباد,0002,4
4017,1501,بند زرک,0001,4
4018,1501,کرگان,0002,4
4019,1502,تیاب,0001,4
4020,1502,سرباران,0002,4
4021,1503,کریان,0001,4
4022,1503,تلنگ,0002,4
4023,1504,جاسک,0001,4
4024,1504,کنگان,0003,4
4025,1504,گابریک,0004,4
4026,1505,پی وشک,0001,4
4027,1505,سورک,0002,4
4028,1506,رودخانه,0001,4
4029,1506,مسافرآباد,0002,4
4030,1506,رودخانه بر,0003,4
4031,1507,آب نما,0001,4
4032,1507,فاریاب,0003,4
4033,1507,راهدار,0006,4
4034,1507,برنطین,0007,4
4035,1508,جغین شمالی,0001,4
4036,1508,جغین جنوبی,0002,4
4037,1509,بیکاه,0001,4
4038,1509,اسلام آباد,0003,4
4039,1510,فارغان,0002,4
4040,1510,آشکارا,0003,4
4041,1511,درآگاه,0001,4
4042,1511,طارم,0002,4
4043,1512,احمدی,0001,4
4044,1512,کوه شاه,0002,4
4045,1513,جناح,0001,4
4046,1513,فرامرزان,0002,4
4047,1514,ده تل,0001,4
4048,1514,فتویه,0002,4
4049,1514,گوده,0003,4
4050,1515,کوخرد,0001,4
4051,1515,هرنگ,0002,4
4052,1516,رودبار,0001,4
4053,1516,رویدر,0002,4
4054,1517,خمیر,0001,4
4055,1517,کشار,0003,4
4056,1518,کهورستان,0001,4
4057,1518,لاتیدان,0002,4
4058,1519,بهدشت,0001,4
4059,1519,کوشکنار,0002,4
4060,1520,بوچیر,0001,4
4061,1520,مهرگان,0002,4
4062,1521,بمانی,0001,4
4063,1521,شهمردی,0002,4
4064,1522,بیابان,0001,4
4065,1522,سیریک,0002,4
4066,1523,جکدان,0001,4
4067,1523,سردشت,0002,4
4068,1524,گوهران,0001,4
4069,1524,درآبسر,0002,4
4070,1525,گافر,0001,4
4071,1525,پارمون,0002,4
4072,1526,سولقان,0001,4
4073,1527,سیاهرود,0001,4
4074,1528,آفتاب,0001,4
4075,1528,خلازیر,0002,4
4076,1529,ابرشیوه,0001,4
4077,1529,تاررود,0003,4
4078,1529,جمع‌آبرود,0004,4
4079,1530,آبعلی,0001,4
4080,1530,مهرآباد,0002,4
4081,1531,حسن‌آباد,0001,4
4082,1531,کلین,0003,4
4083,1532,کهریزک,0002,4
4084,1533,غنی‌آباد,0002,4
4085,1533,عظیمیه,0003,4
4086,1534,خاوران شرقی,0001,4
4087,1534,خاوران‌غربی,0002,4
4088,1535,قلعه‌نو,0001,4
4089,1535,چاله‌طرخان,0002,4
4090,1536,رودبارقصران,0001,4
4091,1537,لواسان‌بزرگ,0001,4
4092,1537,لواسان‌کوچک,0002,4
4093,1538,بهنام عرب جنوبی,0001,4
4094,1538,بهنام وسط‌جنوبی,0002,4
4095,1539,بهنام پازوکی جنوبی,0001,4
4096,1539,بهنام وسط شمالی,0003,4
4097,1540,رزکان,0004,4
4098,1540,قایم‌آباد,0006,4
4099,1540,مویز,0008,4
4100,1540,سعیدآباد,0009,4
4101,1541,جوقین,0001,4
4102,1541,فردوس,0002,4
4103,1542,چهاردانگه,0001,4
4104,1542,فیروزبهرام,0002,4
4105,1543,ده عباس,0001,4
4106,1543,بهرام‌آباد,0004,4
4107,1544,احمدآباد مستوفی,0001,4
4108,1544,چیچکلو,0002,4
4109,1545,امامزاده ابوطالب,0001,4
4110,1545,منجیل‌آباد,0002,4
4111,1545,وهن‌آباد,0003,4
4112,1546,جمال‌آباد,0001,4
4113,1546,شریف‌آباد,0002,4
4114,1546,کریم‌آباد,0003,4
4115,1547,حصارامیر,0001,4
4116,1547,فرون‌آباد,0002,4
4117,1547,فیلستان,0003,4
4118,1548,قزقانچای,0002,4
4119,1548,دوبلوک,0003,4
4120,1549,پشتکوه,0001,4
4121,1549,شهرآباد,0002,4
4122,1549,حبلرود,0003,4
4123,1550,دانش,0001,4
4124,1550,هفت‌جوی,0002,4
4125,1551,ملاردشمالی,0001,4
4126,1551,ملاردجنوبی,0002,4
4127,1552,بی بی سکینه,0001,4
4128,1552,اخترآباد,0002,4
4129,1553,پیشوا,0001,4
4130,1553,عسگریه,0002,4
4131,1554,جلیل‌آباد,0001,4
4132,1554,طارند بالا,0002,4
4133,1555,میمنت,0001,4
4134,1555,صالح‌آباد,0002,4
4135,1556,اسماعیل‌آباد,0001,4
4136,1556,همدانک,0002,4
4137,1557,گلخندان,0001,4
4138,1557,طاهرآباد,0003,4
4139,1558,جاجرود,0001,4
4140,1558,سعیدآباد,0002,4
4141,1559,باغ کمش,0001,4
4142,1559,کرشت,0002,4
4143,1560,قشلاق‌جیتو,0001,4
4144,1560,ولی‌آباد,0002,4
4145,1561,ارشق شرقی,0001,4
4146,1561,بالغلو,0002,4
4147,1561,سردابه,0004,4
4148,1561,شرقی,0005,4
4149,1561,کلخوران,0007,4
4150,1562,فولادلوی جنوبی,0001,4
4151,1562,فولادلوی شمالی,0002,4
4152,1562,هیر,0003,4
4153,1563,غربی,0001,4
4154,1563,دوجاق,0002,4
4155,1564,انجیرلو,0001,4
4156,1564,گوگ تپه,0004,4
4157,1565,قشلاق جنوبی,0001,4
4158,1565,قشلاق شرقی,0002,4
4159,1566,خورش رستم جنوبی,0001,4
4160,1566,خورش رستم شمالی,0002,4
4161,1567,پلنگا,0001,4
4162,1567,شال,0002,4
4163,1567,شاهرود,0003,4
4164,1568,خانندبیل شرقی,0001,4
4165,1568,خانندبیل غربی,0002,4
4166,1568,سنجبدشرقی,0003,4
4167,1569,ارشق شمالی,0001,4
4168,1569,ارشق مرکزی,0003,4
4169,1570,دشت,0001,4
4170,1570,مشگین شرقی,0005,4
4171,1571,قره سو,0001,4
4172,1571,لاهرود,0002,4
4173,1571,نقدی,0003,4
4174,1572,ارشق غربی,0001,4
4175,1572,صلوات,0002,4
4176,1572,یافت,0003,4
4177,1573,شعبان,0001,4
4178,1573,مشگین غربی,0002,4
4179,1574,اجارودغربی,0002,4
4180,1574,اجارودمرکزی,0003,4
4181,1574,انی,0004,4
4182,1574,اجارودشمالی,0005,4
4183,1574,پایین برزند,0006,4
4184,1575,اجارودشرقی,0001,4
4185,1575,آزادلو,0002,4
4186,1576,ساوالان,0003,4
4187,1576,اولتان,0004,4
4188,1577,محمودآباد,0001,4
4189,1577,تازه کند,0002,4
4190,1578,اسلام آباد,0001,4
4191,1578,شهرک,0002,4
4192,1579,سنجبدشمالی,0001,4
4193,1579,سنجبدغربی,0002,4
4194,1580,زرج آباد,0001,4
4195,1580,سنجبدجنوبی,0002,4
4196,1581,ویلکیج جنوبی,0001,4
4197,1581,ویلکیج مرکزی,0002,4
4198,1582,دولت آباد,0001,4
4199,1582,گرده,0003,4
4200,1582,ویلکیج شمالی,0004,4
4201,1583,عنبران,0001,4
4202,1583,میناباد,0002,4
4203,1584,دورسونخواجه,0001,4
4204,1584,رضاقلی قشلاق,0002,4
4205,1584,یورتچی غربی,0003,4
4206,1585,مهماندوست,0001,4
4207,1585,یورتچی شرقی,0002,4
4208,1586,آب گرم,0001,4
4209,1586,الوارس,0002,4
4210,1587,سبلان,0001,4
4211,1587,ارجستان,0002,4
4212,1588,اصلاندوز غربی,0001,4
4213,1588,اصلاندوز شرقی,0003,4
4214,1589,بران,0001,4
4215,1589,قشلاق غربی,0002,4
4216,1590,انگوت شرقی,0001,4
4217,1590,انگوت غربی,0002,4
4218,1591,دره رود شمالی,0001,4
4219,1591,دره رود جنوبی,0002,4
4220,1592,دستجرد,0001,4
4221,1593,قمرود,0002,4
4222,1593,قنوات,0003,4
4223,1594,راهجردشرقی,0001,4
4224,1594,نیزار,0002,4
4225,1595,جعفرآباد,0001,4
4226,1595,باقرآباد,0002,4
4227,1596,قاهان,0001,4
4228,1596,کهندان,0002,4
4229,1597,کرمجگان,0001,4
4230,1597,کهک,0002,4
4231,1598,فردو,0001,4
4232,1598,خاوه,0002,4
4233,1599,ابراهیم آباد,0001,4
4234,1599,رامندجنوبی,0002,4
4235,1600,زین آباد,0001,4
4236,1600,قلعه هاشم,0002,4
4237,1601,زهرای بالا,0003,4
4238,1601,زهرای پایین,0004,4
4239,1601,سگزآباد,0005,4
4240,1602,دشتابی شرقی,0001,4
4241,1602,دشتابی غربی,0002,4
4242,1603,اک,0001,4
4243,1603,خرم آباد,0002,4
4244,1604,افشاریه,0001,4
4245,1604,رامندشمالی,0002,4
4246,1605,دودانگه سفلی,0001,4
4247,1605,دودانگه علیا,0002,4
4248,1606,قاقازان شرقی,0001,4
4249,1606,قاقازان غربی,0002,4
4250,1606,نرجه,0003,4
4251,1607,الموت بالا,0001,4
4252,1607,الموت پایین,0002,4
4253,1607,معلم کلایه,0003,4
4254,1608,رودبار شهرستان,0001,4
4255,1608,رودبار محمدزمانی,0002,4
4256,1608,دستجرد,0003,4
4257,1609,چوقور,0001,4
4258,1609,خندان,0002,4
4259,1609,کوهگیر,0003,4
4260,1609,نیارک,0004,4
4261,1610,اقبال شرقی,0001,4
4262,1610,اقبال غربی,0002,4
4263,1611,ایلات قاقازان شرقی,0001,4
4264,1611,ایلات قاقازان غربی,0002,4
4265,1612,بشاریات شرقی,0001,4
4266,1612,بشاریات غربی,0002,4
4267,1613,زیاران,0001,4
4268,1613,کوهپایه شرقی,0002,4
4269,1613,کوهپایه غربی,0003,4
4270,1614,حصارخروان,0001,4
4271,1614,شریف آباد,0002,4
4272,1615,پیریوسفیان,0001,4
4273,1615,نصرت آباد,0002,4
4274,1616,حصارولیعصر,0001,4
4275,1616,خرقان غربی,0002,4
4276,1616,شهیدآباد,0003,4
4277,1617,آبگرم,0001,4
4278,1617,خرقان شرقی,0002,4
4279,1618,انزان شرقی,0001,4
4280,1618,انزان غربی,0002,4
4281,1619,بنفشه تپه,0001,4
4282,1619,لیوان,0002,4
4283,1620,جعفربای جنوبی,0001,4
4284,1620,فراغی,0002,4
4285,1621,قره سو غربی,0001,4
4286,1621,قره سو شرقی,0002,4
4287,1622,کتول,0002,4
4288,1622,زرین گل,0003,4
4289,1623,استرآباد,0001,4
4290,1623,شیرنگ,0002,4
4291,1624,چهارکوه,0001,4
4292,1624,سدن رستاق شرقی,0002,4
4293,1624,سدن رستاق غربی,0003,4
4294,1625,استرآباد جنوبی,0001,4
4295,1625,انجیرآب,0003,4
4296,1625,روشن آباد,0004,4
4297,1626,استرآباد شمالی,0001,4
4298,1626,قرق,0002,4
4299,1627,اترک,0001,4
4300,1627,کرند,0002,4
4301,1628,آق آباد,0001,4
4302,1628,باغلی ماراما,0002,4
4303,1628,فجر,0003,4
4304,1628,سلطانعلی,0004,4
4305,1629,چهل چای,0001,4
4306,1629,قلعه قافه,0002,4
4307,1630,گرو,0001,4
4308,1630,سرگل,0002,4
4309,1631,مزرعه جنوبی,0001,4
4310,1631,مزرعه شمالی,0002,4
4311,1632,آق التین,0001,4
4312,1632,شیخ موسی,0002,4
4313,1632,گرگان بوی,0003,4
4314,1633,آق سو,0001,4
4315,1633,تمران,0002,4
4316,1633,کنگور,0004,4
4317,1634,زاوکوه,0001,4
4318,1634,عرب داغ,0002,4
4319,1635,چشمه ساران,0001,4
4320,1635,خرمارود جنوبی,0002,4
4321,1636,خرمارود شمالی,0001,4
4322,1636,نظام آباد,0002,4
4323,1637,فندرسک جنوبی,0001,4
4324,1637,فندرسک شمالی,0002,4
4325,1638,دلند,0001,4
4326,1638,قلعه میران,0003,4
4327,1639,مراوه تپه,0001,4
4328,1639,پالیزان,0002,4
4329,1640,گلی داغ,0001,4
4330,1640,شلمی,0002,4
4331,1641,جعفربای غربی,0001,4
4332,1641,نفتلیجه,0002,4
4333,1642,جعفربای شرقی,0001,4
4334,1642,قزل آلان,0002,4
4335,1643,ینقاق,0001,4
4336,1643,نیلکوه,0002,4
4337,1644,قراولان,0001,4
4338,1644,گلستان,0002,4
4339,1645,آذری,0001,4
4340,1645,رویین,0004,4
4341,1645,میلانلو,0005,4
4342,1646,زرق آباد,0001,4
4343,1646,دامن کوه,0002,4
4344,1647,آلاداغ,0001,4
4345,1647,باباامان,0002,4
4346,1647,بدرانلو,0003,4
4347,1648,گرمخان,0001,4
4348,1648,گیفان,0002,4
4349,1649,چهارده سنخواست,0001,4
4350,1649,دربند,0002,4
4351,1650,شوقان,0001,4
4352,1650,طبر,0002,4
4353,1651,میان دشت,0002,4
4354,1652,تکمران,0001,4
4355,1652,جیرستان,0002,4
4356,1653,حومه,0001,4
4357,1653,زوارم,0002,4
4358,1653,زیارت,0003,4
4359,1653,سیوکانلو,0004,4
4360,1653,گلیان,0005,4
4361,1654,قوشخانه بالا,0001,4
4362,1654,قوشخانه پایین,0002,4
4363,1655,تیتکانلو,0001,4
4364,1655,حصار,0002,4
4365,1656,سنگر,0001,4
4366,1656,شاه جهان,0002,4
4367,1656,فاروج,0003,4
4368,1657,آلمه,0001,4
4369,1657,قاضی,0002,4
4370,1658,جیرانسو,0001,4
4371,1658,حومه,0002,4
4372,1659,گلستان,0001,4
4373,1659,بالا دشت,0002,4
4374,1660,راز,0001,4
4375,1660,باغلق,0002,4
4376,1661,غلامان,0001,4
4377,1661,راستقان,0002,4
4378,1662,جرگلان,0001,4
4379,1662,حصارچه,0002,4
4380,1663,صفی آباد,0001,4
4381,1663,دهنه شیرین,0002,4
4382,1664,بام,0001,4
4383,1664,ساریگل,0002,4
4384,1665,اترک,0001,4
4385,1665,عشق آباد,0002,4
4386,1666,شیرین سو,0001,4
4387,1666,کهنه جلگه,0002,4
4388,1667,القورات,0001,4
4389,1667,شاخنات,0003,4
4390,1667,فشارود,0004,4
4391,1667,کاهشنگ,0005,4
4392,1667,شاخن,0007,4
4393,1667,باقران,0008,4
4394,1668,قهستان,0002,4
4395,1668,کوشکک,0003,4
4396,1669,طبس مسینا,0001,4
4397,1669,گزیک,0002,4
4398,1670,درمیان,0001,4
4399,1670,نوغاب,0003,4
4400,1671,فخررود,0001,4
4401,1671,میاندشت,0002,4
4402,1672,مومن آباد,0002,4
4403,1672,غیناب,0003,4
4404,1673,مود,0001,4
4405,1673,نهارجان,0002,4
4406,1674,لانو,0001,4
4407,1674,درح,0002,4
4408,1675,پیشکوه,0001,4
4409,1675,قاین,0002,4
4410,1675,مهیار,0003,4
4411,1676,کرغند,0002,4
4412,1676,نیمبلوک,0003,4
4413,1677,آفریز,0001,4
4414,1677,پسکوه,0002,4
4415,1677,سده,0003,4
4416,1678,شوسف,0001,4
4417,1678,گرم تمام ده,0003,4
4418,1679,بندان,0001,4
4419,1679,میغان,0002,4
4420,1679,نه,0003,4
4421,1680,عربخانه,0001,4
4422,1680,سهل آباد,0002,4
4423,1680,سیدال,0003,4
4424,1681,آیسک,0001,4
4425,1681,مصعبی,0002,4
4426,1682,دوکوهه,0001,4
4427,1682,سه قلعه,0002,4
4428,1683,باغستان,0001,4
4429,1683,برون,0002,4
4430,1684,حومه,0001,4
4431,1685,علی جمال,0001,4
4432,1685,کرند,0002,4
4433,1686,ارسک,0001,4
4434,1686,رقه,0002,4
4435,1687,پترگان,0001,4
4436,1687,زیرکوه,0002,4
4437,1688,افین,0001,4
4438,1688,زهان,0002,4
4439,1689,شاسکوه,0001,4
4440,1689,بهناباد,0002,4
4441,1690,خوسف,0001,4
4442,1690,خور,0002,4
4443,1691,براکوه,0001,4
4444,1691,جلگه ماژان,0002,4
4445,1691,قلعه زری,0003,4
4446,1692,پیرحاجات,0001,4
4447,1692,گلشن,0002,4
4448,1692,منتظریه,0003,4
4449,1692,نخلستان,0004,4
4450,1693,دیهوک,0001,4
4451,1693,کویر,0002,4
4452,1694,دستگردان,0001,4
4453,1694,ده محمد,0003,4
4454,1695,کوه یخاب,0001,4
4455,1695,چاه مسافر,0002,4
4456,1696,گرمدره,0001,4
4457,1696,محمدآباد,0002,4
4458,1696,کمال آباد,0003,4
4459,1697,آدران,0001,4
4460,1697,آسارا,0002,4
4461,1697,نساء,0003,4
4462,1698,سعیدآباد,0001,4
4463,1698,هیو,0002,4
4464,1699,برغان,0001,4
4465,1699,چندار,0002,4
4466,1700,احمدآباد,0001,4
4467,1700,جمال الدین,0002,4
4468,1700,نجم آباد,0003,4
4469,1701,تنکمان جنوبی,0001,4
4470,1701,تنکمان شمالی,0002,4
4471,1702,میان طالقان,0001,4
4472,1702,پایین طالقان,0002,4
4473,1703,جوستان,0001,4
4474,1703,کنار رود,0002,4
4475,1704,صحت آباد,0001,4
4476,1704,ایپک,0002,4
4477,1705,پلنگ آباد,0001,4
4478,1705,جارو,0002,4
4479,1706,فردیس,0001,4
4480,1706,وحدت,0002,4
4481,1707,مشکین‌آباد,0001,4
4482,1707,فرخ‌آباد,0002,4
4483,1708,چهاردانگه,0001,4
4484,1708,عرب آباد افشار,0002,4
4485,1709,رامجین,0001,4
4486,1709,اغلان تپه,0002,4
4487,517,اراک,1101,5
4488,517,داودآباد,2536,5
4489,518,ساروق,2074,5
4490,519,کارچان,1600,5
4491,520,آشتیان,1103,5
4492,521,تفرش,1104,5
4493,522,خمین,1105,5
4494,523,قورچی باشی,2541,5
4495,524,دلیجان,1106,5
4496,524,نراق,1107,5
4497,525,ساوه,1110,5
4498,525,آوه,2827,5
4499,526,غرق آباد,1111,5
4500,526,نوبران,2137,5
4501,527,آستانه,1112,5
4502,527,شازند,1113,5
4503,528,هندودر,2380,5
4504,529,توره,2582,5
4505,530,شهباز,2774,5
4506,531,مهاجران,2032,5
4507,532,محلات,1115,5
4508,532,نیمور,1116,5
4509,533,رازقان,2378,5
4510,534,مامونیه,1109,5
4511,534,خشکرود,2017,5
4512,534,پرندک,2228,5
4513,535,زاویه,1108,5
4514,536,کمیجان,1102,5
4515,537,میلاجرد,2379,5
4516,538,جاورسیان,2073,5
4517,539,خنداب,2304,5
4518,540,فرمهین,2136,5
4519,541,خنجین,2773,5
4520,541,تلخاب,2941,5
4521,542,آستارا,1117,5
4522,543,لوندویل,2583,5
4523,544,کیاشهر,1118,5
4524,545,آستانه اشرفیه,1119,5
4525,546,بندرانزلی,1120,5
4526,547,هشتپر (تالش),1124,5
4527,548,لیسار,2381,5
4528,549,اسالم,2382,5
4529,550,حویق,2584,5
4530,550,چوبر,2585,5
4531,552,سنگر,1130,5
4532,553,کوچصفهان,1127,5
4533,553,لولمان,2075,5
4534,554,لشت نشاء,1128,5
4535,555,پیربازار,1007,5
4536,555,رشت,1129,5
4537,556,خشکبیجار,1125,5
4538,557,توتکابن,2229,5
4539,558,جیرنده,2138,5
4540,559,رودبار,1132,5
4541,559,منجیل,1133,5
4542,559,رستم آباد,2139,5
4543,560,بره سر,2383,5
4544,561,لوشان,1131,5
4545,562,رحیم آباد,1136,5
4546,563,رودسر,1137,5
4547,564,چابکسر,1135,5
4548,565,کلاچای,1138,5
4549,565,واجارگاه,1139,5
4550,566,مرجقل,2140,5
4551,567,صومعه سرا,1140,5
4552,568,گوراب زرمیخ,2328,5
4553,569,طاهرگوراب,1058,5
4554,570,ضیابر,1059,5
4555,571,فومن,1142,5
4556,572,ماسوله,1143,5
4557,572,ماکلوان,2804,5
4558,573,لنگرود,1145,5
4559,573,چاف و چمخاله,2076,5
4560,574,اطاقور,2385,5
4561,575,کومله,1144,5
4562,575,شلمان,2141,5
4563,576,لاهیجان,1147,5
4564,577,رودبنه,2386,5
4565,578,احمد سرگوراب,2387,5
4566,579,شفت,1141,5
4567,580,رانکوه,2519,5
4568,581,املش,1134,5
4569,582,پره سر,1121,5
4570,583,رضوانشهر,1122,5
4571,584,دیلمان,2329,5
4572,585,سیاهکل,1146,5
4573,586,بازار جمعه,2510,5
4574,587,ماسال,1123,5
4575,588,خمام,1126,5
4576,589,چوکام,1060,5
4577,590,رینه,1148,5
4578,590,گزنک,2388,5
4579,591,آمل,1149,5
4580,592,دابودشت,2586,5
4581,593,امامزاده عبدالله,2772,5
4582,594,بابکان,2875,5
4583,595,خوش رودپی,2389,5
4584,596,امیرکلا,1153,5
4585,596,بابل,1154,5
4586,597,گلوگاه,2390,5
4587,598,مرزیکلا,2391,5
4588,599,زرگر,2392,5
4589,600,گتاب,2587,5
4590,601,بهشهر,1158,5
4591,601,رستمکلا,1159,5
4592,601,خلیل شهر,2647,5
4593,603,شیرود,1100,5
4594,603,تنکابن,1161,5
4595,604,نشتارود,1166,5
4596,605,خرم آباد,1162,5
4597,607,رامسر,1167,5
4598,607,کتالم و سادات شهر,1168,5
4599,608,دالخانی,1069,5
4600,609,کیاسر,2170,5
4601,610,فریم,2588,5
4602,611,ساری,1169,5
4603,612,پایین هولار,2746,5
4604,613,اکند,1006,5
4605,614,فرح آباد,2874,5
4606,615,آلاشت,1170,5
4607,615,پل سفید,1171,5
4608,616,زیرآب,1172,5
4609,617,قایم شهر,1176,5
4610,617,ارطه,2747,5
4611,618,بلده,2396,5
4612,619,چمستان,2119,5
4613,620,نور,1189,5
4614,620,رویان,1193,5
4615,620,ایزدشهر,2648,5
4616,621,پول,2713,5
4617,621,کجور,2779,5
4618,622,نوشهر,1194,5
4619,623,بابلسر,1151,5
4620,624,بهنمیر,2393,5
4621,625,هادی شهر,2394,5
4622,626,سرخرود,2395,5
4623,627,محمودآباد,1150,5
4624,628,نکا,1160,5
4625,630,چالوس,1190,5
4626,630,هچیرود,2748,5
4627,631,مرزن آباد,1192,5
4628,632,کوهی خیل,2397,5
4629,633,جویبار,1175,5
4630,634,لاریم,1093,5
4631,636,گلوگاه,1157,5
4632,637,آستانه سرا,1039,5
4633,638,فریدونکنار,1152,5
4634,639,عباس آباد,1164,5
4635,640,سلمان شهر,1163,5
4636,641,کلارآباد,1165,5
4637,642,سورک,2305,5
4638,643,طبقده,2931,5
4639,644,کیاکلا,1177,5
4640,646,شیرگاه,1173,5
4641,648,کلاردشت,1191,5
4642,649,اهر,1200,5
4643,651,تبریز,1214,5
4644,651,سردرود,1215,5
4645,652,اسفهلان,1067,5
4646,652,لاهیجان,1068,5
4647,652,خسروشاه,1206,5
4648,653,باسمنج,1213,5
4649,654,سراب,1220,5
4650,655,مهربان,1216,5
4651,655,شربیان,2330,5
4652,655,دوزدوزان,2399,5
4653,656,مراغه,1223,5
4654,657,خداجو(خراجو),2331,5
4655,658,زنوز,1227,5
4656,658,مرند,1228,5
4657,658,بناب مرند,2589,5
4658,659,یامچی,2400,5
4659,660,دیزج حسین بیگ,1026,5
4660,660,کشکسرای,2143,5
4661,661,آقکند,2401,5
4662,662,ترک,2402,5
4663,663,میانه,1233,5
4664,663,اچاچی,2842,5
4665,664,هشترود,1234,5
4666,665,نظرکهریزی,2590,5
4667,666,بناب,1221,5
4668,666,خوشه مهر,2934,5
4669,667,تیکمه داش,2295,5
4670,668,کردکندی,1025,5
4671,668,بستان آباد,1207,5
4672,669,نظرلو,1083,5
4673,669,صوفیان,1212,5
4674,670,خامنه,1209,5
4675,670,شبستر,1210,5
4676,670,شرفخانه,1211,5
4677,670,شندآباد,2101,5
4678,670,سیس,2148,5
4679,670,وایقان,2149,5
4680,670,کوزه کنان,2544,5
4681,670,داریان,2946,5
4682,670,علیشاه,2947,5
4683,671,تسوج,1208,5
4684,672,کلیبر,1199,5
4685,673,آبش احمد,2545,5
4686,674,خواجه,2146,5
4687,674,اربطان,2935,5
4688,675,هریس,1217,5
4689,675,زرنق,2147,5
4690,675,بخشایش,2230,5
4691,675,کلوانق,2333,5
4692,676,سیه رود,2497,5
4693,677,جلفا,1225,5
4694,677,هادیشهر,1226,5
4695,678,ملکان,1224,5
4696,678,مبارک شهر,2844,5
4697,680,گوگان,1202,5
4698,680,تیمورلو,2763,5
4699,681,ممقان,1203,5
4700,682,آذرشهر,1201,5
4701,683,ایلخچی,1205,5
4702,684,اسکو,1204,5
4703,684,سهند,2033,5
4704,686,قره آغاج,2145,5
4705,687,خاروانا,2398,5
4706,688,ورزقان,2142,5
4707,689,جوان قلعه,2843,5
4708,690,عجب شیر,1222,5
4709,691,خمارلو,2332,5
4710,692,لاریجان,2945,5
4711,693,عاشقلو,2944,5
4712,694,هوراند,2294,5
4713,696,لیلان,2296,5
4714,698,ترکمانچای,2144,5
4715,700,قوشچی,2150,5
4716,701,سیلوانه,2403,5
4717,702,سرو,2404,5
4718,703,ارومیه,1235,5
4719,704,نوشین,2151,5
4720,705,پیرانشهر,1236,5
4721,706,لاجان,2546,5
4722,707,خوی,1238,5
4723,707,دیزج دیز,2043,5
4724,708,زرآباد,2735,5
4725,709,ایواوغلی,2405,5
4726,710,قطور,2044,5
4727,711,فیرورق,1239,5
4728,712,سردشت,1240,5
4729,713,ربط,2547,5
4730,713,نلاس,2922,5
4731,714,تازه شهر,1241,5
4732,714,سلماس,1242,5
4733,716,ماکو,1246,5
4734,717,بازرگان,2231,5
4735,718,خلیفان,2734,5
4736,719,مهاباد,1248,5
4737,719,گوگ تپه,2869,5
4738,720,میاندوآب,1251,5
4739,721,بکتاش,1005,5
4740,724,نقده,1254,5
4741,725,محمدیار,1253,5
4742,726,سیمینه,2548,5
4743,727,بوکان,1247,5
4744,728,شاهین دژ,1250,5
4745,728,محمودآباد,2591,5
4746,729,کشاورز,2407,5
4747,730,تکاب,1249,5
4748,731,تخت سلیمان,2926,5
4749,732,اشنویه,1252,5
4750,733,نالوس,2408,5
4751,734,آواجیق,2549,5
4752,735,سیه چشمه,1245,5
4753,736,نازک علیا,2733,5
4754,737,پلدشت,1243,5
4755,738,حاجیلار,2879,5
4756,739,قره ضیاءالدین,1237,5
4757,740,مرگنلر,2736,5
4758,741,شوط,1244,5
4759,741,یولاگلدی,2899,5
4760,742,چهاربرج,2232,5
4761,744,باروق,2592,5
4762,746,میرآباد,2406,5
4763,748,حمیل,2411,5
4764,749,اسلام آبادغرب,1256,5
4765,750,هلشی,2410,5
4766,751,کرمانشاه,1258,5
4767,752,رباط,2196,5
4768,753,کوزران,2412,5
4769,754,قلعه,2896,5
4770,755,باینگان,2103,5
4771,755,بانوره,2761,5
4772,756,پاوه,1261,5
4773,757,نودشه,1262,5
4774,757,نوسود,1263,5
4775,758,سرپل ذهاب,1264,5
4776,761,سنقر,1265,5
4777,762,سطر,2594,5
4778,764,سومار,2197,5
4779,765,قصرشیرین,1266,5
4780,766,کنگاور,1267,5
4781,766,گودین,2834,5
4782,767,گیلانغرب,1268,5
4783,768,سرمست,2413,5
4784,769,جوانرود,1260,5
4785,770,شروینه,2900,5
4786,771,دینور,2414,5
4787,772,صحنه,1257,5
4788,773,بیستون,2233,5
4789,774,هرسین,1259,5
4790,775,تازه آباد,2185,5
4791,776,ازگله,2593,5
4792,777,میرآباد,2977,5
4793,778,گهواره,2409,5
4794,779,کرند,1255,5
4795,779,ریجاب,2760,5
4796,780,شاهو,2034,5
4797,781,روانسر,2102,5
4798,782,اروندکنار,1269,5
4799,783,آبادان,1270,5
4800,783,چویبده,2010,5
4801,784,حسینیه,2595,5
4802,784,بیدروبه,2803,5
4803,785,اندیمشک,1271,5
4804,785,آزادی,2801,5
4805,785,چم گلک,2802,5
4806,786,اهواز,1272,5
4807,786,الهایی,2791,5
4808,789,ایذه,1274,5
4809,791,بندر امام خمینی,1275,5
4810,792,بندر ماهشهر,1276,5
4811,792,چمران,2311,5
4812,793,سردشت,2500,5
4813,794,بهبهان,1279,5
4814,794,منصوریه,2797,5
4815,795,تشان,2798,5
4816,796,خرمشهر,1280,5
4817,796,مقاومت,2334,5
4818,797,مینوشهر,2312,5
4819,798,حمزه,2035,5
4820,798,سالند,2416,5
4821,799,دزفول,1282,5
4822,799,شمس آباد,2100,5
4823,799,شهر امام,2417,5
4824,799,صفی آباد,2418,5
4825,799,میانرود,2419,5
4826,799,سیاه منصور,2800,5
4827,799,منتظران,2967,5
4828,800,چغامیش,2717,5
4829,800,جندی شاپور,2983,5
4830,801,شهیون,2927,5
4831,802,بستان,1283,5
4832,803,سوسنگرد,1284,5
4833,803,کوت سیدنعیم,2795,5
4834,803,ابوحمیظه,2796,5
4835,804,رامهرمز,1287,5
4836,805,رود زرد ماشین,2929,5
4837,806,سلطان آباد,2921,5
4838,807,باوج,1004,5
4839,808,شادگان,1288,5
4840,809,خنافره,2794,5
4841,810,دارخوین,2008,5
4842,811,شوشتر,1290,5
4843,811,شرافت,2036,5
4844,811,سرداران,2792,5
4845,812,گوریه,2714,5
4846,813,عرب حسن,2968,5
4847,814,مسجدسلیمان,1291,5
4848,815,گلگیر,2793,5
4849,816,عنبر,2930,5
4850,817,شوش,1281,5
4851,817,حر,2649,5
4852,818,فتح المبین,2718,5
4853,819,باغ ملک,1273,5
4854,820,میداود,2720,5
4855,821,قلعه تل,2551,5
4856,822,جایزان,2420,5
4857,823,امیدیه,2111,5
4858,823,میانکوه,2969,5
4859,824,لالی,2104,5
4860,825,تراز,1061,5
4861,826,هندیجان,1277,5
4862,827,زهره,2650,5
4863,828,رامشیر,1286,5
4864,829,مشراگه,2719,5
4865,830,ترکالکی,2007,5
4866,830,سماله,2715,5
4867,831,گتوند,1289,5
4868,831,صالح شهر,2009,5
4869,831,جنت مکان,2716,5
4870,832,آبژدان,2799,5
4871,833,زاووت,2928,5
4872,834,قلعه خواجه,2550,5
4873,836,هفتگل,1292,5
4874,837,رفیع,2313,5
4875,838,هویزه,1285,5
4876,839,ملاثانی,2106,5
4877,840,ویس,2309,5
4878,840,شیبان,2310,5
4879,841,حمیدیه,2105,5
4880,843,آغاجاری,1278,5
4881,844,جولکی,2920,5
4882,845,کوت عبداله,2790,5
4883,847,الوان,2314,5
4884,848,شاوور,2037,5
4885,849,دهدز,2415,5
4886,851,صیدون,2596,5
4887,853,آباده,1296,5
4888,853,ایزدخواست,2335,5
4889,853,سورمق,2597,5
4890,854,صغاد,1297,5
4891,854,بهمن,2198,5
4892,855,رونیز,2177,5
4893,856,استهبان,1298,5
4894,856,ایج,2552,5
4895,857,دژکرد,2014,5
4896,857,سده,2297,5
4897,858,اقلید,1299,5
4898,859,حسن آباد,2082,5
4899,860,دوزه,2707,5
4900,861,قطب آباد,2178,5
4901,862,جهرم,1301,5
4902,863,رستاق,2905,5
4903,864,داراب,1303,5
4904,865,فدامی,2016,5
4905,865,دو برجی,2081,5
4906,866,جنت شهر,2179,5
4907,867,پاسخن,1000,5
4908,868,اردکان,1304,5
4909,869,هماشهر,2711,5
4910,870,شیراز,1309,5
4911,870,شیراز6,1696,5
4912,870,شهر صدرا,2015,5
4913,870,داریان,2298,5
4914,871,خانه زنیان,2057,5
4915,874,ششده,2180,5
4916,874,قره بلاغ,2762,5
4917,875,زاهدشهر,2107,5
4918,875,میانشهر,2829,5
4919,876,فسا,1310,5
4920,877,نوبندگان,2652,5
4921,878,فیروزآباد,1313,5
4922,879,میمند,1314,5
4923,880,بالاده,2423,5
4924,881,کنارتخته,2181,5
4925,882,کازرون,1315,5
4926,883,خشت,2109,5
4927,884,لار,1320,5
4928,884,لطیفی,2013,5
4929,884,خور,2553,5
4930,884,دهکویه,2952,5
4931,885,بیرم,2219,5
4932,886,بنارویه,2182,5
4933,887,عماد شهر,2709,5
4934,888,کامفیروز,2555,5
4935,889,فتح آباد,1044,5
4936,889,مرودشت,1324,5
4937,889,زنگی آباد,2961,5
4938,890,رامجرد,2080,5
4939,891,سیدان,2336,5
4940,891,فاروق,2951,5
4941,892,خانیمن,2776,5
4942,893,بابامنیر,2781,5
4943,894,نورآباد,1325,5
4944,894,خومه زار,2712,5
4945,897,مشکان,2556,5
4946,898,نی ریز,1326,5
4947,899,قطرویه,2058,5
4948,900,لامرد,1318,5
4949,901,اشکنان,2212,5
4950,901,اهل,2235,5
4951,902,علامرودشت,2236,5
4952,903,چاه ورز,2906,5
4953,904,خیرگو,1015,5
4954,905,بوانات,1295,5
4955,906,مزایجان,2780,5
4956,907,ارسنجان,1321,5
4957,908,قادرآباد,1323,5
4958,909,صفاشهر,1294,5
4959,910,شهرپیر,2558,5
4960,911,حاجی آباد,1302,5
4961,911,دبیران,2651,5
4962,912,افزر,2653,5
4963,913,قیر,1312,5
4964,913,امام شهر,2011,5
4965,913,مبارک آباد دیز,2012,5
4966,913,کارزین/فتح آباد,2422,5
4967,914,گله دار,2425,5
4968,914,فال,2966,5
4969,915,مهر,2211,5
4970,916,وراوی,2559,5
4971,916,خوزی,2820,5
4972,917,اسیر,2708,5
4973,918,فراشبند,1311,5
4974,918,نوجین,2060,5
4975,919,دهرم,2059,5
4976,920,سعادت شهر,1322,5
4977,921,مادر سلیمان,2783,5
4978,922,محمله,2907,5
4979,923,خنج,1317,5
4980,924,کوهنجان,2710,5
4981,925,سروستان,1306,5
4982,926,کوپن,2777,5
4983,927,مصیری,2337,5
4984,928,گراش,1319,5
4985,929,ارد,2903,5
4986,930,اکبرآباد,1042,5
4987,930,مظفری,1043,5
4988,930,کوار,1307,5
4989,931,طسوج,2904,5
4990,932,سلطان شهر,2782,5
4991,933,خرامه,1308,5
4992,933,معزآباد جابری,2962,5
4993,933,خیرآباد,2963,5
4994,934,زرقان,1305,5
4995,934,لپویی,2421,5
4996,935,رحمت آباد,1045,5
4997,936,بیضا,2503,5
4998,938,حسامی,2095,5
4999,938,کره ای,2557,5
5000,939,باغ صفا,1072,5
5001,940,توجردی,1057,5
5002,941,قایمیه,2108,5
5003,942,نودان,2424,5
5004,943,باب انار,2234,5
5005,944,خاوران,1300,5
5006,945,خواجه جمالی,1066,5
5007,945,آباده طشک,2199,5
5008,946,تم شولی,1077,5
5009,947,اوز,1316,5
5010,948,کوره,1046,5
5011,948,بیدشهر,1090,5
5012,949,جویم,2183,5
5013,950,بلغان,1094,5
5014,951,بافت,1328,5
5015,951,بزنجان,2200,5
5016,952,کشکوییه,1008,5
5017,953,بم,1330,5
5018,954,بروات,1331,5
5019,955,دهبکری,1079,5
5020,956,درب بهشت,2339,5
5021,957,جبالبارز,2237,5
5022,958,جیرفت,1332,5
5023,958,علی آباد,2953,5
5024,959,بلوک,2769,5
5025,961,رفسنجان,1335,5
5026,961,مس سرچشمه,2227,5
5027,962,کشکوییه,2319,5
5028,963,بهرمان,2427,5
5029,963,جوادیه الهیه,2954,5
5030,964,صفاییه,2085,5
5031,965,زرند,1337,5
5032,965,خانوک,2201,5
5033,965,ریحان,2600,5
5034,966,یزدان شهر,2601,5
5035,966,سیریز,2955,5
5036,967,سیرجان,1338,5
5037,967,نجف شهر,2340,5
5038,968,پاریز,2561,5
5039,968,هماشهر,2722,5
5040,969,خواجو شهر,2823,5
5041,970,زیدآباد,2320,5
5042,971,بلورد,2825,5
5043,972,شهربابک,1339,5
5044,972,خورسند,2030,5
5045,972,خاتون آباد,2086,5
5046,973,جوزم,2031,5
5047,973,دهج,2238,5
5048,974,شهداد,1341,5
5049,974,اندوهجرد,2603,5
5050,975,گلباف,1342,5
5051,976,جوپار,1343,5
5052,976,ماهان,1344,5
5053,976,محی آباد,2321,5
5054,977,کرمان,1346,5
5055,977,باغین,2239,5
5056,977,زنگی آباد,2323,5
5057,977,اختیارآباد,2428,5
5058,978,راین,1329,5
5059,979,چترود,1345,5
5060,979,کاظم آباد,2324,5
5061,980,کهنوج,1347,5
5062,980,ده کهان,2956,5
5063,981,چاه مرید,1009,5
5064,982,بردسیر,1348,5
5065,982,دشتکار,2824,5
5066,983,لاله زار,2065,5
5067,984,گلزار,2241,5
5068,985,نگار,2326,5
5069,986,هجدک,2599,5
5070,987,راور,1340,5
5071,988,عنبرآباد,1333,5
5072,988,دوساری,2721,5
5073,989,مردهک,2602,5
5074,990,منوجان,2240,5
5075,991,نودژ,2604,5
5076,992,کیانشهر,2110,5
5077,993,کوهبنان,1336,5
5078,994,رودبار,2325,5
5079,996,چاه دادخدا,2908,5
5080,996,رمشک,2957,5
5081,997,قلعه گنج,2176,5
5082,999,رحمت آباد,1013,5
5083,999,عباس آباد سردار,1014,5
5084,999,محمدآباد,2316,5
5085,1001,رابر,1327,5
5086,1002,هنزا,2771,5
5087,1003,فهرج,2317,5
5088,1004,دهنو اسلام آباد,1010,5
5089,1005,انار,1334,5
5090,1005,امین شهر,2318,5
5091,1006,نرماشیر,2338,5
5092,1007,نظام شهر,2598,5
5093,1008,فاریاب,2429,5
5094,1009,پاسفید,1011,5
5095,1010,ارزوییه,2315,5
5096,1011,علی آباد,1012,5
5097,1012,گنبکی,2822,5
5098,1014,زهکلوت,2821,5
5099,1016,تایباد,1357,5
5100,1016,کاریز,2562,5
5101,1017,مشهد ریزه,2654,5
5102,1018,بایک,2341,5
5103,1019,کدکن,2243,5
5104,1020,تربت حیدریه,1361,5
5105,1021,نسر,1024,5
5106,1021,رباط سنگ,2434,5
5107,1022,تربت جام,1363,5
5108,1023,نصرآباد,2342,5
5109,1024,احمدآباد صولت,2067,5
5110,1024,نیل شهر,2655,5
5111,1025,سمیع آباد,2888,5
5112,1026,چاپشلو,2202,5
5113,1027,لطف آباد,1364,5
5114,1028,درگز,1365,5
5115,1029,نوخندان,1366,5
5116,1030,روداب,2245,5
5117,1031,سبزوار,1367,5
5118,1031,سبزوار1,2677,5
5119,1031,سبزوار2,2678,5
5120,1032,باجگیران,1376,5
5121,1033,مزرج,1041,5
5122,1033,قوچان,1378,5
5123,1034,آلماجق,1020,5
5124,1035,شهر کهنه,1022,5
5125,1036,کاشمر,1381,5
5126,1037,فرگ قلعه,1055,5
5127,1038,بیدخت,1383,5
5128,1038,گناباد,1385,5
5129,1038,روشناوند,2987,5
5130,1039,کاخک,1384,5
5131,1040,ملک آباد,2437,5
5132,1041,مشهد,1392,5
5133,1041,مشهد ثامن,2526,5
5134,1042,رضویه,2436,5
5135,1043,چکنه,2564,5
5136,1044,نیشابور,1394,5
5137,1044,بار,2041,5
5138,1045,چناران,1386,5
5139,1046,رادکان,2998,5
5140,1047,سیدآباد,2999,5
5141,1048,سنگان,2213,5
5142,1049,خواف,1358,5
5143,1049,نشتیفان,2565,5
5144,1050,قاسم آباد,2439,5
5145,1051,سده,1021,5
5146,1051,سلامی,2605,5
5147,1052,مزدآوند,2607,5
5148,1053,سرخس,1387,5
5149,1054,قلندر آباد,2442,5
5150,1054,سفید سنگ,2608,5
5151,1055,فریمان,1390,5
5152,1055,فرهادگرد,2566,5
5153,1056,انابد,2440,5
5154,1057,بردسکن,1379,5
5155,1058,شهرآباد,2090,5
5156,1059,جنگل,2606,5
5157,1060,رشتخوار,1359,5
5158,1061,چنار,1019,5
5159,1061,شهر زو,2609,5
5160,1062,کلات,1391,5
5161,1063,حسن آباد,1023,5
5162,1064,کندر,2656,5
5163,1065,خلیل آباد,1380,5
5164,1066,شادمهر,2069,5
5165,1067,عبدل آباد,1092,5
5166,1067,فیض آباد,1360,5
5167,1068,بجستان,1382,5
5168,1069,یونسی,2610,5
5169,1070,طرقبه,1389,5
5170,1071,شاندیز,1388,5
5171,1072,فیروزه,2220,5
5172,1073,گرماب,1018,5
5173,1073,همت آباد,2066,5
5174,1074,جغتای,1596,5
5175,1075,ریواده,2901,5
5176,1076,دولت آباد,2135,5
5177,1077,چخماق,2950,5
5178,1078,نقاب,2184,5
5179,1079,حکم آباد,2889,5
5180,1080,باخرز,2134,5
5181,1081,قلعه نو علیا,2970,5
5182,1082,سلطان آباد,2343,5
5183,1083,مشکان,2902,5
5184,1084,نوده انقلاب,2986,5
5185,1085,داورزن,2244,5
5186,1086,ریوند,2964,5
5187,1087,صالح آباد,1362,5
5188,1088,جنت آباد,2980,5
5189,1089,ریوش,2348,5
5190,1091,درود,1393,5
5191,1091,قدمگاه,2246,5
5192,1091,خرو,2349,5
5193,1092,اسحق آباد,2965,5
5194,1093,ششتمد,2344,5
5195,1094,شامکان,1054,5
5196,1095,گلبهار,2854,5
5197,1096,گلمکان,2068,5
5198,1097,عشق آباد,2438,5
5199,1099,اردستان,1395,5
5200,1100,زواره,1396,5
5201,1101,مهاباد,2214,5
5202,1102,اصفهان,1406,5
5203,1102,قهجاورستان,2021,5
5204,1102,بهارستان,2611,5
5205,1102,زیار,2830,5
5206,1103,خمینی شهر,1410,5
5207,1103,درچه,1411,5
5208,1103,کوشک,2188,5
5209,1103,اصغرآباد,2755,5
5210,1104,ویست,1031,5
5211,1104,خوانسار,1413,5
5212,1105,کمه,2443,5
5213,1106,سمیرم,1414,5
5214,1106,حنا,2249,5
5215,1106,ونک,2351,5
5216,1107,بیده,2923,5
5217,1108,فتح آباد,2936,5
5218,1109,داران,1417,5
5219,1109,دامنه,2251,5
5220,1111,فریدونشهر,1418,5
5221,1111,برف انبار,2569,5
5222,1113,طاد,1048,5
5223,1113,پیربکران,2215,5
5224,1113,بهاران شهر,2444,5
5225,1114,بوستان زر,1049,5
5226,1114,فلاورجان,1419,5
5227,1114,کلیشاد و سودرجان,1420,5
5228,1114,ابریشم,2252,5
5229,1114,اشترجان,2445,5
5230,1114,مینادشت,2997,5
5231,1115,قهدریجان,1439,5
5232,1115,زازران,2789,5
5233,1116,شهرضا,1422,5
5234,1116,منظریه,2446,5
5235,1117,قمصر,1424,5
5236,1117,جوشقان قالی,2447,5
5237,1117,کامو و چوگان,2831,5
5238,1118,کاشان,1425,5
5239,1118,مشکات,2657,5
5240,1119,نیاسر,2302,5
5241,1120,برزک,2542,5
5242,1121,گلپایگان,1426,5
5243,1121,گوگد,1427,5
5244,1121,گلشهر,2511,5
5245,1122,باغ بهادران,1429,5
5246,1122,چرمهین,2121,5
5247,1123,چمگردان,1430,5
5248,1123,زرین شهر,1431,5
5249,1123,سده لنجان,1432,5
5250,1123,ورنامخواست,2112,5
5251,1123,فولادشهر,2128,5
5252,1123,زاینده رود,2504,5
5253,1123,باغشاد,2788,5
5254,1124,انارک,1433,5
5255,1125,نایین,1435,5
5256,1125,بافران,2078,5
5257,1126,نجف آباد,1440,5
5258,1126,جوزدان,2045,5
5259,1126,گلدشت,2122,5
5260,1126,کهریزسنگ,2570,5
5261,1127,دهق,1437,5
5262,1127,علویجه,1438,5
5263,1128,نطنز,1442,5
5264,1128,طرق رود,2754,5
5265,1129,بادرود,1441,5
5266,1129,خالدآباد,2612,5
5267,1130,میمه,1408,5
5268,1130,وزوان,1409,5
5269,1130,لای بید,1598,5
5270,1131,شاهین شهر,1401,5
5271,1131,گزبرخوار,1402,5
5272,1131,گرگاب,1597,5
5273,1132,مبارکه,1428,5
5274,1132,مجلسی,1599,5
5275,1132,دیزیچه,2189,5
5276,1132,طالخونچه,2204,5
5277,1132,کرکوند,2448,5
5278,1133,زیباشهر,2572,5
5279,1133,ده سرخ,2937,5
5280,1134,ابوزیدآباد,2279,5
5281,1135,آران و بیدگل,1423,5
5282,1135,نوش آباد,2505,5
5283,1135,سفید شهر,2543,5
5284,1136,عسگران,2449,5
5285,1137,تیران,1436,5
5286,1137,رضوانشهر,2573,5
5287,1139,چادگان,1415,5
5288,1139,رزوه,2352,5
5289,1140,دهاقان,1421,5
5290,1140,گلشن,2093,5
5291,1141,حبیب آباد,1397,5
5292,1141,شاپورآباد,2094,5
5293,1141,کمشچه,2571,5
5294,1142,خورزوق,1398,5
5295,1142,دستگرد,1399,5
5296,1142,دولت آباد,1400,5
5297,1142,سین,2756,5
5298,1143,خور,1434,5
5299,1143,فرخی,2077,5
5300,1143,جندق,2203,5
5301,1144,بویین و میاندشت,1416,5
5302,1144,افوس,2250,5
5303,1146,کوهپایه,1403,5
5304,1146,تودشک,2513,5
5305,1147,سجزی,2350,5
5306,1148,نیک آباد,2186,5
5307,1148,محمدآباد,2247,5
5308,1148,نصرآباد,2512,5
5309,1149,حسن اباد,2187,5
5310,1150,ورزنه,1404,5
5311,1152,هرند,1405,5
5312,1153,اژیه,2248,5
5313,1154,بزمان,2450,5
5314,1155,ایرانشهر,1443,5
5315,1157,چاه بهار,1446,5
5316,1158,پلان,2894,5
5317,1160,خاش,1449,5
5318,1160,اسماعیل آباد,2979,5
5319,1161,ده رییس,2915,5
5320,1163,زابل,1450,5
5321,1163,بنجار,2453,5
5322,1165,زاهدان,1451,5
5323,1166,نصرت آباد,2454,5
5324,1167,سرجنگل,2891,5
5325,1168,سراوان,1453,5
5326,1168,محمدی,2047,5
5327,1168,گشت,2048,5
5328,1169,سیرکان,2455,5
5329,1170,اسفندک,1047,5
5330,1171,بنت,2456,5
5331,1172,نیک شهر,1448,5
5332,1173,چانف,1001,5
5333,1174,پیشین,2501,5
5334,1175,راسک,2461,5
5335,1176,پارود,2890,5
5336,1177,کنارک,1447,5
5337,1179,جزینک,2978,5
5338,1180,زهک,2173,5
5339,1182,دوست محمد,2514,5
5340,1183,قرقری,2916,5
5341,1184,گلمورتی,2451,5
5342,1185,چگرد,2914,5
5343,1186,مهرستان,2355,5
5344,1187,آشار,2893,5
5345,1189,سیب,1027,5
5346,1189,سوران,2174,5
5347,1190,هیدوچ,2613,5
5348,1192,ادیمی,2353,5
5349,1195,محمدآباد,2354,5
5350,1196,علی اکبر,2046,5
5351,1197,میرجاوه,1452,5
5352,1198,لادیز,1078,5
5353,1199,ریگ ملک,2912,5
5354,1200,قصرقند,1445,5
5355,1201,ساربوک,2892,5
5356,1203,فنوج,2175,5
5357,1204,گتیج,2913,5
5358,1205,محمدان,2049,5
5359,1205,بمپور,2172,5
5360,1206,قاسم آباد,1028,5
5361,1207,نوک آباد,2452,5
5362,1210,بریس,1029,5
5363,1210,نگور,1444,5
5364,1212,سرباز,2499,5
5365,1216,جالق,2191,5
5366,1218,اسپکه,2506,5
5367,1220,زرآباد,2739,5
5368,1222,آرمرده,2457,5
5369,1223,بانه,1454,5
5370,1224,کانی سور,2458,5
5371,1225,بویین سفلی,2459,5
5372,1226,بابارشانی,2460,5
5373,1226,پیرتاج,2785,5
5374,1227,یاسوکند,2190,5
5375,1228,بیجار,1455,5
5376,1228,توپ آغاج,2784,5
5377,1229,صاحب,2502,5
5378,1230,سقز,1456,5
5379,1232,سنته,2924,5
5380,1233,سنندج,1458,5
5381,1234,شویشه,2462,5
5382,1235,حسین آباد,2895,5
5383,1237,قروه,1462,5
5384,1238,سریش آباد,1461,5
5385,1239,دزج,2463,5
5386,1240,مالوجه,1037,5
5387,1240,دلبران,2426,5
5388,1241,برده رشه,2753,5
5389,1242,چناره,2464,5
5390,1243,مریوان,1463,5
5391,1243,کانی دینار,2055,5
5392,1244,زرینه,2465,5
5393,1245,دیواندره,1459,5
5394,1246,هزارکانیان,2925,5
5395,1247,کامیاران,1457,5
5396,1248,موچش,2466,5
5397,1249,اورامان تخت,2752,5
5398,1250,سروآباد,2205,5
5399,1251,دهگلان,1460,5
5400,1252,بلبان آباد,2042,5
5401,1253,فرسفج,2467,5
5402,1254,تویسرکان,1464,5
5403,1254,سرکان,1465,5
5404,1255,علی آباددمق,1091,5
5405,1255,ازندریان,2253,5
5406,1255,جوکار,2468,5
5407,1256,سامن,1466,5
5408,1257,ملایر,1467,5
5409,1257,اسلام شهر آق گل,2871,5
5410,1258,زنگنه,2658,5
5411,1259,فیروزان,2206,5
5412,1260,نهاوند,1468,5
5413,1261,برزول,2659,5
5414,1262,گیان,2660,5
5415,1263,قهاوند,2356,5
5416,1264,مریانج,1474,5
5417,1264,همدان,1475,5
5418,1264,جورقان,2254,5
5419,1265,گل تپه,2469,5
5420,1266,کبودرآهنگ,1473,5
5421,1267,شیرین سو,2470,5
5422,1268,اسدآباد,1469,5
5423,1268,پالیز,2994,5
5424,1269,آجین,2758,5
5425,1270,لالجین,1472,5
5426,1270,مهاجران,2757,5
5427,1271,بهار,1471,5
5428,1272,صالح آباد,2216,5
5429,1273,دمق,2357,5
5430,1274,رزن,2171,5
5431,1276,فامنین,2192,5
5432,1278,شاهنجرین,1064,5
5433,1278,کرفس,2870,5
5434,1279,قروه درگزین,1470,5
5435,1280,گندمان,2152,5
5436,1281,بروجن,1478,5
5437,1281,فرادبنه,1479,5
5438,1281,سفیددشت,2306,5
5439,1281,نقنه,2706,5
5440,1282,بلداجی,1477,5
5441,1283,شهرکرد,1482,5
5442,1283,هفشجان,1484,5
5443,1283,کیان,2123,5
5444,1283,طاقانک,2359,5
5445,1283,نافچ,2471,5
5446,1284,سورشجان,2113,5
5447,1284,سودجان,2614,5
5448,1284,هارونی,2838,5
5449,1285,فارسان,1486,5
5450,1285,گوجان,2805,5
5451,1286,بآباحیدر,2124,5
5452,1286,فیل آباد,2938,5
5453,1287,جونقان,1485,5
5454,1287,پردنجان,2730,5
5455,1287,چلیچه,2806,5
5456,1288,لردگان,1487,5
5457,1289,منج,2731,5
5458,1290,سردشت,2840,5
5459,1291,اردل,1476,5
5460,1291,کاج,2807,5
5461,1291,دشتک,2808,5
5462,1292,سرخون,2809,5
5463,1293,بازفت,2841,5
5464,1294,چلگرد,2360,5
5465,1295,صمصامی,2839,5
5466,1296,شلمزار,2153,5
5467,1296,گهرو,2358,5
5468,1296,دستنا,2729,5
5469,1297,ناغان,2154,5
5470,1299,سامان,1481,5
5471,1300,هوره,2918,5
5472,1301,بن,1480,5
5473,1301,وردنجان,2732,5
5474,1302,یان چشمه,2919,5
5475,1303,آلونی,2473,5
5476,1305,مال خلیفه,2472,5
5477,1307,فرخ شهر,1483,5
5478,1309,شول آباد,2728,5
5479,1310,الیگودرز,1489,5
5480,1311,تیتکان بزنوید,1056,5
5481,1312,شاهپوراباد,2877,5
5482,1313,چمن سلطان,2876,5
5483,1314,اشترینان,1490,5
5484,1314,ونایی,2971,5
5485,1315,بروجرد,1492,5
5486,1315,بروجرد1,2688,5
5487,1315,بروجرد2,2689,5
5488,1317,سپیددشت,2474,5
5489,1318,بیران شهر,2475,5
5490,1319,زاغه,2361,5
5491,1320,خرم آباد,1496,5
5492,1320,خرم آباد1,2685,5
5493,1320,خرم آباد2,2686,5
5494,1320,خرم آباد3,2687,5
5495,1321,هفت چشمه,2727,5
5496,1322,نورآباد,1494,5
5497,1323,برخوردار,2995,5
5498,1326,چالانچولان,2363,5
5499,1327,دورود,1491,5
5500,1328,گراب,2257,5
5501,1329,کوهدشت,1495,5
5502,1330,کوهنانی,2364,5
5503,1331,درب گنبد,2615,5
5504,1332,مومن آباد,2365,5
5505,1333,ازنا,1488,5
5506,1334,پلدختر,1497,5
5507,1334,سراب حمام,2996,5
5508,1336,فیروزآباد,2367,5
5509,1337,الشتر,1493,5
5510,1338,سراب دوره,2255,5
5511,1339,چم پلک,2973,5
5512,1340,ویسیان,2362,5
5513,1341,سوری,2972,5
5514,1342,چقابل,2256,5
5515,1343,معمولان,2366,5
5516,1345,ایلام,1500,5
5517,1346,جعفراباد,2974,5
5518,1347,دره شهر,1503,5
5519,1348,ماژین,2849,5
5520,1349,پهله,2127,5
5521,1350,دهلران,1505,5
5522,1351,موسیان,1506,5
5523,1352,میمه,1504,5
5524,1353,دشت عباس,1063,5
5525,1354,سرابله,1507,5
5526,1355,شباب,2850,5
5527,1356,بلاوه,2851,5
5528,1357,آسمان آباد,2617,5
5529,1358,صالح آباد,1509,5
5530,1359,مهران,1510,5
5531,1360,مورموری,2616,5
5532,1361,آبدانان,1501,5
5533,1362,سراب باغ,2056,5
5534,1363,زرنه,2476,5
5535,1364,ایوان,1498,5
5536,1365,ارکواز,1508,5
5537,1366,دلگشا,2028,5
5538,1366,مهر,2745,5
5539,1367,لومار,2155,5
5540,1369,بدره,1502,5
5541,1370,چشمه شیرین,2909,5
5542,1371,توحید,2574,5
5543,1373,چوار,1499,5
5544,1375,یاسوج,1512,5
5545,1376,گراب سفلی,2478,5
5546,1377,چیتاب,2083,5
5547,1378,سپیدار,1080,5
5548,1379,قلعه رییسی,2479,5
5549,1380,دهدشت,1514,5
5550,1381,دیشموک,2480,5
5551,1382,سوق,2156,5
5552,1383,دوگنبدان,1515,5
5553,1384,پاتاوه,2084,5
5554,1385,سی سخت,1511,5
5555,1386,سرآسیاب یوسفی,1082,5
5556,1387,لیکک,2368,5
5557,1388,قلعه ممبی,1081,5
5558,1389,چرام,1513,5
5559,1390,سرفاریاب,2828,5
5560,1391,باشت,2130,5
5561,1392,بوستان,2917,5
5562,1393,لنده,2129,5
5563,1395,مارگون,2477,5
5564,1397,خارک,1516,5
5565,1398,بوشهر,1517,5
5566,1398,بوشهر1,2692,5
5567,1398,بوشهر2,2693,5
5568,1398,عالی شهر,2867,5
5569,1399,چغادک,2481,5
5570,1400,دلوار,2258,5
5571,1401,اهرم,1518,5
5572,1401,آباد,2816,5
5573,1402,سعد آباد,1519,5
5574,1402,وحدتیه,2482,5
5575,1403,شبانکاره,2157,5
5576,1404,برازجان,1520,5
5577,1404,دالکی,2369,5
5578,1405,تنگ ارم,2618,5
5579,1406,کلمه,2619,5
5580,1406,بوشکان,2817,5
5581,1407,آب پخش,2308,5
5582,1408,کاکی,2131,5
5583,1408,بادوله,2818,5
5584,1409,خورموج,1521,5
5585,1410,شنبه,2050,5
5586,1411,بردخون,2483,5
5587,1412,بندردیر,1522,5
5588,1412,بردستان,2737,5
5589,1412,دوراهک,2819,5
5590,1413,آبدان,2484,5
5591,1414,بندرکنگان,1523,5
5592,1414,بنک,2620,5
5593,1415,شیرینو,1076,5
5594,1415,سیراف,2661,5
5595,1416,بندرریگ,1525,5
5596,1417,بندرگناوه,1526,5
5597,1418,امام حسن,2370,5
5598,1419,بندردیلم,1524,5
5599,1420,انارستان,2087,5
5600,1420,ریز,2662,5
5601,1421,جم,2259,5
5602,1421,بهارستان,2933,5
5603,1422,عسلویه,2621,5
5604,1422,نخل تقی,2622,5
5605,1422,بیدخون,2932,5
5606,1423,چاه مبارک,2878,5
5607,1424,ابهر,1528,5
5608,1424,صایین قلعه,1530,5
5609,1424,هیدج,1531,5
5610,1425,گرماب,2260,5
5611,1426,زرین رود,2376,5
5612,1427,قیدار,1533,5
5613,1427,سهرورد,2039,5
5614,1427,کرسف,2832,5
5615,1427,نوربهار,2833,5
5616,1428,سجاس,2371,5
5617,1430,نیک پی,2764,5
5618,1431,زنجان,1534,5
5619,1432,ارمغانخانه,2038,5
5620,1433,حلب,2485,5
5621,1434,زرین آباد,2327,5
5622,1435,خرمدره,1529,5
5623,1436,چورزق,2486,5
5624,1437,آب بر,2262,5
5625,1438,گیلوان,1085,5
5626,1439,دندی,2261,5
5627,1440,ماه نشان,2207,5
5628,1441,سلطانیه,1527,5
5629,1442,گوزلدره‌سفلی,1084,5
5630,1443,امیریه,2263,5
5631,1444,دامغان,1540,5
5632,1444,دیباج,2264,5
5633,1444,کلاته,2759,5
5634,1445,سمنان,1542,5
5635,1446,بسطام,1545,5
5636,1446,مجن,1546,5
5637,1446,کلاته خیج,2160,5
5638,1447,بیارجمند,2161,5
5639,1448,شاهرود,1547,5
5640,1448,رودیان,2775,5
5641,1449,ایوانکی,1548,5
5642,1450,گرمسار,1550,5
5643,1451,شهمیرزاد,1543,5
5644,1452,مهدی شهر,1544,5
5645,1452,درجزین,2022,5
5646,1453,آرادان,1549,5
5647,1454,کهن آباد,2768,5
5648,1455,میامی,2162,5
5649,1456,رضوان,2990,5
5650,1457,سرخه,1541,5
5651,1458,خرانق,2984,5
5652,1459,اردکان,1551,5
5653,1459,احمدآباد,2265,5
5654,1460,عقدا,2623,5
5655,1461,بافق,1554,5
5656,1462,تفت,1555,5
5657,1463,نیر,1556,5
5658,1464,بخ,2976,5
5659,1465,مهریز,1558,5
5660,1466,یزد_منطقه تاریخی,1017,5
5661,1466,یزد,1562,5
5662,1466,شاهدیه,2126,5
5663,1466,حمیدیا,2163,5
5664,1468,میبد,1552,5
5665,1469,ندوشن,2322,5
5666,1470,بفروییه,2024,5
5667,1471,مهردشت,2372,5
5668,1472,ابرکوه,1293,5
5669,1473,خضرآباد,2377,5
5670,1474,اشکذر,1560,5
5671,1474,مجومرد,2985,5
5672,1475,هرات,1559,5
5673,1478,بهاباد,1553,5
5674,1480,مروست,1557,5
5675,1481,زارچ,1561,5
5676,1483,تنب بزرگ,1086,5
5677,1484,ابوموسی,1563,5
5678,1485,فین,2307,5
5679,1486,بندر عباس,1567,5
5680,1486,تازیان پایین,2812,5
5681,1487,تخت,2088,5
5682,1488,قلعه قاضی,2063,5
5683,1489,هرمز,1572,5
5684,1490,شمیل,1087,5
5685,1491,چارک,2266,5
5686,1492,کیش,2193,5
5687,1493,کنگ,1570,5
5688,1493,بندر لنگه,1571,5
5689,1494,لمزان,2813,5
5690,1495,سوزا,2487,5
5691,1496,رمکان,1033,5
5692,1496,لافت,1034,5
5693,1496,قشم,1573,5
5694,1496,درگهان,2627,5
5695,1497,طبل,2940,5
5696,1498,سندرک,2064,5
5697,1499,میناب,1575,5
5698,1499,تیرور,2814,5
5699,1500,هشتبندی,2003,5
5700,1501,زهوکی,1035,5
5701,1501,کرگان,1036,5
5702,1501,بند زرک,2910,5
5703,1504,بندر جاسک,1565,5
5704,1505,لیردف,2872,5
5705,1506,زیارتعلی,2663,5
5706,1507,دهبارز,1574,5
5707,1508,بالا شهر,2911,5
5708,1509,بیکاء,2006,5
5709,1510,فارغان,2626,5
5710,1511,حاجی آباد,1566,5
5711,1512,سرگز,2092,5
5712,1513,جناح,2625,5
5713,1513,هنگوییه,2959,5
5714,1514,بستک,1568,5
5715,1514,کوهیچ,2960,5
5716,1516,رویدر,2005,5
5717,1517,خمیر,1564,5
5718,1517,پل,2939,5
5719,1518,کهورستان,1088,5
5720,1519,کوشکنار,2004,5
5721,1520,پارسیان,1569,5
5722,1520,دشتی,2751,5
5723,1521,کوهستک,2815,5
5724,1522,سیریک,2267,5
5725,1522,گروک,2724,5
5726,1523,سردشت,2061,5
5727,1524,گوهران,2062,5
5728,1527,تهران,1576,5
5729,1529,دماوند,1578,5
5730,1529,کیلان,1580,5
5731,1529,آبسرد,2269,5
5732,1530,رودهن,1579,5
5733,1530,آبعلی,2629,5
5734,1531,حسن‌آباد,2167,5
5735,1532,باقرشهر,2270,5
5736,1532,کهریزک,2488,5
5737,1533,ری,2115,5
5738,1534,قیام‌دشت,2886,5
5739,1535,قلعه‌نو,2887,5
5740,1536,فشم,1582,5
5741,1536,تجریش,2117,5
5742,1536,شمشک,2778,5
5743,1537,لواسان,1583,5
5744,1538,جوادآباد,2168,5
5745,1539,ورامین,1594,5
5746,1540,شهریار,1588,5
5747,1540,صباشهر,2277,5
5748,1540,شاهدشهر,2303,5
5749,1540,باغستان,2632,5
5750,1540,اندیشه,2633,5
5751,1540,شهریار1,2694,5
5752,1540,شهریار2,2695,5
5753,1540,شهریار3,2696,5
5754,1541,وحیدیه,2293,5
5755,1541,فردوسیه,2491,5
5756,1542,چهاردانگه,2489,5
5757,1543,اسلامشهر,1581,5
5758,1543,اسلام‌شهر1,2289,5
5759,1543,اسلام‌شهر2,2290,5
5760,1543,اسلام‌شهر3,2560,5
5761,1544,احمدآباد مستوفی,2770,5
5762,1545,رباط‌کریم,1585,5
5763,1545,نصیرشهر,2666,5
5764,1545,پرند,2826,5
5765,1546,شریف آباد,2490,5
5766,1547,پاکدشت,2120,5
5767,1547,فرون‌آباد,2705,5
5768,1548,ارجمند,2634,5
5769,1549,فیروزکوه,1577,5
5770,1550,قدس,2116,5
5771,1551,ملارد,2217,5
5772,1552,صفادشت,2373,5
5773,1553,پیشوا,1592,5
5774,1554,جلیل‌آباد,2989,5
5775,1555,گلستان,2278,5
5776,1555,صالحیه,2665,5
5777,1556,نسیم شهر,2208,5
5778,1557,بومهن,2268,5
5779,1558,سعیدآباد,1040,5
5780,1558,خسروآباد,1051,5
5781,1559,پردیس,2628,5
5782,1560,قرچک,1593,5
5783,1561,اردبیل,1195,5
5784,1562,هیر,2299,5
5785,1562,آراللو,2949,5
5786,1563,ثمرین,2882,5
5787,1564,بیله سوار,1230,5
5788,1565,جعفرآباد,2209,5
5789,1566,هشتجین,2164,5
5790,1567,کلور,2165,5
5791,1568,خلخال,1219,5
5792,1569,رضی,2300,5
5793,1570,مشگین شهر,1229,5
5794,1570,النی,2948,5
5795,1571,لاهرود,2301,5
5796,1571,فخراباد,2704,5
5797,1572,مرادلو,2723,5
5798,1573,قصابه,2749,5
5799,1574,گرمی,1232,5
5800,1575,زهرا,2880,5
5801,1576,اولتان,1032,5
5802,1576,پارس آباد,1231,5
5803,1577,مغان سر,2029,5
5804,1578,اسلام اباد,2750,5
5805,1579,گیوی,1218,5
5806,1580,فیروزآباد,1073,5
5807,1581,آبی بیگلو,2493,5
5808,1582,نمین,1197,5
5809,1583,عنبران,2576,5
5810,1584,نیر,1198,5
5811,1585,کوراییم,2636,5
5812,1586,سرعین,1196,5
5813,1587,اردیموسی,2881,5
5814,1588,اصلاندوز,2166,5
5815,1589,بران علیا,1074,5
5816,1590,تازه کندانگوت,2492,5
5817,1591,زیوه,1065,5
5818,1592,دستجرد,2515,5
5819,1593,قم,1114,5
5820,1593,قنوات,2516,5
5821,1594,سلفچگان,2027,5
5822,1595,جعفریه,2274,5
5823,1596,قاهان,1062,5
5824,1597,کهک,2275,5
5825,1599,دانسفهان,2159,5
5826,1600,شال,1538,5
5827,1601,بویین زهرا,1537,5
5828,1601,سگزآباد,2638,5
5829,1601,عصمت آباد,2991,5
5830,1602,ارداق,2577,5
5831,1603,اسفرورین,2114,5
5832,1604,خرمدشت,2374,5
5833,1605,ضیاآباد,2158,5
5834,1606,تاکستان,1532,5
5835,1606,نرجه,2639,5
5836,1607,معلم کلایه,2494,5
5837,1608,رازمیان,2495,5
5838,1609,سیردان,2667,5
5839,1610,قزوین,1595,5
5840,1610,اقبالیه,2125,5
5841,1610,محمودآبادنمونه,2375,5
5842,1611,کوهین,2579,5
5843,1612,خاکعلی,2637,5
5844,1613,آبیک,1535,5
5845,1613,زیاران,2992,5
5846,1613,قشلاق,2993,5
5847,1614,شریفیه,2040,5
5848,1614,محمدیه,2218,5
5849,1614,بیدستان,2578,5
5850,1615,الوند,1539,5
5851,1616,آوج,1536,5
5852,1617,آبگرم,2517,5
5853,1618,بندرگز,1178,5
5854,1619,نوکنده,2194,5
5855,1620,بندرترکمن,1156,5
5856,1621,سیجوال,2975,5
5857,1622,علی آباد,1174,5
5858,1622,مزرعه,2836,5
5859,1622,سنگدوین,2837,5
5860,1623,فاضل آباد,2507,5
5861,1624,کردکوی,1179,5
5862,1625,گرگان,1181,5
5863,1625,جلین,2018,5
5864,1626,سرخنکلاته,2508,5
5865,1626,قرق,2868,5
5866,1627,کرند,1030,5
5867,1627,اینچه برون,2496,5
5868,1628,گنبدکاووس,1186,5
5869,1629,القجر,1071,5
5870,1629,مینودشت,1188,5
5871,1630,دوزین,2883,5
5872,1631,انبار آلوم,2509,5
5873,1632,آق قلا,1180,5
5874,1633,کلاله,1185,5
5875,1634,فراغی,2835,5
5876,1635,نوده خاندوز,2581,5
5877,1636,آزادشهر,1182,5
5878,1636,نگین شهر,2640,5
5879,1637,خان ببین,1183,5
5880,1638,رامیان,1184,5
5881,1638,دلند,2195,5
5882,1638,تاتار علیا,2765,5
5883,1639,مراوه,2498,5
5884,1640,گلیداغ,2885,5
5885,1641,گمیش تپه,1155,5
5886,1642,سیمین شهر,2580,5
5887,1643,ینقاق,1070,5
5888,1643,گالیکش,1187,5
5889,1644,صادق آباد,2884,5
5890,1645,اسفراین,1349,5
5891,1647,بجنورد,1353,5
5892,1647,بجنورد1,2699,5
5893,1647,بجنورد2,2700,5
5894,1647,چناران شهر,2847,5
5895,1648,حصارگرمخان,2431,5
5896,1649,سنخواست,2432,5
5897,1650,شوقان,2433,5
5898,1651,جاجرم,1350,5
5899,1652,لوجلی,2435,5
5900,1653,خانلق,1038,5
5901,1653,شیروان,1368,5
5902,1653,زیارت,2845,5
5903,1654,قوشخانه,2846,5
5904,1655,تیتکانلو,2079,5
5905,1656,فاروج,1377,5
5906,1657,قاضی,2567,5
5907,1657,آوا,2848,5
5908,1658,آشخانه,1352,5
5909,1659,ایور,2053,5
5910,1659,گرمه,2054,5
5911,1659,درق,2641,5
5912,1660,راز,2132,5
5913,1661,غلامان,2942,5
5914,1662,یکه سعود,2943,5
5915,1663,صفی آباد,2430,5
5916,1665,پیش قلعه,2568,5
5917,1667,بیرجند,1355,5
5918,1667,بیرجند1,2701,5
5919,1667,بیرجند2,2702,5
5920,1668,قهستان,2051,5
5921,1669,طبس مسینا,2052,5
5922,1669,گزیک,2725,5
5923,1670,اسدیه,2276,5
5924,1672,سربیشه,1354,5
5925,1673,مود,2642,5
5926,1674,درح,2897,5
5927,1675,قاین,1375,5
5928,1675,اسفدن,2643,5
5929,1676,خضری دشت بیاض,1374,5
5930,1676,نیمبلوک,2646,5
5931,1677,آرین شهر,2645,5
5932,1678,شوسف,2441,5
5933,1679,نهبندان,1356,5
5934,1681,سرایان,1371,5
5935,1681,آیسک,2346,5
5936,1682,سه قلعه,2563,5
5937,1683,باغستان,1002,5
5938,1683,اسلامیه,1372,5
5939,1684,فردوس,1373,5
5940,1685,بشرویه,1370,5
5941,1686,ارسک,2726,5
5942,1687,حاجی آباد,2347,5
5943,1688,زهان,2644,5
5944,1689,آبیز,2898,5
5945,1690,خوسف,2242,5
5946,1691,ماژان,1003,5
5947,1692,طبس,1369,5
5948,1693,دیهوک,2624,5
5949,1694,عشق آباد,2345,5
5950,1696,کرج,1590,5
5951,1696,ماهدشت,2118,5
5952,1696,کمال شهر,2272,5
5953,1696,محمدشهر,2273,5
5954,1696,گرمدره,2635,5
5955,1697,آسارا,2070,5
5956,1698,هشتگرد,1587,5
5957,1698,گلسار,2026,5
5958,1698,مهستان,2664,5
5959,1699,کوهسار,2630,5
5960,1700,نظرآباد,1586,5
5961,1701,تنکمان,2025,5
5962,1702,طالقان,2169,5
5963,1704,اشتهارد,1584,5
5964,1705,پلنگ آباد,2981,5
5965,1706,فردیس,2282,5
5966,1707,مشکین‌دشت,2271,5
5967,1708,چهارباغ,2631,5
5968,4487,اراک 1,1678,7
5969,4487,اراک 2,1679,7
5970,4487,اراک 3,1680,7
5971,4487,اراک 4,2858,7
5972,4487,اراک 5,2859,7
5973,4497,ساوه 1,2860,7
5974,4497,ساوه 2,2861,7
5975,4525,بندرانزلی 1,2538,7
5976,4525,بندرانزلی 2,2539,7
5977,4536,رشت 1,1654,7
5978,4536,رشت 2,1655,7
5979,4536,رشت 3,1656,7
5980,4536,رشت 4,2098,7
5981,4536,رشت 5,2099,7
5982,4585,بابل 1,2743,7
5983,4585,بابل 2,2744,7
5984,4602,ساری 1,2740,7
5985,4602,ساری 2,2741,7
5986,4602,ساری 3,2742,7
5987,4643,تبریز 1,1621,7
5988,4643,تبریز 2,1622,7
5989,4643,تبریز 3,1623,7
5990,4643,تبریز 4,1624,7
5991,4643,تبریز 5,1651,7
5992,4643,تبریز 6,1652,7
5993,4643,تبریز 7,1653,7
5994,4643,تبریز 9,2071,7
5995,4643,تبریز 10,2072,7
5996,4643,تبریز 8,2521,7
5997,4653,مراغه 1,1649,7
5998,4653,مراغه 2,1650,7
5999,4718,ارومیه 1,2528,7
6000,4718,ارومیه 2,2529,7
6001,4718,ارومیه 3,2530,7
6002,4718,ارومیه 4,2531,7
6003,4718,ارومیه 5,2853,7
6004,4766,کرمانشاه 1,1666,7
6005,4766,کرمانشاه 2,1667,7
6006,4766,کرمانشاه 3,1668,7
6007,4766,کرمانشاه 4,1669,7
6008,4766,کرمانشاه 5,1670,7
6009,4766,کرمانشاه 6,1671,7
6010,4766,کرمانشاه 7,2856,7
6011,4766,کرمانشاه 8,2857,7
6012,4799,آبادان 1,1687,7
6013,4799,آبادان 2,1688,7
6014,4799,آبادان 3,2855,7
6015,4806,اهواز 1,1625,7
6016,4806,اهواز 2,1626,7
6017,4806,اهواز 3,1684,7
6018,4806,اهواز 4,1685,7
6019,4806,اهواز 5,1686,7
6020,4806,اهواز 6,2668,7
6021,4806,اهواز 7,2669,7
6022,4806,اهواز 8,2670,7
6023,4821,دزفول 1,1689,7
6024,4821,دزفول 2,1690,7
6025,4821,دزفول 3,2865,7
6026,4847,مسجدسلیمان 1,2671,7
6027,4847,مسجدسلیمان 2,2672,7
6028,4910,شیراز 11,1075,7
6029,4910,شیراز 1,1627,7
6030,4910,شیراز 2,1628,7
6031,4910,شیراز 3,1693,7
6032,4910,شیراز 4,1694,7
6033,4910,شیراز 5,1695,7
6034,4910,شیراز 7,2532,7
6035,4910,شیراز 8,2533,7
6036,4910,شیراز 9,2738,7
6037,4910,شیراز 10,2864,7
6038,5036,سیرجان 1,2675,7
6039,5036,سیرجان 2,2676,7
6040,5054,کرمان 1,1675,7
6041,5054,کرمان 2,1676,7
6042,5054,کرمان 3,1677,7
6043,5054,کرمان 4,2534,7
6044,5132,مشهد 1,1629,7
6045,5132,مشهد 2,1630,7
6046,5132,مشهد 3,1631,7
6047,5132,مشهد 4,1632,7
6048,5132,مشهد 5,1643,7
6049,5132,مشهد 6,1644,7
6050,5132,مشهد 7,1645,7
6051,5132,مشهد 8,1646,7
6052,5132,مشهد 9,1647,7
6053,5132,مشهد 10,1648,7
6054,5132,مشهد 12,2000,7
6055,5132,مشهد 11,2524,7
6056,5136,نیشابور 1,2786,7
6057,5136,نیشابور 2,2787,7
6058,5202,اصفهان 15,1407,7
6059,5202,اصفهان 1,1633,7
6060,5202,اصفهان 2,1634,7
6061,5202,اصفهان 3,1635,7
6062,5202,اصفهان 4,1636,7
6063,5202,اصفهان 5,1637,7
6064,5202,اصفهان 6,1638,7
6065,5202,اصفهان 7,1639,7
6066,5202,اصفهان 8,1640,7
6067,5202,اصفهان 9,1641,7
6068,5202,اصفهان 10,1642,7
6069,5202,اصفهان 12,2001,7
6070,5202,اصفهان 13,2002,7
6071,5202,اصفهان 14,2089,7
6072,5202,اصفهان 11,2554,7
6073,5322,زاهدان 1,1681,7
6074,5322,زاهدان 2,1682,7
6075,5322,زاهدان 3,1683,7
6076,5322,زاهدان 4,2862,7
6077,5322,زاهدان 5,2863,7
6078,5380,سنندج 1,1672,7
6079,5380,سنندج 2,1673,7
6080,5380,سنندج 3,1674,7
6081,5417,همدان 1,1691,7
6082,5417,همدان 2,1692,7
6083,5417,همدان 3,2522,7
6084,5417,همدان 4,2523,7
6085,5485,بروجرد 3,2988,7
6086,5516,ایلام 1,1659,7
6087,5516,ایلام 2,1660,7
6088,5618,زنجان 1,1664,7
6089,5618,زنجان 2,1665,7
6090,5618,زنجان 3,2384,7
6091,5618,زنجان 4,2958,7
6092,5661,یزد 4,1016,7
6093,5661,یزد 1,1657,7
6094,5661,یزد 2,1658,7
6095,5661,یزد 3,2525,7
6096,5679,بندرعباس 4,1089,7
6097,5679,بندر عباس 1,1697,7
6098,5679,بندر عباس 2,1698,7
6099,5679,بندر عباس 3,2091,7
6100,5728,تهران 1,1601,7
6101,5728,تهران 2,1602,7
6102,5728,تهران 3,1603,7
6103,5728,تهران 4,1604,7
6104,5728,تهران 5,1605,7
6105,5728,تهران 6,1606,7
6106,5728,تهران 7,1607,7
6107,5728,تهران 8,1608,7
6108,5728,تهران 9,1609,7
6109,5728,تهران 10,1610,7
6110,5728,تهران 11,1611,7
6111,5728,تهران 12,1612,7
6112,5728,تهران 13,1613,7
6113,5728,تهران 14,1614,7
6114,5728,تهران 15,1615,7
6115,5728,تهران 16,1616,7
6116,5728,تهران 17,1617,7
6117,5728,تهران 18,1618,7
6118,5728,تهران 19,1619,7
6119,5728,تهران 20,1620,7
6120,5728,تهران 21,2225,7
6121,5728,تهران 22,2226,7
6122,5757,اسلام‌شهر 6,1050,7
6123,5766,پاکدشت 1,1052,7
6124,5766,پاکدشت 2,1053,7
6125,5783,اردبیل 1,1662,7
6126,5783,اردبیل 2,1663,7
6127,5783,اردبیل 3,2575,7
6128,5783,اردبیل 4,2852,7
6129,5783,اردبیل 5,2873,7
6130,5819,قم 5,2096,7
6131,5819,قم 6,2097,7
6132,5819,قم 1,2221,7
6133,5819,قم 2,2222,7
6134,5819,قم 3,2223,7
6135,5819,قم 4,2224,7
6136,5819,قم 7,2810,7
6137,5819,قم 8,2811,7
6138,5839,قزوین 1,2291,7
6139,5839,قزوین 2,2292,7
6140,5839,قزوین 3,2520,7
6141,5839,قزوین 4,2703,7
6142,5862,گرگان 1,2697,7
6143,5862,گرگان 2,2698,7
6144,5862,گرگان 3,2866,7
6145,5868,گنبدکاووس 1,1095,7
6146,5868,گنبدکاووس 2,1096,7
6147,5950,کرج 1,2280,7
6148,5950,کرج 2,2281,7
6149,5950,کرج 4,2283,7
6150,5950,کرج 5,2284,7
6151,5950,کرج 6,2285,7
6152,5950,کرج 7,2286,7
6153,5950,کرج 8,2287,7
6154,5950,کرج 9,2288,7
6155,5950,کرج 10,2766,7
6156,5950,کرج 3,2767,7
6157,5965,فردیس 2,2540,7
6158,5965,فردیس 1,2982,7
6159,1710,امان آباد,000266,6
6160,1710,انجدان,000268,6
6161,1710,انجیرک,000269,6
6162,1710,جمالکه,000283,6
6163,1710,حسن آباد,000290,6
6164,1710,رودباران,000306,6
6165,1710,زالو,000307,6
6166,1710,ساق,000310,6
6167,1710,سوارآباد,000314,6
6168,1710,کاروانسرا,000340,6
6169,1710,کودزر,000345,6
6170,1710,گیلی,000349,6
6171,1711,داین,000064,6
6172,1711,دربند مرزیجران,000065,6
6173,1711,مرزیجران,000120,6
6174,1711,مهرآباد,000132,6
6175,1711,هزاوه,000143,6
6176,1711,رباط میربرات,005294,6
6177,1711,ساقی,005298,6
6178,1711,شمس آباد,005308,6
6179,1711,طرلان,005310,6
6180,1711,قزلیجه,005319,6
6181,1711,پادگان امام علی (ع),300018,6
6182,1712,خوشدون,000060,6
6183,1712,ویسمه,000142,6
6184,1712,ده نمک,000302,6
6185,1712,شمس آباد,300114,6
6186,1712,زرینه,800034,6
6187,1712,عباس آباد,800035,6
6188,1712,میره,800036,6
6189,1713,ایستگاه سمنگان,000001,6
6190,1713,رباط میل,000004,6
6191,1713,ضامن جان,000006,6
6192,1713,عقیل آباد,000007,6
6193,1713,قانیاروق پایین,000009,6
6194,1713,قانیاروق بالا,000010,6
6195,1713,گردو,000012,6
6196,1713,گوار,000013,6
6197,1713,نظم آباد,000371,6
6198,1713,خانه میران,005179,6
6199,1713,خورزن علیا,005181,6
6200,1713,قشلاق محمد قلی,005194,6
6201,1713,کله نمک کور,005337,6
6202,1713,نمک کور,005357,6
6203,1713,نیروگاه حرارتی 1300 مگاواتی شازند,301350,6
6204,1714,ارکوین,005169,6
6205,1714,بان,005171,6
6206,1714,جمال آباد,005173,6
6207,1714,چشمه پهن,005175,6
6208,1714,چنگزین,005177,6
6209,1714,خرم آباد,005180,6
6210,1714,دینه کبود,005182,6
6211,1714,ساکی سفلی,005185,6
6212,1714,ساکی علیا,005186,6
6213,1714,سیرکند,005187,6
6214,1714,شمس آباد,005188,6
6215,1714,علیم آباد,005189,6
6216,1714,علی آباد,005190,6
6217,1714,قاسم آباد,005193,6
6218,1714,گل تپه,005198,6
6219,1714,گلشن آباد,005199,6
6220,1714,گوشه,005200,6
6221,1714,معدن شمس آباد,005201,6
6222,1714,نور عین,005204,6
6223,1714,نیستان,005205,6
6224,1715,ابراهیم آباد,000035,6
6225,1715,آزاد مرزآباد,000037,6
6226,1715,ایبک آباد,000042,6
6227,1715,حرآباد,000052,6
6228,1715,شاهد,000059,6
6229,1715,دهلق,000068,6
6230,1715,سوسن آباد,000075,6
6231,1715,کمال آباد بالا,000097,6
6232,1715,کمال آباد پایین,000098,6
6233,1715,محمدیه,000114,6
6234,1715,مرادآباد,000119,6
6235,1715,مشهد میقان,000128,6
6236,1715,مصلح آباد,000129,6
6237,1715,راهزان,000303,6
6238,1715,طرمزد,000328,6
6239,1715,گاوخانه,000347,6
6240,1715,مبارک آباد,000351,6
6241,1715,میقان,000370,6
6242,1715,شهرک صنعتی ایبک آباد,301205,6
6243,1715,مرکز میوه و تره بار,301374,6
6244,1716,احمدآباد,000260,6
6245,1716,بغدادی,000276,6
6246,1716,پادگان مالک اشتر,000279,6
6247,1716,چقا,000287,6
6248,1716,حاجی آباد,000288,6
6249,1716,حسین آباد,000294,6
6250,1716,رسول آباد,000305,6
6251,1716,شرکت تولیدی برق,000320,6
6252,1716,شهرک دانشگاهی دانشگاه آزاد,000324,6
6253,1716,شهرجرد,000325,6
6254,1716,فرودگاه امام خمینی,301377,6
6255,1716,پدافند هوایی,800027,6
6256,1717,بهادرستان,000045,6
6257,1717,طور سینا,000079,6
6258,1717,قلعه ارجناوند,000093,6
6259,1717,کلاغ نشین,000096,6
6260,1717,جام آباد,000623,6
6261,1717,جیریا,000626,6
6262,1717,قطارآغاج سفلی,000683,6
6263,1717,گاوجلو,000695,6
6264,1717,گنج گلی,000698,6
6265,1717,لنجاب سفلی,000703,6
6266,1717,فارسیجان,001180,6
6267,1717,کرکان پایین,001194,6
6268,1717,کرکان بالا,001195,6
6269,1717,ناحیه صنعتی شهید فروزان,301366,6
6270,1717,قلعه بالا ساروق,800015,6
6271,1717,بهادرستان سفلی,800078,6
6272,1718,دیلم زار,000069,6
6273,1718,فتح آباد,000088,6
6274,1718,قاسم آباد,000092,6
6275,1718,قهیه,000094,6
6276,1718,گمیز,000099,6
6277,1718,محمودیه,000116,6
6278,1718,مسن آباد,000124,6
6279,1718,مشکان,000125,6
6280,1718,مشهدالکوبه,000126,6
6281,1718,مشهد گرمه,000127,6
6282,1718,میچان,000134,6
6283,1718,نوازن,000140,6
6284,1718,وزیرآباد,000141,6
6285,1718,امامزاده علی بلاغی,800016,6
6286,1719,انقان,000271,6
6287,1719,معصومیه,000327,6
6288,1719,قلعه نو,000335,6
6289,1719,مرادآباد,000356,6
6290,1719,شرکت تعاونی رایحه پردیس,000359,6
6291,1719,ملک آباد,000366,6
6292,1719,موت آباد,000375,6
6293,1719,تولید بذر علوفه کرک,263012,6
6294,1719,کشت و صنعت زرین خوشه,300093,6
6295,1719,پادگان ولیعصر,300095,6
6296,1720,ابراهیم آباد,000258,6
6297,1720,مهمانشهر شهید قریی,000262,6
6298,1720,چشمه خورزن,000286,6
6299,1720,خیرآباد,000297,6
6300,1720,سهل آباد,000315,6
6301,1720,شانق,000318,6
6302,1720,شهسواران,000326,6
6303,1720,امرآباد,000332,6
6304,1720,قلعه مشک آباد,000334,6
6305,1720,لته در,000350,6
6306,1720,میرآباد,000369,6
6307,1720,علی آباد,300111,6
6308,1720,شهرک صنعتی خیرآباد,301378,6
6309,1720,شهر جدید امیرکبیر,800079,6
6310,1721,نورآباد,000968,6
6311,1721,جعفرآباد,000969,6
6312,1721,چشمه اله وردی,000971,6
6313,1721,دستجرده,000976,6
6314,1721,زنگ آباد,000981,6
6315,1721,سیاوشان,000984,6
6316,1721,صفرآباد,000987,6
6317,1721,فیض آباد,000990,6
6318,1721,نوده,000997,6
6319,1721,نجف آباد,001216,6
6320,1721,حسین آباد نعمی,300158,6
6321,1722,آهو,000965,6
6322,1722,بن چنار,000966,6
6323,1722,خورچه,000974,6
6324,1722,زرنوشه,000978,6
6325,1722,سعدآباد,000982,6
6326,1722,سقرجوق,000983,6
6327,1722,شوره بالا,000985,6
6328,1722,شوره پایین,000986,6
6329,1722,گرکان,000991,6
6330,1722,محسن آباد,000992,6
6331,1722,موسی آباد,000995,6
6332,1722,نادرآباد,000996,6
6333,1722,نیکچه,000998,6
6334,1722,امروده بالا,300162,6
6335,1722,بچه آباد,300163,6
6336,1722,مزرعه جنت,800010,6
6337,1722,مزرعه آلیانی,800087,6
6338,1722,اسدآباد,800092,6
6339,1723,امیرآباد,001035,6
6340,1723,انانجرد,001036,6
6341,1723,بهارستان,001040,6
6342,1723,خوراک آباد,001044,6
6343,1723,دوگوش,001045,6
6344,1723,سرهرود,001047,6
6345,1723,سعیدآباد,001048,6
6346,1723,صالح آباد,001049,6
6347,1723,کردیجان,001051,6
6348,1723,کوشکک,001053,6
6349,1723,محمدآباد,001055,6
6350,1723,مزرعه نو,001056,6
6351,1723,هزارآباد,001060,6
6352,1723,ورسان,005761,6
6353,1724,ازناییه بی بی مهری/ ازناییه بالا,001374,6
6354,1724,بازرجان,001383,6
6355,1724,بن نسا,001385,6
6356,1724,جوی دراز,001388,6
6357,1724,دادغان,001393,6
6358,1724,زاغر,001402,6
6359,1724,تراران پایین,001409,6
6360,1724,تراران بالا,001410,6
6361,1724,عبداله آباد پایین,001411,6
6362,1724,کبوران,001414,6
6363,1724,کهک,001415,6
6364,1724,گیان پایین,001421,6
6365,1724,لالایین,001424,6
6366,1724,مشهد بارزجان,001427,6
6367,1724,نقوسان,001429,6
6368,1724,نورآباد پایین,001431,6
6369,1724,عبداله آباد بالا,001435,6
6370,1724,قلعه قدس,001437,6
6371,1724,معین آباد,001440,6
6372,1724,دادمرز,001442,6
6373,1724,کوهین,001443,6
6374,1724,الویجان,001445,6
6375,1724,طاد,001446,6
6376,1724,دینجرد,001448,6
6377,1724,کوکان,001449,6
6378,1724,دربر,001514,6
6379,1724,زرجین,001518,6
6380,1724,عزالدین,001525,6
6381,1724,قزلجه,001532,6
6382,1724,کریان,001537,6
6383,1724,وایمند,001557,6
6384,1724,قلعه عمران,301236,6
6385,1724,آسیاب جلال,301330,6
6386,1724,قلعه منصوریه,800002,6
6387,1724,قطب صنعتی تفرش,800040,6
6388,1725,قوشه خانی,000859,6
6389,1725,وسمق,000865,6
6390,1725,هفتیان,000869,6
6391,1725,احمدآباد,001496,6
6392,1725,احمدیه,001497,6
6393,1725,بکلیک,001503,6
6394,1725,ثمردشت,001505,6
6395,1725,جفتان,001506,6
6396,1725,جورقین,001508,6
6397,1725,حشه,001510,6
6398,1725,دیزک,001516,6
6399,1725,شولک,001520,6
6400,1725,شیرین بلاغ,001521,6
6401,1725,طیرزآباد,001522,6
6402,1725,عباس آباد,001523,6
6403,1725,فرک,001527,6
6404,1725,فسنگان,001529,6
6405,1725,فلوجرد,001530,6
6406,1725,قره جاقیه,001531,6
6407,1725,قزلقاش,001533,6
6408,1725,کوره,001543,6
6409,1725,کهلو سفلی,001544,6
6410,1725,کهلو علیا,001545,6
6411,1725,گزاوند,001547,6
6412,1725,گوجه گل,001548,6
6413,1725,کوک سیگرد,001549,6
6414,1725,محمدآباد,001550,6
6415,1725,نو بهار,001556,6
6416,1725,هفتان سفلی,001559,6
6417,1725,هفتان علیا,001560,6
6418,1726,ابره در,001373,6
6419,1726,قلعه آلا,001378,6
6420,1726,خرازان,001391,6
6421,1726,خرازان کهنه,001392,6
6422,1726,دیزج,001399,6
6423,1726,سرآبادان,001403,6
6424,1726,داران علیا,001433,6
6425,1726,جلایر,001507,6
6426,1726,خانک,001511,6
6427,1726,فریسمانه,001528,6
6428,1726,گزیین,001539,6
6429,1726,کندج,001541,6
6430,1727,دارستان,001148,6
6431,1727,سربند,001161,6
6432,1727,سفیداب,001162,6
6433,1727,کنگران,001190,6
6434,1727,کشه,001196,6
6435,1727,چال,001389,6
6436,1727,سفید شبان,001405,6
6437,1727,قاسم آباد,001406,6
6438,1727,شهراب,001408,6
6439,1728,آشناخور,001710,6
6440,1728,حسین آباد,001713,6
6441,1728,نورآباد,001715,6
6442,1728,رضاآباد,001716,6
6443,1728,قلعه آشناخور,001718,6
6444,1728,نصرآباد,001720,6
6445,1728,بهمن آباد,215747,6
6446,1728,خورزن,215770,6
6447,1728,دهنو,215781,6
6448,1728,عکس آباد,215798,6
6449,1728,علی آباد,215799,6
6450,1728,فرج آباد,215800,6
6451,1728,قره کهریز,215806,6
6452,1729,آشیانه سفلی,000264,6
6453,1729,آشیانه علیا,000265,6
6454,1729,جوباده,000284,6
6455,1729,سیان سفلی,000316,6
6456,1729,سیان علیا,000317,6
6457,1729,امامزاده ورچه,001755,6
6458,1729,امیرآباد,001757,6
6459,1729,بلاورجان,001761,6
6460,1729,جهان قلعه,001765,6
6461,1729,چنار,001769,6
6462,1729,چوگان,001770,6
6463,1729,خشتیجان,001774,6
6464,1729,خیزاب,001776,6
6465,1729,رباط آغاج,001780,6
6466,1729,سرطاق,001782,6
6467,1729,سرکوبه,001783,6
6468,1729,فرشیدیه,001793,6
6469,1729,منصوریه-منصور خواجه,001820,6
6470,1729,نازی,001821,6
6471,1729,عاشقه,001990,6
6472,1729,فرفهان,001992,6
6473,1729,شهرک صنعتی خمین,301331,6
6474,1729,سده حمزه لو,800064,6
6475,1730,برگله,001711,6
6476,1730,بابا قلعه,001712,6
6477,1730,سکانه,001717,6
6478,1730,بید رستم,001968,6
6479,1730,بیلاق,001969,6
6480,1730,پشتکوه,001970,6
6481,1730,حسن فلک,001975,6
6482,1730,حسین آباد بوجه,001976,6
6483,1730,حشمتیه,001978,6
6484,1730,دربند لران,001980,6
6485,1730,ریحان سفلی,001984,6
6486,1730,ریحان علیا,001985,6
6487,1730,امیریه,001986,6
6488,1730,شمس آباد,001987,6
6489,1730,عباس آباد,001991,6
6490,1730,فرنام,001993,6
6491,1730,فرنق,001994,6
6492,1730,قلعه فرهادیه,001995,6
6493,1730,زینل آباد,002000,6
6494,1730,قیاپا,002003,6
6495,1730,قلعه گلزرد,002005,6
6496,1730,گوشه محمد مالک,002006,6
6497,1730,محمودآباد,002008,6
6498,1730,نهشهر,002022,6
6499,1731,امامزاده یوجان,001756,6
6500,1731,حاجی آباد,001771,6
6501,1731,خوراوند,001773,6
6502,1731,خوگان,001775,6
6503,1731,دیوکن,001779,6
6504,1731,سیدآباد,001786,6
6505,1731,گلدشت,001789,6
6506,1731,قاسم آباد,001794,6
6507,1731,قلته,001795,6
6508,1731,قلعه یوجان,001796,6
6509,1731,مجدیان,001804,6
6510,1731,واپیله,001823,6
6511,1731,ارزقان,001962,6
6512,1731,اکبرآباد,001966,6
6513,1731,حسین آباد سادات,001977,6
6514,1731,رازان,001981,6
6515,1731,تانجران,001989,6
6516,1731,قلعه افشار,001999,6
6517,1731,میشیجان سفلی,002019,6
6518,1731,میشیجان علیا,002020,6
6519,1731,ازنوجان,002086,6
6520,1731,جعفرآباد,002093,6
6521,1731,حیدرآباد,002097,6
6522,1731,زورقان,002102,6
6523,1731,قلعه محمدآباد,002112,6
6524,1731,محمودآباد,002121,6
6525,1731,ورآباد,002128,6
6526,1732,استخر میان صحرا,001963,6
6527,1732,اسدآباد,001964,6
6528,1732,چشمه سفید,001972,6
6529,1732,رشیدآباد,001982,6
6530,1732,امین آباد,002089,6
6531,1732,باغ میرقیدو,002090,6
6532,1732,بهدشت,002091,6
6533,1732,جلماجرد جدید,002094,6
6534,1732,جلماجرد عتیق,002095,6
6535,1732,علی آباد,002098,6
6536,1732,رباط ارجمند/ رباط کفسان,002099,6
6537,1732,رضاآباد,002100,6
6538,1732,رضاآباد قیدو,002101,6
6539,1732,سیاوش آباد,002104,6
6540,1732,شهر میزان,002105,6
6541,1732,رباط مراد,002106,6
6542,1732,فتح آباد,002107,6
6543,1732,فشارود,002108,6
6544,1732,قاسم آباد قیدو,002109,6
6545,1732,قلعه قنات,002111,6
6546,1732,قلعه محمدبیگ,002113,6
6547,1732,قوچستان,002114,6
6548,1732,قیدو,002115,6
6549,1732,کفسان,002117,6
6550,1732,گدار دوم,002119,6
6551,1732,گدار سوم,002120,6
6552,1732,مزاین,002122,6
6553,1732,مهستان,002125,6
6554,1732,میان رودان,002126,6
6555,1732,نفیس,002127,6
6556,1732,یمن,002129,6
6557,1732,دماب,002132,6
6558,1733,آشمسیان,001664,6
6559,1733,امامزاده عبدالله,001665,6
6560,1733,برجک,001667,6
6561,1733,برفیان,001668,6
6562,1733,پلولی,001669,6
6563,1733,چقا سیف الدین,001671,6
6564,1733,خلیل آباد,001675,6
6565,1733,دره,001676,6
6566,1733,دره گرم,001677,6
6567,1733,جوادیه,001678,6
6568,1733,دمنی,001679,6
6569,1733,ده ملا,001680,6
6570,1733,سوکقزقان,001681,6
6571,1733,فرقس,001685,6
6572,1733,قشلاق بیات,001686,6
6573,1733,مهدی آباد,001687,6
6574,1733,قشلاق سادات,001688,6
6575,1733,قلعه بابو,001690,6
6576,1733,قلعه حاجی شفیع,001691,6
6577,1733,چهارچشمه,001692,6
6578,1733,کاظم آباد,001696,6
6579,1733,کمانکش,001698,6
6580,1733,لوزدر,001700,6
6581,1733,مزرعه قاسم,001701,6
6582,1733,مزرعه نو,001702,6
6583,1733,مکان,001705,6
6584,1733,آقداش,001709,6
6585,1733,مهرآباد,001714,6
6586,1734,اندرپا,000270,6
6587,1734,امین آباد,001666,6
6588,1734,چهارطاق,001672,6
6589,1734,حسین آباد,001673,6
6590,1734,محمدیه,001674,6
6591,1734,طیب آباد,001682,6
6592,1734,علی آباد,001684,6
6593,1734,کجارستان,001697,6
6594,1734,لکان,001699,6
6595,1734,دره شور,001777,6
6596,1734,مزارع,001806,6
6597,1734,ورچه,001824,6
6598,1734,استهلک,001898,6
6599,1734,تهیق,001900,6
6600,1734,حاجی آباد,001901,6
6601,1734,دانیان,001904,6
6602,1734,داودآباد,001905,6
6603,1734,ده سفید,001906,6
6604,1734,سیف آباد,001911,6
6605,1734,فیضی حسن,001912,6
6606,1734,کندها,001914,6
6607,1734,لیلیان,001916,6
6608,1734,محمدآباد,001917,6
6609,1734,مزرعه حسین علیا,001920,6
6610,1734,میبران,001928,6
6611,1734,خیرآباد,001929,6
6612,1734,اسفنجه,001965,6
6613,1734,باباکا,001974,6
6614,1734,کوکه,002004,6
6615,1734,رباط سفلی,005183,6
6616,1734,رباط علیا,005184,6
6617,1734,ایستگاه تحقیقات حبوبات,301254,6
6618,1734,سعیدآباد,800041,6
6619,1735,دانی آباد,002270,6
6620,1735,دودهک,002271,6
6621,1735,عبدالعلی,002288,6
6622,1735,بهاریه,002373,6
6623,1735,چنارستان,002374,6
6624,1735,راونج,002376,6
6625,1735,ابوالسحق,002379,6
6626,1735,ضیاءآباد,002381,6
6627,1735,قوچک,002383,6
6628,1735,گرگان,002384,6
6629,1735,محسن آباد,002389,6
6630,1735,راوه,007440,6
6631,1735,کهک,007461,6
6632,1735,مجتمع سد پانزده خرداد,300569,6
6633,1735,شرکت کویر احیاء,300583,6
6634,1735,شرکت سیمان دلیجان,800003,6
6635,1735,مزرعه صدرآباد,800005,6
6636,1735,فیروزآباد,800007,6
6637,1735,کشت و صنعت اناربار,800012,6
6638,1735,مزرعه هاشمی,800017,6
6639,1735,مزرعه برگ بهشت,800019,6
6640,1735,مجتمع خدماتی رفاهی سعادت,800080,6
6641,1735,دانشگاه آزاد دلیجان,800081,6
6642,1735,مجتمع دامداریهای دلیجان,800082,6
6643,1736,رباط ترک,002272,6
6644,1736,کشتارگاه سیمرغ,002308,6
6645,1736,هستیجان,002312,6
6646,1736,توت,002502,6
6647,1736,چهارباغ,002512,6
6648,1736,فرنق,002520,6
6649,1736,درب جوقا,002525,6
6650,1736,دوریدان,002531,6
6651,1736,دوزیا,002532,6
6652,1736,سینقان,002543,6
6653,1736,شانق,002544,6
6654,1736,قالهر,002555,6
6655,1736,محمودآباد,002596,6
6656,1736,مزوش,002617,6
6657,1736,شهرک صنعتی دلیجان,800009,6
6658,1736,صالح آباد پایین,800014,6
6659,1736,مهدی آباد,800084,6
6660,1737,بیجگان,002224,6
6661,1737,زر,002228,6
6662,1737,کروگان,002232,6
6663,1737,واران,002235,6
6664,1737,وسقونقان,002236,6
6665,1737,وشتگان,002237,6
6666,1737,هرازیجان,002238,6
6667,1737,شرکت درنا جوجه,301386,6
6668,1738,جوشق,002423,6
6669,1738,خاوه,002428,6
6670,1738,ریجان,002432,6
6671,1738,بهار,002441,6
6672,1738,مهدی آباد,002443,6
6673,1738,لاران,002445,6
6674,1738,احمدآباد,002488,6
6675,1738,کالدار بالا,002560,6
6676,1738,محمدآباد,002593,6
6677,1738,نصرت آباد,002622,6
6678,1738,شرکت گلکاران,301184,6
6679,1738,طالبه,800008,6
6680,1738,آب معدنی پودنا,800083,6
6681,1739,ده آقا,002891,6
6682,1739,اشموییل پیغمبر,002913,6
6683,1739,نشوه,002995,6
6684,1739,اکبرآباد نیوشت,003875,6
6685,1739,حقانیه,003940,6
6686,1739,زمان آباد,003956,6
6687,1739,سماوک,003967,6
6688,1739,شاهسون کندی سفلی,003977,6
6689,1739,شاهسون کندی علیا,003978,6
6690,1739,عزیزآباد,003996,6
6691,1739,قشلاق فتح اله,004014,6
6692,1739,قلعه آقدره,004024,6
6693,1739,نیوشت,004094,6
6694,1739,یکه باغ سفلی,004105,6
6695,1739,چنار,004521,6
6696,1739,خلخاب,004524,6
6697,1739,ارجرود,004589,6
6698,1739,آشیانک,004594,6
6699,1739,امامزاده خورق,004598,6
6700,1739,بندنقین,004601,6
6701,1739,پلنگ آباد,004602,6
6702,1739,جمشیدآباد,004610,6
6703,1739,چهل گزی,004612,6
6704,1739,رازین,004623,6
6705,1739,سوسن نقین,004629,6
6706,1739,سولاب,004630,6
6707,1739,صفی آباد,004633,6
6708,1739,قارلوق,004640,6
6709,1739,قیاجیک,004646,6
6710,1739,قیطانیه,004647,6
6711,1739,ورکبار سفلی,004676,6
6712,1739,یلداش آباد,004680,6
6713,1739,بالن,300855,6
6714,1739,شرکت مجتمع شیر و گوشت دام دشت ساوه,301406,6
6715,1739,مجتمع مشاعهای دشت لویین,301411,6
6716,1739,کارخانه گچ حقیقت,800049,6
6717,1739,مزرعه آقدره,800089,6
6718,1740,عباس آباد نارباغی,003380,6
6719,1740,احمدآباد,003868,6
6720,1740,احمدآباد شادجرد,003869,6
6721,1740,انجیلاوند سفلی,003887,6
6722,1740,انجیلاوند علیا,003888,6
6723,1740,ایریجه,003893,6
6724,1740,ایستگاه کوه پنک,003897,6
6725,1740,ایستگاه نودشت,003898,6
6726,1740,باغ شیخ,003903,6
6727,1740,بلاغ,003908,6
6728,1740,تخته چمن,003914,6
6729,1740,جعفرآباد,003919,6
6730,1740,حاجی آباد,003931,6
6731,1740,حسن آباد تپه خشتی,003934,6
6732,1740,حسین آباد,003936,6
6733,1740,خرم آباد,003943,6
6734,1740,رضاآباد,003952,6
6735,1740,سرشکاف,003963,6
6736,1740,سینک,003975,6
6737,1740,شهر صنعتی کاوه,003985,6
6738,1740,طراز ناهید,003993,6
6739,1740,فتح آباد,003999,6
6740,1740,قشلاق انجیلاوند سفلی,004010,6
6741,1740,قشلاق کوچک خان,004017,6
6742,1740,قلعه عبداله,004029,6
6743,1740,کشکول آباد,004043,6
6744,1740,گچکون,004049,6
6745,1740,گرگ انبان,004050,6
6746,1740,مزرعه اسلام آباد,004063,6
6747,1740,والمان,004096,6
6748,1740,اردوگاه شهید ناصری,263004,6
6749,1740,چکونده,300772,6
6750,1740,مزرعه سه چاه,300773,6
6751,1740,مزرعه اجاق,300774,6
6752,1740,کارخانجات نورد لوله صفا,800055,6
6753,1740,موسسه آموزش عالی غیرانتفاعی,800057,6
6754,1740,شهرک صنعتی ساوه,800086,6
6755,1741,استوج,003870,6
6756,1741,اکبرآباد,003874,6
6757,1741,اندیس,003889,6
6758,1741,اوجان,003890,6
6759,1741,شهرستانک,003894,6
6760,1741,غازم آباد,003917,6
6761,1741,جوجین,003922,6
6762,1741,چی چی آباد,003930,6
6763,1741,حصار قلیج,003939,6
6764,1741,ده آقا جدید,003950,6
6765,1741,سرآسیاب,003959,6
6766,1741,سیف آباد,003974,6
6767,1741,صالح آباد,003990,6
6768,1741,صفی آباد,003991,6
6769,1741,صیدآباد,003992,6
6770,1741,طرخوران,003994,6
6771,1741,عباس آباد,003995,6
6772,1741,فخرآباد,004001,6
6773,1741,فنسقان,004002,6
6774,1741,قشلاق حسین آباد,004012,6
6775,1741,قره چای,004016,6
6776,1741,قلعه شیرخان,004028,6
6777,1741,قلندریه,004032,6
6778,1741,امام آباد,004045,6
6779,1741,مجیدآباد,004056,6
6780,1741,مرادخانلی,004062,6
6781,1741,مزرعه بانک کشاورزی,004065,6
6782,1741,دالستان,004095,6
6783,1741,هریسان,004100,6
6784,1741,مزرعه حسین آباد,005891,6
6785,1741,خودروسازی بن رو,300822,6
6786,1741,پاژنامه,300826,6
6787,1741,شرکت رانیران,301257,6
6788,1741,مرکز آموزش کشاورزی,800028,6
6789,1742,آسیابک بند,003873,6
6790,1742,آلوسجرد,003876,6
6791,1742,انجیرلو,003886,6
6792,1742,باغ شاهی,003902,6
6793,1742,جوانک,003921,6
6794,1742,جلال آباد,003927,6
6795,1742,حسن آباد بند,003933,6
6796,1742,حسن آباد شیر محمد,003935,6
6797,1742,حسین آباد شیرمحمد,003937,6
6798,1742,حمرین,003942,6
6799,1742,دارمه,003946,6
6800,1742,دینارآباد,003951,6
6801,1742,زرین آباد,003955,6
6802,1742,زنگانه,003957,6
6803,1742,سرخه ده,003961,6
6804,1742,سقانلیق,003964,6
6805,1742,سلی جرد,003966,6
6806,1742,سیدقلی,003973,6
6807,1742,علی آباد بند,003997,6
6808,1742,قردین,004006,6
6809,1742,قزل خرابه,004008,6
6810,1742,قشلاق چلبلو,004011,6
6811,1742,قشلاق سیاله,004013,6
6812,1742,قلعک,004023,6
6813,1742,قوچ امامی,004033,6
6814,1742,قیزقلعه,004036,6
6815,1742,کهک قلعک,004048,6
6816,1742,گوهرآباد,004053,6
6817,1742,لالایین,004055,6
6818,1742,محمودآباد,004059,6
6819,1742,مزرعه برکه,004066,6
6820,1742,شرفلو,004077,6
6821,1742,ملک آباد,004088,6
6822,1742,نورعلی بیک,004092,6
6823,1742,هلول,004102,6
6824,1742,یل آباد,004107,6
6825,1742,یوسف آباد,004109,6
6826,1742,یولاق,004110,6
6827,1742,مرق,004661,6
6828,1742,مرق کان,004662,6
6829,1742,قشلاق قیوجیک,300777,6
6830,1742,مجتمع کارخانجات رنگرز,300850,6
6831,1742,پادگان قدس,300853,6
6832,1742,موتورآب هفت نفره,300856,6
6833,1742,دانشگاه آزاد اسلامی ساوه,300858,6
6834,1742,بندچای,301259,6
6835,1742,اسماعیل آباد,800013,6
6836,1742,مزرعه خوشه های زرین,800088,6
6837,1743,اتلن,004509,6
6838,1743,اردمین,004510,6
6839,1743,اسکین,004511,6
6840,1743,بادام چالق,004513,6
6841,1743,بیجی گرد,004514,6
6842,1743,بیوران,004515,6
6843,1743,ترشک,004517,6
6844,1743,چمران,004520,6
6845,1743,زمبر,004527,6
6846,1743,ساریقاش,004528,6
6847,1743,سنگک,004531,6
6848,1743,قزل قاش,004534,6
6849,1743,کشکور,004536,6
6850,1743,لویین,004539,6
6851,1743,میچک,004544,6
6852,1743,یاری آباد,004546,6
6853,1743,آق کهریز,004595,6
6854,1743,اکبرآباد قوشچی,004597,6
6855,1743,بالقلو,004600,6
6856,1743,غازم آباد,004605,6
6857,1743,پیمان,004618,6
6858,1743,دولت آباد,004621,6
6859,1743,علی درزی,004637,6
6860,1743,کله دشت,004651,6
6861,1743,کهک سفلی,004653,6
6862,1743,مر,004659,6
6863,1743,ویسمان,004677,6
6864,1743,مرغداری جوجه طلایی,800047,6
6865,1743,آریادشت,800090,6
6866,1743,شهرک صنعتی غرق آباد,800091,6
6867,1744,باغچه غاز,001501,6
6868,1744,ابراهیم آباد,004380,6
6869,1744,آقچه قلعه,004382,6
6870,1744,آقگل,004384,6
6871,1744,بابک لو,004386,6
6872,1744,تیمورقاش,004391,6
6873,1744,دخان,004397,6
6874,1744,دروازه,004398,6
6875,1744,ستق,004400,6
6876,1744,فولادباغی,004404,6
6877,1744,قوچ بلاغی,004407,6
6878,1744,کردک,004408,6
6879,1744,گوجه منار,004411,6
6880,1744,مچینک,004423,6
6881,1744,توحیدلو,004473,6
6882,1744,چاه بار,004475,6
6883,1744,خرم آباد,004478,6
6884,1744,دربند,004479,6
6885,1744,دوروزان,004480,6
6886,1744,سرتان,004482,6
6887,1744,فستق,004483,6
6888,1744,مزرعه ترشک,004487,6
6889,1744,تجره,004516,6
6890,1744,مراغه,004540,6
6891,1744,آرا قلعه,004588,6
6892,1744,استیجک,004591,6
6893,1744,جمالک,004609,6
6894,1744,خلیفه کندی,004616,6
6895,1744,دمورچی,004620,6
6896,1744,طاهره خاتون,004634,6
6897,1744,قلعه احمدبیک,004644,6
6898,1744,قلعه تین,004645,6
6899,1744,کردخورد سفلی,004648,6
6900,1744,کردخورد علیا,004649,6
6901,1744,مزلقان,004663,6
6902,1744,مسلم آباد,004666,6
6903,1744,میمه,004670,6
6904,1744,کشت و صنعت موزعیه,300651,6
6905,1744,شهرک صنعتی نوبران,800060,6
6906,1745,آق قلعه,004381,6
6907,1745,آقداش,004383,6
6908,1745,بایخان,004387,6
6909,1745,جعفرآباد,004392,6
6910,1745,چال فخره,004394,6
6911,1745,حمیدیه,004395,6
6912,1745,خانقاه,004396,6
6913,1745,سنگستان,004401,6
6914,1745,کره بر,004409,6
6915,1745,کمالو,004410,6
6916,1745,مقصودآباد,004422,6
6917,1745,یاتان,004424,6
6918,1745,ینگی قلعه,004425,6
6919,1745,جوشقان,004474,6
6920,1745,حریقان,004522,6
6921,1745,ورکبار علیا,004545,6
6922,1745,جل اکبر,004607,6
6923,1745,سامان,004625,6
6924,1745,قرمزین,004642,6
6925,1745,داغ کندی,209351,6
6926,1745,شادباغی,209365,6
6927,1745,قارلق,209375,6
6928,1745,گزل دره,209383,6
6929,1746,باغک/ اردوگاه امیرکبیر,005255,6
6930,1746,برج,005261,6
6931,1746,پاکل,005264,6
6932,1746,پاموزه,005266,6
6933,1746,پرکله,005268,6
6934,1746,خراجی,005285,6
6935,1746,دو خواهران,005292,6
6936,1746,سرسختی بالا,005301,6
6937,1746,ضیاءآباد,005309,6
6938,1746,ظهیرآباد آستانه,005311,6
6939,1746,عضدیه,005314,6
6940,1746,نورآباد,005358,6
6941,1746,برج چشمه محمود,215745,6
6942,1746,پلنگدر,215750,6
6943,1746,چشمه سعیدان جدید,300952,6
6944,1746,قلعه عباس آباد,301324,6
6945,1746,قلعه بالمان,301325,6
6946,1746,قلعه آقا حمید,301326,6
6947,1746,شهر صنعتی آستانه,800085,6
6948,1747,اکبرآباد,005249,6
6949,1747,البرز,005250,6
6950,1747,غینر,005274,6
6951,1747,جمال آباد,005277,6
6952,1747,حک سفلی,005282,6
6953,1747,حک علیا,005283,6
6954,1747,چشمه سار,005291,6
6955,1747,ده پول,005293,6
6956,1747,رشان,005295,6
6957,1747,سرسختی پایین,005300,6
6958,1747,سورانه,005307,6
6959,1747,علی آباد,005315,6
6960,1747,قدمگاه,005317,6
6961,1747,قلعه کوکبیه,005327,6
6962,1747,کزاز,005336,6
6963,1747,ورقا,005360,6
6964,1748,آغچه بلاغ,004889,6
6965,1748,ارکلو,004892,6
6966,1748,اسکندرلو,004893,6
6967,1748,آقبلاغ فرج بیک,004894,6
6968,1748,آقبلاغ سادات,004898,6
6969,1748,ایمانلو,004900,6
6970,1748,باجگیران,004901,6
6971,1748,برج عیوض,004907,6
6972,1748,بهرام آباد,004909,6
6973,1748,چال هما,004918,6
6974,1748,چم رحیم,004919,6
6975,1748,چنارستان,004920,6
6976,1748,حاج یوسف,004925,6
6977,1748,خلج سفلی,004931,6
6978,1748,خلج علیا,004932,6
6979,1748,خلیفه بلاغی,004934,6
6980,1748,خمستان,004935,6
6981,1748,خنار دره سفلی,004936,6
6982,1748,خنار دره علیا,004937,6
6983,1748,دو آب,004940,6
6984,1748,ده اصغر,004943,6
6985,1748,ده آقا,004944,6
6986,1748,ده حسین,004945,6
6987,1748,ده خرابه کند,004947,6
6988,1748,ده داود,004948,6
6989,1748,ده ذوالفقار,004949,6
6990,1748,ده زمان,004950,6
6991,1748,ده سلمان,004951,6
6992,1748,ده گلشن,004957,6
6993,1748,ده کوثر,004958,6
6994,1748,ده مهدی,004960,6
6995,1748,ده میرقاسم,004961,6
6996,1748,روشت,004965,6
6997,1748,سارجلو,004969,6
6998,1748,سراب,004970,6
6999,1748,سیاه سلطان,004973,6
7000,1748,عزت آباد,004977,6
7001,1748,علی قورچی,004979,6
7002,1748,فاقرلو,004980,6
7003,1748,فیزیانه سفلی,004981,6
7004,1748,قاییدان,004983,6
7005,1748,قرینه دره,004988,6
7006,1748,قشلاق,004989,6
7007,1748,قلعه تیمورخان,004990,6
7008,1748,قلعه نو,004991,6
7009,1748,کارخانه,004995,6
7010,1748,کهنه حصار,004998,6
7011,1748,گچلو,004999,6
7012,1748,گزطاف سفلی,005000,6
7013,1748,گزطاف علیا,005001,6
7014,1748,گلبداغ,005003,6
7015,1748,گل زرد مالمیر,005005,6
7016,1748,لوزدر سفلی,005008,6
7017,1748,لوزدر علیا,005009,6
7018,1748,لوزدر وسطی,005010,6
7019,1748,محمودآباد,005012,6
7020,1748,مرادخان,005013,6
7021,1748,مروار,005014,6
7022,1748,مصرلو,005016,6
7023,1748,ملحمدر,005019,6
7024,1748,ملاباقر سفلی,005020,6
7025,1748,ملاباقر علیا,005021,6
7026,1748,نظام آباد,005023,6
7027,1748,وزمستان سفلی,005025,6
7028,1748,فیزیانه علیا,300886,6
7029,1748,سد کمال صالح,800056,6
7030,1749,آب بخشان,004888,6
7031,1749,آقبلاغ محمد حسین خان,004895,6
7032,1749,آقا جکندی,004897,6
7033,1749,برج عباس خان,004906,6
7034,1749,بن گنبد,004908,6
7035,1749,تپه,004911,6
7036,1749,تلخستان,004913,6
7037,1749,تواندشت سفلی,004915,6
7038,1749,تواندشت علیا,004916,6
7039,1749,حاجی بیگ,004924,6
7040,1749,حشیان,004927,6
7041,1749,خشکدر مالمیر,004930,6
7042,1749,خلج مالمیر,004933,6
7043,1749,ده خدا کرم,004946,6
7044,1749,ده عبداله,004953,6
7045,1749,ده علیخان,004954,6
7046,1749,ده علی مراد,004955,6
7047,1749,ده مولا,004959,6
7048,1749,زاغه اکبرآباد,004967,6
7049,1749,قره داش,004985,6
7050,1749,محسن آباد(قره قیه),004986,6
7051,1749,گل اشتر,005002,6
7052,1749,گل زرد عبدی,005004,6
7053,1749,مالمیر,005011,6
7054,1749,نیازاغه,005024,6
7055,1750,اسکان,005248,6
7056,1750,الرج,005251,6
7057,1750,بادامک,005257,6
7058,1750,بصری,005262,6
7059,1750,حصار,005281,6
7060,1750,سرچال,005299,6
7061,1750,سنگر,005304,6
7062,1750,سوارآباد سفلی,005305,6
7063,1750,پنجعلی,005313,6
7064,1750,فر,005316,6
7065,1750,قشلاق دره صالحان,005320,6
7066,1750,قلعه گاو گدار,005342,6
7067,1750,لنجرود,005344,6
7068,1750,میان رود,005354,6
7069,1750,نبی در,005355,6
7070,1751,آدینه‌مسجد بالا,004890,6
7071,1751,آدینه‌مسجد پایین,004891,6
7072,1751,باقرآباد,004903,6
7073,1751,برج بالان,004905,6
7074,1751,بیاتان سوخته,004910,6
7075,1751,چهارچریک,004923,6
7076,1751,حصار دره,004928,6
7077,1751,خشکدر چرخستان,004929,6
7078,1751,دره پیری,004939,6
7079,1751,دو جفت,004942,6
7080,1751,ده صفرعلی,004952,6
7081,1751,ده کایید,004956,6
7082,1751,رستم راه,004963,6
7083,1751,رضاآباد,004964,6
7084,1751,زالیان,004968,6
7085,1751,سرخه در,004971,6
7086,1751,سرکمری,004972,6
7087,1751,صادق آباد,004975,6
7088,1751,علی آباد,004978,6
7089,1751,قمارخان,004994,6
7090,1751,کله چوب,004996,6
7091,1751,گونستان,005007,6
7092,1751,نجف آباد,005022,6
7093,1752,بهمنی,005263,6
7094,1752,پلیس راه,005269,6
7095,1752,تاج دولتشاه,005270,6
7096,1752,جلایر,005276,6
7097,1752,چقاسیاه,005279,6
7098,1752,خیرآباد,005286,6
7099,1752,سنگ سفید,005303,6
7100,1752,سوارآباد علیا,005306,6
7101,1752,ظهیرآباد نهرمیان,005312,6
7102,1752,قره بنیاد,005318,6
7103,1752,قلعه چی پایین,005324,6
7104,1752,قلعه چی بالا,005325,6
7105,1752,قوش تپه,005329,6
7106,1752,کتیران پایین,005334,6
7107,1752,کتیران بالا,005335,6
7108,1752,کله نهرمیان,005338,6
7109,1752,کوس علی,005340,6
7110,1752,گل زرد قلعه,005343,6
7111,1752,مروارید دره,005345,6
7112,1752,مزرعه خاتون,005346,6
7113,1752,نهرمیان,005359,6
7114,1753,آب باریک,005168,6
7115,1753,تکیه,005172,6
7116,1753,چناس,005176,6
7117,1753,حصار محمدیه,005178,6
7118,1753,عمارت,005191,6
7119,1753,عنبرته,005192,6
7120,1753,قلعه پسی جان,005195,6
7121,1753,قلعه دیزیجان,005196,6
7122,1753,کرک,005197,6
7123,1753,موچان,005203,6
7124,1753,واشه,005206,6
7125,1753,باغ برآفتاب,005258,6
7126,1753,تجره,005271,6
7127,1753,دستجرده,005290,6
7128,1753,تخمار,300972,6
7129,1753,مجتمع صنعتی بازنه,301241,6
7130,1754,ارتلق آباد,300960,6
7131,1754,گورچک,300961,6
7132,1754,وناوی,300962,6
7133,1754,چقاپهنه,300963,6
7134,1754,قاقان,300971,6
7135,1754,تمبورلی,300973,6
7136,1754,روغنی,300974,6
7137,1754,جلال آباد,300975,6
7138,1754,ده احمد,300976,6
7139,1754,زنگدر,300977,6
7140,1754,شرف آباد,300978,6
7141,1754,حاجی آباد,300979,6
7142,1754,کپر,300980,6
7143,1754,محموداباد,300981,6
7144,1754,حسین آباد,300982,6
7145,1755,کوره در,000100,6
7146,1755,کیشان,000103,6
7147,1755,مزرعه کیشان,000122,6
7148,1755,جزنق,005275,6
7149,1755,حسین آباد,005280,6
7150,1755,خسبیجان,005287,6
7151,1755,کلاهدوز,005339,6
7152,1755,مهدی آباد,005353,6
7153,1756,بانه,005260,6
7154,1756,شرکت پالایش نفت شازند اراک,005265,6
7155,1756,پتروشیمی,005267,6
7156,1756,تحت محل,005272,6
7157,1756,حمریان,005284,6
7158,1756,رنگ سازی روناس,005296,6
7159,1756,ریز,005297,6
7160,1756,مهاجران خاک,005350,6
7161,1756,مهاجران کمر,005351,6
7162,1756,مهاجران ابوالحسن,005352,6
7163,1756,حسن آباد,300937,6
7164,1757,آب گرم,007425,6
7165,1757,آتشکوه,007587,6
7166,1757,ارقده,007589,6
7167,1757,مزرعه محمد آشوری,007591,6
7168,1757,افشجرد,007592,6
7169,1757,امیرآباد,007594,6
7170,1757,امیرآباد بزیجان,007595,6
7171,1757,قلعه باغ آباد,007598,6
7172,1757,باغ سلطانیه,007600,6
7173,1757,بزیجان,007604,6
7174,1757,قلاور بالا,007606,6
7175,1757,توتک سفید,007609,6
7176,1757,قلاور پایین,007611,6
7177,1757,جردیجان,007612,6
7178,1757,جمال آباد,007613,6
7179,1757,جودان,007614,6
7180,1757,چهل رز,007649,6
7181,1757,حسین آباد مرادی,007654,6
7182,1757,سعادت آباد,007663,6
7183,1757,سسکندر,007664,6
7184,1757,سنجه باشی,007665,6
7185,1757,شوره بالا,007677,6
7186,1757,شوره پایین,007678,6
7187,1757,صفی آباد مکانیزه,007679,6
7188,1757,عالم آباد,007680,6
7189,1757,عباس آباد,007682,6
7190,1757,علی آباد زیرآب,007688,6
7191,1757,علی آباد سنجه باشی,007689,6
7192,1757,سنجه باشی پایین,007695,6
7193,1757,کوه سفید,007705,6
7194,1757,کهریزنو,007707,6
7195,1757,گل چشمه بالا,007710,6
7196,1757,لریجان,007713,6
7197,1757,حاجی آباد,007719,6
7198,1757,مجتمع سرچشمه محلات,007720,6
7199,1757,محمدآباد,007722,6
7200,1757,محمودآباد,007724,6
7201,1757,مزور,007750,6
7202,1757,محمدآباد,007754,6
7203,1757,نخجیروان,007756,6
7204,1757,نصرت آباد,007757,6
7205,1757,یکه چاه,007761,6
7206,1757,شهرک صنعتی محلات,007777,6
7207,1757,مجتمع سنگبری,301011,6
7208,1757,معدن آبیار,301199,6
7209,1757,قطب صنعتی محلات,301342,6
7210,1757,مزرعه قربان,800011,6
7211,1758,الجان,007427,6
7212,1758,حاجی آباد,007434,6
7213,1758,خورهه,007437,6
7214,1758,طایقان,007445,6
7215,1758,عیسی آباد,007450,6
7216,1758,فریجان,007451,6
7217,1758,لنجه,007466,6
7218,1758,مزگان,007497,6
7219,1758,نینه,007500,6
7220,1758,ورین پایین,007501,6
7221,1758,ورین بالا,007502,6
7222,1759,ازبیزان,002827,6
7223,1759,آفتابرو,002832,6
7224,1759,آق قویی,002836,6
7225,1759,الویر,002841,6
7226,1759,برهموم,002851,6
7227,1759,بلوبند,002853,6
7228,1759,بندامیر,002854,6
7229,1759,بیانلو,002861,6
7230,1759,چلسبان,002876,6
7231,1759,عباس آباد,002916,6
7232,1759,محمودآباد,002973,6
7233,1759,قشلاق مفت آباد,002988,6
7234,1759,موسی آباد,002990,6
7235,1759,میل,002993,6
7236,1759,وسمق,003002,6
7237,1759,ویدر,003004,6
7238,1759,یانقویی سفلی,003010,6
7239,1759,یانقویی علیا,003011,6
7240,1759,ده بالا,800001,6
7241,1759,شرکت سیمان ساوه,800068,6
7242,1760,اختاج,002823,6
7243,1760,امیرآباد,002844,6
7244,1760,علی شار,002920,6
7245,1760,گرک باغی,002958,6
7246,1760,ورامه,003000,6
7247,1760,ورچند,237063,6
7248,1761,اجان,002820,6
7249,1761,آدرامند,002824,6
7250,1761,آقبلاغ,002834,6
7251,1761,بریه,002852,6
7252,1761,چناقچی سفلی,002879,6
7253,1761,چناقچی علیا,002880,6
7254,1761,چهارحد,002881,6
7255,1761,حصار,002886,6
7256,1761,دوزج,002890,6
7257,1761,عین آباد,002922,6
7258,1761,کبود کمر,002942,6
7259,1761,لار,002967,6
7260,1761,مصرقان,002982,6
7261,1761,منجینقان,002989,6
7262,1761,تیره,237017,6
7263,1762,آزادکین,002826,6
7264,1762,اصفهانک,002831,6
7265,1762,امانیه,002888,6
7266,1762,سیدآباد,002909,6
7267,1762,علی آباد,002918,6
7268,1762,کاروانسرای شاه عباس,002941,6
7269,1762,گلک بالا,002945,6
7270,1762,کوشکک,002953,6
7271,1762,لالکان,002968,6
7272,1762,میانه,002991,6
7273,1762,ورده,003001,6
7274,1762,هبران,003006,6
7275,1762,ینگی کهریز,003013,6
7276,1762,احمدآباد,003248,6
7277,1762,احمدآباد فصیح,003250,6
7278,1762,اکبرآباد گلچهره,003261,6
7279,1762,بربر,003275,6
7280,1762,حاجی آباد,003299,6
7281,1762,حاجی آباد معمار,003303,6
7282,1762,حسین آباد,003310,6
7283,1762,زمان آباد,003340,6
7284,1762,شمس آباد,003357,6
7285,1762,شمس آباد معتمد,003358,6
7286,1762,طراقان,003372,6
7287,1762,عباس آباد منزلک,003379,6
7288,1762,فردآباد,003395,6
7289,1762,قلعه سرهنگ,003414,6
7290,1762,کارخانه سنگ پکد پودر,003425,6
7291,1762,کارخانه لیکا,003426,6
7292,1762,کریم آباد,003427,6
7293,1762,پروین آباد,003443,6
7294,1762,مزرعه شورچه,003453,6
7295,1762,مقصودآباد,003468,6
7296,1762,ملارد,003469,6
7297,1762,کارخانه پودر سنگ شادی,300711,6
7298,1762,قراقیه,301213,6
7299,1762,ایستگاه آبخوان داری,301395,6
7300,1762,مرغداری شارق,301396,6
7301,1762,گاوداری شیری نیک بخش,301397,6
7302,1762,کارخانه شاهین سما,301398,6
7303,1762,رستوران بهار,301400,6
7304,1762,مرغداری و باغ پسته مهدی هاشمی,301405,6
7305,1762,شهرک صنعتی مامونیه,800066,6
7306,1762,مزرعه فدک,800067,6
7307,1762,علی آباد,800069,6
7308,1763,الوندآباد,003263,6
7309,1763,امین آباد,003266,6
7310,1763,ایستگاه رود شور,003271,6
7311,1763,پیک,003279,6
7312,1763,زالوبلاغی,003291,6
7313,1763,حاجی بلاغی,003304,6
7314,1763,حشامیه,003317,6
7315,1763,خرم آباد,003320,6
7316,1763,دربندگویلاغ,003328,6
7317,1763,سلطان آباد,003343,6
7318,1763,سلطان احمدلو,003344,6
7319,1763,سهیل نجف آباد,003346,6
7320,1763,شیرین بلاغ,003365,6
7321,1763,علیشار,003386,6
7322,1763,فرج آباد,003394,6
7323,1763,قاسم آباد سفلی,003396,6
7324,1763,قشلاق نعمتی,003413,6
7325,1763,راسفیجان,003449,6
7326,1763,علی آباد,003456,6
7327,1763,معدن کایولن کوه قناق,003465,6
7328,1763,نگهبانی پل رودشور,003520,6
7329,1763,نوروزآباد,003523,6
7330,1763,نگهبانی نیم ایستگاه پل رودشور,003524,6
7331,1763,نیروگاه رودشور,003527,6
7332,1763,سایت کوه قناق,300832,6
7333,1763,غلام آباد,300836,6
7334,1763,مبارک آباد,300837,6
7335,1763,عباس آباد,300843,6
7336,1763,نظام آباد,300846,6
7337,1763,دولت آباد,301128,6
7338,1763,مرکز آموزش و گسترش هفت تیر,301404,6
7339,1763,شرکت سیاحان ایران زمین,800030,6
7340,1763,شهرک صنعتی مبل زرندیه,800043,6
7341,1763,شرکت زرخاک,800062,6
7342,1763,مجتمع رفاهی و اقامتی باران,800063,6
7343,1763,مجتمع دامداری پرندک,800065,6
7344,1764,ابراهیم آباد,003230,6
7345,1764,آغذی گنگ,003232,6
7346,1764,احمدآباد قرانطه,003251,6
7347,1764,احمدآباد گنج دره,003252,6
7348,1764,اسماعیل آباد,003255,6
7349,1764,بیدلو,003277,6
7350,1764,بیلفتو,003278,6
7351,1764,گوی چشمه,003282,6
7352,1764,حاجی آباد,003300,6
7353,1764,حسن آباد قره دربند,003307,6
7354,1764,مقدادیه,003318,6
7355,1764,سلیمانیه,003319,6
7356,1764,خرم آباد لاقو,003321,6
7357,1764,رحمت آباد,003332,6
7358,1764,شوربلاغ,003359,6
7359,1764,شیخ لر,003363,6
7360,1764,شیر علی بیگلو,003364,6
7361,1764,شیرین قویی,003367,6
7362,1764,عزیزآباد,003382,6
7363,1764,علی آباد,003389,6
7364,1764,علی آباد کوه قناق,003392,6
7365,1764,قزل چشمه,003401,6
7366,1764,قشلاق بشیر,003404,6
7367,1764,قشلاق سبز علی,003406,6
7368,1764,قشلاق سردار,003407,6
7369,1764,قشلاق قره زاغه,003410,6
7370,1764,قشلاق نظرلو,003412,6
7371,1764,محمدآباد دینی,003437,6
7372,1764,موسی لو,003511,6
7373,1764,یحیی آباد,003529,6
7374,1764,قشلاق یوسفعلی,301399,6
7375,1764,بیدلو سفلی,800093,6
7376,1765,اشرف آباد,003256,6
7377,1765,تقلیدآباد,003280,6
7378,1765,جعفرآباد,003283,6
7379,1765,حسن آباد,003306,6
7380,1765,حکیم آباد,003314,6
7381,1765,دستجرد,003329,6
7382,1765,رضی آباد,003336,6
7383,1765,شکرآباد,003355,6
7384,1765,شورک آباد,003362,6
7385,1765,صدرآباد,003368,6
7386,1765,عباس آباد پیازی,003376,6
7387,1765,عزیزآباد,003383,6
7388,1765,علی آباد,003388,6
7389,1765,قاسم آباد,003397,6
7390,1765,کشت و صنعت علوی,003428,6
7391,1765,موسی آباد,003510,6
7392,1765,نجف آباد,003518,6
7393,1765,نصیرآباد,003519,6
7394,1765,نوروزآباد,003522,6
7395,1765,شهرک صنعتی زاویه,800029,6
7396,1765,فیض آباد,800044,6
7397,1766,سوسن آباد,000074,6
7398,1766,اسفندان,000517,6
7399,1766,چابار,000525,6
7400,1766,چلبی,000526,6
7401,1766,دره سبز,000533,6
7402,1766,راستگردان,000535,6
7403,1766,کلوان,000550,6
7404,1766,کوت آباد,000551,6
7405,1766,یاسبلاغ,000718,6
7406,1766,یساول,000720,6
7407,1767,خمارباغی,000531,6
7408,1767,ذادوق آباد,000534,6
7409,1767,روشنایی,000536,6
7410,1767,سمقاور,000540,6
7411,1767,فتح آباد,000546,6
7412,1767,فضل آباد,000547,6
7413,1767,قازوق,000548,6
7414,1767,استهری,000838,6
7415,1767,آمره,000840,6
7416,1767,بلاغ رضا,000842,6
7417,1767,تکیه,000843,6
7418,1767,چالمیان,000845,6
7419,1767,چهرقان,000847,6
7420,1767,صیدآباد,000852,6
7421,1767,عودآغاج,000854,6
7422,1767,فرک,000856,6
7423,1767,فریس آباد,000857,6
7424,1767,میدانک,000864,6
7425,1767,وفس,000866,6
7426,1767,ولازجرد,000868,6
7427,1767,شهرک صنعتی کمیجان,800071,6
7428,1767,یوسف کهریز,800072,6
7429,1768,جعفرآباد,000524,6
7430,1768,خسروبیگ,000530,6
7431,1768,خیرآباد,000532,6
7432,1768,سبزآباد,000537,6
7433,1768,سردرآباد,000538,6
7434,1768,سوران,000541,6
7435,1768,شادقلعه,000542,6
7436,1768,عاصم آباد,000543,6
7437,1768,علی آباد,000544,6
7438,1768,محمودآباد,000553,6
7439,1768,ینگه ملک,000559,6
7440,1768,سیجان,000851,6
7441,1768,طرلان,000853,6
7442,1768,ولیدآباد,000867,6
7443,1769,آقچه کهریز,000518,6
7444,1769,اکبرآباد امرآبادی,000519,6
7445,1769,پرکک,000521,6
7446,1769,جعفرآباد,000523,6
7447,1769,خاتم آباد,000529,6
7448,1769,فامرین,000545,6
7449,1769,نهرپشته,000558,6
7450,1769,امامزاده عباس,000613,6
7451,1769,حسین آباد,000633,6
7452,1769,مهدی آباد,000713,6
7453,1769,سلوکلو,300081,6
7454,1770,اناج,000614,6
7455,1770,سناورد,000655,6
7456,1770,سهم آباد,000657,6
7457,1770,عباس آباد موقوفه,000667,6
7458,1770,قلعه ازرج,000684,6
7459,1770,کرکان,000690,6
7460,1770,گوره زار,000700,6
7461,1770,گوشه سفلی,000701,6
7462,1770,گوشه علیا,000702,6
7463,1770,مانیزان,000705,6
7464,1770,مهر سفلی,000708,6
7465,1770,مهر علیا,000709,6
7466,1770,موک,000712,6
7467,1771,آدشته,000606,6
7468,1771,ارجناوند,000607,6
7469,1771,ایجان,000615,6
7470,1771,ایوند نو,000616,6
7471,1771,پلنگاب,000618,6
7472,1771,نعمتیه,000637,6
7473,1771,خانقاه علیا,000640,6
7474,1771,درمن,000644,6
7475,1771,ده سد,000647,6
7476,1771,ده شیرخان,000648,6
7477,1771,سوزان,000656,6
7478,1771,قشلاق زیبا,000678,6
7479,1771,لنجاب علیا,000704,6
7480,1771,نوده,000716,6
7481,1771,ایوند بالا,301306,6
7482,1772,استوه,000608,6
7483,1772,آقداش,000609,6
7484,1772,الودر,000610,6
7485,1772,چالاب سفلی,000627,6
7486,1772,چالاب علیا,000628,6
7487,1772,حسینیه,000635,6
7488,1772,شرشره,000662,6
7489,1772,شهید,000664,6
7490,1772,صالحی,000665,6
7491,1772,طورگیر,000666,6
7492,1772,قلعه عباس آباد,000687,6
7493,1772,کله بید,000692,6
7494,1772,گذردر,000696,6
7495,1772,یحیی آباد,000719,6
7496,1773,احمدآباد,000605,6
7497,1773,بهارستان,000617,6
7498,1773,غینرجه,000621,6
7499,1773,جوشیروان,000625,6
7500,1773,حاجی آباد,000631,6
7501,1773,دارانجیر,000643,6
7502,1773,ده نو,000649,6
7503,1773,دیزآباد,000650,6
7504,1773,راز گردان,000651,6
7505,1773,سیردر,000659,6
7506,1773,شاوه,000660,6
7507,1773,میثم آباد,000661,6
7508,1773,فاراب,000669,6
7509,1773,قالیباف,000673,6
7510,1773,قزل قلعه,000675,6
7511,1773,قشلاق دیناری,000677,6
7512,1773,عباس آباد,000679,6
7513,1773,قشلاق عبدالکریم,000680,6
7514,1773,قطب آباد,000681,6
7515,1773,قشلاق گازران,000682,6
7516,1773,قلیچ تپه,000688,6
7517,1773,قمشلو,000689,6
7518,1773,کرکانک,000691,6
7519,1773,گازران,000694,6
7520,1773,محمدآباد,000707,6
7521,1773,کارگاه قطران,800026,6
7522,1774,ابراهیم آباد,000604,6
7523,1774,امامزاده دهچال,000611,6
7524,1774,پیازآباد,000619,6
7525,1774,ثمردشت,000622,6
7526,1774,چخماق تپه,000629,6
7527,1774,چیزان,000630,6
7528,1774,حسین آباد موقوفه,000634,6
7529,1774,خلوزین,000641,6
7530,1774,ده چال,000646,6
7531,1774,سیران,000658,6
7532,1774,شعیث پیغمبر,000663,6
7533,1774,علی آباد,000668,6
7534,1774,فوران,000671,6
7535,1774,قاسم آباد,000672,6
7536,1774,قلعه اسدآباد,000685,6
7537,1774,کمراب,000693,6
7538,1774,گرماب,000697,6
7539,1774,مجیدآباد,000706,6
7540,1774,نصیرآباد,000715,6
7541,1774,وزوانق,000717,6
7542,1775,اسفین,001103,6
7543,1775,اشقل,001105,6
7544,1775,آقازیارت,001106,6
7545,1775,آهنگران,001111,6
7546,1775,برزآباد,001116,6
7547,1775,بورقان,001119,6
7548,1775,تبرته,001124,6
7549,1775,غیاث آباد,001126,6
7550,1775,جلال آباد,001128,6
7551,1775,جونوش,001129,6
7552,1775,حاتم آباد,001132,6
7553,1775,حسن آباد,001134,6
7554,1775,حسن آباد,001135,6
7555,1775,حسین آباد,001139,6
7556,1775,حسینیه,001142,6
7557,1775,حلت آباد,001143,6
7558,1775,خلت آباد,001146,6
7559,1775,خمجان,001147,6
7560,1775,دستجان,001150,6
7561,1775,دولت آباد,001151,6
7562,1775,زنگارک,001159,6
7563,1775,سقرجوقک,001163,6
7564,1775,شتریه,001167,6
7565,1775,صادق آباد,001171,6
7566,1775,عراقیه,001175,6
7567,1775,عزیزآباد,001176,6
7568,1775,کمرک,001189,6
7569,1775,گازران,001193,6
7570,1775,کودزر,001197,6
7571,1775,مجدآباد کهنه,001202,6
7572,1775,مجدآباد نو,001203,6
7573,1775,مخلص آباد,001205,6
7574,1775,مشهد زلف آباد,001213,6
7575,1775,نظام آباد,001217,6
7576,1775,نوده حاجی نبی,001220,6
7577,1775,وروان,001223,6
7578,1775,ولاشجرد,001225,6
7579,1775,ذلف آباد,001232,6
7580,1775,علی آباد,301204,6
7581,1776,ارتگل,001102,6
7582,1776,ایر,001112,6
7583,1776,خسروان سفلی,001144,6
7584,1776,خسروان علیا,001145,6
7585,1776,درمنک,001149,6
7586,1776,فشک,001182,6
7587,1776,قرمز چشمه,001184,6
7588,1776,کاظم آباد,001187,6
7589,1776,گونه,001198,6
7590,1776,ماستر,001199,6
7591,1776,واشقان,001222,6
7592,1776,وزیرآباد,001224,6
7593,1776,کردآباد,001536,6
7594,1776,کلا,001540,6
7595,1777,چوگان,000846,6
7596,1777,درویشان,000850,6
7597,1777,فردقان,000855,6
7598,1777,کسر آصف,000860,6
7599,1777,کنچی,000862,6
7600,1777,گورچان,000863,6
7601,1777,رکین,001153,6
7602,1777,سلیم آباد,001164,6
7603,1777,ملک باغی,001214,6
7604,1778,امیرآباد,001110,6
7605,1778,چاقر,001130,6
7606,1778,زنجیران,001156,6
7607,1778,شیرین آباد,001170,6
7608,1778,ضیاءآباد,001172,6
7609,1778,عباس آباد,001174,6
7610,1778,کهه,001192,6
7611,1778,ونک,001226,6
7612,1778,هفته خانک,001228,6
7613,1778,آرزومند,001498,6
7614,1778,شهرک صنعتی خنجین,800094,6
7615,1779,آق مسجد,008351,6
7616,1779,باسکم چال,008354,6
7617,1779,چملر,008362,6
7618,1779,حاجی امیرونه بین,008363,6
7619,1779,حیران سفلی,008364,6
7620,1779,حیران علیا,008365,6
7621,1779,حیران وسطی,008366,6
7622,1779,دگرمانکشی,008374,6
7623,1779,دمیراوغلی کش,008375,6
7624,1779,زره ژیه,008377,6
7625,1779,سیج,008381,6
7626,1779,شاغلا,008383,6
7627,1779,صیادلر,008389,6
7628,1779,فندق پشته,008395,6
7629,1779,گودی اولر,008402,6
7630,1779,گیلاده,008404,6
7631,1779,مشند,008407,6
7632,1779,مومبی,008408,6
7633,1779,هولستون,008412,6
7634,1779,هوژیه,008413,6
7635,1779,میناهونی,310018,6
7636,1779,داش دیبی,310019,6
7637,1779,بهارستان,310020,6
7638,1779,لاتون,310023,6
7639,1780,باغچه سرا,008353,6
7640,1780,بیجاربین,008356,6
7641,1780,بی بی یانلو,008357,6
7642,1780,ترک محله,008358,6
7643,1780,تله خان,008359,6
7644,1780,جبرئیل محله,008360,6
7645,1780,خانه های آسیاب,008367,6
7646,1780,خشکه دهنه,008369,6
7647,1780,دربند,008373,6
7648,1780,سوژایه,008379,6
7649,1780,شونان,008385,6
7650,1780,شونده چولا,008386,6
7651,1780,شیخ علی محله,008387,6
7652,1780,شیخ محله,008388,6
7653,1780,عباس آباد,008390,6
7654,1780,عسکرآباد,008391,6
7655,1780,عنبران محله,008393,6
7656,1780,عوض لر صیادلر,008394,6
7657,1780,قلعه,008396,6
7658,1780,کشفی,008400,6
7659,1780,لمیر محله,008405,6
7660,1780,ویرمونی,008410,6
7661,1780,هردشت,008411,6
7662,1780,هودول,008414,6
7663,1780,شاطارود,310010,6
7664,1780,برزنا,310011,6
7665,1780,غلام محله (شرقی),801039,6
7666,1781,باباعلی,008352,6
7667,1781,باش محله لوندویل,008355,6
7668,1781,چلوند,008361,6
7669,1781,خلیله سرا,008372,6
7670,1781,سلی,008378,6
7671,1781,کوته کومه,008401,6
7672,1781,گونش,008403,6
7673,1781,میه کومه,008409,6
7674,1781,توراده,008415,6
7675,1781,اسبه نه,310000,6
7676,1781,کفتربر,310003,6
7677,1781,گل ییلاق,310004,6
7678,1781,کشته دل,310005,6
7679,1781,قره سو,310270,6
7680,1781,چلوند پائین,310271,6
7681,1781,نظرمحله,310272,6
7682,1781,خان حیاطی,310273,6
7683,1781,شیری حیاطی,801046,6
7684,1782,خسرو محله,008368,6
7685,1782,خلیفه حیاطی,008371,6
7686,1782,دیله,008376,6
7687,1782,سیبلی,008380,6
7688,1782,سیرالیوه,008382,6
7689,1782,شوان,008384,6
7690,1782,عنبران کومه,008392,6
7691,1782,قنبرمحله,008397,6
7692,1782,کانرود,008398,6
7693,1782,خان بلاغ,310001,6
7694,1782,باغچه گری,310002,6
7695,1782,خان بلاغی,310006,6
7696,1782,عزیز بیک حیاطی,310008,6
7697,1783,لله وجه سر,008497,6
7698,1783,انبارسر,008583,6
7699,1783,بالامحله گیلده,008586,6
7700,1783,پائین رود پشت,008587,6
7701,1783,پائین محله گیلده,008588,6
7702,1783,دستک,008593,6
7703,1783,دشمن کرده,008594,6
7704,1783,دهگاه,008596,6
7705,1783,دهنه سر سپیدرود کهنه,008597,6
7706,1783,سلیم چاف,008599,6
7707,1783,صیقل ده,008603,6
7708,1783,لوخ,008613,6
7709,1783,محسن آباد,008614,6
7710,1783,صیدگاه تازه چای,310025,6
7711,1783,ساختمان شیلات صیدگاه دهنه سر سفید رود,310251,6
7712,1784,اشمان دهگاه,008491,6
7713,1784,اشمان کماچال,008492,6
7714,1784,امیرکیاسر,008493,6
7715,1784,دهسر,008494,6
7716,1784,زارم کلایه,008495,6
7717,1784,سالکده,008496,6
7718,1784,لاکوژده,008498,6
7719,1784,نبی دهگا,008499,6
7720,1784,نقره ده,008500,6
7721,1784,صفرا بسته,008535,6
7722,1784,لب دریا لسکوکلایه,008609,6
7723,1784,لسکو کلایه,008611,6
7724,1784,محسن آباد پائین,009039,6
7725,1784,نوبیجار محله محسن آباد,009042,6
7726,1784,صیدگاه شیلات امیر کیاسر,310026,6
7727,1784,ایستگاه رادیو و تلویزیون کیاشهر,310027,6
7728,1785,امیرهنده,008582,6
7729,1785,پشل,008589,6
7730,1785,تاسنده,008590,6
7731,1785,داخل,008591,6
7732,1785,درگاه,008592,6
7733,1785,دهشال,008595,6
7734,1785,زیرده,008598,6
7735,1785,سوخته کوه,008600,6
7736,1785,ششکل,008602,6
7737,1785,فوشازده,008604,6
7738,1785,کارسیدان,008605,6
7739,1785,کلیدسر,008607,6
7740,1785,لبشکا,008610,6
7741,1785,لشکام,008612,6
7742,1785,نوشر,008615,6
7743,1785,تازه آباد فوشازده,008616,6
7744,1785,صیقل سرا,014126,6
7745,1786,استخربیجار,008522,6
7746,1786,پرکاپشت مهدی خانی,008524,6
7747,1786,پرکاپشت یاور زاده,008525,6
7748,1786,تمچال,008528,6
7749,1786,جوپشت,008529,6
7750,1786,چورکوچان,008530,6
7751,1786,چوشادستان,008531,6
7752,1786,شادبندری,008534,6
7753,1786,کشل آزاد سرا,008536,6
7754,1786,کشل آزاد محله,008537,6
7755,1786,کینچاه,008543,6
7756,1786,گوراب جوار,008544,6
7757,1786,گوهردان,008545,6
7758,1786,لفوت بالا,008547,6
7759,1786,لفوت پائین,008548,6
7760,1786,مردمک ده,008549,6
7761,1786,نازک سرا,008550,6
7762,1786,ایشلیکی,008893,6
7763,1786,خشکاروندان,008910,6
7764,1786,ماشک تهرانچی,008935,6
7765,1786,ماشک سپهداری,008936,6
7766,1786,جسیدان,310339,6
7767,1787,امشل,008523,6
7768,1787,پنچاه,008526,6
7769,1787,تجن گوکه,008527,6
7770,1787,سالستان,008532,6
7771,1787,سیاه کوچه,008533,6
7772,1787,کماچال بالا محله,008538,6
7773,1787,کماچال پایین محله,008539,6
7774,1787,کیسم,008541,6
7775,1787,کیسم چوکل,008542,6
7776,1787,نیاکو,008551,6
7777,1787,امیرهنده,014194,6
7778,1787,بازان,014198,6
7779,1787,بیربنه پائین,014203,6
7780,1787,بیربنه بالا,014204,6
7781,1787,تهام,014212,6
7782,1787,راحیجان,014218,6
7783,1787,کلده,014228,6
7784,1787,تجن,014239,6
7785,1788,تازه آباد مرزیان,014211,6
7786,1788,خلشا,014214,6
7787,1788,خلشا چهارده,014215,6
7788,1788,شیرکوه چهارده,014221,6
7789,1788,کاچا چهارده,014224,6
7790,1788,کته شصت آبادان,014225,6
7791,1788,کته شصت آبادان چهارده,014226,6
7792,1788,گاچرا چهارده,014232,6
7793,1789,آب کنار,008663,6
7794,1789,اشپلا,008664,6
7795,1789,اشترکان,008665,6
7796,1789,بشمن,008666,6
7797,1789,تربه بر,008667,6
7798,1789,خمیران,008668,6
7799,1789,سنگاچین,008669,6
7800,1789,سیاه خاله سر,008670,6
7801,1789,شیله سر,008671,6
7802,1789,علی آباد,008672,6
7803,1789,کپورچال,008673,6
7804,1789,کرگان,008674,6
7805,1789,کوچک محله,008675,6
7806,1789,گلوگاه,008676,6
7807,1789,ماهروزه,008677,6
7808,1789,معاف,008678,6
7809,1789,چای بیجار,011643,6
7810,1789,رودپشت,011648,6
7811,1789,سیاه وزان,011652,6
7812,1789,کچلک,011655,6
7813,1790,تربه گوده,008699,6
7814,1790,شانگهای پرده,008700,6
7815,1790,طالب آباد,008702,6
7816,1790,لیچارکی حسن رود,008704,6
7817,1790,جفرود پایین,008813,6
7818,1790,حسن رود,008818,6
7819,1790,گلشن,008832,6
7820,1791,گوخس,011982,6
7821,1791,ارباسر,012071,6
7822,1791,انوش محله,012074,6
7823,1791,اوله کری طولارود,012077,6
7824,1791,برزگرو,012078,6
7825,1791,پالوته,012083,6
7826,1791,تازه آباد,012085,6
7827,1791,تکی آباد,012087,6
7828,1791,جولندان,012092,6
7829,1791,چاله خونی,012093,6
7830,1791,حایمر,012095,6
7831,1791,حیان,012097,6
7832,1791,خلیفه گری,012098,6
7833,1791,درازلو,012100,6
7834,1791,دهنه سیاه درون,012103,6
7835,1791,راهنما محله,012108,6
7836,1791,ریک,012109,6
7837,1791,سراگاه,012111,6
7838,1791,سورا پشت,012115,6
7839,1791,سیاهونی,012117,6
7840,1791,شاد رسول,012121,6
7841,1791,طولارود پائین,012126,6
7842,1791,طولارود بالا,012127,6
7843,1791,عنبرا پشت,012128,6
7844,1791,قروق,012130,6
7845,1791,کله دشت,012138,6
7846,1791,کنده سرا,012140,6
7847,1791,کیشاویشه سفلی,012143,6
7848,1791,کیشاویشه علیا,012144,6
7849,1791,للکه پشته,012146,6
7850,1791,میانکوه,012156,6
7851,1791,نیک کری,012161,6
7852,1791,وزنه سر,012162,6
7853,1791,هره شوندشت,012165,6
7854,1791,هنده گران,012166,6
7855,1791,نعلبند,310091,6
7856,1791,اوله دشت,310109,6
7857,1791,اسب سرا,310110,6
7858,1791,بستان سر,310111,6
7859,1791,سئون سر,310112,6
7860,1792,آق اولر,012072,6
7861,1792,الشه چال,012073,6
7862,1792,آوا,012076,6
7863,1792,بسک,012079,6
7864,1792,بلوره پشت,012080,6
7865,1792,بیابند,012081,6
7866,1792,بیلیابین,012082,6
7867,1792,پشته هیر,012084,6
7868,1792,تنگاب,012088,6
7869,1792,جنگو,012091,6
7870,1792,حسن دایرمان,012096,6
7871,1792,دوله سر,012102,6
7872,1792,دیزگاه,012105,6
7873,1792,دیگلی,012106,6
7874,1792,رزه,012107,6
7875,1792,زربیل,012110,6
7876,1792,سرداب خانه پشت,012112,6
7877,1792,سله یوردی,012113,6
7878,1792,سنابند,012114,6
7879,1792,سیاپشت,012116,6
7880,1792,سیغ چال,012118,6
7881,1792,سیله سر,012119,6
7882,1792,سیناهونی,012120,6
7883,1792,شیله وشت,012123,6
7884,1792,طول,012124,6
7885,1792,طول گیلان,012125,6
7886,1792,قاضی هونی,012129,6
7887,1792,قلعه بین,012131,6
7888,1792,قلعه چال,012132,6
7889,1792,قلعه زا,012133,6
7890,1792,کراله,012135,6
7891,1792,کسم جان,012136,6
7892,1792,کشتمی,012137,6
7893,1792,کندوله,012139,6
7894,1792,کولانه,012142,6
7895,1792,لر,012145,6
7896,1792,لنبه,012147,6
7897,1792,لواده,012148,6
7898,1792,لورون,012149,6
7899,1792,لیر,012150,6
7900,1792,ماشین خانه,012151,6
7901,1792,مثلاکوه,012152,6
7902,1792,مردوان,012153,6
7903,1792,مریان,012154,6
7904,1792,مکش,012155,6
7905,1792,ناوان,012158,6
7906,1792,نماهونی,012160,6
7907,1792,ونه خونی,012163,6
7908,1792,ویزادشت,012164,6
7909,1792,هودی,012167,6
7910,1792,لمیر,310094,6
7911,1792,رسمجی,310095,6
7912,1792,بیگلو,310096,6
7913,1792,بوناپشت,310097,6
7914,1792,ساری چال,310098,6
7915,1792,اسب عمر,310099,6
7916,1792,لوراهانی,310100,6
7917,1792,ذولتنگ,310101,6
7918,1792,سنگ سرا,310102,6
7919,1792,اسبوسرا,310103,6
7920,1792,پیراکری,310104,6
7921,1792,بره پشت,310105,6
7922,1792,تن دبین,310106,6
7923,1793,اگری بوجاق,012267,6
7924,1793,امیربیگلو,012268,6
7925,1793,اوتار,012271,6
7926,1793,بده پشت,012282,6
7927,1793,برون بالا,012287,6
7928,1793,برون پایین,012288,6
7929,1793,بزچمن کل,012289,6
7930,1793,بنون,012291,6
7931,1793,پی سرا,012297,6
7932,1793,تخته,012299,6
7933,1793,غلام یوردی,012307,6
7934,1793,داوان,012322,6
7935,1793,زرمی,012332,6
7936,1793,سله مر,012339,6
7937,1793,سیاه جعفر,012343,6
7938,1793,سیاه کت,012344,6
7939,1793,سیدلر,012346,6
7940,1793,قلعه بین,012361,6
7941,1793,قلعه بین یوردی,012362,6
7942,1793,قلعه دوش,012363,6
7943,1793,گل,012379,6
7944,1793,گنجه خانه,012380,6
7945,1793,لپاقاصدق,012383,6
7946,1793,لتن پرت,012385,6
7947,1793,محمود آباد,012400,6
7948,1793,مریم گلشن,012401,6
7949,1793,نمازی محله,012409,6
7950,1793,نولون,012412,6
7951,1793,نومندان,012413,6
7952,1793,ورزان,012414,6
7953,1793,هره دشت,012421,6
7954,1793,هماسر,012425,6
7955,1793,هونیش,012429,6
7956,1793,شش انگژی,310081,6
7957,1793,کلین داشی,310082,6
7958,1793,سوباتان,310088,6
7959,1793,مشگدی,310089,6
7960,1794,آغاسی,012265,6
7961,1794,انبو,012269,6
7962,1794,برزبیل,012285,6
7963,1794,بوراسرا,012292,6
7964,1794,ترک محله,012301,6
7965,1794,تمشه لامه,012303,6
7966,1794,تنبو,012304,6
7967,1794,تنگ سر,012305,6
7968,1794,چوپان محله,012311,6
7969,1794,چولاده,012312,6
7970,1794,خواجه کری,012320,6
7971,1794,سوست,012342,6
7972,1794,شادمیلرزان,012349,6
7973,1794,کته سر,012366,6
7974,1794,کشاورز خطبه سرا,012368,6
7975,1794,کشلی,012370,6
7976,1794,کلمر,012371,6
7977,1794,کوهستان,012374,6
7978,1794,لواچال,012391,6
7979,1794,لیسارا,012394,6
7980,1794,لیسار محله,012395,6
7981,1794,مظلم کم,012405,6
7982,1794,مهار,012406,6
7983,1794,هله دمه,012423,6
7984,1794,خطبه سرا,310083,6
7985,1794,رندل,310084,6
7986,1794,زنگوله,310085,6
7987,1794,تاجدره,310086,6
7988,1794,کلات خطبه سرا,801029,6
7989,1794,روکی محله,801040,6
7990,1795,آلالان قدیم,011942,6
7991,1795,بالا ده,011943,6
7992,1795,بداغ محله,011944,6
7993,1795,ترک محله آلالان,011947,6
7994,1795,تقی سرا,011948,6
7995,1795,جنگ میره,011949,6
7996,1795,حاج بهرام محله,011951,6
7997,1795,حاج شهباز محله,011952,6
7998,1795,حاجیه محله,011953,6
7999,1795,خانقاه بالا و پایین,011956,6
8000,1795,رستم محله,011963,6
8001,1795,روهام بیک محله,011965,6
8002,1795,زمان محله,011966,6
8003,1795,سیاه چال,011967,6
8004,1795,شیخ سرا,011969,6
8005,1795,طاهر بیک محله,011970,6
8006,1795,غریب محله,011972,6
8007,1795,قندی سرا,011973,6
8008,1795,کاربند,011974,6
8009,1795,کریم سرا,011976,6
8010,1795,کله سرا,011978,6
8011,1795,گیلک محله آلالان,011985,6
8012,1795,لمیر سفلی,011991,6
8013,1795,لاچومحله,011994,6
8014,1795,نارنج دول,011997,6
8015,1795,وارده سرا,012001,6
8016,1795,یگانه محله,012004,6
8017,1795,چخره محله,310127,6
8018,1795,اوله کری اسالم,801005,6
8019,1796,پیرهرات,011946,6
8020,1796,خاله سرای پنجاه و نه,011954,6
8021,1796,خاله سرای پنجاه و هفت,011955,6
8022,1796,دیگه سرا,011962,6
8023,1796,رنگرج محله,011964,6
8024,1796,علی سرا,011971,6
8025,1796,گتگسرا,011981,6
8026,1796,گیسوم,011984,6
8027,1796,ملامحله,011996,6
8028,1796,ویش خس محله,012002,6
8029,1796,سیاه بیل,310129,6
8030,1796,الله ده,310130,6
8031,1796,لتعین,801002,6
8032,1796,میانده,801012,6
8033,1796,آهنگرمحله,801021,6
8034,1796,سیاه علم,801022,6
8035,1796,لمیر علیا,801023,6
8036,1797,الله ده,011941,6
8037,1797,پیرلیلی,011945,6
8038,1797,چوواژیه,011950,6
8039,1797,خرجگیل,011957,6
8040,1797,خرخونی,011958,6
8041,1797,دراز محله,011959,6
8042,1797,دریابن,011960,6
8043,1797,دزدی قلعه,011961,6
8044,1797,سی بستان,011968,6
8045,1797,کرمون,011975,6
8046,1797,کشاور,011977,6
8047,1797,کوره رود,011979,6
8048,1797,گیجو,011983,6
8049,1797,گیلانده,011987,6
8050,1797,لرزده,011988,6
8051,1797,لومه دشت,011989,6
8052,1797,لمیر,011990,6
8053,1797,لوابن,011992,6
8054,1797,لاکاتشم,011995,6
8055,1797,ناو,011998,6
8056,1797,ناو بالا,011999,6
8057,1797,یاری محله,012003,6
8058,1797,خلیان,310113,6
8059,1797,ورگه دره,310114,6
8060,1797,لرزیره پشت,310115,6
8061,1797,رزوان,310116,6
8062,1797,دوله زمین,310117,6
8063,1797,اسب بونی,310118,6
8064,1797,متش,310119,6
8065,1797,پنبه پشته,310120,6
8066,1797,خطائیه,310121,6
8067,1797,دخاله کوه,310122,6
8068,1797,چاره سو,310123,6
8069,1797,انده,310124,6
8070,1797,لک,310125,6
8071,1797,اسب سیاه,310126,6
8072,1797,آسیاب شم,801010,6
8073,1797,پرده گوشه,801017,6
8074,1798,آغاسی,012266,6
8075,1798,اوتار محله شیرآباد,012272,6
8076,1798,بابالو محله,012276,6
8077,1798,باغشلو محله,012277,6
8078,1798,بازارگاه,012278,6
8079,1798,بلیطی,012290,6
8080,1798,بیجاربین,012294,6
8081,1798,خلیله سرا,012319,6
8082,1798,رنده سر,012329,6
8083,1798,ریک حویق,012331,6
8084,1798,زرهونی,012333,6
8085,1798,زمری,012334,6
8086,1798,ستوم,012336,6
8087,1798,سوتاپارا,012340,6
8088,1798,سیدمحله شیرآباد,012347,6
8089,1798,شیرآباد,012351,6
8090,1798,شیرآباد محله,012352,6
8091,1798,کوهستان,012375,6
8092,1798,کوهستان حویق,012376,6
8093,1798,لنزا,012389,6
8094,1798,لوکه,012392,6
8095,1798,مژده علی,012397,6
8096,1798,نو,012410,6
8097,1798,وشره,012416,6
8098,1798,هرندان,012420,6
8099,1798,هشتروچونی,012422,6
8100,1798,هلیس,012424,6
8101,1798,هنزنی,012426,6
8102,1798,هنزنی بالا,012427,6
8103,1798,هولیژی,012428,6
8104,1798,اوتار,310069,6
8105,1798,داش دیبی,310070,6
8106,1798,آترانمار,310071,6
8107,1798,طوئل,310073,6
8108,1798,برزبر,310076,6
8109,1798,محمد علی یوردی,310077,6
8110,1799,انون,012270,6
8111,1799,اولاسی,012273,6
8112,1799,ایرنه,012274,6
8113,1799,ایلکوفی,012275,6
8114,1799,بالاژیه,012279,6
8115,1799,بالامحله چوبر,012280,6
8116,1799,بخش حیاطی,012281,6
8117,1799,پلاسی,012296,6
8118,1799,تخته پوری,012300,6
8119,1799,چاله بیجار,012309,6
8120,1799,حیله سرا,012314,6
8121,1799,خلج لر,012317,6
8122,1799,خلخالیان,012318,6
8123,1799,خودکار محله,012321,6
8124,1799,درزگری,012323,6
8125,1799,دروار محله,012324,6
8126,1799,دواهیل,012325,6
8127,1799,دودده,012326,6
8128,1799,رکو,012328,6
8129,1799,رودبارسرا,012330,6
8130,1799,زنده کش,012335,6
8131,1799,سرداب هونی,012337,6
8132,1799,سفید سنگان,012338,6
8133,1799,سوهاجر,012341,6
8134,1799,شادگلدی محله,012348,6
8135,1799,شلقون,012350,6
8136,1799,عنوی,012356,6
8137,1799,قراخان محله,012357,6
8138,1799,قره چی,012358,6
8139,1799,قره داشت,012359,6
8140,1799,قره قوزه,012360,6
8141,1799,کاروانسرا,012365,6
8142,1799,کچوم محله,012367,6
8143,1799,کش بیل,012369,6
8144,1799,کوه بن,012373,6
8145,1799,کهنه حیاط,012377,6
8146,1799,گروف,012378,6
8147,1799,گندو,012381,6
8148,1799,گنده سر,012382,6
8149,1799,لملر,012387,6
8150,1799,لمیر,012388,6
8151,1799,لنزی,012390,6
8152,1799,لیشکی,012396,6
8153,1799,متلا دشت,012398,6
8154,1799,محروم زومه,012399,6
8155,1799,مسجد قباقی,012402,6
8156,1799,مسکین,012403,6
8157,1799,مطالع سرا,012404,6
8158,1799,نظرژی,012407,6
8159,1799,نقله کش,012408,6
8160,1799,نوده,012411,6
8161,1799,وسی,012415,6
8162,1799,وله چول,012417,6
8163,1799,ونیستان,012418,6
8164,1799,ویزنه,012419,6
8165,1799,ییلاق ویزنه,012430,6
8166,1800,تی تک,012089,6
8167,1800,جماکوه,012090,6
8168,1800,چلونه سر,012094,6
8169,1800,دولبین,012101,6
8170,1800,شیخ محله,012122,6
8171,1800,کواکری,012141,6
8172,1800,نصورمحله,012159,6
8173,1800,پشته,012295,6
8174,1800,تنگده طول گیلان,012306,6
8175,1800,خاصه سرا,012315,6
8176,1800,شیلان,012353,6
8177,1801,انوش محله جوکندان,012075,6
8178,1801,خواجه گری,012099,6
8179,1801,دیراکری,012104,6
8180,1801,پی سرا,012298,6
8181,1801,ترک محله,012302,6
8182,1801,جوکندان بزرگ,012308,6
8183,1801,دیزگاه محله,012327,6
8184,1801,سیاه کل,012345,6
8185,1801,قنبرمحله,012364,6
8186,1801,شاندرمن محله,310092,6
8187,1802,آینه ور,009266,6
8188,1802,بازقلعه اکبر,009267,6
8189,1802,بنکده,009269,6
8190,1802,بهدان,009270,6
8191,1802,پیش کنار,009271,6
8192,1802,جوبنه,009274,6
8193,1802,دره پشت,009277,6
8194,1802,دهبنه اسلام آباد,009279,6
8195,1802,سوکاچا,009283,6
8196,1802,شهرستان,009284,6
8197,1802,شیخ علی بست,009285,6
8198,1802,طالم سه شنبه,009286,6
8199,1802,فشتام,009287,6
8200,1802,کنسستان,009290,6
8201,1802,نصراله آباد,009299,6
8202,1802,کشل ورزل,009348,6
8203,1802,اسلام آباد,801042,6
8204,1803,جوکول بندان,009275,6
8205,1803,سراوان,009281,6
8206,1803,قاضیان,009288,6
8207,1803,کچا,009289,6
8208,1803,گلسرک,009292,6
8209,1803,موشنگا,009296,6
8210,1803,امامزاده هاشم,009338,6
8211,1804,کدو سرا,008927,6
8212,1804,گیل پرده سر,009170,6
8213,1804,ورازگاه,009179,6
8214,1804,امشه,009265,6
8215,1804,باز قلعه ملک,009268,6
8216,1804,تورانسرا,009272,6
8217,1804,چنچه,009276,6
8218,1804,دلچه,009278,6
8219,1804,رودبرده,009280,6
8220,1804,سروندان,009282,6
8221,1804,کیاسرا,009291,6
8222,1804,کیساوندان,009293,6
8223,1804,گیلاوندان,009294,6
8224,1804,میانده,009297,6
8225,1804,نشرود کل,009298,6
8226,1804,ویشکاننک,009300,6
8227,1805,احمد سرا,008892,6
8228,1805,ایمن آباد,008894,6
8229,1805,بالامحله برکاده,008895,6
8230,1805,برکاده پایین,008896,6
8231,1805,بلسبنه,008897,6
8232,1805,پشکه,008898,6
8233,1805,جعفر آباد,008902,6
8234,1805,جیرسرا,008904,6
8235,1805,حسن آباد,008907,6
8236,1805,حشکوا,008908,6
8237,1805,خشت مسجد,008909,6
8238,1805,سده,008915,6
8239,1805,شکارسرا,008916,6
8240,1805,علی سرا,008919,6
8241,1805,علی نوده,008920,6
8242,1805,فشکچه,008923,6
8243,1805,کالمرز,008924,6
8244,1805,گورابسر,008931,6
8245,1805,لاله دشت,008933,6
8246,1805,مژده,008934,6
8247,1805,نو اسطلخ,008939,6
8248,1805,نویده,008940,6
8249,1805,سیاه صوفیان,009140,6
8250,1805,ملاسرا,009295,6
8251,1806,پیرموسی,008900,6
8252,1806,جانکبر,008901,6
8253,1806,جوربیجارکل,008903,6
8254,1806,رودکل,008914,6
8255,1806,شیرایه,008917,6
8256,1806,کنارسر بزرگ,008929,6
8257,1806,گراکو,008930,6
8258,1806,گیلوا دشتان,008932,6
8259,1806,مامودان,008937,6
8260,1806,هندوانه پردسر,008941,6
8261,1807,ابراهیم سرا,008890,6
8262,1807,چولاب,008906,6
8263,1807,طارمسر,008918,6
8264,1807,فشتم,008922,6
8265,1807,کتیک لاهیجان,008926,6
8266,1807,خالکی,009020,6
8267,1808,لسکو,008546,6
8268,1808,بلکده,009004,6
8269,1808,پیچاه,009006,6
8270,1808,توچاه آلمان,009008,6
8271,1808,جیرهنده,009012,6
8272,1808,چالکش,009014,6
8273,1808,خشک رود,009022,6
8274,1808,دهسر,009024,6
8275,1808,ده مرد سرا,009025,6
8276,1808,زهنده,009026,6
8277,1808,سالستان,009027,6
8278,1808,کردخیل ولم,009033,6
8279,1808,لیچا,009035,6
8280,1808,لاشه,009037,6
8281,1808,نوحدان,009043,6
8282,1808,نورود,009045,6
8283,1809,اژدهابلوچ,008999,6
8284,1809,امیلدان,009001,6
8285,1809,تازه آباد,009007,6
8286,1809,جلیدان,009009,6
8287,1809,چالکش لات,009015,6
8288,1809,چونچنان,009019,6
8289,1809,خشک اسطلخ,009021,6
8290,1809,دواج,009023,6
8291,1809,شهمیرسرا,009028,6
8292,1809,زیبا کنار,009030,6
8293,1809,فخرآباد,009032,6
8294,1809,ملکده,009040,6
8295,1809,نوده,009044,6
8296,1810,آجی بوزایه,008891,6
8297,1810,اسطلک,009000,6
8298,1810,بالامحله گفشه,009003,6
8299,1810,پس بیجار گفشه,009005,6
8300,1810,جوپشت,009010,6
8301,1810,جوریاب,009011,6
8302,1810,چافو چاه,009013,6
8303,1810,چپک شفیع محله,009016,6
8304,1810,چپک ناظمی محله,009017,6
8305,1810,چلیکدان,009018,6
8306,1810,شیخان گفشه,009029,6
8307,1810,علی بزایه,009031,6
8308,1810,کنارسر اربابی,009034,6
8309,1810,لیموچاه,009036,6
8310,1810,لاله گفشه,009038,6
8311,1810,میان محله گفشه,009041,6
8312,1811,آتشگاه,009097,6
8313,1811,بیجارکنار,009107,6
8314,1811,پسویشه,009111,6
8315,1811,پسیخان,009112,6
8316,1811,تازه آباد,009120,6
8317,1811,تازه آباد,009121,6
8318,1811,خشت مسجد,009127,6
8319,1811,دافسار,009129,6
8320,1811,صف سر,009147,6
8321,1811,طرازکوه,009149,6
8322,1811,کسار,009159,6
8323,1811,کلش طالشان,009161,6
8324,1811,گالش محله,009165,6
8325,1812,آلمان,009100,6
8326,1812,بیجارخاله,009106,6
8327,1812,پستک,009110,6
8328,1812,پیرده,009116,6
8329,1812,پیله داربن,009119,6
8330,1812,جورده,009123,6
8331,1812,خنفچه,009128,6
8332,1812,سیاه اسطلخ,009139,6
8333,1812,طش,009150,6
8334,1812,علویان,009151,6
8335,1812,فیض آباد,009154,6
8336,1812,کفته رود,009160,6
8337,1812,کماکل,009162,6
8338,1812,گالش خیل,009163,6
8339,1812,مبارک آباد,009172,6
8340,1812,محمدآباد,009173,6
8341,1812,منگوده,009175,6
8342,1813,خناچاه,008911,6
8343,1813,بالاکویخ,009102,6
8344,1813,بیجاربنه,009104,6
8345,1813,بیجارپس,009105,6
8346,1813,پاچکنار,009108,6
8347,1813,پایین کویخ,009109,6
8348,1813,پلکو,009114,6
8349,1813,پیرکلاچاه,009117,6
8350,1813,پیشه ور,009118,6
8351,1813,توجی پایه بست,009122,6
8352,1813,خاجان چهار دانگ,009125,6
8353,1813,خاجان دو دانگ,009126,6
8354,1813,دوآب مردخ,009130,6
8355,1813,رکن سرا,009134,6
8356,1813,سوقه,009138,6
8357,1813,شالکو,009143,6
8358,1813,شکار اسطلخ,009145,6
8359,1813,کژده,009156,6
8360,1813,کرچوندان,009158,6
8361,1813,گرفم,009167,6
8362,1813,گوراب,009168,6
8363,1813,لچه گوراب,009171,6
8364,1813,میشامندان,009176,6
8365,1813,ویشکا سوقه,009180,6
8366,1813,تویسراوندان,009273,6
8367,1813,آج بیشه,801041,6
8368,1814,سقالکسر,009135,6
8369,1814,سلیمان داراب بالا,009136,6
8370,1814,سیاه گلوندان,009141,6
8371,1814,صیقلان ورزل,009148,6
8372,1814,فلکده,009153,6
8373,1814,کتیگر,009157,6
8374,1814,گوراب ورزل,009169,6
8375,1814,نارنج کل,009177,6
8376,1814,اسکده,009337,6
8377,1814,انستیتو تکنولوژی لاکان,009339,6
8378,1814,تخسم,009340,6
8379,1814,چشمه سر,009341,6
8380,1814,خوکی,009342,6
8381,1814,رواجیر,009343,6
8382,1814,سلکی سر,009344,6
8383,1814,عزیز کیان,009346,6
8384,1814,کسار,009347,6
8385,1814,کیسار ورزل,009349,6
8386,1814,لوله گاز,009350,6
8387,1814,لاکان,009351,6
8388,1814,ویشکا ماتیر,009352,6
8389,1814,ویشکا ورزل,009353,6
8390,1815,امیربکنده,008730,6
8391,1815,باغ امیر بکنده,008732,6
8392,1815,بلسکله امام جمعه,008735,6
8393,1815,پیرعلی ده,008736,6
8394,1815,تازه آباد,008737,6
8395,1815,جیرکویه,008741,6
8396,1815,چپرپرد زمان,008742,6
8397,1815,چوکده,008743,6
8398,1815,حاجی بکنده,008744,6
8399,1815,سیاه اسطلخ سقط الملک,008748,6
8400,1815,شهرستان,008750,6
8401,1815,طالش محله,008752,6
8402,1815,گیلوا محله,008755,6
8403,1815,چپرپرد,008817,6
8404,1815,سرخشکی,008824,6
8405,1815,امین آباد,009002,6
8406,1816,آلمان,008729,6
8407,1816,باغچه بنه,008731,6
8408,1816,بسته دیم,008733,6
8409,1816,بلسکله سید ابوالقاسم,008734,6
8410,1816,تمل,008738,6
8411,1816,جورکویه,008739,6
8412,1816,جیرسر ویشکا,008740,6
8413,1816,رفوه چاه,008746,6
8414,1816,رودپشت,008747,6
8415,1816,سیاه اسطلخ میرزا ربیع,008749,6
8416,1816,شیشه گوراب,008751,6
8417,1816,کوریجان,008753,6
8418,1816,گل بازو,008754,6
8419,1816,ماشال اعلم,008756,6
8420,1816,مریدان,008757,6
8421,1816,نوشر,008758,6
8422,1816,نیسا چاه,008759,6
8423,1816,ویشکا,008760,6
8424,1816,یوسف محله,008762,6
8425,1816,فرشم,008921,6
8426,1816,یوسف آباد,310136,6
8427,1817,آلوبن,009611,6
8428,1817,انجیل بن,009612,6
8429,1817,براگور,009613,6
8430,1817,حلیمه جان,009614,6
8431,1817,دلدیم بزرگ,009615,6
8432,1817,دیلماده,009616,6
8433,1817,رناسک بن,009617,6
8434,1817,رودسر,009618,6
8435,1817,سرفری رود,009619,6
8436,1817,شهربیجار,009620,6
8437,1817,شیخ علی توسه,009621,6
8438,1817,کشالم,009622,6
8439,1817,کندلات,009623,6
8440,1817,کوکنه,009624,6
8441,1817,گردپشته,009625,6
8442,1817,گیلزارود,009626,6
8443,1817,لپه سرا,009627,6
8444,1817,لیافو,009628,6
8445,1817,موش بیجار,009629,6
8446,1817,میان فری رود,009630,6
8447,1817,میرزا گلبند,009631,6
8448,1818,استخرگاه,009682,6
8449,1818,پره,009689,6
8450,1818,پسین دره,009690,6
8451,1818,پشتهان,009691,6
8452,1818,پلنگ دره,009692,6
8453,1818,چاک,009699,6
8454,1818,چره,009700,6
8455,1818,چلگاسر,009701,6
8456,1818,چله بر,009702,6
8457,1818,حاجی ده,009704,6
8458,1818,حاجی شیرکیا,009705,6
8459,1818,خاصه کول,009707,6
8460,1818,دره دشت,009709,6
8461,1818,دشتویل,009711,6
8462,1818,دفراز,009712,6
8463,1818,راجعون,009715,6
8464,1818,رشی,009718,6
8465,1818,رودخانه,009720,6
8466,1818,سیدان,009725,6
8467,1818,کلوس فروش,009740,6
8468,1818,گنبک,009745,6
8469,1818,لافند سرا,009748,6
8470,1818,مخشر,009749,6
8471,1818,ولیجار,009754,6
8472,1819,اسطلخ جان,009683,6
8473,1819,انارکول,009685,6
8474,1819,جازم کل,009697,6
8475,1819,خرشک,009708,6
8476,1819,دره محله,009710,6
8477,1819,دیورش,009713,6
8478,1819,دیورود,009714,6
8479,1819,رودآباد,009719,6
8480,1819,سلطان بر,009722,6
8481,1819,سندس,009723,6
8482,1819,شهران,009728,6
8483,1819,شیرکوه,009729,6
8484,1819,فتحکوه,009731,6
8485,1819,فتلک,009732,6
8486,1819,فیشم,009733,6
8487,1819,کتله,009735,6
8488,1819,کشکشان,009737,6
8489,1819,کلایه,009741,6
8490,1819,کیاآباد,009743,6
8491,1819,گورتیم,009746,6
8492,1819,لیسن,009747,6
8493,1819,نصفی,009753,6
8494,1819,بیجارکی,801033,6
8495,1820,داماش,009473,6
8496,1820,دوسالان,009500,6
8497,1820,اسکابن,009540,6
8498,1820,آئینه ده,009542,6
8499,1820,بیورزین,009544,6
8500,1820,پارودبار,009545,6
8501,1820,پاکده,009546,6
8502,1820,دربند,009549,6
8503,1820,دشت رز,009550,6
8504,1820,زردکش,009552,6
8505,1820,زکابر,009553,6
8506,1820,سنگرود,009555,6
8507,1820,سه کوره,009556,6
8508,1820,کرماک بالا,009557,6
8509,1820,کره رود,009559,6
8510,1820,کیاخل,009560,6
8511,1820,گوورد,009562,6
8512,1820,معدن سنگرود,009564,6
8513,1820,یکنم,009570,6
8514,1820,کرماک پایین,310170,6
8515,1820,معدن سنگ سیمان,310171,6
8516,1821,انبوه,009541,6
8517,1821,خره پو,009548,6
8518,1821,دگاسر,009551,6
8519,1821,کلیشم,009558,6
8520,1821,گردلات,009561,6
8521,1821,لایه,009563,6
8522,1821,ناوه,009566,6
8523,1821,نوده,009568,6
8524,1821,ویه,009569,6
8525,1821,نواخان ناوه,310172,6
8526,1821,نواخان لایه,310173,6
8527,1822,فیلده,009655,6
8528,1822,کبته,009656,6
8529,1822,کلاس,009657,6
8530,1822,ییلاقی دوگاهه,009658,6
8531,1822,ییلاقی لاکه,009659,6
8532,1822,ییلاقی دارستان,009660,6
8533,1822,امین آباد,009834,6
8534,1822,پیری,009838,6
8535,1822,جوبن,009841,6
8536,1822,کرارود جمشیدآباد,009852,6
8537,1822,گنجه,009860,6
8538,1822,سالانسر,009867,6
8539,1822,ییلاقی تکلیم,310152,6
8540,1822,شمام,310333,6
8541,1822,کلورز,310340,6
8542,1822,پشته,310341,6
8543,1823,اسکلک,009833,6
8544,1823,بیجارپشته,009835,6
8545,1823,پیرسرا,009837,6
8546,1823,توسستان,009839,6
8547,1823,توسه رود,009840,6
8548,1823,جورچشمه,009842,6
8549,1823,چارمان,009843,6
8550,1823,چوب تراش محله,009845,6
8551,1823,خولک,009846,6
8552,1823,رشت رود,009847,6
8553,1823,سیاهرودپشته,009850,6
8554,1823,کلاشم,009855,6
8555,1823,کوله کش,009857,6
8556,1823,کهنه وانسرا,009858,6
8557,1823,گزکرک,009859,6
8558,1823,مازیان,009861,6
8559,1823,دیزکوه,009862,6
8560,1823,هرکیان,009863,6
8561,1823,هزار مرز,009864,6
8562,1823,قلعه کل,801028,6
8563,1824,برند,009543,6
8564,1824,سفید رود,009653,6
8565,1824,علی آباد,009654,6
8566,1824,آغوزبن,009681,6
8567,1824,رزکند,009716,6
8568,1824,سی سر علیشارود,009726,6
8569,1824,طلابر,009730,6
8570,1824,گلیورز,009738,6
8571,1824,کلشتر,009739,6
8572,1824,مداوا,009750,6
8573,1824,مرجان آباد,009751,6
8574,1824,هرزویل,009755,6
8575,1824,هلوچال,009756,6
8576,1824,دشتگان,310153,6
8577,1824,ناون,310154,6
8578,1824,بزبره ییلاقی,310159,6
8579,1825,اسپهبدان,009460,6
8580,1825,استخرکوه,009461,6
8581,1825,آسیابرک,009462,6
8582,1825,پس طالکوه,009465,6
8583,1825,پشته کلاه,009466,6
8584,1825,تیه,009467,6
8585,1825,چراکوه,009469,6
8586,1825,چلوانسرا,009470,6
8587,1825,چهش,009472,6
8588,1825,دنبالده,009474,6
8589,1825,دوسالده,009475,6
8590,1825,سه پستانک,009478,6
8591,1825,سیبن,009479,6
8592,1825,شاه شهیدان,009480,6
8593,1825,صیقلده,009482,6
8594,1825,طالکوه,009483,6
8595,1825,قوشه لانه,009484,6
8596,1825,کرفچال,009485,6
8597,1825,کشکش,009486,6
8598,1825,گلنکش,009487,6
8599,1825,گردویشه,009488,6
8600,1825,گرزنه چاک,009489,6
8601,1825,گوپل,009490,6
8602,1825,مگس خانی,009495,6
8603,1825,ناش,009496,6
8604,1825,نوده,009497,6
8605,1825,نورالعرش,009498,6
8606,1825,چیچال,009703,6
8607,1825,سیاه دشتبن,009724,6
8608,1825,ناوه,009752,6
8609,1825,سنگ سرک,310167,6
8610,1826,برارود,009463,6
8611,1826,جلالده,009468,6
8612,1826,چمل,009471,6
8613,1826,سرمل,009476,6
8614,1826,سوسف,009477,6
8615,1826,شیرکده,009481,6
8616,1826,کیاش,009491,6
8617,1826,لیاول سفلی,009492,6
8618,1826,لیاول علیا,009493,6
8619,1826,ماشمیان,009494,6
8620,1826,ویشان,009499,6
8621,1826,حشمت آباد,310287,6
8622,1826,چهار محل,801043,6
8623,1827,ساری چم,009554,6
8624,1827,بلستان,009687,6
8625,1827,رستم خانی,009717,6
8626,1827,پاچنار,238295,6
8627,1828,نمک آوران,009567,6
8628,1828,ترک نشین لوشان,009695,6
8629,1828,جمال آباد/جمال آباد نظامی وند,009698,6
8630,1828,حلاج,009706,6
8631,1828,قشلاق بابایی,009734,6
8632,1828,کوسه,009742,6
8633,1828,دربندخلخال,009757,6
8634,1828,قره تیکان پایین,238358,6
8635,1828,پادگان امام خمینی(شهید بهشتی),310161,6
8636,1829,آبدوچال,010278,6
8637,1829,آغوزبن کندسر,010279,6
8638,1829,آسیاب دره,010280,6
8639,1829,بالالام بشکست,010285,6
8640,1829,پرامکوه,010290,6
8641,1829,ترپو,010294,6
8642,1829,توسه چال,010299,6
8643,1829,جیرکل,010302,6
8644,1829,چلمرود,010303,6
8645,1829,چمتوکش,010305,6
8646,1829,خراسان پشته,010307,6
8647,1829,دیورود,010316,6
8648,1829,رزه گردن,010317,6
8649,1829,رودبارک,010319,6
8650,1829,ریاب,010320,6
8651,1829,زورزمه,010323,6
8652,1829,زیاز,010324,6
8653,1829,سجیران,010326,6
8654,1829,سلجه,010329,6
8655,1829,سنگ بنگ,010333,6
8656,1829,سیاه کشان,010335,6
8657,1829,عزت آباد شرمدشت,010336,6
8658,1829,شوک,010339,6
8659,1829,طولای بالا,010344,6
8660,1829,طولای پایین,010345,6
8661,1829,فکش,010347,6
8662,1829,کاکرود,010348,6
8663,1829,کیارمش,010351,6
8664,1829,گرمابدشت,010353,6
8665,1829,گره گوابر,010354,6
8666,1829,لیما,010363,6
8667,1829,لیماچال,010364,6
8668,1829,لیماگوابر,010365,6
8669,1829,لام بشکست پائین,010367,6
8670,1829,مازوبن,010368,6
8671,1829,میان لنگه,010372,6
8672,1829,میلاش,010373,6
8673,1829,نرکی,010374,6
8674,1829,نسامکوه,010375,6
8675,1829,نیلو,010376,6
8676,1829,نیلو پرده سر,010377,6
8677,1829,هلوبن دره,010380,6
8678,1829,پرچ کوه,010488,6
8679,1829,تواسانکش,010492,6
8680,1829,چشان,010499,6
8681,1829,سرخانی,010508,6
8682,1829,سلیمان چپر,010510,6
8683,1829,کلایه پهلو,010520,6
8684,1829,عزت آباد,310289,6
8685,1830,دارجه,010310,6
8686,1830,ارکم,010484,6
8687,1830,اره چاک,010485,6
8688,1830,بلترک,010486,6
8689,1830,پتنک,010487,6
8690,1830,پرندان,010489,6
8691,1830,پرویزخانی,010490,6
8692,1830,پلنگدم,010491,6
8693,1830,توکامجان,010493,6
8694,1830,جورده,010494,6
8695,1830,جیرده,010495,6
8696,1830,چاکان,010496,6
8697,1830,چاکانک,010497,6
8698,1830,چاکل,010498,6
8699,1830,چکرود,010500,6
8700,1830,خمیر محله,010501,6
8701,1830,درسنک,010502,6
8702,1830,درگاه,010503,6
8703,1830,دلیجان,010504,6
8704,1830,دوگل,010505,6
8705,1830,رزان,010506,6
8706,1830,زیدی,010507,6
8707,1830,سیزه رود,010509,6
8708,1830,سنگسرود,010511,6
8709,1830,سیاوش کوه,010512,6
8710,1830,شادراج سفلی,010513,6
8711,1830,شادراج علیا,010514,6
8712,1830,عروس محله,010515,6
8713,1830,قاضی چاک,010516,6
8714,1830,کشایه,010517,6
8715,1830,کلرود,010518,6
8716,1830,کلایه,010519,6
8717,1830,کیاشکول,010521,6
8718,1830,گرجانسو,010522,6
8719,1830,گوگاه,010523,6
8720,1830,گیری,010524,6
8721,1830,لشکان,010525,6
8722,1830,لیاسی,010526,6
8723,1830,لات محله,010527,6
8724,1830,محمودلات,010528,6
8725,1830,میانرود,010529,6
8726,1830,نی دشت,010530,6
8727,1830,ولنی,010531,6
8728,1830,ویشکی,010532,6
8729,1830,یاسور,010533,6
8730,1830,بازار محله,011026,6
8731,1830,پوده,011027,6
8732,1830,سارم,011028,6
8733,1830,سیارستاق,011029,6
8734,1830,تلابن,011030,6
8735,1830,مایستان بالا,011032,6
8736,1830,مایستان پائین,011033,6
8737,1830,نیاسن,011034,6
8738,1830,آغوزکله,310192,6
8739,1830,پلستان,310193,6
8740,1830,پس کلاسی,310342,6
8741,1830,لیه خانی,310343,6
8742,1830,سرده,310344,6
8743,1831,پلام,010291,6
8744,1831,سیجاره,010325,6
8745,1831,گوزه لنگه,010358,6
8746,1831,دزلی,010680,6
8747,1831,قلعه گردن,010709,6
8748,1831,کشکوه,010712,6
8749,1831,آچه,010866,6
8750,1831,آخوند ملک,010867,6
8751,1831,اربوسرا,010868,6
8752,1831,آزارکی,010869,6
8753,1831,امیرگوابر,010870,6
8754,1831,بازنشین سفلی,010871,6
8755,1831,بازنشین علیا,010872,6
8756,1831,بلده سرا,010874,6
8757,1831,بندبن بنکسر,010875,6
8758,1831,بنکسر,010876,6
8759,1831,درازلات پائین,010878,6
8760,1831,پرشو,010879,6
8761,1831,پلط دشت,010880,6
8762,1831,تب طوس,010882,6
8763,1831,توسکا لنگه,010883,6
8764,1831,خانکسرای سفلی,010887,6
8765,1831,خانکسرای علیا,010888,6
8766,1831,خمپته اربوسرا,010889,6
8767,1831,خورتاب سرا,010890,6
8768,1831,درازلات بالا,010891,6
8769,1831,دولاگوابر,010894,6
8770,1831,دیمابن,010895,6
8771,1831,رجه سرا,010896,6
8772,1831,زرخان لات,010898,6
8773,1831,سوگوابر,010901,6
8774,1831,سیاه چال,010902,6
8775,1831,سیاه گل چال,010903,6
8776,1831,سی سرا,010904,6
8777,1831,شمشاد سرا,010906,6
8778,1831,طول لات,010908,6
8779,1831,فبیل سرا,010909,6
8780,1831,کج محمد گوابر,010910,6
8781,1831,کرباس سرای سفلی,010911,6
8782,1831,کرباس سرای علیا,010912,6
8783,1831,کوشکوه,010914,6
8784,1831,گوزل بن,010915,6
8785,1831,گوسفند گویه,010916,6
8786,1831,گوگاه,010917,6
8787,1831,لرداربن,010919,6
8788,1831,لرودبن,010920,6
8789,1831,لوسرا,010921,6
8790,1831,لات پرشو,010922,6
8791,1831,لاتک,010923,6
8792,1831,مازی گوابر,010925,6
8793,1831,نرماش,010926,6
8794,1831,وپرسر,010928,6
8795,1831,هرات بر,010930,6
8796,1832,اکبرآباد,010281,6
8797,1832,ایرمحله,010282,6
8798,1832,ایزین,010283,6
8799,1832,اینی,010284,6
8800,1832,برگام,010286,6
8801,1832,برم کوه,010287,6
8802,1832,بلکوت,010288,6
8803,1832,بنان,010289,6
8804,1832,پی آغوزبن,010292,6
8805,1832,تازه آباد,010293,6
8806,1832,تله سر,010296,6
8807,1832,تلیکان,010297,6
8808,1832,تلابنک,010298,6
8809,1832,توسه چالک,010300,6
8810,1832,توکاس,010301,6
8811,1832,چمتو,010304,6
8812,1832,خانه سرک,010306,6
8813,1832,خراسان سر,010308,6
8814,1832,خرسند کلایه,010309,6
8815,1832,وربن,010312,6
8816,1832,دشتک,010313,6
8817,1832,دوآب,010314,6
8818,1832,روم دشت,010318,6
8819,1832,ریسن,010321,6
8820,1832,زراکی,010322,6
8821,1832,سراورسو,010327,6
8822,1832,سرخ تله,010328,6
8823,1832,سلوکبن سفلی,010330,6
8824,1832,سلوکبن علیا,010331,6
8825,1832,سلوکبن وسطی,010332,6
8826,1832,سوخته کش,010334,6
8827,1832,شرمدشت,010337,6
8828,1832,شفیع آباد,010338,6
8829,1832,شوئیل,010341,6
8830,1832,صمدآباد,010343,6
8831,1832,کل کاموس,010349,6
8832,1832,کیاسه,010352,6
8833,1832,گواجی,010355,6
8834,1832,گورخانی,010357,6
8835,1832,گیلایه,010359,6
8836,1832,لرده,010360,6
8837,1832,لسبو,010361,6
8838,1832,لیلکی,010362,6
8839,1832,مازودره,010369,6
8840,1832,مازوگه,010370,6
8841,1832,مومن زمین,010371,6
8842,1832,وگل خانی,010378,6
8843,1832,هسی کوه,010379,6
8844,1832,لترود,011031,6
8845,1832,کاجین,310181,6
8846,1832,بزچاله,310182,6
8847,1832,راسران,310183,6
8848,1832,چاکان,310184,6
8849,1832,زبران,310185,6
8850,1832,دتورسر,310334,6
8851,1832,تلیسین,319996,6
8852,1832,تله برانسر,319997,6
8853,1833,تمیجان,009965,6
8854,1833,احمدآباد,010640,6
8855,1833,بالا گواسرا,010648,6
8856,1833,پایین گواسرا,010654,6
8857,1833,چینی جان,010668,6
8858,1833,حسین آباد,010671,6
8859,1833,خلیفه محله,010674,6
8860,1833,دیودره,010683,6
8861,1833,صحنه سرا,010704,6
8862,1833,علی آباد,010706,6
8863,1833,کلکاسرا,010717,6
8864,1833,کیشاکجان,010727,6
8865,1833,لله رود,010736,6
8866,1833,لهداربن,010737,6
8867,1833,مازندران محله,010740,6
8868,1833,میان پشته,010744,6
8869,1833,گواسرا علیا,010745,6
8870,1833,ناصرسرا,010750,6
8871,1833,ولیسه,010751,6
8872,1833,دریا باغ چافجیر,801067,6
8873,1834,افرمجان سفلی,010643,6
8874,1834,افرمجان علیا,010644,6
8875,1834,بازرگان محله,010645,6
8876,1834,بازکل,010646,6
8877,1834,بلالم,010649,6
8878,1834,بهادر محله,010650,6
8879,1834,پس چور,010655,6
8880,1834,پیجان,010656,6
8881,1834,پیرمحله,010657,6
8882,1834,ترشایه,010659,6
8883,1834,توتکله سفلی,010660,6
8884,1834,توتکله علیا,010661,6
8885,1834,جوپشتان,010662,6
8886,1834,چالکسرا,010664,6
8887,1834,چورکلایه,010666,6
8888,1834,چورکلایه,010667,6
8889,1834,حسنک سرا,010670,6
8890,1834,خمیر محله,010675,6
8891,1834,خورگردان,010677,6
8892,1834,داروگر محله,010679,6
8893,1834,دعوی سرا,010681,6
8894,1834,دوستکوه,010682,6
8895,1834,رضامحله,010684,6
8896,1834,روشن آبسر بالا,010686,6
8897,1834,روشن آبسر پایین,010687,6
8898,1834,زرکلام,010688,6
8899,1834,زیاز محله,010690,6
8900,1834,سالومحله,010691,6
8901,1834,سرایدشت,010693,6
8902,1834,سرمستان,010694,6
8903,1834,سلاکجان,010696,6
8904,1834,سورچان محله,010697,6
8905,1834,سیاوان محله,010698,6
8906,1834,شیرایه,010701,6
8907,1834,عروس محله,010705,6
8908,1834,علی کلایه,010708,6
8909,1834,کل محله,010713,6
8910,1834,کلدره سفلی,010715,6
8911,1834,کلدره علیا,010716,6
8912,1834,کویه سفلی,010721,6
8913,1834,کویه علیا,010722,6
8914,1834,کیوان پشته,010728,6
8915,1834,گرمجان,010729,6
8916,1834,گنجارود,010730,6
8917,1834,کورچه پشت,010731,6
8918,1834,گیلاکجان,010732,6
8919,1834,لسبو محله,010733,6
8920,1834,لشکاجان سفلی,010734,6
8921,1834,لشکاجان علیا,010735,6
8922,1834,لاکلایه,010738,6
8923,1834,ماه سایه,010741,6
8924,1834,مرداب بن,010742,6
8925,1834,مرداب سر,010743,6
8926,1834,میرک محله,010747,6
8927,1835,ارزن پشته,010584,6
8928,1835,بورسرا,010585,6
8929,1835,بینه پهلو,010586,6
8930,1835,پشتانسران,010587,6
8931,1835,ترک,010588,6
8932,1835,تله بن,010589,6
8933,1835,تله سر,010590,6
8934,1835,جنگ سرا,010592,6
8935,1835,جینکی,010593,6
8936,1835,چاشلم,010594,6
8937,1835,چملک سرا,010595,6
8938,1835,خشکا سرا,010596,6
8939,1835,سول سرا,010597,6
8940,1835,سیاه کش,010598,6
8941,1835,شمشاد پشته,010600,6
8942,1835,کبوتر آبکش,010602,6
8943,1835,کلوج گوابر,010603,6
8944,1835,کوتاله,010604,6
8945,1835,گرازران,010605,6
8946,1835,گرچه آب,010606,6
8947,1835,لمک,010607,6
8948,1835,لیمه سرا,010608,6
8949,1835,لیه کلام,010609,6
8950,1835,ماسرک,010610,6
8951,1835,مرگواز,010611,6
8952,1835,بالامحله قاسم آباد,011058,6
8953,1835,بندبن قاسم آباد,011059,6
8954,1835,پایین محله قاسم آباد,011060,6
8955,1835,توسکا محله قاسم آباد,011063,6
8956,1835,خانه سر,011069,6
8957,1835,قاسم آباد سفلی,011080,6
8958,1835,ملکمیان,011084,6
8959,1835,مازی کله پشته,310177,6
8960,1835,اوشیان,310298,6
8961,1835,کندسر,310299,6
8962,1835,هلوکله,310300,6
8963,1835,فکجور,310301,6
8964,1835,شیخ زاهدمحله,310302,6
8965,1835,سرخانی,310303,6
8966,1835,میانده,310304,6
8967,1835,دوگل سر,310305,6
8968,1835,دوران,310306,6
8969,1835,سرولات,310332,6
8970,1836,باجی گوابر,011057,6
8971,1836,پلط کله سر,011061,6
8972,1836,جواهردشت,011064,6
8973,1836,جورمحله,011065,6
8974,1836,چایجان,011066,6
8975,1836,چایخانسر,011067,6
8976,1836,خان اله,011068,6
8977,1836,خشک لات,011070,6
8978,1836,خیاط محله,011071,6
8979,1836,سجیدان,011074,6
8980,1836,سراگوابر,011075,6
8981,1836,سیاه کش,011076,6
8982,1836,سیاهکلرود,011077,6
8983,1836,شادمراد محله,011078,6
8984,1836,کل محله,011081,6
8985,1836,مرسه,011083,6
8986,1836,نهارخورلات,011085,6
8987,1836,تله میان,310175,6
8988,1837,بزکویه,010873,6
8989,1837,تازه آباد,010881,6
8990,1837,جورسرا,010884,6
8991,1837,چماقستان,010885,6
8992,1837,خانا پشتان,010886,6
8993,1837,دوگل سرا,010893,6
8994,1837,سلاکجان,010900,6
8995,1837,کندسر بی بالان,010913,6
8996,1837,گیلاملک,010918,6
8997,1837,نعمت سرا,010927,6
8998,1837,دهکده قدس,010931,6
8999,1837,باغدشت,011056,6
9000,1837,رضامحله,011072,6
9001,1837,سارسر,011073,6
9002,1837,عسکرآباد,011079,6
9003,1837,گاوماست,011082,6
9004,1837,مازوکله پشته,310322,6
9005,1837,فشکل پشته,310323,6
9006,1837,سیاه کله,310324,6
9007,1837,بالانوده,310325,6
9008,1837,بالا گزاف رود,310326,6
9009,1837,بی بالان,310327,6
9010,1837,اردو محله,801024,6
9011,1837,استخربیجار,801025,6
9012,1837,امیربنده,801026,6
9013,1837,لی من جوب,801027,6
9014,1838,اربه لنگه,010641,6
9015,1838,بیجارگاه سفلی,010652,6
9016,1838,بیجارگاه علیا,010653,6
9017,1838,چناربن,010665,6
9018,1838,حاجی آباد,010669,6
9019,1838,خسادان سفلی,010672,6
9020,1838,خسادان علیا,010673,6
9021,1838,خمیر محله,010676,6
9022,1838,دادا محله,010678,6
9023,1838,زنگول بره,010689,6
9024,1838,سجوبسر,010692,6
9025,1838,سیاه لات,010699,6
9026,1838,شیرعلی بیک محله,010702,6
9027,1838,شیرمحله,010703,6
9028,1838,کاوه لنگه,010710,6
9029,1838,کلجار,010714,6
9030,1838,کلن کلایه,010718,6
9031,1838,کوره تاشه,010720,6
9032,1838,کیاسج محله,010725,6
9033,1838,کیاسرا,010726,6
9034,1838,ماچیان,010739,6
9035,1838,میرزا حسن لنگه,010746,6
9036,1838,نارنج کلایه سفلی,010748,6
9037,1838,نارنج کلایه علیا,010749,6
9038,1838,هادی گوابر,010752,6
9039,1838,درزی محله,010892,6
9040,1838,رودمیانه,010897,6
9041,1838,سارسر,010899,6
9042,1838,شاهی سرا,010905,6
9043,1838,صیاد محله,010907,6
9044,1838,هادی کیاشر,010929,6
9045,1838,بزاستان,010996,6
9046,1838,پائین کلامحله,010997,6
9047,1838,جانباز محله,010998,6
9048,1838,شادمراد محله,010999,6
9049,1838,علی اوسط محله,011000,6
9050,1838,قاضی محله,011001,6
9051,1838,کندبن,011002,6
9052,1838,کندسر,011003,6
9053,1838,کوگاه,011004,6
9054,1838,میران محله,011005,6
9055,1839,بریران,011215,6
9056,1839,بودیان,011216,6
9057,1839,خراط محله,011219,6
9058,1839,خواجه علیوندان,011222,6
9059,1839,دلیوندان,011223,6
9060,1839,زیمسار,011224,6
9061,1839,سسمس,011226,6
9062,1839,سیاه تن,011228,6
9063,1839,شالکا,011230,6
9064,1839,صیقلوندان,011233,6
9065,1839,صیقلان,011234,6
9066,1839,کلکوه,011235,6
9067,1839,گلابخواران,011238,6
9068,1839,گوراب,011239,6
9069,1839,لیفشاگرد,011240,6
9070,1839,ماتک,011242,6
9071,1839,مردخه بزرگ,011244,6
9072,1839,مرسارود,011245,6
9073,1839,فلاح آباد,012888,6
9074,1839,کلاشم پایین,012895,6
9075,1839,مردخه کوچک,310345,6
9076,1839,مرجقل پایین,801044,6
9077,1840,باقلاکش,011214,6
9078,1840,خمسر,011221,6
9079,1840,سادات محله,011225,6
9080,1840,سیاوی,011227,6
9081,1840,سیاه درویشان,011229,6
9082,1840,شیخ محله,011231,6
9083,1840,صوفیان ده,011232,6
9084,1840,کیشستان,011236,6
9085,1840,گازگیشه,011237,6
9086,1840,لاکسار,011241,6
9087,1840,نرگستان,011246,6
9088,1840,نوخاله اکبری,011247,6
9089,1840,نوخاله جعفری,011248,6
9090,1840,هندوخاله,011249,6
9091,1841,خطیبان,011220,6
9092,1841,اشپلم,011290,6
9093,1841,پاسکه,011292,6
9094,1841,پوستین سرا,011296,6
9095,1841,جیرگوراب,011300,6
9096,1841,جیرمحله کسما,011301,6
9097,1841,خاکیان,011304,6
9098,1841,دوگور,011307,6
9099,1841,دهنده,011308,6
9100,1841,راسته کنار,011309,6
9101,1841,زعفان,011312,6
9102,1841,شعله پس,011320,6
9103,1841,صیقلان,011321,6
9104,1841,عربان,011322,6
9105,1841,فشخام,011323,6
9106,1841,قصاب سرا,011325,6
9107,1841,کسما,011326,6
9108,1841,کما,011328,6
9109,1841,لادمخ,011333,6
9110,1841,میانده,011336,6
9111,1841,نفوت,011337,6
9112,1841,واقعه دشت,011338,6
9113,1842,چنه سر,011217,6
9114,1842,چوبه,011218,6
9115,1842,ازگم,011289,6
9116,1842,پیشخوان,011297,6
9117,1842,چمثقال,011303,6
9118,1842,خرفکام,011306,6
9119,1842,سنگجوب,011313,6
9120,1842,قاصده,011324,6
9121,1842,کلسر,011327,6
9122,1842,کهنه سر,011329,6
9123,1842,اسلام آباد,011330,6
9124,1842,گیاکو,011332,6
9125,1843,پشتیر,011295,6
9126,1843,تطف,011298,6
9127,1843,تنیان,011299,6
9128,1843,چالکسر,011302,6
9129,1843,رفتگی,011310,6
9130,1843,سورم,011314,6
9131,1843,سه سار,011315,6
9132,1843,سیاه کوه,011318,6
9133,1843,مهویزان,011335,6
9134,1843,پشت مخ,011403,6
9135,1843,پیرسرا,011405,6
9136,1843,میان بر,011443,6
9137,1843,ندامان,011445,6
9138,1843,ولد,011449,6
9139,1844,بالا بلگور,011291,6
9140,1844,پایین بلگور,011293,6
9141,1844,پشتمسار,011294,6
9142,1844,خرف,011305,6
9143,1844,سه شنبه,011316,6
9144,1844,سیاه اسطلخ,011317,6
9145,1844,مرکیه,011334,6
9146,1844,پردسر,011402,6
9147,1844,خشته پل,801020,6
9148,1845,آسیابسر,011393,6
9149,1845,اومندان,011395,6
9150,1845,پاتاوان,011401,6
9151,1845,پشتیر,011404,6
9152,1845,جاده کنار,011406,6
9153,1845,چمن,011410,6
9154,1845,خانه کنار,011411,6
9155,1845,راجیر,011415,6
9156,1845,زیکسار,011416,6
9157,1845,کردمحله,011429,6
9158,1845,کلنگستان,011432,6
9159,1845,محمودکیان,011437,6
9160,1845,معاف اومندان,011438,6
9161,1845,ملک سر,011440,6
9162,1845,نوکاشت,011448,6
9163,1845,ویشه سرا,011450,6
9164,1846,زرکام,011311,6
9165,1846,شارم,011319,6
9166,1846,اباتر,011389,6
9167,1846,خشتامدخ,011412,6
9168,1846,شکرباغان,011420,6
9169,1846,فتمه سر,011424,6
9170,1846,کلیدبر,011430,6
9171,1846,کوده,011431,6
9172,1846,ملاسرا,011441,6
9173,1846,مناره بازار,011442,6
9174,1847,اسفند,011392,6
9175,1847,بیشه سرا,011398,6
9176,1847,جیرسرنوده,011408,6
9177,1847,چکوور,011409,6
9178,1847,کتمجان سید عبدالوهابی,011426,6
9179,1847,کتمجان معتمدی,011427,6
9180,1847,کتمجان یوسفعلی,011428,6
9181,1847,لشمر زمخ,011433,6
9182,1847,نوپاشان,011446,6
9183,1847,نوده,011447,6
9184,1848,ارم سادات,011390,6
9185,1848,اسفقن سر,011391,6
9186,1848,آقامحله بهمبر,011394,6
9187,1848,بهمبر,011396,6
9188,1848,بیجارکن,011397,6
9189,1848,بیشه گاه,011399,6
9190,1848,بیشه گاه بهمبر,011400,6
9191,1848,جیرسر بهمبر,011407,6
9192,1848,خشک رودبار,011413,6
9193,1848,خلیفه کنار,011414,6
9194,1848,سارمه,011417,6
9195,1848,سنگ بیجاربست بهمبر,011418,6
9196,1848,شفت محله,011419,6
9197,1848,طالش محله بهمبر,011422,6
9198,1848,قرابا,011425,6
9199,1848,لارسر,011434,6
9200,1848,لالم,011435,6
9201,1848,مازندران محله بهمبر,011436,6
9202,1848,معاف وزیری,011439,6
9203,1848,میان گسکر,011444,6
9204,1848,پلیس راه ضیابر,310196,6
9205,1849,آلاسر,012845,6
9206,1849,پیشده,012852,6
9207,1849,تازه آباد کلاشم,012854,6
9208,1849,چیران,012857,6
9209,1849,حلقه سرا,012861,6
9210,1849,خداشهر,012863,6
9211,1849,خرم بیشه,012864,6
9212,1849,خسمخ,012865,6
9213,1849,خطیب گوراب,012868,6
9214,1849,رودپیش,012872,6
9215,1849,کهنه گوراب,012901,6
9216,1849,کیابان,012902,6
9217,1849,گل افزان,012907,6
9218,1849,گوشلوندان,012909,6
9219,1849,گیگاسر,012910,6
9220,1849,لادمخ,012913,6
9221,1849,مالوان,012915,6
9222,1849,مخسر,012917,6
9223,1849,معاف محله,012918,6
9224,1849,ملاکوه,012920,6
9225,1849,میر محله,012922,6
9226,1849,سنگ بیجار,310307,6
9227,1849,کردآباد,310308,6
9228,1849,نقاره چیان,310310,6
9229,1849,سند بالا,310311,6
9230,1849,سند پائین,310312,6
9231,1849,نوده,310335,6
9232,1849,گربه کوچه,310336,6
9233,1850,امامزاده تقی,012846,6
9234,1850,بوئین,012849,6
9235,1850,پیش حصار,012851,6
9236,1850,حسین آباد,012858,6
9237,1850,حسین کوه,012859,6
9238,1850,حلقه بسته,012860,6
9239,1850,خلیل سرا,012869,6
9240,1850,شالده,012877,6
9241,1850,شکال گوراب بالا,012880,6
9242,1850,شلکه بانان,012881,6
9243,1850,علی سرا,012886,6
9244,1850,کمسر,012897,6
9245,1850,گراکو,012903,6
9246,1850,گشت,012905,6
9247,1850,گشت گوراب,012906,6
9248,1850,للکام,012911,6
9249,1850,مودگان,012921,6
9250,1850,نصرالله محله,012924,6
9251,1850,دارباغ,013019,6
9252,1850,رودبار چیره,013020,6
9253,1850,شولم,013027,6
9254,1850,کردمحله,013031,6
9255,1850,جهود بیجار,310317,6
9256,1850,قلعه کل,310318,6
9257,1850,پلنگ کل,310319,6
9258,1850,نوگوراب,310320,6
9259,1850,سرابستان,310321,6
9260,1850,شکال گوراب پایین,310346,6
9261,1851,ازبر,012842,6
9262,1851,راسته کنار بوئین,012870,6
9263,1851,کلفت,012893,6
9264,1851,باسکم رودبار,013013,6
9265,1851,تله گنگاه,013014,6
9266,1851,تنگدره,013015,6
9267,1851,حلاج محله,013016,6
9268,1851,حیدرآلات,013017,6
9269,1851,خسرو آباد,013018,6
9270,1851,زرین دشت,013021,6
9271,1851,سسطلان,013022,6
9272,1851,سیاه کش,013023,6
9273,1851,سیدآباد,013024,6
9274,1851,سیدسرا,013025,6
9275,1851,شاهرود,013026,6
9276,1851,فوشه,013028,6
9277,1851,قلعه رودخان,013029,6
9278,1851,کرداولاست,013030,6
9279,1851,کیش رودبار,013032,6
9280,1851,گشت رودخان,013033,6
9281,1851,گوراب پس,013034,6
9282,1851,ملسکام,013035,6
9283,1852,اتورسرا,012841,6
9284,1852,اشکلن,012843,6
9285,1852,باغبانان,012847,6
9286,1852,پامسار,012850,6
9287,1852,خشک نودهان بالا,012866,6
9288,1852,خشک نودهان پایین,012867,6
9289,1852,سیاه پیران کاشانی,012875,6
9290,1852,سیاه پیران کسمائی,012876,6
9291,1852,شنبه بازار,012882,6
9292,1852,شیرتر,012883,6
9293,1852,قصابعلی سرا,012889,6
9294,1852,کلده,012891,6
9295,1852,کمامردخ,012896,6
9296,1852,لولمان,012912,6
9297,1852,ماوردیان,012916,6
9298,1852,نصرالله آباد,012923,6
9299,1852,کاس احمدان,310309,6
9300,1852,آلاله گوراب,310313,6
9301,1852,گران,310314,6
9302,1852,دزدک,310316,6
9303,1853,پلنگ دره,013070,6
9304,1853,تطف رود,013071,6
9305,1853,توسه کله,013073,6
9306,1853,تیمور کوه,013074,6
9307,1853,جیرده,013075,6
9308,1853,خجکه,013080,6
9309,1853,دوال کوه,013085,6
9310,1853,سفید سنگان,013090,6
9311,1853,سیاه ورود,013094,6
9312,1853,شلشه دره,013096,6
9313,1853,عباسکوه,013098,6
9314,1853,کلتاسر,013099,6
9315,1853,کوریه,013103,6
9316,1853,کیش دره,013104,6
9317,1853,گاوکوه,013105,6
9318,1853,لتین پرد,013107,6
9319,1853,مسجد پیش,013109,6
9320,1853,موسی کوه,013112,6
9321,1853,میشکه,013114,6
9322,1854,خانه وانه,012862,6
9323,1854,زیده بالا,012873,6
9324,1854,زیده پایین,012874,6
9325,1854,شیرذیل,012884,6
9326,1854,کلرم,012892,6
9327,1854,کوچی چال,012898,6
9328,1854,گسگره,012904,6
9329,1854,آبرود,013059,6
9330,1854,آغوزکله,013060,6
9331,1854,اسپید داربن,013061,6
9332,1854,اشکلیت,013062,6
9333,1854,امامزاده هاشم,013063,6
9334,1854,انجیل بنه,013064,6
9335,1854,برکیله,013066,6
9336,1854,بره گون,013067,6
9337,1854,پرده سر,013069,6
9338,1854,توری شم,013072,6
9339,1854,جیرزودل,013076,6
9340,1854,چپول,013077,6
9341,1854,چپول کش,013078,6
9342,1854,خالصان,013079,6
9343,1854,داره سر,013081,6
9344,1854,درام درام باران,013082,6
9345,1854,درفشه,013083,6
9346,1854,دله خانی,013084,6
9347,1854,رضی نسا,013086,6
9348,1854,زردلجه,013087,6
9349,1854,زودل,013088,6
9350,1854,سخیبن,013089,6
9351,1854,سیابکون,013091,6
9352,1854,سیاه خونی,013092,6
9353,1854,سیاه کش,013093,6
9354,1854,شالتوک,013095,6
9355,1854,شله ویل,013097,6
9356,1854,کلوعه,013100,6
9357,1854,کمادول,013101,6
9358,1854,کوره خرم,013102,6
9359,1854,لش,013106,6
9360,1854,لات,013108,6
9361,1854,ملاباغ,013110,6
9362,1854,ملال,013111,6
9363,1854,میان رز,013113,6
9364,1854,نمی هشت,013115,6
9365,1854,واشنا,013116,6
9366,1854,وزمنا,013117,6
9367,1854,وقفی,013118,6
9368,1854,ویزبن,013119,6
9369,1854,هرزل کوه,013120,6
9370,1854,رباب چال,013121,6
9371,1854,توتون لات,310210,6
9372,1854,تیپ 52 قدس,310211,6
9373,1854,مجتمع دامپروری شهید بهشتی,310213,6
9374,1855,تازه آباد,013236,6
9375,1855,بالا پاپکیاده,014093,6
9376,1855,پشت لله سر,014100,6
9377,1855,حسن آباد,014108,6
9378,1855,خالکیاسر,014112,6
9379,1855,سادات محله,014117,6
9380,1856,آبچالکی,013224,6
9381,1856,اسماعیل سرا,013225,6
9382,1856,بازار ده گلباغ,013226,6
9383,1856,بالامحله نالکیاشر,013229,6
9384,1856,پائین محله نالکیاشر,013232,6
9385,1856,جدانوکر,013238,6
9386,1856,حاج ابراهیم ده,013240,6
9387,1856,خالیا کل,013242,6
9388,1856,خراط محله,013243,6
9389,1856,دیوشل,013247,6
9390,1856,دیوشل پشته,013248,6
9391,1856,سیاهکلده,013252,6
9392,1856,طالش محله,013257,6
9393,1856,عطاکوه,013258,6
9394,1856,کوشالشاد,013262,6
9395,1856,گاچه ور,013263,6
9396,1856,گالش کلام لیلاکوه,013266,6
9397,1856,لوکلایه,013268,6
9398,1856,لیلاکوه,013269,6
9399,1856,موبندان,013271,6
9400,1856,آخوند محله,310221,6
9401,1856,سادات محله,310222,6
9402,1857,دریاکنار,013246,6
9403,1857,فتیده,013259,6
9404,1857,گالش خاله,013264,6
9405,1857,گل سفید,013267,6
9406,1858,اربولنگه,013325,6
9407,1858,آشیان,013326,6
9408,1858,آقا علی سرا,013328,6
9409,1858,اکبرسرا,013329,6
9410,1858,آلمان لنگه,013330,6
9411,1858,انبلان سر,013331,6
9412,1858,بالا شکرکش,013332,6
9413,1858,پایین شکرکش,013333,6
9414,1858,پروش پائین,013335,6
9415,1858,پروش بالا,013336,6
9416,1858,تازه آباد کرد سراکوه,013345,6
9417,1858,جانعلی آباد,013347,6
9418,1858,جوارده,013348,6
9419,1858,خانه پشتان,013352,6
9420,1858,خمیر محله,013353,6
9421,1858,سادات محله,013356,6
9422,1858,طالب سرا,013361,6
9423,1858,ظهراب علی سرا,013362,6
9424,1858,علی آباد,013363,6
9425,1858,کردسرا کوه بالا,013368,6
9426,1858,کفش کل محله,013370,6
9427,1858,کندسر زین پره,013372,6
9428,1858,کنده سر,013373,6
9429,1858,کیش پشته,013379,6
9430,1858,گلسو,013382,6
9431,1858,لک پشت,013386,6
9432,1858,لیسه رود تازه آباد,013389,6
9433,1858,محمد جعفر محله,013392,6
9434,1858,میان شکرکش,013395,6
9435,1858,نارنج بن پایین,013397,6
9436,1858,ناوسر,013398,6
9437,1858,نقاره چی محله,013399,6
9438,1858,اشکال,013632,6
9439,1858,اشکو,013635,6
9440,1858,خرما,013664,6
9441,1858,ده جان,013668,6
9442,1858,سیزکوه,013692,6
9443,1858,کرسر,013709,6
9444,1858,لیشمه,013748,6
9445,1858,اترود,014284,6
9446,1858,اسدسرا,014285,6
9447,1858,باجی سرا,014287,6
9448,1858,بارگلی,014288,6
9449,1858,بندرمحله,014290,6
9450,1858,بهشت لات,014292,6
9451,1858,بیجارانجیل کچل بن,014293,6
9452,1858,بیروم,014295,6
9453,1858,پائین کش سرا,014296,6
9454,1858,پشتل سرا,014299,6
9455,1858,پنو,014300,6
9456,1858,پیله محله,014301,6
9457,1858,تیام,014305,6
9458,1858,تیکسر,014306,6
9459,1858,چوری,014309,6
9460,1858,حسین سرا,014310,6
9461,1858,خاناور سرا,014311,6
9462,1858,خرار,014312,6
9463,1858,خرطای,014313,6
9464,1858,خلیفه گوابر,014314,6
9465,1858,دشت علم,014316,6
9466,1858,سارسر,014322,6
9467,1858,سبزعلی سرا,014323,6
9468,1858,سلاجان,014327,6
9469,1858,سنگ سرا,014328,6
9470,1858,سوگوابر,014330,6
9471,1858,سیلاب کش,014333,6
9472,1858,شریف علی سرا,014334,6
9473,1858,ششکلایه,014335,6
9474,1858,ششلو,014336,6
9475,1858,علم سر,014338,6
9476,1858,علی خان سرا,014339,6
9477,1858,فبیل گاوسرا,014340,6
9478,1858,کچل بن,014346,6
9479,1858,کره رودخان,014348,6
9480,1858,بالاکش سرا,014349,6
9481,1858,کهلبون,014351,6
9482,1858,گاوکلی,014352,6
9483,1858,گردگوابر,014354,6
9484,1858,گروسی,014356,6
9485,1858,گره گوابر,014357,6
9486,1858,لرزیان,014361,6
9487,1858,لطفعلی گوابر,014362,6
9488,1858,لموش پشت,014363,6
9489,1858,لات محله تیکسر,014365,6
9490,1858,مادیان گوابر,014366,6
9491,1858,محمد نصیر سرا,014367,6
9492,1858,ملازگوابر,014369,6
9493,1858,نشاط,014371,6
9494,1858,واندارکش,014372,6
9495,1858,مرزلات,310224,6
9496,1858,کندسر شکرکش,310225,6
9497,1858,کرد سراکوه پایین,310226,6
9498,1858,بهپس باغ,310247,6
9499,1858,پائین تنورود,310248,6
9500,1858,بالا تنورود,310249,6
9501,1858,نارنج بن بالا,310351,6
9502,1859,اربه لانه بالا,009932,6
9503,1859,بلوردکان,009945,6
9504,1859,تاشکلا,009961,6
9505,1859,چلیکی,009972,6
9506,1859,حسین آباد,009979,6
9507,1859,سیاه منسه بالا,009995,6
9508,1859,سیاه منسه پائین,009996,6
9509,1859,شصتانرود,010001,6
9510,1859,فبلشه,010010,6
9511,1859,لیاشور سرای سفلی,010028,6
9512,1859,لیاشور سرای علیا,010029,6
9513,1859,لیاشور سرای استاد ولی,010030,6
9514,1859,لاته,010034,6
9515,1859,آغوزچال,010162,6
9516,1859,چنگول,010174,6
9517,1859,فی آب,010189,6
9518,1859,هلودشت,010210,6
9519,1859,آبدنگسر,013322,6
9520,1859,آتش سرا,013323,6
9521,1859,اربع گردن,013324,6
9522,1859,پشته سرا,013337,6
9523,1859,پلدره,013338,6
9524,1859,پیتی شیم بالا,013339,6
9525,1859,پیتی شیم پایین,013340,6
9526,1859,پیشکوه پایین,013341,6
9527,1859,پیشکوه بالا,013342,6
9528,1859,تازه آباد,013344,6
9529,1859,چهار سو پشته,013349,6
9530,1859,خاله سر,013351,6
9531,1859,زرگوش,013355,6
9532,1859,سنگتاش,013358,6
9533,1859,علی آباد سرا,013364,6
9534,1859,فابیلی,013366,6
9535,1859,کاس خورده,013367,6
9536,1859,کل چال,013371,6
9537,1859,کته خورته بالا,013374,6
9538,1859,کته خورته پایین,013375,6
9539,1859,کهلستان,013377,6
9540,1859,گرسک بالا,013380,6
9541,1859,گرسک پائین,013381,6
9542,1859,گنج علی سرا,013384,6
9543,1859,لیشاکوه,013390,6
9544,1859,لات لیل,013391,6
9545,1859,میان گوابر,013396,6
9546,1859,چالدشت,014307,6
9547,1859,سرلیله,014325,6
9548,1859,لیارود,014364,6
9549,1860,بالاسالکویه,013227,6
9550,1860,پائین قاضی محله,013231,6
9551,1860,پایین سالکویه,013233,6
9552,1860,دریاسر,013245,6
9553,1860,سیگارود,013253,6
9554,1860,کلید بر,013260,6
9555,1860,ملاط,013270,6
9556,1860,گلاب محله,013383,6
9557,1860,خالجیر,801031,6
9558,1861,پرشکوه,013334,6
9559,1861,حاجی سرا,013350,6
9560,1861,سلوش,013357,6
9561,1861,سیاه کرد گوابر,013359,6
9562,1861,صفر سرا,013360,6
9563,1861,لشه,013385,6
9564,1861,لیارج دمه,013387,6
9565,1861,لیسه رود,013388,6
9566,1861,مریدان,013393,6
9567,1861,دادقان سرا,310227,6
9568,1861,کیاگهان,310228,6
9569,1862,بندبن بالا,013638,6
9570,1862,چی چی نی کوتی,013661,6
9571,1862,خرتاب,013663,6
9572,1862,صالح بر,013701,6
9573,1862,قاضی گوابر,013704,6
9574,1862,بندبن پائین,013774,6
9575,1862,آزارستان,013934,6
9576,1862,آزارستانکی,013935,6
9577,1862,آهندان,013938,6
9578,1862,بالا بیجار انکیش,013941,6
9579,1862,بالا تموشل,013942,6
9580,1862,بالانارنج لنگه,013944,6
9581,1862,بوجایه,013949,6
9582,1862,بیلاژ محله,013950,6
9583,1862,پائین بیجار انکیش,013951,6
9584,1862,پائین تموشل,013952,6
9585,1862,پائین نارنج لنگه,013954,6
9586,1862,جورگوابر,013957,6
9587,1862,جیرگوابر,013958,6
9588,1862,چمندان,013960,6
9589,1862,خورتای,013967,6
9590,1862,دره جیر,013969,6
9591,1862,دزدک سو,013970,6
9592,1862,دهسر,013974,6
9593,1862,راهدارخانه,013976,6
9594,1862,سادات محله,013978,6
9595,1862,سوخته کوه,013979,6
9596,1862,شرم لنگه,013983,6
9597,1862,کوره بر,013989,6
9598,1862,کوه بنه,013991,6
9599,1862,گردکوه,013992,6
9600,1862,گلستان,013993,6
9601,1862,لواسی محله,013995,6
9602,1862,لیالمان,013997,6
9603,1862,مازی کله,014000,6
9604,1862,ملاگوابر,014003,6
9605,1862,ملامحله چهل ستون,014004,6
9606,1862,میان گوابر,014005,6
9607,1862,میان محله زاکله بر,014007,6
9608,1862,هالو خانی,014010,6
9609,1863,ایشگاه,013939,6
9610,1863,بازکیاگوراب,013940,6
9611,1863,بالامحله گلرودبار,013943,6
9612,1863,بهادر کلایه,013945,6
9613,1863,پائین محله گلرودبار,013953,6
9614,1863,تبرکلایه,013955,6
9615,1863,توستان,013956,6
9616,1863,چفل,013959,6
9617,1863,درا پشتان,013968,6
9618,1863,دلیجان,013971,6
9619,1863,دهسر,013973,6
9620,1863,سادات محله,013977,6
9621,1863,شکاکم,013984,6
9622,1863,لاشیدان حکومتی,013998,6
9623,1863,مال بیجار,014001,6
9624,1863,میان محله گلرودبار,014006,6
9625,1863,انارستان,014195,6
9626,1863,سرشکه,014220,6
9627,1863,کلشتاجان,014229,6
9628,1864,بازارده,014196,6
9629,1864,بازارسر لفمجان,014197,6
9630,1864,بالا شادده,014199,6
9631,1864,بالامحله پاشاکی,014200,6
9632,1864,بالامحله لفمجان,014201,6
9633,1864,بیجاربنه,014202,6
9634,1864,پایین شادده,014205,6
9635,1864,پائین محله لفمجان,014206,6
9636,1864,پایین محله پاشاکی,014207,6
9637,1864,جوپیش,014213,6
9638,1864,خوبده,014216,6
9639,1864,شیوا,014222,6
9640,1864,کردمحله,014227,6
9641,1864,کلنگران,014230,6
9642,1864,کیاسرا,014231,6
9643,1864,گوشکجان,014233,6
9644,1864,گوکه,014234,6
9645,1864,لاحشر,014235,6
9646,1864,لمک محله لفمجان,014240,6
9647,1865,الکی صحرا,013937,6
9648,1865,بیجاربسته سر,013946,6
9649,1865,بیجاربنه بالا,013947,6
9650,1865,بیجاربنه پایین,013948,6
9651,1865,چهارخانه سر پایین,013963,6
9652,1865,دیزبن,013975,6
9653,1865,سیاه گوراب بالا,013980,6
9654,1865,سیاه گوراب پایین,013981,6
9655,1865,شاددهسر,013982,6
9656,1865,شیخان بر,013985,6
9657,1865,قصاب محله,013987,6
9658,1865,کوچکده,013988,6
9659,1865,کوشال,013990,6
9660,1865,گوراندان,013994,6
9661,1865,لیالستان,013996,6
9662,1865,لاشیدان مطلق,013999,6
9663,1865,متعلق محله نوبیجار,014002,6
9664,1865,نخجیر کلایه,014008,6
9665,1865,نوبیجار,014009,6
9666,1865,سپهر پشت,310250,6
9667,1866,ستارآباد,013249,6
9668,1866,سرچشمه,013250,6
9669,1866,میشکاسر,013272,6
9670,1866,چهارخانه سر بالا,013962,6
9671,1866,علی سرود,013986,6
9672,1866,کوه بیجار,014012,6
9673,1866,امیرکلایه,014286,6
9674,1866,بالامحله زمیدان,014289,6
9675,1866,بنگبر,014291,6
9676,1866,بیجارباغ,014294,6
9677,1866,پائین گمل,014297,6
9678,1866,پائین محله زمیدان,014298,6
9679,1866,توسادشت,014302,6
9680,1866,تنازارود,014303,6
9681,1866,چلک,014308,6
9682,1866,دانگایه,014315,6
9683,1866,رجب سرا,014317,6
9684,1866,رحیم آباد,014318,6
9685,1866,رمضان بیجار,014319,6
9686,1866,زمیدان,014320,6
9687,1866,زمیدان سرا,014321,6
9688,1866,سراش,014324,6
9689,1866,سطل سر,014326,6
9690,1866,سوستان,014329,6
9691,1866,سیاه رودبار,014331,6
9692,1866,سیاه کش,014332,6
9693,1866,شیرین نسا,014337,6
9694,1866,فیدره علیا,014341,6
9695,1866,فیدره سفلی,014342,6
9696,1866,کاه بیجار,014343,6
9697,1866,کتشال بالا,014344,6
9698,1866,کتشال پائین,014345,6
9699,1866,کردگاور,014347,6
9700,1866,کوره,014350,6
9701,1866,گردگرف,014353,6
9702,1866,گرمابرود,014355,6
9703,1866,گل کش,014358,6
9704,1866,گمل,014359,6
9705,1866,گمل سرا,014360,6
9706,1866,مراد دهنده,014368,6
9707,1866,نارنج کلایه,014370,6
9708,1867,ایشگاه,008584,6
9709,1867,شرفشاده,008601,6
9710,1867,کهنه رودپشت,008608,6
9711,1867,حاج سلیم محله,013964,6
9712,1867,گلچال,013972,6
9713,1867,اکبرآباد,014090,6
9714,1867,پایین محله رودبنه,014099,6
9715,1867,پهمدان,014101,6
9716,1867,چاروق دوز محله,014105,6
9717,1867,رعیت محله,014115,6
9718,1867,شیخ علی کلایه,014121,6
9719,1867,صدا پشته,014124,6
9720,1867,کنف گوراب,014128,6
9721,1867,لاکمه سر,014131,6
9722,1867,مهدی آباد,014133,6
9723,1867,میان محله رودبنه,014136,6
9724,1867,یوسف ده,014140,6
9725,1868,ایوان استخر,008585,6
9726,1868,کچلام,008606,6
9727,1868,ارباستان,014088,6
9728,1868,اربو کلایه,014089,6
9729,1868,امیرآباد,014091,6
9730,1868,بارکوسرا,014092,6
9731,1868,بالا رودپشت,014094,6
9732,1868,بالامحله ناصر کیاده,014095,6
9733,1868,بین کلایه,014096,6
9734,1868,پائین محله ناصر کیاده,014097,6
9735,1868,تی تی پریزاد,014103,6
9736,1868,جیرباغ,014104,6
9737,1868,حسن بکنده,014109,6
9738,1868,حسنعلی ده,014110,6
9739,1868,ده بنه,014113,6
9740,1868,سحرخیز محله,014118,6
9741,1868,سراجار,014119,6
9742,1868,سیدمحله,014120,6
9743,1868,شیرجوپشت بالا,014122,6
9744,1868,شیرجوپشت پائین,014123,6
9745,1868,صیقل بنه,014125,6
9746,1868,فشوپشته,014127,6
9747,1868,کورنده,014129,6
9748,1868,گاویه,014130,6
9749,1868,متعلق محله ارباستان,014132,6
9750,1868,میان محله چاف گاویه,014135,6
9751,1868,میردریاسر,014137,6
9752,1868,ناصرکیاده میان محله,014138,6
9753,1868,نوشر,014139,6
9754,1869,بداب,012682,6
9755,1869,خرفکل,012683,6
9756,1869,خره کش,012684,6
9757,1869,دوبخشر,012685,6
9758,1869,زردکام,012686,6
9759,1869,سالک معلم,012687,6
9760,1869,سفید مزگی,012688,6
9761,1869,سیاه مزگی,012689,6
9762,1869,شالما,012690,6
9763,1869,گنجار,012691,6
9764,1869,لپوندان,012692,6
9765,1869,نصیرمحله,012694,6
9766,1869,والی سرا,012695,6
9767,1869,علی سرا,310215,6
9768,1869,ونه بنه,310216,6
9769,1869,زیان دشت,310217,6
9770,1870,آقانور سه تن,012716,6
9771,1870,امامزاده ابراهیم,012717,6
9772,1870,امامزاده اسحق,012718,6
9773,1870,بابار کاب,012719,6
9774,1870,بیجارسر,012720,6
9775,1870,پلنگ پشت,012721,6
9776,1870,تنز,012722,6
9777,1870,چنار رودخان,012723,6
9778,1870,چوبتراشان,012724,6
9779,1870,چوبر,012725,6
9780,1870,خرم آباد,012726,6
9781,1870,داکله سرا,012727,6
9782,1870,درودخان,012728,6
9783,1870,سفیدخانی,012729,6
9784,1870,سله مرز,012730,6
9785,1870,شادنشین,012731,6
9786,1870,طالقان,012732,6
9787,1870,قلعه گل,012733,6
9788,1870,کاظم آباد,012734,6
9789,1870,کولوان,012735,6
9790,1870,کیش خاله,012736,6
9791,1870,لیسم,012737,6
9792,1870,لاسک,012738,6
9793,1870,ماشاالله کل,012739,6
9794,1870,مبارک آباد,012740,6
9795,1870,محرمان,012741,6
9796,1870,ویسرود,012742,6
9797,1870,تانی محله,012775,6
9798,1870,صیقلان,012785,6
9799,1870,کوچک کومسار,012789,6
9800,1870,لیفکوخندان,012794,6
9801,1870,لیفکوه,012795,6
9802,1870,میرسرا,012798,6
9803,1870,جنگلکاری چوبر,310218,6
9804,1870,گیشم,310350,6
9805,1871,لاقان,012693,6
9806,1871,آقامحله,012770,6
9807,1871,بیالوا,012771,6
9808,1871,پشت سرا,012772,6
9809,1871,پیرده شفت,012773,6
9810,1871,پیرمومن سرا,012774,6
9811,1871,تکرم,012776,6
9812,1871,جیرده,012777,6
9813,1871,چماچا,012778,6
9814,1871,چوسر,012779,6
9815,1871,خرطوم,012780,6
9816,1871,خطیبان,012781,6
9817,1871,خمیران,012782,6
9818,1871,ذوالپیران,012783,6
9819,1871,شیخ محله,012784,6
9820,1871,عثماوندان,012786,6
9821,1871,قصاب محله,012787,6
9822,1871,کلاچ خندان,012788,6
9823,1871,کولی سران,012790,6
9824,1871,کومسار,012791,6
9825,1871,گیلده,012792,6
9826,1871,لختکی,012793,6
9827,1871,مژدهه,012796,6
9828,1871,مردخه,012797,6
9829,1871,میر محله,012799,6
9830,1871,ناصران,012800,6
9831,1871,نهزم صیقل کومه,012801,6
9832,1871,برزوهندان,012848,6
9833,1871,شالده,012878,6
9834,1871,کوزان,012899,6
9835,1871,خلیلان,801004,6
9836,1872,آقاسید یعقوب,012844,6
9837,1872,تازه آباد پسیخان,012853,6
9838,1872,جیرده پسیخان,012855,6
9839,1872,چکوسر,012856,6
9840,1872,راسته کنار,012871,6
9841,1872,شادخال,012879,6
9842,1872,طالش محله,012885,6
9843,1872,فشالم,012887,6
9844,1872,کاسان,012890,6
9845,1872,کلاشم بالا,012894,6
9846,1872,کوزه گران,012900,6
9847,1872,گوراب لیشاوندان,012908,6
9848,1872,ماشاتوک,012914,6
9849,1872,ملاسرا,012919,6
9850,1872,نوده پسیخان,012925,6
9851,1872,نوده,012926,6
9852,1872,مرخال,310286,6
9853,1873,زازل,009428,6
9854,1873,سیاه خولک,009431,6
9855,1873,لله جار,009434,6
9856,1873,اسک,010166,6
9857,1873,امام,010169,6
9858,1873,بویه,010171,6
9859,1873,زهون بره,010179,6
9860,1873,سیاه استخر,010182,6
9861,1873,سیاه کوه,010183,6
9862,1873,شیرچاک,010186,6
9863,1873,شیه,010187,6
9864,1873,کاغذی,010190,6
9865,1873,کاکرود,010193,6
9866,1873,کشمش,010196,6
9867,1873,لرود,010201,6
9868,1873,مربو,010204,6
9869,1873,ملکوت,010206,6
9870,1873,موسی کلایه,010207,6
9871,1873,دول بره,010315,6
9872,1873,کلامرود,010350,6
9873,1873,گورج,010356,6
9874,1874,آزاربن سفلی,009933,6
9875,1874,آزاربن علیا,009934,6
9876,1874,اسماعیل گوابر,009936,6
9877,1874,بالاهلوسرا,009943,6
9878,1874,بزکویه,009944,6
9879,1874,پائین هلوسرا,009950,6
9880,1874,پردین لنگه,009952,6
9881,1874,پشت دره لنگه,009953,6
9882,1874,تبرزین لنگه,009962,6
9883,1874,جورگوابر,009970,6
9884,1874,جیرگوابر,009971,6
9885,1874,حرمسرا,009978,6
9886,1874,رودگوابر,009987,6
9887,1874,سپردان,009988,6
9888,1874,سرکله,009989,6
9889,1874,سوخته کیش,009991,6
9890,1874,سور شفیع لات,009992,6
9891,1874,سیویر,009997,6
9892,1874,شبخوس سرا,009999,6
9893,1874,طارمسرا,010012,6
9894,1874,گرکرود,010018,6
9895,1874,گرمایسر,010019,6
9896,1874,گشکور,010020,6
9897,1874,گلستان سرا,010021,6
9898,1874,گوشت پزان,010024,6
9899,1874,لرداسر,010025,6
9900,1874,للیج گوابر,010031,6
9901,1874,لاتسرا,010032,6
9902,1874,لاتک,010033,6
9903,1874,ورکوره,010041,6
9904,1874,یوسف آباد,010045,6
9905,1874,آسیابسران,010642,6
9906,1874,بهشت آباد,010651,6
9907,1874,رمشایه,010685,6
9908,1874,علی آباد,010707,6
9909,1874,کهنه گویه بالا,010723,6
9910,1874,کهنه گویه پایین,010724,6
9911,1875,مطلاکوه,009435,6
9912,1875,آغوزی,010163,6
9913,1875,اربوداردشت,010164,6
9914,1875,استخرسر,010165,6
9915,1875,النکنگه,010168,6
9916,1875,باباجان دره,010170,6
9917,1875,تماجان,010173,6
9918,1875,خصیل دشت,010175,6
9919,1875,دیماجانکش,010176,6
9920,1875,رودبار ده سر,010177,6
9921,1875,سرتربت,010180,6
9922,1875,شهرسمام,010185,6
9923,1875,طارش,010188,6
9924,1875,کجید,010194,6
9925,1875,کرفکش,010195,6
9926,1875,گرمای سر,010198,6
9927,1875,ملجادشت,010205,6
9928,1875,هلوچاک,010209,6
9929,1875,شوله,010340,6
9930,1876,آفتاب خورتاب,009939,6
9931,1876,باغ محله نرکه,009940,6
9932,1876,بالا زربیجار,009941,6
9933,1876,بالامحله نرکه,009942,6
9934,1876,بیلی لنگه,009947,6
9935,1876,پائین زر بیجار,009948,6
9936,1876,پائین محله نرکه,009949,6
9937,1876,پرام سرا,009951,6
9938,1876,پیلجه,009955,6
9939,1876,پیلدره,009956,6
9940,1876,پیلام پستانک,009957,6
9941,1876,تابستان نشین,009958,6
9942,1876,تازه آباد نرکه,009960,6
9943,1876,تپه سر,009963,6
9944,1876,توچال,009966,6
9945,1876,توشه میان,009967,6
9946,1876,جورکاسر,009969,6
9947,1876,چلاکش,009974,6
9948,1876,حاجی آباد,009977,6
9949,1876,درتموش,009983,6
9950,1876,درزی گوابر,009984,6
9951,1876,دعوای لات,009985,6
9952,1876,سیاه مرز گوابر,009994,6
9953,1876,شبخوس پهلو,009998,6
9954,1876,شندربالنگه,010004,6
9955,1876,شیردره,010006,6
9956,1876,شیشارستان,010007,6
9957,1876,طهماسب گوابر,010008,6
9958,1876,عباس گوابر,010009,6
9959,1876,کشکلایه,010014,6
9960,1876,کلانسرا,010015,6
9961,1876,گودین گوابر,010022,6
9962,1876,گودی گوابر,010023,6
9963,1876,للیم,010027,6
9964,1876,محمدعلی گوابر,010036,6
9965,1876,میانسرا,010038,6
9966,1876,نارنج بن,010039,6
9967,1876,ولی کلام,010042,6
9968,1876,هردوآب,010043,6
9969,1876,یاعلی گوابر,010044,6
9970,1876,یوسف آباد,010046,6
9971,1876,شلیشه,010184,6
9972,1876,کاروانسرا,010192,6
9973,1876,ماضی دارخورته,310288,6
9974,1877,استاد کلایه,009935,6
9975,1877,اشکر میدان,009937,6
9976,1877,اشکیت,009938,6
9977,1877,پیش بیجار,009954,6
9978,1877,تازه آباد چماقستان,009959,6
9979,1877,چلارس,009973,6
9980,1877,چماقستان,009975,6
9981,1877,چهارده,009976,6
9982,1877,حسین آباد,009980,6
9983,1877,خرشتم,009981,6
9984,1877,سفید داربن,009990,6
9985,1877,سورکوه,009993,6
9986,1877,شکرپس,010003,6
9987,1877,شیخ آباد,010005,6
9988,1877,کارخانه رئیسیان,010011,6
9989,1877,کرف محله,010013,6
9990,1877,کهنه گوراب,010016,6
9991,1877,کیاکلایه,010017,6
9992,1877,لکموج,010026,6
9993,1877,مشکله,010037,6
9994,1877,نجم آباد,010040,6
9995,1877,پیله باغ,010658,6
9996,1877,شکرکش محله,010700,6
9997,1877,کرفستان,010711,6
9998,1877,خمیر محله,310195,6
9999,1878,آبویار,011538,6
10000,1878,آلکام,011539,6
10001,1878,پیلمبرا,011541,6
10002,1878,جنبه سرا,011542,6
10003,1878,چران,011543,6
10004,1878,حوریان,011545,6
10005,1878,خلخالیان,011546,6
10006,1878,دیناچال,011549,6
10007,1878,رودکنار,011550,6
10008,1878,بره سرا,011552,6
10009,1878,سیمبری خاله,011553,6
10010,1878,صیقل سرا,011554,6
10011,1878,کلاب,011555,6
10012,1878,کوهستان,011556,6
10013,1878,اردجان,011638,6
10014,1878,سندیان,011651,6
10015,1878,نوکنده,011659,6
10016,1878,کیش خاله,011980,6
10017,1878,سنگده بالا,801018,6
10018,1878,سنگده پائین,801019,6
10019,1878,مازوپشت,801030,6
10020,1878,قلم باغ آلکام,801036,6
10021,1878,مقدمی محله آلکام,801037,6
10022,1878,پیش محله,801045,6
10023,1879,برزکوه,011540,6
10024,1879,چروده,011544,6
10025,1879,دکان بیجاری,011547,6
10026,1879,سرداربن,011551,6
10027,1879,کهنه کلان,011557,6
10028,1879,ویسادار,011558,6
10029,1879,رزدارستان,011593,6
10030,1879,کوره رودبار,011602,6
10031,1879,لوسه,011604,6
10032,1879,ارده,011682,6
10033,1879,آق مسجد,011683,6
10034,1879,پارگام,011686,6
10035,1879,برین,011687,6
10036,1879,تت بالو,011689,6
10037,1879,خجه دره,011691,6
10038,1879,دشتانسر,011692,6
10039,1879,دیانسر,011693,6
10040,1879,روشنده,011694,6
10041,1879,زندانه,011695,6
10042,1879,سندیکه,011697,6
10043,1879,سنگده,011698,6
10044,1879,سیاه لرز,011700,6
10045,1879,سیفه دشت,011701,6
10046,1879,کهنه که,011704,6
10047,1879,گیل یار,011705,6
10048,1879,لتوم,011706,6
10049,1879,نوده,011709,6
10050,1879,وسکه,011710,6
10051,1879,لرزه,310034,6
10052,1879,دشت دامن,310035,6
10053,1879,چاران,310036,6
10054,1879,میان رود,310037,6
10055,1879,جهان گریه,310038,6
10056,1879,جلد برداشت,310039,6
10057,1880,ارکند,011580,6
10058,1880,آقاجان محله,011581,6
10059,1880,آلان,011582,6
10060,1880,باسکه مشم,011583,6
10061,1880,باناصر,011584,6
10062,1880,بنگاه,011585,6
10063,1880,بیاچال,011586,6
10064,1880,پلختار,011587,6
10065,1880,خالشت,011588,6
10066,1880,خیلگاوان,011589,6
10067,1880,درواز,011590,6
10068,1880,دشت میان,011591,6
10069,1880,رودبارسرا,011594,6
10070,1880,رینچ محله,011595,6
10071,1880,سرک,011596,6
10072,1880,سیاه بیل,011597,6
10073,1880,شانکاور,011598,6
10074,1880,شیربچه پیر,011599,6
10075,1880,شیروا,011600,6
10076,1880,شیشار,011601,6
10077,1880,گالش خیل,011603,6
10078,1880,وانگاه,011605,6
10079,1880,وزشت,011606,6
10080,1880,وزمی,011607,6
10081,1880,ویشه سرا,011608,6
10082,1880,پلنگ پاره,011640,6
10083,1880,پونل,011641,6
10084,1880,آهنگرمحله,011685,6
10085,1880,بیجارکن,011688,6
10086,1880,چکچه پشت,011690,6
10087,1880,سکام,011696,6
10088,1880,شیخ محله,011702,6
10089,1880,آسته سر,011751,6
10090,1880,انگولش,011755,6
10091,1880,اورما,011756,6
10092,1880,بن منی کش,011760,6
10093,1880,رزدار,011782,6
10094,1880,چاخ,310046,6
10095,1880,ملال,310047,6
10096,1880,سیاه بیل خوشابر,801014,6
10097,1881,دیلج محله,011592,6
10098,1881,بداغ محله,011639,6
10099,1881,تازه آباد,011642,6
10100,1881,چنگریان,011644,6
10101,1881,خلیل محله,011645,6
10102,1881,خیمه سر,011646,6
10103,1881,دارسرا,011647,6
10104,1881,رودسر,011649,6
10105,1881,ساسانسرا,011650,6
10106,1881,شادکوه,011653,6
10107,1881,کلیمان,011656,6
10108,1881,گیل چالان,011657,6
10109,1881,لاکتاسرا,011658,6
10110,1881,الله بخش محله,011684,6
10111,1881,سیاه بیل,011699,6
10112,1881,طارمسرا,011703,6
10113,1881,میانرود,011708,6
10114,1881,شفارود,310041,6
10115,1881,بالامحله سیاه بلاش,310043,6
10116,1881,روشنده,310352,6
10117,1882,بنه زمین,009418,6
10118,1882,پیرکوه سفلی,009419,6
10119,1882,پیرکوه علیا,009420,6
10120,1882,پیشکلیجان بالا,009421,6
10121,1882,پیشکلیجان پایین,009422,6
10122,1882,پینوند,009423,6
10123,1882,جاران,009424,6
10124,1882,جلیسه,009425,6
10125,1882,چاکرود,009426,6
10126,1882,چمچال,009427,6
10127,1882,زنش,009429,6
10128,1882,زنش دره,009430,6
10129,1882,کلاک,009432,6
10130,1882,گرماور,009433,6
10131,1882,ملامحله,009436,6
10132,1882,وسمه جان,009437,6
10133,1882,یرشلمان,009438,6
10134,1882,آسیاب سر,010167,6
10135,1882,تلیجان کر,010172,6
10136,1882,زاکام,010178,6
10137,1882,سردسر شاهی جان,010181,6
10138,1882,کارسنگ شاهی جان,010191,6
10139,1882,کمنی,010197,6
10140,1882,گیلاکش,010199,6
10141,1882,لرده,010200,6
10142,1882,لوالی,010202,6
10143,1882,لیه چاک,010203,6
10144,1882,هفت بند,010208,6
10145,1882,یسن,010211,6
10146,1883,ابی نام,013502,6
10147,1883,اربستان,013503,6
10148,1883,اروشکی,013504,6
10149,1883,آزارستانک,013505,6
10150,1883,اسپیلی,013506,6
10151,1883,اسطلخ کیان,013507,6
10152,1883,آسیابر,013508,6
10153,1883,آسیابرک,013509,6
10154,1883,ایشکو بالامحله,013510,6
10155,1883,ایشکو پایین محله,013511,6
10156,1883,باباولی,013512,6
10157,1883,بندبن,013513,6
10158,1883,پش سفلی,013514,6
10159,1883,پش علیا,013515,6
10160,1883,پله شا,013516,6
10161,1883,پیلبور,013517,6
10162,1883,تاریک دره,013518,6
10163,1883,تکام,013519,6
10164,1883,تلوم خانی,013520,6
10165,1883,تنگ رود,013521,6
10166,1883,چشناسر,013522,6
10167,1883,خاک شور,013523,6
10168,1883,خرم رود,013524,6
10169,1883,درویش خانی,013525,6
10170,1883,دزدلیم,013526,6
10171,1883,دیارجان,013528,6
10172,1883,رزدرود,013530,6
10173,1883,رزدره,013531,6
10174,1883,زین پشته,013532,6
10175,1883,سنگ بن,013533,6
10176,1883,سیاه خانی,013534,6
10177,1883,سیاه سر,013535,6
10178,1883,سیاه کاربن,013536,6
10179,1883,سیستان,013537,6
10180,1883,سیوسرک,013538,6
10181,1883,شادملک بره,013539,6
10182,1883,طالشکوه,013540,6
10183,1883,عاشورآباد,013541,6
10184,1883,علی وا,013542,6
10185,1883,عین شیخ,013543,6
10186,1883,قشلاق,013544,6
10187,1883,کشتی گیرچاک,013545,6
10188,1883,کلاچخانی,013546,6
10189,1883,کوه پس,013547,6
10190,1883,گلاکی,013549,6
10191,1883,گولک,013550,6
10192,1883,گیسل,013551,6
10193,1883,لنگل,013552,6
10194,1883,لوار,013553,6
10195,1883,لور,013554,6
10196,1883,لیه,013555,6
10197,1883,لیه چاک,013556,6
10198,1883,ملومه,013557,6
10199,1883,میان مرز,013558,6
10200,1883,میاندشت,013559,6
10201,1883,میکال,013560,6
10202,1883,نوروز محله,013561,6
10203,1883,نیاول,013562,6
10204,1883,جورود,013563,6
10205,1883,لیسانه,013564,6
10206,1883,خاصه خانی,013565,6
10207,1883,آغوزی,013566,6
10208,1883,آتشگی,013568,6
10209,1883,صوفیان سر,013570,6
10210,1883,فیگورسر,013572,6
10211,1883,گوشیل,013573,6
10212,1883,سرداب,310229,6
10213,1883,لارخانی,310230,6
10214,1883,زانوسرا,310231,6
10215,1883,خشک دشت,310232,6
10216,1883,ایژگی,310233,6
10217,1883,چال میرسر,310234,6
10218,1883,ذالکوه,310235,6
10219,1883,گوته بن,310236,6
10220,1883,دودران,310349,6
10221,1884,آغوزبن,013625,6
10222,1884,آذرچه,013626,6
10223,1884,اربه بن,013627,6
10224,1884,اسب راهان,013629,6
10225,1884,اسفندیار سرا,013630,6
10226,1884,آسو,013631,6
10227,1884,اشکمجان پهلو,013634,6
10228,1884,انگولور,013636,6
10229,1884,باباکوه,013637,6
10230,1884,بالا رود,013639,6
10231,1884,بیجارسرا,013645,6
10232,1884,پیله سرا,013648,6
10233,1884,تناکوه,013650,6
10234,1884,توتکی,013651,6
10235,1884,توشی,013652,6
10236,1884,توکنده,013653,6
10237,1884,چالک سراکی,013656,6
10238,1884,جانشرود,013657,6
10239,1884,چشمه سر,013658,6
10240,1884,خشکاب,013665,6
10241,1884,خوتنگاسو,013666,6
10242,1884,رنگال,013674,6
10243,1884,زرچه سرا,013678,6
10244,1884,زیزاکش,013681,6
10245,1884,سردشت,013685,6
10246,1884,سوتگوابر,013687,6
10247,1884,سه چکه,013689,6
10248,1884,سیاه بیجار,013690,6
10249,1884,سیکاش,013693,6
10250,1884,شبخوس لات,013695,6
10251,1884,شرم لنگه,013696,6
10252,1884,صالح کوه,013700,6
10253,1884,ضیا کوه,013702,6
10254,1884,تی تی کاروانسرا,013706,6
10255,1884,کاشکی,013707,6
10256,1884,کرف پشته,013710,6
10257,1884,کرف پشته ایلیاتی,013711,6
10258,1884,کرف پشته تازه آباد,013712,6
10259,1884,کرف پشته گالشی,013713,6
10260,1884,کشل,013716,6
10261,1884,کلام سرا,013718,6
10262,1884,کلنادان بالا,013719,6
10263,1884,کلنادان پائین,013720,6
10264,1884,کلندی,013721,6
10265,1884,کهنه سرا,013727,6
10266,1884,کیارود,013728,6
10267,1884,کیش چال,013729,6
10268,1884,گالش زمین,013731,6
10269,1884,گندم سرا,013738,6
10270,1884,لشکج,013740,6
10271,1884,لوشاده,013743,6
10272,1884,لیاله کل بالا,013744,6
10273,1884,لیاله کل پایین,013745,6
10274,1884,لیش,013746,6
10275,1884,لاکاران,013750,6
10276,1884,لونک,013751,6
10277,1884,مهربن,013756,6
10278,1884,نیسپی,013760,6
10279,1884,وارش دار,013763,6
10280,1884,ولنیسپی,013764,6
10281,1884,هلوبن سر,013766,6
10282,1884,یکاورک,013768,6
10283,1884,کشوره,310237,6
10284,1884,پلت وردشت,310238,6
10285,1884,پت رود,310239,6
10286,1884,تمرین,310240,6
10287,1884,آغوزچال,310241,6
10288,1885,دلدیم کوچک,013527,6
10289,1885,آغوزچکه,013624,6
10290,1885,اشکراب,013633,6
10291,1885,بام,013640,6
10292,1885,بزگاه,013642,6
10293,1885,تازه آباد جانکاه,013649,6
10294,1885,تویی دشت,013654,6
10295,1885,چالشم,013655,6
10296,1885,چهل گاچه,013660,6
10297,1885,خرارود,013662,6
10298,1885,دهگاه,013670,6
10299,1885,رادار پشته,013672,6
10300,1885,رودبارسرا,013677,6
10301,1885,زنگی رود,013679,6
10302,1885,سردارآباد,013684,6
10303,1885,سلش,013686,6
10304,1885,سوسرا,013688,6
10305,1885,ملت سرا,013694,6
10306,1885,شمیدین,013697,6
10307,1885,فشتال,013703,6
10308,1885,کاجان,013705,6
10309,1885,کلارود,013722,6
10310,1885,کلامسر,013724,6
10311,1885,کجیل,013726,6
10312,1885,گاوکول,013734,6
10313,1885,گردکوه,013735,6
10314,1885,گلستان سرا,013736,6
10315,1885,گندلاور,013737,6
10316,1885,گیل بام,013739,6
10317,1885,لیشک,013747,6
10318,1885,لابن,013749,6
10319,1885,لانه پاک,013752,6
10320,1885,مادرسرا,013753,6
10321,1885,ملک رود,013754,6
10322,1885,دوست لات,013772,6
10323,1885,پنابندان,014209,6
10324,1885,مجتمع تولید ابریشم,310242,6
10325,1885,کلارده,310243,6
10326,1885,سلش دیسام,310347,6
10327,1885,کارگاه پرورش ماهی دکتر یوسف پور,310348,6
10328,1886,ازبرم,013628,6
10329,1886,برپشته سر,013641,6
10330,1886,بوتستان,013643,6
10331,1886,بیجارپشت,013644,6
10332,1886,بیدرون,013646,6
10333,1886,بینه کرده,013647,6
10334,1886,چوشل,013659,6
10335,1886,دزرود,013667,6
10336,1886,دهبنه,013669,6
10337,1886,دیماسرا,013671,6
10338,1886,رجورازبرم,013673,6
10339,1886,روبرابر,013675,6
10340,1886,روبرک,013676,6
10341,1886,زیارتگاه,013680,6
10342,1886,سرارود,013682,6
10343,1886,سیاهکل محله,013691,6
10344,1886,شیرکوه محله,013699,6
10345,1886,کرفستان,013714,6
10346,1886,کرف کل,013715,6
10347,1886,کل سر,013717,6
10348,1886,کلاهدوز محله,013725,6
10349,1886,کیش محله,013730,6
10350,1886,گالش موشا,013732,6
10351,1886,لشکریان,013741,6
10352,1886,للم,013742,6
10353,1886,گیل موشا,013755,6
10354,1886,نمک رودبار,013757,6
10355,1886,نوروزآباد,013758,6
10356,1886,هلستان,013765,6
10357,1886,چوفلکی,013961,6
10358,1886,خوشل,014217,6
10359,1886,سپردان,014219,6
10360,1886,علی بیک سرا,014223,6
10361,1886,مالده,014236,6
10362,1886,مالفجان,014237,6
10363,1886,نعیجی,310244,6
10364,1886,بالاکلاگوابر,310245,6
10365,1886,پائین کلاگوابر,310246,6
10366,1887,آرنجپا,011750,6
10367,1887,امامزاده شفیع,011753,6
10368,1887,انجیلان,011754,6
10369,1887,اولم,011757,6
10370,1887,بنه سرا,011761,6
10371,1887,بی تم,011762,6
10372,1887,پاشکم,011763,6
10373,1887,پشد,011764,6
10374,1887,پلنگ سرا,011765,6
10375,1887,پنگاپشت,011766,6
10376,1887,تلاب دره,011768,6
10377,1887,چاله سرا,011770,6
10378,1887,چای خاله,011771,6
10379,1887,چپه زاد,011772,6
10380,1887,چورک موزان,011775,6
10381,1887,چیت بن,011776,6
10382,1887,حاجی بیجار و جاس نس,011777,6
10383,1887,خرف کوره,011778,6
10384,1887,دران,011780,6
10385,1887,زرابچه,011783,6
10386,1887,زرددول,011784,6
10387,1887,سیاه کوه,011786,6
10388,1887,سیاه مرد,011787,6
10389,1887,شالکه,011788,6
10390,1887,عنبرادول,011790,6
10391,1887,کفود,011792,6
10392,1887,کفود مژده,011793,6
10393,1887,گسکمینجان,011796,6
10394,1887,لچور,011797,6
10395,1887,معاف,011798,6
10396,1887,نیلاش,011802,6
10397,1887,وزمتر,011803,6
10398,1887,بروج راه,011860,6
10399,1887,رزین دول,011868,6
10400,1887,کیش خاله,011881,6
10401,1887,مشه که,011888,6
10402,1887,لتشت,310048,6
10403,1887,ممازدول,310049,6
10404,1887,خشکه دریا,310050,6
10405,1887,کوبن,310051,6
10406,1887,لل کن,310052,6
10407,1887,سرخه سنگان,310053,6
10408,1887,گلوکوه,310054,6
10409,1888,اسطلخ زیر,011752,6
10410,1888,برگسرا,011759,6
10411,1888,پیرسرا,011767,6
10412,1888,توسه سرا,011769,6
10413,1888,چماچار,011773,6
10414,1888,چموش دوزان,011774,6
10415,1888,خلورجان,011779,6
10416,1888,دلیجان,011781,6
10417,1888,سیاه دوله,011785,6
10418,1888,شیخ نشین,011789,6
10419,1888,قران,011791,6
10420,1888,کوره جان,011794,6
10421,1888,ملک بگور,011799,6
10422,1888,ملک جهان,011800,6
10423,1888,میر محله,011801,6
10424,1888,گرمسر,310337,6
10425,1889,آهکلان,011859,6
10426,1889,پیرسرا,011861,6
10427,1889,سیدمحله,011873,6
10428,1889,کوچکام,011879,6
10429,1889,کیشخانی,011882,6
10430,1889,گاومیشبان,011883,6
10431,1889,وردوم,011892,6
10432,1889,وشمه سرا,310290,6
10433,1889,درخانه,310291,6
10434,1889,دوله ملال,310292,6
10435,1889,خانقاه بر,310293,6
10436,1889,مرکیه,310294,6
10437,1889,گیله سرا,310295,6
10438,1889,لنگ,310296,6
10439,1889,خودبچر,310297,6
10440,1889,میله سرا,310353,6
10441,1890,اسب ریسه,011858,6
10442,1890,تبرسرا,011862,6
10443,1890,توت نساء,011863,6
10444,1890,چسلی,011864,6
10445,1890,خروم,011865,6
10446,1890,خون,011866,6
10447,1890,دول کوه,011867,6
10448,1890,ریزه مندان,011869,6
10449,1890,سراکه,011870,6
10450,1890,سلیم آباد,011871,6
10451,1890,سیاه دول,011872,6
10452,1890,شالما,011874,6
10453,1890,شالماکوه,011875,6
10454,1890,طبق سر,011876,6
10455,1890,طاسکوه,011877,6
10456,1890,کنذر,011878,6
10457,1890,کوربار,011880,6
10458,1890,گرم خانی,011884,6
10459,1890,لیپا,011885,6
10460,1890,لیر,011886,6
10461,1890,ماسوله خانی,011887,6
10462,1890,مهدی خان محله,011889,6
10463,1890,میر محله,011890,6
10464,1890,نساء,011891,6
10465,1890,ورمیه,011893,6
10466,1890,خوی دول,310059,6
10467,1890,سوته چاله,310060,6
10468,1890,تالارگاه,310061,6
10469,1890,طول نساء,310062,6
10470,1890,ویزه دول,310063,6
10471,1890,سوته کش,310064,6
10472,1890,کله سر,310065,6
10473,1890,ملک پشته,310066,6
10474,1891,پشتستان گوراب جیر,008805,6
10475,1891,تازه آباد صدر,008807,6
10476,1891,زرنگ محله,008808,6
10477,1891,توکسر شیجان,008809,6
10478,1891,غلامرضا باغ,008811,6
10479,1891,جفرود بالا,008812,6
10480,1891,چاپارخانه,008816,6
10481,1891,دهنه سر شیجان,008821,6
10482,1891,راسته کنار,008822,6
10483,1891,زیرده,008823,6
10484,1891,شیجان,008825,6
10485,1891,فتاتو,008826,6
10486,1891,فشتکه,008828,6
10487,1891,گورابجیر,008833,6
10488,1891,میان محله,008838,6
10489,1892,اسماعیل آباد,008797,6
10490,1892,اشمنان طالم,008799,6
10491,1892,برمچه بالا محله,008801,6
10492,1892,برمچه پایین محله,008802,6
10493,1892,تیسیه,008810,6
10494,1892,دافچاه,008820,6
10495,1892,کته سر,008829,6
10496,1892,کلاچاه,008830,6
10497,1892,کویشاد,008831,6
10498,1892,لات,008835,6
10499,1892,مرز دشت,008836,6
10500,1892,مشکاپشت,008837,6
10501,1893,اشکیک,008798,6
10502,1893,بلسکله,008803,6
10503,1893,تازه آباد خاچکین,008806,6
10504,1893,خاچکین,008819,6
10505,1893,مصردشت,009174,6
10506,1894,بیجرودکل,008804,6
10507,1894,جیرسر باقرخاله,008814,6
10508,1894,جیرسر چوکام,008815,6
10509,1894,فرشکی چوکام,008827,6
10510,1894,لله کا,008834,6
10511,1894,میانکل,008839,6
10512,1894,بیج,009103,6
10513,1894,مرکز اکوتوریسم,801047,6
10514,1894,برنجکوبی صداقتی,801048,6
10515,1894,مرغداری لذیذ مرغ,801049,6
10516,1894,برنجکوبی اسلام پرست,801050,6
10517,1894,مرغداری اندیشمند,801051,6
10518,1894,مرغداری موحدی خواه,801052,6
10519,1895,اخا,014813,6
10520,1895,ترا,014814,6
10521,1895,دینان,014815,6
10522,1895,شاهاندشت,014816,6
10523,1895,شمس آباد,014817,6
10524,1895,شنگلده,014818,6
10525,1895,گل پاشا,014819,6
10526,1895,لارین,014820,6
10527,1895,نهر,014821,6
10528,1895,وانا,014822,6
10529,1895,هاره,014823,6
10530,1895,آبگرم,014844,6
10531,1895,آب اسک,014845,6
10532,1895,امیرآباد,014846,6
10533,1895,انهه,014847,6
10534,1895,ایرا,014848,6
10535,1895,پلور,014849,6
10536,1895,زیار,014851,6
10537,1895,کتل امامزاده هاشم,014853,6
10538,1895,کنارانجام,014856,6
10539,1895,کندلو,014857,6
10540,1895,گرنا,014858,6
10541,1895,گزانه,014859,6
10542,1895,گیلاس,014861,6
10543,1895,لزیرک,014862,6
10544,1895,لاسم,014863,6
10545,1895,ملار,014864,6
10546,1895,پلمو ن,014865,6
10547,1895,نوا,014866,6
10548,1895,نیاک,014867,6
10549,1895,فیره,014927,6
10550,1895,عباس آباد,320087,6
10551,1895,قلعه دختر,320093,6
10552,1895,مرغ,320099,6
10553,1895,افسانه سرا,320100,6
10554,1895,اردوگاه تیپ 65 ویژه نیروی هوابرد,320101,6
10555,1895,پروانه,320111,6
10556,1895,سدلار,325392,6
10557,1895,شهرک صنعتی,325612,6
10558,1895,کمپ سد لار,325613,6
10559,1895,معدن ذغال سنگ,325614,6
10560,1895,معدن پوکه قرقه,325619,6
10561,1895,اخازیر,325620,6
10562,1896,آهن سر,014892,6
10563,1896,باییجان,014893,6
10564,1896,بوالقلم,014894,6
10565,1896,پردمه,014896,6
10566,1896,علی آباد,014897,6
10567,1896,کنی بن,014898,6
10568,1896,لوط,014899,6
10569,1896,مریجان,014900,6
10570,1896,نوسر,014901,6
10571,1896,هفت تنان,014902,6
10572,1896,پنجاب,014923,6
10573,1896,تینه,014924,6
10574,1896,حاجی دلا,014925,6
10575,1896,رزون,014926,6
10576,1896,کرف,014928,6
10577,1896,کهرود,014929,6
10578,1896,کیان,014930,6
10579,1896,لهر,014931,6
10580,1896,میان ده,014932,6
10581,1896,ناندل,014933,6
10582,1896,تیران,016046,6
10583,1896,اطاق سرا,022904,6
10584,1896,امره,022905,6
10585,1896,پلریه,022906,6
10586,1896,دره کنار,022907,6
10587,1896,دیوران,022909,6
10588,1896,سوا,022911,6
10589,1896,شیخ محله,022912,6
10590,1896,عبدالمناف,022913,6
10591,1896,کلری کفا,022914,6
10592,1896,نسل,022915,6
10593,1896,نمار,022916,6
10594,1896,فیس,320060,6
10595,1896,سرخ پل,320071,6
10596,1896,قلاپشت,320072,6
10597,1896,کتوچال,320073,6
10598,1896,انیس,320075,6
10599,1896,موزون,320076,6
10600,1896,ایستگاه تلویزیون,320077,6
10601,1896,عکس شه,320078,6
10602,1896,کرچالک,325386,6
10603,1896,دریوک,325387,6
10604,1896,گلاز,325615,6
10605,1896,چمه بن,325616,6
10606,1896,محمدآباد,325617,6
10607,1897,سوته کلا,014977,6
10608,1897,میان رود,014986,6
10609,1897,آغوزبن,015023,6
10610,1897,آغوزکتی,015024,6
10611,1897,انج پل,015025,6
10612,1897,انصاری محله,015026,6
10613,1897,آهن کتی,015027,6
10614,1897,پیشگون,015029,6
10615,1897,تازه آباد,015030,6
10616,1897,تجن جار سفلی,015031,6
10617,1897,تجن جار علیا,015032,6
10618,1897,چایوسرمحله,015033,6
10619,1897,چنگاز,015034,6
10620,1897,حسین آباد,015035,6
10621,1897,درکاپی,015036,6
10622,1897,روکش,015037,6
10623,1897,زارونده,015038,6
10624,1897,ساییج محله,015039,6
10625,1897,سرهنگ کتی,015040,6
10626,1897,سیاه لش,015041,6
10627,1897,شاد محله,015042,6
10628,1897,شیرکاج,015043,6
10629,1897,قجرمحله,015044,6
10630,1897,کارچی کلا,015045,6
10631,1897,کاسب محله,015046,6
10632,1897,کردکتی,015047,6
10633,1897,کلاک سر,015048,6
10634,1897,کوسه رز,015049,6
10635,1897,کوکده,015050,6
10636,1897,گلان,015052,6
10637,1897,مارکتی,015053,6
10638,1897,مرانده,015054,6
10639,1897,مسکون,015055,6
10640,1897,نوآباد,015057,6
10641,1897,ورکاده,015059,6
10642,1897,ولیس ده,015060,6
10643,1897,هلی کتی,015061,6
10644,1897,تجنک,015481,6
10645,1897,دارکلا,015491,6
10646,1897,نرم,325607,6
10647,1897,سنگ کوبی,596248,6
10648,1898,بامتی,015028,6
10649,1898,آب سرفت,015130,6
10650,1898,آهنگرکلا,015143,6
10651,1898,بختیارکتی,015147,6
10652,1898,پولیکیاده,015153,6
10653,1898,تمسک,015155,6
10654,1898,جعفرآباد,015161,6
10655,1898,جمشیدآباد,015162,6
10656,1898,چشمه میانرود,015166,6
10657,1898,رفیع آباد,015173,6
10658,1898,سنگ بست,015178,6
10659,1898,عالیکلا آهی,015186,6
10660,1898,فرح آباد,015187,6
10661,1898,کراتی,015191,6
10662,1898,کلامحله,015196,6
10663,1898,کهنه دان,015198,6
10664,1898,لتی کلا,015199,6
10665,1898,آقا محمدآباد,015201,6
10666,1898,نوده,015211,6
10667,1898,نوکلا,015212,6
10668,1898,هره پاک,015213,6
10669,1898,پاشاکلا,015309,6
10670,1898,شرم کلا,015329,6
10671,1898,کمانگرکلا,015344,6
10672,1898,اسکی محله,015420,6
10673,1898,اوجی آباد,015421,6
10674,1898,بیش محله,015422,6
10675,1898,پاشاکلا بیش محله,015423,6
10676,1898,سعدین کلا,015424,6
10677,1898,قادی محله,015425,6
10678,1898,قرق,015426,6
10679,1898,میانرود,015427,6
10680,1898,همت آباد,015428,6
10681,1898,حسین آباد,015488,6
10682,1898,کلاصفا,015503,6
10683,1898,معصوم آباد,015507,6
10684,1898,شیخ آباد,015576,6
10685,1898,رودبار,015672,6
10686,1898,زاغ ده,015674,6
10687,1898,کلیکان,320258,6
10688,1899,خاص کلا,014967,6
10689,1899,درازان,014970,6
10690,1899,درمه کلا,014971,6
10691,1899,بزمینان,015307,6
10692,1899,پلک سفلی,015312,6
10693,1899,پلک علیا,015313,6
10694,1899,ترک کلا,015315,6
10695,1899,رودبار دشت,015324,6
10696,1899,زیارود,015326,6
10697,1899,آب بخشان,015339,6
10698,1899,پاسکی محله,015340,6
10699,1899,تیرکان,015341,6
10700,1899,کته پشت علیا,015342,6
10701,1899,میان محله,015343,6
10702,1899,کنسی,015346,6
10703,1899,کمکلا,015347,6
10704,1900,آبدنگسر,015131,6
10705,1900,ابوالحسن آباد,015132,6
10706,1900,اسپاهیکلا,015134,6
10707,1900,اسپیاری,015135,6
10708,1900,اسکی محله,015136,6
10709,1900,اشرف آباد,015137,6
10710,1900,الو,015140,6
10711,1900,امین آباد,015141,6
10712,1900,بامرکلا,015145,6
10713,1900,بانصرکلا,015146,6
10714,1900,بورمحله,015148,6
10715,1900,پاشاکلا,015151,6
10716,1900,پلهم کتی,015152,6
10717,1900,تازه آباد,015154,6
10718,1900,تنهاکلا,015156,6
10719,1900,حاجی آباد,015163,6
10720,1900,حسن آباد,015164,6
10721,1900,حسین آباد,015165,6
10722,1900,دعو کلا,015167,6
10723,1900,دنگپیا,015168,6
10724,1900,دیه,015172,6
10725,1900,رییس آباد,015174,6
10726,1900,سلطان آباد,015177,6
10727,1900,سورک,015179,6
10728,1900,شانه بند,015180,6
10729,1900,شاه کلا,015181,6
10730,1900,شریعت آباد,015182,6
10731,1900,شهرکتی,015183,6
10732,1900,طاهرآباد,015185,6
10733,1900,قلاکتی,015189,6
10734,1900,کاشی محله,015190,6
10735,1900,کلیک سر,015195,6
10736,1900,ماهوت کلا,015200,6
10737,1900,مطهر سفلی,015202,6
10738,1900,مطهر علیا,015203,6
10739,1900,ممرزکتی,015204,6
10740,1900,موسی محله,015207,6
10741,1900,میانرود,015208,6
10742,1900,ناییج آباد,015209,6
10743,1900,نرگس مرز,015210,6
10744,1900,یوسف آباد,015214,6
10745,1900,اسپیاربن,015301,6
10746,1900,بالاهشتل,015306,6
10747,1900,پایین هشتل,015311,6
10748,1900,چاره,015316,6
10749,1900,درزیکلا,015319,6
10750,1900,رشکلا,015323,6
10751,1900,طوله کلا,015331,6
10752,1900,گالش کلا,015348,6
10753,1900,ناصرآباد,015353,6
10754,1900,کردخیل,320122,6
10755,1901,ابومحله,015133,6
10756,1901,اوجاک,015142,6
10757,1901,باریک محله,015144,6
10758,1901,بیش محله,015149,6
10759,1901,غیاث کلا,015158,6
10760,1901,جالیکلا,015159,6
10761,1901,دوتیره,015169,6
10762,1901,قایمیه سفلی,015170,6
10763,1901,قایمیه علیا,015171,6
10764,1901,زیارکلا,015175,6
10765,1901,سراج محله,015176,6
10766,1901,صورت کلا,015184,6
10767,1901,قراکلا,015188,6
10768,1901,کرسی کلا سفلی,015192,6
10769,1901,کمانگرکلا,015197,6
10770,1901,موزی کتی سفلی,015205,6
10771,1901,موزی کتی علیا,015206,6
10772,1901,سنگر,015215,6
10773,1901,پپین,015216,6
10774,1901,آهنگرکلا سفلی,015553,6
10775,1901,آهنگرکلا علیا,015554,6
10776,1901,ترویجان,015559,6
10777,1901,حاجی آباد,015561,6
10778,1901,اسلام آباد,015572,6
10779,1901,عظیم آباد,015581,6
10780,1901,کبودکلا,015585,6
10781,1901,کچپ سفلی,015586,6
10782,1901,کچپ علیا,015587,6
10783,1901,کچپ کلوا,015588,6
10784,1901,مرزنگو,015592,6
10785,1901,مریج محله,015593,6
10786,1901,واسکس,015600,6
10787,1901,ولیک علیا,015603,6
10788,1901,ولیک سفلی,015604,6
10789,1901,اشکارکلا,320138,6
10790,1901,مجیدآباد,325606,6
10791,1901,نوآباد,325743,6
10792,1901,کرسی کلا علیا,802028,6
10793,1902,تلیران,014963,6
10794,1902,تسکابن,014964,6
10795,1902,چالی کیاده,014965,6
10796,1902,چندرمحله,014966,6
10797,1902,خشکرود,014968,6
10798,1902,دیورز,014972,6
10799,1902,سنگدرکا,014976,6
10800,1902,عالی جنگل,014979,6
10801,1902,مرزانکلا,014985,6
10802,1902,میخران,014987,6
10803,1902,نوگردن,014988,6
10804,1902,هلومسر,014989,6
10805,1902,ورامده,015058,6
10806,1902,سهری,023124,6
10807,1902,شهرک صنعتی,325608,6
10808,1902,عالی کیلسلطان,596249,6
10809,1903,پرن,014962,6
10810,1903,خوشواش,014969,6
10811,1903,رزکه,014974,6
10812,1903,زردبند,014975,6
10813,1903,شاه زید,014978,6
10814,1903,کلرد,014982,6
10815,1903,کمربن,014983,6
10816,1903,محمدآباد,014984,6
10817,1903,هلی چال,014990,6
10818,1903,کپین,014992,6
10819,1903,الیمستان,015101,6
10820,1903,پاریمه,015102,6
10821,1903,پاشاکلا,015103,6
10822,1903,تیار,015104,6
10823,1903,چمه بن,015105,6
10824,1903,زرخونی,015106,6
10825,1903,گنکرج کلا,015107,6
10826,1903,لهاش,015108,6
10827,1903,نجارکلا,015109,6
10828,1903,اندوار,015988,6
10829,1903,بزرودشت,016005,6
10830,1903,خرم,016067,6
10831,1903,درنه,016077,6
10832,1903,رسم,016092,6
10833,1903,سنگ چال,016113,6
10834,1903,گت کلا,016206,6
10835,1903,ناردشت,016262,6
10836,1903,نشل,016273,6
10837,1903,میشینه مرگ,320271,6
10838,1903,نصیران,320272,6
10839,1903,داییج,320273,6
10840,1903,سیاه کله سر,320274,6
10841,1903,پردر,320275,6
10842,1903,لارک,320276,6
10843,1903,شهریر,320277,6
10844,1903,سیاه بیشه,320279,6
10845,1903,دکل تقویتی تلویزیون,320280,6
10846,1903,کندوا,320285,6
10847,1903,امامزاده قاسم,320286,6
10848,1903,منگل جنوبی,320300,6
10849,1903,معدن گچ,320313,6
10850,1903,توران کلا,320325,6
10851,1903,سقرچی,320326,6
10852,1903,مریجان,325342,6
10853,1903,دایو,325388,6
10854,1903,قاضی کلا,325610,6
10855,1903,دره قاضی کلا,325611,6
10856,1903,هردرود,325618,6
10857,1903,میان درکان,802025,6
10858,1904,اله کاج,015302,6
10859,1904,آهنگرکلا,015303,6
10860,1904,باغبان کلا,015305,6
10861,1904,خرمن کلا,015317,6
10862,1904,داودکلا,015318,6
10863,1904,نوآباد,015321,6
10864,1904,رستم دار محله,015322,6
10865,1904,عرب خیل,015332,6
10866,1904,قلعه کش,015336,6
10867,1904,مزرس,015350,6
10868,1904,مهدی خیل,015351,6
10869,1904,میله,015352,6
10870,1904,نظام آباد,015354,6
10871,1904,وسطی کلا,015356,6
10872,1904,تمسک,017173,6
10873,1904,تیرکلا,017174,6
10874,1904,چنگ میان,017177,6
10875,1904,سرخ کلا,017187,6
10876,1904,گلمزار,017198,6
10877,1904,نوده,017205,6
10878,1904,قلیان کلا,320149,6
10879,1905,بوران,015308,6
10880,1905,پاشاکلا,015310,6
10881,1905,بلیران,015314,6
10882,1905,زوارک,015325,6
10883,1905,سالارمحله,015327,6
10884,1905,شهنه کلا,015330,6
10885,1905,فیروزکلا سفلی,015333,6
10886,1905,فیروزکلا علیا,015334,6
10887,1905,فیروزکلا وسطی,015335,6
10888,1905,کمدره,015345,6
10889,1905,معلم کلا,015355,6
10890,1905,هندوکلا,015359,6
10891,1905,شاد محل,325393,6
10892,1905,محمدآباد,325609,6
10893,1906,آزارسی,015947,6
10894,1906,آزارسی حاتم,015948,6
10895,1906,آزارکل,015950,6
10896,1906,انجیل سی,015984,6
10897,1906,انجیلک,015987,6
10898,1906,اومال استاد احمد,015990,6
10899,1906,اومال شکراله,015991,6
10900,1906,بالابورا,015995,6
10901,1906,سفیدتور پایین,015997,6
10902,1906,برگ نو,016002,6
10903,1906,پاریکلا,016015,6
10904,1906,سفیدتور بالا,016017,6
10905,1906,پلنگ دره,016025,6
10906,1906,پنج افرا,016026,6
10907,1906,پنبه جار,016027,6
10908,1906,تیرنگ سی,016045,6
10909,1906,جهان نما سلیم افغان,016051,6
10910,1906,خرتوک,016066,6
10911,1906,دولت رودبار,016085,6
10912,1906,دیوا ملکشاه,016088,6
10913,1906,زرتلک,016098,6
10914,1906,سنگ رودپی,016114,6
10915,1906,سوت سی آقالر,016119,6
10916,1906,سوت سی شیاده,016120,6
10917,1906,سوت سی گل چوب,016121,6
10918,1906,شهنه پشته حاجی مهدی,016138,6
10919,1906,شیاده بالا,016143,6
10920,1906,فریدون کلا,016155,6
10921,1906,پولادسی,016158,6
10922,1906,فیل بند,016161,6
10923,1906,کاردگرکلا,016169,6
10924,1906,کاردیکلا,016170,6
10925,1906,کامکلا,016172,6
10926,1906,سفیدتور,016184,6
10927,1906,لمسوکلا غربی,016226,6
10928,1906,مجی کتی,016234,6
10929,1906,مقریکلا,016248,6
10930,1906,موزی کتی,016252,6
10931,1906,میان بورا,016254,6
10932,1906,میان سی نادعلی گل چوب,016256,6
10933,1906,نارنج لو,016263,6
10934,1906,ولیک تخت,016285,6
10935,1906,هردرود/ امامزاده قاسم,016291,6
10936,1906,خرابه خوشرودپی,320398,6
10937,1906,گاودشت,320400,6
10938,1906,پادگان المهدی,320401,6
10939,1906,گته نو,320402,6
10940,1906,کرات سی,325358,6
10941,1906,هلی رجه,325547,6
10942,1906,نمیربن,325548,6
10943,1906,دجله ازار,325549,6
10944,1906,انجیلکابن,325550,6
10945,1906,لیلاپی,325551,6
10946,1906,شهرپشت,325552,6
10947,1906,تشبیشه,325553,6
10948,1906,پازمین,325554,6
10949,1906,بالاولیک,325555,6
10950,1906,مسک,325556,6
10951,1906,شیاده سادات محله,325585,6
10952,1906,میان دره,325586,6
10953,1906,دیزنو,325587,6
10954,1906,دیوا عمران,325588,6
10955,1906,تلیکا,325589,6
10956,1906,پینک,325590,6
10957,1906,نسیه,325591,6
10958,1906,ممرز چشمه,325592,6
10959,1906,تله سر,325593,6
10960,1906,تیل سره,325594,6
10961,1906,کاشمسی,325666,6
10962,1906,باباجان دشت,325667,6
10963,1906,اتراچال,802032,6
10964,1907,شهیدآباد,015994,6
10965,1907,پطرودپی,016022,6
10966,1907,صلح دارکلا,016145,6
10967,1907,مومن آباد,016157,6
10968,1907,کهرکنار کشتلی,016199,6
10969,1907,شوب کلا,017029,6
10970,1907,معلم کلا,017103,6
10971,1907,کلاگر سرا,320392,6
10972,1907,فیروزآباد,325581,6
10973,1907,یزدان آباد,325582,6
10974,1907,قنبرزاده,325583,6
10975,1908,آغوزبن,016846,6
10976,1908,استردیکلا,016847,6
10977,1908,قایمیه,016848,6
10978,1908,بندارکلا آغوزین,016851,6
10979,1908,پایین بیشه سر,016852,6
10980,1908,چمازکلا,016854,6
10981,1908,دری کنده,016855,6
10982,1908,رمنت,016857,6
10983,1908,سلطان محمد طاهر,016859,6
10984,1908,کبودکلا,016862,6
10985,1908,کپورچال,016863,6
10986,1908,کلمدان نقیب,016864,6
10987,1908,کلهودشت بالا,016865,6
10988,1908,کلهودشت پایین,016866,6
10989,1908,گرجی آباد,016867,6
10990,1908,لنگور,016869,6
10991,1908,محمودآباد,016870,6
10992,1908,منصور کنده,016871,6
10993,1908,موزی گله,016872,6
10994,1908,نخ کلا,016873,6
10995,1908,باریک کلا,016913,6
10996,1908,بوله کلا مرزون آباد,016916,6
10997,1908,مرزون آباد درویش خیل,016930,6
10998,1908,شمشیر محله,016943,6
10999,1908,گله کلا,016951,6
11000,1908,مشهدی کلا,016955,6
11001,1908,میانرود,016958,6
11002,1908,سلیمان کلا,020928,6
11003,1908,بالابیشه سر,320615,6
11004,1908,برجی خیل لنگور,325543,6
11005,1908,اسپی کلارمنت,325574,6
11006,1908,ولی عصر,325575,6
11007,1908,پشت سیم,802021,6
11008,1909,بوله کلا,016917,6
11009,1909,ترک محله,016923,6
11010,1909,متی کلا,016953,6
11011,1909,الله رودبار,017019,6
11012,1909,بابا آباد,017020,6
11013,1909,خراسان محله,017023,6
11014,1909,سادات محله,017026,6
11015,1909,شاسیبکلا,017027,6
11016,1909,حمزه کلا شش پل,017028,6
11017,1909,شیخ محله,017030,6
11018,1909,عالی زمین,017031,6
11019,1909,نقارچی محله,017034,6
11020,1909,آهنگرکلا,017059,6
11021,1909,قصاب امیر,017093,6
11022,1909,قمی کلا,017094,6
11023,1909,نوشیروان کلا,017106,6
11024,1909,اسبوکلا,017164,6
11025,1909,درویش خاک بالا,017184,6
11026,1909,قصاب ذالکان,320569,6
11027,1909,تیرکلا,320571,6
11028,1909,درویش خاک پایین,325670,6
11029,1909,درزیکلا نوشیروان,325752,6
11030,1910,ترجیکلا,016853,6
11031,1910,دیو دشت,016856,6
11032,1910,علمدار,016861,6
11033,1910,نقیب کلا ثلاث,016874,6
11034,1910,هتکه پشت,016876,6
11035,1910,هری کنده,016877,6
11036,1910,پایین گنج افروز,017071,6
11037,1910,چاره,017074,6
11038,1910,روشن آباد,017086,6
11039,1910,سیاه کلا محله,017089,6
11040,1910,میررود پشت,017105,6
11041,1911,آب بندان ننوش,015937,6
11042,1911,آب بندان یوسف زاده,015938,6
11043,1911,آغوزچال,015939,6
11044,1911,احمدکلا,015940,6
11045,1911,اخمن,015941,6
11046,1911,ادملا,015942,6
11047,1911,ارکا,015943,6
11048,1911,ازاران گنجعلی,015945,6
11049,1911,آزارسی,015946,6
11050,1911,آزارسی سعداله,015949,6
11051,1911,اسبو,015954,6
11052,1911,اطراسل,015962,6
11053,1911,افرابن 2,015963,6
11054,1911,افرابن 1,015964,6
11055,1911,افراکتی حاج احمد,015968,6
11056,1911,مرتع افراکتی,015970,6
11057,1911,آل دره,015972,6
11058,1911,آلاش سی,015974,6
11059,1911,امامزاده عباس,015976,6
11060,1911,امیرده,015977,6
11061,1911,انجیل سی 2,015979,6
11062,1911,نمیون انجیل سی 4,015980,6
11063,1911,انجیل سی 1,015981,6
11064,1911,انجیل سی محمدی,015982,6
11065,1911,انجیل سی ادبی,015983,6
11066,1911,پایین انجیل کتی,015985,6
11067,1911,میان انجیل کتی,015986,6
11068,1911,بتلیم,016000,6
11069,1911,برف چالسی,016001,6
11070,1911,بندبن,016007,6
11071,1911,بنه زمین,016008,6
11072,1911,پولک رودپی,016009,6
11073,1911,پرچیم کش,016018,6
11074,1911,پرمینا و شمیون,016019,6
11075,1911,پلهم کتی,016024,6
11076,1911,پوست کلا,016028,6
11077,1911,پینک عسگریان,016035,6
11078,1911,تاریک کلا,016037,6
11079,1911,تختی,016039,6
11080,1911,تهمتن کلا,016043,6
11081,1911,تیرخال گردن,016044,6
11082,1911,جلیرود,016052,6
11083,1911,چاسرکا,016054,6
11084,1911,چالرز,016057,6
11085,1911,چشمه سر,016060,6
11086,1911,چفا,016061,6
11087,1911,چه سر,016063,6
11088,1911,چهارسی,016064,6
11089,1911,خردیم حسین آقا,016068,6
11090,1911,خرطوسی,016069,6
11091,1911,خونکاه زرزمه,016074,6
11092,1911,درازکش,016075,6
11093,1911,دنباله,016080,6
11094,1911,دینکچال و لیسه,016081,6
11095,1911,دهچر,016086,6
11096,1911,دیافه,016087,6
11097,1911,رستم کلا,016091,6
11098,1911,رفع بن,016093,6
11099,1911,ریه پی,016096,6
11100,1911,زوارک,016097,6
11101,1911,زریجا,016100,6
11102,1911,زریوران,016101,6
11103,1911,زوارده,016102,6
11104,1911,سنگ پراش,016112,6
11105,1911,سنگ سی 1,016115,6
11106,1911,سنگ سی 3,016116,6
11107,1911,سنگ سی 2,016117,6
11108,1911,سی بن,016127,6
11109,1911,شالیکش امیر قلی,016130,6
11110,1911,امامزاده رضا,016132,6
11111,1911,فیروزآباد,016133,6
11112,1911,شرباشن,016134,6
11113,1911,شنبه,016137,6
11114,1911,شورسر,016140,6
11115,1911,شهر رحیم,016142,6
11116,1911,صورت,016146,6
11117,1911,علی زرنو,016149,6
11118,1911,علی ماندگار,016150,6
11119,1911,فرام رودبار حاجی صادق,016151,6
11120,1911,فرونک,016152,6
11121,1911,فرونه چال,016153,6
11122,1911,فیفل,016160,6
11123,1911,قرابسرا,016163,6
11124,1911,قرق یونس,016164,6
11125,1911,قلعه,016166,6
11126,1911,کاشیکلا,016171,6
11127,1911,کراتلو,016178,6
11128,1911,کربن,016180,6
11129,1911,کردمحله,016181,6
11130,1911,کلاشکنک,016185,6
11131,1911,کلاگرکلا,016187,6
11132,1911,کمل چوسر,016191,6
11133,1911,کمل سرک,016192,6
11134,1911,کمیون,016193,6
11135,1911,کنسلو,016194,6
11136,1911,کوهپاره,016197,6
11137,1911,کلهوچال,016200,6
11138,1911,کلهوسی,016201,6
11139,1911,کیس,016202,6
11140,1911,گرد رودبار,016207,6
11141,1911,گلشا,016211,6
11142,1911,گنج کلا بالا,016215,6
11143,1911,گنج کلا پایین,016216,6
11144,1911,لپرعلی بابا محمدی,016218,6
11145,1911,لته,016219,6
11146,1911,لدار,016221,6
11147,1911,لرجارگردن,016222,6
11148,1911,لرکانون,016223,6
11149,1911,لنگه,016227,6
11150,1911,لیاردن,016229,6
11151,1911,لیس تیمور,016230,6
11152,1911,لیس کتی,016231,6
11153,1911,لیسی,016232,6
11154,1911,مرتع بلکرون,016239,6
11155,1911,گل خال,016244,6
11156,1911,میانک,016258,6
11157,1911,میرملک,016261,6
11158,1911,ناریوران غربی,016264,6
11159,1911,ناریوران شرقی,016265,6
11160,1911,ترسو,016267,6
11161,1911,نرگس کتی,016268,6
11162,1911,نسوم,016270,6
11163,1911,نسیه,016272,6
11164,1911,ول لته,016282,6
11165,1911,ولشت بن,016283,6
11166,1911,وولی گردن,016289,6
11167,1911,ویشگون,016290,6
11168,1911,هشتری,016292,6
11169,1911,هفت موزی,016293,6
11170,1911,هلی بن,016294,6
11171,1911,هلی کتی,016296,6
11172,1911,هندوری,016297,6
11173,1911,ولاشت سر,016766,6
11174,1911,اطاق سر,263605,6
11175,1911,رودبار فیروزجا,320359,6
11176,1911,میانسی,320368,6
11177,1911,سنگ ریزه,320369,6
11178,1911,بندبن کبودتبار,320371,6
11179,1911,اشدکت,320373,6
11180,1911,افراچال,320376,6
11181,1911,خنیافه,320377,6
11182,1911,افراگردن,320378,6
11183,1911,جزلنگه,320379,6
11184,1911,تیرگ بن,320380,6
11185,1911,لیس چال,320382,6
11186,1911,کهلو چال,320383,6
11187,1911,بتاره,320384,6
11188,1911,انجیل سی 3,320385,6
11189,1911,ازاران,320386,6
11190,1911,پلنگلی,320387,6
11191,1911,خرماکهن غلامعلی حاجی تبار,320388,6
11192,1911,فرام لک,320389,6
11193,1911,قرابسر,325544,6
11194,1911,فلکا,325545,6
11195,1911,افراسی,325557,6
11196,1911,چفت سر,325558,6
11197,1911,کتی سر,325559,6
11198,1911,ولیک,325560,6
11199,1911,بهارستان,325561,6
11200,1911,تشون,325562,6
11201,1911,تنها کلا,325563,6
11202,1911,گری محله,325564,6
11203,1911,وولی گله,325565,6
11204,1911,فی فل شرقی,325567,6
11205,1911,ممرزکن,325568,6
11206,1911,کریستو,325569,6
11207,1911,شهربن,325570,6
11208,1911,میرکتی,802017,6
11209,1911,ورخامن,802019,6
11210,1912,آبندان,015936,6
11211,1912,اری,015944,6
11212,1912,ازرودسر,015951,6
11213,1912,اسب خونی,015952,6
11214,1912,اسبو,015953,6
11215,1912,اسپر نصراله,015955,6
11216,1912,اسپیار ملک,015956,6
11217,1912,استاچال,015957,6
11218,1912,استاچال امامزاده حسن,015958,6
11219,1912,افرابن سره,015965,6
11220,1912,افراچال,015966,6
11221,1912,الاتمر,015973,6
11222,1912,انجیل چال,015978,6
11223,1912,انیجدان,015989,6
11224,1912,باسرا,015999,6
11225,1912,بورون,016003,6
11226,1912,بیس کتی,016011,6
11227,1912,وتیله,016012,6
11228,1912,پاریجان,016014,6
11229,1912,پری چشمه,016020,6
11230,1912,پله پشت,016023,6
11231,1912,پهلم چال,016029,6
11232,1912,پهن کش,016030,6
11233,1912,پیت سره,016031,6
11234,1912,پیرکلوم,016032,6
11235,1912,پی چالک,016036,6
11236,1912,تته,016038,6
11237,1912,ترجه,016040,6
11238,1912,تله بن,016042,6
11239,1912,جزنیکا,016047,6
11240,1912,جل بن,016048,6
11241,1912,جل کتی,016049,6
11242,1912,چاک کلا,016056,6
11243,1912,چالسرون,016058,6
11244,1912,چرنی,016059,6
11245,1912,چلیاسر,016062,6
11246,1912,خرتو,016065,6
11247,1912,خریون,016070,6
11248,1912,خلیل کلا,016071,6
11249,1912,خواجه کلا,016072,6
11250,1912,خوزنک,016073,6
11251,1912,درکامیان,016076,6
11252,1912,دریوک رودبار,016078,6
11253,1912,دمیلرز,016079,6
11254,1912,رنگل,016082,6
11255,1912,دوزاخ بن,016083,6
11256,1912,ذغال چال,016089,6
11257,1912,زربوت,016090,6
11258,1912,روجی کلوم,016094,6
11259,1912,ریکو,016095,6
11260,1912,زیارت پشت,016103,6
11261,1912,سیبرون,016104,6
11262,1912,سبزه خمن,016105,6
11263,1912,سرجه کلا,016106,6
11264,1912,سما گوش محله,016110,6
11265,1912,سنگل پا,016118,6
11266,1912,سویچی,016122,6
11267,1912,سویلم,016123,6
11268,1912,سیرباغ,016125,6
11269,1912,سیله بن,016126,6
11270,1912,شال درکا,016128,6
11271,1912,شالینگ چال,016129,6
11272,1912,شمیران,016135,6
11273,1912,شور پهلو,016139,6
11274,1912,شورکش,016141,6
11275,1912,شیخ موسی,016144,6
11276,1912,عباس کلا,016148,6
11277,1912,فریدون,016154,6
11278,1912,فک,016156,6
11279,1912,فیروزجا ثابت,016159,6
11280,1912,قدیمی سرا,016162,6
11281,1912,قلعه,016167,6
11282,1912,قلعه کتی,016168,6
11283,1912,کتب علی,016173,6
11284,1912,کتی,016174,6
11285,1912,کتیوک,016175,6
11286,1912,کرازمین,016179,6
11287,1912,کریوش,016182,6
11288,1912,کش پی,016183,6
11289,1912,کلاگرسرا,016186,6
11290,1912,کمرپشت,016188,6
11291,1912,کمرپی,016189,6
11292,1912,کنف جار,016195,6
11293,1912,کیون,016204,6
11294,1912,گاوزن محله,016205,6
11295,1912,کریکچال,016208,6
11296,1912,گریوده,016209,6
11297,1912,گوگل,016213,6
11298,1912,گلیران,016214,6
11299,1912,لتی,016220,6
11300,1912,لمسوکلا,016225,6
11301,1912,لهه,016228,6
11302,1912,اطاقسی,016235,6
11303,1912,عماره کشک,016236,6
11304,1912,رنگ ریزان,016237,6
11305,1912,بزسا,016238,6
11306,1912,چمازچال,016240,6
11307,1912,شلم جار,016242,6
11308,1912,کولاپی,016243,6
11309,1912,هلس,016246,6
11310,1912,مرگنه,016247,6
11311,1912,ممرز سره,016249,6
11312,1912,ممرزگرچال,016250,6
11313,1912,مهدی خیل,016253,6
11314,1912,میاندرکا,016257,6
11315,1912,میدانک,016260,6
11316,1912,نراسم,016266,6
11317,1912,نسوم,016271,6
11318,1912,نو,016274,6
11319,1912,نوکار,016275,6
11320,1912,نی نو,016277,6
11321,1912,وازی گردن,016278,6
11322,1912,واش سره,016279,6
11323,1912,ورزنه,016280,6
11324,1912,وسیه,016281,6
11325,1912,ولیکن,016286,6
11326,1912,وندبن,016287,6
11327,1912,ونه شیر,016288,6
11328,1912,یخچال پشت,016298,6
11329,1912,میانک صیادی,016299,6
11330,1912,کتوزان,320269,6
11331,1912,رباط,320270,6
11332,1912,خرتوک,320407,6
11333,1912,سلیج,320408,6
11334,1912,قلعه کش,320409,6
11335,1912,الیون,320411,6
11336,1912,لتی جون,320412,6
11337,1912,روانشین,320413,6
11338,1912,بزکتی,320414,6
11339,1912,آستانه سر,320415,6
11340,1912,میان تلک,320416,6
11341,1912,اونکنار,320417,6
11342,1912,استله کش,320418,6
11343,1912,مینی شین,320419,6
11344,1912,اترین,320420,6
11345,1912,کلکینگ,320421,6
11346,1912,خلند,320422,6
11347,1912,متان,320423,6
11348,1912,لش کتی,320424,6
11349,1912,اشجال,320425,6
11350,1912,ماخر,320427,6
11351,1912,اسرو,320428,6
11352,1912,لیرا,320429,6
11353,1912,حلیان,320430,6
11354,1912,کرلی بن,320431,6
11355,1912,شاشپزون,320432,6
11356,1912,استله سر,320433,6
11357,1912,گلیران وآشه,320435,6
11358,1912,کاکران,320436,6
11359,1912,شوش وزون,320438,6
11360,1912,شرکت ذوب آهن,320439,6
11361,1912,کی خنی,325253,6
11362,1912,موزیرج,325255,6
11363,1912,موزیلو,325256,6
11364,1912,افراکتی,325343,6
11365,1912,میانک,325344,6
11366,1912,پیت کت,325359,6
11367,1912,گریوه,325363,6
11368,1912,تورسر,802003,6
11369,1913,بالف کلا شرقی,016710,6
11370,1913,چهره,016721,6
11371,1913,سیدکلا,016736,6
11372,1913,شیردار کلا,016739,6
11373,1913,قران تالار,016740,6
11374,1913,گونه کلا,016746,6
11375,1913,انارستان,017058,6
11376,1913,بالا گنج افروز,017062,6
11377,1913,پایین مرزناک,017068,6
11378,1913,درونکلا غربی,017082,6
11379,1913,درونکلا شرقی,017083,6
11380,1913,طلوت,017092,6
11381,1913,فولادکلا,020614,6
11382,1913,هلیدشت,020628,6
11383,1913,شاهرضا گاوزن محله,320451,6
11384,1913,داردکاشت,320454,6
11385,1913,درزی محله,320455,6
11386,1913,اجاک,320456,6
11387,1913,مزداکتی,320457,6
11388,1913,گاوزن محله,320459,6
11389,1913,فیض اله آباد,320461,6
11390,1913,بزچفت,325580,6
11391,1913,مرزی کتی طیبی,325751,6
11392,1914,آزارسی تسکانو,016699,6
11393,1914,آزارسی حاجی بابا,016700,6
11394,1914,آزارسی حسین خان زاده,016701,6
11395,1914,آزارسی شعبانعلی,016702,6
11396,1914,آزارسی میرزا گل,016704,6
11397,1914,آزارسی نعمت اله,016705,6
11398,1914,امیرکلا,016706,6
11399,1914,انجیل سی کبودتبار,016707,6
11400,1914,بالف کلا غربی,016709,6
11401,1914,بی نماز,016712,6
11402,1914,چهارشمین,016719,6
11403,1914,چهار گل علی محمد,016720,6
11404,1914,خرماکهن شاهرخی,016722,6
11405,1914,خمند,016723,6
11406,1914,خواجه کلا,016724,6
11407,1914,درازکلا,016725,6
11408,1914,ریگ چشمه,016730,6
11409,1914,سفیدهلوم,016734,6
11410,1914,شال بکشت ولی,016737,6
11411,1914,کاردرکلا,016741,6
11412,1914,کبریاکلا,016743,6
11413,1914,کریکلا,016745,6
11414,1914,مس دره,016757,6
11415,1914,موزی کتی پارک,016758,6
11416,1914,میان طالار حسینی,016760,6
11417,1914,نور محمد تباشی,016762,6
11418,1914,نوکجار,016763,6
11419,1914,ویارسره,016767,6
11420,1914,هلی خال,016769,6
11421,1914,یکشوب,016771,6
11422,1914,خرماکهن مشهدی آقا,016772,6
11423,1914,جاجن,016773,6
11424,1914,آزارسی بابل کنار,320462,6
11425,1914,سرسره,320517,6
11426,1914,هلی کتی,320518,6
11427,1914,حمه کتن,320519,6
11428,1914,کیس,320520,6
11429,1914,مرتع شهر,325265,6
11430,1914,ممرزسی,325266,6
11431,1914,وولی کتی,325566,6
11432,1914,ممرزکن,325577,6
11433,1914,تیرکن,325578,6
11434,1914,لمارون,325669,6
11435,1914,چهارسی عباسی,802001,6
11436,1915,ارچی,016910,6
11437,1915,اسب شورپی,016911,6
11438,1915,برسمنان,016914,6
11439,1915,بصرا پایین,016915,6
11440,1915,پهناور,016918,6
11441,1915,پیجا کلا,016919,6
11442,1915,بیجی کلا,016920,6
11443,1915,تاج الدوله موزیرج,016921,6
11444,1915,تلی گران,016924,6
11445,1915,توکل کریم کلا,016925,6
11446,1915,خردون کلا,016926,6
11447,1915,درزیکلا کریم کلا,016929,6
11448,1915,دهک,016932,6
11449,1915,راه کلا,016933,6
11450,1915,سرون محله,016938,6
11451,1915,سنگچی,016939,6
11452,1915,شاره,016940,6
11453,1915,شریعت کلا کریم کلا,016941,6
11454,1915,شهید عبداله,016944,6
11455,1915,قادیکلا,016946,6
11456,1915,کتی سر,016948,6
11457,1915,کلنگا,016949,6
11458,1915,گردن بری سفلی,016950,6
11459,1915,متکه,016952,6
11460,1915,مرزبال,016954,6
11461,1915,میاندسته,016957,6
11462,1915,نودهک,016959,6
11463,1915,نی کلا,016960,6
11464,1915,هلال کلا,016962,6
11465,1915,اندیکلا,017165,6
11466,1915,امین آباد,017166,6
11467,1915,تاری محله,017172,6
11468,1915,چمازین,017175,6
11469,1915,حاجی کلا,017178,6
11470,1915,درزیکلا بزرگ,017182,6
11471,1915,درزیکلاکوچک,017183,6
11472,1915,شریعت کلا,017188,6
11473,1915,علی آباد,017191,6
11474,1915,بالاکروکلا,017193,6
11475,1915,پایین کروکلا,017194,6
11476,1915,کمانگر,017195,6
11477,1915,لطفعلی آباد,017199,6
11478,1915,مصیر محله,017201,6
11479,1915,منسکلا,017203,6
11480,1915,نوایی کلا,017204,6
11481,1915,کرفو کلا,320575,6
11482,1915,نمودار کلا,320583,6
11483,1915,بیشه محله,320584,6
11484,1915,قصاب کلا,320609,6
11485,1915,گردن بری علیا,325572,6
11486,1915,بصرا بالا,325573,6
11487,1916,آقا ملک,017016,6
11488,1916,اکتیج کلا,017017,6
11489,1916,الله چال,017018,6
11490,1916,پایین احمد چاله پی,017021,6
11491,1916,حمزه رضا,017022,6
11492,1916,درزیکلا آقا شفیع,017024,6
11493,1916,دلاورکلا,017025,6
11494,1916,قصاب کلا میانده,017032,6
11495,1916,بابلکان سفلی,017167,6
11496,1916,بابلکان علیا,017168,6
11497,1916,بالا بازیار,017169,6
11498,1916,پایین بازیار,017170,6
11499,1916,بالا احمد چاله پی,017171,6
11500,1916,چناربن,017176,6
11501,1916,خرجی کلا,017179,6
11502,1916,خطیب,017180,6
11503,1916,داودکلا آستانه سر,017181,6
11504,1916,رنگرزکلا,017185,6
11505,1916,زاهدکلا,017186,6
11506,1916,طرقچی کلا,017189,6
11507,1916,کاظم بیکی,017192,6
11508,1916,گرمیچ,017196,6
11509,1916,گله محله,017197,6
11510,1916,للوک,017200,6
11511,1916,مظفرکلا,017202,6
11512,1916,ورمتون,017206,6
11513,1916,مهدی آباد,017207,6
11514,1916,پریکلا,320554,6
11515,1916,رکاج,325571,6
11516,1916,باقر آباد,596131,6
11517,1917,آهنگرکلا,015992,6
11518,1917,ابوالحسن کلا,017055,6
11519,1917,اطاق سرا,017057,6
11520,1917,بالامرزناک,017063,6
11521,1917,بالامرزبال,017064,6
11522,1917,بالامیرکلا,017065,6
11523,1917,پایین سیدکلا,017070,6
11524,1917,پایین مرزبال,017072,6
11525,1917,چوب بست,017076,6
11526,1917,خراط کلا,017078,6
11527,1917,کرتیچ کلا,017096,6
11528,1917,گاوان کلا,017100,6
11529,1917,مشهدسرا,017102,6
11530,1917,ولوکلا,017107,6
11531,1917,یور محله,017108,6
11532,1917,بیل پی ابوالحسن کلا,320538,6
11533,1917,سرحمام ابوالحسن کلا,320539,6
11534,1917,بالاسیدکلا,320540,6
11535,1917,افراکتی ولوکلا,325576,6
11536,1917,مرزناک دشت,802022,6
11537,1918,نجارکلا,017033,6
11538,1918,ارمک,017056,6
11539,1918,بالاسرست,017060,6
11540,1918,بنگرکلا,017066,6
11541,1918,پایین سرست,017069,6
11542,1918,پایین میرکلا,017073,6
11543,1918,چناربن کشتلی,017075,6
11544,1918,حاجیکلا,017077,6
11545,1918,درزیکلا آخوند بابا,017079,6
11546,1918,درزیکلا آخوندی پایین,017080,6
11547,1918,درزیکلا نصیرایی,017081,6
11548,1918,دلاورکلا,017084,6
11549,1918,دون سر,017085,6
11550,1918,زعفران کلا,017087,6
11551,1918,سوربن,017088,6
11552,1918,شوب محله,017090,6
11553,1918,شیرسوار,017091,6
11554,1918,کاسمان کلا,017095,6
11555,1918,پایین محله کشتلی,017097,6
11556,1918,کفشگر کلا,017098,6
11557,1918,کلاگر محله,017099,6
11558,1918,گل چوب,017101,6
11559,1918,میدان سر کشتلی,017104,6
11560,1918,یورسیاه کلامحله,320521,6
11561,1918,زیتاکلا,320526,6
11562,1918,سارون خیل,320527,6
11563,1918,تاریکلا,320528,6
11564,1918,سیدکلا,320529,6
11565,1918,ملامحله,325267,6
11566,1918,درزیکلا آخوندی بالا,325671,6
11567,1919,التپه,017455,6
11568,1919,سارو,017462,6
11569,1919,امام ده,017464,6
11570,1919,عباس آباد,017465,6
11571,1919,آسیاب سر,017521,6
11572,1919,شهید آباد,017525,6
11573,1919,کوهستان,017534,6
11574,1919,گرجی محله,017535,6
11575,1919,کنت,017623,6
11576,1919,شهرک صنعتی,325469,6
11577,1920,امیر آباد,017522,6
11578,1920,حسین آباد,017526,6
11579,1920,زاغمرز,017528,6
11580,1920,زینوند,017530,6
11581,1920,عسگرآباد,017532,6
11582,1920,قره تپه,017533,6
11583,1920,لله مرز,017540,6
11584,1920,چهارکومه غربی تازه آباد,017786,6
11585,1920,شیلات امیرآباد,017790,6
11586,1920,صیدگاه تازه آباد,017791,6
11587,1920,شرکت تعاونی ماهیگیران پره خواجه نفس,017798,6
11588,1920,شرکت تعاونی ماهیگیران پره شهید رجایی,017802,6
11589,1920,شرکت تعاونی ماهیگیران پره قره سو,017805,6
11590,1920,شرکت تعاونی ماهیگیران پره کمینه,017806,6
11591,1920,شرکت تعاونی ماهیگیران پره آشوراده,017809,6
11592,1920,یعقوب لنگه,017825,6
11593,1920,طرح شنا بهشهر,017827,6
11594,1920,نمک چال,017828,6
11595,1920,پایگاه جنگلبانی زاغمرز,321007,6
11596,1920,پایگاه نظامی سپاه,321008,6
11597,1920,شرکت صنعتی دریایی ایران صدرا,321009,6
11598,1920,یکه توت,321010,6
11599,1920,کارخانه شینگرد,321027,6
11600,1920,دامداری اوملکی,321028,6
11601,1920,شرکت تعاونی ماهیگیران پاسند,321029,6
11602,1920,دامداری شرکت رزمندگان اسلام 2,321030,6
11603,1920,دامداری شرکت رزمندگان اسلام 1,321031,6
11604,1920,دامداری حسن ابوطالبی,321032,6
11605,1920,دامداری عزت ابوطالبی,321033,6
11606,1920,دامداری رضا ابوطالبی,321034,6
11607,1920,دامداری حجت ابوطالبی,321035,6
11608,1920,مزرعه نعیم,321046,6
11609,1920,دامداری نورعلی قربان نژاد,321047,6
11610,1920,پاسگاه مرکزی محیط زیست,321048,6
11611,1920,دامداری صمد حسین پور,321049,6
11612,1920,دامداری شکراله جوانمرد,321050,6
11613,1920,دامداری حاج گل بابا یوسفی,321051,6
11614,1920,دامداری عبدالحسین سنگ شکن,321053,6
11615,1920,دامداری نوراله رحمتیان,321054,6
11616,1920,دامداری ابراهیم متکازینی,321055,6
11617,1920,دامداری حسین شیلری,321056,6
11618,1920,دامداری احمد رحمتیان,321057,6
11619,1920,دامداری اسماعیل متکازینی,321058,6
11620,1920,دامداری عبدالحسین یزدان پناه,321059,6
11621,1920,دامداری ابراهیم جوانمردی,321060,6
11622,1920,دامداری غضنفر یزدان پناه ( تچال ),321061,6
11623,1920,دامداری شرکت رزمندگان اسلام 3,321062,6
11624,1920,دامداری شرکت رزمندگان اسلام 4,321063,6
11625,1920,دامداری شرکت رزمندگان اسلام 5,321064,6
11626,1920,دامداری شرکت رزمندگان اسلام 6,321065,6
11627,1920,دامداری شرکت رزمندگان اسلام 7,321066,6
11628,1920,دامداری شرکت رزمندگان اسلام 8,321067,6
11629,1920,دامداری حاجی رمضان فرخی,321072,6
11630,1920,دامداری حاج تقی قلندری,321073,6
11631,1920,پاسگاه محیط زیست ساسان,321078,6
11632,1920,دامداری حاج غلام نجاتی,321079,6
11633,1920,دامداری حاج ضیاء رحیمی,321080,6
11634,1920,دامداری اسدی,321081,6
11635,1920,دامداری علی اکبر خادملو,321082,6
11636,1920,صیدگاه تازه آباد,321083,6
11637,1920,دامداری نوروز علی خادملو,321085,6
11638,1920,دامداری سید جلال خوش دامن,321086,6
11639,1920,پاسگاه نیروی انتظامی امیرآباد,325346,6
11640,1920,مهدی آباد,325394,6
11641,1920,دامداری حبیب مجریان,325396,6
11642,1920,دامداری قاسم خادملو,325397,6
11643,1920,بندر امیرآباد,325723,6
11644,1920,دامداری شرکت رزمندگان اسلام 9,325753,6
11645,1920,صیدگاه شهید بهشتی,325754,6
11646,1921,پاسند,017456,6
11647,1921,تازه آباد,017457,6
11648,1921,غریب محله,017874,6
11649,1921,چالکده,017875,6
11650,1921,رودبار یخ کش,017877,6
11651,1921,شیرداری,017882,6
11652,1921,گالش محله,017887,6
11653,1921,محمدآباد,017891,6
11654,1921,ولم,017895,6
11655,1922,ارضت,017700,6
11656,1922,الارز,017702,6
11657,1922,اندرات,017703,6
11658,1922,بادله دره,017704,6
11659,1922,پارسا,017710,6
11660,1922,پیته نو,017711,6
11661,1922,سفیدچاه,017719,6
11662,1922,عبدالهی,017723,6
11663,1922,لند,017733,6
11664,1922,یانه سر,017741,6
11665,1922,الارزبوم,017742,6
11666,1922,پجیم,017871,6
11667,1922,زلت,017878,6
11668,1922,یخ کش,017896,6
11669,1922,پابند,019228,6
11670,1922,سرخ گریوه,019249,6
11671,1922,سنگ روج,019252,6
11672,1922,کلیا,019265,6
11673,1922,گت چشمه,019268,6
11674,1922,ناحیه صنعتی,325468,6
11675,1923,استارم,017701,6
11676,1923,بندسر,017707,6
11677,1923,بیشه بنه,017708,6
11678,1923,پارچ,017709,6
11679,1923,غلامی,017712,6
11680,1923,سنگ دره,017720,6
11681,1923,شیلر,017722,6
11682,1923,فت کش,017724,6
11683,1923,کفترکار,017725,6
11684,1923,کلا,017727,6
11685,1923,کوا,017728,6
11686,1923,کیاسر,017729,6
11687,1923,گرنام,017730,6
11688,1923,ونشید,017738,6
11689,1923,پارم,017870,6
11690,1923,پچت,017872,6
11691,1923,پرکلا,017873,6
11692,1923,شیخ محله,017881,6
11693,1923,افتلت,019219,6
11694,1923,آهنگرکلا,019221,6
11695,1923,برماعشرستاق,019226,6
11696,1923,چالو,019235,6
11697,1923,سابق محله,019246,6
11698,1923,سمچول,019251,6
11699,1923,عیدین,019260,6
11700,1923,کرد محله,019263,6
11701,1923,کوادره,019266,6
11702,1923,کهنه کومه,019267,6
11703,1923,لمرد,019269,6
11704,1923,لوجنده,019270,6
11705,1923,متکازین,019271,6
11706,1923,ولو,019278,6
11707,1923,یارسم,019281,6
11708,1923,جیربند و جوربند,325398,6
11709,1924,آبکوله سر کوچک,017960,6
11710,1924,امین آباد,017967,6
11711,1924,باغ نظر,017968,6
11712,1924,حاجی آباد,017987,6
11713,1924,میرشمس الدین,018028,6
11714,1924,ولی آباد,018030,6
11715,1924,شهرک اسلام آباد,321286,6
11716,1924,شیرج محله کوچک,325399,6
11717,1925,انبارسر,018268,6
11718,1925,پیشکوه,018269,6
11719,1925,دیمرون,018270,6
11720,1925,سیب کلایه,018271,6
11721,1925,گل زاربن,018272,6
11722,1925,لاکتراشان,018274,6
11723,1925,آخوندمحله,018334,6
11724,1925,آقا مقیم محله,018335,6
11725,1925,آهک چال,018336,6
11726,1925,بازارمحله,018337,6
11727,1925,بالابند,018338,6
11728,1925,کارکوه,018343,6
11729,1925,پس چال,018345,6
11730,1925,پشت جوب,018346,6
11731,1925,پلطان,018347,6
11732,1925,مرتع پیاز پشته,018348,6
11733,1925,طاهرک محله,018349,6
11734,1925,حاتم سرا,018350,6
11735,1925,تلوسر محله,018351,6
11736,1925,توکله,018354,6
11737,1925,تودارک,018355,6
11738,1925,جل آخوند محله,018356,6
11739,1925,جل چلاسر,018357,6
11740,1925,عظیمیه,018358,6
11741,1925,چرخچی محله,018360,6
11742,1925,چلاسر,018361,6
11743,1925,چناربن,018362,6
11744,1925,حاجته,018363,6
11745,1925,هاله کله,018364,6
11746,1925,خشکرود,018365,6
11747,1925,خلخال محله جدید,018366,6
11748,1925,خلخال محله قدیم,018367,6
11749,1925,خوبان رزگاه,018368,6
11750,1925,درویش سرا,018369,6
11751,1925,رستم پشته,018370,6
11752,1925,تقی آباد,018371,6
11753,1925,رضا محله,018372,6
11754,1925,رودباری کنار,018374,6
11755,1925,عماریه,018376,6
11756,1925,سلیمان آباد,018377,6
11757,1925,جلیل آباد,018378,6
11758,1925,سیاه بند,018381,6
11759,1925,سلیم آباد,018382,6
11760,1925,شبخوس کول,018384,6
11761,1925,شعیب کلایه,018385,6
11762,1925,شکار پشته,018386,6
11763,1925,سیف محله,018387,6
11764,1925,علی آباد فقیه محله,018388,6
11765,1925,عمران,018389,6
11766,1925,فقیه محله,018390,6
11767,1925,کاوه ملک,018392,6
11768,1925,کبودکلایه,018393,6
11769,1925,کتاله سرا,018394,6
11770,1925,کرات چال,018396,6
11771,1925,گراکو,018398,6
11772,1925,کشکو,018400,6
11773,1925,کندسر,018402,6
11774,1925,تنگدشت,018403,6
11775,1925,ایثار ده,018404,6
11776,1925,مهاجرآباد,018405,6
11777,1925,گرمن,018407,6
11778,1925,گلیجان,018408,6
11779,1925,صالح آباد,018409,6
11780,1925,گل محمد لنگه,018410,6
11781,1925,لزربن,018412,6
11782,1925,لوزه سرا,018413,6
11783,1925,لات کنار,018414,6
11784,1925,مازولنگاسر,018415,6
11785,1925,قنبرآباد,018416,6
11786,1925,ملاحاجی محله,018417,6
11787,1925,ملاعظیم رزگاه,018418,6
11788,1925,میان رود,018419,6
11789,1925,نارنج داربن,018421,6
11790,1925,یوسف آباد,018422,6
11791,1925,نصیرآباد,018423,6
11792,1925,احمدسرا,018424,6
11793,1925,نورالدین محله,018425,6
11794,1925,جیرکریم,018725,6
11795,1925,لیج کوه,018736,6
11796,1925,پیش ششار,018787,6
11797,1925,سورگلو,018828,6
11798,1925,پساکوتی,321164,6
11799,1925,پی سرا,321165,6
11800,1925,مرتع لاپشته,321166,6
11801,1925,مرتع سیابن,321167,6
11802,1925,انارجی,321168,6
11803,1925,مرتع شلندان,321174,6
11804,1925,اربن,321182,6
11805,1925,گل پشته,321183,6
11806,1925,کونوژه,321184,6
11807,1925,نارسا,321186,6
11808,1925,حسنی چال,321187,6
11809,1925,گل کلایه,321188,6
11810,1925,خرم سرا,321189,6
11811,1925,لمرا,321190,6
11812,1925,هلوسان,321191,6
11813,1925,ونکش,321192,6
11814,1925,نورد دره,321193,6
11815,1925,گوردره بالا,321196,6
11816,1925,گوردره پایین,321197,6
11817,1925,سوماپشته,321198,6
11818,1925,کنگاله گردن,321199,6
11819,1925,ترنگ پشته,321200,6
11820,1925,دیم کین,321201,6
11821,1925,کتلستان,321202,6
11822,1925,چلاپشته,321203,6
11823,1925,دزرو,321204,6
11824,1925,نسام گام,321205,6
11825,1925,لیه,321206,6
11826,1925,آزارچال,321431,6
11827,1925,ده جیر,321432,6
11828,1925,ولگ سر,325286,6
11829,1925,عالمکین,325287,6
11830,1925,سید گلزار,325370,6
11831,1925,چینی,325371,6
11832,1925,مازی سو,325436,6
11833,1925,ناحیه صنعتی,325438,6
11834,1925,مهران,325442,6
11835,1925,لشتو,802027,6
11836,1926,بندبن,018560,6
11837,1926,پل سرا,018562,6
11838,1926,پلنگ آباد علیا,018563,6
11839,1926,کاظم آباد,018564,6
11840,1926,تمشکل,018565,6
11841,1926,توبن,018566,6
11842,1926,چالو,018568,6
11843,1926,چکاده,018569,6
11844,1926,خشکبور,018570,6
11845,1926,دینارسرا,018572,6
11846,1926,رودگرمحله,018573,6
11847,1926,سر فقیه آباد,018575,6
11848,1926,سفیدآب,018576,6
11849,1926,فقیه آباد,018579,6
11850,1926,قلعه سر,018580,6
11851,1926,کلنگه,018581,6
11852,1926,کنسکو,018582,6
11853,1926,کوتی بازار,018583,6
11854,1926,کوه سر,018584,6
11855,1926,لوله ده,018585,6
11856,1926,معلم کوه,018586,6
11857,1926,مکرود,018587,6
11858,1926,عبداله آباد,018589,6
11859,1926,کوه سار,325457,6
11860,1926,علی آباد,325459,6
11861,1927,تیل پرده سر,017983,6
11862,1927,الکله,018167,6
11863,1927,بابولات,018168,6
11864,1927,پلت کله,018169,6
11865,1927,حبیب آباد,018170,6
11866,1927,رودپشت,018171,6
11867,1927,زوار,018172,6
11868,1927,سربود,018173,6
11869,1927,کمیلیه,018174,6
11870,1927,طالش محله,018175,6
11871,1927,کترا,018176,6
11872,1927,شمس آباد,018177,6
11873,1927,مازندران محله,018178,6
11874,1927,مازوبن علیا,018180,6
11875,1927,همرودبن,018181,6
11876,1927,دیزپشت,018571,6
11877,1927,لساکوتی,321257,6
11878,1927,تاله سرا,321258,6
11879,1927,جمرد,321259,6
11880,1927,اچال,321260,6
11881,1927,پله سر,321261,6
11882,1927,پلهم چال,321262,6
11883,1927,ونداربن,321263,6
11884,1927,شیراکنس,321264,6
11885,1927,کیانشینان,321265,6
11886,1927,سرداب,324737,6
11887,1927,کک نشین,324738,6
11888,1927,مازوچال,324739,6
11889,1927,شور زمین,324740,6
11890,1927,کلبه سرا,324741,6
11891,1927,باب رودبار,324742,6
11892,1927,سفیدخانی,324743,6
11893,1927,زبرگاو,325447,6
11894,1927,خلاربن,325448,6
11895,1927,صاف خونی,325449,6
11896,1927,هلوداران,325450,6
11897,1927,پلی دره,325451,6
11898,1927,دریاسر,325452,6
11899,1927,اچلو,325453,6
11900,1927,گنار,325454,6
11901,1927,خیارسر,325455,6
11902,1927,لات سیاه مشته,325458,6
11903,1927,باریکا,325460,6
11904,1927,گزناچال,325461,6
11905,1927,گله زمین,325462,6
11906,1927,کلاسر,325463,6
11907,1928,آغوزکله,017962,6
11908,1928,استخرسر,017963,6
11909,1928,قلعه گردن,017970,6
11910,1928,تشکون,017979,6
11911,1928,تلوسرک,017980,6
11912,1928,توساکله,017981,6
11913,1928,زمین بن,017995,6
11914,1928,سنگرده,017997,6
11915,1928,سیاورز,018000,6
11916,1928,شیروان محله,018004,6
11917,1928,کاردگر محله,018007,6
11918,1928,کراجوبکنار,018009,6
11919,1928,مرزک,018024,6
11920,1928,میانسرا,018026,6
11921,1928,خراسانی,321242,6
11922,1929,آبکوله سر بزرگ,017959,6
11923,1929,اکبرآباد,017964,6
11924,1929,امیر آباد,017966,6
11925,1929,برسیبور,017969,6
11926,1929,بهکله,017971,6
11927,1929,پسکلایه بزرگ,017975,6
11928,1929,پلهم دشت,017976,6
11929,1929,تازه آباد,017978,6
11930,1929,منصورآباد,018001,6
11931,1929,شیرج خیل,018002,6
11932,1929,شیرج محله بزرگ,018003,6
11933,1929,کرات کله,018008,6
11934,1929,نعمت آباد,018010,6
11935,1929,کرف,018011,6
11936,1929,عزیزآباد,018012,6
11937,1929,کنارور,018015,6
11938,1929,گیل محله,018020,6
11939,1929,لشگرک,018022,6
11940,1929,میانکوه محله,018027,6
11941,1929,همش بور,018032,6
11942,1929,مازوبن سفلی,018179,6
11943,1930,آغوزکتی,017961,6
11944,1930,امام زمین,017965,6
11945,1930,پرچین پشته,017972,6
11946,1930,پرده سر,017973,6
11947,1930,پرمس,017974,6
11948,1930,نعیم آباد,017977,6
11949,1930,توساکتی,017982,6
11950,1930,جیرسرا,017984,6
11951,1930,صادق آباد,017985,6
11952,1930,چال دره,017986,6
11953,1930,خم گردن,017988,6
11954,1930,خشکرود,017989,6
11955,1930,داربار,017990,6
11956,1930,درازلات,017991,6
11957,1930,دهگاه,017992,6
11958,1930,دهگاه کت,017993,6
11959,1930,زردکند,017994,6
11960,1930,سلیمان محله,017996,6
11961,1930,اسدآباد,017998,6
11962,1930,سه گاه,017999,6
11963,1930,فلک ده,018005,6
11964,1930,قاشق تراش محله,018006,6
11965,1930,گلعلی آباد,018013,6
11966,1930,کلاچ پا,018014,6
11967,1930,عسگری آباد,018016,6
11968,1930,مهدی آباد,018017,6
11969,1930,گاوپل,018018,6
11970,1930,گرما پشته,018019,6
11971,1930,لتاک,018021,6
11972,1930,لیره سر,018023,6
11973,1930,ولمرود,018029,6
11974,1930,هراتبر,018031,6
11975,1930,گاورگلو,321241,6
11976,1930,قریش,321243,6
11977,1930,پردارم,321245,6
11978,1930,جلی,321251,6
11979,1930,کلامگاه,321252,6
11980,1930,نرگس کتی,321253,6
11981,1930,تسکا,321254,6
11982,1930,سوای,321255,6
11983,1930,ننون,321256,6
11984,1930,لشم سرا,321266,6
11985,1930,مرتع عزیز,321277,6
11986,1930,مرتع مراد,321278,6
11987,1930,مرتع کاظم,321279,6
11988,1930,کل لات,321282,6
11989,1930,واپشته,802031,6
11990,1931,اشکورمحله,018107,6
11991,1931,امامزاده قاسم,018108,6
11992,1931,بالااشتوج,018110,6
11993,1931,بالاس,018111,6
11994,1931,برسه,018112,6
11995,1931,پایین اشتوج,018113,6
11996,1931,پلط داربن,018114,6
11997,1931,تک ساختمان راش,018115,6
11998,1931,توبن,018117,6
11999,1931,چاره سر,018118,6
12000,1931,خرماکله,018119,6
12001,1931,دریاسر,018120,6
12002,1931,راور,018121,6
12003,1931,شانه تراش محله,018122,6
12004,1931,عسل محله,018123,6
12005,1931,قهوه خانه بهمنی,018124,6
12006,1931,کلیشم,018127,6
12007,1931,گرمی جان,018128,6
12008,1931,گلستان محله,018129,6
12009,1931,میانکوه حسین آباد,018130,6
12010,1931,میانکوه سادات,018131,6
12011,1931,میانلات,018132,6
12012,1931,نرس,018133,6
12013,1931,نوشا,018134,6
12014,1931,نیل کلایه,018135,6
12015,1931,هلوکله,018136,6
12016,1931,پادگان آموزشی شهید چمران,321296,6
12017,1931,سراگاه,321297,6
12018,1931,مازوکله,321298,6
12019,1931,توساسان,321302,6
12020,1931,گلچال,321303,6
12021,1931,سیاه دشت,321304,6
12022,1931,اوریا,321305,6
12023,1931,کنگل چال,321309,6
12024,1931,یان,321310,6
12025,1931,خانه بن,321311,6
12026,1931,سیاه گل,321312,6
12027,1931,نیارد,321313,6
12028,1931,دریشان,321314,6
12029,1931,گل تله سر,321315,6
12030,1931,اربوبن,321317,6
12031,1931,تنها دشت,321318,6
12032,1931,کردین,321319,6
12033,1931,سرگل,321320,6
12034,1931,ونداربن,802020,6
12035,1932,آبگرم معدنی,018202,6
12036,1932,ارود,018203,6
12037,1932,آسیابان سرا,018205,6
12038,1932,آش محله,018206,6
12039,1932,پلط هاله,018207,6
12040,1932,سربالان,018208,6
12041,1932,جیربالان,018209,6
12042,1932,خانیان,018210,6
12043,1932,داس دره,018211,6
12044,1932,درجان,018212,6
12045,1932,ذلم,018213,6
12046,1932,سراسبی لات,018215,6
12047,1932,سرپل,018216,6
12048,1932,سرن,018217,6
12049,1932,سرواش پشته,018218,6
12050,1932,سلج انبار,018219,6
12051,1932,شهرستانک,018220,6
12052,1932,قاضی محله,018221,6
12053,1932,کرن,018222,6
12054,1932,حرآباد,018223,6
12055,1932,راور,018224,6
12056,1932,مران,018226,6
12057,1932,مزرعه اشتیاس,018227,6
12058,1932,مزرعه شلف,018228,6
12059,1932,میان رود,018229,6
12060,1932,ورزمین,018230,6
12061,1932,هلوان بالا,018231,6
12062,1932,هلوان پایین,018232,6
12063,1932,یاندشت بالا,018233,6
12064,1932,یوج,018234,6
12065,1932,ده پیش,321363,6
12066,1932,شال گوه,321365,6
12067,1932,چرستان,321366,6
12068,1932,دم سرک,321367,6
12069,1932,راش,321368,6
12070,1932,هابنه,321369,6
12071,1932,سرج سرا,321370,6
12072,1932,کترولات,321371,6
12073,1932,چرگاکوتی,321372,6
12074,1932,چال دره,321373,6
12075,1932,درم,321374,6
12076,1932,لشم بالا,321375,6
12077,1932,لشم پایین,321376,6
12078,1932,هلوبن,321377,6
12079,1932,برون سرا,321378,6
12080,1933,ابراهیم پاره,018764,6
12081,1933,اردن بن,018766,6
12082,1933,استل کنار,018769,6
12083,1933,حسن سرا,018770,6
12084,1933,اندوکوه,018774,6
12085,1933,بارجلم,018775,6
12086,1933,بالاجیرکوه,018776,6
12087,1933,بامسی,018777,6
12088,1933,پایین مازو,018783,6
12089,1933,تازه پتک,018788,6
12090,1933,ترمک,018790,6
12091,1933,تنگ دره غربی,018791,6
12092,1933,توبن,018792,6
12093,1933,تیرکلام,018794,6
12094,1933,جمال لنگه,018797,6
12095,1933,جواهرده,018798,6
12096,1933,چابک,018799,6
12097,1933,چالکه,018801,6
12098,1933,چکلم,018802,6
12099,1933,چوتک,018803,6
12100,1933,چوکاسرا پشته,018804,6
12101,1933,داق لنگه,018806,6
12102,1933,درمود,018808,6
12103,1933,دریاپشته,018809,6
12104,1933,دولمه,018813,6
12105,1933,دیسر,018814,6
12106,1933,رشولنگه,018818,6
12107,1933,رنگاپشته,018820,6
12108,1933,سرسی,018821,6
12109,1933,سفید تمشک,018824,6
12110,1933,سلمل,018825,6
12111,1933,سوته,018827,6
12112,1933,سیاسان,018829,6
12113,1933,سیم,018833,6
12114,1933,شاد منصور محله,018834,6
12115,1933,شرکت جهان,018836,6
12116,1933,ششار سرا,018838,6
12117,1933,شهرستان,018839,6
12118,1933,طالش محله فتوک,018842,6
12119,1933,ظلم,018846,6
12120,1933,عسل پشته,018847,6
12121,1933,عسل کوه,018848,6
12122,1933,فیلدم,018849,6
12123,1933,کافرثانی,018851,6
12124,1933,کرات کله,018853,6
12125,1933,کرات کله لو,018854,6
12126,1933,کرکتک,018855,6
12127,1933,کلک,018859,6
12128,1933,کلیج کوه,018860,6
12129,1933,کلالم,018862,6
12130,1933,کناررود,018864,6
12131,1933,کهنه پتک,018865,6
12132,1933,گاورمک,018868,6
12133,1933,گل پرگنه,018872,6
12134,1933,کلسم,018874,6
12135,1933,گوهرسرا,018876,6
12136,1933,لپاسرک,018877,6
12137,1933,لوکاچال بالا,018884,6
12138,1933,لیماکش,018886,6
12139,1933,لاتدیسر,018889,6
12140,1933,لارک پی,018893,6
12141,1933,مازولنگه,018895,6
12142,1933,متکوه,018896,6
12143,1933,مدک,018897,6
12144,1933,مهرمیجه,018898,6
12145,1933,میان لات,018899,6
12146,1933,نارنا,018900,6
12147,1933,نیدشت,018901,6
12148,1933,واچکلایه,018902,6
12149,1933,ولسیالم,018903,6
12150,1933,ولگام لم,018904,6
12151,1933,هرات ملک,018906,6
12152,1933,پلنگه,321490,6
12153,1933,تله پس,321492,6
12154,1933,اسالم دشت,321499,6
12155,1933,هلوسرا,321500,6
12156,1933,تلورسر,321501,6
12157,1933,طالش بارگاه,321502,6
12158,1933,خان کلام,321503,6
12159,1933,دم سرا,321504,6
12160,1933,کلاکولی,321505,6
12161,1933,کرکه نسا,321506,6
12162,1933,گل چال,321507,6
12163,1933,احمددشت,321508,6
12164,1933,واپشته,321509,6
12165,1933,سوله سرا,321510,6
12166,1933,کبودآب ور,321512,6
12167,1933,زروک,321513,6
12168,1933,تله لم,321514,6
12169,1933,اشکه تچال,321515,6
12170,1933,قدمعلی گاوسرا,325648,6
12171,1933,لوکاچال پایین,325649,6
12172,1933,جیرچابک,325650,6
12173,1933,فوسه لسا,325651,6
12174,1933,پس کرات,325652,6
12175,1934,افی,018685,6
12176,1934,اکنه,018686,6
12177,1934,تمل,018687,6
12178,1934,سپارده,018688,6
12179,1934,کلایه,018689,6
12180,1934,کیت,018690,6
12181,1934,لج,018691,6
12182,1934,میج,018692,6
12183,1934,نارنه,018693,6
12184,1934,نداک,018694,6
12185,1934,یازن,018695,6
12186,1934,امامزاده بلور کوه,321471,6
12187,1935,لیگاه,018273,6
12188,1935,آغوزکتی,018716,6
12189,1935,ارمو,018717,6
12190,1935,اکراسر,018718,6
12191,1935,ایزکی,018719,6
12192,1935,بزشی محله,018720,6
12193,1935,بکاته,018721,6
12194,1935,پلهم جان,018722,6
12195,1935,جنت رودبار,018723,6
12196,1935,جیرود,018724,6
12197,1935,چورته,018726,6
12198,1935,دراز زمین,018727,6
12199,1935,دره دم,018728,6
12200,1935,زروسرا,018729,6
12201,1935,سرمشک,018730,6
12202,1935,سیاسرت,018731,6
12203,1935,ششارک,018732,6
12204,1935,گراسماسر,018733,6
12205,1935,کردخیل,018734,6
12206,1935,گلین,018735,6
12207,1935,لیماکده,018737,6
12208,1935,نمکدره,018738,6
12209,1935,ولنگان,018739,6
12210,1935,رستم سر,321434,6
12211,1935,لردابن,321435,6
12212,1935,چابک,321441,6
12213,1935,مرگ لوکوه,321442,6
12214,1935,زرجیک سرا,321443,6
12215,1935,سفید دانه,321451,6
12216,1935,سالارسرا,321454,6
12217,1935,کجین,321457,6
12218,1935,خوشکا,321465,6
12219,1935,گریکش,325634,6
12220,1935,گیاه کوه,325635,6
12221,1935,تلیچ کوه,325636,6
12222,1935,سده,325637,6
12223,1935,جیرچاک,325638,6
12224,1935,کوزه کش,325639,6
12225,1935,چاک,325640,6
12226,1935,توله سر,325641,6
12227,1935,سرای دشت,325642,6
12228,1935,گل چاه بن,325643,6
12229,1935,پلهم دشت,325644,6
12230,1935,شاد مراد محله,325645,6
12231,1935,گرکش,325646,6
12232,1935,لتکا,325647,6
12233,1935,ازمین چال,596065,6
12234,1935,زمان محله,596066,6
12235,1936,اربه گله,018765,6
12236,1936,ازارک,018767,6
12237,1936,استل کش,018768,6
12238,1936,آسیابسر,018771,6
12239,1936,بصل کوه,018778,6
12240,1936,بنشکی,018779,6
12241,1936,بهارپشته,018780,6
12242,1936,بیلک سر,018781,6
12243,1936,پلسه,018785,6
12244,1936,پیازکش,018786,6
12245,1936,جلو,018796,6
12246,1936,چالکرود,018800,6
12247,1936,دال خانی,018807,6
12248,1936,دوجه گنه,018812,6
12249,1936,راجوب,018816,6
12250,1936,راش پشته,018817,6
12251,1936,سرکوسرا,018822,6
12252,1936,سرلیماک,018823,6
12253,1936,سنگ پشته,018826,6
12254,1936,شاد مراد محله,018835,6
12255,1936,شستا,018837,6
12256,1936,طالش سرا,018841,6
12257,1936,طلارسر شرقی,018843,6
12258,1936,طلارسر غربی,018844,6
12259,1936,کریکش,018857,6
12260,1936,کش گرما,018858,6
12261,1936,کلیزک اور,018861,6
12262,1936,کلایه بن,018863,6
12263,1936,کانگ سر,018867,6
12264,1936,گاولیماک,018870,6
12265,1936,گل چیگی,018873,6
12266,1936,گوگین,018875,6
12267,1936,لرسانور,018880,6
12268,1936,لرگ دشت,018881,6
12269,1936,لوسر,018883,6
12270,1936,لیماک,018885,6
12271,1936,لیماک لام,018887,6
12272,1936,لات محله,018888,6
12273,1936,لتر,018890,6
12274,1936,لترنسا,018891,6
12275,1936,لاتی,018892,6
12276,1936,مازوباغسر,018894,6
12277,1936,ونه کوه,018905,6
12278,1936,آزارچال,018907,6
12279,1936,جلمه,321405,6
12280,1936,کوی پریان,321406,6
12281,1936,گهواره پشته,321407,6
12282,1936,بالاجلو,325653,6
12283,1936,مجیران,325654,6
12284,1936,خرماکولی,325655,6
12285,1936,انباردار,325656,6
12286,1937,ارا,019086,6
12287,1937,ارست,019087,6
12288,1937,ایول,019093,6
12289,1937,برد,019096,6
12290,1937,پشرت,019098,6
12291,1937,تل مادره,019100,6
12292,1937,عالی کلا,019120,6
12293,1937,قلعه سر,019123,6
12294,1937,کردمیر,019125,6
12295,1937,کوات,019133,6
12296,1937,مال خاست,019138,6
12297,1937,مزرعه درویش لیلم,321703,6
12298,1937,خلین دره,321704,6
12299,1937,کش زمین,321705,6
12300,1937,کلکنار,321707,6
12301,1937,مرتع زرشک دره,321708,6
12302,1937,ولویه علیا,321714,6
12303,1937,ولویه سفلی,321715,6
12304,1937,مرتع گت چشمه,325484,6
12305,1937,شعبان خیل,325487,6
12306,1937,رودبار تلمادره,802035,6
12307,1938,ادروتوسه,019085,6
12308,1938,ازنی,019089,6
12309,1938,اسکارد,019090,6
12310,1938,ترکام,019099,6
12311,1938,تلوکلا,019101,6
12312,1938,چالو,019104,6
12313,1938,دیدو,019110,6
12314,1938,رسبرم,019111,6
12315,1938,رودبار کیاسر,019112,6
12316,1938,سنور,019117,6
12317,1938,کنتا,019130,6
12318,1938,کنیم,019132,6
12319,1938,گل جاری,019135,6
12320,1938,لنگر,019136,6
12321,1938,مازارستاق,019137,6
12322,1938,منزل دره,019140,6
12323,1938,وری,019145,6
12324,1938,اتینی,019492,6
12325,1938,آغوزگله,019493,6
12326,1938,عقه خیل,019494,6
12327,1938,الندان,019495,6
12328,1938,ایلال,019496,6
12329,1938,بالاده,019497,6
12330,1938,بندبن,019498,6
12331,1938,تیلک,019499,6
12332,1938,تیله بن,019500,6
12333,1938,جمال الدین کلا,019501,6
12334,1938,چهار رودبار,019502,6
12335,1938,خلرد,019503,6
12336,1938,ذکریا کلا,019504,6
12337,1938,سعیدآباد,019505,6
12338,1938,سنام,019506,6
12339,1938,سواسره,019507,6
12340,1938,قلعه,019508,6
12341,1938,کمرکلا,019509,6
12342,1938,کیاده,019510,6
12343,1938,گل خواران,019511,6
12344,1938,گنداب,019512,6
12345,1938,لالا,019513,6
12346,1938,واوسر,019514,6
12347,1938,سنگ چشمه,321723,6
12348,1938,مزرعه وستمین,321731,6
12349,1938,مزرعه کچپ تخته,321732,6
12350,1938,کی کلا,321733,6
12351,1938,مزرعه کرت مارم,321734,6
12352,1938,شهرک ذوب آهن,325425,6
12353,1938,میرافضل واوسر,325426,6
12354,1938,رودبار ادرو,325427,6
12355,1938,خیراباد,325477,6
12356,1938,سیاوشکلا,325478,6
12357,1938,گل باغ,325488,6
12358,1938,میلا دشت,325489,6
12359,1938,پایین ده,802026,6
12360,1939,اخورد,019084,6
12361,1939,اروت,019088,6
12362,1939,الیرد,019092,6
12363,1939,باباکلا,019094,6
12364,1939,بجدم,019095,6
12365,1939,پاجا,019097,6
12366,1939,تیرجاری,019102,6
12367,1939,چورت,019105,6
12368,1939,حاجی کلا,019106,6
12369,1939,خارخون,019107,6
12370,1939,خال خیل,019108,6
12371,1939,روشنکوه,019113,6
12372,1939,سادات محله,019115,6
12373,1939,سرخ ولیک,019116,6
12374,1939,شیشک,019119,6
12375,1939,قادیکلا,019122,6
12376,1939,کارنام,019124,6
12377,1939,کرسام,019126,6
12378,1939,کسوت,019127,6
12379,1939,کلاکرده,019128,6
12380,1939,کندسبن,019131,6
12381,1939,مزده,019139,6
12382,1939,نرگس زمین,019141,6
12383,1939,نوکنده,019143,6
12384,1939,ورنام بالا,019144,6
12385,1939,ول اغوز,019146,6
12386,1939,وناجم,019148,6
12387,1939,ورنام پایین,321683,6
12388,1939,هلیهومن,321684,6
12389,1939,صلاح,321685,6
12390,1939,مزارع زلم,321698,6
12391,1939,کلاج خوسه,321699,6
12392,1939,رودبار خارخون,321700,6
12393,1939,زلم,325479,6
12394,1939,کجرستاق,325491,6
12395,1940,پاچی,019363,6
12396,1940,جورجاده,019364,6
12397,1940,جیجاد,019365,6
12398,1940,دادوکلا,019368,6
12399,1940,درزیکلا,019369,6
12400,1940,سنگده,019370,6
12401,1940,سودکلا,019371,6
12402,1940,میانا,019374,6
12403,1940,وزملا,019375,6
12404,1940,ولیک بن,019376,6
12405,1940,ولیک چال,019377,6
12406,1941,خوش نشان,019366,6
12407,1941,خوشرودبار,019367,6
12408,1941,کولم,019372,6
12409,1941,مته کلا,019373,6
12410,1941,استخرسر,019399,6
12411,1941,امامزاده علی,019401,6
12412,1941,بیشه کلا,019402,6
12413,1941,پاشاکلا,019403,6
12414,1941,پرکوه,019404,6
12415,1941,تلارم,019407,6
12416,1941,تلاوک,019408,6
12417,1941,دامادکلا,019409,6
12418,1941,دمیرکلا,019410,6
12419,1941,شلیمک,019411,6
12420,1941,قارن سرا,019412,6
12421,1941,کتریم,019413,6
12422,1941,کرسب,019414,6
12423,1941,کندلک,019415,6
12424,1941,مرگاو سفلی,019417,6
12425,1941,مرگاو علیا,019418,6
12426,1941,مسکوپا,019419,6
12427,1941,امامزاده علی,019442,6
12428,1941,انگه فام,019443,6
12429,1941,برارده,019444,6
12430,1941,پارت کلا,019445,6
12431,1941,پرا,019446,6
12432,1941,پهندر,019447,6
12433,1941,جعفرآباد,019448,6
12434,1941,جعفرکلا,019449,6
12435,1941,خرم آباد دینه سر,019450,6
12436,1941,خرم آباد باکر,019451,6
12437,1941,دینه سر,019452,6
12438,1941,سرکام,019454,6
12439,1941,شلدره,019456,6
12440,1941,علی آباد,019457,6
12441,1941,کرچا,019458,6
12442,1941,کلیچ کلا,019459,6
12443,1941,کلامک,019460,6
12444,1941,کهنه ده,019461,6
12445,1941,مجی,019462,6
12446,1941,مولا,019464,6
12447,1941,واودره,019465,6
12448,1941,ورمز آباد,019466,6
12449,1941,سیاه دشت سفلی,321533,6
12450,1941,سیاه دشت علیا,321534,6
12451,1941,رسکت سفلی,321536,6
12452,1941,رسکت علیا,321537,6
12453,1942,باریک آبسر,019548,6
12454,1942,بالا سنگریزه,019549,6
12455,1942,پاشاکلا اربابی,019550,6
12456,1942,پاشاکلا انتقالی,019551,6
12457,1942,پایین سنگریزه,019552,6
12458,1942,تلو باغ,019554,6
12459,1942,تیرکلا,019555,6
12460,1942,حاجی کلا,019556,6
12461,1942,رودپشت,019557,6
12462,1942,سرخ کلا,019558,6
12463,1942,سلوکلا,019559,6
12464,1942,شرفدارکلا علیا,019560,6
12465,1942,شیخ کلا,019561,6
12466,1942,کردخیل,019562,6
12467,1942,گل چینی,019563,6
12468,1942,گیله کلا علیا,019564,6
12469,1942,ماچک پشت,019565,6
12470,1942,ماهفروجک,019566,6
12471,1942,میانرود,019568,6
12472,1942,زرویجان,019825,6
12473,1942,مشهدی کلا,019832,6
12474,1942,پایین ملیک,019835,6
12475,1942,گرجی کلا,321841,6
12476,1942,کوی صاحب الزمان,321868,6
12477,1942,طالقانی محله,325400,6
12478,1942,شهرک جانبازان,325475,6
12479,1942,شهرک فرهنگیان,325476,6
12480,1942,مجتمع مسکونی ارم,325493,6
12481,1942,یور محله,325515,6
12482,1942,شرفدارکلا سفلی,325516,6
12483,1942,گیله کلا سفلی,325517,6
12484,1942,خنارآباد,325518,6
12485,1942,تپه سر,802013,6
12486,1943,پایین کولا,019737,6
12487,1943,پرچیکلا,019738,6
12488,1943,ترم,019742,6
12489,1943,تنگلته,019743,6
12490,1943,خان عباسی,019744,6
12491,1943,سنگ تراشان,019757,6
12492,1943,وارد محله,325494,6
12493,1943,سانخیل,325495,6
12494,1944,دیم توران,019641,6
12495,1944,مقام,019658,6
12496,1944,آخور سر,019689,6
12497,1944,بندارخیل,019691,6
12498,1944,تجنک علیا,019692,6
12499,1944,خاریک,019695,6
12500,1944,خرم آباد,019696,6
12501,1944,دریک,019699,6
12502,1944,دیوکتی,019701,6
12503,1944,زرگرباغ,019702,6
12504,1944,زوارمحله,019703,6
12505,1944,ابکسر,019819,6
12506,1944,چناربن,019820,6
12507,1944,حاجی آباد,019821,6
12508,1944,خوشاب,019822,6
12509,1944,دولت آباد,019823,6
12510,1944,رگندشت,019824,6
12511,1944,شهاب لیلم,019826,6
12512,1944,عیسی خندق,019827,6
12513,1944,کارکنده,019828,6
12514,1944,گرزمون,019829,6
12515,1944,گله کلا کارکنده,019830,6
12516,1944,لیمون,019831,6
12517,1944,مفتی کلا,019833,6
12518,1944,میارکلا,019834,6
12519,1944,فرح آباد خیل,321875,6
12520,1944,طوربدار,321876,6
12521,1944,تجنک سفلی,325513,6
12522,1944,علی کتی,325514,6
12523,1944,آغورکش,802016,6
12524,1944,ترفون پشت,802039,6
12525,1945,آب بندانسر,019592,6
12526,1945,آب بندانکش,019593,6
12527,1945,اسپورز,019594,6
12528,1945,آسیابسر,019595,6
12529,1945,بالا ابدنگ,019596,6
12530,1945,بندافروز,019597,6
12531,1945,حسین آباد,019598,6
12532,1945,خارکش,019599,6
12533,1945,طاهرده,019601,6
12534,1945,کلاک,019602,6
12535,1945,گله دون,019603,6
12536,1945,گوگ باغ,019604,6
12537,1945,لاک دشت,019605,6
12538,1945,مرمت,019606,6
12539,1945,نقارچی محله,019607,6
12540,1945,نوده,019608,6
12541,1945,ولاشید,019609,6
12542,1945,همت آباد,019610,6
12543,1945,اردشیر محله,019855,6
12544,1945,اسبوکلا,019856,6
12545,1945,بالاگلما,019864,6
12546,1945,برارده,019865,6
12547,1945,پایین گلما,019869,6
12548,1945,دنگ سرک,019880,6
12549,1945,زرین آباد سفلی,019882,6
12550,1945,زرین آباد علیا,019883,6
12551,1945,سمسکنده علیا,019886,6
12552,1945,صاحبی,019894,6
12553,1945,قادیکلا,019898,6
12554,1945,قورتیکلا,019902,6
12555,1945,پایین معلم کلا,019910,6
12556,1945,ملک آباد بالا,019911,6
12557,1945,ملک آباد پایین,019912,6
12558,1945,ولشکلا,019918,6
12559,1945,جندین,321617,6
12560,1945,پایین سمسکنده,322132,6
12561,1945,سالارکنده,322136,6
12562,1945,تازه آباد جهاد,322166,6
12563,1945,سوزنک,322174,6
12564,1945,بالامعلم کلا,325376,6
12565,1945,هولا,802040,6
12566,1946,چاچکام,019103,6
12567,1946,علمدارده,019121,6
12568,1946,رودبار نقیب ده,019142,6
12569,1946,ابکسر,019398,6
12570,1946,افراچال,019400,6
12571,1946,پروریج آباد,019405,6
12572,1946,پلسک,019406,6
12573,1946,لولت,019416,6
12574,1946,اجارستاق,019729,6
12575,1946,آق مشهد,019731,6
12576,1946,تاکام,019741,6
12577,1946,یادمان,019745,6
12578,1946,ریگ چشمه,019750,6
12579,1946,کلاخیل,019761,6
12580,1946,گردشی,019762,6
12581,1946,گلورد,019765,6
12582,1946,لارما,019766,6
12583,1946,میدانک,019768,6
12584,1946,نوده,019769,6
12585,1946,واستان,019770,6
12586,1946,ورکی,019771,6
12587,1946,ورند,019772,6
12588,1946,سد شهید رجایی,325372,6
12589,1946,دوسله,325490,6
12590,1946,نقیب ده,325492,6
12591,1946,آق مشهد کمرخیل,325497,6
12592,1947,احمدآباد,019214,6
12593,1947,دزدک,019242,6
12594,1947,ارزفون,019730,6
12595,1947,امره,019732,6
12596,1947,آهودشت,019733,6
12597,1947,بالاکولا,019735,6
12598,1947,پهنه کلا شمالی,019740,6
12599,1947,دروار,019746,6
12600,1947,دروپی,019747,6
12601,1947,دلاک خیل,019748,6
12602,1947,رودبارکلا,019749,6
12603,1947,سرکت,019751,6
12604,1947,سقندین کلا,019752,6
12605,1947,شکتا,019753,6
12606,1947,سلیم بهرام,019754,6
12607,1947,سلیم شیخ,019755,6
12608,1947,سنگ بن,019756,6
12609,1947,شب کلا,019758,6
12610,1947,علویکلا,019759,6
12611,1947,کلقوچال,019760,6
12612,1947,گرمرود,019763,6
12613,1947,گرمستان,019764,6
12614,1947,مشون کلا,019767,6
12615,1947,هولار علیا,019773,6
12616,1947,هتل سالار دره,325373,6
12617,1947,پهنه کلا جنوبی,325374,6
12618,1947,صنایع چوب و کاغذ مازندران,325375,6
12619,1947,شهرک شهید نوروزیان,325496,6
12620,1948,اسفیواشی,019633,6
12621,1948,اوجا محله,019635,6
12622,1948,سعیدآباد,019643,6
12623,1948,شیخ علی محله,019647,6
12624,1948,صلاح الدین محله,019648,6
12625,1948,عالی باک,019650,6
12626,1948,فیروز کنده سفلی,019652,6
12627,1948,ماهفروز محله علیا,019657,6
12628,1948,موزی بن,019659,6
12629,1948,دراز محله,019698,6
12630,1948,مرز رود,019908,6
12631,1948,چفت سراکند,321912,6
12632,1948,کوهی خیل,321923,6
12633,1948,صفرآباد,321983,6
12634,1948,ارواخیل,321987,6
12635,1948,شهرک صنعتی,325503,6
12636,1948,فیروز کنده علیا,325509,6
12637,1948,ماهفروز محله سفلی,325510,6
12638,1948,صالح آباد,325511,6
12639,1948,بهارآباد,325512,6
12640,1949,پنبه زارکتی,019636,6
12641,1949,سلیمان محله,019644,6
12642,1949,سید محله,019646,6
12643,1949,عباسعلی کش,019651,6
12644,1949,گل نشین,019656,6
12645,1949,اسدآباد,019690,6
12646,1949,چمازک,019693,6
12647,1949,خارمیان,019694,6
12648,1949,دامیر,019697,6
12649,1949,دینک,019700,6
12650,1949,سنته,019704,6
12651,1949,گالش کلا,019707,6
12652,1949,تالارک,020907,6
12653,1949,حاجی آباد,321898,6
12654,1949,عرب خیل,321921,6
12655,1949,تاج الدین محله,321991,6
12656,1949,لله مرز,321993,6
12657,1949,سنگ سر لنگه,325502,6
12658,1949,خانه سرمرز,325504,6
12659,1949,عرب محله,325505,6
12660,1949,موقوفات کشت صنعت,325506,6
12661,1949,میانشعار,325507,6
12662,1949,سمندک,325508,6
12663,1950,حمیدآباد,019638,6
12664,1950,سوته,019645,6
12665,1950,طوقدار,019649,6
12666,1950,قاجار خیل,019653,6
12667,1950,گرجی پل,019655,6
12668,1950,شریف آباد,321903,6
12669,1950,شیلات ناحیه 4 صیدگاه خزرآباد,321905,6
12670,1950,طاهرآباد,321936,6
12671,1950,شیرین بول,321960,6
12672,1950,نبی آباد,325498,6
12673,1950,ولی آباد,325501,6
12674,1951,آبمال,019631,6
12675,1951,اسفندان,019632,6
12676,1951,جره سر,019637,6
12677,1951,دازمیرکنده,019640,6
12678,1951,کلمهر,019654,6
12679,1951,پنبه چوله بالا,019871,6
12680,1951,پنبه چوله پایین,019872,6
12681,1951,موزی باغ,019913,6
12682,1951,کردخیل,321909,6
12683,1951,اسلام ده,321918,6
12684,1951,سازمان زراعتی مهدشت,325485,6
12685,1951,امامزاده خلیفه,325499,6
12686,1951,نصیرآباد,325500,6
12687,1952,ازان ده,020053,6
12688,1952,اساس,020054,6
12689,1952,استخر سر,020055,6
12690,1952,البن,020056,6
12691,1952,ازود,020057,6
12692,1952,درکا رودبار,020058,6
12693,1952,شورمست رودبار,020060,6
12694,1952,طالع رودبار,020061,6
12695,1952,شورمست,020062,6
12696,1952,طالع,020063,6
12697,1952,نوسره,020065,6
12698,1952,اسه,020086,6
12699,1952,انارم,020087,6
12700,1952,ده میان,020088,6
12701,1952,رجه,020089,6
12702,1952,ارژنگ رودبار,020111,6
12703,1952,ارفع ده,020112,6
12704,1952,اریم,020113,6
12705,1952,امافت,020114,6
12706,1952,اوریم,020115,6
12707,1952,اوریم رودبار,020116,6
12708,1952,ورسک,020118,6
12709,1952,پایین دوآب,020119,6
12710,1952,بالا دوآب,020120,6
12711,1952,بایع کلا,020121,6
12712,1952,برنت,020122,6
12713,1952,دهخدا,020124,6
12714,1952,پشتگل,020126,6
12715,1952,پل پا,020127,6
12716,1952,پیت سرا,020128,6
12717,1952,خرج,020129,6
12718,1952,خشک دره,020131,6
12719,1952,دوگل,020133,6
12720,1952,ذال دره,020134,6
12721,1952,سرچلشک,020136,6
12722,1952,سفید دارگله,020137,6
12723,1952,سنگ سرگ,020138,6
12724,1952,سیمت,020139,6
12725,1952,شوراب,020140,6
12726,1952,شورکچال,020141,6
12727,1952,عباس آباد,020142,6
12728,1952,فلورد,020143,6
12729,1952,کالیم,020145,6
12730,1952,کردآسیاب,020147,6
12731,1952,کرمان,020148,6
12732,1952,کمرپشت,020149,6
12733,1952,کنگلو,020150,6
12734,1952,لمزر,020152,6
12735,1952,ملرد,020154,6
12736,1952,وسیه سر,020156,6
12737,1952,ورپی,322246,6
12738,1952,پادگان آموزشی دوآب,322251,6
12739,1952,اسدآباد,322259,6
12740,1952,سرتنگه,322268,6
12741,1952,باغ سرهنگ ملکی,322273,6
12742,1952,مزرعه سوت سرا,322276,6
12743,1952,باغ سرخ آباد,322277,6
12744,1952,مالی دره,322288,6
12745,1952,اترکله,322290,6
12746,1952,کاکرون,322292,6
12747,1952,تاسیسات شرکت نفت,322295,6
12748,1952,ایستگاه چوب جنگلبانی,322297,6
12749,1952,گرزین خیل,325530,6
12750,1952,زیارت سر,325531,6
12751,1952,چموزچال,325532,6
12752,1952,چاپارخانه,325535,6
12753,1952,کوه استل,325536,6
12754,1952,وندچال,325750,6
12755,1952,ارژنگ سرا,596069,6
12756,1952,زرد گل,596070,6
12757,1952,بیم دره,596071,6
12758,1952,سله بن,802004,6
12759,1952,ورسک گرجی خیل,802015,6
12760,1952,اجت,802024,6
12761,1953,امامزاده حسن,015975,6
12762,1953,دیسر,016084,6
12763,1953,ارات بن,020384,6
12764,1953,اسپو کلا,020385,6
12765,1953,امامزاده هلی چال,020386,6
12766,1953,انجیرتنگه البرز مرکزی,020387,6
12767,1953,انند,020388,6
12768,1953,اوات,020389,6
12769,1953,نجارکلا,020390,6
12770,1953,پارسی,020391,6
12771,1953,پالند,020392,6
12772,1953,تیلم,020393,6
12773,1953,چرات,020394,6
12774,1953,دراسله,020395,6
12775,1953,کلاریجان,020396,6
12776,1953,زنگیان,020397,6
12777,1953,سرین,020398,6
12778,1953,اسپرز,020399,6
12779,1953,سنگرج,020400,6
12780,1953,سوادرودبار,020401,6
12781,1953,شش رودبار,020402,6
12782,1953,شیردره,020403,6
12783,1953,شیرکلا,020404,6
12784,1953,کارمزد,020406,6
12785,1953,کاکرون,020407,6
12786,1953,کریکلا,020408,6
12787,1953,کنگل بن,020409,6
12788,1953,گردنه سر,020410,6
12789,1953,گررودبار,020411,6
12790,1953,گلیان,020412,6
12791,1953,لرزنه,020413,6
12792,1953,لله بند,020414,6
12793,1953,لیند,020415,6
12794,1953,لاکوم,020416,6
12795,1953,معدن کار سنگ,020417,6
12796,1953,معدن کارمزد,020418,6
12797,1953,ممشی,020419,6
12798,1953,مومج خیل,020420,6
12799,1953,بارنیگنون,020421,6
12800,1953,واله,020422,6
12801,1953,وسیه کش,020423,6
12802,1953,ولا,020424,6
12803,1953,انبار مواد منفجره ذغال سنگ,322321,6
12804,1953,شرکت صنعتی و معدن تاریک دره,322323,6
12805,1953,استل سر,322330,6
12806,1953,میانرود/ چال میچ خیل,322332,6
12807,1953,معدن پارالین,322333,6
12808,1953,کمندک,322334,6
12809,1953,پیشین واله,322335,6
12810,1953,پندرم,322336,6
12811,1953,مرجونه سر,322337,6
12812,1953,گرم خانی,325731,6
12813,1953,کل نهره,325732,6
12814,1953,چاهخانی,325733,6
12815,1953,استل سر,325744,6
12816,1953,اندرستا,325745,6
12817,1953,تورکش,325746,6
12818,1953,چناربن,325747,6
12819,1953,شهریارکلا,325748,6
12820,1953,کرندی,325749,6
12821,1953,پالند رودبار,596140,6
12822,1954,متان کلا,020205,6
12823,1954,جوارم,020206,6
12824,1954,خلیل کلا,020210,6
12825,1954,خواجه کلا,020211,6
12826,1954,عالیه کلا,020214,6
12827,1954,کار سالار,020215,6
12828,1954,کنس کتی,020217,6
12829,1954,کنیج کلا,020218,6
12830,1954,معدن زیراب,020220,6
12831,1954,وچاد,020223,6
12832,1954,چلوکبابی آبشار,322343,6
12833,1954,چایرون بالا/ چایرون پایین,322351,6
12834,1954,قادیکلا,322353,6
12835,1954,سیدآباد,325538,6
12836,1954,میرورزان,802034,6
12837,1954,سرخکلا تپه,802068,6
12838,1955,اتو,020294,6
12839,1955,امیرکلا,020295,6
12840,1955,بهمنان,020296,6
12841,1955,پاشا کلا,020297,6
12842,1955,پیرنعیم,020298,6
12843,1955,ززول,020299,6
12844,1955,سنگنیشت,020300,6
12845,1955,سوخته سرا,020301,6
12846,1955,سی پی,020302,6
12847,1955,کچید,020303,6
12848,1955,لولاک کسلیان,020304,6
12849,1955,لولاک لبیور,020305,6
12850,1955,لاجیم,020306,6
12851,1955,مته کلا,020307,6
12852,1955,ولوکش,020308,6
12853,1955,ولیلا,020309,6
12854,1956,ولوند,016875,6
12855,1956,افرا,020596,6
12856,1956,باغدشت,020597,6
12857,1956,پاشاکلا,020598,6
12858,1956,تیل خانی,020599,6
12859,1956,چفت کلا,020600,6
12860,1956,حاجی کلا ارزلو,020601,6
12861,1956,حاجی کلا صنم,020602,6
12862,1956,خرماکلا,020603,6
12863,1956,خطیر کلا,020604,6
12864,1956,دیزآباد,020606,6
12865,1956,رنگریزکلا,020607,6
12866,1956,سوخته کلا,020608,6
12867,1956,شامیکلا,020609,6
12868,1956,شیخ کلی,020610,6
12869,1956,صنم,020611,6
12870,1956,طارسیکلا,020612,6
12871,1956,فندری نماورکلا,020613,6
12872,1956,قراخیل,020615,6
12873,1956,کشکا,020616,6
12874,1956,کلار دره,020617,6
12875,1956,کمانگرکلا,020618,6
12876,1956,گاوان آهنگر,020619,6
12877,1956,ملک خیل,020620,6
12878,1956,موسی خیل,020621,6
12879,1956,میدانسر,020622,6
12880,1956,میکلا,020623,6
12881,1956,نوکلا,020624,6
12882,1956,نوگیری,020625,6
12883,1956,واکی کلا,020626,6
12884,1956,بایکلا,020627,6
12885,1956,استرآباد محله,020701,6
12886,1956,آسیابسر,020702,6
12887,1956,افراکتی,020703,6
12888,1956,اوجی تالار,020704,6
12889,1956,بارفکلا,020705,6
12890,1956,بالاجنید لاک پل,020706,6
12891,1956,بالا رستم حاجی,020707,6
12892,1956,پایین رستم,020708,6
12893,1956,حاجی کلا,020709,6
12894,1956,سراجکلا,020710,6
12895,1956,سنگ کتی,020711,6
12896,1956,قلزمکلا,020712,6
12897,1956,ترکمن خیل,322641,6
12898,1956,کاردگر خطیر,322646,6
12899,1956,بی بی کلا,322647,6
12900,1956,رادار,322654,6
12901,1956,شاهکلا سعید کاشی,322686,6
12902,1956,فندری,325522,6
12903,1956,گزنه کلا,325523,6
12904,1956,چمرانده,596135,6
12905,1956,گازیر,596136,6
12906,1957,افراتخت,020663,6
12907,1957,شیخ رجه,020673,6
12908,1957,لهرم تلوک,020677,6
12909,1957,مهدی آباد,020678,6
12910,1957,بالاافراکتی,020737,6
12911,1957,پاشاکلا افرا کتی,020739,6
12912,1957,پایین افراکتی,020740,6
12913,1957,پایین لموک,020741,6
12914,1958,آبمال,020662,6
12915,1958,آهنگرکلا,020664,6
12916,1958,چپی,020666,6
12917,1958,گل افشان,020676,6
12918,1958,اسکندرکلا,020735,6
12919,1958,تالار پشت سفلی,020743,6
12920,1958,تالار پشت علیا,020744,6
12921,1958,چاله زمین,020747,6
12922,1958,دنجکلا,020752,6
12923,1958,شهرودکلا,020757,6
12924,1958,فولادکلا,020761,6
12925,1958,قادیکلا بزرگ,020763,6
12926,1958,متان کلا,020771,6
12927,1958,ملک کلا,020773,6
12928,1958,واسکس,020775,6
12929,1958,وسطی کلا,020776,6
12930,1958,مچه بن,020778,6
12931,1958,شهرک یثرب,325524,6
12932,1958,افراقلم,596247,6
12933,1959,پرچیکلا,020742,6
12934,1959,چمازکتی,020748,6
12935,1959,خمیرکنده,020749,6
12936,1959,خنار درویش,020750,6
12937,1959,دیوکلا سفلی,020753,6
12938,1959,دیوکلا علیا,020754,6
12939,1959,فوریجا,020760,6
12940,1959,کروا,020765,6
12941,1959,کلاگر محله,020768,6
12942,1959,نوده,020774,6
12943,1959,هردورود,020777,6
12944,1959,اوجابندان,020827,6
12945,1959,دشتیان,020831,6
12946,1959,دوک,020832,6
12947,1959,ذیلت,020833,6
12948,1959,رستم کلا,020834,6
12949,1959,افراپل,020888,6
12950,1959,پایین جاده,020899,6
12951,1959,ابجر,021053,6
12952,1959,المشیر,021054,6
12953,1959,آهنگرکلا نوکنده,021055,6
12954,1959,بالالموک,021056,6
12955,1959,حاجی آباد,021057,6
12956,1959,رکابدارکلا,021058,6
12957,1959,زاهدکلا,021059,6
12958,1959,قادیکلا,021060,6
12959,1959,کاسگر کلا,021061,6
12960,1959,گیله کلا,021062,6
12961,1959,لهمال,021063,6
12962,1959,موارم کلا,021064,6
12963,1959,چفت سر,325526,6
12964,1960,پرچینک,020665,6
12965,1960,ریکنده,020668,6
12966,1960,سید ابوصالح,020669,6
12967,1960,سیف کتی,020670,6
12968,1960,کوتنا,020674,6
12969,1960,کرچنگ,020675,6
12970,1960,میانرود,020680,6
12971,1960,ساروکلا,020755,6
12972,1961,انگرود,022747,6
12973,1961,اوز,022748,6
12974,1961,اوزکلا,022749,6
12975,1961,پیچده,022750,6
12976,1961,پیل,022751,6
12977,1961,کلاک علیا,022754,6
12978,1961,کلاک سفلی,022755,6
12979,1961,میناک,022756,6
12980,1961,ناحیه,022757,6
12981,1961,نسن,022758,6
12982,1961,نیکنام ده,022759,6
12983,1961,الیکا,022782,6
12984,1961,دونای سفلی,022783,6
12985,1961,دونای علیا,022784,6
12986,1961,کلاونگاه,022785,6
12987,1961,کمربن,022786,6
12988,1962,تترستاق,022807,6
12989,1962,رزن,022808,6
12990,1962,کرسی,022809,6
12991,1962,ایل,022854,6
12992,1962,ایوا,022855,6
12993,1962,تاکر,022858,6
12994,1962,کلا,022864,6
12995,1962,مرتع سرلمن,022868,6
12996,1962,فیپول,022870,6
12997,1962,مرتع و مزرعه چواز,022871,6
12998,1962,مرتع لدین,022874,6
12999,1962,مرتع لات,022875,6
13000,1962,نج,022877,6
13001,1962,ولاشید,022878,6
13002,1962,شرکت گچ نور,320316,6
13003,1962,شرکت زریه,320317,6
13004,1962,باغ دکتر معتمدی,320318,6
13005,1962,معدن گچ نور,320319,6
13006,1962,مزرعه لته میت,324582,6
13007,1962,مزرعه سوته تالار,324583,6
13008,1962,مرتع شاه مردان,324589,6
13009,1962,مرتع نورک,324590,6
13010,1962,اطاق سرا,325735,6
13011,1963,خجیرکلا,022752,6
13012,1963,کام,022753,6
13013,1963,یاسل,022760,6
13014,1963,یوش,022761,6
13015,1963,بردون,022830,6
13016,1963,بطاهرکلا,022831,6
13017,1963,سراسب,022832,6
13018,1963,کمررود,022833,6
13019,1963,بل,022856,6
13020,1963,چل,022859,6
13021,1963,دویلات,022860,6
13022,1963,زرین کمر,022861,6
13023,1963,سادات محله,022862,6
13024,1963,کلیک,022863,6
13025,1963,مرتع دزدک,022865,6
13026,1963,زلعلکم,022866,6
13027,1963,مرتع سردی بن,022867,6
13028,1963,مرتع فرانو,022869,6
13029,1963,مرتع گهان لا,022873,6
13030,1963,مزید,022876,6
13031,1963,حطر,022937,6
13032,1963,مرتع پاکبود,022938,6
13033,1963,مرتع و مزرعه کشکک,022939,6
13034,1963,مرتع و مزرعه نارز,022940,6
13035,1963,مرچ,022941,6
13036,1963,یالرود,022942,6
13037,1963,ورازان,023765,6
13038,1963,مرتع میان رو,324565,6
13039,1963,مرتع ملرز,324566,6
13040,1963,مرتع سرخوک,324567,6
13041,1963,ورزن,324572,6
13042,1963,موتورخانه و دکل تلویزیون,325414,6
13043,1964,آغوزکتی,022970,6
13044,1964,ایزوا,022971,6
13045,1964,به بنک,022972,6
13046,1964,خطیب کلا,022974,6
13047,1964,خورتاب رودبار,022975,6
13048,1964,دیزنکلا,022976,6
13049,1964,رییس کلا,022977,6
13050,1964,سادات محله,022978,6
13051,1964,کرچی,022979,6
13052,1964,کیاکلا,022980,6
13053,1964,میچکاخونی,022981,6
13054,1964,میرخمند,022982,6
13055,1964,ملامحله,324551,6
13056,1964,چال سره,324554,6
13057,1964,ملاکلا,324562,6
13058,1965,انگتارود بالا,014961,6
13059,1965,امیرآباد,023003,6
13060,1965,باریکلا,023004,6
13061,1965,بریکلا,023005,6
13062,1965,بلویج,023006,6
13063,1965,بنفشه ده,023007,6
13064,1965,بوته ده,023008,6
13065,1965,تسبیح کلا,023009,6
13066,1965,تنه رز,023010,6
13067,1965,توران کلا,023011,6
13068,1965,جلیکان سفلی,023012,6
13069,1965,جلیکان علیا,023013,6
13070,1965,حاجی کلا,023014,6
13071,1965,خطیب کلا,023015,6
13072,1965,دارکلا,023016,6
13073,1965,رزک,023017,6
13074,1965,رمشی,023018,6
13075,1965,سعادت آباد,023019,6
13076,1965,سنگ تاب,023020,6
13077,1965,شیرکلا,023021,6
13078,1965,قاسم آباد,023022,6
13079,1965,قلعه کتی,023023,6
13080,1965,کچلده,023024,6
13081,1965,کنس پا,023025,6
13082,1965,کیاب سر,023026,6
13083,1965,گیلان ده,023027,6
13084,1965,معصوم آباد,023028,6
13085,1965,ورازده سفلی,023029,6
13086,1965,ورازده علیا,023030,6
13087,1965,ولیرکان,023031,6
13088,1965,افراده,023119,6
13089,1965,انبارده,023120,6
13090,1965,ایرکا,023121,6
13091,1965,علی آباد,023125,6
13092,1965,فولادکلا,023126,6
13093,1965,میرنا,023128,6
13094,1965,ناپلار,023129,6
13095,1965,هم صفا,023134,6
13096,1965,شهرک امام خمینی,324534,6
13097,1965,نرگس کتی,325626,6
13098,1965,انگتارود پایین,325627,6
13099,1965,افراتخت,802009,6
13100,1966,اسپی کلا,023061,6
13101,1966,اناده,023062,6
13102,1966,آهودشت,023063,6
13103,1966,باغبان کلا,023064,6
13104,1966,چمازکلا,023065,6
13105,1966,سالده سفلی,023068,6
13106,1966,سالده علیا,023069,6
13107,1966,سنگ چالک,023070,6
13108,1966,سنگین ده,023071,6
13109,1966,شهربند,023073,6
13110,1966,شیخ علی کلا,023074,6
13111,1966,صیدکلا,023075,6
13112,1966,طالب آباد,023076,6
13113,1966,عباس کلا,023077,6
13114,1966,عبدل ده,023079,6
13115,1966,کرات کتی,023081,6
13116,1966,کردآباد,023082,6
13117,1966,مغان ده,023084,6
13118,1966,مرداب,023085,6
13119,1966,مرزنده,023086,6
13120,1966,نانوا کلا,023087,6
13121,1966,نعمت آباد,023089,6
13122,1966,جوربند,023122,6
13123,1966,رودبارک,023123,6
13124,1966,گزناسرا,023127,6
13125,1966,نوجمه,023130,6
13126,1966,وازتنگه,023131,6
13127,1966,واز سفلی,023132,6
13128,1966,واز علیا,023133,6
13129,1966,کنگرچال,320324,6
13130,1966,لاسکوتی,324509,6
13131,1966,بهدشت,802007,6
13132,1966,کشی محله,802011,6
13133,1967,پیمط,023163,6
13134,1967,چاله سیاه,023164,6
13135,1967,درویش کلا,023165,6
13136,1967,سوردار محله,023167,6
13137,1967,شهردار محله,023168,6
13138,1967,گلندرود,023169,6
13139,1967,لزیر,023170,6
13140,1967,لشکنار,023171,6
13141,1967,میان رودبار,023172,6
13142,1967,وازک,023173,6
13143,1967,بومک,023250,6
13144,1967,دونکوه,023251,6
13145,1967,کپ سفلی,023252,6
13146,1967,کپ علیا,023253,6
13147,1967,لوس,023254,6
13148,1967,هلوپشته,023255,6
13149,1967,پس پرس,023949,6
13150,1967,تاشکوه علیا,023950,6
13151,1967,توسکا,023951,6
13152,1967,خرم آباد,023952,6
13153,1967,سنگ نو,023953,6
13154,1967,کاسگر محله,023954,6
13155,1967,کالج,023955,6
13156,1967,کرد محله,023956,6
13157,1967,نشو,023957,6
13158,1967,تاشکوه سفلی,023980,6
13159,1967,تیرکده سفلی,023981,6
13160,1967,تیرکده علیا,023982,6
13161,1967,حسین آباد,023984,6
13162,1967,زرین کلا,023985,6
13163,1967,هندومرز,023990,6
13164,1967,کدیرسر,024014,6
13165,1967,تاشکوه وسطی,324610,6
13166,1967,کهنه سرا,324618,6
13167,1967,گالی خمند,324621,6
13168,1967,گرمک,324622,6
13169,1967,شهرک دریا شهر,324672,6
13170,1967,دهک,802041,6
13171,1967,کالج سفلی,802042,6
13172,1968,سیاه کلا,023072,6
13173,1969,حاجی آباد,023067,6
13174,1969,نصرت آباد,023088,6
13175,1969,ارویج کلا,023194,6
13176,1969,افراسیاب کلا,023195,6
13177,1969,انارجار,023197,6
13178,1969,ایزخورده,023198,6
13179,1969,خوریه,023203,6
13180,1969,دارجار,023204,6
13181,1969,سرکاج,023207,6
13182,1969,سلیاکتی,023208,6
13183,1969,سنگ کتی,023209,6
13184,1969,شهرکلا,023210,6
13185,1969,عباسا,023211,6
13186,1969,کاردگرکلا,023212,6
13187,1969,کلین خونی,023213,6
13188,1969,گنج یاب بالا,023214,6
13189,1969,گنج یاب پایین,023215,6
13190,1969,ناتل,023219,6
13191,1969,هردورود,023221,6
13192,1969,واتاشن,324515,6
13193,1969,سرجنگلبانی,324516,6
13194,1969,زکی آباد,325624,6
13195,1969,سد خاکی الیمالات,325625,6
13196,1970,بسطام,023687,6
13197,1970,پل ذغال,023688,6
13198,1970,چتن,023691,6
13199,1970,حسن آباد,023692,6
13200,1970,حیرت,023693,6
13201,1970,دشت نظیر,023694,6
13202,1970,دوآب کجور,023696,6
13203,1970,ساروس,023697,6
13204,1970,سمای,023698,6
13205,1970,عالیدره,023699,6
13206,1970,فیروزآباد,023700,6
13207,1970,کانی,023701,6
13208,1970,کندوسر,023704,6
13209,1970,کنیس,023705,6
13210,1970,کی کوه,023706,6
13211,1970,کندیس کلا,023707,6
13212,1970,لشکنار,023708,6
13213,1970,منجیر,023711,6
13214,1970,ناصرآباد,023713,6
13215,1970,لعل تازه آباد,023714,6
13216,1970,نیرس,023715,6
13217,1970,جهان زار,324749,6
13218,1970,خورشیدآباد,324751,6
13219,1970,هزارسم,324753,6
13220,1970,نپر,324755,6
13221,1971,ترخانلش,023655,6
13222,1971,چمرکوه,023657,6
13223,1971,انگاس,023752,6
13224,1971,انگیل,023753,6
13225,1971,پی چلو,023754,6
13226,1971,خاچک,023755,6
13227,1971,سریوده,023756,6
13228,1971,شاه ناجر,023757,6
13229,1971,صالحان,023758,6
13230,1971,فیروزکلا سفلی,023759,6
13231,1971,فیروزکلا علیا,023760,6
13232,1971,کنگر,023761,6
13233,1971,لیگوش,023762,6
13234,1971,نیتل,023763,6
13235,1971,واشکن,023764,6
13236,1971,هزارخال,023766,6
13237,1971,برکن,023788,6
13238,1971,بین,023789,6
13239,1971,کلیک,023797,6
13240,1971,کهنه ده,023798,6
13241,1971,کدیر,024013,6
13242,1971,شهرک صنعتی کجور,325663,6
13243,1971,دکل مخابرات و تلویزیون,325664,6
13244,1972,دلسم,023858,6
13245,1972,گتکش,023863,6
13246,1972,ویسر,023869,6
13247,1972,استانکرود,023890,6
13248,1972,پیده,023892,6
13249,1972,خوشل,023894,6
13250,1972,زانوس,023895,6
13251,1972,اسلام آباد,023896,6
13252,1972,کندلوس,023897,6
13253,1972,کیاکلا,023898,6
13254,1972,کینچ,023899,6
13255,1972,گیل کلا,023900,6
13256,1972,لرگان,023901,6
13257,1972,مونج,023902,6
13258,1972,نیچکوه,023903,6
13259,1972,اویل,024037,6
13260,1972,چناربن,024038,6
13261,1972,چورن,024039,6
13262,1972,سجار,024040,6
13263,1972,کشکک,024041,6
13264,1972,کوهپر سفلی,024042,6
13265,1972,کوهپر علیا,024043,6
13266,1972,لاشک,024044,6
13267,1972,نیمور,024045,6
13268,1972,میرکلا,324823,6
13269,1972,اطاق سرا,325665,6
13270,1973,اردوگاه نیروی دریایی,023650,6
13271,1973,پارک جنگلی سی سنگان,023652,6
13272,1973,پیکلا,023653,6
13273,1973,تاج الدین کلا,023654,6
13274,1973,تسکاتک,023656,6
13275,1973,دیزرکلا,023658,6
13276,1973,صلاح الدین کلا,023659,6
13277,1973,علی آباد عسگرخان,023660,6
13278,1973,ملاکلا,023661,6
13279,1973,اندرور,023787,6
13280,1973,چیلک سفلی,023790,6
13281,1973,چلندر,023791,6
13282,1973,حمزه ده سفلی,023792,6
13283,1973,حمزه ده علیا,023793,6
13284,1973,حوض کتی,023794,6
13285,1973,دزدک,023795,6
13286,1973,سنگ سرا,023796,6
13287,1973,کهنه سرا,023799,6
13288,1973,ملکار,023800,6
13289,1973,سد خاکی,324777,6
13290,1973,کتو,324778,6
13291,1973,مجتمع پذیرایی چلندر,324799,6
13292,1973,چیلک علیا,325661,6
13293,1974,تازه اباد,023823,6
13294,1974,خیرسر,023824,6
13295,1974,سنگ تجن,023825,6
13296,1974,شریعت آباد,023826,6
13297,1974,کردی کلا,023828,6
13298,1974,کشک سرا,023829,6
13299,1974,کورکورسر علیا,023830,6
13300,1974,نیرنگ,023831,6
13301,1974,آبندانک,023853,6
13302,1974,امیررود,023854,6
13303,1974,بندپی,023855,6
13304,1974,خیرودکنار,023856,6
13305,1974,درزی کلا,023857,6
13306,1974,سید علی کیا سلطان,023859,6
13307,1974,شمع جاران,023860,6
13308,1974,شب خسکاج,023861,6
13309,1974,علی آباد میر,023862,6
13310,1974,لتینگان,023864,6
13311,1974,مارگیرده,023865,6
13312,1974,موسی آباد,023866,6
13313,1974,نجارده,023867,6
13314,1974,مزگا,023868,6
13315,1974,سنگتو,324636,6
13316,1974,شهر پشت,325729,6
13317,1975,علویکلا,023924,6
13318,1975,عزت,023925,6
13319,1975,منوچهرکلا,023926,6
13320,1975,میانک,023927,6
13321,1975,وازیوار,023928,6
13322,1975,بازیارکلا,023978,6
13323,1975,بنجکول سفلی,023979,6
13324,1975,حسن آباد,023983,6
13325,1975,سیاه رود,023986,6
13326,1975,فراشکلا سفلی,023987,6
13327,1975,فراشکلا علیا,023988,6
13328,1975,نوده,023989,6
13329,1975,پاشاکلا,024011,6
13330,1975,خضرتیره,024012,6
13331,1975,نارنج بن,024015,6
13332,1975,ونوش,024016,6
13333,1975,ویلاشهر,324652,6
13334,1976,اوکسر,015789,6
13335,1976,باقرتنگه,015791,6
13336,1976,تازه آباد,015795,6
13337,1976,میرود,015802,6
13338,1976,پایین احمد کلا,015893,6
13339,1976,مجتمع مسکونی علی آباد میر,325597,6
13340,1976,مجتمع مکانهای مسکونی نیروی هوایی,325598,6
13341,1977,اجاک سر,015853,6
13342,1977,شهرک دریا کنار,015859,6
13343,1977,سادات محله رودبست,015860,6
13344,1977,رودبست,015865,6
13345,1977,بابل پشت,015889,6
13346,1977,شورک,015901,6
13347,1977,علی آباد,324916,6
13348,1977,اناری,802006,6
13349,1978,افراتخت,015788,6
13350,1978,روشندان,015792,6
13351,1978,پارو محله منگلاب,015794,6
13352,1978,داراب دین روشن,015796,6
13353,1978,شهید سرا,015797,6
13354,1978,عرب خیل,015798,6
13355,1978,کاله,015799,6
13356,1978,منگلاب,015801,6
13357,1978,نفت چال,015803,6
13358,1978,هلی باغ,015804,6
13359,1978,سرخ دشت,016858,6
13360,1978,ازن آباد,020885,6
13361,1978,کرفون,020944,6
13362,1978,گالشکلا,020948,6
13363,1978,میرودسر,802008,6
13364,1979,عزیزک,015902,6
13365,1980,ارمیچ کلا,015854,6
13366,1980,سید محله,015861,6
13367,1980,قادی محله,015862,6
13368,1980,ایسی کلا,015888,6
13369,1980,بالانقیب کلا,015890,6
13370,1980,بالا احمدکلا,015891,6
13371,1980,پایین نقیب کلا,015892,6
13372,1980,چوپان کلا,015894,6
13373,1980,خردمرد انیسی,015895,6
13374,1980,خردمرد رضایی,015896,6
13375,1980,درزی نقیب کلا,015897,6
13376,1980,رضا کلا,015898,6
13377,1980,سرحمام,015899,6
13378,1980,سعید کلا,015900,6
13379,1980,کاسگر محله,015903,6
13380,1980,کبوتردان,015904,6
13381,1980,مقریکلا,015906,6
13382,1980,رکون,016935,6
13383,1980,فولادکلا,016945,6
13384,1980,کاریکلا,016947,6
13385,1980,سپاه محله,325596,6
13386,1980,قلعه کتی,802018,6
13387,1981,میان بال,015832,6
13388,1981,اسفندیار محله,015855,6
13389,1981,درزی محله,015857,6
13390,1981,خشک رود,016927,6
13391,1981,دوغی کلا,016931,6
13392,1981,رزکنار,016934,6
13393,1981,شرمه کلا,016942,6
13394,1981,ولیک رودپشت,016961,6
13395,1981,کونر,324874,6
13396,1981,نصرت کلا,324876,6
13397,1982,افراسرا,015552,6
13398,1982,چاک سر,015560,6
13399,1982,حاجی کلا علیا,015562,6
13400,1982,حاجی کلا سفلی,015563,6
13401,1982,درویش آباد,015564,6
13402,1982,زنگی کلا سفلی,015566,6
13403,1982,زنگی کلا علیا,015567,6
13404,1982,سیرجارون,015571,6
13405,1982,احمدآباد کلیج سفلی,015573,6
13406,1982,احمدآباد کلیج علیا,015574,6
13407,1982,اسلام محله,015575,6
13408,1982,علویکلامیر,015582,6
13409,1982,کنس مرز,015590,6
13410,1982,گل محله,015591,6
13411,1982,میرده سفلی,015596,6
13412,1982,میرده علیا,015597,6
13413,1983,ابوالحسن آباد,015550,6
13414,1983,تازه آباد,015558,6
13415,1983,زرداب,015565,6
13416,1983,سیاه کلا,015570,6
13417,1983,عبداله آباد,015579,6
13418,1983,عزت آباد,015580,6
13419,1983,فرامده,015583,6
13420,1983,کلوسا,015589,6
13421,1983,معلم کلا,015594,6
13422,1983,ملاکلا,015595,6
13423,1983,وازیک,015599,6
13424,1983,ولم علیا,015602,6
13425,1983,اردوگاه نیروی هوایی,015661,6
13426,1983,اسداله آباد,015662,6
13427,1983,اسکنده,015663,6
13428,1983,افراتخت,015664,6
13429,1983,بیشه کلا,015668,6
13430,1983,چهارافرا,015670,6
13431,1983,دریاسر,015671,6
13432,1983,رودپشت,015673,6
13433,1983,علمده غربی,015677,6
13434,1983,علمده شرقی,015678,6
13435,1983,علی اباد,015679,6
13436,1983,اورطه دشت,015680,6
13437,1983,کلمرز علیا,015681,6
13438,1983,مجتمع مسکونی خانه دریا,325604,6
13439,1984,بولیده,015478,6
13440,1984,ترسیاب,015482,6
13441,1984,جونی کلا,015485,6
13442,1984,حسن اباد,015487,6
13443,1984,خوردونکلا,015490,6
13444,1984,سنگ کتی,015492,6
13445,1984,سیارکلا,015493,6
13446,1984,شومیا,015496,6
13447,1984,تلارم,015497,6
13448,1984,عشق آباد,015498,6
13449,1984,قصاب کتی,015499,6
13450,1984,کرچک لاریجانی,015500,6
13451,1984,کرچک نوایی,015501,6
13452,1984,کلوده,015502,6
13453,1984,گالش پل,015504,6
13454,1984,گلیرد,015505,6
13455,1984,گیلاپی,015506,6
13456,1984,میرعلمده,015508,6
13457,1984,اسلام آباد,015509,6
13458,1984,بایوده سفلی,015666,6
13459,1984,بایوده علیا,015667,6
13460,1984,زنگی کلا,015675,6
13461,1984,ناصرآباد,015684,6
13462,1984,کهلوکاج,325600,6
13463,1984,تشبندان,325601,6
13464,1984,آهنگرکلا,325602,6
13465,1985,مجتمع مسکونی نفت,015473,6
13466,1985,ازادمون,015474,6
13467,1985,اهلم,015475,6
13468,1985,برنجده,015477,6
13469,1985,بونده,015479,6
13470,1985,تجکنار,015480,6
13471,1985,خشت سر,015489,6
13472,1985,شرفتی,015494,6
13473,1985,شورستاق,015495,6
13474,1985,یوسف آباد,015510,6
13475,1986,حرب ده,015486,6
13476,1986,ارم,015660,6
13477,1986,آهی محله,015665,6
13478,1986,جوراکلا,015669,6
13479,1986,سیاه رودسر,015676,6
13480,1986,متوریج,015682,6
13481,1986,میان کلمرز,015683,6
13482,1986,یم چی,015685,6
13483,1986,ارمک محله,015686,6
13484,1986,مجتمع مسکونی ساحل مهر,320010,6
13485,1986,خطاهی,325416,6
13486,1986,مجتمع مسکونی مروارید دریا,325605,6
13487,1987,اوکرکا,017592,6
13488,1987,زرندین علیا,017593,6
13489,1987,بندبنی,017595,6
13490,1987,زرندین سفلی,017597,6
13491,1987,خرم چماز,017604,6
13492,1987,درویش خلک,017608,6
13493,1987,دواب,017609,6
13494,1987,رمدان خیل,017612,6
13495,1987,سه کیله,017614,6
13496,1987,گلبستان,017620,6
13497,1987,گرگتج,017624,6
13498,1987,گلورد بزرگ,017627,6
13499,1987,گلورد کوچک,017628,6
13500,1987,للرد,017630,6
13501,1987,لاک تراش,017632,6
13502,1987,یعقوب محله,017639,6
13503,1987,کارکم,017884,6
13504,1987,اومال,019862,6
13505,1987,بریجان,019866,6
13506,1987,قلعه سر علیا,019900,6
13507,1987,کوهسارکنده,019903,6
13508,1987,ولیجی محله,325464,6
13509,1987,سامان دره,802023,6
13510,1988,پلاژ ارتش,017524,6
13511,1988,دنگ سرک,017527,6
13512,1988,شیلات گهرباران,017531,6
13513,1988,نوذرآباد,017538,6
13514,1988,نیروگاه شهید سلیمی نکا,017539,6
13515,1988,اسماعیل آقا محله,017589,6
13516,1988,اطرب,017590,6
13517,1988,الوکنده,017591,6
13518,1988,بایع کلا,017594,6
13519,1988,بهزادکلا,017596,6
13520,1988,تازه آباد بستان خیل,017599,6
13521,1988,تازه آباد کلا,017600,6
13522,1988,خورشید,017605,6
13523,1988,دوقانلو,017611,6
13524,1988,سیاوش کلا,017615,6
13525,1988,شهاب الدین,017617,6
13526,1988,طوس کلا,017618,6
13527,1988,گیل آباد,017629,6
13528,1988,نیم چاه,017637,6
13529,1988,ولاشد,017638,6
13530,1988,امامیه,017640,6
13531,1988,چمان,019875,6
13532,1988,حاجی محله,019876,6
13533,1988,نودهک,019915,6
13534,1988,ولاشد پایین,321099,6
13535,1988,مجتمع مسکونی شهید عباسپور,325401,6
13536,1989,ابلو,017586,6
13537,1989,اجند,017587,6
13538,1989,اسکاردین,017588,6
13539,1989,چالوپل,017601,6
13540,1989,خانه سر,017603,6
13541,1989,دوراب,017610,6
13542,1989,شوراب سر,017616,6
13543,1989,کلت,017621,6
13544,1989,کمیشان,017622,6
13545,1989,گل چال سر,017625,6
13546,1989,گل خیل,017626,6
13547,1989,لاک تراشان,017631,6
13548,1989,ملیج گاله,017633,6
13549,1989,میان گاله,017635,6
13550,1989,نداف خیل,017636,6
13551,1989,چوپان بنه اجند,321121,6
13552,1989,چناربن,321139,6
13553,1989,درزی محله,325415,6
13554,1990,ارم,019215,6
13555,1990,اریم,019216,6
13556,1990,استخر پشت,019217,6
13557,1990,اسماعیل محله,019218,6
13558,1990,ایویم,019222,6
13559,1990,پجت,019229,6
13560,1990,تلم,019231,6
13561,1990,چرمی,019236,6
13562,1990,حسین آباد,019239,6
13563,1990,درم,019240,6
13564,1990,درزی کلا,019241,6
13565,1990,رودبار محله,019244,6
13566,1990,سارم,019247,6
13567,1990,سفیدکوه,019250,6
13568,1990,سنگر,019253,6
13569,1990,سوچلما,019255,6
13570,1990,سیکا,019258,6
13571,1990,شیت,019259,6
13572,1990,کچب محله,019262,6
13573,1990,کفرات,019264,6
13574,1990,مرس بزرگ,019272,6
13575,1990,مرس کوچک,019273,6
13576,1990,تعمیرگاه نکاچوب,320989,6
13577,1991,پوروا,017598,6
13578,1991,چلمردی,017602,6
13579,1991,خیراباد,017606,6
13580,1991,درویشان,017607,6
13581,1991,سفل میان,017613,6
13582,1991,کرداب,017619,6
13583,1991,ملاخیل پوروا,017634,6
13584,1991,درمزار,017714,6
13585,1991,زنگت علیا,017716,6
13586,1991,زنگت سفلی,017717,6
13587,1991,لترگاز علیا,017732,6
13588,1991,لیمونده,017734,6
13589,1991,آب چین,017867,6
13590,1991,ارزک,017868,6
13591,1991,زیارت کلا,017879,6
13592,1991,سوته خیل,017880,6
13593,1991,شیرکلا,017883,6
13594,1991,کفکور,017885,6
13595,1991,کلارودبار,017886,6
13596,1991,لایی پاسند,017888,6
13597,1991,لایی رودبار,017889,6
13598,1991,محسن آباد,017890,6
13599,1991,ملاخیل لایی,017892,6
13600,1991,واحد بهره برداری شماره 4 نکا چوب,017893,6
13601,1991,واودین,017894,6
13602,1991,اکرد,019220,6
13603,1991,بادابسر,019223,6
13604,1991,برمازارم رود,019225,6
13605,1991,بندبن,019227,6
13606,1991,تجرخیل,019230,6
13607,1991,حسین آباد,019233,6
13608,1991,چمازده,019237,6
13609,1991,چناربن,019238,6
13610,1991,لترگاز سفلی,019243,6
13611,1991,زروم,019245,6
13612,1991,سورک,019256,6
13613,1991,سید خیل,019257,6
13614,1991,فریمک,019261,6
13615,1991,نوده,019275,6
13616,1991,ورفام,019277,6
13617,1991,ولامده,019279,6
13618,1991,ولادیمه,019280,6
13619,1991,مزرعه زارم رود,320875,6
13620,1991,دکل مخابرات,325465,6
13621,1992,اکبرآباد بالا,023301,6
13622,1992,اکبرآباد پایین,023302,6
13623,1992,پل کرات,023309,6
13624,1992,تازه آباد,023311,6
13625,1992,تجنکلا سفلی,023312,6
13626,1992,تجنکلا علیا,023313,6
13627,1992,چنس,023315,6
13628,1992,حسین آباد سفلی,023316,6
13629,1992,حسین آباد علیا,023317,6
13630,1992,زوات غرب,023322,6
13631,1992,زوات شرق,023323,6
13632,1992,سرچشمه,023324,6
13633,1992,سینوا,023329,6
13634,1992,شهرارا,023330,6
13635,1992,طلاجو,023331,6
13636,1992,عرب خیل,023333,6
13637,1992,علی آباد چالوس,023335,6
13638,1992,اکبرآباد چالوس,023337,6
13639,1992,مازوپشته,023343,6
13640,1992,محمدآباد,023344,6
13641,1992,دارکلا علیا,023353,6
13642,1992,پذیرایی اقامتی چالوس,324688,6
13643,1992,پلیس راه چالوس کرج,324690,6
13644,1992,مجتمع مسکونی شهید توپا ابراهیمی,324698,6
13645,1992,مهدی آباد,325630,6
13646,1992,سینوا چشمه,325631,6
13647,1993,اوجا کله,023300,6
13648,1993,آهنگرکلا,023305,6
13649,1993,پیچده,023310,6
13650,1993,سردابرود,023325,6
13651,1993,سیب ده,023328,6
13652,1993,کریم آباد,023338,6
13653,1993,کلاچان,023339,6
13654,1993,گیل کلا,023342,6
13655,1993,میانده,023346,6
13656,1993,میانکی,023347,6
13657,1993,نجارکلا,023348,6
13658,1993,نعمت آباد,023349,6
13659,1993,شهرک شهید رجایی,324697,6
13660,1993,شهرک نمک آبرود,325629,6
13661,1993,عباس کلا,802037,6
13662,1994,آغوزداربن,023411,6
13663,1994,ازار,023412,6
13664,1994,بامشی پشته,023413,6
13665,1994,برار,023414,6
13666,1994,بلبل کوه,023415,6
13667,1994,بنفشه ده,023416,6
13668,1994,به کله,023417,6
13669,1994,بیری,023418,6
13670,1994,پردن گون,023419,6
13671,1994,چلاجور,023420,6
13672,1994,حریث,023421,6
13673,1994,خشکدره,023422,6
13674,1994,دیمو,023423,6
13675,1994,سرکا,023425,6
13676,1994,سمای,023426,6
13677,1994,سنار سفلی,023427,6
13678,1994,سنار علیا,023428,6
13679,1994,سنگ سرک,023429,6
13680,1994,سیرگاه,023431,6
13681,1994,شهرستان,023432,6
13682,1994,شهری,023433,6
13683,1994,کلاک,023435,6
13684,1994,گلامره,023436,6
13685,1994,کنس مال,023437,6
13686,1994,گرمابک,023438,6
13687,1994,گوهرکلا,023439,6
13688,1994,لورچال,023442,6
13689,1994,نرگیسان,023449,6
13690,1994,دریاچه ولشت,023450,6
13691,1994,راوه,023452,6
13692,1994,لله بیجار,023709,6
13693,1994,میدان تیر پادگان مرزن آباد,324679,6
13694,1994,گل کاه,324680,6
13695,1994,سنگ جار,324744,6
13696,1994,گویتر,325632,6
13697,1995,رزان,023424,6
13698,1995,سید کلامسر,023430,6
13699,1995,لیکر,023443,6
13700,1995,ماسال,023444,6
13701,1995,متکا رودبار,023445,6
13702,1995,مرادچال,023446,6
13703,1995,میانک,023447,6
13704,1995,میچکار,023448,6
13705,1995,الیت,023551,6
13706,1995,انگوران,023552,6
13707,1995,بیجده نو,023553,6
13708,1995,پولادکوه,023554,6
13709,1995,پولادکوه سر,023555,6
13710,1995,تله,023556,6
13711,1995,چاک بزه,023557,6
13712,1995,چال زمین,023558,6
13713,1995,چهار باغ,023559,6
13714,1995,دزماکتی,023560,6
13715,1995,دلیر,023561,6
13716,1995,ده شهر,023562,6
13717,1995,دهنار,023563,6
13718,1995,ساتره,023564,6
13719,1995,سرچشمه,023565,6
13720,1995,طویر,023566,6
13721,1995,فشکور,023567,6
13722,1995,کتیر,023568,6
13723,1995,کنس دره,023569,6
13724,1995,گیجان,023570,6
13725,1995,مچر,023571,6
13726,1995,مرس,023572,6
13727,1995,مکار,023573,6
13728,1995,ناتر,023574,6
13729,1995,نوکرس,023575,6
13730,1995,واسپول,023576,6
13731,1995,هلی هشت سام,023577,6
13732,1995,معدن ایران باریت,023578,6
13733,1995,الامل,023605,6
13734,1995,پل اوشن,023606,6
13735,1995,پل زنگوله,023607,6
13736,1995,خاکک,023609,6
13737,1995,دزدبند,023610,6
13738,1995,سیاه بیشه,023611,6
13739,1995,صیدخانه سر,023612,6
13740,1995,کلارک,023613,6
13741,1995,گرم رودبار,023614,6
13742,1995,مکارود,023615,6
13743,1995,ورکلا,023616,6
13744,1995,ولی آباد,023617,6
13745,1995,هریجان,023618,6
13746,1995,اشکارلت,023683,6
13747,1995,اشیر,023684,6
13748,1995,باندر سفلی,023685,6
13749,1995,باندر علیا,023686,6
13750,1995,پنجک,023689,6
13751,1995,پی رجه,023690,6
13752,1995,کریم آباد,023702,6
13753,1995,کل پشت,023703,6
13754,1995,لاروسر,023710,6
13755,1995,میجلار,023712,6
13756,1995,ولشت,023716,6
13757,1995,علی آباد,324704,6
13758,1995,پوستین آباد,324718,6
13759,1995,مرگن,325431,6
13760,1995,خارص,325657,6
13761,1995,کندوان,325659,6
13762,1995,لارک,325727,6
13763,1996,بیکارایش,020897,6
13764,1996,پطرود,020903,6
13765,1996,تلنار,020908,6
13766,1996,علی کلا,020940,6
13767,1996,کردکلا,020943,6
13768,1996,گل محله,020949,6
13769,1996,میان ملک,020961,6
13770,1996,چرخ کتی,325519,6
13771,1997,انارمرز,020890,6
13772,1997,انبارسر,020891,6
13773,1997,پایین ذغال منزل,020898,6
13774,1997,دونچال,020919,6
13775,1997,گلدشت,020950,6
13776,1997,لپو صحرا,020952,6
13777,1997,لاک دشت,020955,6
13778,1997,میستان,020963,6
13779,1997,نفت چال,020965,6
13780,1997,شیلات چیکرود,325521,6
13781,1998,اسماعیل کلاکوچک,020826,6
13782,1998,فرج آباد,020844,6
13783,1998,فوتم سفلی,020845,6
13784,1998,فوتم علیا,020846,6
13785,1998,کله بن,020848,6
13786,1998,ازان,020884,6
13787,1998,اسماعیل کلا بزرگ,020887,6
13788,1998,بیزکی,020896,6
13789,1998,چلمیان,020911,6
13790,1998,حاجی کلا,020914,6
13791,1998,دیوکلا الیمون,020921,6
13792,1998,سروکلا,020927,6
13793,1998,شهنه کلا,020932,6
13794,1998,شیب آب بندان,020933,6
13795,1998,سید کلا,020935,6
13796,1998,کوکنده,020945,6
13797,1998,میانده,020962,6
13798,1998,چفت سر ملاقنبر,596134,6
13799,1998,الیمون,802014,6
13800,1998,کفشگر کلا,802038,6
13801,1999,آزادبن,020883,6
13802,1999,آستانه سر,020886,6
13803,1999,پهناب محله,020905,6
13804,1999,چهارطاقبن,020913,6
13805,1999,درکاسر,020917,6
13806,1999,درویش محمد شاه,020918,6
13807,1999,زیارمحله,020923,6
13808,1999,سراج محله,020926,6
13809,1999,سید زین العابدین,020929,6
13810,1999,شاهرضا محله,020930,6
13811,1999,شورکا,020931,6
13812,1999,طالش محله,020937,6
13813,1999,قوشچی محله,020941,6
13814,1999,کیامحله,020947,6
13815,1999,گلیرد,020951,6
13816,1999,ماندی محله,020956,6
13817,1999,محله کلا,020957,6
13818,1999,واسوکلا,020967,6
13819,1999,ترک محله,322812,6
13820,1999,قادی محله,322818,6
13821,1999,صفرخیل,322827,6
13822,1999,عشیره سر,325736,6
13823,2000,امامزاده محمود,020889,6
13824,2000,پایین زرین کلا,020901,6
13825,2000,پلاژ ذوب آهن,020904,6
13826,2000,خرده لاریم,020916,6
13827,2000,لاریم دهنه,020954,6
13828,2001,ایزدخیل,020892,6
13829,2001,بالازرین کلا,020894,6
13830,2001,چوباغ,020912,6
13831,2001,رنگریز محله,020922,6
13832,2001,عروس کتی,020938,6
13833,2001,علی آباد,020939,6
13834,2001,کردخیل,020942,6
13835,2001,مشک آباد بالا,020958,6
13836,2001,مشک آباد پایین,322738,6
13837,2001,مهرآباد چفت سر,325520,6
13838,2001,آباده,802002,6
13839,2002,تیرتاش,017490,6
13840,2002,تیله نو,017491,6
13841,2002,ریحان آباد,017493,6
13842,2002,سراج محله,017494,6
13843,2002,شرکت تعاونی ماهیگیران توماجلر,017796,6
13844,2002,لمراسک,325366,6
13845,2003,سنگ یابسر,017463,6
13846,2003,قلعه پایان,017467,6
13847,2003,مهدی رجه,017469,6
13848,2003,ولمازو,017498,6
13849,2003,چهارکومه میان قلعه,017787,6
13850,2003,شرکت تعاونی ماهیگیران پره چاریقلی,017797,6
13851,2003,شرکت کشاورزی و دامپروری ران,320828,6
13852,2003,دامداری حاج عزیز مجریان,321088,6
13853,2003,دامداری رمضان مجریان,321089,6
13854,2003,دامداری حاج عزت مجریان,321090,6
13855,2003,دامداری حاج خیراله مجریان,321093,6
13856,2003,کومه میان قلعه,325345,6
13857,2004,نصرت آباد,017496,6
13858,2004,آغوزدره,017699,6
13859,2004,بارکلا,017706,6
13860,2004,چین پارچ,017713,6
13861,2004,دهی,017715,6
13862,2004,کلکت,017726,6
13863,2004,لت کومه,017731,6
13864,2004,مصیب محله,017735,6
13865,2004,نیالا,017736,6
13866,2004,وزوار,017737,6
13867,2004,ویوا,017739,6
13868,2004,هم چان,017740,6
13869,2004,اوارد,017869,6
13870,2004,رمدان,017876,6
13871,2004,دکل مخابراتی,325467,6
13872,2005,خورشیدکلا,017492,6
13873,2005,نظام محله,017497,6
13874,2005,کومه چالاش,017561,6
13875,2005,صیدگاه میان قلعه,017792,6
13876,2005,شرکت تعاونی ماهیگیران پره مختومقلی,017807,6
13877,2005,کومه نیاز آباد,017808,6
13878,2005,استراحتگاه صیادان,321091,6
13879,2005,دامداری رضا سادات حسینی,321092,6
13880,2005,دامداری محسن حسینی,321094,6
13881,2005,دامداری اکبر جهانشاهی,321095,6
13882,2005,پایگاه محیط زیست میان قلعه,325382,6
13883,2005,تپه,325466,6
13884,2006,ازباران,015551,6
13885,2006,بنه کنار,015555,6
13886,2006,شیرا,015577,6
13887,2006,شهرک فرزاد شهر,015768,6
13888,2006,مهلبان,015831,6
13889,2007,کوچک بیشه محله,015557,6
13890,2007,نوایی محله,015598,6
13891,2007,پایین نوایی محله,325595,6
13892,2008,حیدرکلا,015825,6
13893,2008,سوته,015826,6
13894,2008,فرم,015827,6
13895,2008,ملاکلا,015829,6
13896,2008,شهرک خزر شهر,015856,6
13897,2008,شهرک دریاسر,015858,6
13898,2008,اسلام آباد,015867,6
13899,2009,بی نمد,015150,6
13900,2009,توله سرا,015157,6
13901,2009,جزین,015160,6
13902,2009,بزرگ بیشه محله,015556,6
13903,2009,کلاگرسرا,015828,6
13904,2009,منقارپی,015830,6
13905,2009,اوکسر کریم کلا,016912,6
13906,2009,زاهدکلا,016936,6
13907,2009,اسبوکلا کریم کلا,324827,6
13908,2010,حمزه آباد,018520,6
13909,2010,بااوج خیل,018521,6
13910,2010,حیدرآباد,018524,6
13911,2010,خشکلا,018525,6
13912,2010,دراسرا,018526,6
13913,2010,سرلنگا,018527,6
13914,2010,شجاع محله,018529,6
13915,2010,طالش خیل,018530,6
13916,2010,خضرآباد,018531,6
13917,2010,کاظم کلا,018532,6
13918,2010,سجادیه,018533,6
13919,2010,گرداب,018534,6
13920,2010,ماشا الله آباد,018536,6
13921,2010,مشهدی سرا,018537,6
13922,2010,سید محله,321382,6
13923,2010,پلنگ کلا,325432,6
13924,2010,زیارت ور,325445,6
13925,2010,کلاکرده,325724,6
13926,2011,پرچور,018522,6
13927,2011,هردوابرود,018538,6
13928,2011,امام دشت,018559,6
13929,2011,پسنده علیا,018561,6
13930,2011,سرتاکرات,018574,6
13931,2011,سی بن,018578,6
13932,2011,ولیکستان,018588,6
13933,2011,کاظم آباد,325446,6
13934,2012,تازه آباد,018298,6
13935,2012,تیلاکنار,018300,6
13936,2012,جیسا دانیال,018301,6
13937,2012,جیسا خضرآباد,018302,6
13938,2012,دانیال,018305,6
13939,2012,کراتکوتی,018307,6
13940,2012,گرجی سرا,018308,6
13941,2012,سلامت سرا,325443,6
13942,2012,شهرک صنعتی,325444,6
13943,2012,چاری,802033,6
13944,2013,اسپی رود,018296,6
13945,2013,جیسا کلارآباد,018303,6
13946,2013,چارز,018304,6
13947,2013,یالبندان,018312,6
13948,2013,یالبندان سرا,018313,6
13949,2013,گل کوه,802036,6
13950,2014,تیلورسر شرقی,018299,6
13951,2014,سی سرا,018306,6
13952,2014,گلور بالا,018309,6
13953,2014,نارنج بندبن,018310,6
13954,2014,تسکاسون,802029,6
13955,2014,اسپه سر,802030,6
13956,2015,اسرم,019858,6
13957,2015,پیله کوه,019873,6
13958,2015,جامخانه,019874,6
13959,2015,صفرآباد,325402,6
13960,2016,بازیارخیل,019224,6
13961,2016,جناسم,019232,6
13962,2016,سرتا,019248,6
13963,2016,سنه کوه,019254,6
13964,2016,موسی کلا,019274,6
13965,2016,وارمی,019276,6
13966,2016,انجیل نسام,019860,6
13967,2016,اوسا,019861,6
13968,2016,بادله,019863,6
13969,2016,دارابکلا,019878,6
13970,2016,کیاپی,019904,6
13971,2016,لالیم,019906,6
13972,2016,مرسم,019909,6
13973,2016,مزرعه صلات,321584,6
13974,2016,نگهبانی و کارگاه,321587,6
13975,2016,مجتمع مسکونی سیمان,325482,6
13976,2016,مجتمع مسکونی نکا چوب,325483,6
13977,2017,بیشه سر,019868,6
13978,2017,پلنگ آزاد,019870,6
13979,2017,زاری محله,019881,6
13980,2017,زیت سفلی,019884,6
13981,2017,زیت علیا,019885,6
13982,2017,اسلام آباد,019890,6
13983,2017,شرکت سهامی زراعی دشت ناز,019891,6
13984,2017,شهریارکنده,019893,6
13985,2017,فرودگاه دشت ناز,325377,6
13986,2017,کارخانه پلاستیک سازی,325379,6
13987,2017,شرکت سردخانه سام,325380,6
13988,2017,شرکت نکاچوب,325381,6
13989,2017,محمدآباد,325481,6
13990,2018,برگه,017523,6
13991,2018,چمازتپه,019857,6
13992,2018,اناردین,019859,6
13993,2018,دلمرز,019879,6
13994,2018,عزت الدین,019897,6
13995,2018,ولوجا,019919,6
13996,2018,محمدآباد,321633,6
13997,2018,تجن لته علیا,321634,6
13998,2018,تجن لته سفلی,321635,6
13999,2018,تازه آباد سپاه,321904,6
14000,2018,حسن آباد,325480,6
14001,2018,قاسم آباد,325486,6
14002,2019,بزمین آباد,019867,6
14003,2019,سوربن,019887,6
14004,2019,سیاه چنار,019889,6
14005,2019,عباس آباد هلوم سر,019896,6
14006,2019,قاجارخیل خورندی,019899,6
14007,2019,قندارخیل,019901,6
14008,2019,ماکران,019907,6
14009,2019,ورکلا,019916,6
14010,2019,ورندان,019917,6
14011,2019,باغ وحش,321615,6
14012,2019,گاوداری 1200 راسی مهدشت,321616,6
14013,2019,آسیابسر,321653,6
14014,2020,بالا دسته رکن کلا,020893,6
14015,2020,ملاکلا,020959,6
14016,2020,نجارکلا جدید,020964,6
14017,2021,برجی خیل,020895,6
14018,2021,پایین دسته رکن کلا,020900,6
14019,2021,پهناجی,020906,6
14020,2021,تنبلا,020909,6
14021,2021,جمال کلا,020910,6
14022,2021,دینه سر رکن کلا,020920,6
14023,2022,آهنگرکلا,016849,6
14024,2022,پازیک خیل,020829,6
14025,2022,سمنا کلا,020837,6
14026,2022,سنگتاب,020838,6
14027,2022,تالار پشت,020843,6
14028,2022,گوشیکلا,020849,6
14029,2022,مری,020852,6
14030,2022,نجارکلا قدیم,020853,6
14031,2022,سالدوزکلا بالا,020924,6
14032,2022,موسی کلا,020960,6
14033,2022,قجرتپه,322667,6
14034,2022,سبزی باغ,802005,6
14035,2023,اخته چی,020825,6
14036,2023,خراط کلا,020830,6
14037,2023,رضوانکلا,020835,6
14038,2023,زیارکلا,020836,6
14039,2023,شیرخوارکلا,020841,6
14040,2023,صلحدارکلا,020842,6
14041,2023,کارتیج کلا,020847,6
14042,2023,گوشتی کلا,020850,6
14043,2023,لاله زارکتی,020851,6
14044,2024,آبدنگسر,020244,6
14045,2024,آهنگرکلا,020246,6
14046,2024,پادگان نظامی شیرگاه,020252,6
14047,2024,تپه سر,020253,6
14048,2024,چالی,020255,6
14049,2024,شیرجه کلا,020260,6
14050,2024,کلیج خیل,020263,6
14051,2024,نواباد,020266,6
14052,2024,اسلام آباد,325542,6
14053,2025,اسبوکلا,020330,6
14054,2025,افراسی,020331,6
14055,2025,امیرکلا,020332,6
14056,2025,اوبن,020333,6
14057,2025,بورخانی,020334,6
14058,2025,پاشاکلا,020335,6
14059,2025,تمر,020336,6
14060,2025,غوزک رودبار,020337,6
14061,2025,چاکسرا,020339,6
14062,2025,حاجیکلا,020340,6
14063,2025,درزیکلا,020341,6
14064,2025,دهکلان,020342,6
14065,2025,ریکو,020343,6
14066,2025,رییس کلا,020344,6
14067,2025,سنگسی,020345,6
14068,2025,شارقلت,020346,6
14069,2025,امام کلا,020347,6
14070,2025,عالمکلا,020348,6
14071,2025,کفاک,020349,6
14072,2025,کالی کلا,020350,6
14073,2025,گالش کلا,020351,6
14074,2025,گشنیان,020352,6
14075,2025,مرزیدره,020354,6
14076,2025,میرارکلا,020355,6
14077,2025,نفت چال,020356,6
14078,2025,لودشت,325347,6
14079,2025,آغوزبن,325540,6
14080,2025,خرکاک,325726,6
14081,2026,اندرکلی,020245,6
14082,2026,برنجستانک,020249,6
14083,2026,بشل,020250,6
14084,2026,چاکسر,020254,6
14085,2026,مهدی آباد,020257,6
14086,2026,چایباغ,020264,6
14087,2026,یاغکوه,020268,6
14088,2026,پادگان شهید یونسی بختونکلا,322310,6
14089,2026,دفتر نظارت صنایع چوب و کاغذ,322312,6
14090,2026,رضاآباد,325272,6
14091,2026,ترک سرا,325273,6
14092,2026,شهرک صنعتی بشل,325405,6
14093,2027,ایوک,020247,6
14094,2027,بازیرکلا,020248,6
14095,2027,بورخیل,020251,6
14096,2027,حاجی کلا,020256,6
14097,2027,فرامرز کلا,020261,6
14098,2027,کتی لته,020262,6
14099,2027,منگل,020265,6
14100,2027,هتکه لو,020267,6
14101,2028,کلنو,023434,6
14102,2028,لرگان,023441,6
14103,2028,پی قلعه,023498,6
14104,2028,شکرکوه,023501,6
14105,2028,تبرسو,023503,6
14106,2028,اسپندکلا,023505,6
14107,2028,کردیچال,023507,6
14108,2028,کلی چال,023508,6
14109,2028,کلمه,023509,6
14110,2028,کوهپر,023510,6
14111,2028,والت,023517,6
14112,2028,هلیستان,023520,6
14113,2028,بشی دره,023522,6
14114,2028,خربزه چال,324722,6
14115,2029,اطاق سرا,023492,6
14116,2029,اکاپل,023493,6
14117,2029,اویجدان,023494,6
14118,2029,بازارسر,023495,6
14119,2029,پیشنبور,023496,6
14120,2029,پیمبور,023497,6
14121,2029,تلوچال,023499,6
14122,2029,طایب کلا,023502,6
14123,2029,طویدره,023504,6
14124,2029,کردمحله,023506,6
14125,2029,لش سر,023512,6
14126,2029,مکارود,023515,6
14127,2029,واحد,023516,6
14128,2029,واندارین,023518,6
14129,2029,ونه نو,023519,6
14130,2029,دامداری صفاریها,032542,6
14131,2029,معدن سرب گوریت,324726,6
14132,2029,دامداری داودی,325430,6
14133,2030,ارپالیق,026000,6
14134,2030,سراجلو/ سوروجر,026023,6
14135,2030,شیخ احمد,026027,6
14136,2030,ابریق,026681,6
14137,2030,ابللو,026682,6
14138,2030,اذغان,026685,6
14139,2030,آقاکندی,026688,6
14140,2030,اورنگ,026702,6
14141,2030,برمس,026707,6
14142,2030,تازه کند چلان,026719,6
14143,2030,تازه کند مسقران,026722,6
14144,2030,چلان,026733,6
14145,2030,دوپیق,026749,6
14146,2030,دغلیان پایین,026750,6
14147,2030,دغلیان بالا,026751,6
14148,2030,رشت آباد جدید,026759,6
14149,2030,رشت آباد قدیم,026760,6
14150,2030,رواسجان,026761,6
14151,2030,زنگ ملک,026771,6
14152,2030,علیرضا چای,026794,6
14153,2030,کسانق,026828,6
14154,2030,گلوجه ابللو,026838,6
14155,2030,کنگل آباد,026843,6
14156,2030,محمودآباد,026851,6
14157,2030,نهار,026867,6
14158,2030,هلان,026870,6
14159,2030,لامان,027217,6
14160,2031,انجرد,026698,6
14161,2031,بینق,026710,6
14162,2031,پسته بیگ لو,026714,6
14163,2031,جوان شیخ,026726,6
14164,2031,جوبند,026727,6
14165,2031,چاپان,026728,6
14166,2031,چوبانلار,026735,6
14167,2031,حاجی علی بیگ کندی,026738,6
14168,2031,زگلیک سفلی,026765,6
14169,2031,زگلیک علیا,026766,6
14170,2031,زندآباد,026769,6
14171,2031,سامبران,026778,6
14172,2031,شیرین درق,026789,6
14173,2031,صومعه,026791,6
14174,2031,قلعه ملک,026818,6
14175,2031,قلندر,026819,6
14176,2031,قورشاقلو,026821,6
14177,2031,کردلقان,026826,6
14178,2031,کوسالار,026833,6
14179,2031,گاودل,026835,6
14180,2031,گنداب,026841,6
14181,2031,مزرعه مزارع,026856,6
14182,2031,مصطفی چای,026857,6
14183,2031,ونه آباد,026869,6
14184,2031,یاغ بستلو,026871,6
14185,2031,یخفروزان,026874,6
14186,2031,علیرضا کندی,330427,6
14187,2031,معدن سنگ مزارع,333287,6
14188,2032,الپاویت,026689,6
14189,2032,المان جدید,026691,6
14190,2032,ال مان قدیم,026692,6
14191,2032,تازه کند طهماسب,026721,6
14192,2032,جالیق,026723,6
14193,2032,خضرکندی,026743,6
14194,2032,داشلوجه,026746,6
14195,2032,دهستان,026754,6
14196,2032,دیزج تلخاج,026756,6
14197,2032,دیزج جالو,026757,6
14198,2032,رزین,026758,6
14199,2032,ریحان,026762,6
14200,2032,زرگر,026764,6
14201,2032,سرقین,026779,6
14202,2032,شله بران,026784,6
14203,2032,طویله شامی,026793,6
14204,2032,علی آباد,026795,6
14205,2032,قره بورون,026804,6
14206,2032,کردلر,026825,6
14207,2032,کقالق,026829,6
14208,2032,کلهور,026831,6
14209,2032,گرنگاه,026837,6
14210,2032,مرده کتان,026852,6
14211,2032,ینگجه,026875,6
14212,2032,یوزبند/ یوزبنده,026877,6
14213,2033,ابراهیم کندی,026680,6
14214,2033,اشدلق,026703,6
14215,2033,ایلکده,026704,6
14216,2033,پیره یوسفیان,026715,6
14217,2033,چشمه وزان,026732,6
14218,2033,خرم آباد,026742,6
14219,2033,خونیق,026745,6
14220,2033,دامناب,026747,6
14221,2033,دایلار,026748,6
14222,2033,دیزبین,026755,6
14223,2033,زنجیربلاغ,026768,6
14224,2033,ساری یارقان,026774,6
14225,2033,قراجه,026800,6
14226,2033,قرخبلاغ,026802,6
14227,2033,قزلجه,026805,6
14228,2033,قورچی کندی,026820,6
14229,2033,کاشان,026822,6
14230,2033,کرداحمد سفلی,026823,6
14231,2033,کرداحمد علیا,026824,6
14232,2033,گلوجه مالالار,026830,6
14233,2033,گمیش آباد,026840,6
14234,2033,گنده یاماخ,026842,6
14235,2033,کوره درق,026846,6
14236,2033,گونجیک,026847,6
14237,2033,ملالار,026848,6
14238,2033,ملالار محمدرضا کندی,026849,6
14239,2033,مزرعه حاج عابدین,026854,6
14240,2033,وردین,026868,6
14241,2033,یایجیلو,026873,6
14242,2034,تاقلار,026718,6
14243,2034,کین آب/ چنابگو,026734,6
14244,2034,سیه دولان,026782,6
14245,2034,شیربیت,026788,6
14246,2034,آق بلاغ,027777,6
14247,2034,زردخانه,027791,6
14248,2034,قره گوزلو,027798,6
14249,2034,قوری گل,027800,6
14250,2034,کردلرترانچه,027801,6
14251,2034,گرده سنگ,027804,6
14252,2034,لیملو,027807,6
14253,2034,آرمدلو علیا,027864,6
14254,2034,الاصندل,027865,6
14255,2034,بلان,027867,6
14256,2034,ترانچه,027868,6
14257,2034,حسین کندی,027869,6
14258,2034,خرده قشلاق,027870,6
14259,2034,داش بلاغ,027871,6
14260,2034,داش بلاغ مغار,027872,6
14261,2034,داش قایه لی/ داش قاپه لی,027873,6
14262,2034,دره قشلاق سفلی,027874,6
14263,2034,دره قشلاق علیا,027875,6
14264,2034,دوشدور,027877,6
14265,2034,سوتات,027878,6
14266,2034,سید قشلاقی,027879,6
14267,2034,شوره ناب,027881,6
14268,2034,شیشه,027882,6
14269,2034,قره قشلاق,027883,6
14270,2034,قشلاق ذاخر,027884,6
14271,2034,قشلاق قلعه جیق,027885,6
14272,2034,قشلاق کهل,027886,6
14273,2034,گل لر,027887,6
14274,2034,قشلاق کنه لو,027888,6
14275,2034,کولی دره/ گوی دره,027889,6
14276,2034,مغار,027890,6
14277,2034,وجنی,027891,6
14278,2034,ورگهان,027892,6
14279,2034,هلان,027893,6
14280,2034,آرمدلو سفلی,330392,6
14281,2034,تازه کند,330393,6
14282,2034,داش کندی,330395,6
14283,2034,ترکلان,330398,6
14284,2035,بیدلو,026683,6
14285,2035,افیل,026686,6
14286,2035,آق دیوار,026687,6
14287,2035,الوار,026693,6
14288,2035,انباق جواد,026694,6
14289,2035,انباق حاجی خان,026695,6
14290,2035,انباق سرخای,026696,6
14291,2035,انباق علیا,026697,6
14292,2035,انداب جدید,026699,6
14293,2035,انداب قدیم,026700,6
14294,2035,باباجان,026705,6
14295,2035,بصیرآباد,026708,6
14296,2035,بهل,026709,6
14297,2035,قشلاق تاپدوغ,026717,6
14298,2035,تازه کند شاهوردی/ تازه کند,026720,6
14299,2035,چل قشلاقی,026737,6
14300,2035,حصار سیدلر,026739,6
14301,2035,خان ولی,026740,6
14302,2035,سیدلی,026741,6
14303,2035,دوغان,026753,6
14304,2035,ریحال,026763,6
14305,2035,ساری لار,026773,6
14306,2035,سیدلر,026781,6
14307,2035,شنقوش آباد,026785,6
14308,2035,عنبرلو,026798,6
14309,2035,قراجه لو,026801,6
14310,2035,قشلاق حاج احمد,026806,6
14311,2035,قشلاق حسین,026810,6
14312,2035,شاه وردی/ قشلاق شاهوردی,026812,6
14313,2035,قشلاق شامی,026813,6
14314,2035,قشلاق یوسفلو,026816,6
14315,2035,قلعه باشی,026817,6
14316,2035,گلیزه,026839,6
14317,2035,اولی خانلو/ ولی خانلو,026853,6
14318,2035,ملابیگلو,026859,6
14319,2035,ناظم آباد,026861,6
14320,2035,نقاره کوب جدید,026862,6
14321,2035,نقاره کوب قدیم,026863,6
14322,2035,یاورکندی,026872,6
14323,2035,یوزباشلو,026876,6
14324,2035,گوندوغدی,330325,6
14325,2035,مزرعه پهنلی,330327,6
14326,2035,چرچلی قشلاق,330336,6
14327,2035,مزرعه باباخان,333289,6
14328,2036,اللو,026690,6
14329,2036,باللی قشلاق,026706,6
14330,2036,پارچه قشلاق,026711,6
14331,2036,پارچه قشلاق,026712,6
14332,2036,پالدرن,026713,6
14333,2036,پیجیک,026716,6
14334,2036,جالیق,026724,6
14335,2036,جلایر,026725,6
14336,2036,خلفیان,026744,6
14337,2036,دمیرتپه,026752,6
14338,2036,زگلیک کوربلاغ,026767,6
14339,2036,ساری سولی,026772,6
14340,2036,سیدلی,026780,6
14341,2036,شاه مرادلو,026783,6
14342,2036,شیخ قشلاق سفلی,026786,6
14343,2036,شیخ قشلاق علیا,026787,6
14344,2036,صفی خانلو,026790,6
14345,2036,طرلان قشلاقی,026792,6
14346,2036,قره قشلاق,026799,6
14347,2036,قره باشماخ,026803,6
14348,2036,قشلاق جدید/ اوچ اغل,026807,6
14349,2036,قشلاق حاجیلار,026808,6
14350,2036,قشلاق حاج اوغلو,026809,6
14351,2036,قشلاق خیاللو,026811,6
14352,2036,قشلاق قهرمان,026814,6
14353,2036,قشلاق میدان باغی,026815,6
14354,2036,کرملو,026827,6
14355,2036,کوربلاغ,026832,6
14356,2036,کوسالار,026834,6
14357,2036,گاوسر,026836,6
14358,2036,گوروان بزرگ,026844,6
14359,2036,گوروان کوچک,026845,6
14360,2036,نقدوز,026864,6
14361,2036,قشلاق نجف خانلو,026865,6
14362,2036,یوسفلو,026878,6
14363,2036,شاه نظر,330337,6
14364,2037,الوار سفلی,029406,6
14365,2037,خواجه دیزج,029409,6
14366,2037,سهلان,029413,6
14367,2037,قزل دیزج,029414,6
14368,2037,باغ معروف,030061,6
14369,2037,مایان سفلی,030072,6
14370,2037,مایان علیا,030073,6
14371,2037,اوغلی,032194,6
14372,2037,فخرآباد,333298,6
14373,2037,شهرک صنعتی چرم شهر,803003,6
14374,2038,گمانج علیا,027120,6
14375,2038,گمانج سفلی,027121,6
14376,2038,گوی بلاغ بالا,027122,6
14377,2038,گوی بلاغ پایین,027123,6
14378,2038,مشیرآباد,027128,6
14379,2038,نصرت آباد/ قره قوزی,027131,6
14380,2038,آغاج اوغلی,027505,6
14381,2038,آقداش,027506,6
14382,2038,آسایشگاه بابا باغی,027507,6
14383,2038,سفیدان عتیق/ داش اسپران,027526,6
14384,2038,شیرینجه,027531,6
14385,2038,کردکندی,027536,6
14386,2038,گلوجه,027537,6
14387,2038,گلزار,027540,6
14388,2038,ینگی اسپران/ سفیدان جدید,027552,6
14389,2038,اولی,032195,6
14390,2038,کزنق/ کترنق,032217,6
14391,2038,نوروزآباد,330608,6
14392,2039,اسنجان,029380,6
14393,2039,انرجان,029381,6
14394,2039,زینجناب,029382,6
14395,2039,هزه بوران,029384,6
14396,2039,چاوان,030028,6
14397,2039,شادباد مشایخ,030033,6
14398,2039,کرجان,030070,6
14399,2039,ورنق,030075,6
14400,2040,بارانلو,029344,6
14401,2040,تازه کند,029347,6
14402,2040,قره تپه/ قشلاق قره تپه,029356,6
14403,2040,آخوله,029405,6
14404,2040,ساتللو,029412,6
14405,2040,نوجه ده,029419,6
14406,2040,سعید بیگ,330767,6
14407,2041,ینگی کندی,029358,6
14408,2041,اسپس,030059,6
14409,2041,رادار تبریز,030066,6
14410,2041,شیخ حسن,030067,6
14411,2041,قلعه چه,030068,6
14412,2041,نیروگاه حرارتی,030074,6
14413,2042,آرپا دره سی,029700,6
14414,2042,استیار,029702,6
14415,2042,اسکندر,029704,6
14416,2042,کلوکدرق,029740,6
14417,2042,گوار,029742,6
14418,2042,ملک کیان,029743,6
14419,2042,نعمت آباد,029745,6
14420,2042,باغ یعقوب,030027,6
14421,2042,دیزج لیلی خانی,030030,6
14422,2042,طویقون,030034,6
14423,2042,کندرود,030037,6
14424,2043,بیرق,029544,6
14425,2043,جانقور,029548,6
14426,2043,سفیده خوان/ اسپرج خوان,029556,6
14427,2043,لیقوان,029567,6
14428,2043,هروی,029572,6
14429,2043,حاج عبدال,030029,6
14430,2043,زرنق,030031,6
14431,2043,شادباد علیا,030032,6
14432,2044,ابرغان,030937,6
14433,2044,آغچه کند,030938,6
14434,2044,احمدآباد سفلی,030939,6
14435,2044,احمدآباد علیا,030940,6
14436,2044,آناقیز,030942,6
14437,2044,بافتان,030944,6
14438,2044,بهرمان,030946,6
14439,2044,چرلو,030947,6
14440,2044,چیچکلو,030948,6
14441,2044,داراب,030950,6
14442,2044,دامباران,030951,6
14443,2044,دولت آباد,030953,6
14444,2044,قارقا,030957,6
14445,2044,مردآباد/ قریق,030958,6
14446,2044,قزلجه اکراد,030959,6
14447,2044,قوشچی,030960,6
14448,2044,قوشه گنبد,030961,6
14449,2044,گل آباد/ منکرآباد,030964,6
14450,2044,جهیزدان,031072,6
14451,2044,دامنجان,031074,6
14452,2044,محسن آباد/ گاودوش آباد,031082,6
14453,2044,بالستان,031222,6
14454,2044,خاتون آباد,031227,6
14455,2044,قارخون,031231,6
14456,2044,قزل گچی,031233,6
14457,2044,مزرعه احدخان,331044,6
14458,2045,آغمیون,030993,6
14459,2045,اسفستان,030994,6
14460,2045,چله خانه,030997,6
14461,2045,سرخه ریز,031004,6
14462,2045,سندان,031006,6
14463,2045,سوین,031007,6
14464,2045,سهزاب,031008,6
14465,2045,صومعه زرین,031009,6
14466,2045,فرگوش,031011,6
14467,2045,اسلام آباد/ گرده مهین,031017,6
14468,2045,گلی,031019,6
14469,2045,تکلدان,031070,6
14470,2045,زیراسف,031076,6
14471,2045,گنبدان,031083,6
14472,2045,اسبگران,031163,6
14473,2045,ججو,031168,6
14474,2045,سنزیق,031175,6
14475,2045,شوره دل,031177,6
14476,2045,طاران,031179,6
14477,2045,کادیجان,031182,6
14478,2045,دیزج میرزا حسن,264033,6
14479,2045,فسروان,264034,6
14480,2046,اسبفروشان,031062,6
14481,2046,اشتجران,031063,6
14482,2046,اله حق,031064,6
14483,2046,اندراب,031065,6
14484,2046,اوغان,031066,6
14485,2046,ایدرشان,031067,6
14486,2046,پرکاب,031068,6
14487,2046,بیجند,031069,6
14488,2046,تیرشاب,031071,6
14489,2046,حصار,031073,6
14490,2046,سرانسر,031077,6
14491,2046,سردها,031078,6
14492,2046,صومعه حق/ صومعه ملکشاه,031080,6
14493,2046,قشلاق,031081,6
14494,2046,نوجه ده,031086,6
14495,2046,مهین,031088,6
14496,2046,هریس,031089,6
14497,2046,هولیق,031090,6
14498,2046,جقر,264036,6
14499,2046,مقربه,264037,6
14500,2046,تازه کند,330947,6
14501,2047,آبرس,031123,6
14502,2047,اسبقران,031124,6
14503,2047,اسطلو/ اسطلو لجبین,031125,6
14504,2047,چه گوش,031126,6
14505,2047,حسنجان کوه,031127,6
14506,2047,دیزج سفید,031128,6
14507,2047,دیزج عظیم,031129,6
14508,2047,رازلیق,031130,6
14509,2047,شیرمردان,031131,6
14510,2047,شیره جین,031132,6
14511,2047,قزلقیه,031133,6
14512,2047,قلعه جوق,031134,6
14513,2047,قورخود,031135,6
14514,2047,کندوان,031136,6
14515,2047,گواشین,031137,6
14516,2047,میرکوه سفلی/ میرکوه حاجی,031138,6
14517,2047,میرکوه علیا/ میرکوه سلطان,031139,6
14518,2047,میرکوه وسطی/ میرکوه علی میرزا,031140,6
14519,2047,دیزج میرهمای/ همای آباد,031141,6
14520,2047,انگیز,031221,6
14521,2047,بلاسجین,031223,6
14522,2047,پیرکمان,031224,6
14523,2047,چوللو,031225,6
14524,2047,چهرق,031226,6
14525,2047,ساری قیه,031229,6
14526,2047,شاللو,031230,6
14527,2047,قره قیه,031232,6
14528,2047,ینگجه,031235,6
14529,2047,دیزج غفار,331026,6
14530,2048,اورتاکند,025127,6
14531,2048,ساری قیه,025137,6
14532,2048,باشکند,025218,6
14533,2048,ایده لو,030995,6
14534,2048,تازه کند,030996,6
14535,2048,حیدرآباد,030998,6
14536,2048,خضرآباد,030999,6
14537,2048,دراب,031000,6
14538,2048,دکلانلو,031001,6
14539,2048,دیبکلو,031002,6
14540,2048,سقزچی,031005,6
14541,2048,صندوقلو,031010,6
14542,2048,قرخ بلاغ,031013,6
14543,2048,قره کانلو,031014,6
14544,2048,قره مسجد,031015,6
14545,2048,کلانتر علیا/ کلانتر غلام,031018,6
14546,2048,کلیان,031020,6
14547,2048,کلانتر سفلی/ کلانتر بابالو,031021,6
14548,2048,مشهدی کندی,031023,6
14549,2048,محمدکندی,031024,6
14550,2048,میدانجیق,031025,6
14551,2048,نشتبان,031026,6
14552,2048,امام چای,031165,6
14553,2048,زیری,031173,6
14554,2048,عسگرآباد,031181,6
14555,2048,منقوطای,031185,6
14556,2048,کاظم چایی,264030,6
14557,2048,بایندر,264031,6
14558,2049,دونیق,031075,6
14559,2049,شالقون,031079,6
14560,2049,هیروان,031091,6
14561,2049,اردها,031162,6
14562,2049,آقبلاغ بهمن,031164,6
14563,2049,جلده باخان,031169,6
14564,2049,حسنجان,031170,6
14565,2049,ایرج,031171,6
14566,2049,سلطان آباد,031174,6
14567,2049,شکردرق,031176,6
14568,2049,شیخ سرجین,031178,6
14569,2049,عبدالله آباد,031180,6
14570,2049,کوشنق,031183,6
14571,2049,ملایعقوب,031184,6
14572,2049,ناراب,031186,6
14573,2049,نرمیق,031187,6
14574,2049,وانق سفلی,031188,6
14575,2049,وانق علیا,031189,6
14576,2049,جندیل,330932,6
14577,2049,آغبلاغ,330939,6
14578,2050,اجیرآباد,030101,6
14579,2050,اردلان,030102,6
14580,2050,ارزنق,030103,6
14581,2050,اسنق,030105,6
14582,2050,بهمن آباد,030109,6
14583,2050,دیزج شور,030115,6
14584,2050,رجل آباد,030117,6
14585,2050,زنجیل آباد,030119,6
14586,2050,قیصریه/ قیصرق,030127,6
14587,2050,کیوج,030129,6
14588,2050,شادباغی,330973,6
14589,2051,اتمیان سفلی,030098,6
14590,2051,اتمیان علیا,030099,6
14591,2051,اتمیان وسطی,030100,6
14592,2051,اسداله کندی,030104,6
14593,2051,الان,030106,6
14594,2051,برآغوش,030108,6
14595,2051,تلخ آب,030111,6
14596,2051,جمال آباد,030112,6
14597,2051,دمیرچی,030113,6
14598,2051,دی جان,030114,6
14599,2051,دیلم شاه,030116,6
14600,2051,سیه دولان,030120,6
14601,2051,صومعه زرین,030122,6
14602,2051,قاسم کندی/ مزرعه گل کندی,030123,6
14603,2051,قره بلاغ,030124,6
14604,2051,قزلجه سادات,030126,6
14605,2051,نرمیق,030130,6
14606,2051,آقبلاغ/ آقبلاغ سامان کوه,031220,6
14607,2051,رزگاه,031228,6
14608,2051,گلوجه,031234,6
14609,2052,سرچشمه,029468,6
14610,2052,اسماعیل آباد,030941,6
14611,2052,ایوق,030943,6
14612,2052,برنج آباد,030945,6
14613,2052,خاکی,030949,6
14614,2052,دهدولان,030954,6
14615,2052,عباس آباد,030956,6
14616,2052,کهدلان,030962,6
14617,2052,لنجوان,030963,6
14618,2053,آقاجری,031461,6
14619,2053,آغبلاغ علمدار,031462,6
14620,2053,ایستگاه خواجه نصیر,031480,6
14621,2053,تازه کند علی آباد/ تازه کند قاسم خان,031492,6
14622,2053,چکان,031500,6
14623,2053,چوان باغ,031503,6
14624,2053,خلیفه کندی,031512,6
14625,2053,داش آتان,031513,6
14626,2053,دوه بوینی,031514,6
14627,2053,دیورزم/ دوه زیم,031515,6
14628,2053,سرگزه,031519,6
14629,2053,شلیلوند,031524,6
14630,2053,چوان علمدار/ علمدار,031531,6
14631,2053,علوکندی,031532,6
14632,2053,علی آباد,031534,6
14633,2053,قراتلو,031537,6
14634,2053,قرطاول,031539,6
14635,2053,قیه بلاغی,031547,6
14636,2053,کامل آباد,031548,6
14637,2053,کرج آباد,031549,6
14638,2053,کرده ده,031550,6
14639,2053,کهجوق,031553,6
14640,2053,کهلان,031555,6
14641,2053,گشایش,031556,6
14642,2053,گل,031557,6
14643,2053,گل تپه,031558,6
14644,2053,مغانجیق,031563,6
14645,2053,مردوق/ مردق,031565,6
14646,2053,میمونق,031570,6
14647,2053,هرق,031579,6
14648,2053,ینگجه,031582,6
14649,2053,گوی درق سفلی,031811,6
14650,2053,گوی درق علیا,031812,6
14651,2053,دربند,331235,6
14652,2054,اهق,031288,6
14653,2054,خرمازرد,031299,6
14654,2054,اسفستانج,031470,6
14655,2054,اشان,031471,6
14656,2054,ازبک,031476,6
14657,2054,تازه کند قشلاق,031493,6
14658,2054,چوان سفلی,031504,6
14659,2054,چوان علیا,031505,6
14660,2054,حاجی کرد,031507,6
14661,2054,سنوکش,031521,6
14662,2054,صومعه,031526,6
14663,2054,طالبخان,031529,6
14664,2054,علویان,031533,6
14665,2054,قره برقع,031540,6
14666,2054,قره کنه موسوی/ قرکند خطب,031542,6
14667,2054,قشلاق,031543,6
14668,2054,کهق,031554,6
14669,2054,نوا,031573,6
14670,2054,یای شهر/ یای شهری,031581,6
14671,2054,قوزلوجه,331238,6
14672,2054,اصفهانجیق,331240,6
14673,2054,بهنق,331241,6
14674,2054,خطب,331242,6
14675,2054,سعیدآباد,331243,6
14676,2054,هریس,331256,6
14677,2055,پادگان اسلامی امام رضا,031291,6
14678,2055,خانقاه,031295,6
14679,2055,سرج,031309,6
14680,2055,آغکند ثمرق,031467,6
14681,2055,تازه کند سفلی,031490,6
14682,2055,تازه کند علیا,031491,6
14683,2055,زنق,031516,6
14684,2055,قلعه خالصه,031545,6
14685,2055,نرج آباد,031571,6
14686,2055,ورجوی,031577,6
14687,2055,اکیس,031727,6
14688,2055,امیر,031728,6
14689,2055,تازه کند قره ناز,031745,6
14690,2055,چای باغی,031751,6
14691,2055,قره ناز سفلی,031793,6
14692,2055,قره ناز علیا,031794,6
14693,2055,قشلاق امیر,031795,6
14694,2055,موسی درق,031826,6
14695,2056,آغبلاغ فتوحی,031463,6
14696,2056,آغچه کهل,031464,6
14697,2056,آغچه دیزج,031465,6
14698,2056,اوخچی,031475,6
14699,2056,اوزون اوبه,031477,6
14700,2056,حاجی کندی,031508,6
14701,2056,ساری قیه,031517,6
14702,2056,سرکارآباد,031518,6
14703,2056,قراجه قیه,031538,6
14704,2056,قره کند,031541,6
14705,2056,قطان,031544,6
14706,2056,کوسه صفر,031552,6
14707,2056,گنجی,031562,6
14708,2056,ممه شیر,031567,6
14709,2056,مندل سر,031824,6
14710,2056,آغچه مشهد/ پسیانلو,331217,6
14711,2057,احمدآباد,031468,6
14712,2057,ارگون,031469,6
14713,2057,الماچوان,031473,6
14714,2057,ایستگاه خراجو,031479,6
14715,2057,بلوک آباد,031484,6
14716,2057,بیانلوچه,031486,6
14717,2057,پالچقلو,031488,6
14718,2057,تازه کند گل چوان/ تازه گند چلان,031489,6
14719,2057,جمال آباد,031495,6
14720,2057,جیران سفلی,031497,6
14721,2057,جیران علیا,031498,6
14722,2057,چلان سفلی,031501,6
14723,2057,چلان علیا,031502,6
14724,2057,شاه وردی کندی,031523,6
14725,2057,شیخجان,031525,6
14726,2057,صومعه سفلی,031527,6
14727,2057,صومعه علیا,031528,6
14728,2057,گلستان سفلی/ قاطرگوتورن سفلی,031535,6
14729,2057,گلستان علیا/ قاطرگوتورن علیا,031536,6
14730,2057,کرمجوان,031551,6
14731,2057,گلی کند,031559,6
14732,2057,گلچوان,031561,6
14733,2057,محسن آباد,031564,6
14734,2057,ملاقاسم,031566,6
14735,2057,مولوی سفلی,031568,6
14736,2057,مولوی علیا,031569,6
14737,2057,نصیرکندی,031572,6
14738,2057,یونجالو,037650,6
14739,2057,چبینلو,331312,6
14740,2057,تازه کنه گل جوان/ تازه کنه کهلان,331321,6
14741,2058,آغبلاغ سفلی,037564,6
14742,2058,آغبلاغ علیا,037565,6
14743,2058,اللو,037566,6
14744,2058,اورتا قشلاق سفلی,037568,6
14745,2058,اورتا قشلاق علیا/ اورتا قشلاق,037569,6
14746,2058,باداملو,037571,6
14747,2058,باغ یری,037572,6
14748,2058,بالی قیه,037573,6
14749,2058,بلبل,037576,6
14750,2058,تازه کند/ تازه کند عیدلو,037579,6
14751,2058,تازه کند نصیرپور,037580,6
14752,2058,جوکی بیژن,037584,6
14753,2058,جوکی تیمور,037585,6
14754,2058,جوکی محمدرضا,037586,6
14755,2058,جوکی وسطی,037587,6
14756,2058,جهانگیر کندی,037588,6
14757,2058,چاللو چلبیانلو,037589,6
14758,2058,چناقبلاغ سفلی,037591,6
14759,2058,چناقبلاغ علیا,037592,6
14760,2058,حاجی باقرکندی,037594,6
14761,2058,خطب سفلی/ خطب,037596,6
14762,2058,خطب علیا,037597,6
14763,2058,داش بلاغ بازار/ داش بلاغ,037600,6
14764,2058,دراج سفلی,037601,6
14765,2058,دراج علیا,037602,6
14766,2058,ساروجه,037604,6
14767,2058,ساری قشلاق سفلی,037605,6
14768,2058,ساری قشلاق علیا,037606,6
14769,2058,سید کندی,037609,6
14770,2058,شخته لو,037610,6
14771,2058,شیخلر سفلی,037615,6
14772,2058,شیخلر علیا,037616,6
14773,2058,شیرین کند,037617,6
14774,2058,عید لو,037619,6
14775,2058,فتح اله بلاغی,037620,6
14776,2058,قم تپه,037622,6
14777,2058,قره قلعه/ قلعه قلعه,037623,6
14778,2058,قواقلو/ قباخلی,037624,6
14779,2058,قوش قیه سی,037625,6
14780,2058,قوشه بلاغ,037626,6
14781,2058,قویون قشلاق,037628,6
14782,2058,قیزچه/ قینرچه,037629,6
14783,2058,کرگرتان/کورتان,037630,6
14784,2058,گویجه قملاق,037633,6
14785,2058,گونه باخان,037634,6
14786,2058,گویجه قلعه سفلی,037635,6
14787,2058,گویجه قلعه علیا,037636,6
14788,2058,لاله زار,037637,6
14789,2058,مولو,037638,6
14790,2058,مین باش حصارلو,037639,6
14791,2058,یله قارشو سفلی,037647,6
14792,2058,یله قارشو علیا,037648,6
14793,2058,یگورگ,037649,6
14794,2058,چاللو بادیانلو/ چاللو نصیرپور,331160,6
14795,2059,اردکلو,032074,6
14796,2059,اسداغی,032077,6
14797,2059,جواش,032094,6
14798,2059,گوشه درق,032121,6
14799,2059,النجق,032190,6
14800,2059,دوگیجان,032202,6
14801,2059,زرغان,032204,6
14802,2059,قینر,032211,6
14803,2059,مجیدآباد,032219,6
14804,2059,نوجه ده درق,032224,6
14805,2060,ابرغان,032072,6
14806,2060,بنگین,032087,6
14807,2060,تازه کند آخوند,032092,6
14808,2060,دولت آباد,032097,6
14809,2060,ساری تپه,032103,6
14810,2060,کوهناب,032116,6
14811,2060,نوجه ده شیخلر,032126,6
14812,2060,هوجقان,032128,6
14813,2060,مجتمع کوره های آجرپزی,333309,6
14814,2061,کوه کمر,027303,6
14815,2061,هریس,027324,6
14816,2061,چرچر,032264,6
14817,2061,درق,032265,6
14818,2061,زمهریر,032266,6
14819,2061,زنوزق,032267,6
14820,2061,گله خانه,032268,6
14821,2062,سگبان/ سیوان,029957,6
14822,2062,انامق,032078,6
14823,2062,بخش کند,032085,6
14824,2062,بهرام,032088,6
14825,2062,پیام,032090,6
14826,2062,پیربالا,032091,6
14827,2062,دیده بان,032098,6
14828,2062,دیزج علیا,032100,6
14829,2062,عیش آباد,032105,6
14830,2062,کندلج,032115,6
14831,2062,گلجار,032118,6
14832,2062,محبوب آباد,032123,6
14833,2062,ملایوسف,032125,6
14834,2062,شوردرق,032209,6
14835,2063,اویندین,027276,6
14836,2063,خانه سر,027284,6
14837,2063,دارانداش,027286,6
14838,2063,هاویستین,027323,6
14839,2063,قره تپه,032110,6
14840,2063,ایستگاه هرزند,032291,6
14841,2063,بابره علیا,032292,6
14842,2063,بابره سفلی,032293,6
14843,2063,میاب,032304,6
14844,2063,میزاب,032305,6
14845,2063,هرزند جدید,032306,6
14846,2063,هرزند عتیق,032307,6
14847,2064,ایستگاه زال,032290,6
14848,2064,پیراسحق,032294,6
14849,2064,دیزج قربان,032296,6
14850,2064,زال,032297,6
14851,2064,عریان تپه,032299,6
14852,2064,قره بلاغ,032300,6
14853,2064,قره گوز,032301,6
14854,2064,کراب,032302,6
14855,2064,گلین قیه,032303,6
14856,2064,چایکسن,032331,6
14857,2064,مولو,032342,6
14858,2064,ینگجه سادات,032347,6
14859,2064,چراگاه امیر/ چرک امیر,333402,6
14860,2065,آرباتان,032073,6
14861,2065,باروج,032084,6
14862,2065,روم قویوسی,032101,6
14863,2065,فارفار,032106,6
14864,2065,قلندر,032111,6
14865,2065,قمیش اغل,032112,6
14866,2065,قوش قیه سی,032113,6
14867,2065,گل زار,032119,6
14868,2065,گله بان,032120,6
14869,2065,لیوار بالا,032122,6
14870,2065,مرکید,032124,6
14871,2065,مرکید خرابه سی,032340,6
14872,2065,مزرعه قراج علیا,333311,6
14873,2065,مزرعه قراج سفلی,333312,6
14874,2065,مزرعه قراج وسطی,333313,6
14875,2065,حصار حاج محمد,333314,6
14876,2065,حصار حاج احمد,333315,6
14877,2065,حصار عباس وکیل/ حصار عباسعلی,333316,6
14878,2065,لیوار پایین,803001,6
14879,2066,اصلی کندی,032328,6
14880,2066,امیرآباد,032329,6
14881,2066,بهشت دره سی,032330,6
14882,2066,شامقلوی سفلی,032334,6
14883,2066,شامقلوی علیا,032335,6
14884,2066,عرب کهریز,032336,6
14885,2066,قیصر,032338,6
14886,2066,مغولو,032339,6
14887,2066,یکان سعدی,032344,6
14888,2066,یکان علیا,032345,6
14889,2066,یکان کهریز,032346,6
14890,2066,ینگجه یارانمیش,032349,6
14891,2066,حبیب کندی,333317,6
14892,2066,قوچ علی کندی,333318,6
14893,2066,آغ کهریز,333319,6
14894,2066,کهریز,333320,6
14895,2066,ینگجه کرد,333321,6
14896,2067,ارسی,032075,6
14897,2067,ارلان,032076,6
14898,2067,قرخلار,032081,6
14899,2067,جامعه بزرگ,032093,6
14900,2067,زنجیره,032102,6
14901,2067,سرخه,032104,6
14902,2067,قراجه فیض اله,032107,6
14903,2067,قراجه محمد,032108,6
14904,2067,قرمزی قشلاق,032109,6
14905,2067,گزافر,032117,6
14906,2067,وانلوجق,032127,6
14907,2067,خلخال,032332,6
14908,2067,سیدلو,032333,6
14909,2067,حیدرآباد/ موتورآب,032341,6
14910,2067,نورآباد,032343,6
14911,2067,قاپولوخ,041678,6
14912,2067,کهنه سو,331589,6
14913,2067,باغلار ارلان,803002,6
14914,2068,ایلات یالقوزآغاج,032082,6
14915,2068,درویش محمد,032096,6
14916,2068,یالقوزآغاج,032129,6
14917,2069,احمدآباد گروس,036347,6
14918,2069,افشار,036353,6
14919,2069,باغجغاز علیا,036362,6
14920,2069,بادلو,036363,6
14921,2069,حسن آباد,036379,6
14922,2069,سلیمانلو,036401,6
14923,2069,قاضی کند,036417,6
14924,2069,قره حاجیلو,036420,6
14925,2069,قزل بلاغ,036426,6
14926,2069,قوشه بلاغ,036434,6
14927,2069,گل تپه حسن آباد,036445,6
14928,2069,لله لو,036451,6
14929,2069,ایدمیر,036596,6
14930,2069,جفیر,036605,6
14931,2069,جمال آباد,036606,6
14932,2069,چولاقلو,036610,6
14933,2069,قراجه اربط,036632,6
14934,2069,نوروزآباد,036655,6
14935,2069,باغچغاز سفلی,036658,6
14936,2070,ابابین,036345,6
14937,2070,احمدآباد خانلیق,036346,6
14938,2070,اسکوق,036351,6
14939,2070,اولیاجه,036359,6
14940,2070,باغبانان سفلی,036360,6
14941,2070,باغبانان علیا,036361,6
14942,2070,برانقار,036366,6
14943,2070,بهمن آباد,036368,6
14944,2070,تازه کند,036370,6
14945,2070,تخت میشلو,036371,6
14946,2070,خلف,036383,6
14947,2070,خورده بلاغ,036384,6
14948,2070,رشیدآباد,036394,6
14949,2070,زرنجین,036395,6
14950,2070,سورق,036403,6
14951,2070,سهل آباد,036405,6
14952,2070,شاه علی بیگلو,036406,6
14953,2070,قاراب سفلی,036414,6
14954,2070,قاراب علیا,036415,6
14955,2070,قره بلاغ,036419,6
14956,2070,قره صفرلو/ دول باغی,036422,6
14957,2070,قشلاق,036428,6
14958,2070,قلعه اصلانیان,036429,6
14959,2070,قلعه سنگی,036430,6
14960,2070,قوچغار,036432,6
14961,2070,کلیان,036437,6
14962,2070,گنجین,036438,6
14963,2070,کهورین,036440,6
14964,2070,گل گلاب,036447,6
14965,2070,گلوجه,036449,6
14966,2070,گورجیق,036450,6
14967,2070,ماوی,036453,6
14968,2070,یانبلاغ,036465,6
14969,2070,اورق,264009,6
14970,2071,استانجین,036350,6
14971,2071,اندرود سفلی,036356,6
14972,2071,اندرود علیا,036357,6
14973,2071,باش بلاغ,036364,6
14974,2071,حاجی محمودلو,036376,6
14975,2071,حاجی میر,036377,6
14976,2071,خیرآباد,036385,6
14977,2071,داش بلاغ,036386,6
14978,2071,دونبلی,036388,6
14979,2071,دویچ,036390,6
14980,2071,سردرق/ ساری درق,036397,6
14981,2071,سلیمان قشلاق,036400,6
14982,2071,سنجده,036402,6
14983,2071,شیخلر,036410,6
14984,2071,شیرین بلاغ,036411,6
14985,2071,طوین,036412,6
14986,2071,قاضی لو,036416,6
14987,2071,قره قانلو,036423,6
14988,2071,قره قیه,036425,6
14989,2071,قزلجه,036427,6
14990,2071,گاو,036441,6
14991,2071,گل تپه خیرآباد,036446,6
14992,2071,مندجین,036456,6
14993,2071,ولستان,036464,6
14994,2071,ینگی کند,036466,6
14995,2071,اسله مز,264006,6
14996,2071,ویگاه,331823,6
14997,2072,آغچه قشلاق,036202,6
14998,2072,ایشلق,036203,6
14999,2072,اونلیق,036204,6
15000,2072,ایورق,036205,6
15001,2072,بالسین,036206,6
15002,2072,برنجق,036208,6
15003,2072,تجره رود,036209,6
15004,2072,چرن,036210,6
15005,2072,چنار,036211,6
15006,2072,خواجه ده,036215,6
15007,2072,دیشاب,036216,6
15008,2072,شیویار,036218,6
15009,2072,خلیفه لو,036220,6
15010,2072,قشلاق سلمانی,036221,6
15011,2072,قشلاق سوپور گلی/ قشلاق آران,036222,6
15012,2072,قشلاق موسی بیگ,036223,6
15013,2072,کلاله,036224,6
15014,2072,گاولیق,036225,6
15015,2072,نقلان,036227,6
15016,2072,کسلان,036287,6
15017,2072,نقاآباد,036299,6
15018,2072,نودوزق,036300,6
15019,2072,ونجان,036301,6
15020,2072,خانیوردی,264003,6
15021,2072,شریف یوردی,264004,6
15022,2072,چهاردیوار,331767,6
15023,2073,النجارق/ النجالیق,036268,6
15024,2073,باللوجه,036272,6
15025,2073,سرخه حصار,036281,6
15026,2073,صومعه کبودین,036283,6
15027,2073,کزرج,036286,6
15028,2073,گنگدیک,036292,6
15029,2073,ماهی آباد,036294,6
15030,2073,مونق,036296,6
15031,2073,نشق,036297,6
15032,2073,نشلانده,036298,6
15033,2073,افضل,036731,6
15034,2073,اوین مسجدلو,036732,6
15035,2073,بناروان,036736,6
15036,2073,تازه کند پروچ,036737,6
15037,2073,ترناب,036740,6
15038,2073,چرور,036741,6
15039,2073,حاجی همتلو,036742,6
15040,2073,خانقاه,036743,6
15041,2073,دیزج,036745,6
15042,2073,زرنکش,036746,6
15043,2073,ایدی گوز/ سفیدخانی,036747,6
15044,2073,طارون,036752,6
15045,2073,علی بیگلو,036753,6
15046,2073,فندقلو,036755,6
15047,2073,قره حاجی سفلی,036756,6
15048,2073,قره حاجی علیا,036757,6
15049,2073,کندوان,036758,6
15050,2073,گمین,036759,6
15051,2073,هندلان,036765,6
15052,2073,حصار میدان داغی,036826,6
15053,2073,چشمه کش/ ساری قمیش,036834,6
15054,2073,قراجه میدان داغی,036841,6
15055,2073,قشلاق سیف الدین,036845,6
15056,2073,گورگ ارخج,264013,6
15057,2073,مسجدی,264015,6
15058,2074,برزق,036733,6
15059,2074,دلی قیز,036744,6
15060,2074,سنقرآباد,036748,6
15061,2074,سوین,036750,6
15062,2074,سید منصور,036751,6
15063,2074,ارموداق,036801,6
15064,2074,اکبرآباد,036803,6
15065,2074,بسیط,036807,6
15066,2074,تجرق,036811,6
15067,2074,توشمانلو,036813,6
15068,2074,چخماقلو,036819,6
15069,2074,حاج خلیل,036822,6
15070,2074,حاجی یوسف لو سفلی,036823,6
15071,2074,حاجی یوسف لو علیا,036824,6
15072,2074,خناوند,036828,6
15073,2074,ذاکر,036833,6
15074,2074,سوتی,036836,6
15075,2074,سورباق,036837,6
15076,2074,سیدلر,036838,6
15077,2074,شامقلو یوردی,036839,6
15078,2074,طوین,036840,6
15079,2074,قره قیه,036843,6
15080,2074,قزل یاتاق,036844,6
15081,2074,کلکش,036846,6
15082,2074,کله گاه,036850,6
15083,2074,لیوانلو,036854,6
15084,2074,محمودآباد,036855,6
15085,2074,ملک,036857,6
15086,2074,نی باغی,036858,6
15087,2074,هفت چشمه,036863,6
15088,2074,یال قشلاقی/ یار قشلاقی,036864,6
15089,2074,ینگجه دلیگانلو,036867,6
15090,2075,آغچه دربند,036031,6
15091,2075,آغ ورن,036033,6
15092,2075,بیگ بلاغی,036042,6
15093,2075,پورسخلو,036043,6
15094,2075,جعفرآباد,036045,6
15095,2075,داش بلاغ,036048,6
15096,2075,شمی کندی,036059,6
15097,2075,شورجه قاسم,036060,6
15098,2075,قاسم درق,036066,6
15099,2075,قاضی ولی,036067,6
15100,2075,قره آغاج,036069,6
15101,2075,قره جه قیا,036071,6
15102,2075,قلعه جوق الفلو,036072,6
15103,2075,قلیج چی,036074,6
15104,2075,قمقان,036075,6
15105,2075,قهرمانلو,036076,6
15106,2075,گونلو,036083,6
15107,2075,ابک,036265,6
15108,2075,ایستگاه قرانقو,036270,6
15109,2075,تازه کند شور,036273,6
15110,2075,حصار قرانقو,036275,6
15111,2075,خطب,036277,6
15112,2075,داش کسن,036278,6
15113,2075,سیاه کمر,036282,6
15114,2075,گلوجه اسلام,036291,6
15115,2075,مزمین,036295,6
15116,2075,لاهرود,331748,6
15117,2076,امیرآباد,036269,6
15118,2076,ینگ آبادچای,036302,6
15119,2076,شیخدرآباد,036622,6
15120,2076,کرکچی,036644,6
15121,2077,سبز ارباط,036267,6
15122,2077,ایستگاه میانه,036271,6
15123,2077,جهنددیز,036274,6
15124,2077,زاویه,036279,6
15125,2077,فراهیه,036284,6
15126,2077,که,036288,6
15127,2077,حسن آباد/ گلنگدر,036290,6
15128,2077,اسلام آباد,036305,6
15129,2077,دیزگوین,036392,6
15130,2077,شهیدلو,036409,6
15131,2077,گچلیک,036444,6
15132,2077,گل میشه,036448,6
15133,2077,مظفرلو,036454,6
15134,2077,آغ قشلاق/ آغچه قشلاق,036592,6
15135,2077,بالش کندی,036601,6
15136,2077,قواق عمولر,036640,6
15137,2077,گلوجه خالصه,036646,6
15138,2077,گرده لایین,036652,6
15139,2077,ایستگاه پل دختر,331889,6
15140,2078,ارس,036591,6
15141,2078,بولانلیق,036603,6
15142,2078,ساری کند,036620,6
15143,2078,طغای,036623,6
15144,2078,قالوجه,036629,6
15145,2078,قره اوری,036634,6
15146,2078,قویوجاق,036642,6
15147,2078,قویولار,036643,6
15148,2078,کهریز,036651,6
15149,2078,گوگرچین لو,036653,6
15150,2078,حلاج سفلی,036656,6
15151,2078,حلاج علیا,036657,6
15152,2078,دادلو,235856,6
15153,2078,سنگر,235857,6
15154,2078,قره آغاج,331827,6
15155,2078,داش آلتی,803000,6
15156,2079,خانیوردی,036276,6
15157,2079,کرامه,036285,6
15158,2079,گلبوس,036289,6
15159,2079,ینگ آبادکوه,036303,6
15160,2079,یوشانلو,036304,6
15161,2079,اکرم آباد,036593,6
15162,2079,ایده لو,036597,6
15163,2079,باش بلاغ,036599,6
15164,2079,بداغ بیگ,036602,6
15165,2079,چای تلوار,036607,6
15166,2079,چپ چپ,036608,6
15167,2079,دام جغاز,036612,6
15168,2079,دوران,036615,6
15169,2079,زرده ملک,036617,6
15170,2079,زرنق,036619,6
15171,2079,سمکلو,036621,6
15172,2079,طوق,036625,6
15173,2079,عاقل,036626,6
15174,2079,قاشقابلاغ,036628,6
15175,2079,قراجه,036631,6
15176,2079,قره بلاغ,036635,6
15177,2079,قره زیارت,036636,6
15178,2079,قورجاق,036641,6
15179,2079,گلوجه یدی بلاغ,036647,6
15180,2079,کمرکوه,036648,6
15181,2079,کنگاور,036649,6
15182,2079,کولا,036650,6
15183,2079,یدی بلاغ,036659,6
15184,2080,آغدرک,036589,6
15185,2080,آغ طورق,036590,6
15186,2080,الله داد,036594,6
15187,2080,باشماق,036600,6
15188,2080,تلواربلاغی,036604,6
15189,2080,چخمور,036609,6
15190,2080,خلیفه کمال,036611,6
15191,2080,دریندرق,036613,6
15192,2080,دمیرچی,036614,6
15193,2080,دوزنان,036616,6
15194,2080,زرشلو,036618,6
15195,2080,تلیم کندی,036624,6
15196,2080,عجمی کله بوز,036627,6
15197,2080,قره طورق,036637,6
15198,2080,قواق سفلی,036638,6
15199,2080,قواق علیا,036639,6
15200,2080,کریم آباد,036645,6
15201,2081,بیرون,036369,6
15202,2081,جلودار,036373,6
15203,2081,زناری,036396,6
15204,2081,قره قانلوی مامان/ قشلاق ماوی,036424,6
15205,2081,کوهستانق,036439,6
15206,2081,ممان,036455,6
15207,2081,وردوق,036460,6
15208,2081,برنلیق حسین خان,036734,6
15209,2081,برنلیق مددخان,036735,6
15210,2081,تازه کند دیوانعلی,036738,6
15211,2081,سورناکهل,036749,6
15212,2081,علی قشلاقی,036754,6
15213,2081,همپا,036764,6
15214,2081,استور,036802,6
15215,2081,امیرآباد,036804,6
15216,2081,باطلاق,036805,6
15217,2081,باغ دره سی,036806,6
15218,2081,بنیان آباد,036808,6
15219,2081,قشلاق پاپران,036809,6
15220,2081,پاورس,036810,6
15221,2081,توپقره,036812,6
15222,2081,جین قشلاقی,036814,6
15223,2081,چتاب سفلی/ چتاب آقا کریم,036817,6
15224,2081,چتاب علیا / چتاب حسین خان,036818,6
15225,2081,چرکینلو,036820,6
15226,2081,چهارخانوار,036821,6
15227,2081,حسن خان باغی,036825,6
15228,2081,خلیفه باغی,036827,6
15229,2081,خوبستان,036829,6
15230,2081,داوند,036830,6
15231,2081,دول قشلاقی,036831,6
15232,2081,دوه داشی,036832,6
15233,2081,ساوجبلاغ,036835,6
15234,2081,کهبان,036848,6
15235,2081,گاوانی,036849,6
15236,2081,کوخه قشلاق/ شهریار,036851,6
15237,2081,گوندوغدی,036852,6
15238,2081,مروشین,036856,6
15239,2081,وکند,036859,6
15240,2081,ولیین,036860,6
15241,2081,وهیل,036861,6
15242,2081,هشی آباد,036862,6
15243,2081,یله قارشو,036865,6
15244,2081,ینگی کندی,036868,6
15245,2081,مسجدلو,264020,6
15246,2081,اهارا,331729,6
15247,2081,برنلیق آقا کریم,331730,6
15248,2081,قشلاق اصلی کیشی/ آهسته کیش,331733,6
15249,2081,ینگجه,331743,6
15250,2082,ارقنه,037788,6
15251,2082,بایقرارود,037811,6
15252,2082,بیگ بلاغی,037818,6
15253,2082,جیران دره,037836,6
15254,2082,چراغچی,037839,6
15255,2082,چرلو,037841,6
15256,2082,خلیفه کندی حاتم,037848,6
15257,2082,سلوک,037875,6
15258,2082,قره آغاج رود,037910,6
15259,2082,کماجری,037937,6
15260,2082,گله ده رود,037949,6
15261,2082,یساول,037978,6
15262,2082,صیدبیگ,331905,6
15263,2083,افشارجیق,036032,6
15264,2083,زرین سفلی/ زردین سفلی,036051,6
15265,2083,زرین علیا/ زردین علیا,036052,6
15266,2083,مهمان,036084,6
15267,2083,آغبلاغ حسن کندی/ آغبلاغ,037781,6
15268,2083,ایستگاه بابک,037798,6
15269,2083,بلقان حسن کندی,037816,6
15270,2083,حسن کندی رود/ حسن کندی هشترود,037844,6
15271,2083,خراسانلو,037847,6
15272,2083,داشبلاغ,037852,6
15273,2083,دلمه,037856,6
15274,2083,دوده,037859,6
15275,2083,عجمی,037893,6
15276,2083,عربلو,037894,6
15277,2083,علی آباد سفلی,037899,6
15278,2083,علی آباد علیا,037900,6
15279,2083,قره بالغ,037912,6
15280,2083,قره سقال,037917,6
15281,2083,قوری درق,037931,6
15282,2083,کله گرد,037935,6
15283,2083,مسعودآباد,037962,6
15284,2083,ایستگاه خراسانک,331898,6
15285,2084,ایستگاه شاپور,037295,6
15286,2084,قویون قشلاقی,037383,6
15287,2084,آغچه رود,037783,6
15288,2084,آغچه کندی,037784,6
15289,2084,ایاز,037794,6
15290,2084,بابا کندی رود,037802,6
15291,2084,بایقراکوه,037812,6
15292,2084,بره ده,037813,6
15293,2084,بزوجیق,037814,6
15294,2084,بیات,037817,6
15295,2084,بیک کندی,037819,6
15296,2084,پوستین دوز,037821,6
15297,2084,تارقلی,037822,6
15298,2084,تلخاب,037827,6
15299,2084,طمطراق,037828,6
15300,2084,چیبنی,037838,6
15301,2084,حاجی کندی رود,037843,6
15302,2084,خواجه عور,037850,6
15303,2084,خورجستان,037851,6
15304,2084,دامناب,037853,6
15305,2084,دربند,037854,6
15306,2084,دشمنلو,037855,6
15307,2084,ذوالبین,037865,6
15308,2084,سعادتلو,037871,6
15309,2084,سیف الدین رود,037880,6
15310,2084,صوفی لار,037886,6
15311,2084,عرقطو,037895,6
15312,2084,عزیزکندی,037897,6
15313,2084,عین آباد,037903,6
15314,2084,قره آغاج کوه,037911,6
15315,2084,قزلجه,037922,6
15316,2084,قزللو,037923,6
15317,2084,قشلاق,037924,6
15318,2084,قلعه جوق,037926,6
15319,2084,قوبوز,037927,6
15320,2084,قوجور,037928,6
15321,2084,گل تپه رود/ گل تپه,037945,6
15322,2084,گلوجه محمدخان,037948,6
15323,2084,گلی بلاغ گنبدلو,037951,6
15324,2084,گورچین لو,037955,6
15325,2084,گویجه قملاق,037957,6
15326,2084,لامشان,037959,6
15327,2084,مغامیر,037960,6
15328,2084,وظیفه خوران,037975,6
15329,2084,ینگجه,037981,6
15330,2084,ینگی کند,037982,6
15331,2084,آق داغ علیا / آغ داغ کوه,037983,6
15332,2085,آغ بلاغ,029617,6
15333,2085,عمودیزج,029639,6
15334,2085,قره بلاغ,029644,6
15335,2085,اکیز گنبدی (اکوز گنبدی),037790,6
15336,2085,اوشندل,037793,6
15337,2085,باباکندی,037803,6
15338,2085,باشماق,037810,6
15339,2085,تنه ده,037829,6
15340,2085,دهلان,037861,6
15341,2085,دیزج رضا قلی بیگ/ علی قلی بیگ,037864,6
15342,2085,سیف الدین کوه,037879,6
15343,2085,سیه دولان,037881,6
15344,2085,صومعه سنگ,037887,6
15345,2085,قاضی کندی,037905,6
15346,2085,قرجه قیه پناهی,037909,6
15347,2085,گله ده کوه,037950,6
15348,2086,احمدآباد,037287,6
15349,2086,اوریادجیق/ اوریاجیق,037294,6
15350,2086,بایزید,037300,6
15351,2086,بزنی چراغ مردان,037301,6
15352,2086,بزنی بداق,037302,6
15353,2086,تازه کند,037308,6
15354,2086,حسین الان,037320,6
15355,2086,خواجه محمود,037329,6
15356,2086,دانقاران,037332,6
15357,2086,دینی درق,037339,6
15358,2086,زاویه,037340,6
15359,2086,طالش کندی,037357,6
15360,2086,کلب علی کندی,037387,6
15361,2086,گوگ آلا,037399,6
15362,2086,مکتو,037402,6
15363,2086,مولوی چراغ مردان,037403,6
15364,2086,نصیرآباد سفلی,037410,6
15365,2086,نصیرآباد علیا,037411,6
15366,2087,آتش بیگ,037780,6
15367,2087,ارشدآباد,037787,6
15368,2087,ایده لوخان,037795,6
15369,2087,ایده لوی خلیفه,037796,6
15370,2087,اشمق,037800,6
15371,2087,ایلخچی,037801,6
15372,2087,باتمانقلنج سفلی,037805,6
15373,2087,باغچه جیق,037806,6
15374,2087,باتمانقلنج علیا/ باش باتمانقلنج,037808,6
15375,2087,بسیط,037815,6
15376,2087,پاشابیگ,037820,6
15377,2087,توپاغاج,037830,6
15378,2087,جبیند,037831,6
15379,2087,حسن کندی کوه,037845,6
15380,2087,حسینلو/ حسنلو,037846,6
15381,2087,دلوحسن,037857,6
15382,2087,دمیرچی,037858,6
15383,2087,دوشدور/ دوشر,037860,6
15384,2087,زنجیرآباد,037867,6
15385,2087,سراسکند سفلی,037869,6
15386,2087,سراسکند علیا,037870,6
15387,2087,سلطان آباد,037872,6
15388,2087,شیخ الاسلام,037883,6
15389,2087,صوفی حسن,037885,6
15390,2087,تاغچه جیق,037890,6
15391,2087,طهرابند,037892,6
15392,2087,عزیزآباد,037896,6
15393,2087,قربان کندی,037908,6
15394,2087,قره دیو,037916,6
15395,2087,قره کلک,037920,6
15396,2087,کله نو,037936,6
15397,2087,کهل بلاغ/ کهل بلاغ سهند,037940,6
15398,2087,گلوجه حسن بیگ,037946,6
15399,2087,مجیدآباد,037961,6
15400,2087,ملاقیاسی,037968,6
15401,2087,مهردار,037971,6
15402,2087,نخودآباد,037972,6
15403,2087,یانبلاغ,037977,6
15404,2088,آقاجانکندی,037289,6
15405,2088,ایستگاه هشترود,037296,6
15406,2088,بیگ کندی,037305,6
15407,2088,تازه کند قراجه قیه,037309,6
15408,2088,تیمورآباد,037315,6
15409,2088,خورشید,037331,6
15410,2088,شکربلاغی,037349,6
15411,2088,شوردرق,037352,6
15412,2088,قراجه قیه,037361,6
15413,2088,قرخ سقر,037363,6
15414,2088,قطانقو,037376,6
15415,2088,قمرکندی,037378,6
15416,2088,قویوجیق,037382,6
15417,2088,گرامی,037391,6
15418,2088,نیازکندی,037412,6
15419,2088,وفادار,037417,6
15420,2088,یانوق,037420,6
15421,2088,یله قارشو,037421,6
15422,2088,آغبلاغ هشترود,037560,6
15423,2088,آغچه ریش,037561,6
15424,2088,برج سفلی,037574,6
15425,2088,برج علیا,037575,6
15426,2088,پارالار,037577,6
15427,2088,تیکمه داش,037581,6
15428,2088,حیدرآباد,037595,6
15429,2088,داشبلاغ خرابه گلک,037598,6
15430,2088,داش آلتی,037599,6
15431,2088,درین سو,037603,6
15432,2088,حبش/ سرچشمه,037607,6
15433,2088,طالب چمن,037618,6
15434,2088,قارقا,037621,6
