41301,2789,تلمبه سنگ آباد,099500,6
41302,2789,تلمبه علی آباد شمس,099503,6
41303,2789,تلمبه محمدآباد کشاورزان,099505,6
41304,2789,تلمبه محمدیه,099506,6
41305,2789,تلمبه موسی آباد,099507,6
41306,2789,تلمبه وکیل آباد دیانتی,099508,6
41307,2789,جنت آباد,099511,6
41308,2789,حسن آباد نوش آباد,099514,6
41309,2789,حسین آباد نژادی,099516,6
41310,2789,خالق آباد,099517,6
41311,2789,دولت آباد,099521,6
41312,2789,ده افراز,099522,6
41313,2789,ده ظهیر,099523,6
41314,2789,راداربیسیم,099527,6
41315,2789,رحیم آباد آگاه,099528,6
41316,2789,رستم آباد هرندی,099530,6
41317,2789,رییس آباد/مرتضی آباد/,099531,6
41318,2789,زین آباد,099532,6
41319,2789,شان آقا محمدعلی,099537,6
41320,2789,شرکت آسفالت شهرداری,099538,6
41321,2789,شهرآباد,099540,6
41322,2789,صفی آباد,099541,6
41323,2789,عباس آباد معین,099544,6
41324,2789,تلمبه علی آباد نهضت,099548,6
41325,2789,فتح آباد معین,099550,6
41326,2789,کارخانه اجرسفال دهه فجر,099553,6
41327,2789,کاظم آباد,099555,6
41328,2789,کوثر ریز,099557,6
41329,2789,مجتمع کشت و صنعت,099566,6
41330,2789,منصور آباد,099579,6
41331,2789,موتوراکبرآباد,099581,6
41332,2789,موتورتاکسیداران,099582,6
41333,2789,موتورمخابرات,099583,6
41334,2789,نجف آباد,099586,6
41335,2789,نیروگاه,099589,6
41336,2789,وکیل آباد,099590,6
41337,2789,هرمزآباد,099591,6
41338,2789,همت آبادآگاه,099592,6
41339,2789,یوسف آباد,099593,6
41340,2789,محمودآباد سفلی,381954,6
41341,2789,موتور آب قایم شهر,381956,6
41342,2789,حسن آباد,381958,6
41343,2789,شرکت آسفالت,381959,6
41344,2789,تلمبه اکبرآباد,381960,6
41345,2789,کوره های آجرپزی,381961,6
41346,2789,حسین آباد نراوی,381962,6
41347,2789,امامزاده رضا,381963,6
41348,2789,مجتمع ایثارگران,381964,6
41349,2789,تلمبه خاندانی,381965,6
41350,2789,شان رشتی,381966,6
41351,2789,بهارستان,381967,6
41352,2789,عشق آباد,381968,6
41353,2789,مزرعه رضوی,381972,6
41354,2789,شرکت آجر خوشرنگ,381973,6
41355,2789,مجتمع کشاورزی صنعتی شاهد,381974,6
41356,2789,بهشت زهرا,381975,6
41357,2789,شرکت آجرسفید,381978,6
41358,2789,کارخانه آسفالت زیربنایی,381986,6
41359,2789,تلمبه شمس,381998,6
41360,2789,تقی آباد,381999,6
41361,2789,چاه رستم,382000,6
41362,2789,تلمبه مهدی هرندی,382001,6
41363,2789,تلمبه استقلال,384399,6
41364,2789,شرکت ماسه وشن نجارپور,384590,6
41365,2789,میدان اسب دوانی,384831,6
41366,2789,کوره های آجرپزی (جاده امامزاده غریب ),384832,6
41367,2789,مرغداری مهدی زاده,384841,6
41368,2789,موسسه آموزش عالی کار,384842,6
41369,2789,پایانه بار رفسنجان,384849,6
41370,2789,تلمبه جلالی,385095,6
41371,2789,ده نو,808104,6
41372,2789,اسلام آباد,808106,6
41373,2789,سعادت آباد,808212,6
41374,2789,اسماعیل آباد,808214,6
41375,2789,شهرک مسکونی نفت,808656,6
41376,2790,آب ترش,099905,6
41377,2790,احمدآباد,099910,6
41378,2790,احمدآباد2,099912,6
41379,2790,ارجاس,099914,6
41380,2790,اکبرآباد,099919,6
41381,2790,باب کهکین,099922,6
41382,2790,توکل آباد,099941,6
41383,2790,چاری /چاروک /,099945,6
41384,2790,چاه گز,099951,6
41385,2790,حاجی آباد,099958,6
41386,2790,حسین آباد,099965,6
41387,2790,حسین آباد دهنو (حسین آباد),099966,6
41388,2790,حسین آباد گلوسالار,099967,6
41389,2790,خالق آباد,099969,6
41390,2790,خمرودوییه,099970,6
41391,2790,خنامان,099971,6
41392,2790,دوازده امام,099978,6
41393,2790,ده بالا,099982,6
41394,2790,ده ساردی,099992,6
41395,2790,ده شهلا,099993,6
41396,2790,ده کربلایی رضا,099997,6
41397,2790,دهنوسلطان,100003,6
41398,2790,رضا آباد,100009,6
41399,2790,روکرد,100010,6
41400,2790,ریزو,100011,6
41401,2790,رییس آباد,100012,6
41402,2790,سعید آباد,100014,6
41403,2790,صادق آباد,100025,6
41404,2790,ظهرکوه,100026,6
41405,2790,علی آباد,100028,6
41406,2790,کاخ,100035,6
41407,2790,کریم آباد,100038,6
41408,2790,کوکوییه,100041,6
41409,2790,گلورود,100048,6
41410,2790,گلوسالار,100049,6
41411,2790,مهدی آباد,100069,6
41412,2790,نورآباد,100073,6
41413,2790,ولی آباد,100074,6
41414,2790,هنزاف,100076,6
41415,2790,معدن گچ چاووک,381920,6
41416,2790,دهنو,381921,6
41417,2790,عباس آباد/ده ابل /,384632,6
41418,2790,امیر آباد,385082,6
41419,2791,تلمبه همت آباد,099749,6
41420,2791,تلمبه احمدآباد افضلی,099913,6
41421,2791,الله آباد,099920,6
41422,2791,اودرج,099921,6
41423,2791,بی بی زینب,099932,6
41424,2791,تلمبه الله یار,099935,6
41425,2791,تلمبه حجت آباد,099938,6
41426,2791,تلمبه گلدشت,099939,6
41427,2791,تلمبه مومن آباد,099940,6
41428,2791,چریسکان,099944,6
41429,2791,چاه الله,099946,6
41430,2791,جاه بیدوییه دره جوز,099947,6
41431,2791,حسین آباد اودرج,099964,6
41432,2791,داوران,099972,6
41433,2791,دره جوز,099975,6
41434,2791,دره دور,099976,6
41435,2791,دره رنج,099977,6
41436,2791,ده بلوچی,099983,6
41437,2791,ده تک,099985,6
41438,2791,رحمت آباد,100007,6
41439,2791,زارچوییه,100013,6
41440,2791,تلمبه سقاخانه ابوالفضل,100016,6
41441,2791,سنجدوییه,100017,6
41442,2791,علی آباد دره دور,100031,6
41443,2791,کریم آباد,100039,6
41444,2791,گزرشت,100046,6
41445,2791,محمدآباد دره دور,100057,6
41446,2791,معدن گچ لندرو,100067,6
41447,2791,تلمبه امیرآباد اودرجی ها,100082,6
41448,2791,تلمبه دره دریها1,381905,6
41449,2791,تلمبه حاجی گرام,381906,6
41450,2791,چاه بیدوییه دره رنج,381914,6
41451,2791,قول آباد,381915,6
41452,2791,حسن آباد,381916,6
41453,2791,رضوان,381917,6
41454,2791,مسجدگلدشت,381918,6
41455,2791,تلمبه حجت آباد عسکری /اودرجی /,383724,6
41456,2791,معدن سنگ سلیس,384392,6
41457,2791,زیارتگاه/سقاخانه ابولفضل/,808107,6
41458,2792,بنکه سیداحمدخان,099486,6
41459,2792,ترکان آباد,099489,6
41460,2792,تلمبه عشرت آباد,099502,6
41461,2792,حسن آباد شور,099515,6
41462,2792,دهن آباد,099525,6
41463,2792,سجادیه,099533,6
41464,2792,سعیدآباد,099534,6
41465,2792,فخرآباد,099551,6
41466,2792,قدرت آباد,099552,6
41467,2792,کورگه,099558,6
41468,2792,لاهیجان,099565,6
41469,2792,محمدآباد ده نو دهنو,099569,6
41470,2792,محمدآباد سفلی,099571,6
41471,2792,ملک آباد,099578,6
41472,2792,خرم آباد,099757,6
41473,2792,علم آباد,099770,6
41474,2792,قوام آباد,099780,6
41475,2792,نظم آباد,099805,6
41476,2792,تلمبه زارعین کورگه,381872,6
41477,2792,تلمبه ملک آباد,381873,6
41478,2792,عشرت آباد,381874,6
41479,2792,محمودیه,381875,6
41480,2792,تلمبه فخرآباد,381877,6
41481,2792,تلمبه ماشااله حسنی,381878,6
41482,2792,تلمبه گلشن,381879,6
41483,2792,تلمبه رکن آباد,381880,6
41484,2792,مزرعه محمدآباد سفلی,381881,6
41485,2792,زین آباد,381882,6
41486,2792,سلطان آباد پیرغیب,381883,6
41487,2792,تلمبه زارعین,381884,6
41488,2792,تلمبه سعیدآباد,381885,6
41489,2792,مظفرآباد,383661,6
41490,2793,آلاچیق,099484,6
41491,2793,اوراف,099485,6
41492,2793,پتکوییه,099487,6
41493,2793,دره گرم,099520,6
41494,2793,دهوییه,099526,6
41495,2793,سیدی بالا,099536,6
41496,2793,شور آب,099539,6
41497,2793,کویر آباد,099559,6
41498,2793,کهن سبز,099560,6
41499,2793,گروییه بالا,099562,6
41500,2793,گروییه پایین,099563,6
41501,2793,گورچوپان,099564,6
41502,2793,محمدآباد ده حیدری,099568,6
41503,2793,ابریجو,105182,6
41504,2793,آغلی,105186,6
41505,2793,احمدآباد,105187,6
41506,2793,اردسیران,105191,6
41507,2793,اسیرا,105193,6
41508,2793,اکبرآباد,105198,6
41509,2793,باب حیات,105202,6
41510,2793,باغو1,105203,6
41511,2793,باغ خشک,105209,6
41512,2793,بدر,105214,6
41513,2793,برزگرمرده,105215,6
41514,2793,بن آب شاه,105219,6
41515,2793,بیدلنگ,105223,6
41516,2793,بیدزرین سفلی,105228,6
41517,2793,بیدزرین علیا,105229,6
41518,2793,بیدگرم,105232,6
41519,2793,پاقلعه,105237,6
41520,2793,پشتوییه,105240,6
41521,2793,ترشاب دهنو,105244,6
41522,2793,ترشاب خانم وکیلی,105245,6
41523,2793,ترشاب فردوسی,105246,6
41524,2793,ترشاب ولی جان,105247,6
41525,2793,تنگله,105268,6
41526,2793,تنگله سفلی,105269,6
41527,2793,تیربید,105274,6
41528,2793,جودلون,105278,6
41529,2793,جودعوایی,105279,6
41530,2793,حیران آباد,105280,6
41531,2793,چاه علیخان/ ده کل فرج الله /,105284,6
41532,2793,چراغ مرده,105287,6
41533,2793,چشمه دراز,105290,6
41534,2793,چشمه زرد,105291,6
41535,2793,چشمه کبک,105294,6
41536,2793,حسن آباد خانم وکیلی,105308,6
41537,2793,حسین آباد1,105313,6
41538,2793,حسین آباد2,105319,6
41539,2793,خاتون مرده,105323,6
41540,2793,خمبروتوییه,105327,6
41541,2793,خوری,105331,6
41542,2793,درملکی,105338,6
41543,2793,دورودخانه,105346,6
41544,2793,ده غلامی 1,105355,6
41545,2793,ده سیاهان سفلی,105365,6
41546,2793,ده سیاهان علیا,105366,6
41547,2793,ده شور,105370,6
41548,2793,ده قنبری,105378,6
41549,2793,ده کهره,105380,6
41550,2793,دهنورودین,105396,6
41551,2793,رضوییه,105405,6
41552,2793,رودین,105408,6
41553,2793,زاغ آباد,105412,6
41554,2793,زنگالو,105415,6
41555,2793,ساردی,105418,6
41556,2793,سرتل,105421,6
41557,2793,سنجدوییه,105426,6
41558,2793,شاه حمزه,105434,6
41559,2793,شماله,105440,6
41560,2793,شهاب الدین سفلی,105449,6
41561,2793,شهاب الدین علیا,105450,6
41562,2793,عاشقان,105453,6
41563,2793,عباس آباد /ده شاهرخی /,105454,6
41564,2793,عباس آباد,105456,6
41565,2793,عباس آباد سفلی,105457,6
41566,2793,عباس آباد علیا,105458,6
41567,2793,علی آباد1,105465,6
41568,2793,فیروزی,105471,6
41569,2793,قلعه گنبدی,105477,6
41570,2793,کارخانجات مجتمع مس سرچشمه,105480,6
41571,2793,کت موش,105485,6
41572,2793,کم دالون,105486,6
41573,2793,کم زرد,105487,6
41574,2793,کم سلفک,105488,6
41575,2793,کم کادیج,105489,6
41576,2793,کدی بید,105490,6
41577,2793,کریکو,105493,6
41578,2793,کمری,105499,6
41579,2793,کوثر ریز,105502,6
41580,2793,کهن ترش,105505,6
41581,2793,کهن نارنج,105510,6
41582,2793,گاو مرده,105513,6
41583,2793,گل نمکی,105522,6
41584,2793,گلو سرخ,105523,6
41585,2793,گلیلون,105525,6
41586,2793,گوداحمرسفلی,105527,6
41587,2793,گوداحمرعلیا,105528,6
41588,2793,گوداحمر وسطی,105529,6
41589,2793,گودکیل,105533,6
41590,2793,گودگراز,105539,6
41591,2793,لابیدسفلی,105542,6
41592,2793,لابیدعلیا,105543,6
41593,2793,لاپاریز علیا,105545,6
41594,2793,لاس شاخ,105548,6
41595,2793,لانسار علیا,105559,6
41596,2793,مانی سفلی,105564,6
41597,2793,مانی علیا,105565,6
41598,2793,مغوییه,105567,6
41599,2793,محمدآباد1,105568,6
41600,2793,محمدآباد2,105569,6
41601,2793,محمدآباد هنسیج علیا,105572,6
41602,2793,محمدیه,105574,6
41603,2793,مگسی,105580,6
41604,2793,ملک صدری,105581,6
41605,2793,ممسار,105582,6
41606,2793,مورپهن,105583,6
41607,2793,مهرزرد,105587,6
41608,2793,میرزایی,105590,6
41609,2793,نی زار,105598,6
41610,2793,هدمه بالا,105603,6
41611,2793,هدمه پایین,105604,6
41612,2793,هنسیج سفلی,105611,6
41613,2793,یوسف آباد,105614,6
41614,2793,بنه توت,266316,6
41615,2793,مزرعه شهیدمظلوم بهشتی,382005,6
41616,2793,مزرعه قاسم آباد,382006,6
41617,2793,ده عباس پیلور,382008,6
41618,2793,مشیرک,382009,6
41619,2793,باغو2,382014,6
41620,2793,ده آخوند,382015,6
41621,2793,بنوخواجه,382016,6
41622,2793,بنوحسین خواجه,382017,6
41623,2793,بناب,382018,6
41624,2793,روغنو,382019,6
41625,2793,شیرسوخته,382021,6
41626,2793,لانسار سفلی,382022,6
41627,2793,دو رودخانه ای,382023,6
41628,2793,گودبلوچی,382025,6
41629,2793,چشمه بغل,382026,6
41630,2793,بندراله بخش,382027,6
41631,2793,دهنه شماله,382028,6
41632,2793,دهکده,382029,6
41633,2793,ده پشته,382030,6
41634,2793,لنگر,382031,6
41635,2793,سیدی پایین,382032,6
41636,2793,لا انجیرو,382034,6
41637,2793,سنگ شکن زیربنایی /سعیدآبادوثوق /,382035,6
41638,2793,توکل آباد,382039,6
41639,2793,تل بام,382041,6
41640,2793,کبیرو,383749,6
41641,2793,اسدآباد کنتوت,384694,6
41642,2793,شرکت مدوار,384828,6
41643,2793,احمد آباد شرکاء,384992,6
41644,2793,چشمه سرخ (چشمه قرمز),384993,6
41645,2793,علی آباد,808108,6
41646,2793,مزرعه محمدآباد,808109,6
41647,2793,مزرعه ده نو,808110,6
41648,2793,ده زهرا,808111,6
41649,2793,تلاتوییه,808546,6
41650,2794,علی آباد انقلاب,099546,6
41651,2794,بهارستان,099721,6
41652,2794,تلمبه احمدیه انقلاب,099726,6
41653,2794,تلمبه جنت حمیدآباد,099730,6
41654,2794,تلمبه حجت آباد,099732,6
41655,2794,تلمبه فاطمیه,099737,6
41656,2794,تلمبه قنات مهدی آباد سردار,099740,6
41657,2794,تلمبه گلشن سفیدرود,099742,6
41658,2794,تلمبه محمدیه,099744,6
41659,2794,تلمبه مهدی آباد,099746,6
41660,2794,تلمبه هلال احمر,099748,6
41661,2794,حسین آباد شفیعی,099752,6
41662,2794,حمیدآباد,099754,6
41663,2794,زین آباد,099761,6
41664,2794,عرب آباد,099768,6
41665,2794,علی آباد مفت آباد,099773,6
41666,2794,فتح آباد,099775,6
41667,2794,فرخ آباد,099776,6
41668,2794,فاسم آباد حاجی,099778,6
41669,2794,محمدیه,099793,6
41670,2794,ملک آباد,099796,6
41671,2794,مهدی آباد امینیان,099798,6
41672,2794,مهدی آباد سردار,099799,6
41673,2794,نوبهار,099806,6
41674,2794,همت آبادعلیا,099807,6
41675,2794,عباس آباد حاجی,381896,6
41676,2794,تلمبه قوام آباد,381897,6
41677,2794,تلمبه قنات حمیدآباد,381898,6
41678,2794,تلمبه اکبرآباد,381899,6
41679,2794,تلمبه زین آباد,381900,6
41680,2794,تلمبه موسی آباد,381901,6
41681,2794,تلمبه حسین آباد شفیع,381902,6
41682,2794,مهدی آباد واحد,381904,6
41683,2794,تلمبه ملک آباد,383601,6
41684,2795,ایستگاه کشاورزی,099720,6
41685,2795,تلمبه امام داد,099727,6
41686,2795,تلمبه برادران ناصریه,099728,6
41687,2795,تلمبه صبوری,099734,6
41688,2795,تلمبه عباس آباد1,099736,6
41689,2795,تلمبه قنات فتح آباد,099738,6
41690,2795,عبدالله آباد,099767,6
41691,2795,کبوترخان,099781,6
41692,2795,کریم آباد علیا,099782,6
41693,2795,مجتمع آب شیرین چهارقریه,099788,6
41694,2795,مجتمع ضنعتی رفسنجان,099789,6
41695,2795,محمدآباد میثم,099791,6
41696,2795,ناصریه بالا,099802,6
41697,2795,اسلام آباد دق,112049,6
41698,2795,اعظم آباد,112053,6
41699,2795,اکبرآباد,112054,6
41700,2795,تلمبه احمدسلطانی,112062,6
41701,2795,تلمبه ارسطو ایرانی,112065,6
41702,2795,تلمبه افراز,112069,6
41703,2795,تلمبه حاج اکبر رنجبر,112075,6
41704,2795,تلمبه حسن علی محمد,112077,6
41705,2795,تلمبه حسین غفور,112078,6
41706,2795,تلمبه دانشجو,112081,6
41707,2795,تلمبه ده پناه,112082,6
41708,2795,تلمبه سلطانی,112086,6
41709,2795,تلمبه سیدآباد,112087,6
41710,2795,تلمبه سیدآباد دق کبوترخان,112088,6
41711,2795,تلمبه سیدرضاعلوی,112089,6
41712,2795,تلمبه عباس صالحی,112097,6
41713,2795,تلمبه علی عسکری,112099,6
41714,2795,تلمبه کیخسرو,112102,6
41715,2795,تلمبه مرتضوی /تلمبه طلایی /,112108,6
41716,2795,تلمبه همدانی,112112,6
41717,2795,توکل آباد رنجبر,112116,6
41718,2795,حاجی آباد,112118,6
41719,2795,حاجی آباد ریگ,112119,6
41720,2795,قاسم آباد,112136,6
41721,2795,محمد آباد,112139,6
41722,2795,نازی آباد,112143,6
41723,2795,وارث آباد,112144,6
41724,2795,وسیل آباد,112145,6
41725,2795,تلمبه همت آباد,381930,6
41726,2795,تلمبه حق آب,381931,6
41727,2795,تلمبه عباس آباد,381932,6
41728,2795,تلمبه هرمز,381934,6
41729,2795,تلمبه مهدیه دق کبوترخان,381935,6
41730,2795,تکنوبخت رفسنجان,381941,6
41731,2795,تلمبه شهرداری شماره 11,381948,6
41732,2795,سعیدابادشفیع پور,381952,6
41733,2795,شرکت پرژیران شمسایی,384385,6
41734,2795,شرکت آجرپخت,384595,6
41735,2795,مرغداری عباس صادقی,384857,6
41736,2795,مجتمع آب اشامیدنی حومه شرقی,384858,6
41737,2795,شرکت کاشی الماس کویر رفسنجان,384862,6
41738,2795,پایگاه توپخانه سپاه,384863,6
41739,2795,انبارشرکت تعاونی گاوداران,384868,6
41740,2795,فرودگاه,384870,6
41741,2795,کارخانه سیمان رفسنجان,385076,6
41742,2795,دامداری فردوسی,385077,6
41743,2795,مزرعه جوادالایمه,385078,6
41744,2795,تلمبه محمد آباد,385079,6
41745,2795,تلمبه فتح آباد,385080,6
41746,2795,مزرعه کیوی,385081,6
41747,2795,عباس آبادکبوترخان,385151,6
41748,2795,باغ محمود,808112,6
41749,2796,اسپیداران,100256,6
41750,2796,اسطاهوییه,100257,6
41751,2796,انجیرو,100258,6
41752,2796,باباکوه,100262,6
41753,2796,باداموییه,100263,6
41754,2796,باغ سلیمان,100266,6
41755,2796,باهیچ,100268,6
41756,2796,بلک,100269,6
41757,2796,بندوان,100270,6
41758,2796,بید,100272,6
41759,2796,پاکش,100275,6
41760,2796,پشتکوه,100276,6
41761,2796,پورکان,100277,6
41762,2796,تک زه دره کردی,100279,6
41763,2796,جلال آباد,100282,6
41764,2796,چشمه خدیجه,100283,6
41765,2796,حاجی آباد,100284,6
41766,2796,حسین آباد,100286,6
41767,2796,حوم الدین,100287,6
41768,2796,خیسوییه,100288,6
41769,2796,دام بهایی,100289,6
41770,2796,دره کردی,100292,6
41771,2796,دستوییه,100293,6
41772,2796,ده اسماعیل,100294,6
41773,2796,ده پیره,100296,6
41774,2796,ده غیاث,100297,6
41775,2796,ده محمدغلامعلی,100299,6
41776,2796,دهنو,100302,6
41777,2796,دهوییه,100303,6
41778,2796,راویز,100304,6
41779,2796,رشوان,100306,6
41780,2796,رودین,100309,6
41781,2796,زهروییه,100311,6
41782,2796,زهروییه,100312,6
41783,2796,سهم بیدو,100313,6
41784,2796,سهم آباد,100319,6
41785,2796,سیراب,100320,6
41786,2796,شادی آباد,100321,6
41787,2796,شور زار,100322,6
41788,2796,صالحی,100323,6
41789,2796,عبداله آباد,100324,6
41790,2796,فتح آباد,100325,6
41791,2796,فدیج,100326,6
41792,2796,قاسم آباد,100327,6
41793,2796,قیه,100328,6
41794,2796,کم زردی,100329,6
41795,2796,کریم آباد,100333,6
41796,2796,کهن رزان,100337,6
41797,2796,گله مستی,100340,6
41798,2796,لاشادی,100342,6
41799,2796,مارز آباد,100346,6
41800,2796,مزرعه جودیها,100350,6
41801,2796,معدن کت حسنو,100353,6
41802,2796,مقل آباد,100354,6
41803,2796,ملکی,100355,6
41804,2796,منصور آباد,100356,6
41805,2796,مهاجری,100358,6
41806,2796,مهجرد,100359,6
41807,2796,نصیر آباد,100361,6
41808,2796,نیمجردوییه,100362,6
41809,2796,شهابیه مرعش,100649,6
41810,2796,سوراخ جنی,381832,6
41811,2796,بهرس,381834,6
41812,2796,گودگز,381835,6
41813,2796,لاقیچی,381836,6
41814,2796,صدرآباد,381837,6
41815,2796,اغول گرد,381838,6
41816,2796,لاکلاغ,381839,6
41817,2796,ده مشکون,381841,6
41818,2796,رودوپشت باغا,381842,6
41819,2796,رودوبالا,381843,6
41820,2796,تیزه,381844,6
41821,2796,رودوپشتکندر,381845,6
41822,2796,ده حسن موسی,381846,6
41823,2796,کت سیخور,381848,6
41824,2797,احمد آباد هرندی,100477,6
41825,2797,اسماعیل آباد,100482,6
41826,2797,بهمن آباد,100496,6
41827,2797,تقی آباد,100498,6
41828,2797,تلمبه احمدآباد,100504,6
41829,2797,تلمبه اسماعیل آباد,100507,6
41830,2797,تلمبه الهیه,100511,6
41831,2797,تلمبه امام,100512,6
41832,2797,تلمبه پیشکاراصغرنظری,100521,6
41833,2797,تلمبه پیشکاربهشت آباد,100522,6
41834,2797,تلمبه پیشکار حجت آباد,100524,6
41835,2797,تلمبه پیشکار علی آباد شهید,100529,6
41836,2797,تلمبه پیشکار نوری پور,100535,6
41837,2797,تلمبه توکل آباد شرکاء,100539,6
41838,2797,تلمبه توکل آبادو محمودآباد,100540,6
41839,2797,تلمبه جعفری,100541,6
41840,2797,تلمبه حاجی آباد,100543,6
41841,2797,تلمبه حجت آباد2,100545,6
41842,2797,تلمبه حسین آباد,100548,6
41843,2797,تلمبه حسین آباد جدید,100549,6
41844,2797,تلمبه رضا آباد,100556,6
41845,2797,تلمبه عباس آباد شرکاء,100568,6
41846,2797,تلمبه فتح آباد,100575,6
41847,2797,تلمبه فردوسی,100579,6
41848,2797,تلمبه قدرت آباد,100580,6
41849,2797,تلمبه محمدآباد شرکاء,100590,6
41850,2797,تلمبه مهدی آبادامین,100599,6
41851,2797,تلمبه یوسف آباد,100606,6
41852,2797,حسین آباد,100625,6
41853,2797,شریف آباد,100647,6
41854,2797,عباس آباد,100656,6
41855,2797,علی آباد شهید,100662,6
41856,2797,فتح آباد,100663,6
41857,2797,محمودآباد,100688,6
41858,2797,وکیل آباد,100706,6
41859,2797,تلمبه همت آباد,100707,6
41860,2797,تلمبه عمیق گیتی آباد,100713,6
41861,2797,مرغداری عبدلی,381823,6
41862,2797,مرغداری سید,381824,6
41863,2797,پیرمراد,381826,6
41864,2797,تلمبه احمدآباد هرندی,381827,6
41865,2797,قدرت آباد,381831,6
41866,2797,تلمبه موسی آباد,383677,6
41867,2797,مرغداری حاج هاشمی,384393,6
41868,2797,تلمبه همت آباد(امیری کمال آبادی ),385092,6
41869,2797,تلمبه های حسین آقا امین,385093,6
41870,2797,مزرعه ونک,385134,6
41871,2798,ابراهیم آباد,100473,6
41872,2798,احمدآباد دیفه خشک,100475,6
41873,2798,احمدآباد عباسخان,100476,6
41874,2798,اسلامیه,100480,6
41875,2798,اسلامیه سرجنگل,100481,6
41876,2798,اکبرآباد لاپیدار,100486,6
41877,2798,امیرآباد,100491,6
41878,2798,بهجت آباد,100494,6
41879,2798,تلمبه احمدآباد,100505,6
41880,2798,تلمبه اکبرآباد,100508,6
41881,2798,تلمبه اکبرآباد1,100509,6
41882,2798,تلمبه امیرآباد,100514,6
41883,2798,تلمبه امین,100516,6
41884,2798,تلمبه باقرآباد,100517,6
41885,2798,تلمبه پیشکار رحمت آباد,100526,6
41886,2798,تلمبه پیشکار عزت آباد,100528,6
41887,2798,تلمبه پیشکار فتح آباد,100530,6
41888,2798,تلمبه پیشکار کشکوییه,100531,6
41889,2798,تلمبه توکل آباد,100538,6
41890,2798,تلمبه حجتیه,100546,6
41891,2798,تلمبه حسین آباد,100547,6
41892,2798,تلمبه حسین آقا1,100550,6
41893,2798,تلمبه حسین آقا2,100551,6
41894,2798,تلمبه حسین فتحی,100552,6
41895,2798,تلمبه رحیم آباد,100554,6
41896,2798,تلمبه زندی 2,100559,6
41897,2798,تلمبه زندی 3,100560,6
41898,2798,تلمبه شیله جر,100562,6
41899,2798,تلمبه صالحی,100564,6
41900,2798,تلمبه علی آباد شرکاء,100571,6
41901,2798,تلمبه علی کریمی,100573,6
41902,2798,تلمبه کاظم آباد,100581,6
41903,2798,تلمبه عباس آباد شرکاء,100584,6
41904,2798,تلمبه گلستان سرجنگل,100585,6
41905,2798,تلمبه گلشن,100586,6
41906,2798,تلمبه منظریه,100593,6
41907,2798,تلمبه مومن آباد,100596,6
41908,2798,تلمبه مهدی آباد,100598,6
41909,2798,توکل آباد,100608,6
41910,2798,توکل آباد,100609,6
41911,2798,جعفرآباد,100611,6
41912,2798,جنت الموا,100612,6
41913,2798,حاجی آباد,100617,6
41914,2798,حاجی آباد,100618,6
41915,2798,حافظ آباد,100619,6
41916,2798,حسن آباد دیفه,100622,6
41917,2798,حسن آباد زندی,100623,6
41918,2798,حسن آباد نواب,100624,6
41919,2798,حسین آباد,100626,6
41920,2798,حسین آباد,100627,6
41921,2798,خالق آباد,100633,6
41922,2798,دولت آباد,100634,6
41923,2798,دیفه آقا,100637,6
41924,2798,رحمت آباد معین زاده,100638,6
41925,2798,رستم آباد,100640,6
41926,2798,رضا آباد نواب,100642,6
41927,2798,زندیه,100643,6
41928,2798,صادق آباد1,100650,6
41929,2798,عباس آباد امین,100659,6
41930,2798,عباس آباد عابدینی,100660,6
41931,2798,علی آباد سادات,100661,6
41932,2798,فیض آباد,100668,6
41933,2798,قاسم آباد,100669,6
41934,2798,کریم آباد,100671,6
41935,2798,گل آذر,100674,6
41936,2798,گلشن,100676,6
41937,2798,محمد آباد,100682,6
41938,2798,محمدآباد زندی,100684,6
41939,2798,محمدآباد محمد نوقی,100686,6
41940,2798,تلمبه محمدآباد نوری پور,100687,6
41941,2798,مزرعه سادات,100690,6
41942,2798,موتورصفاییه,100695,6
41943,2798,موتورقلعه کهنه,100697,6
41944,2798,مهدی آباد,100698,6
41945,2798,مهدی آباد شرکاء,100702,6
41946,2798,نعمت آباد زیرکوه,100704,6
41947,2798,نور آباد,100705,6
41948,2798,یزدان آباد,100708,6
41949,2798,یوسف آباد,100709,6
41950,2798,تلمبه چمران,381849,6
41951,2798,دهنه درکال,381852,6
41952,2798,تلمبه محمدآباد,381853,6
41953,2798,تلمبه همتیه,381856,6
41954,2798,ایستگاه راه آهن احمدآباد,381859,6
41955,2798,روستای عباس آباد,381860,6
41956,2798,امیر آباد کشاورزان,381861,6
41957,2798,حسین آباد اسلامی,381862,6
41958,2798,ده علی,381863,6
41959,2798,تلمبه امین,381866,6
41960,2798,تلمبه پیشکار یوسف آباد,381867,6
41961,2798,تلمبه عباس آباد,381869,6
41962,2798,تلمبه مهدی آباد,381870,6
41963,2798,تلمبه حسین آباد,381871,6
41964,2798,مهدی آباد,383679,6
41965,2798,تلمبه پیشکار محمودآباد مروج,383755,6
41966,2798,تلمبه عباس آباد,384380,6
41967,2798,رحیم آباد,384381,6
41968,2798,تلمبه نصرآباد,384382,6
41969,2798,احسان آباد,384389,6
41970,2798,تلمبه اکبرآباد زندی,384390,6
41971,2798,تلمبه موسی آباد,384391,6
41972,2798,تلمبه محمداسدی,384411,6
41973,2798,تلمبه عباس سالاری,384412,6
41974,2798,تلمبه علی اسدی,384413,6
41975,2798,تلمبه ده شیخ,384414,6
41976,2798,تلمبه اکبر علی زینل,384416,6
41977,2798,تلمبه دورکی,384417,6
41978,2798,تلمبه علی آباد,384418,6
41979,2798,رضا آباد زندی,384419,6
41980,2798,گلدشت,384534,6
41981,2798,تلمبه محمدآباد,384535,6
41982,2798,تلمبه اکبرآباد2,384536,6
41983,2798,تلمبه علی آباد,384642,6
41984,2798,مزرعه عظیم آباد,385090,6
41985,2798,مزرعه تاکلی,385091,6
41986,2798,وکیل آباد دیانتی,808103,6
41987,2799,احمدآباد فلاح,100948,6
41988,2799,احمدیه,100949,6
41989,2799,اسماعیل آباد شور,100951,6
41990,2799,اکبرآباد,100952,6
41991,2799,اکبرآباد,100953,6
41992,2799,امیرآباد,100956,6
41993,2799,بادمشکی,100957,6
41994,2799,باقرآباد,100958,6
41995,2799,تلمبه آبادان,100960,6
41996,2799,تلمبه احمدیه,100964,6
41997,2799,تلمبه روزکوه رو /تلمبه اسلامیه1,100969,6
41998,2799,تلمبه جهرم,100990,6
41999,2799,تلمبه حسن آباد,100996,6
42000,2799,تلمبه حسین آباد,100999,6
42001,2799,تلمبه حشمتیه,101001,6
42002,2799,تلمبه حیدر آباد,101002,6
42003,2799,تلمبه دماوند,101006,6
42004,2799,تلمبه زرین دشت,101015,6
42005,2799,تلمبه سرخس,101017,6
42006,2799,تلمبه سمیعی,101020,6
42007,2799,تلمبه صدرآباد,101024,6
42008,2799,تلمبه صفاییه,101025,6
42009,2799,تلمبه عباس آباد2,101028,6
42010,2799,تلمبه عباس آباد1,101029,6
42011,2799,تلمبه فرح آباد,101036,6
42012,2799,تلمبه فردوس,101038,6
42013,2799,تلمبه فلاحیه,101039,6
42014,2799,تلمبه قاسم آباد,101041,6
42015,2799,تلمبه قطب آباد,101042,6
42016,2799,تلمبه محمدآباد,101047,6
42017,2799,تلمبه محمدآباد,101048,6
42018,2799,تلمبه محمدیه,101051,6
42019,2799,تلمبه محمودآباد,101053,6
42020,2799,تلمبه ملت پرست,101056,6
42021,2799,تلمبه مهدی آباد,101059,6
42022,2799,تلمبه همت آباد,101064,6
42023,2799,جنت آباد,101068,6
42024,2799,حاجی آباد,101075,6
42025,2799,حاجی آباد,101076,6
42026,2799,حسن آباد,101078,6
42027,2799,حسین آباد امامی,101081,6
42028,2799,خالق آباد,101086,6
42029,2799,دقوق آباد,101088,6
42030,2799,دهنو,101092,6
42031,2799,رضا آباد,101094,6
42032,2799,روا مهران,101096,6
42033,2799,زانوق آباد,101097,6
42034,2799,شاهرخ آباد,101101,6
42035,2799,صدرآباد,101108,6
42036,2799,عباس آباد,101110,6
42037,2799,عباس آباد فلاح,101111,6
42038,2799,علی آباد,101113,6
42039,2799,فیروز آباد,101120,6
42040,2799,کریم آباد,101126,6
42041,2799,محمدآباد برخوردار,101130,6
42042,2799,محمدآباد سیدجلال,101133,6
42043,2799,محمود آباد فلاح,101135,6
42044,2799,موتورجنگلبانی,101138,6
42045,2799,مهرآباد,101144,6
42046,2799,نجم آباد,101146,6
42047,2799,یحیی آباد,101154,6
42048,2799,یدالله آباد,101155,6
42049,2799,تلمبه محمودآباد زینلی,101156,6
42050,2799,تلمبه عباس آباد,381798,6
42051,2799,تلمبه احمدیه,381799,6
42052,2799,تلمبه روامهران,381801,6
42053,2799,تلمبه جوادیه 1,381811,6
42054,2799,تلمبه جوادیه 2,381813,6
42055,2799,ده خواجه,381816,6
42056,2799,فرح آباد,381817,6
42057,2799,فیض آباد,381819,6
42058,2799,مجکوییه,381821,6
42059,2799,تلمبه حجت آباد,384406,6
42060,2799,تلمبه یحیی آباد,384407,6
42061,2799,حسن آباد,384410,6
42062,2800,احمدآباد,100947,6
42063,2800,اسماعیل آباد,100950,6
42064,2800,تلمبه اسلامیه 1,100967,6
42065,2800,تلمبه آسیا,100971,6
42066,2800,تلمبه اکبرجعفری,100975,6
42067,2800,تلمبه آگاه,100976,6
42068,2800,تلمبه امیرآباد,100980,6
42069,2800,تلمبه بزاز,100983,6
42070,2800,تلمبه بهمن آباد,100985,6
42071,2800,تلمبه جلال بابایی,100989,6
42072,2800,تلمبه حاجی آباد,100991,6
42073,2800,تلمبه خرگوش آباد,101004,6
42074,2800,تلمبه رضا آباد,101010,6
42075,2800,تلمبه رضاییه,101011,6
42076,2800,تلمبه رضوان /رضوان نعمت الهی /,101012,6
42077,2800,تلمبه زیباشهر,101016,6
42078,2800,تلمبه سعادت آباد,101018,6
42079,2800,تلمبه شاهرخ آباد,101022,6
42080,2800,تلمبه شمس آباد/حمیدآباد/,101023,6
42081,2800,تلمبه عباس آباد,101027,6
42082,2800,تلمبه عباس حبیب,101031,6
42083,2800,تلمبه عزیز آباد,101032,6
42084,2800,تلمبه علی کوهی,101033,6
42085,2800,تلمبه فتح آباد,101035,6
42086,2800,تلمبه فیروز آباد,101040,6
42087,2800,تلمبه گلزارجوانان,101045,6
42088,2800,تلمبه گل شهر,101046,6
42089,2800,تلمبه محمودآباد,101052,6
42090,2800,تلمبه نازی آباد,101060,6
42091,2800,تلمبه نصیرآباد,101062,6
42092,2800,جعفرآباد,101066,6
42093,2800,جهان آباد,101072,6
42094,2800,چشمه سفید,101074,6
42095,2800,حسن آباد,101077,6
42096,2800,حسین آباد,101080,6
42097,2800,حفض آباد هجری,101084,6
42098,2800,درهنگ,101087,6
42099,2800,رحمت آباد,101093,6
42100,2800,زرین دشت,101098,6
42101,2800,سیدجلال الدین,101099,6
42102,2800,شجاع آباد بالا,101102,6
42103,2800,شجاع آباد پایین,101103,6
42104,2800,شمس آباد,101104,6
42105,2800,عنایت آباد,101116,6
42106,2800,فیض آباد,101121,6
42107,2800,کمال آباد,101128,6
42108,2800,محمد آباد جهانگیر,101131,6
42109,2800,محمودیه,101136,6
42110,2800,مرتضی آباد,101137,6
42111,2800,نعمت آباد,101147,6
42112,2800,نعیم آباد,101149,6
42113,2800,تلمبه حسن آباد,381822,6
42114,2800,تلمبه اشتر آباد,384378,6
42115,2801,الله آباد,100954,6
42116,2801,تلمبه احمدآباد,100962,6
42117,2801,تلمبه اسدآباد,100965,6
42118,2801,تلمبه اسلامیه2,100970,6
42119,2801,تلمبه الهیه,100977,6
42120,2801,تلمبه امام داد,100978,6
42121,2801,تلمبه امامیه,100979,6
42122,2801,تلمبه باقرآباد,100981,6
42123,2801,تلمبه برخوردار,100982,6
42124,2801,تلمبه بوستان,100984,6
42125,2801,تلمبه تقی آباد,100987,6
42126,2801,تلمبه حسن آباد1,100993,6
42127,2801,تلمبه حسن آباد,100995,6
42128,2801,تلمبه حسین آباد,100998,6
42129,2801,تلمبه حسین آباد فهرجی,101000,6
42130,2801,تلمبه خداداد,101003,6
42131,2801,تلمبه دشت سبز,101005,6
42132,2801,تلمبه رحیم آباد,101008,6
42133,2801,تلمبه رستم آباد,101009,6
42134,2801,تلمبه رضوان,101013,6
42135,2801,تلمبه شاه پسند,101021,6
42136,2801,تلمبه فاطمیه,101034,6
42137,2801,تلمبه فردوس,101037,6
42138,2801,تلمبه کاظم آباد,101043,6
42139,2801,تلمبه گلبهار,101044,6
42140,2801,تلمبه محمدآباد بزاز,101050,6
42141,2801,تلمبه محمودیه,101054,6
42142,2801,تلمبه مهدیه,101057,6
42143,2801,تلمبه وارسته,101063,6
42144,2801,توغری,101065,6
42145,2801,جنت مرتضوی,101069,6
42146,2801,جوادیه مرتضوی,101071,6
42147,2801,دولت آباد,101089,6
42148,2801,ده محمدمرتضوی,101091,6
42149,2801,رکن آباد,101095,6
42150,2801,علی آباد,101114,6
42151,2801,علی آباد هراتی,101115,6
42152,2801,فتح آباد,101117,6
42153,2801,قادر آباد,101122,6
42154,2801,گلدشت,101129,6
42155,2801,محمدآباد هراتی,101134,6
42156,2801,موتور حجت آباد,101139,6
42157,2801,موتورحسن آباد حمیدیه جوانان,101140,6
42158,2801,مهدی آباد,101143,6
42159,2801,ناصح آباد,101145,6
42160,2801,همت آباد,101152,6
42161,2801,قایمیه,384761,6
42162,2802,اکبرآباد,102780,6
42163,2802,باداموییه,102783,6
42164,2802,پا گدارو,102786,6
42165,2802,چنالو,102792,6
42166,2802,خرم آباد,102794,6
42167,2802,داهوییه,102795,6
42168,2802,درادمی,102796,6
42169,2802,دربید خون,102797,6
42170,2802,درجم,102798,6
42171,2802,دهنو,102802,6
42172,2802,دهنو شفیع,102803,6
42173,2802,علی آباد مهدویان,102810,6
42174,2802,کوه خونو,102811,6
42175,2802,گودبادیزی,102816,6
42176,2802,گودحمام,102817,6
42177,2802,محمد آباد,102820,6
42178,2802,محمدعلی آباد,102821,6
42179,2802,معدن گچ,102824,6
42180,2802,مهدی آبا دسفلی,102826,6
42181,2802,مهدی آباد علیا,102827,6
42182,2802,کوره معدن گچ شماره1,382120,6
42183,2802,کوره شکاره 2 معدن گچ,382121,6
42184,2802,سنگ شکن ذوب آهن,382125,6
42185,2802,گود سوزو,382126,6
42186,2802,نگهبانی ذوب آهن,382127,6
42187,2802,شرکت معدن جو,384600,6
42188,2803,آب شورو,102686,6
42189,2803,باب کرج,102690,6
42190,2803,باب ندان,102691,6
42191,2803,باب نگوییه,102692,6
42192,2803,بیدوییه,102694,6
42193,2803,تزرج,102695,6
42194,2803,چاهکین,102696,6
42195,2803,حجتیه,102698,6
42196,2803,حسین آباد1,102699,6
42197,2803,حسین آباد,102701,6
42198,2803,حشیش,102703,6
42199,2803,حصین,102704,6
42200,2803,دربادیان,102705,6
42201,2803,درخیز,102706,6
42202,2803,درزوییه,102707,6
42203,2803,ده شعیب1,102709,6
42204,2803,ده علی,102710,6
42205,2803,دهنو/باقرآباد/,102712,6
42206,2803,ریزوییه,102713,6
42207,2803,زارکوییه,102715,6
42208,2803,شغزا,102718,6
42209,2803,کرچکو,102721,6
42210,2803,گنادیش,102723,6
42211,2803,کیشی,102724,6
42212,2803,محمدآباد,102725,6
42213,2803,مهدی آباد باب ندان,102726,6
42214,2803,نمونوییه,102728,6
42215,2803,هنگوییه,102729,6
42216,2803,ابراهیم آباد,103323,6
42217,2803,احمدآباد ماه ترسون,103324,6
42218,2803,اسفند,103325,6
42219,2803,اسفنوییه,103326,6
42220,2803,اکبرآباد,103327,6
42221,2803,باب بیدوییه,103329,6
42222,2803,باب تنگل,103330,6
42223,2803,باب هنگروییه,103331,6
42224,2803,بادیز,103333,6
42225,2803,بناوند,103334,6
42226,2803,بیدوحسینا,103335,6
42227,2803,بیدوییه,103336,6
42228,2803,پتکوییه,103337,6
42229,2803,پیشکش,103338,6
42230,2803,توکل آباد,103339,6
42231,2803,تیتوییه,103340,6
42232,2803,جرجافک,103342,6
42233,2803,چاهوییه,103343,6
42234,2803,چناروییه,103344,6
42235,2803,حاجی آباد,103345,6
42236,2803,حسین آباد جدید,103346,6
42237,2803,داورونوییه,103349,6
42238,2803,درآب,103350,6
42239,2803,درجودون,103351,6
42240,2803,ده الله قلی,103352,6
42241,2803,ده زارچ چوب,103353,6
42242,2803,ده سالار,103354,6
42243,2803,ده سرتیپ,103355,6
42244,2803,ده شعیب2,103356,6
42245,2803,ده عباس,103357,6
42246,2803,ده میان,103358,6
42247,2803,ده میروییه,103359,6
42248,2803,ده یدالله,103361,6
42249,2803,ده یعقوب,103362,6
42250,2803,باقرآباد/دهنو/,103363,6
42251,2803,دهنو هرزنگ,103367,6
42252,2803,رحمت آباد,103368,6
42253,2803,روشنو,103369,6
42254,2803,سبلوییه,103370,6
42255,2803,سربند,103371,6
42256,2803,سرتخت,103372,6
42257,2803,سرخونی,103373,6
42258,2803,سرمور,103374,6
42259,2803,حسین آباد(شاه آباد سابق),103375,6
42260,2803,شهردان,103377,6
42261,2803,طوس آباد,103378,6
42262,2803,عبدل آباد,103379,6
42263,2803,عبدل آبادجدید /بیل آباد/,103380,6
42264,2803,عزیزآباد,103381,6
42265,2803,علی آباد,103382,6
42266,2803,قلعه مومن,103384,6
42267,2803,کریم آباد,103385,6
42268,2803,کشکوییه,103386,6
42269,2803,کهنوج,103387,6
42270,2803,مهدآباد,103388,6
42271,2803,محمدآباد شوراب,103389,6
42272,2803,محمدآباد گودچیل,103390,6
42273,2803,منصورآباد,103391,6
42274,2803,مهدی آباد,103392,6
42275,2803,ندانموییه,103393,6
42276,2803,هرزنگ,103394,6
42277,2803,هرمزآباد,103395,6
42278,2803,هشتادان,103396,6
42279,2803,هشتادزیار,103397,6
42280,2803,همت آباد,103398,6
42281,2803,هنزاف,103399,6
42282,2803,طاقدر,382048,6
42283,2803,گودهزارمیش,382049,6
42284,2803,ده غلامعلی,382050,6
42285,2803,ده حق وردی,382051,6
42286,2803,دوییه,382052,6
42287,2803,رانیوییه,382053,6
42288,2803,ده شیخ,382055,6
42289,2803,گاوداری هاشمی,382058,6
42290,2803,آب تکو,384354,6
42291,2803,مزرعه محمدآبادشور آباد,808031,6
42292,2804,آبخیزوییه,102881,6
42293,2804,اکبرآباد,102882,6
42294,2804,السوییه,102883,6
42295,2804,باب دوری,102884,6
42296,2804,باب هوتک,102885,6
42297,2804,بگشتوییه,102887,6
42298,2804,ده بنان بالا,102888,6
42299,2804,بیدکج,102889,6
42300,2804,بیدگرم,102890,6
42301,2804,بیدوییه,102891,6
42302,2804,بیدوبنان,102892,6
42303,2804,پیرعلی,102893,6
42304,2804,تلمبه احمدی بالا,102894,6
42305,2804,تلمبه اسلامی,102895,6
42306,2804,تلمبه برده,102896,6
42307,2804,تلمبه بلوچها,102897,6
42308,2804,تلمبه تی توجلال,102898,6
42309,2804,تلمبه حاجی آباد,102899,6
42310,2804,تلمبه حجت آباد,102900,6
42311,2804,تلمبه محمدآباد,102901,6
42312,2804,تلمبه سرسیاه,102903,6
42313,2804,تلمبه سیدموسی,102904,6
42314,2804,تلمبه عباس آباد,102905,6
42315,2804,تلمبه علی آباد1,102906,6
42316,2804,تلمبه ریگو,102907,6
42317,2804,تلمبه وهاب زاده,102909,6
42318,2804,تلمبه همت آباد/ تلمبه کربلایی فرج الله,102910,6
42319,2804,ته سوخته,102911,6
42320,2804,چاه خمرود,102915,6
42321,2804,چشمه تراوا,102916,6
42322,2804,چشمه سفیدو,102917,6
42323,2804,چشمه منصوری,102918,6
42324,2804,حسن آباد,102919,6
42325,2804,خمرود,102921,6
42326,2804,دشت خاک,102922,6
42327,2804,ده بابو,102924,6
42328,2804,ده چنارو,102925,6
42329,2804,ده زنگو,102928,6
42330,2804,ده کل محمد نواب,102931,6
42331,2804,ده محمد غلامرضا,102932,6
42332,2804,ده محمدرجب,102933,6
42333,2804,ده معمی,102934,6
42334,2804,دهنو1,102936,6
42335,2804,دهنوحسین اصغر,102937,6
42336,2804,دهنوسفلی,102938,6
42337,2804,دهنو علیا,102939,6
42338,2804,دهو محمد مومن,102940,6
42339,2804,زارچوییه,102941,6
42340,2804,زهدر سفلی,102942,6
42341,2804,سرخ بیدپایین,102944,6
42342,2804,سرخ بیدبالا,102945,6
42343,2804,سرسیاه,102946,6
42344,2804,شرمی,102949,6
42345,2804,عباس آباد1,102951,6
42346,2804,عباس آباد2,102952,6
42347,2804,عباس آباد3,102953,6
42348,2804,کاشکوییه,102955,6
42349,2804,گردونوییه,102959,6
42350,2804,کریکوبالا,102960,6
42351,2804,کریکوپایین,102961,6
42352,2804,کریکومیان,102962,6
42353,2804,گل توت,102963,6
42354,2804,گلی آباد,102964,6
42355,2804,گودپتنی,102965,6
42356,2804,گودچیل بالا,102966,6
42357,2804,گود زارچوییه,102968,6
42358,2804,گودگز,102969,6
42359,2804,گودوییه میرزاعلی,102970,6
42360,2804,گور آب جمعه,102971,6
42361,2804,گور آب شیخ الرییس,102972,6
42362,2804,گور آب گنجی,102973,6
42363,2804,گیرآباد,102974,6
42364,2804,محمدآباد2,102976,6
42365,2804,محمدآباد شور,102977,6
42366,2804,مورثی,102979,6
42367,2804,باب عبدان,103781,6
42368,2804,رشک علیا,103802,6
42369,2804,رشک وسطی,103803,6
42370,2804,سیدآباد,103806,6
42371,2804,هنجروییه,103824,6
42372,2804,چشمه عباس محمد,382182,6
42373,2804,شرکت گلدشت,382183,6
42374,2804,تلمبه چهل تایی,382184,6
42375,2804,حسین آباد هادی منصوری,382186,6
42376,2804,بشروییه,382189,6
42377,2804,تلمبه باب دوری,382190,6
42378,2804,گلیو,382192,6
42379,2804,تلمبه حاج ماشااله,382193,6
42380,2804,پیوال دشتی,382194,6
42381,2804,النگ دراز,382197,6
42382,2804,گوردون پایین,382202,6
42383,2804,دهنه گودو,382207,6
42384,2804,تنگلو,382208,6
42385,2804,ده بنان پایین,382209,6
42386,2804,ده بالا,382210,6
42387,2804,ده چنارو,382211,6
42388,2804,دهنو2,382212,6
42389,2804,گودچیل پایین,382216,6
42390,2804,گودچیل وسط,382217,6
42391,2804,ده حسین کامساری,382218,6
42392,2804,اشکفت,382219,6
42393,2804,ده حسین کل محمد,382220,6
42394,2804,تیت بیدوییه,382222,6
42395,2804,حسین آبادسعیدی,382223,6
42396,2804,تلمبه علی آباد2,384637,6
42397,2805,تزرج,102570,6
42398,2805,ده آهنگر,102923,6
42399,2805,ده زوییه,102929,6
42400,2805,ده علیرضا,102930,6
42401,2805,گودریگ,102967,6
42402,2805,شمس آباد /دهنوبالا/,103163,6
42403,2805,عشق آباد,103170,6
42404,2805,آب ریگو,103477,6
42405,2805,احمدی,103478,6
42406,2805,احمقان پایین,103480,6
42407,2805,باب بیدنان /ده بیدنن /,103483,6
42408,2805,باب خوشاب,103484,6
42409,2805,باب سوختگان,103485,6
42410,2805,باب گودیان,103486,6
42411,2805,باندروییه,103487,6
42412,2805,برفوییه,103488,6
42413,2805,بن شوری,103489,6
42414,2805,بنداصغر,103491,6
42415,2805,بندبرجی,103492,6
42416,2805,بندروییه سفلی,103493,6
42417,2805,بند روییه علیا,103494,6
42418,2805,بندزاروییه,103495,6
42419,2805,بونوییه,103497,6
42420,2805,بیدان,103498,6
42421,2805,بیدبندر,103499,6
42422,2805,بیدحسین,103500,6
42423,2805,بیدنصری,103501,6
42424,2805,پاگدار,103502,6
42425,2805,پا گدارو,103503,6
42426,2805,پتکوییه,103504,6
42427,2805,تلمبه سرخ بید,103505,6
42428,2805,تنگ انجیر,103506,6
42429,2805,تی تو,103507,6
42430,2805,غیاث آباد,103508,6
42431,2805,جنگلو,103509,6
42432,2805,جوزوییه,103510,6
42433,2805,چشمه ساردوییه,103511,6
42434,2805,چشمه کندر,103513,6
42435,2805,چشمه یحیی,103514,6
42436,2805,ختم آباد,103516,6
42437,2805,دارخونی,103518,6
42438,2805,در استون,103519,6
42439,2805,درپتکو,103520,6
42440,2805,درچنارو1,103522,6
42441,2805,درچنارو 2,103523,6
42442,2805,درچیریون,103524,6
42443,2805,درسنجدو,103525,6
42444,2805,درسیفان,103526,6
42445,2805,درشکوکان,103527,6
42446,2805,درکورتو,103528,6
42447,2805,درگز,103529,6
42448,2805,درندون,103530,6
42449,2805,درنریان,103531,6
42450,2805,ده شیخ,103533,6
42451,2805,دهنوییه,103534,6
42452,2805,دهنه گود دربند,103535,6
42453,2805,زنگوییه سفلی,103536,6
42454,2805,زنگوییه علیا,103537,6
42455,2805,زین آباد,103538,6
42456,2805,سرتنگل,103540,6
42457,2805,سرخ بید,103541,6
42458,2805,سرزه سفلی,103542,6
42459,2805,سرزه علیا,103543,6
42460,2805,سرزه وسطی,103544,6
42461,2805,سینوییه,103545,6
42462,2805,شاهرخ آباد,103546,6
42463,2805,شورو,103547,6
42464,2805,شهرسازی درگر,103548,6
42465,2805,عباس آباد,103549,6
42466,2805,عیسی آباد,103550,6
42467,2805,فتح آباد,103551,6
42468,2805,قنات البشر,103552,6
42469,2805,کریکو,103553,6
42470,2805,کهنوج,103554,6
42471,2805,کیش باب شگون,103555,6
42472,2805,گلبانک,103556,6
42473,2805,گلی تابه,103557,6
42474,2805,گنج آباد,103559,6
42475,2805,گنجشکوییه,103560,6
42476,2805,گود انار,103562,6
42477,2805,گودباقر,103563,6
42478,2805,گودبید,103565,6
42479,2805,گودبیدو,103566,6
42480,2805,گودتنگوییه,103567,6
42481,2805,گود درپهن,103569,6
42482,2805,گود گردو,103571,6
42483,2805,گود مارز,103572,6
42484,2805,گوران,103573,6
42485,2805,گیشوییه,103574,6
42486,2805,لیلی بند,103575,6
42487,2805,مهرو,103576,6
42488,2805,ناصرآباد ملک /دهنوخان /,103577,6
42489,2805,خونگ,382136,6
42490,2805,سراپرده,382140,6
42491,2805,ده برجی,382141,6
42492,2805,گودعلیرضا,382142,6
42493,2805,گودکمال,382143,6
42494,2805,مرغداری منصوری /مرغداری حبیبی /,382144,6
42495,2805,واحدتولیدی گچ شوره زرند,382146,6
42496,2805,شورآباد,382148,6
42497,2805,چشمه جعفر,382149,6
42498,2805,گودباغ,382150,6
42499,2805,ده حسینعلی,382151,6
42500,2805,بندحاج حسین,382152,6
42501,2805,گود دربند,382153,6
42502,2805,گودقوچ,382154,6
42503,2805,سنجدوییه,382155,6
42504,2805,معدن شن و ماسه,382157,6
42505,2805,چشمه دعوایی,382158,6
42506,2805,شرکت نوپل,384603,6
42507,2805,شرکت آسفالت راه وصحرا,384921,6
42508,2806,اسماعیل آباد,103083,6
42509,2806,تقی آباد,103108,6
42510,2806,تلمبه عباس یزدانی,103118,6
42511,2806,حسن آباد,103135,6
42512,2806,حسین آباد اخوند,103137,6
42513,2806,خیرآباد,103143,6
42514,2806,دولت آباد,103144,6
42515,2806,ده ایرج,103145,6
42516,2806,ده چنار,103146,6
42517,2806,ده شیخ,103147,6
42518,2806,سلیمان آباد,103157,6
42519,2806,شاه جهان آباد/روح آباد/,103159,6
42520,2806,علی آباد سفلی,103173,6
42521,2806,علی آباد شور,103174,6
42522,2806,کریم آباد,103183,6
42523,2806,محمد آباد,103187,6
42524,2806,مهدی آبادشور,103193,6
42525,2806,نعیم آباد,103195,6
42526,2806,واسط,103198,6
42527,2806,همت آباد,103199,6
42528,2806,تلمبه ارجمند1,382062,6
42529,2806,تلمبه پرویز دبستانی,382069,6
42530,2806,تلمبه ابراهیم خان سیف الدینی,385004,6
42531,2806,پروژه گاوداریها,385006,6
42532,2806,تلمبه های هوشنگ ارجمند (ارجمندیه ),385012,6
42533,2806,مجموعه تلمبه های روح آباد,385014,6
42534,2807,اکبرآباد,102779,6
42535,2807,جامگون,102789,6
42536,2807,ده احمد,102800,6
42537,2807,زرخیز,102806,6
42538,2807,گتکوییه,102812,6
42539,2807,گیرمون,102813,6
42540,2807,گزوییه,102814,6
42541,2807,گودو,102818,6
42542,2807,آب پنگوییه,103079,6
42543,2807,ابراهیم آباد,103080,6
42544,2807,احمدآباد یلمقانی,103081,6
42545,2807,ارجمندیه,103082,6
42546,2807,ده آقایی,103097,6
42547,2807,بها آباد,103103,6
42548,2807,بهارستان,103104,6
42549,2807,تلمبه اصفهانی,103111,6
42550,2807,تلمبه رستمی,103115,6
42551,2807,تلمبه قدرت آباد,103122,6
42552,2807,خدا آفرین,103141,6
42553,2807,سرباغ شاهرمزد,103161,6
42554,2807,عباس آباد,103167,6
42555,2807,عبداله آباد,103168,6
42556,2807,عریزآباد,103169,6
42557,2807,علی آباد,103171,6
42558,2807,فتح آباد,103176,6
42559,2807,فیروز آباد,103180,6
42560,2807,گیسک,103186,6
42561,2807,مطهرآباد تاج آباد,103191,6
42562,2807,بنستان,103197,6
42563,2807,باب تنگل / درتنگل/,103521,6
42564,2807,آسیاب 10,382089,6
42565,2807,کشتارگاه زرند,382098,6
42566,2807,مجتمع کشاورزی فجر1,382102,6
42567,2807,تلمبه محمدصالحی,382111,6
42568,2807,تلمبه کشاورزان علی آباد /حجت آباد/,382112,6
42569,2807,روستای طالقانی,382159,6
42570,2807,تلمبه ریگ آباد2,384349,6
42571,2807,ایستگاه ذخیره برق /ایستگاه تقویت برق,384598,6
42572,2807,روستای شهید بهشتی,384612,6
42573,2807,گلخانه مهندس سلطانی,385136,6
42574,2808,در آبدوییه سفلی,102775,6
42575,2808,درHبدوییه علیا,102776,6
42576,2808,ابراهیم آباد,102777,6
42577,2808,عفت آباد,102809,6
42578,2808,گلیکون,102815,6
42579,2808,حمیدیه /ملک آباد/,102825,6
42580,2808,حسن آباد,382116,6
42581,2809,اسفندزار,102559,6
42582,2809,خمرودوییه /امروییه /,102561,6
42583,2809,اولنگ دراز,102562,6
42584,2809,باب ماکی,102565,6
42585,2809,پلنگو,102566,6
42586,2809,پنج چاری,102567,6
42587,2809,پوزتیر,102568,6
42588,2809,ترانکستان,102569,6
42589,2809,تنگوییه,102571,6
42590,2809,چک چک آباد,102573,6
42591,2809,چنگوییه,102574,6
42592,2809,حتکن,102575,6
42593,2809,حسین آباد,102576,6
42594,2809,حوریک,102577,6
42595,2809,حیکان پایین /اسماعیل آباد/,102578,6
42596,2809,خوش کاف,102579,6
42597,2809,درآب,102580,6
42598,2809,درگرسا,102581,6
42599,2809,ده حسن کوچک,102582,6
42600,2809,ده قاضی,102583,6
42601,2809,ده میلان,102584,6
42602,2809,دهنو,102585,6
42603,2809,رودخونی,102586,6
42604,2809,سرباغ,102587,6
42605,2809,سرتختی,102588,6
42606,2809,سرودان,102589,6
42607,2809,سکوکان,102590,6
42608,2809,سنجدو,102591,6
42609,2809,سوسفید,102592,6
42610,2809,سوناییه,102593,6
42611,2809,سیلاب خور پایین,102594,6
42612,2809,سیلاب خور بالا,102595,6
42613,2809,شاه محمدی,102596,6
42614,2809,شور آباد,102597,6
42615,2809,علی آباد,102598,6
42616,2809,فردوس,102599,6
42617,2809,قطروییه,102600,6
42618,2809,کریکستان,102601,6
42619,2809,کلی کوییه,102602,6
42620,2809,کهنوج,102603,6
42621,2809,گم تنگ,102604,6
42622,2809,گریکوپایین,102605,6
42623,2809,گریکوبالا,102606,6
42624,2809,گزانی بالا,102607,6
42625,2809,گزانی پایین,102608,6
42626,2809,گودالنگو,102609,6
42627,2809,گوددرگنج,102610,6
42628,2809,گودسیب,102611,6
42629,2809,گودفیروز,102612,6
42630,2809,گودگردو,102613,6
42631,2809,گودنخودی,102614,6
42632,2809,گوش دردان,102615,6
42633,2809,محمدآباد,102616,6
42634,2809,مدبون,102617,6
42635,2809,معدن باب گهر,102618,6
42636,2809,هنگر,102619,6
42637,2809,هنگربالا,102620,6
42638,2809,هنگرپایین,102621,6
42639,2809,انجیردر,103481,6
42640,2809,ایوب آباد,103482,6
42641,2809,بن گوداسپیدار,103490,6
42642,2809,چشمه سرگدار,103512,6
42643,2809,گنبدو,103558,6
42644,2809,گوداسپیدار,103561,6
42645,2809,گودبغل جنگل,103564,6
42646,2809,گودکیمیه,103570,6
42647,2809,چشمه باغوییه,382128,6
42648,2809,ده حسین,382129,6
42649,2809,حیکان بالا,382130,6
42650,2809,گودیوسف,382131,6
42651,2809,تنگل سرگدار,382132,6
42652,2809,سرگدار,382133,6
42653,2809,چشمه شکراله,382135,6
42654,2809,درگر باب گهر,382137,6
42655,2809,دروتی,382138,6
42656,2809,رییسی,382139,6
42657,2809,پشته مورو,384636,6
42658,2809,سرخالی,808706,6
42659,2810,آب باد,102685,6
42660,2810,ابرون,102687,6
42661,2810,اسپند,102688,6
42662,2810,اناروییه,102689,6
42663,2810,چکاب,102697,6
42664,2810,حسین آباد2,102700,6
42665,2810,ده پشتو,102708,6
42666,2810,زارونوییه,102716,6
42667,2810,فرح آباد,102720,6
42668,2810,کرچکان,102722,6
42669,2810,ناچو,102727,6
42670,2810,اسلام آباد انقلاب,103681,6
42671,2810,اکبر آباد1,103682,6
42672,2810,اکبر آباد2,103683,6
42673,2810,ایستگاه راه آهن سنگ,103684,6
42674,2810,ایستگاه سیریز,103685,6
42675,2810,بستان آباد,103686,6
42676,2810,تلمبه اصغرایرانی /اصغرجوادی /,103687,6
42677,2810,تلمبه جغنو,103689,6
42678,2810,تلمبه جوادیه,103690,6
42679,2810,تلمبه یداله دانایی,103691,6
42680,2810,جوادیه,103693,6
42681,2810,چاه بنه,103694,6
42682,2810,دهنوسنگ,103701,6
42683,2810,رحمت آباد,103703,6
42684,2810,رحمت آباد ده آقایی,103704,6
42685,2810,سنگ,103708,6
42686,2810,عباس آباد,103713,6
42687,2810,گلستان,103718,6
42688,2810,محمودآباد,103721,6
42689,2810,هم سیج,103725,6
42690,2810,همکار,103726,6
42691,2810,گلی,382044,6
42692,2810,منبع آب آشامیدنی سنگ,382045,6
42693,2810,چشمه تقی,382046,6
42694,2810,تلمبه حاج حسین خان,382241,6
42695,2810,تلمبه علی رحمانی /علی رهنما/,382242,6
42696,2810,تلمبه حاج منوچهر,382243,6
42697,2810,تلمبه ابراهیمی,382244,6
42698,2810,تلمبه مندل آباد,382245,6
42699,2810,تلمبه لشگر,382246,6
42700,2810,تلمبه همت آبادبوستان,382247,6
42701,2810,درباغ,382249,6
42702,2810,منبع آب آشامیدنی سیریز,382250,6
42703,2810,محمدآباد,382251,6
42704,2810,فیروز آباد,382252,6
42705,2810,احمدآباد,382253,6
42706,2810,تلمبه محمدآباد,382255,6
42707,2810,تلمبه قاسم آباد,382256,6
42708,2810,تلمبه محمودآباد /جعفری /,382257,6
42709,2810,هرو,382258,6
42710,2810,مزرعه حجت آباد,382259,6
42711,2810,تلمبه اکبرآباد,382260,6
42712,2810,تلمبه رضویه,382261,6
42713,2810,تلمبه محمودعسگری,382263,6
42714,2810,منبع آب آشامیدنی اکبرآباد,382264,6
42715,2810,هسومند,382265,6
42716,2810,علی آباد,382267,6
42717,2810,محمد آباد تلمبه شهید علیزاده,384872,6
42718,2810,ایستگاه مانی (قطار),384873,6
42719,2810,ایستگاه مورد (قطار),384874,6
42720,2810,تلمبه بحری,384995,6
42721,2810,تلمبه شلمچه,384999,6
42722,2810,تلمبه زرندیهای سربنان,385002,6
42723,2810,تلمبه هاشم آباد,385003,6
42724,2810,تلمبه بیکاران دهنو,385028,6
42725,2810,تلمبه بیکاران موروییه,385029,6
42726,2810,تلمبه حسن آباد,385030,6
42727,2810,مزرعه حیدرآباد,385031,6
42728,2810,تلمبه شاه میرزا(بلوچی فتح آبادیها),385035,6
42729,2810,تلمبه جعفری,385036,6
42730,2810,مزرعه داشو,808032,6
42731,2810,مزرعه هاشم آباد,808033,6
42732,2810,مسجد ابوالفضل,808669,6
42733,2811,ایستگاه راه آهن گل زرد,103101,6
42734,2811,بیل آباد,103107,6
42735,2811,تلخاب,103109,6
42736,2811,تلمبه غلامحسین ایزدی,103113,6
42737,2811,تلمبه چاه غلامعلی,103114,6
42738,2811,تلمبه کویر,103123,6
42739,2811,تلمبه هنکوییه,103131,6
42740,2811,توکل آباد,103132,6
42741,2811,جلال آباد,103133,6
42742,2811,حجت آباد,103134,6
42743,2811,حسین آباد جهانگیرخان1,103136,6
42744,2811,حصن آباد بالا,103138,6
42745,2811,حصن آباد پایین,103139,6
42746,2811,خسرو آباد,103142,6
42747,2811,دهنو همت آبادشور,103149,6
42748,2811,رحمت آباد شور,103150,6
42749,2811,رضا آبادشور,103152,6
42750,2811,سعیدآباد,103154,6
42751,2811,سلطان آباد,103156,6
42752,2811,شاهرخ آباد,103160,6
42753,2811,شریف آباد,103162,6
42754,2811,عباس آباد,103165,6
42755,2811,عیش آباد,103175,6
42756,2811,فتح آباد شور,103177,6
42757,2811,فتح آباد یزدان آباد,103178,6
42758,2811,فقیر آباد,103179,6
42759,2811,فیض آباد شور,103181,6
42760,2811,محمد آباد گلشن,103188,6
42761,2811,نصر آباد,103194,6
42762,2811,نوش آباد,103196,6
42763,2811,موتوراب اشامیدنی روستای حسن آباد,382169,6
42764,2811,تلمبه حاج محمدشریفی,382172,6
42765,2811,تلمبه دامداری,382173,6
42766,2811,تلمبه وحدت,382175,6
42767,2811,تلمبه یزدان آبادی ها,382176,6
42768,2811,تلمبه کهنوجیها,382177,6
42769,2811,موتورآب آشامیدنی,382179,6
42770,2811,تلمبه خالق آبادی ها,382180,6
42771,2811,تلمبه عیسی آباد,384355,6
42772,2811,تلمبه علی آباد لخرو,384362,6
42773,2811,تلمبه حسن آباد,384366,6
42774,2811,تلمبه دهقانی,808227,6
42775,2811,مرغداری زارعی,808228,6
42776,2811,معدن سنگ,808230,6
42777,2812,احمدآباد,103679,6
42778,2812,احمدی,103680,6
42779,2812,جعفرآباد,103692,6
42780,2812,خرم آباد,103696,6
42781,2812,زینل آباد,103702,6
42782,2812,رمضانی,103705,6
42783,2812,ریزوییه,103706,6
42784,2812,سلطان آباد,103707,6
42785,2812,شاه جهان آباد,103710,6
42786,2812,شریف آباد,103711,6
42787,2812,شعب جره,103712,6
42788,2812,کهنوج,103716,6
42789,2812,مغیث آباد,103719,6
42790,2812,محمدآباد,103720,6
42791,2812,موتور آب رسانی شعبجره,103722,6
42792,2812,نبی آباد,103724,6
42793,2812,حسن آباد,385019,6
42794,2812,چاه گزشت,385020,6
42795,2812,رشید آباد,385021,6
42796,2812,مزرعه جوادالایمه عباس آباد,808022,6
42797,2812,گیوران,808023,6
42798,2813,امین آباد,106480,6
42799,2813,باسفرجان,106482,6
42800,2813,تلمبه رضوی,106504,6
42801,2813,جعفرآباد,106519,6
42802,2813,جلیل آباد(رضوان ),106520,6
42803,2813,حجت آباد,106538,6
42804,2813,حسن آباد کلانتری,106541,6
42805,2813,حسین آباد باقری,106543,6
42806,2813,حسین آباد خانی,106544,6
42807,2813,حسین آباد شماره 1,106545,6
42808,2813,حسین آباد شیخ,106546,6
42809,2813,خانمی,106548,6
42810,2813,دولت آباد کفه,106552,6
42811,2813,ریگ آباد,106560,6
42812,2813,سلطانی,106562,6
42813,2813,سیدانی,106564,6
42814,2813,شریف آباد,106566,6
42815,2813,شکارگه,106567,6
42816,2813,صالح آباد شماره1,106568,6
42817,2813,عباس آباد,106571,6
42818,2813,علی آباد سیدرضا,106575,6
42819,2813,عیش آباد,106577,6
42820,2813,فردوس آباد,106580,6
42821,2813,فیض آباد 2,106582,6
42822,2813,قایم آباد,106583,6
42823,2813,کریم آباد صالح,106592,6
42824,2813,محمدآباد امینی,106603,6
42825,2813,محمدآباد میل دوسر,106604,6
42826,2813,محمودآباد نظری,106606,6
42827,2813,مرادآباد,106608,6
42828,2813,نصر آباد,106626,6
42829,2813,یحیی آباد,106628,6
42830,2813,ایزد آباد,107008,6
42831,2813,تلمبه ارگ,107015,6
42832,2813,تلمبه اسلام آباد,107016,6
42833,2813,تلمبه باغ چوبی /حسین آباد/,107018,6
42834,2813,تاج آباد,107019,6
42835,2813,تلمبه چاه شور /چاه مهندس طیب /,107021,6
42836,2813,تلمبه چاه گز,107023,6
42837,2813,تلمبه عمیق چاه گله,107031,6
42838,2813,تلمبه وحدت 1,107038,6
42839,2813,تلمبه وحدت 2,107039,6
42840,2813,جلال آباد,107040,6
42841,2813,چاه بادام 1,107042,6
42842,2813,چاه خرگوشی,107044,6
42843,2813,چاه خشتو,107045,6
42844,2813,چاه شیرین,107047,6
42845,2813,چاه قبری,107048,6
42846,2813,چاه گبار,107050,6
42847,2813,چاه گله,107051,6
42848,2813,حسن آباد بلوک,107052,6
42849,2813,حسین آباد,107054,6
42850,2813,خیرآبادکفه,107058,6
42851,2813,ده برز,107060,6
42852,2813,ده ترکان,107061,6
42853,2813,ده قطب الدین,107062,6
42854,2813,دهنو1,107063,6
42855,2813,دهنو2,107064,6
42856,2813,شریک آباد,107068,6
42857,2813,شهرآباد,107069,6
42858,2813,عین البقر,107073,6
42859,2813,فخرآباد 1,107074,6
42860,2813,فیروزه,107076,6
42861,2813,فیض آباد 1,107077,6
42862,2813,قادرآباد,107078,6
42863,2813,قطاربنه,107079,6
42864,2813,کریم آباد کفه,107086,6
42865,2813,گاوداری باقرقنبری,107088,6
42866,2813,گل چشمه,107090,6
42867,2813,لای گز,107091,6
42868,2813,محشر آباد,107096,6
42869,2813,محمدآبادآخوندی,107097,6
42870,2813,محمودآباد حسین صفر,107100,6
42871,2813,مرغداری احمدفخرآبادی,107102,6
42872,2813,مرغداری عباس ارزگر,107105,6
42873,2813,مرغداری عباس قشمی,107106,6
42874,2813,مرغداری میرزایی,107113,6
42875,2813,مظفرآباد,107114,6
42876,2813,معدن گل گهر,107115,6
42877,2813,حسین آباد شماره 3,107128,6
42878,2813,مهدی آباد2,107131,6
42879,2813,ناصریه,107133,6
42880,2813,چاه گزپایین,380312,6
42881,2813,چاه قلیدی,380313,6
42882,2813,امیریه (چاه کله بالا),380315,6
42883,2813,تلمبه عمیق طرح عشایری,380316,6
42884,2813,منبع آب آشامیدنی جهاد,380317,6
42885,2813,چاه بره,380318,6
42886,2813,معدن سنگ چینی 1,380319,6
42887,2813,چاه مختار,380322,6
42888,2813,پرپا,380324,6
42889,2813,سه چاه ثانی,380325,6
42890,2813,چاه دراز,380326,6
42891,2813,چاه بادام 2,380327,6
42892,2813,چاه نو,380328,6
42893,2813,چاه تکیو,380329,6
42894,2813,میانکوزیارت,380330,6
42895,2813,چاه قند,380332,6
42896,2813,چاه بید1,380333,6
42897,2813,چاه عباس2,380334,6
42898,2813,چاه مهدی,380336,6
42899,2813,گلی کو,380337,6
42900,2813,چاه بید2,380338,6
42901,2813,چاه میل,380340,6
42902,2813,حسن آباد,380341,6
42903,2813,موتوراد,380342,6
42904,2813,رزو آباد,380344,6
42905,2813,نارو,380346,6
42906,2813,بزگرو,380347,6
42907,2813,چاه بید3,380349,6
42908,2813,چاه گاوی,380350,6
42909,2813,چاه بی بی خونی,380352,6
42910,2813,چاه باغ حسن,380354,6
42911,2813,چاه سبز,380357,6
42912,2813,چاه شیل آباد,380358,6
42913,2813,چاه بنه,380359,6
42914,2813,چاه پیرانار,380360,6
42915,2813,چاه مزراع,380363,6
42916,2813,چاه رستم,380364,6
42917,2813,محمدآبادباغ چوبی,380365,6
42918,2813,موتورنعمت آباد,380366,6
42919,2813,مجتمع کوره های اهک,380373,6
42920,2813,مهرآوران 3,380378,6
42921,2813,موتورایزدآباد,380383,6
42922,2813,فخرآباد2,380385,6
42923,2813,موتورکلنگ 2,380386,6
42924,2813,موتورکلنگ 1,380387,6
42925,2813,گاوداری فخرآبادی,380388,6
42926,2813,علی علی بیگی,380389,6
42927,2813,مرغداری نصرت آبادی,380390,6
42928,2813,مجتمع وکشاورزی ودامداری,380393,6
42929,2813,مرغداری محمودآبادی,380395,6
42930,2813,گاوداری نادری,380396,6
42931,2813,علی آبادشماره 1,380398,6
42932,2813,حسین آبادشماره 2,380403,6
42933,2813,دهنومیانی,380406,6
42934,2813,مهدی آباد3,380409,6
42935,2813,صالح آباد2,383922,6
42936,2813,دهنو2,383923,6
42937,2813,معدن سنگ چینی 2,383931,6
42938,2813,چاه شور1,383932,6
42939,2813,پاسگاه خیرآباد,383933,6
42940,2813,مرغداری احمدارجمند,383967,6
42941,2813,مرغداری نصراله اوراز,383968,6
42942,2813,کارگاه حاج محمدی,383969,6
42943,2813,شرکت نهربتون,383970,6
42944,2813,کارگاه قیرگلستان,383971,6
42945,2813,انبارشرکت کشاورزی عمران,383972,6
42946,2813,کارگاه بلوک زنی,383973,6
42947,2813,موتور پمپ حمیدآباد,383974,6
42948,2813,دان سازی تعاونی مرغداران,384568,6
42949,2813,علی آباد قطاربنه,384709,6
42950,2813,چاه شور2,384710,6
42951,2813,معدن رز (1),384711,6
42952,2813,معدن رز (2),384888,6
42953,2813,مجیدیه مراد آباد,385098,6
42954,2813,چار راه,808555,6
42955,2813,چاه نره چاعباسی,808556,6
42956,2813,چاه تلخچاه نو,808557,6
42957,2813,حسن آباد شیخ ها,808686,6
42958,2814,احمدآبادخواجه,106474,6
42959,2814,احمدآباد سیدمیرزا,106475,6
42960,2814,اکبر آباد,106477,6
42961,2814,امامزاده علی,106478,6
42962,2814,برج آباد,106484,6
42963,2814,بهجت آبادکفه,106485,6
42964,2814,پادگان قدس,106486,6
42965,2814,تلمبه ابراهیم,106492,6
42966,2814,تلمبه احمد,106493,6
42967,2814,تلمبه استادمحمدعلی ناوکی,106494,6
42968,2814,تلمبه عباس آباد,106495,6
42969,2814,تلمبه جمشیدسلیمانی پور,106497,6
42970,2814,تلمبه حاج حسین خوبیاری,106502,6
42971,2814,تلمبه خشک,106503,6
42972,2814,تلمبه اسلام آبادتنبور,106505,6
42973,2814,تلمبه محمدیه,106510,6
42974,2814,تلمبه محمدحمزه,106513,6
42975,2814,تلمبه موسی,106515,6
42976,2814,توانیر,106518,6
42977,2814,جلال آباد,106522,6
42978,2814,جنت آباد,106523,6
42979,2814,حجت آباد,106539,6
42980,2814,حسین آباد هنرخواه,106542,6
42981,2814,دامداری بازعلی,106551,6
42982,2814,دهنوشاه حسین خانی,106554,6
42983,2814,رحمت آباد,106556,6
42984,2814,رحیم آباد,106557,6
42985,2814,رحیم آباد سفلی,106559,6
42986,2814,سعادت آباد,106561,6
42987,2814,سلیمانیه,106563,6
42988,2814,شاه آباد,106565,6
42989,2814,صفت آباد,106570,6
42990,2814,عباس آبادقلعه سنگ,106572,6
42991,2814,عزت آباد,106573,6
42992,2814,علی آبادخواجه,106574,6
42993,2814,علی آبادشیخ,106576,6
42994,2814,فرح آباد,106579,6
42995,2814,قطبیه,106584,6
42996,2814,کریم آباد,106591,6
42997,2814,کهن شهرسفلی,106597,6
42998,2814,کهن شهرعلیا,106598,6
42999,2814,محمد آباد مقدسی,106602,6
43000,2814,محمود آبادشیخ,106605,6
43001,2814,مراد آباد,106607,6
43002,2814,مسجدصاحب الزمان,106611,6
43003,2814,مظفر آباد,106612,6
43004,2814,منصور آباد,106615,6
43005,2814,موتورشهرداری 20,106617,6
43006,2814,موتورشهرداری 21,106618,6
43007,2814,موتورشهرداری 22,106619,6
43008,2814,میادین تیر نیروی دریایی,106624,6
43009,2814,دشت سبز,380417,6
43010,2814,محمودآباد چاه انجیر,380418,6
43011,2814,تلمبه علی رضاصحبتی,380427,6
43012,2814,مهدی آباد,380431,6
43013,2814,مرغداری ده شیری,380434,6
43014,2814,دهنو قلعه سنگ,380435,6
43015,2814,موتوربرق شهرداری,380440,6
43016,2814,موتوربرق شهرداری,380441,6
43017,2814,کارگاه شن و ماسه بنیادخیریه,380442,6
43018,2814,ایستگاه راه آهن,380448,6
43019,2814,تلمبه یعقوبی,380449,6
43020,2814,تلمبه حبیب عزت آبادی,380450,6
43021,2814,کارگاه شرکت گازمایع,380451,6
43022,2814,کارخانه آسفالت,380452,6
43023,2814,حسین آباد محمدرضاخانی,383952,6
43024,2814,وحدت آباد,383953,6
43025,2814,تلمبه زارعین مظفر آباد,383954,6
43026,2814,تلمبه زارعین علی آباد,383955,6
43027,2814,ایستگاه راه آهن,383961,6
43028,2814,چشمه کلیته,383979,6
43029,2814,چاه منوتنبور,383980,6
43030,2814,تلمبه شهیدحسین نادری,383981,6
43031,2814,موتور شهرداری,383982,6
43032,2814,عشایرحوض انبار2,383984,6
43033,2814,اسماعیل آبادسیوند رومی,383986,6
43034,2814,کارخانه پودرسنگ 200تنی کوه تنبور,383987,6
43035,2814,کارگاه بتن لعل,384577,6
43036,2814,فرودگاه,384578,6
43037,2814,معدن سنگ بهروز حیدری,384580,6
43038,2814,معدن سنگ بهرام حیدری,384581,6
43039,2814,تلمبه عشایری چاه مینش,384640,6
43040,2814,تاسیسات آب و فاضلاب سیرجان,384695,6
43041,2814,دامداری سیف الله,384696,6
43042,2814,دامداری اکبر,384764,6
43043,2814,کارخانه تراورس بتنی سی بی جی,384883,6
43044,2814,کارخانه شن و ماسه ساردویی,384884,6
43045,2814,عشایری حاج عباس قشمی,384957,6
43046,2814,آزادگان 1,385155,6
43047,2814,آزادگان 2,385156,6
43048,2814,تلمبه امیری,385158,6
43049,2814,سنگ شکن (معدن ),385159,6
43050,2814,تلمبه قلی رضایی,808690,6
43051,2815,ابرغون,105181,6
43052,2815,آبگرم,105185,6
43053,2815,ارچنو1,105190,6
43054,2815,اردیزعلیا,105192,6
43055,2815,استخرخشک,105194,6
43056,2815,اسفند,105196,6
43057,2815,النگ بیدزنجیره,105201,6
43058,2815,باداموییه,105204,6
43059,2815,بادمو,105205,6
43060,2815,چاه خشک,105210,6
43061,2815,باغ عبدل آباد,105212,6
43062,2815,باغ فتیله,105213,6
43063,2815,بش لاله بالا,105217,6
43064,2815,بیدسیران,105230,6
43065,2815,بیدان,105235,6
43066,2815,پسوجبان,105239,6
43067,2815,تکزه,105248,6
43068,2815,تل کلاهی,105249,6
43069,2815,تلباغچه,105250,6
43070,2815,تلمبه اسداله روچویی,105251,6
43071,2815,تلمبه اسلام آباد,105252,6
43072,2815,تلمبه امین آباد,105253,6
43073,2815,تلمبه بنیادمستضعفان,105254,6
43074,2815,تلمبه منصورامیری,105255,6
43075,2815,تلمبه جهادی پاریزی,105256,6
43076,2815,تلمبه چاه قندفتحی,105257,6
43077,2815,تلمبه خط آهن,105258,6
43078,2815,تلمبه دپیلمه ها,105259,6
43079,2815,تلمبه رضا پورامینایی,105260,6
43080,2815,تلمبه شمشادچاه جلالی,105261,6
43081,2815,تلمبه عزیزاله امیری,105262,6
43082,2815,تلمبه علی پورامینایی,105263,6
43083,2815,تلمبه مجتمع کشاورزی 63,105264,6
43084,2815,تلمبه محمدخدابخشی,105265,6
43085,2815,تلمبه محمودی,105266,6
43086,2815,توتوییه,105271,6
43087,2815,تیچنگوییه,105272,6
43088,2815,توگزان,105273,6
43089,2815,جعفر آباد,105275,6
43090,2815,جیرستان,105281,6
43091,2815,چاه جلال,105283,6
43092,2815,چاه قادرو,105285,6
43093,2815,چشمه بورک,105289,6
43094,2815,چشمه لالاسوز,105295,6
43095,2815,چگو,105297,6
43096,2815,حاجی آباد1,105300,6
43097,2815,حسن آباد1,105304,6
43098,2815,حسن آباد2,105306,6
43099,2815,حسن آباد سفلی,105309,6
43100,2815,اسد آباد,105310,6
43101,2815,حسن آباد علیا,105311,6
43102,2815,حسین آباد5,105312,6
43103,2815,حسین آباد1,105314,6
43104,2815,حسین آبادخواجه عبداله,105316,6
43105,2815,حسین آباد3,105317,6
43106,2815,حسین آباد پایین,105321,6
43107,2815,حیران آباد,105322,6
43108,2815,خیر آباد,105332,6
43109,2815,درتیری,105333,6
43110,2815,درق,105335,6
43111,2815,درندو,105339,6
43112,2815,فرستنده تلویزیونی لاشکار,105342,6
43113,2815,دلنگان,105343,6
43114,2815,دویدو,105347,6
43115,2815,ده اکبر,105350,6
43116,2815,ده انبرو,105352,6
43117,2815,ده پلاسی,105353,6
43118,2815,ده حبیب الله,105357,6
43119,2815,ده حیدرعلی,105359,6
43120,2815,ده درویش1,105361,6
43121,2815,ده سعدی,105363,6
43122,2815,ده سنگ تراش,105364,6
43123,2815,ده سید,105367,6
43124,2815,ده شور,105369,6
43125,2815,ده شیرک,105371,6
43126,2815,ده علی ملاحسین,105373,6
43127,2815,ده قربونیاسفلی,105374,6
43128,2815,ده قربونیاعلیا,105375,6
43129,2815,ده قلی,105376,6
43130,2815,ده قلی خروس,105377,6
43131,2815,ده کلیجه,105379,6
43132,2815,ده گندی,105381,6
43133,2815,ده لولی,105382,6
43134,2815,ده مسلم,105385,6
43135,2815,ده میانی 2,105387,6
43136,2815,ده میانی 1,105388,6
43137,2815,ده میانی علیا,105389,6
43138,2815,ده نعمت اله,105390,6
43139,2815,ده نونارنجی,105392,6
43140,2815,دهنو2,105394,6
43141,2815,دهنو عبدالرحیم,105397,6
43142,2815,دهنه حسین آباد,105398,6
43143,2815,دهنه ناچو,105399,6
43144,2815,دهنومحمدسلمانی,105400,6
43145,2815,دهو پایین,105401,6
43146,2815,رحمت آباد,105403,6
43147,2815,رضا آباد,105404,6
43148,2815,روچون سفلی,105406,6
43149,2815,روچون علیا,105407,6
43150,2815,زارچو1,105409,6
43151,2815,زارچو2,105410,6
43152,2815,زارون,105411,6
43153,2815,زنده بگور,105414,6
43154,2815,زنگالو,105416,6
43155,2815,زه کوییه,105417,6
43156,2815,یاسرگو,105422,6
43157,2815,سفیدالو,105423,6
43158,2815,سه گلو,105430,6
43159,2815,سه گلونسار,105431,6
43160,2815,سیاه دره,105432,6
43161,2815,شاهرود,105436,6
43162,2815,شقینوعلیا,105437,6
43163,2815,شقینو سفلی,105439,6
43164,2815,شمس آباد,105441,6
43165,2815,شمس پور,105442,6
43166,2815,شوروییه سفلی,105443,6
43167,2815,شوروییه علیا,105444,6
43168,2815,شوق سفلی,105445,6
43169,2815,شوق علیا,105447,6
43170,2815,شول آباد,105448,6
43171,2815,صادق آباد,105452,6
43172,2815,عباس آباد,105455,6
43173,2815,عبدل آباد,105459,6
43174,2815,عظیم آباد,105461,6
43175,2815,علی آباد1,105462,6
43176,2815,علی آبادخواجه سعیدی,105466,6
43177,2815,عیش آباد,105467,6
43178,2815,فیض آباد,105472,6
43179,2815,قادر آباد,105473,6
43180,2815,قاسم آباد,105474,6
43181,2815,قطاربنه,105475,6
43182,2815,قیاسی,105479,6
43183,2815,کبگوییه,105481,6
43184,2815,کت گرگ,105482,6
43185,2815,کت گرگ بالا,105483,6
43186,2815,کت گرگ پایین,105484,6
43187,2815,کرنگو,105494,6
43188,2815,کل اله,105496,6
43189,2815,کنتوت,105500,6
43190,2815,کنجین,105501,6
43191,2815,کهن زرد,105507,6
43192,2815,کهن سر,105508,6
43193,2815,کهوییه,105512,6
43194,2815,گدارو,105514,6
43195,2815,گراشک,105515,6
43196,2815,گردکوه,105516,6
43197,2815,گستوییه,105521,6
43198,2815,گلیگه,105524,6
43199,2815,گود زارچوییه,105531,6
43200,2815,گودکنارک,105532,6
43201,2815,گود گردو,105534,6
43202,2815,گودتل سیاه,105538,6
43203,2815,لافوییه,105554,6
43204,2815,محمداسماعیل,105573,6
43205,2815,محمدیه بالا,105575,6
43206,2815,محمدیه پایین,105576,6
43207,2815,تلمبه مصطفی پورامینایی,105578,6
43208,2815,مهدی آباد,105585,6
43209,2815,میرزا محمودی,105589,6
43210,2815,میده سفلی,105591,6
43211,2815,میده علیا,105592,6
43212,2815,میده وسطی,105593,6
43213,2815,نبات آباد,105594,6
43214,2815,نوچون,105596,6
43215,2815,نوقند,105597,6
43216,2815,هجوییه سفلی,105600,6
43217,2815,هجوییه علیا,105601,6
43218,2815,هفت کند,105605,6
43219,2815,هفده چنار,105606,6
43220,2815,همت آباد,105607,6
43221,2815,هندیز,105610,6
43222,2815,هنگوییه,105612,6
43223,2815,حاجی آباد2,105620,6
43224,2815,خمبروتوییه1,105623,6
43225,2815,حسن آباد 2,266317,6
43226,2815,حسن آباد 1,380485,6
43227,2815,ایستگاه راه آهن,380487,6
43228,2815,رحمت آباد صالحی ها,380488,6
43229,2815,تلمبه صالحی ها,380489,6
43230,2815,تلمبه امیرآباد رضا پورامینایی,380490,6
43231,2815,تلمبه جوادامیری,380491,6
43232,2815,تلمبه مجتمع کشاورزی شماره 2,380492,6
43233,2815,تلمبه اکبرفتحی,380493,6
43234,2815,سنگ کتو,380494,6
43235,2815,ده یوسف علی,380495,6
43236,2815,حسین آباد3,380496,6
43237,2815,فتح آباد,380497,6
43238,2815,دهنو1,380498,6
43239,2815,مهدی آباد1,380499,6
43240,2815,مورو,380500,6
43241,2815,حسین آباد2,380501,6
43242,2815,مهکی,380502,6
43243,2815,دره زار,380503,6
43244,2815,گودحاج محمدی,380504,6
43245,2815,محمود آباد,380505,6
43246,2815,علی آباد2,380506,6
43247,2815,هودو,380507,6
43248,2815,علی آباد3,380508,6
43249,2815,خمبروتوتیه2,380509,6
43250,2815,کلیکو,380510,6
43251,2815,دهنو,380511,6
43252,2815,ده عاقلی,380514,6
43253,2815,چشمه گدا/چشمه ده گدا/,380515,6
43254,2815,جمال آباد بالا,380516,6
43255,2815,ده بهاالدین,380517,6
43256,2815,کاه مرغان,380518,6
43257,2815,ده آهنگر,380519,6
43258,2815,ده قربانی,380520,6
43259,2815,ده حسن کرم علی,380521,6
43260,2815,ده گنجی,380522,6
43261,2815,گود کنارک بالا,380523,6
43262,2815,زیارت شاه غریب,380524,6
43263,2815,ده میانی سفلی,380525,6
43264,2815,حسن آباد 4,380526,6
43265,2815,ده میانی علیا2,380527,6
43266,2815,آردیز سفلی,380528,6
43267,2815,ارچنو2,380529,6
43268,2815,بندرحسین آباد,380530,6
43269,2815,ده درویش2,380531,6
43270,2815,گرمه کن,384000,6
43271,2815,ده حسن علی,384009,6
43272,2815,کهن چنار,808208,6
43273,2816,آب بندباغ,105179,6
43274,2816,آب مسکه,105180,6
43275,2816,آبقلی,105184,6
43276,2816,آسیاب قلایی,105197,6
43277,2816,الله آباد,105200,6
43278,2816,باغ جهانگیر,105207,6
43279,2816,باغ خشک,105208,6
43280,2816,باغ شاعر,105211,6
43281,2816,بروییه,105216,6
43282,2816,بیدخواب,105227,6
43283,2816,جوب جر,105277,6
43284,2816,چاچاهو,105282,6
43285,2816,چناربرین,105298,6
43286,2816,حاجی آباد,105299,6
43287,2816,حسن آباد2,105303,6
43288,2816,خرشکن,105325,6
43289,2816,خمبروتوییه,105328,6
43290,2816,خوردان,105330,6
43291,2816,درقلاتو,105336,6
43292,2816,درکار,105337,6
43293,2816,دره جستی,105340,6
43294,2816,دو درون,105345,6
43295,2816,ده خواجه,105348,6
43296,2816,ده تک,105354,6
43297,2816,ده چین,105356,6
43298,2816,ده دعوایی,105362,6
43299,2816,ده مزار,105384,6
43300,2816,ده میان,105386,6
43301,2816,زرگوییه,105413,6
43302,2816,سبزگجین,105419,6
43303,2816,سلطان مرادی,105425,6
43304,2816,سه گدارکردها,105428,6
43305,2816,سینه بنه,105433,6
43306,2816,شاه قوچ,105435,6
43307,2816,شوق علیا,105446,6
43308,2816,عزیز آباد,105460,6
43309,2816,فریدون,105470,6
43310,2816,کسمون,105495,6
43311,2816,کهنوییه,105511,6
43312,2816,گرگین,105518,6
43313,2816,گودوییه,105535,6
43314,2816,گوش ترکی,105540,6
43315,2816,گویین,105541,6
43316,2816,لای شکال,105552,6
43317,2816,لای شیره,105553,6
43318,2816,لای محشورسفلی,105556,6
43319,2816,لامور,105558,6
43320,2816,لای سیب,105561,6
43321,2816,لای کودک,105562,6
43322,2816,لای نیگو,105563,6
43323,2816,موردین,105584,6
43324,2816,مهدی آباد,105586,6
43325,2816,مه کوییه,105588,6
43326,2816,نصیر آباد,105595,6
43327,2816,وکیل آباد,105599,6
43328,2816,هم گلو,105602,6
43329,2816,همسریش,105608,6
43330,2816,همشینه,105609,6
43331,2816,اسحق آباد,106951,6
43332,2816,امیر آبادسوخک,106952,6
43333,2816,باغکوییه,106953,6
43334,2816,حسن آباد1,106954,6
43335,2816,ده سراج,106957,6
43336,2816,ده قاضی,106958,6
43337,2816,ده مرغی,106959,6
43338,2816,سروستان,106961,6
43339,2816,شریف آباد,106963,6
43340,2816,عرب آباد,106964,6
43341,2816,فتح آباد,106965,6
43342,2816,فیروز آباد,106966,6
43343,2816,قنات توت,106967,6
43344,2816,کران,106969,6
43345,2816,کرکوییه علیا,106970,6
43346,2816,کرکوییه سفلی,106971,6
43347,2816,کله چاه,106972,6
43348,2816,کورگاه,106973,6
43349,2816,مزرعه اسلام آباد,106974,6
43350,2816,هندیم,106976,6
43351,2816,سرتخت,118566,6
43352,2816,حیدر آباد,380459,6
43353,2816,دهنو2,380461,6
43354,2816,بیدعلی,380462,6
43355,2816,موتور آب آشامیدنی سعادت آباد,384010,6
43356,2816,موتور آب آشامیدنی پاریز,384011,6
43357,2816,موتورمجتمع کشاورزی شهیدعتیقی,384012,6
43358,2816,کارگاه شن وماسه سازی مستقیمی کارگاه,384013,6
43359,2816,عباس آباد,384017,6
43360,2816,رحمت آباد,384018,6
43361,2816,شرکت سی بی جی,384566,6
43362,2816,موتور سوخته چال,384958,6
43363,2816,گداره,384959,6
43364,2816,سد تنگوییه,384960,6
43365,2816,گود گریکی (ده محمد عبدا له ),384961,6
43366,2816,شرکت محمدیان,384962,6
43367,2817,باغ جلال,106483,6
43368,2817,تلمبه تل بور /1عبدالحسن اسلاملو/,106496,6
43369,2817,تلمبه چاه دراز شماره 2/ ناصرخان امانی /,106499,6
43370,2817,تلمبه چاه دراز3,106500,6
43371,2817,تلمبه چاه قبری,106501,6
43372,2817,تلمبه چاه دراز5/ طرح عشایر زواروییه /,106506,6
43373,2817,تلمبه عشایری چاه دراز4,106507,6
43374,2817,تلمبه تل بور 2/ مراداسلام پناه /,106508,6
43375,2817,تلمبه تل بور3/ کرامت /,106509,6
43376,2817,چاه نظری,106524,6
43377,2817,چاه آدوری,106525,6
43378,2817,چاه بادام,106526,6
43379,2817,چاه بهرام,106527,6
43380,2817,چاه چنار,106528,6
43381,2817,تلمبه چاه درازشماره 1/ خیراله بیگلری /,106529,6
43382,2817,چاه زردشماره 1,106530,6
43383,2817,چاه سنگری,106531,6
43384,2817,چاه سوری,106532,6
43385,2817,چاه قلعه,106533,6
43386,2817,چاه قلیدی1,106534,6
43387,2817,چاه مرد,106535,6
43388,2817,چاه میش,106536,6
43389,2817,چاه هفتادتومانی/1 عبدالحسین اسلاملو,106537,6
43390,2817,داربست 2,106550,6
43391,2817,گرداب,106599,6
43392,2817,گرگاب,106600,6
43393,2817,موتور آب رسانی راه آهن (پمپ خانه چاه ),106616,6
43394,2817,احمد آباد برادران,107268,6
43395,2817,احمد آبادنیاز مردی,107269,6
43396,2817,تاج آباد,107278,6
43397,2817,تلمبه ابراهیم خان,107281,6
43398,2817,تلمبه احمدارشلو,107283,6
43399,2817,تلمبه احمددیدار,107284,6
43400,2817,تلمبه احمدعباسلو,107286,6
43401,2817,تلمبه استقلال شماره 1,107287,6
43402,2817,تلمبه استقلال شماره 2,107288,6
43403,2817,تلمبه حاج یداله غربا,107289,6
43404,2817,تلمبه اسماعیل,107291,6
43405,2817,تلمبه اصطهباناتی,107293,6
43406,2817,تلمبه اکبر آباد,107297,6
43407,2817,تلمبه امانی,107298,6
43408,2817,تلمبه انوشیروان,107300,6
43409,2817,تلمبه ایثار,107301,6
43410,2817,تلمبه ایل پور,107303,6
43411,2817,تلمبه ایل پور,107304,6
43412,2817,تلمبه بیگلری,107307,6
43413,2817,تلمبه تاجعلیخان,107308,6
43414,2817,تلمبه غلامعباس شیبانی,107312,6
43415,2817,تلمبه جلال سلطانی,107314,6
43416,2817,تلمبه جلال سلطانی صدر زاده,107315,6
43417,2817,تلمبه جهادی هجرت,107316,6
43418,2817,تلمبه جهادی حجت,107317,6
43419,2817,تلمبه جهادی شماره 1/ تلمبه 12بهمن /,107318,6
43420,2817,تلمبه جهادی شماره 2/ تلمبه 22بهمن /,107319,6
43421,2817,تلمبه چاه زهرا,107320,6
43422,2817,تلمبه حاج محمدتقی یزدانی,107322,6
43423,2817,تلمبه داود اسفندیارپور,107328,6
43424,2817,درویش سلطانی,107331,6
43425,2817,تلمبه رحیمی,107332,6
43426,2817,تلمبه رحیمی وشرکا,107333,6
43427,2817,تلمبه روشن دخت,107335,6
43428,2817,تلمبه سالار,107336,6
43429,2817,تلمبه ستوده,107337,6
43430,2817,تلمبه سرهنگ شهسواری,107338,6
43431,2817,تلمبه سلطانی,107339,6
43432,2817,تلمبه سلطانی سیداحمدی,107340,6
43433,2817,تلمبه سیدعبدالمعصوم,107343,6
43434,2817,تلمبه سیدمحمودشهیدی,107345,6
43435,2817,تلمبه شاهین,107346,6
43436,2817,تلمبه شور صدرزاده,107347,6
43437,2817,تلمبه صدرزاده,107349,6
43438,2817,تلمبه صفاری 1,107351,6
43439,2817,تلمبه عباسلو,107353,6
43440,2817,تلمبه عبداله اسفندیارپور,107354,6
43441,2817,تلمبه عشایری حسن حاجی,107355,6
43442,2817,تلمبه چاه چغوک,107357,6
43443,2817,محمد آباد طاقی,107358,6
43444,2817,تلمبه علی اسفندیارپور,107359,6
43445,2817,تلمبه عمیق سلطانی,107360,6
43446,2817,تلمبه حاج یداله عباسلو و شرکاء,107361,6
43447,2817,تلمبه قطارگز,107363,6
43448,2817,تلمبه کریمی,107367,6
43449,2817,تلمبه کوه خواجویی,107371,6
43450,2817,تلمبه کوه زاد,107372,6
43451,2817,تلمبه محمداسدی,107374,6
43452,2817,تلمبه محمد غربا,107375,6
43453,2817,تلمبه محمدرضا میرزاده,107376,6
43454,2817,تلمبه محمد رفسنجانی,107377,6
43455,2817,تلمبه محمدسهرابی,107378,6
43456,2817,تلمبه محمود آباد بنی اسدی,107380,6
43457,2817,تلمبه مختار,107382,6
43458,2817,تلمبه مظفر عباسلو,107383,6
43459,2817,تلمبه معینی,107384,6
43460,2817,تلمبه مهدی آباد,107385,6
43461,2817,تلمبه میرحسینی,107386,6
43462,2817,تلمبه نبوی محمد آباد,107388,6
43463,2817,تلمبه نظری,107390,6
43464,2817,تلمبه جوادیه نیک نفس,107391,6
43465,2817,تلمبه یداله غرباپور,107394,6
43466,2817,تلمبه یداله شیبانی,107395,6
43467,2817,چاه نایی خضری,107397,6
43468,2817,حبیب اله قاسمی نژاد,107399,6
43469,2817,دشت زر,107408,6
43470,2817,رضوان آباد,107415,6
43471,2817,سنگ بهرام,107417,6
43472,2817,شریک آباد,107424,6
43473,2817,فاییزی,107430,6
43474,2817,قطارگز,107434,6
43475,2817,قطارگزگدعلی,107435,6
43476,2817,اکبر آباد نوکن,107436,6
43477,2817,کاظم آباد,107437,6
43478,2817,کریم آباد,107438,6
43479,2817,کمپ نگهبانی تونل,107440,6
43480,2817,سعیدیه,107443,6
43481,2817,گلستان,107444,6
43482,2817,محمدیه حکیم پور,107451,6
43483,2817,مزرعه سبزدشت سیروس,107453,6
43484,2817,ناتیز آباد,107458,6
43485,2817,نور آباد,107459,6
43486,2817,نوکن,107460,6
43487,2817,تلمبه ابوالحسن شهیدی شماره 1,107465,6
43488,2817,تلمبه صفاری 2,107466,6
43489,2817,چاه قلیدی 2,380264,6
43490,2817,چاه برز,380265,6
43491,2817,مجتمع کشت وزراعت ومرتع داری تمر,380266,6
43492,2817,چاه تمر,380267,6
43493,2817,باند پرواز متروک,380269,6
43494,2817,چاه هفتادتومانی2/ حاج عباس شهابداین,380271,6
43495,2817,چاه قبری,380272,6
43496,2817,چاه بهمن,380273,6
43497,2817,چاه یوسف علی,380274,6
43498,2817,چاه تلخ,380275,6
43499,2817,بیدسرا,380276,6
43500,2817,چاه باغ بهش,380278,6
43501,2817,جنت آباد 1,380280,6
43502,2817,شمس آباد,380284,6
43503,2817,شریک آباد مختارعباسلو,380287,6
43504,2817,عباس آباد,380297,6
43505,2817,رحمت آباد,380298,6
43506,2817,جلال آباد,380299,6
43507,2817,همت آباد چاه زهرابالا,380300,6
43508,2817,همت آباد چاه زهراپایین,380301,6
43509,2817,محمدرفیع رفسنجانی,380302,6
43510,2817,احمد آباد برادران غربی,380303,6
43511,2817,داربست 1,380304,6
43512,2817,مهدی آباد طاقی,380306,6
43513,2817,تلمبه بیگلری و شرکاء,380308,6
43514,2817,تلمبه صفاری 3,380309,6
43515,2817,تلمبه فتح آباد شیبانی,380310,6
43516,2817,تلمبه ابوالحسن شهیدی شماره 2,380311,6
43517,2817,چاه سبز,383935,6
43518,2817,عشایری شماره1/ چاه بهمن /,383936,6
43519,2817,چاه گزامانی,383937,6
43520,2817,چاه سعیدا,383938,6
43521,2817,قره تپه جدید1,383939,6
43522,2817,قره تپه عشایری 2,383940,6
43523,2817,تلمبه دل مر,383941,6
43524,2817,چاه قبری جدید,383943,6
43525,2817,چاه انجیر,383944,6
43526,2817,چاه حسن خانی,383945,6
43527,2817,چاه بادام,383946,6
43528,2817,چاه قدرت,383947,6
43529,2817,چاه تلخ 1جدید,383948,6
43530,2817,چاه کاریز,383949,6
43531,2817,چاه نیو,383950,6
43532,2817,باغ نصر,383951,6
43533,2817,شرکت ری,383963,6
43534,2817,شرکت رهنورد,383964,6
43535,2817,تلمبه نوری زاده وشرکا,383965,6
43536,2817,چاه طلا,383991,6
43537,2817,چاه کاسه 1,383992,6
43538,2817,چاه ریگو,383993,6
43539,2817,چاه نو,383994,6
43540,2817,شرکت جنرال مکانیک,383995,6
43541,2817,حسین آباد قلیدی,383996,6
43542,2817,چاه کاسه2,383997,6
43543,2817,جاه دیوکن,383999,6
43544,2817,چشمه سفید,384450,6
43545,2817,چاه پلاسی,384452,6
43546,2817,معدن سنگ خواجویی,384570,6
43547,2817,معدن سنگ جهانشاهی,384571,6
43548,2817,چاه بهمن شماره 2,384697,6
43549,2817,چاه پیروزی,384698,6
43550,2817,چاه جنگلبانی شماره 1,384699,6
43551,2817,چاه جنگلبانی شماره 2,384700,6
43552,2817,چاه دانشگاه شماره 1,384701,6
43553,2817,چاه دانشگاه شماره 2,384702,6
43554,2817,چاه بیگی,384703,6
43555,2817,چاه بنه,384704,6
43556,2817,تلمبه محمدرفیع عباسلو,384876,6
43557,2817,تلمبه اسفندیار شجاع پور,384879,6
43558,2817,بگسی1,385149,6
43559,2817,معدن رز3,385150,6
43560,2817,تنگ قوچان /تنگ سفید/,808117,6
43561,2817,چاه کفته,808554,6
43562,2818,تاج آباد قلعه سنگ,106490,6
43563,2818,ابراهیم آباد,107267,6
43564,2818,اصغر آباد ارجمند,107270,6
43565,2818,اله آباد,107272,6
43566,2818,امیر آباد شول,107273,6
43567,2818,انور آباد محمود زینلی,107274,6
43568,2818,ایزد آباد,107275,6
43569,2818,بهجت آباد,107277,6
43570,2818,تفضل آباد,107280,6
43571,2818,تلمبه احمد شول,107285,6
43572,2818,تلمبه اسلام آباد,107290,6
43573,2818,تلمبه اسماعیل شول,107292,6
43574,2818,تلمبه افشار,107294,6
43575,2818,تلمبه افشار و شیبانی,107295,6
43576,2818,تلمبه انور آبادرضایی,107299,6
43577,2818,تلمبه بارانی,107305,6
43578,2818,تلمبه غلامحسین طیاری,107310,6
43579,2818,تلمبه غلامرضاشیبانی,107311,6
43580,2818,تلمبه غلامعباس موسی,107313,6
43581,2818,تلمبه حاج علی خواجویی,107321,6
43582,2818,تلمبه خاتون آباد,107324,6
43583,2818,تلمبه خانواده شهدا,107326,6
43584,2818,تلمبه دانشگر,107327,6
43585,2818,تلمبه ابوالقاسم داودی و مهدی زاده,107329,6
43586,2818,تلمبه دپیلمه ها,107330,6
43587,2818,تلمبه رفسنجانی ها,107334,6
43588,2818,تلمبه سیدمحمدحسین,107344,6
43589,2818,تلمبه شهسوار,107348,6
43590,2818,تلمبه عباس آباد,107352,6
43591,2818,تلمبه فرامرز,107362,6
43592,2818,پشت اسبی /تلمبه فتح آباد/,107365,6
43593,2818,تلمبه کفریز,107369,6
43594,2818,تلمبه گاوداری جهاد,107373,6
43595,2818,تلمبه محمدقرایی اسلام آباد,107379,6
43596,2818,تلمبه محمود شیبانی و قدس,107381,6
43597,2818,تلمبه نظام شریف,107389,6
43598,2818,تلمبه هوشنگ طیاری,107393,6
43599,2818,حسن آباد,107400,6
43600,2818,حسین آباد حاج رشید,107401,6
43601,2818,حسین آباد نظام,107403,6
43602,2818,حمیدیه,107404,6
43603,2818,خسروانی,107405,6
43604,2818,دارستان,107407,6
43605,2818,ده قاضی,107409,6
43606,2818,رضا آباد,107413,6
43607,2818,رضوان آباد,107414,6
43608,2818,رمجرد,107416,6
43609,2818,صیف آباد/سیف آباد/,107420,6
43610,2818,شریف آباد,107422,6
43611,2818,شریف آباد,107423,6
43612,2818,صالح آباد,107426,6
43613,2818,عبدل آباد,107428,6
43614,2818,علی آباد خشک,107429,6
43615,2818,فخر آباد,107431,6
43616,2818,قادر آباد,107432,6
43617,2818,قاسم آباد,107433,6
43618,2818,کفریز,107439,6
43619,2818,مافون,107446,6
43620,2818,ماهی آباد,107447,6
43621,2818,مجتمع کشاورزی شهیدعتیقی,107448,6
43622,2818,محمد آباد انوری,107449,6
43623,2818,محمود آباد,107452,6
43624,2818,مزرعه عسکر آباد,107454,6
43625,2818,مهدیه مسلمی,107456,6
43626,2818,مزرعه شهیداسماعیل خاکسار,380410,6
43627,2818,تلمبه محمود صد رزاده,380411,6
43628,2818,حسین آباد درمجرد,380412,6
43629,2818,مزرعه احمدیه,380413,6
43630,2818,تلمبه محمدخان,380414,6
43631,2818,تلمبه شهیدنصیری,380415,6
43632,2818,تلمبه24 نفره,380416,6
43633,2818,کوره آهکی,383962,6
43634,2818,گاوداری نادری,384705,6
43635,2818,مرغداری جهاد,384706,6
43636,2818,کمال آباد,384945,6
43637,2818,ندامتگاه سیرجان,808691,6
43638,2818,اسلام آباد دارستان,808692,6
43639,2819,ابراهیم آباد زردوییه,106785,6
43640,2819,اکبر آباد,106790,6
43641,2819,اله آباد,106791,6
43642,2819,امیر آباد,106792,6
43643,2819,باباحاجی,106793,6
43644,2819,تلمبه احمدی,106796,6
43645,2819,تلمبه امراله,106798,6
43646,2819,تلمبه بدرآباد,106799,6
43647,2819,تلمبه غلامحسین صالحی,106800,6
43648,2819,تلمبه حاج حسین شهابی,106801,6
43649,2819,تلمبه حاجی ها,106803,6
43650,2819,تلمبه حسن صالحی 1,106804,6
43651,2819,تلمبه حسین مهدی,106805,6
43652,2819,تلمبه درویش عباس,106807,6
43653,2819,تلمبه سرگرداحمدی,106810,6
43654,2819,تلمبه سرهنگ وحید,106811,6
43655,2819,تلمبه سلطانی 2,106812,6
43656,2819,تلمبه سلطانی شماره1,106813,6
43657,2819,تلمبه سیدرضا2,106814,6
43658,2819,تلمبه سیدرضا3,106815,6
43659,2819,تلمبه شماره یک مشکینی,106816,6
43660,2819,تلمبه شهیدرجایی,106817,6
43661,2819,تلمبه صدرزاده,106818,6
43662,2819,تلمبه فقیهی,106820,6
43663,2819,تلمبه محمودفقیه,106821,6
43664,2819,تلمبه منتظری 1,106822,6
43665,2819,جعفرآباد,106824,6
43666,2819,چوران,106825,6
43667,2819,حافظ آباد,106826,6
43668,2819,حبیب آباد,106827,6
43669,2819,حسن آبادمهرابجان,106828,6
43670,2819,حسین آباد آب باریکو,106829,6
43671,2819,حسین آبادبالا,106830,6
43672,2819,در آب آباد,106831,6
43673,2819,دارینوییه,106832,6
43674,2819,دشت زر,106833,6
43675,2819,اسلام آباد,106834,6
43676,2819,ده میر,106835,6
43677,2819,دهنو قلعه علیا,106837,6
43678,2819,رحیم آبادخواجه,106839,6
43679,2819,رکن آباد,106840,6
43680,2819,سلطان آباد,106842,6
43681,2819,شرکت ساویر,106844,6
43682,2819,شرکت کشت و صنعت رفسنجانیها,106845,6
43683,2819,عباس آباد پیشت,106846,6
43684,2819,قاسم آباد1,106848,6
43685,2819,تلمبه قتلوییه,106849,6
43686,2819,کاظم آباد,106850,6
43687,2819,محمدآباد درویش,106852,6
43688,2819,محمدیه,106853,6
43689,2819,محمودآباد بیابانی,106854,6
43690,2819,محمودآباد قلی,106855,6
43691,2819,مزرعه پدرطالقانی,106856,6
43692,2819,مزرعه توحید,106857,6
43693,2819,مزرعه جماران,106858,6
43694,2819,مزرعه شهیدرجایی,106860,6
43695,2819,مزرعه منتظری2,106861,6
43696,2819,ملاحاجی,106862,6
43697,2819,منصورآباد,106863,6
43698,2819,مهدی آباد,106864,6
43699,2819,نصرآباد/تلمبه قطبها/,106865,6
43700,2819,نعمت آباد دختران,106866,6
43701,2819,تلمبه دیپلمه ها,380535,6
43702,2819,تلمبه حاج عزت کویینی,380536,6
43703,2819,تلمبه شهیدزندی نیا,380538,6
43704,2819,تلمبه 24 نفره کاظم آباد,380539,6
43705,2819,تلمبه اکبر روحانی,380541,6
43706,2819,باغ حیدری,380542,6
43707,2819,تلمبه سیدعلی,380546,6
43708,2819,تلمبه جعفر آباد,380547,6
43709,2819,تلمبه احمدیزدی,380549,6
43710,2819,شرکت کشت وصنعت اتکا,380550,6
43711,2819,سنگ بری کوثر,384003,6
43712,2819,تلمبه جنگلداری شماره2,384530,6
43713,2819,مزرعه عرب,808115,6
43714,2819,اسلام آباد 1,808687,6
43715,2819,اسلام آباد2,808688,6
43716,2819,فیروزه ای,808689,6
43717,2820,اسماعیل آباد,106789,6
43718,2820,انباراتان گاز,107006,6
43719,2820,بها آبادسفلی,107010,6
43720,2820,بها آبادعلیا,107011,6
43721,2820,تلمبه تاج آباد,107013,6
43722,2820,تلمبه اصغرهندیزی,107017,6
43723,2820,تلمبه جلال اروند,107020,6
43724,2820,تلمبه حشمت رضوی,107024,6
43725,2820,تلمبه رحمت اله محمود آبادی,107025,6
43726,2820,تلمبه محمدعلی غیاثی,107034,6
43727,2820,تلمبه محمدعلی یوسفی پور,107035,6
43728,2820,تلمبه محمدناچویی,107036,6
43729,2820,جمال آباد,107041,6
43730,2820,حسن آبادشاهزاده,107053,6
43731,2820,حسین آبادعبداله,107055,6
43732,2820,خلیل آباد,107056,6
43733,2820,خیر آباد,107057,6
43734,2820,عباس آباد چهارده معصوم,107070,6
43735,2820,عماد آباد,107071,6
43736,2820,عیش آباد,107072,6
43737,2820,کارخانه نمک,107083,6
43738,2820,شرکت سیرجان هدف,107087,6
43739,2820,مبارکه,107092,6
43740,2820,محمدآباد میرزا,107099,6
43741,2820,محمود آبادسید,107101,6
43742,2820,موتورحاج غلامعلی عماد آبادی,107121,6
43743,2820,موتورحافظ آباد,107122,6
43744,2820,موتورمحمد آباد,107127,6
43745,2820,نصرت آباد,107134,6
43746,2820,همت آباد,107135,6
43747,2820,تلمبه کویینیها,380463,6
43748,2820,تلمبه شریف آبادیها,380465,6
43749,2820,کارگاه زرکشی,380467,6
43750,2820,نجمی آباد/تلمبه نجمی ها,380468,6
43751,2820,کوره هوفمن 43,380479,6
43752,2820,منطقه تجاری سیرجان,384575,6
43753,2820,تلمبه شرکت کشاورزی 93(مقتدری ),384946,6
43754,2820,تلمبه صادقی,384947,6
43755,2821,اردا,104945,6
43756,2821,اسطور,104946,6
43757,2821,امیر آباد امیرقلی,104950,6
43758,2821,باب حصار,104951,6
43759,2821,باکلان بالا,104953,6
43760,2821,باکلان پایین,104954,6
43761,2821,بلبلی,104955,6
43762,2821,قاسم آباد,104956,6
43763,2821,بن آباد,104957,6
43764,2821,بن آباد,104958,6
43765,2821,بن کوه,104959,6
43766,2821,بوجان,104961,6
43767,2821,بیدابوالقاسم,104962,6
43768,2821,پشت کوه,104964,6
43769,2821,بیدچنزی,104965,6
43770,2821,بیدشیرین,104966,6
43771,2821,بیدگج,104968,6
43772,2821,بیدلوک,104969,6
43773,2821,بیدمغون,104970,6
43774,2821,بیدوییه,104971,6
43775,2821,تل پهن,104974,6
43776,2821,جلالی,104976,6
43777,2821,چشمه بغل,104977,6
43778,2821,چشمه سفلی,104978,6
43779,2821,چشمه علیا,104979,6
43780,2821,چشمه نعمت,104980,6
43781,2821,چنار,104981,6
43782,2821,چناروییه,104982,6
43783,2821,دارپا,104986,6
43784,2821,درگیرا,104987,6
43785,2821,ده بداغ,104988,6
43786,2821,ده خینو,104989,6
43787,2821,ده شیخ,104990,6
43788,2821,ده علیجان,104991,6
43789,2821,ده علی آقا,104992,6
43790,2821,ده عیسی,104993,6
43791,2821,ده مریم,104994,6
43792,2821,دهنو اسطور,104995,6
43793,2821,دین یاری,104996,6
43794,2821,رمجون,104997,6
43795,2821,زارجوییه,104998,6
43796,2821,زمزرج,104999,6
43797,2821,زنجیر آویز,105000,6
43798,2821,زیارت بالا,105001,6
43799,2821,زیارت پایین,105002,6
43800,2821,سمته,105004,6
43801,2821,سنجدوییه,105005,6
43802,2821,شلدان بالا,105007,6
43803,2821,شلدان پایین,105008,6
43804,2821,شهر آباد,105010,6
43805,2821,شهسواری,105011,6
43806,2821,شیخ جمال,105012,6
43807,2821,طاهری,105014,6
43808,2821,علی آبادتیلکو,105015,6
43809,2821,علی آباد ده شکنان,105016,6
43810,2821,علی آباد قیچی,105017,6
43811,2821,علی آباد گهرد,105018,6
43812,2821,علی مرادی,105019,6
43813,2821,عیش آباد,105020,6
43814,2821,فیروز آباد,105021,6
43815,2821,فیروز آباد,105022,6
43816,2821,قندبام دهان,105025,6
43817,2821,کم کلاغ,105026,6
43818,2821,کدوکار,105027,6
43819,2821,کشگوییه,105029,6
43820,2821,کلاهی,105030,6
43821,2821,کمرسفید,105031,6
43822,2821,کنگردان,105032,6
43823,2821,کهن سیاه,105036,6
43824,2821,کهن گرد,105037,6
43825,2821,کهن میان,105038,6
43826,2821,کهن میان,105039,6
43827,2821,گاریچ,105041,6
43828,2821,گلزار,105042,6
43829,2821,گلو اونگ اسطور,105043,6
43830,2821,گلوسیاه,105044,6
43831,2821,گودگراز,105047,6
43832,2821,گهرد,105048,6
43833,2821,لرد آب,105049,6
43834,2821,محمدآباد,105050,6
43835,2821,مریم حوری,105051,6
43836,2821,معدن مس,105052,6
43837,2821,ملوییه,105053,6
43838,2821,مهدی آباد,105054,6
43839,2821,میاندوآب,105055,6
43840,2821,میخ سفید,105056,6
43841,2821,نرآب,105057,6
43842,2821,نظرآباد,105059,6
43843,2821,نوزایی,105060,6
43844,2821,اکبرآباد راه نیز,107271,6
43845,2821,باش آبدان,107276,6
43846,2821,تذرج,107279,6
43847,2821,حسین آباد سوچ,107402,6
43848,2821,خیرآباد,107406,6
43849,2821,دهنوتذرج,107410,6
43850,2821,راه نیز,107411,6
43851,2821,سوچ بالا,107418,6
43852,2821,سوچ پایین,107419,6
43853,2821,کهن مور,107442,6
43854,2821,گول آباد,107445,6
43855,2821,محمدآباد تزرج,107450,6
43856,2821,چشمه سیف الهی,107461,6
43857,2821,گودباغ,380455,6
43858,2821,چاه بی برت,380456,6
43859,2821,همت آباد,384019,6
43860,2821,قلیچ خانی,384021,6
43861,2821,حسین آبادسفلی,384707,6
43862,2821,آبنیک گهرد,384762,6
43863,2821,آب بندی,384948,6
43864,2821,پرت لکا,384949,6
43865,2821,عشق آباد,384950,6
43866,2821,قهقراییه,384951,6
43867,2821,چشمه اویه,384952,6
43868,2821,کت گزلوییه,384953,6
43869,2821,بید کارونی,808768,6
43870,2821,هیزم بریز,808770,6
43871,2821,سلطان پیرغیب,808782,6
43872,2821,پلنگی,808783,6
43873,2822,ابرجو,106015,6
43874,2822,احمدآباد میلوییه سفلی,106016,6
43875,2822,احمدآبادمیلوییه علیا,106017,6
43876,2822,احمدی,106018,6
43877,2822,ارچندان,106019,6
43878,2822,اسماعیلی,106022,6
43879,2822,امردوییه سفلی,106023,6
43880,2822,باغچه,106024,6
43881,2822,باغو,106025,6
43882,2822,باغ باغان,106027,6
43883,2822,برزاباد,106028,6
43884,2822,بیدبریان,106030,6
43885,2822,بیدبستان,106031,6
43886,2822,بیدشاهی 1,106032,6
43887,2822,پشت ایران,106033,6
43888,2822,پوزه بریده,106035,6
43889,2822,ترش آب,106037,6
43890,2822,تنگله,106038,6
43891,2822,تنگوییه,106039,6
43892,2822,تورانی 1,106040,6
43893,2822,جمالی,106042,6
43894,2822,جیرجان,106043,6
43895,2822,چاهی,106044,6
43896,2822,چشمه ترش,106045,6
43897,2822,چنار,106047,6
43898,2822,چناران,106048,6
43899,2822,چوران,106049,6
43900,2822,حتان,106050,6
43901,2822,حسین آباد2,106051,6
43902,2822,حسین بیگی,106052,6
43903,2822,حمزه آقا,106053,6
43904,2822,خارقون,106055,6
43905,2822,خلیل آباد,106056,6
43906,2822,درنا1,106057,6
43907,2822,درنا2,106058,6
43908,2822,دره سرخان,106059,6
43909,2822,ده بالا,106060,6
43910,2822,ده عباس,106061,6
43911,2822,ده عبدی,106063,6
43912,2822,ده علی,106064,6
43913,2822,ده لویی,106065,6
43914,2822,ده محمود,106066,6
43915,2822,دهنو1,106068,6
43916,2822,رخنه انجیر,106069,6
43917,2822,رضوان,106070,6
43918,2822,زاریون,106071,6
43919,2822,سراج,106072,6
43920,2822,سرخ گیتوییه,106073,6
43921,2822,سرخوان,106074,6
43922,2822,سرمور,106075,6
43923,2822,سفته,106076,6
43924,2822,سفیدوییه,106077,6
43925,2822,سلیمانی,106078,6
43926,2822,سنجدوییه,106079,6
43927,2822,سنگ آتش,106080,6
43928,2822,سوخته چال,106081,6
43929,2822,سوخته چال,106082,6
43930,2822,شاه قلی,106084,6
43931,2822,شمس آباد,106086,6
43932,2822,شورک,106087,6
43933,2822,صلوییه,106089,6
43934,2822,طپق,106090,6
43935,2822,علی آباد1,106091,6
43936,2822,کبگوییه,106093,6
43937,2822,کبگان,106094,6
43938,2822,کم دیلو,106095,6
43939,2822,کریگوه,106096,6
43940,2822,کلکلی تکزه,106097,6
43941,2822,کواران 1,106098,6
43942,2822,کواران 2,106099,6
43943,2822,کویر,106100,6
43944,2822,کهن برز,106101,6
43945,2822,کهن سرخ اغالی,106102,6
43946,2822,کهن سفید,106103,6
43947,2822,کهوییه,106104,6
43948,2822,گراغون,106105,6
43949,2822,گزوییه,106107,6
43950,2822,گودخم,106108,6
43951,2822,گنبد,106109,6
43952,2822,محمد آباد,106110,6
43953,2822,محمود آباد,106111,6
43954,2822,مظفرییه,106112,6
43955,2822,معدن تنگوییه,106114,6
43956,2822,مهربانی,106118,6
43957,2822,مهن,106119,6
43958,2822,ناصریه,106120,6
43959,2822,نصر آباد,106121,6
43960,2822,هویشان,106122,6
43961,2822,یوسف آباد,106123,6
43962,2822,بیدشاهی 2,106124,6
43963,2822,آب باریکو,106233,6
43964,2822,آبدان رز سفلی,106234,6
43965,2822,آبدان رزعلیا,106235,6
43966,2822,آبدان سفلی,106236,6
43967,2822,آبدان علیا,106237,6
43968,2822,ابرقان,106238,6
43969,2822,احره,106239,6
43970,2822,اسلام آباد,106240,6
43971,2822,اشیانه,106241,6
43972,2822,اکبر آباد,106242,6
43973,2822,اله آباد,106243,6
43974,2822,امرودوییه,106244,6
43975,2822,باب هنزسفلی,106245,6
43976,2822,باب هنزعلیا,106246,6
43977,2822,بابو جهرعلیا,106247,6
43978,2822,بارانی,106248,6
43979,2822,باغ گیل,106249,6
43980,2822,باغ ملا,106250,6
43981,2822,باغ هویج,106251,6
43982,2822,برروز,106252,6
43983,2822,بزنکوییه,106253,6
43984,2822,بلبلی,106254,6
43985,2822,بن گرمو,106255,6
43986,2822,بیدویه,106256,6
43987,2822,پل پروست,106257,6
43988,2822,تخت,106259,6
43989,2822,تقرکوییه,106260,6
43990,2822,تکزه,106261,6
43991,2822,تکیه,106262,6
43992,2822,جان احمدی,106264,6
43993,2822,جیروییه,106265,6
43994,2822,چشمه سرخ,106266,6
43995,2822,چشمه عالی خانی,106267,6
43996,2822,چشمه قندی,106268,6
43997,2822,چلپوی,106269,6
43998,2822,چنارکف,106270,6
43999,2822,حسن آباد,106271,6
44000,2822,حسین آباد,106272,6
44001,2822,خاکی سفلی,106273,6
44002,2822,خمروتوییه 2,106274,6
44003,2822,دارپا,106275,6
44004,2822,درده,106276,6
44005,2822,دروییه,106277,6
44006,2822,دعوایی,106278,6
44007,2822,دلوندسفلی,106279,6
44008,2822,دوماهیه سفلی,106280,6
44009,2822,دوماهیه علیا,106281,6
44010,2822,ده شیخ,106282,6
44011,2822,ده گلابی,106283,6
44012,2822,ده نقدی,106284,6
44013,2822,دهنو2,106285,6
44014,2822,راغین,106286,6
44015,2822,رشید آباد,106287,6
44016,2822,زرگرسفلی,106288,6
44017,2822,زرگرعلیا,106289,6
44018,2822,سرسنگوییه,106290,6
44019,2822,سلطان حسینی سفلی,106292,6
44020,2822,سنگ سیاه,106293,6
44021,2822,سنگ شیرین,106294,6
44022,2822,سنگری,106295,6
44023,2822,سیروییه,106296,6
44024,2822,شبلک,106297,6
44025,2822,شریک آباد,106298,6
44026,2822,شوق آباد,106300,6
44027,2822,عباس آباد,106302,6
44028,2822,عشرت آباد,106303,6
44029,2822,علی آباد2,106304,6
44030,2822,فردوس آباد,106306,6
44031,2822,فریزن سفلی,106307,6
44032,2822,فریزن علیا,106308,6
44033,2822,فلک آباد,106309,6
44034,2822,قاسم آباد,106310,6
44035,2822,قره یاغدی,106311,6
44036,2822,قنات,106312,6
44037,2822,قنات برز,106313,6
44038,2822,قنات تیر,106314,6
44039,2822,قنات زرشک علیا,106315,6
44040,2822,قنات زرشک سفلی,106316,6
44041,2822,قنات گازر,106317,6
44042,2822,کرپوییه,106318,6
44043,2822,کرسف,106319,6
44044,2822,کریم آباد,106320,6
44045,2822,کمال آباد,106321,6
44046,2822,کهن آباد,106322,6
44047,2822,کهن برز,106323,6
44048,2822,کهن قلعه,106324,6
44049,2822,گرازی,106325,6
44050,2822,گل بسر,106326,6
44051,2822,گلنا آباد,106327,6
44052,2822,گلو اند رزانی,106328,6
44053,2822,گلی سیاه,106329,6
44054,2822,گنبدکنار,106330,6
44055,2822,گنده چوقن,106331,6
44056,2822,گودکن 1,106333,6
44057,2822,گورکش,106334,6
44058,2822,گورکن علیا,106335,6
44059,2822,گیف کوییه,106336,6
44060,2822,مادین,106337,6
44061,2822,مهارکش,106338,6
44062,2822,مافان,106339,6
44063,2822,ماکان,106340,6
44064,2822,ماهی آباد,106341,6
44065,2822,محسن آباد,106342,6
44066,2822,محمدقلی سفلی,106343,6
44067,2822,محمدیه,106344,6
44068,2822,مقصود آباد,106345,6
44069,2822,موردوییه,106346,6
44070,2822,مورزنگی,106347,6
44071,2822,مورسرخ,106348,6
44072,2822,نرده,106350,6
44073,2822,نوران,106351,6
44074,2822,یارقلی بیگ,106352,6
44075,2822,ده میان,118533,6
44076,2822,نظام آباد,383537,6
44077,2822,یحیی آباد,383538,6
44078,2822,تورانی 2,383539,6
44079,2822,مندلی,383540,6
44080,2822,کل کلی,383542,6
44081,2822,گلو قربانی,383543,6
44082,2822,تک زه,383544,6
44083,2822,امردوییه علیا,383545,6
44084,2822,صدرالدین,383546,6
44085,2822,محمدقلی علیا,383548,6
44086,2822,دلوندعلیا,383549,6
44087,2822,محمدقلی میانی,383550,6
44088,2822,صالح آبادسفلی,383551,6
44089,2822,قلندری,383552,6
44090,2822,خرم آباد,383553,6
44091,2822,خمرو توییه 1,383554,6
44092,2822,دولت آباد,383556,6
44093,2822,گورکن سفلی,383557,6
44094,2822,بابو جهرسفلی,383558,6
44095,2822,شهاب علی,383559,6
44096,2822,خاکی علیا,383560,6
44097,2822,قره چشمه,383561,6
44098,2822,کهنوج,383562,6
44099,2822,چشمه ملکی,383563,6
44100,2822,سرگدار,383564,6
44101,2822,علی بندو سفلی,383565,6
44102,2822,علی بندو علیا,383566,6
44103,2822,دو دونگه,383567,6
44104,2822,پیچ بلاغ,383568,6
44105,2822,گردو چوار,383569,6
44106,2822,خوری,383570,6
44107,2822,حمید آباد,383571,6
44108,2822,فیض آباد,383572,6
44109,2822,باغ نایی,383761,6
44110,2822,چشمه جملو,383771,6
44111,2822,سلطان حسینی علیا,384420,6
44112,2822,شفیع کشته,384421,6
44113,2822,کورگه,384954,6
44114,2822,گسنگ,384955,6
44115,2822,بیدستان,384956,6
44116,2822,گود هور,808595,6
44117,2822,سیاهگلی,808784,6
44118,2823,چاه پت,107043,6
44119,2823,آب باد,109319,6
44120,2823,احمدآباد وطن,109321,6
44121,2823,استبرق,109322,6
44122,2823,اسکندریه,109323,6
44123,2823,اشکور,109326,6
44124,2823,بوذرجمهری,109329,6
44125,2823,بهمن آباد,109331,6
44126,2823,بیدکوییه,109332,6
44127,2823,تلمبه ابراهیم احمدپور,109334,6
44128,2823,تلمبه اسلام آباد,109335,6
44129,2823,تلمبه اکبرمرشدی,109336,6
44130,2823,تلمبه برفه ای,109337,6
44131,2823,تلمبه غلامعلی,109338,6
44132,2823,تلمبه جهاد,109340,6
44133,2823,تلمبه حسن مرادیان,109342,6
44134,2823,تلمبه حسین جمالی,109344,6
44135,2823,تلمبه حمیداستبرقی,109345,6
44136,2823,تلمبه خدایار رییسی,109346,6
44137,2823,تلمبه خیراله چناری,109347,6
44138,2823,تلمبه سرافرازاسلامی,109348,6
44139,2823,تلمبه سیدنعمت الله,109350,6
44140,2823,تلمبه سیدها,109351,6
44141,2823,تلمبه صفراسدی,109358,6
44142,2823,تلمبه صفراسلامی,109359,6
44143,2823,تلمبه صفرمهرجردی,109360,6
44144,2823,تلمبه عباسعلی یوسف,109361,6
44145,2823,تلمبه عبداله رزاقی,109363,6
44146,2823,تلمبه عبداله عزیزی,109364,6
44147,2823,تلمبه علی آباد,109365,6
44148,2823,تلمبه علی استبرقی,109366,6
44149,2823,تلمبه قاسمیان,109368,6
44150,2823,تلمبه مجیدمحمودی,109371,6
44151,2823,تلمبه مهدی برفه ای,109374,6
44152,2823,تلمبه مهدی پاریزی,109375,6
44153,2823,تیدوییه,109383,6
44154,2823,چاری,109385,6
44155,2823,حسین آباد,109390,6
44156,2823,حسین آبادتل سیاه,109392,6
44157,2823,حسین آباد رومنی,109395,6
44158,2823,حیدر آباد,109398,6
44159,2823,خلیل آباد,109399,6
44160,2823,خیر آباد,109401,6
44161,2823,دهنگره,109403,6
44162,2823,ده بغل,109404,6
44163,2823,ده بهروز,109405,6
44164,2823,ده حاجی,109406,6
44165,2823,ده شجاع,109411,6
44166,2823,عزیز آباد ده مراد,109413,6
44167,2823,ده نو,109414,6
44168,2823,روزبه آباد,109418,6
44169,2823,مهر آباد,109419,6
44170,2823,زرمه,109420,6
44171,2823,زنگی آباد,109421,6
44172,2823,سهراب,109426,6
44173,2823,شفاییه,109432,6
44174,2823,شمشیرگرد,109434,6
44175,2823,مزرعه شهیداسماعیلی,109440,6
44176,2823,علی آباد,109441,6
44177,2823,فر آباد,109443,6
44178,2823,قاسم آباد/احمداسلامی /,109446,6
44179,2823,کلین,109449,6
44180,2823,کمال آباد,109450,6
44181,2823,کوشک برزی,109451,6
44182,2823,کوشک مردان,109452,6
44183,2823,کویری,109453,6
44184,2823,کیشوییه,109455,6
44185,2823,گلوزرداب,109456,6
44186,2823,محمد آبادشکور,109459,6
44187,2823,مزرعه چاه مهدی,109465,6
44188,2823,مهرجرد,109474,6
44189,2823,نصرت آباد,109475,6
44190,2823,تلمبه عطاالهی,380680,6
44191,2823,مرغداری رمضانی,380681,6
44192,2823,تلمبه میرتختی,380682,6
44193,2823,تلمبه عباس اسماعیلی,380684,6
44194,2823,تلمبه محمدپورمحمودی موسی,380686,6
44195,2823,پس آباد,380687,6
44196,2823,تلمبه رضا جمالی,380688,6
44197,2823,تلمبه اسماعیلی,380689,6
44198,2823,تلمبه تل گیری,380690,6
44199,2823,تلمبه فتح آباد,380691,6
44200,2823,تلمبه مجیدگلو زردابی,380692,6
44201,2823,تلمبه امیرکوره پز,380696,6
44202,2823,تلمبه راویزی,380697,6
44203,2823,تلمبه حسن ولی زاده,380698,6
44204,2823,شرکت سیلیس /شرکت بابک سیلس /,380701,6
44205,2823,ده مراد,380702,6
44206,2823,تلمبه حسین آباد,380703,6
44207,2823,تلمبه علی اسلامی,380705,6
44208,2823,تلمبه احمداسلامی,380706,6
44209,2823,تلمبه رضااسلامی,380707,6
44210,2823,تلمبه حیدر آباد,380710,6
44211,2823,تلمبه چراغ علی رستمی,380711,6
44212,2823,تلمبه شکریان,380712,6
44213,2823,تلمبه محمداسدی,380716,6
44214,2823,تلمبه شهیدبهشتی,380717,6
44215,2823,تلمبه شوروییه,380718,6
44216,2823,کاظم آباد شریف پور,383642,6
44217,2823,تلمبه عباس نعمت,383643,6
44218,2823,حیدر آبادسهراب,383860,6
44219,2823,مهدی آباد شیوانی,383861,6
44220,2823,تلمبه غلامعباس پاریزی,383866,6
44221,2823,تلمبه امیر آباد,383867,6
44222,2823,تلمبه درویش استبرقی,383868,6
44223,2823,گاوداری عباس میرزاپور,383869,6
44224,2823,تلمبه دادالهی,383871,6
44225,2823,تلمبه عبدالله محمودی,384649,6
44226,2823,تلمبه حسین دادالهی,384767,6
44227,2824,آبدون انجیر,109860,6
44228,2824,ابرستان,109862,6
44229,2824,باب هیه,109867,6
44230,2824,باغ سوخته,109869,6
44231,2824,برزنجان,109871,6
44232,2824,پاقلعه,109874,6
44233,2824,پاگدار,109875,6
44234,2824,پلالو,109880,6
44235,2824,پیش استا,109882,6
44236,2824,تیدو,109910,6
44237,2824,چشمه خضر,109913,6
44238,2824,چشمه قربان,109915,6
44239,2824,ده شولیا,109934,6
44240,2824,ریسه,109943,6
44241,2824,سرخان,109945,6
44242,2824,شمس آباد,109953,6
44243,2824,صدر آباد,109954,6
44244,2824,فیض آباد,109958,6
44245,2824,قلندری,109959,6
44246,2824,کم سیاه,109961,6
44247,2824,گیشه,109969,6
44248,2824,کهنوج,109972,6
44249,2824,گزبلند,109974,6
44250,2824,لای بنودر,109983,6
44251,2824,لای خونگی,109985,6
44252,2824,محمد آباد,109986,6
44253,2824,مرج,109988,6
44254,2824,گل آباد,110010,6
44255,2824,پیدونو,380620,6
44256,2824,درتک,380621,6
44257,2824,زرقستان,380622,6
44258,2824,لاسیاه,380627,6
44259,2824,توکلی,380628,6
44260,2824,چاه بندان,380629,6
44261,2824,تتکوه,380630,6
44262,2824,نیکو,380631,6
44263,2824,مزرعه معدن بادامستان,383777,6
44264,2824,مهرگیاه,383797,6
44265,2824,لای شیردر,383798,6
44266,2824,آدورستان,383799,6
44267,2824,باغهای تیره,383800,6
44268,2824,ده گردو,383801,6
44269,2824,مهرنغوذییه,383802,6
44270,2824,چاهوییه,384892,6
44271,2824,لای بندروییه,384926,6
44272,2824,لای در کوییه,384927,6
44273,2825,برفه,109328,6
44274,2825,بهشت زهرا,109330,6
44275,2825,حسین آبادحصاروییه,109393,6
44276,2825,حصاروییه,109397,6
44277,2825,ده دباغ,109408,6
44278,2825,ده زین الدین,109409,6
44279,2825,عباس آبادعلینقی,109438,6
44280,2825,عبدل آباد,109439,6
44281,2825,فرخ زاد,109444,6
44282,2825,فیروز آباد,109445,6
44283,2825,گهرت,109457,6
44284,2825,محمد آبادسیدها,109460,6
44285,2825,محمد آبادمرتضی,109461,6
44286,2825,مزرعه موسایی,109470,6
44287,2825,یوسف آباد,109478,6
44288,2825,محمد آباد برفه,109485,6
44289,2825,ابراهیم آباد,109486,6
44290,2825,تلمبه اسلام آباد,109887,6
44291,2825,تلمبه جوادهجری,109891,6
44292,2825,تلمبه رضامحمودی,109892,6
44293,2825,تلمبه شهیدرجایی,109893,6
44294,2825,تلمبه علی محمودی,109896,6
44295,2825,تلمبه محمدخانی,109903,6
44296,2825,تلمبه مهدی آقا,109907,6
44297,2825,تلمبه نظام,109908,6
44298,2825,جویان,109912,6
44299,2825,حسین آباد,109920,6
44300,2825,دهنو,109937,6
44301,2825,سلیمانی,109948,6
44302,2825,شرکت فسان,109952,6
44303,2825,علی آباد,109955,6
44304,2825,فتح آباد,109957,6
44305,2825,کافه آذربایجان,109960,6
44306,2825,کهنویه,109973,6
44307,2825,مزرعه کم 1 پخاتون آباد/باغ گمان /,109989,6
44308,2825,اسلام آباد1 /سفایوییه اسلامی /,110005,6
44309,2825,توکل آباد/اتفاق آباد/,110006,6
44310,2825,رستوران برادران قربانی,380552,6
44311,2825,مزرعه کریم خان زند,380553,6
44312,2825,کارگاه راه آهن خاتون آباد,380633,6
44313,2825,تلمبه اسلام آباد خدادادی,380638,6
44314,2825,تلمبه مومن آباد,380639,6
44315,2825,تلمبه حاج حسین محمودی,380640,6
44316,2825,تلمبه اکبرحاجی,380641,6
44317,2825,تلمبه عظیم و رضا فارسی,380642,6
44318,2825,موتورشماره 8مس,380653,6
44319,2825,تلمبه حیدراسدی,380661,6
44320,2825,پزد آباد,380663,6
44321,2825,تلمبه پاقلعیا,380664,6
44322,2825,تلمبه بچه های محمدیوسف,380665,6
44323,2825,تلمبه فلک ناز,380666,6
44324,2825,تلمبه هدایی,380667,6
44325,2825,تلمبه سعدآباد,380668,6
44326,2825,تلمبه تل ساربانی,380669,6
44327,2825,تلمبه بپگها,380670,6
44328,2825,مرغداری جهادسازندگی,380672,6
44329,2825,تلمبه عبدل آباد,380678,6
44330,2825,دهنو فرخ زاد,380679,6
44331,2825,تلمبه محمودابراهیم,383808,6
44332,2825,گاوداری عبدالله باقرپور,383833,6
44333,2825,کارخانه پنیر,383834,6
44334,2825,تلمبه امور آب وفاضلاب,383835,6
44335,2825,شرکت پالایش تصفیه روغن شتاب,384882,6
44336,2825,کارخانه کود باغی,384944,6
44337,2825,ایستگاه راه آهن خاتون آباد,808113,6
44338,2825,کارخانه ذوب خاتون آباد,808564,6
44339,2826,آبادان حسینی,109318,6
44340,2826,امیر آباد قنات روباه,109327,6
44341,2826,تلمبه حسین اناری,109343,6
44342,2826,تلمبه شهیدغلامعباس ملایی,109349,6
44343,2826,تلمبه شهدای هفت تیر /تلمبه جوزنی /,109352,6
44344,2826,تلمبه شهیدباهنر,109353,6
44345,2826,تلمبه شهیدرجایی,109356,6
44346,2826,تلمبه صاحب الزمان,109357,6
44347,2826,تلمبه عباس کشاورز,109362,6
44348,2826,هاشم آباد,109367,6
44349,2826,تلمبه شهیدریاحی,109370,6
44350,2826,تلمبه محمدرباطی,109372,6
44351,2826,تلمبه محمدسبزعلیان,109373,6
44352,2826,تلمبه شهیدمطهری,109376,6
44353,2826,تلمبه ندیکیهاحسین زاده /شکاریان /,109377,6
44354,2826,تلمبه وحدت محمدکافی,109378,6
44355,2826,تلمبه هنرستان کشاورزی وشبانه روزی شه,109380,6
44356,2826,تلمبه گروه سجاد/تلمبه 22بهمن /,109381,6
44357,2826,تلمبه ولی عصر136,109382,6
44358,2826,چاه باغ,109387,6
44359,2826,چاجانی,109388,6
44360,2826,حسین آباد رباط,109394,6
44361,2826,حسین آباد مدوار,109396,6
44362,2826,دقمانی,109402,6
44363,2826,ده حسب,109407,6
44364,2826,رباط,109416,6
44365,2826,ساریج,109423,6
44366,2826,سراسیاب,109424,6
44367,2826,شرکت زراعی شهیدبهشتی,109428,6
44368,2826,توکل آباد,109429,6
44369,2826,تلمبه شهیدامیرکافی /شرکت زراعی 7تیر,109430,6
44370,2826,شوربزن,109435,6
44371,2826,علی آباد کافی,109442,6
44372,2826,کهنوج,109454,6
44373,2826,مدوار,109462,6
44374,2826,مزرعه امیر آباد,109464,6
44375,2826,مزرعه وتلمبه شهیددکترچمران,109466,6
44376,2826,مزرعه شهیدقاسمی,109467,6
44377,2826,تلمبه و مزرعه منتظری,109469,6
44378,2826,منزل آباد,109472,6
44379,2826,نصرت آباد,109476,6
44380,2826,علی آباد رباط,109480,6
44381,2826,مزرعه شهیدحسین زاده,380719,6
44382,2826,کشتارگاه شهرداری,380720,6
44383,2826,تلمبه عباس آباد کهنوج,380721,6
44384,2826,تلمبه سیدعلی حسینی,380722,6
44385,2826,تلمبه شهیدبهشتی,380723,6
44386,2826,تلمبه وحیدنصیری,380724,6
44387,2826,تلمبه عباس آباد,380725,6
44388,2826,تلمبه مهدی آباد,380726,6
44389,2826,تلمبه غضنفر پورامینی,380727,6
44390,2826,تلمبه شماره 60شهربابک /تلمبه 22بهمن,380732,6
44391,2826,چاه کل موشا,380733,6
44392,2826,تلمبه اسلام آباد,380736,6
44393,2826,تلمبه شهیدسالاری,380737,6
44394,2826,چاه تلمبه آزادگان,383811,6
44395,2826,تلمبه شماره یک شهیدامیرنژاد,383812,6
44396,2826,چاه تلمبه رزمندگان پیرجل,383813,6
44397,2826,تلمبه کمیته امدادامام خمینی شماره 2,383814,6
44398,2826,طرح پسته کاری شماره 3,383815,6
44399,2826,تلمبه مهدی آباد رباط شماره 5,383816,6
44400,2826,تلمبه شماره 6,383817,6
44401,2826,تلمبه دهجی ها شماره 4,383818,6
44402,2826,تلمبه شماره 7,383819,6
44403,2826,تلمبه شماره 8,383820,6
44404,2826,تلمبه شماره 9,383821,6
44405,2826,تلمبه شماره 10,383822,6
44406,2826,تلمبه شماره 11,383823,6
44407,2826,تلمبه شماره 12,383824,6
44408,2826,تلمبه علی عابدینی,383826,6
44409,2826,تلمبه مراد آباد,383827,6
44410,2826,تلمبه دولت آباد پایین,383828,6
44411,2826,تلمبه امیر آباد,383829,6
44412,2826,تلمبه شهیدخرسندی,383830,6
44413,2826,تلمبه ولی عصر2,383831,6
44414,2826,جعفر آباد,383846,6
44415,2826,معدن سنگ مرمر,383872,6
44416,2826,معدن سنگ مرمریت,383874,6
44417,2826,تلمبه ده عرب,384370,6
44418,2826,تلمبه گرگ آباد علی کشاورز,384371,6
44419,2826,موتورپمپ شروب میدوک,384372,6
44420,2826,تاسیسات آسفالت جهاد,384373,6
44421,2826,میدان تیر,384374,6
44422,2826,چاه تلمبه آزادگان,384647,6
44423,2826,کارگاه شن وماسه حسین عبدی,384648,6
44424,2826,ادراه زندان شهربابک,384889,6
44425,2826,کارخانه چرم شهربابک,384890,6
44426,2826,تلمبه دادگستری,385166,6
44427,2826,تلمبه خبریها,385167,6
44428,2826,تلمبه ثبت اسناد,385168,6
44429,2826,تلمبه سعادت آباد رباط,385169,6
44430,2826,تلمبه خاکساریان,385170,6
44431,2826,تلمبه جهاد,385171,6
44432,2826,تلمبه فرمانداری,385172,6
44433,2826,تلمبه کشاورزی بده,385173,6
44434,2826,چاه موتورشماره 2جانبازان,385174,6
44435,2826,منطقه مهدی آباد,808204,6
44436,2826,منطقه شوربزن,808205,6
44437,2827,آب گندمان,100253,6
44438,2827,آدوری,100255,6
44439,2827,اندراسفلی,100259,6
44440,2827,اندراعلیا,100260,6
44441,2827,اندراوسطی,100261,6
44442,2827,باغ بنه,100265,6
44443,2827,بالاخونی,100267,6
44444,2827,بیدوندر,100273,6
44445,2827,پاچناران,100274,6
44446,2827,ترنگ,100278,6
44447,2827,غزال,100280,6
44448,2827,قوچون,100281,6
44449,2827,دغندر,100290,6
44450,2827,درباغ,100291,6
44451,2827,ده بره,100295,6
44452,2827,ده قاضی1,100298,6
44453,2827,دهکده,100301,6
44454,2827,رشکان,100305,6
44455,2827,رورز,100310,6
44456,2827,سر بهاره1,100315,6
44457,2827,سرچینوبالا,100316,6
44458,2827,سرچینوپایین,100317,6
44459,2827,کم عروسک بالا,100331,6
44460,2827,کم عروسک پایین,100332,6
44461,2827,کواروبالا,100334,6
44462,2827,کواروپایین,100335,6
44463,2827,کوه سنجان,100336,6
44464,2827,گری بالا,100338,6
44465,2827,گری پایین,100339,6
44466,2827,لابیدو,100341,6
44467,2827,لاکمراسپید,100343,6
44468,2827,لاگردو,100344,6
44469,2827,لاگلر,100345,6
44470,2827,محمدآباد,100348,6
44471,2827,مزارع,100349,6
44472,2827,مسینان,100351,6
44473,2827,ادرباغ,109640,6
44474,2827,آشوب سفلی,109641,6
44475,2827,آشوب علیا,109642,6
44476,2827,آشوب وسطی,109643,6
44477,2827,اکبرآباد,109644,6
44478,2827,بادامستان پایین,109645,6
44479,2827,باغ لا,109646,6
44480,2827,بریکو,109647,6
44481,2827,بشته,109648,6
44482,2827,بندوان,109650,6
44483,2827,بونو,109651,6
44484,2827,بهرام آباد,109652,6
44485,2827,بهنوییه,109653,6
44486,2827,بیدآخوند,109654,6
44487,2827,بیدارستان /بیدارسیلان /,109656,6
44488,2827,بیدوییه,109657,6
44489,2827,پدنستان معدن,109658,6
44490,2827,چاه کاهی,109659,6
44491,2827,چپی,109660,6
44492,2827,چهارجزسفلی,109661,6
44493,2827,چهارجزعلیا,109662,6
44494,2827,حسن آبادجنگو,109663,6
44495,2827,خالنگ,109664,6
44496,2827,خرمدره,109665,6
44497,2827,خون خالدین,109666,6
44498,2827,درییدوییه,109667,6
44499,2827,درشیخان,109668,6
44500,2827,درگری,109669,6
44501,2827,دو زریو,109670,6
44502,2827,ده بابو,109671,6
44503,2827,ده رامسر,109673,6
44504,2827,ده قاضی2,109674,6
44505,2827,دهنو1,109675,6
44506,2827,دهنو2,109676,6
44507,2827,دهنو3,109677,6
44508,2827,دینکو,109678,6
44509,2827,رندان,109682,6
44510,2827,سر بهاره2,109685,6
44511,2827,سرد رودخانه,109686,6
44512,2827,سروشک,109687,6
44513,2827,سلطان مظفر,109688,6
44514,2827,سنجدکوه,109689,6
44515,2827,سنجدو1,109690,6
44516,2827,شبزه,109691,6
44517,2827,شیبزه,109692,6
44518,2827,شیخ عبدالهی,109693,6
44519,2827,عبداله آباد,109694,6
44520,2827,علی آباد,109695,6
44521,2827,فتح آباد,109696,6
44522,2827,کاریگ,109697,6
44523,2827,کم سرخ,109700,6
44524,2827,کمپ ساختمانی میدوک,109702,6
44525,2827,کمشکو,109703,6
44526,2827,کن عبداله,109704,6
44527,2827,کن گز,109705,6
44528,2827,کنگ,109706,6
44529,2827,کهترود,109707,6
44530,2827,کهتوکرها,109708,6
44531,2827,کیمارک,109709,6
44532,2827,گازرون,109710,6
44533,2827,گرگوش پایین,109711,6
44534,2827,گرگوش بالا,109712,6
44535,2827,گریو,109713,6
44536,2827,گریو,109714,6
44537,2827,گزگستان,109715,6
44538,2827,گزو,109716,6
44539,2827,گشنیزوییه,109717,6
44540,2827,گل بیدو,109718,6
44541,2827,گلخوار,109719,6
44542,2827,گمبکو,109720,6
44543,2827,گودکنو,109721,6
44544,2827,گودنانوا سفلی,109722,6
44545,2827,گودنانوا علیا,109723,6
44546,2827,لولی,109724,6
44547,2827,لاارزقی,109725,6
44548,2827,لابرکن,109726,6
44549,2827,لاتاج آباد,109727,6
44550,2827,لاتیرکوه,109728,6
44551,2827,لادربیدو,109729,6
44552,2827,لادرمیان,109730,6
44553,2827,لارسی,109731,6
44554,2827,لاریزو,109732,6
44555,2827,لاشوره,109733,6
44556,2827,لاکومه صدا,109734,6
44557,2827,لاگزبید,109735,6
44558,2827,لامرزه,109736,6
44559,2827,مالیه,109737,6
44560,2827,مزرعه بالا,109738,6
44561,2827,مزرعه پایین,109739,6
44562,2827,معدن لاچاه مسیح,109741,6
44563,2827,ملخی,109742,6
44564,2827,مهران,109743,6
44565,2827,مهنی,109744,6
44566,2827,میدوک,109745,6
44567,2827,ندیک,109746,6
44568,2827,هامنگو,109747,6
44569,2827,هرناشک,109748,6
44570,2827,یوسف آباد,109749,6
44571,2827,شوره یزدی,380573,6
44572,2827,شوره الاقلی,380574,6
44573,2827,منگویی,380575,6
44574,2827,بادمجونی,380576,6
44575,2827,سنجدو2,380577,6
44576,2827,چشمه بیدو,380578,6
44577,2827,احمدآباد,380579,6
44578,2827,کسکوییه,380580,6
44579,2827,پونستان,380581,6
44580,2827,تل قدیر,380582,6
44581,2827,بادامستان بالا,380584,6
44582,2827,درنیدوییدپایین,380589,6
44583,2827,کمری,380590,6
44584,2827,تنگوکاریک,380591,6
44585,2827,بریکوییه,380592,6
44586,2827,لاپیازی التیقیا,380593,6
44587,2827,لاموری,380594,6
44588,2827,لادینو,380595,6
44589,2827,لاسفیدار,380596,6
44590,2827,لاپیازی امیریا,380597,6
44591,2827,لاریسی,383774,6
44592,2827,بیدملکی,383805,6
44593,2827,یارسوخته,383806,6
44594,2827,شرکت مهدیه قم میدوک,384583,6
44595,2827,ده لاسلمانی (علیاوسفلی ),385097,6
44596,2827,ندو,808206,6
44597,2827,کارگاه شن و ماسه باقری,808565,6
44598,2827,کارگاه شن وماسه شریف پور,808657,6
44599,2827,پاسگاه میدوک,808658,6
44600,2827,شرکت فلز رنگین,808709,6
44601,2828,آبدر میان,109861,6
44602,2828,اهرن در,109863,6
44603,2828,اکبر آباد,109864,6
44604,2828,امردوییه,109865,6
44605,2828,انجیره,109866,6
44606,2828,باغ پایین,109868,6
44607,2828,بن لا,109872,6
44608,2828,بی جو,109873,6
44609,2828,پای دژ,109876,6
44610,2828,پدو,109877,6
44611,2828,پدوییه,109878,6
44612,2828,پشت گر,109879,6
44613,2828,پوراز,109881,6
44614,2828,سرگله,109883,6
44615,2828,تایی,109884,6
44616,2828,تلخستان,109885,6
44617,2828,تیلا,109911,6
44618,2828,چشمه سفید,109914,6
44619,2828,چنار,109916,6
44620,2828,حدکنوییه,109917,6
44621,2828,حسین آبادسفلی,109921,6
44622,2828,حسین آبادعلیا/پیش رودخانه /,109922,6
44623,2828,دربنه,109925,6
44624,2828,دربید,109926,6
44625,2828,درخونی,109927,6
44626,2828,درکوییه,109928,6
44627,2828,دنبه علیا,109929,6
44628,2828,دنبه نصراله,109930,6
44629,2828,ده آخوند,109931,6
44630,2828,ده بالا,109932,6
44631,2828,ده نجم,109935,6
44632,2828,دهنه آبدر,109938,6
44633,2828,رزر,109940,6
44634,2828,رزگله,109941,6
44635,2828,رزملک,109942,6
44636,2828,سبلوییه,109944,6
44637,2828,سرداب,109946,6
44638,2828,سرگدار1,109947,6
44639,2828,سنجدسفلی,109949,6
44640,2828,سنجدعلیا,109950,6
44641,2828,سنگ آباد,109951,6
44642,2828,کرم,109962,6
44643,2828,کل حسین آباد,109964,6
44644,2828,کل مندوییه,109965,6
44645,2828,کلیلان,109966,6
44646,2828,کمرسفید,109967,6
44647,2828,کموچک,109968,6
44648,2828,کهن مور,109971,6
44649,2828,گلاب,109975,6
44650,2828,گوزکستان,109977,6
44651,2828,لای خیس,109978,6
44652,2828,لازرد,109979,6
44653,2828,لای شکرکوییه,109980,6
44654,2828,لامور,109981,6
44655,2828,له لن,109982,6
44656,2828,لای خورین,109984,6
44657,2828,مشکان,109990,6
44658,2828,مورنگ 1,109993,6
44659,2828,میمند,109995,6
44660,2828,نازی آباد,109996,6
44661,2828,نوکن سفلی,109998,6
44662,2828,نوکن علیا,109999,6
44663,2828,نیکو,110000,6
44664,2828,کهن سفلی علیا,380599,6
44665,2828,کوکوییه,380600,6
44666,2828,هنگر,380601,6
44667,2828,آب باد1,380602,6
44668,2828,حومه,380603,6
44669,2828,کهن زران,380604,6
44670,2828,آدورستان,380605,6
44671,2828,خینو,380606,6
44672,2828,شیخ جمال,380607,6
44673,2828,بندر,380608,6
44674,2828,آب جدک,380609,6
44675,2828,آب باد2,380610,6
44676,2828,گردکوییه,380611,6
44677,2828,دردزدی,380612,6
44678,2828,لای نی,380613,6
44679,2828,لای گردو,380614,6
44680,2828,لای گوگیر,380615,6
44681,2828,مورنگ 2,380617,6
44682,2828,کارگاه راه آهن شرکت دی,380634,6
44683,2828,ده مراد,383781,6
44684,2828,عولنگی,383782,6
44685,2828,سرقنات,383783,6
44686,2828,لای ریشه کوه,383784,6
44687,2828,عین الدینی,383785,6
44688,2828,کهنو,383786,6
44689,2828,غیاسی,383787,6
44690,2828,درگازرو,383791,6
44691,2828,باغ مراد,383792,6
44692,2829,ابراهیم آباد,108852,6
44693,2829,احمد آباد پشت کن,108854,6
44694,2829,ارغوان,108855,6
44695,2829,امردوییه,108856,6
44696,2829,بادومیه,108858,6
44697,2829,باغ نانوا,108859,6
44698,2829,بن توت,108860,6
44699,2829,بهزادان,108861,6
44700,2829,بهنوابالا,108862,6
44701,2829,بهنواپایین,108863,6
44702,2829,پارسکوه سفلی,108865,6
44703,2829,پارسکوه علیا,108866,6
44704,2829,پدا,108867,6
44705,2829,ترشکوه,108868,6
44706,2829,تنگاله پایین,108869,6
44707,2829,تنگاله بالا,108870,6
44708,2829,تیدوییه بالا,108871,6
44709,2829,جنت آباد,108872,6
44710,2829,جوبنو,108875,6
44711,2829,جهاد آباد,108877,6
44712,2829,چاورچی,108878,6
44713,2829,حسین آباد1,108880,6
44714,2829,حوریان,108882,6
44715,2829,دربیدوییه,108883,6
44716,2829,ده حاجی,108884,6
44717,2829,ده کلانتر,108886,6
44718,2829,دهشادوییه,108887,6
44719,2829,دهنو1,108888,6
44720,2829,دهنو2,108889,6
44721,2829,دهنو بن توت,108890,6
44722,2829,دهنو علی قربان,108892,6
44723,2829,رزوییه,108893,6
44724,2829,روگوشوییه سفلی,108894,6
44725,2829,روگوشوییه علیا,108895,6
44726,2829,زری بندو,108896,6
44727,2829,زمان سفلی,108897,6
44728,2829,زمان علیا,108898,6
44729,2829,سغینوییه,108899,6
44730,2829,سرتخت,108900,6
44731,2829,سرخوییه,108901,6
44732,2829,سنجد آباد,108902,6
44733,2829,شنگوییه پایین,108904,6
44734,2829,شنگلوییه بالا,108905,6
44735,2829,طرفه,108906,6
44736,2829,طزرج,108907,6
44737,2829,سنجدو,108909,6
44738,2829,علی آباد روگوشوییه,108910,6
44739,2829,قطب آباد,108913,6
44740,2829,قهوه خانه ثاراله,108914,6
44741,2829,کافه گلستان,108915,6
44742,2829,کم سفیدسفلی,108916,6
44743,2829,کرنگو,108918,6
44744,2829,کمکوییه,108919,6
44745,2829,کهت نو,108920,6
44746,2829,کهتوییه,108921,6
44747,2829,ده قاسم,108922,6
44748,2829,گدنه,108923,6
44749,2829,گرما,108924,6
44750,2829,گودسرخ,108926,6
44751,2829,لقمه گیرو,108927,6
44752,2829,لاریسی,108928,6
44753,2829,لاطلا,108929,6
44754,2829,ماهی آباد,108930,6
44755,2829,محمد آباد روگوشوییه,108931,6
44756,2829,معصوم آباد,108933,6
44757,2829,مورپهن بالا,108934,6
44758,2829,مورگور,108935,6
44759,2829,مهرپایین,108936,6
44760,2829,نیسانک,108937,6
44761,2829,هنی,108938,6
44762,2829,اسحق آباد,109030,6
44763,2829,بیدسوخته,109046,6
44764,2829,تنگ گریبان,109050,6
44765,2829,دولت آباد,109088,6
44766,2829,کبودان,109137,6
44767,2829,ده چلاقی,109672,6
44768,2829,رمجردبالا,109680,6
44769,2829,رمجردپایین,109681,6
44770,2829,زاروییه سفلی,109683,6
44771,2829,زاروییه علیا,109684,6
44772,2829,ده بید,380562,6
44773,2829,تیدوییه پایین,380563,6
44774,2829,دیگ آباد,380564,6
44775,2829,مزرعه دربیدو,380565,6
44776,2829,کافه حقیقت,380567,6
44777,2829,چلوکبابی باباکوهی,380568,6
44778,2829,مزرعه شمس آباد,380570,6
44779,2829,برج دم دهنه,380571,6
44780,2829,کم سفیدعلیا,383795,6
44781,2829,ده دیوانه,383796,6
44782,2829,رضا آباد,383804,6
44783,2829,ده قاضی,808728,6
44784,2830,آبدر,109026,6
44785,2830,اکبر آباد,109032,6
44786,2830,باشک,109038,6
44787,2830,باغ زردآلو,109039,6
44788,2830,برسون,109043,6
44789,2830,بروجال,109044,6
44790,2830,بیدستان,109045,6
44791,2830,پامباییه,109047,6
44792,2830,تلخستان,109049,6
44793,2830,توران,109052,6
44794,2830,چاه بنه,109054,6
44795,2830,حاجی آباد,109057,6
44796,2830,حاجی آباد سرخان گونی,109059,6
44797,2830,حسن آباد,109060,6
44798,2830,حسن آباد پیرکر,109061,6
44799,2830,حسین آباد/حسن آباد ابکوییه /,109063,6
44800,2830,حسین آباد,109064,6
44801,2830,خادوییه,109066,6
44802,2830,خبر,109070,6
44803,2830,خوربند,109071,6
44804,2830,خیر آباد,109075,6
44805,2830,دره تنگ,109084,6
44806,2830,دره دهو,109085,6
44807,2830,دره کیوان,109086,6
44808,2830,ده پایین,109090,6
44809,2830,ده طهماسب,109091,6
44810,2830,ده علی خان,109092,6
44811,2830,دهنو پایین,109093,6
44812,2830,دهوییه,109097,6
44813,2830,رستم آباد,109099,6
44814,2830,روح آباد,109101,6
44815,2830,سالوییه,109103,6
44816,2830,سرآسیاب,109104,6
44817,2830,سنجدوییه,109109,6
44818,2830,سه چاه,109110,6
44819,2830,سه کلمبه,109111,6
44820,2830,سیاهوییه,109112,6
44821,2830,شاهینو,109115,6
44822,2830,شمس آباد,109116,6
44823,2830,صفی آباد,109119,6
44824,2830,علی آباد1,109123,6
44825,2830,علی آباد ملخی,109124,6
44826,2830,فرح آباد,109127,6
44827,2830,کم پیازو,109133,6
44828,2830,کم کوییه,109134,6
44829,2830,کدر,109135,6
44830,2830,گریو,109138,6
44831,2830,گزدان,109140,6
44832,2830,گزوییه,109141,6
44833,2830,گلنار,109143,6
44834,2830,کندر,109144,6
44835,2830,گودگوهر,109145,6
44836,2830,کهتو,109146,6
44837,2830,محمد آباد,109155,6
44838,2830,محمود آباد,109156,6
44839,2830,مراع,109158,6
44840,2830,مزرعه مران,109160,6
44841,2830,مورخورمدو,109161,6
44842,2830,میرنال,109163,6
44843,2830,نارو,109164,6
44844,2830,نازوییه,109165,6
44845,2830,هنجرک بالا,109168,6
44846,2830,هنجرک پایین,109169,6
44847,2830,محمدآباد سرخوییه,380559,6
44848,2830,اسلام آباد,380560,6
44849,2830,بیدزرد,383637,6
44850,2830,زنگوییه,383638,6
44851,2830,دهنو کندر,383639,6
44852,2830,جعفرآباد,383762,6
44853,2830,کهتوییه,383763,6
44854,2830,احمدآباد,383773,6
44855,2830,ولی آباد,383775,6
44856,2830,جعفرآبادسالوییه,384646,6
44857,2830,دولت آباد,384891,6
44858,2830,لاور,384936,6
44859,2830,فیض آباد,384937,6
44860,2830,علی آباد غیاثی,384938,6
44861,2830,تم تاروییه,384939,6
44862,2830,مزرعه چمران,384940,6
44863,2830,مهرآباد,384941,6
44864,2830,پیر مارال,384943,6
44865,2831,احمدآباد خیاری,109027,6
44866,2831,احمدآبادگود,109028,6
44867,2831,اسپاروییه,109029,6
44868,2831,اسلام آباد,109031,6
44869,2831,النگ پودوییه,109033,6
44870,2831,بادوییه سفلی,109035,6
44871,2831,بادوییه علیا,109037,6
44872,2831,باغ نوری سفلی,109040,6
44873,2831,آب ترویییه /باغنوری علیا/,109041,6
44874,2831,باغ نوری وسط,109042,6
44875,2831,ترکان,109048,6
44876,2831,توتا,109051,6
44877,2831,چاه برشک,109053,6
44878,2831,چغوتوییه,109055,6
44879,2831,حاجی آباد,109056,6
44880,2831,حاجی آباد,109058,6
44881,2831,حسین آباد/ده پایین /,109062,6
44882,2831,خاتون آباد,109065,6
44883,2831,مهدی آباد / خان مهران سفلی/,109067,6
44884,2831,خان مهران علیا,109068,6
44885,2831,خادمیه /خان نسا/,109069,6
44886,2831,خیاری سفلی,109072,6
44887,2831,خیاری علیا,109073,6
44888,2831,خیاری وسطی,109074,6
44889,2831,خیرآباد سفلی,109076,6
44890,2831,خیرآباد علیا,109077,6
44891,2831,درب حمزه,109078,6
44892,2831,درب کهت,109079,6
44893,2831,درختستان,109080,6
44894,2831,دره ذرب سفلی,109081,6
44895,2831,دره ذرب علیا,109082,6
44896,2831,درودمند,109083,6
44897,2831,درگزون,109087,6
44898,2831,دهنو,109094,6
44899,2831,دهنوجمعه,109095,6
44900,2831,دهنو نجف آباد,109096,6
44901,2831,رکن آبادعلیا/رکن آباد/,109100,6
44902,2831,زاردوییه,109102,6
44903,2831,کوهساربالا/سرخ کهسوبالا/,109105,6
44904,2831,کوهسارپایین /سرخ کهسوپایین /,109106,6
44905,2831,سلیمان آباد,109107,6
44906,2831,سیاهوییه,109113,6
44907,2831,سینه غاز/سینه خوار/,109114,6
44908,2831,شورآباد سفلی,109117,6
44909,2831,شور آباد علیا,109118,6
44910,2831,عباس آباد,109120,6
44911,2831,عزت آباد,109121,6
44912,2831,علی آباد1,109122,6
44913,2831,عمرآباد,109125,6
44914,2831,فتح آباد,109126,6
44915,2831,فیض آباد,109128,6
44916,2831,قاضی آباد,109129,6
44917,2831,پوشادوییه,109130,6
44918,2831,قنات نو,109131,6
44919,2831,کجوییه,109132,6
44920,2831,کهتوبک,109136,6
44921,2831,گزبلند,109139,6
44922,2831,کهن سبز/کهن گیجه /,109147,6
44923,2831,لوگرد,109148,6
44924,2831,لای درزاردوییه/,109149,6
44925,2831,ماوای سفلی,109151,6
44926,2831,ماوای علیا,109152,6
44927,2831,ماوای وسط,109153,6
44928,2831,محمد آباد,109154,6
44929,2831,مدوارارجنو,109157,6
44930,2831,مزرعه جنگل,109159,6
44931,2831,مهدی آباد,109162,6
44932,2831,نظام آباد,109166,6
44933,2831,هاشم آباد,109167,6
44934,2831,هیچوییه,109171,6
44935,2831,مدوار,380554,6
44936,2831,لامسه,380555,6
44937,2831,سرخ آباد,380556,6
44938,2831,اسب گیر,380557,6
44939,2831,چهارخادوییه,380558,6
44940,2831,دهنوخیاری,383789,6
44941,2831,هیجوییه بالا (علیا),384929,6
44942,2831,جعفرآباد,384930,6
44943,2831,علی آباد2,384931,6
44944,2831,مزرعه رفیعی,384933,6
44945,2831,تقی آباد,384935,6
44946,2831,مجتمع گاوداری دهجی ها (دشت سرتخت ),808708,6
44947,2832,باباگل,111324,6
44948,2832,پیرغیب بالا,111325,6
44949,2832,تلمبه ازادی,111327,6
44950,2832,تلمبه استقلال,111328,6
44951,2832,جهر,111329,6
44952,2832,دهنو,111330,6
44953,2832,رودخیز,111331,6
44954,2832,زوار,111332,6
44955,2832,سومون,111334,6
44956,2832,کدرود1,111337,6
44957,2832,کهنوج علی میرزا,111338,6
44958,2832,کهنوج شاه,111339,6
44959,2832,هنزا,111341,6
44960,2832,پشوییه,111701,6
44961,2832,تلمبه زواریها,382789,6
44962,2832,سانتوییه,382792,6
44963,2832,دشتوییه,382796,6
44964,2832,شرکت فتح المبین,382797,6
44965,2832,مزرعه مهدی محمدی,382798,6
44966,2832,مزرعه امیرگودیزی,382799,6
44967,2832,تلمبه پور شیخ علی,384235,6
44968,2833,ابراهیم آباد,111362,6
44969,2833,استحکام,111363,6
44970,2833,اکبر آباد بحری,111364,6
44971,2833,اکبرآباد رشیدفرخی,111365,6
44972,2833,امیرآباد,111366,6
44973,2833,پیرندیدیگان,111368,6
44974,2833,تلمبه شهیددستغیب,111370,6
44975,2833,حجت آباد,111371,6
44976,2833,حسین آبادغفوری,111373,6
44977,2833,دولت آباد,111375,6
44978,2833,ده خان,111376,6
44979,2833,ده سیف,111377,6
44980,2833,ده نو سالار,111379,6
44981,2833,رشیدآباد,111381,6
44982,2833,رودخانه,111383,6
44983,2833,زیارتگاه,111385,6
44984,2833,سالار آباد,111386,6
44985,2833,شاه آباد/ده دادبخش /,111387,6
44986,2833,شجاع آباد,111388,6
44987,2833,شجاع آباد محمدعلی,111389,6
44988,2833,شفیع آباد,111390,6
44989,2833,شور آباد,111391,6
44990,2833,شیخ آباد,111392,6
44991,2833,شیرین آباد,111393,6
44992,2833,علی آباد,111395,6
44993,2833,علی آباد حجت,111397,6
44994,2833,کریم آباد,111398,6
44995,2833,مختارآباد,111401,6
44996,2833,ملک آباد,111403,6
44997,2833,تلمبه شماره 1دادگاه انقلاب /موسسه کشت,111404,6
44998,2833,مهدی آباد,111405,6
44999,2833,ولی آباد,111407,6
45000,2833,هاشم آباد,111408,6
45001,2833,همت آبادسفلی,111409,6
45002,2833,اسلام آباد1,382800,6
45003,2833,تلمبه شماره 1مظفری,382803,6
45004,2833,تلمبه شماره 5دادگاه انقلاب,382807,6
45005,2833,تلمبه شماره 3دادگاه انقلاب,382808,6
45006,2833,تلمبه شماره 2دادگاه انقلاب,382809,6
45007,2833,مشاع شهیدچمران,382811,6
45008,2833,مشاع شهیدبهشتی,382812,6
45009,2833,مشاع شهیدمطهری,382813,6
45010,2833,همت آبادعلیا,382814,6
45011,2833,ایستگاه تثبیت شن استحکام,382819,6
45012,2833,اسلام آباد2,382820,6
45013,2833,ایستگاه تثبیت شن دهنو,382825,6
45014,2833,تلمبه شهید طالبی,384905,6
45015,2833,تلمبه شهیدزمانی,808130,6
45016,2833,تلمبه زندوکیلی,808131,6
45017,2833,تلمبه حاج ملک,808132,6
45018,2833,کمپ کویری,808133,6
45019,2834,باغ هوتک,111464,6
45020,2834,پشته,111465,6
45021,2834,پوزه کوه,111466,6
45022,2834,دره ملاشاهی,111473,6
45023,2834,فیض آباد,111478,6
45024,2834,کاظم آباد,111479,6
45025,2834,کشتوییه,111480,6
45026,2834,انجیراسپیده,111505,6
45027,2834,باغ ملک,111506,6
45028,2834,بندگیلیون,111507,6
45029,2834,پاتل بادامی,111508,6
45030,2834,پامزار,111509,6
45031,2834,جنت آباد,111515,6
45032,2834,جودگردو,111516,6
45033,2834,چنارسرگزون,111517,6
45034,2834,چنارسوخته,111518,6
45035,2834,حمایتی,111521,6
45036,2834,خاک سفیدی,111522,6
45037,2834,درآب,111524,6
45038,2834,دربر آفتاب,111526,6
45039,2834,درچنار,111527,6
45040,2834,درزوییه,111528,6
45041,2834,احمدآباد دهنه درودی,111531,6
45042,2834,رجنو,111532,6
45043,2834,رنگ رزو,111533,6
45044,2834,ریزه هزار,111534,6
45045,2834,زارچوییه,111535,6
45046,2834,سنگ زرد1,111538,6
45047,2834,سنگه سا,111542,6
45048,2834,سیرچ,111543,6
45049,2834,کاروانسرا1,111547,6
45050,2834,کاروانسرا2,111548,6
45051,2834,کل کوهی,111549,6
45052,2834,گری,111550,6
45053,2834,گودال انجیرو,111551,6
45054,2834,گودبیدو,111552,6
45055,2834,مارگیری,111554,6
45056,2834,موهوب,111555,6
45057,2834,مهر آباد,111556,6
45058,2834,ناصرآباد,111557,6
45059,2834,سربند,111612,6
45060,2834,کناران,111614,6
45061,2834,خرم آباد,382754,6
45062,2834,شکرو,382755,6
45063,2834,محمود آباد,382758,6
45064,2834,مزرعه حسین اکبر,382764,6
45065,2834,فردوس,382765,6
45066,2834,جلال آباد,382766,6
45067,2834,پشت گلی,382767,6
45068,2834,سنگ زرد2,382768,6
45069,2834,مشهدشهداغدیر,385104,6
45070,2834,بن سوز,385105,6
45071,2835,آبگرم,111504,6
45072,2835,حسن آباد,111519,6
45073,2835,درگلو,111529,6
45074,2835,احمدیه,111650,6
45075,2835,بندرجوشان,111651,6
45076,2835,بندرچاک,111652,6
45077,2835,بندنو,111653,6
45078,2835,پشیشکوییه,111655,6
45079,2835,جوشان,111657,6
45080,2835,ده قلی,111658,6
45081,2835,دهوییه,111659,6
45082,2835,زاینده رود,111660,6
45083,2835,سعد آباد,111661,6
45084,2835,فندقاع,111662,6
45085,2835,کنگری,111663,6
45086,2835,کهنو,111664,6
45087,2835,گلچین,111666,6
45088,2835,مادنگ,111668,6
45089,2835,محسن آباد,111669,6
45090,2835,ناصر آباد,111670,6
45091,2835,هشتادان,111671,6
45092,2835,تیرکان,111737,6
45093,2835,زمان آباد,111738,6
45094,2835,علی آباد مرگون,111739,6
45095,2835,زمین نایی,382770,6
45096,2835,تلمبه شهیدمطهری,382773,6
45097,2835,آب اشامیدنی جوشان,382774,6
45098,2835,مزرعه امیرحسین کلانتری,382775,6
45099,2835,دکل تلویزیونی,382777,6
45100,2835,کارخانه برزنت,382778,6
45101,2835,دامن کوه,382779,6
45102,2835,کوکون,382780,6
45103,2835,کارخانه آسفالت شهرداری,382781,6
45104,2835,شهرک ده ملک ( روستای ده ملک),385129,6
45105,2835,تلمبه دوی رک,385130,6
45106,2836,حرمک,111703,6
45107,2836,ده حسنعلی,111705,6
45108,2836,علی آباد,111707,6
45109,2836,کشیت,111709,6
45110,2836,نسک,111713,6
45111,2836,آبگرمو,382782,6
45112,2837,اسماعیل آباد,111764,6
45113,2837,امیر آباد,111765,6
45114,2837,تلمبه دباغها,111768,6
45115,2837,تلمبه رضا خداداد,111769,6
45116,2837,تلمبه مهدی سفیدکار,111771,6
45117,2837,تلمبه مستضعفین1,111773,6
45118,2837,حاجی آباد,111775,6
45119,2837,ده اقارضی,111778,6
45120,2837,حجت آباد,111780,6
45121,2837,کارخانه روغن نباتی گلناز,111781,6
45122,2837,عبداله آباد,111782,6
45123,2837,کارگاه شرکت زم زم,111787,6
45124,2837,تلمبه مستضعفین2,111845,6
45125,2837,قناتغستان,111892,6
45126,2837,دهنه گلومک بندباغین,112594,6
45127,2837,مزرعه حجت آباد برقراری,112634,6
45128,2837,معدن شن بنیادمسکن بنیادبتن,112642,6
45129,2837,معدن شن گلومک,112643,6
45130,2837,ایستگاه تولیدبذرونهال منابع طبیعی,382642,6
45131,2837,شرکت تعاونی مرغ تخمی 111,382646,6
45132,2837,گاوداری علی شفیعی,382647,6
45133,2837,گاوداری فرح بخش,382648,6
45134,2837,مجتمع گوشت صنعتی کرمان,382649,6
45135,2837,شرکت صنایع لاستیک سازی کرمان,382650,6
45136,2837,تلمبه های بنیاد زندان,382652,6
45137,2837,تلمبه شمس,382653,6
45138,2837,تلمبه کوثرخیز,382655,6
45139,2837,باغ سرکار آقا,382657,6
45140,2837,موتوردانشجوها,382658,6
45141,2837,گاوداری حمیدفرحبخش,384236,6
45142,2837,گاوداری سیه کوه,384238,6
45143,2837,معدن شن وماسه پرستار,384712,6
45144,2837,معدن شن وماسه طلایی,384713,6
45145,2837,مرغداری اجداد,384714,6
45146,2837,معدن شن وماسه شماره 2شهرداری,384715,6
45147,2837,معدن شن وماسه مولایی وزنگی آبادی,384716,6
45148,2837,بلوک زنی جمشیدی,384717,6
45149,2837,مرکزاصلاح نژادگاو,384720,6
45150,2837,گاوداری محمد ولیعهدی,384721,6
45151,2837,موتورآب شماره 2شهرداری جوپار,384723,6
45152,2837,موتورآب شماره 1شهرداری جوپار,384724,6
45153,2837,معدن شن وماسه فضل آباد,384727,6
45154,2837,گاوداری امین زاده,385113,6
45155,2837,کریم آباد,808116,6
45156,2837,نهالستان هفت باغ,808134,6
45157,2837,جواد آباد,808135,6
45158,2837,تلمبه حاجی گرگی,808136,6
45159,2837,صمدانی,808137,6
45160,2837,عباس آباد/عباس گاوی/,808138,6
45161,2837,تلمبه زنگی آبادی,808139,6
45162,2837,تلمبه حسین ولی,808140,6
45163,2837,تلمبه اصغرعبدالعلی,808141,6
45164,2837,معدن شن نقیب زاده,808659,6
45165,2837,معدن شن ماشاالله همایی,808660,6
45166,2837,کارخانه شیر پیشرو فرامین,808664,6
45167,2837,گاوداری شمس,808665,6
45168,2837,کارخانه آسفالت طلایی,808666,6
45169,2837,کارخانه آسفالت میرزایی,808668,6
45170,2837,تلمبه کشاورزی و دامپروری دانشجویان ریگ جوپار,808751,6
45171,2838,آبگرمو,111820,6
45172,2838,احمدآبادکهنوج,111822,6
45173,2838,آدوری,111823,6
45174,2838,امیرآباد,111826,6
45175,2838,بهارستان,111831,6
45176,2838,بی بی گرامیه,111833,6
45177,2838,پاسگاه پلیس راه,111835,6
45178,2838,ترجگان,111838,6
45179,2838,تلمبه بلبلوییه (جمال آباد),111839,6
45180,2838,تلمبه حاج حبیب,111841,6
45181,2838,تلمبه کارآموزیان,111844,6
45182,2838,تلمبه نجارزاده,111846,6
45183,2838,تلمبه نواب زاده,111847,6
45184,2838,چشمه شقین,111850,6
45185,2838,چشمه کوشک,111851,6
45186,2838,چهارطقاری,111852,6
45187,2838,حجت آبادکهنوج,111853,6
45188,2838,حسن آباد2,111854,6
45189,2838,حسن آباد1,111855,6
45190,2838,حسین آبادمهدی قلی,111858,6
45191,2838,خلیل آباد,111861,6
45192,2838,خنگستان,111862,6
45193,2838,دارستان,111863,6
45194,2838,درسوسی,111864,6
45195,2838,دره بر,111865,6
45196,2838,دره جا,111866,6
45197,2838,دره گز,111867,6
45198,2838,ده حسنی,111870,6
45199,2838,رحیم آباد,111872,6
45200,2838,روغنوییه,111874,6
45201,2838,رزکوه,111875,6
45202,2838,زهرود,111876,6
45203,2838,سکنج,111879,6
45204,2838,سلطان آباد,111880,6
45205,2838,شوردر,111883,6
45206,2838,شورو,111884,6
45207,2838,عباس آباد,111886,6
45208,2838,عرب آباد,111887,6
45209,2838,علی آباد,111888,6
45210,2838,قدرت آباد,111889,6
45211,2838,قلندری,111890,6
45212,2838,قلاتوییه,111891,6
45213,2838,کاظم آباد,111899,6
45214,2838,کرکو,111901,6
45215,2838,کریم آباد,111902,6
45216,2838,کریم آبادحاج علی,111903,6
45217,2838,کریم آباد سردار,111904,6
45218,2838,کشکوه,111905,6
45219,2838,کوپنگ,111906,6
45220,2838,کهنوج,111908,6
45221,2838,لنگر,111910,6
45222,2838,مارو,111911,6
45223,2838,مزرعه جهاد آباد,111916,6
45224,2838,نرمگان,111921,6
45225,2838,نعمت آباد1,111922,6
45226,2838,نعمت آباد2,111923,6
45227,2838,هنگ بالا,111924,6
45228,2838,هنگ پایین,111925,6
45229,2838,شقین,382663,6
45230,2838,حسین آباد,382667,6
45231,2838,مهدی آباد لنگر,382674,6
45232,2838,چشمه سرخ,382678,6
45233,2838,ده یاور,382680,6
45234,2838,زینل آباد دامداری سلمان,382681,6
45235,2838,ساختمان بی سیم,382684,6
45236,2838,معدن پایین,382686,6
45237,2838,محمد آباد,382689,6
45238,2838,مهدچهار,382690,6
45239,2838,پاسگاه انتظامی انجم شعاع,382693,6
45240,2838,پیچوییه,382699,6
45241,2838,نایی,382700,6
45242,2838,مهدی آباد,382701,6
45243,2838,درگر,382709,6
45244,2838,دستجردپایین,384274,6
45245,2838,مزرعه مرغ مادر,384740,6
45246,2838,جوجه کشی مرغ مادر,384741,6
45247,2838,سعید آباد,808142,6
45248,2838,تلمبه احمدی,808143,6
45249,2838,زینل آبادسفلی,808747,6
45250,2839,اکبرآباد,099918,6
45251,2839,باداموییه,099924,6
45252,2839,بوج,099928,6
45253,2839,بیدکج,099929,6
45254,2839,بیدوییه,099930,6
45255,2839,چاه کهنوییه,099950,6
45256,2839,چاه میر,099953,6
45257,2839,چشمه سرگدار,099954,6
45258,2839,چشمه گز,099955,6
45259,2839,چناروییه,099957,6
45260,2839,ده امیر,099980,6
45261,2839,اکبر آباد ده باقر,099981,6
45262,2839,ده ذکا,099990,6
45263,2839,ده قاب چی,099996,6
45264,2839,ده محمدحسن,099998,6
45265,2839,ده محمدعلی,099999,6
45266,2839,ده نظام,100001,6
45267,2839,ده نوییه,100002,6
45268,2839,شمس آباد,100022,6
45269,2839,شیوخ,100024,6
45270,2839,عباس آباد,100027,6
45271,2839,علی آباد,100030,6
45272,2839,قاسم آباد,100033,6
45273,2839,کریم دادی,100040,6
45274,2839,کهنو,100043,6
45275,2839,گهنوییه,100044,6
45276,2839,گنجعلی,100050,6
45277,2839,محمد آباد,100056,6
45278,2839,مرغداری حسین دوست محمدی 1,100060,6
45279,2839,مرغداری علی جعفری,100061,6
45280,2839,مرغداری بحرینی ها,100064,6
45281,2839,مهدی آباد1,100068,6
45282,2839,هادی آباد,100075,6
45283,2839,هنوج,100077,6
45284,2839,ایستگاه راه آهن,112489,6
45285,2839,باقرآباد ریگ,112493,6
45286,2839,بهشت زهرا,112494,6
45287,2839,پست 132/20کیلوواتی باغین,112496,6
45288,2839,تاسیسات فرگاز,112497,6
45289,2839,تلمبه اصغرجلال کمالی 2,112501,6
45290,2839,تلمبه اصغردرعلی/اصغرجلال کمالی 1,112502,6
45291,2839,تلمبه ایرج صمدی,112506,6
45292,2839,تلمبه بهرام آباد,112509,6
45293,2839,تلمبه چاوشیان,112511,6
45294,2839,تلمبه جواد رشیدفرخی,112515,6
45295,2839,تلمبه حسن عربزاده,112519,6
45296,2839,مهدی آباد/تلمبه حسن نفت,112520,6
45297,2839,تلمبه دانایی,112524,6
45298,2839,تلمبه رشکمی,112528,6
45299,2839,تلمبه رضا آباد سالاری,112529,6
45300,2839,تلمبه زارعین باداموییه,112531,6
45301,2839,تلمبه زارعین مومن آباد,112532,6
45302,2839,تلمبه سرجنگلداری (پاسگاه حفاظتی 1),112534,6
45303,2839,تلمبه جنگلبانی,112535,6
45304,2839,تلمبه شیشه گر,112537,6
45305,2839,تلمبه عربزاده 1,112541,6
45306,2839,تلمبه کارنما,112546,6
45307,2839,تلمبه کربلایی رمضان دو,112548,6
45308,2839,تلمبه کربلایی رمضان 1,112549,6
45309,2839,تلمبه کفشگر,112550,6
45310,2839,تلمبه جواد کوپاه زاده,112551,6
45311,2839,تلمبه گلرسان,112552,6
45312,2839,تلمبه حاج احمد جعفری,112555,6
45313,2839,تلمبه محمدحسن نظریان,112556,6
45314,2839,تلمبه مختارایرانمنش (تلمبه رانیها),112560,6
45315,2839,تلمبه مشک زاده,112561,6
45316,2839,تلمبه مهدی نکویی,112566,6
45317,2839,تلمبه مهرابی(تلمبه جاهد),112567,6
45318,2839,تلمبه نخجیروان,112568,6
45319,2839,تلمبه نعمت زاده/مختارایرانمنش,112569,6
45320,2839,تلمبه هوشمند,112575,6
45321,2839,تلمبه یزدان آباد,112578,6
45322,2839,حاجی آباد نظری /شهرک شهیدباهنر/,112583,6
45323,2839,سعادت آباد,112597,6
45324,2839,شرکت عادلیان,112606,6
45325,2839,قایم آباد,112614,6
45326,2839,کارخانه پودرگوشت شهیدفرهادشجاعی,112615,6
45327,2839,کارخانه سیمان کرمان,112616,6
45328,2839,شرکت ملنتی,112617,6
45329,2839,شرکت حمل و نقل مکران بار,112620,6
45330,2839,کوره ایلاقی,112622,6
45331,2839,روستای چهارده معصوم/الله آباد,112629,6
45332,2839,حجت آباد یزدیها,112635,6
45333,2839,مزرعه علی آباد,112636,6
45334,2839,مزرعه مرغ مادر,112637,6
45335,2839,معدن شن عادلیان,112641,6
45336,2839,مهرآباد ژند,112647,6
45337,2839,هوانیروز,112649,6
45338,2839,پادگان باهنر,113276,6
45339,2839,تلمبه احمدآباد ارجمند,113277,6
45340,2839,تلمبه چشمه سنگی,113289,6
45341,2839,تلمبه رمضان اکبر,113300,6
45342,2839,تلمبه زارعین رستم آباد,113301,6
45343,2839,تلمبه محمودشیخ شعاعی,113321,6
45344,2839,تلمبه نوذری,113325,6
45345,2839,حسین آباد چشمه سنگی,113332,6
45346,2839,حسین آباد خان,113333,6
45347,2839,حسین آباد دهنه,113334,6
45348,2839,ده خضری,113341,6
45349,2839,ده هوشنگ,113342,6
45350,2839,فتح آباد,113358,6
45351,2839,فردوسی,113359,6
45352,2839,کاظمیه,113365,6
45353,2839,رعبه,382555,6
45354,2839,تلمبه حاج علیجان,382556,6
45355,2839,مرغداری بمانعلی شیخ محمدی,382560,6
45356,2839,مرغداری علی بحرینی,382561,6
45357,2839,مرغداری عباس عبدالعلی زاده,382562,6
45358,2839,مرغداری حسین حاج محمدی 2,382563,6
45359,2839,دره سفید,382566,6
45360,2839,مرغداری نظرالهی,382567,6
45361,2839,مرغداری غلامرضا رضایی,382568,6
45362,2839,مرغداری رضاعبداله حسن زاده,382569,6
45363,2839,مرغداری دوست محمدی 2,382570,6
45364,2839,کارگاه بلوک زنی شیخ شعاعی,382574,6
45365,2839,تلمبه اصغردانشور,382576,6
45366,2839,تلمبه قنادزاده,382577,6
45367,2839,مرغداری عبداله عامری,382581,6
45368,2839,مرغداری عامری,382583,6
45369,2839,تلمبه اصغربیجاری 2,382590,6
45370,2839,شرکت کرمانیت,382592,6
45371,2839,کارخانه موکت ترمه,382593,6
45372,2839,شرکت امکان,382594,6
45373,2839,اتحادیه تعاونیهای امکان,382595,6
45374,2839,شرکت پشم بافی اسیا,382596,6
45375,2839,سنگبری سهند,382597,6
45376,2839,شهرک صنعتی,382609,6
45377,2839,تلمبه محمدانجم شعاع,382610,6
45378,2839,موتور1سازمان آب,382612,6
45379,2839,موتورحسین دانشجو,382614,6
45380,2839,تلمبه اکبرنظریان,382616,6
45381,2839,کوره مهندس پدر,382617,6
45382,2839,تلمبه ایرانمنش,382618,6
45383,2839,کارخانه زیت,382619,6
45384,2839,تلمبه جمال کوبازاده,383684,6
45385,2839,مرغداری رجبعلی پور,383754,6
45386,2839,شرکت تقطیر,383769,6
45387,2839,شرکت کیمیامس,384280,6
45388,2839,تلمبه ابراهیم (درویش رضا),384738,6
45389,2839,شوراباد(چشمه شورو ),384739,6
45390,2839,تلمبه قایم آل محمد,385114,6
45391,2839,تلمبه احمد روحی وشرکا,385115,6
45392,2839,تلمبه قاسم گرگی,808145,6
45393,2839,تلمبه وحدت/حاکم آباد/,808146,6
45394,2839,تلمبه صاحب الزمان,808147,6
45395,2839,تلمبه یوسفیان,808148,6
45396,2839,تلمبه سیدموسوی,808149,6
45397,2839,تلمبه یوسف اللهی,808150,6
45398,2839,تلمبه سیستانی/حسن زاده وشرکا/,808151,6
45399,2839,مهدی آباد اسدی,808152,6
45400,2839,تلمبه مهاجری/جوادالایمه/,808153,6
45401,2839,مزرعه محمود آباد,808651,6
45402,2840,استخروییه,099915,6
45403,2840,اسلام آبادگزدره,099917,6
45404,2840,پتکوییه,099933,6
45405,2840,حسین آباد,099962,6
45406,2840,درکرو,099974,6
45407,2840,ده خونی,099989,6
45408,2840,ده علی عباس,099995,6
45409,2840,رضا آباد,100008,6
45410,2840,گزدره,100045,6
45411,2840,مبارکه,100093,6
45412,2840,ابراهیم آباد,112045,6
45413,2840,آب بیدو,112046,6
45414,2840,احمد آباد1,112047,6
45415,2840,احمد آباد2,112048,6
45416,2840,اسلام آباد دولت آباد,112050,6
45417,2840,اسلام آبادنامجو,112051,6
45418,2840,اسماعیل آباد,112052,6
45419,2840,اکبر آباد,112055,6
45420,2840,اله آباد,112056,6
45421,2840,الله آبادچاروک,112057,6
45422,2840,آمادگاه باغین,112058,6
45423,2840,امیر آباد,112059,6
45424,2840,تلمبه ارتیس (مهدیه ),112063,6
45425,2840,تلمبه ارجمند,112064,6
45426,2840,تلمبه ارگاسیا,112066,6
45427,2840,تلمبه آزادی,112067,6
45428,2840,تلمبه اسلامی,112068,6
45429,2840,تلمبه امیر آباد,112070,6
45430,2840,تلمبه امینیان,112071,6
45431,2840,تلمبه انقلاب,112072,6
45432,2840,تلمبه شهیدبهشتی /تلمبه شهیدبهشتی ربا,112073,6
45433,2840,تلمبه حاجی آباد,112076,6
45434,2840,تلمبه رحمت آباد,112084,6
45435,2840,تلمبه زمان آباد,112085,6
45436,2840,تلمبه طالقانی 1,112091,6
45437,2840,تلمبه عادل خوشحالی,112094,6
45438,2840,تلمبه قایم آباد,112101,6
45439,2840,تلمبه گد آباد,112103,6
45440,2840,تلمبه محمود آبادسعدی,112105,6
45441,2840,تلمبه رشیدفرخی,112107,6
45442,2840,تلمبه مصیب,112109,6
45443,2840,تلمبه مظفر آباد,112110,6
45444,2840,تلمبه مهدی آبادسعدی,112111,6
45445,2840,تلمبه 17شهریور,112113,6
45446,2840,توکل آباد,112114,6
45447,2840,توکل آباد آزادی,112115,6
45448,2840,حجت آباد,112120,6
45449,2840,حجت آباد دق,112121,6
45450,2840,حجت آباد رباط,112122,6
45451,2840,حسین آباد رباط,112123,6
45452,2840,حسین آبادسعدی,112124,6
45453,2840,خیر آباد,112125,6
45454,2840,دولت آباد,112126,6
45455,2840,دهوییه,112127,6
45456,2840,رباط,112128,6
45457,2840,سعدی,112129,6
45458,2840,مجتمع صنایع جنبی مس شهیدباهنر,112132,6
45459,2840,علی آباد رباط,112135,6
45460,2840,قند آباد,112137,6
45461,2840,کریم آباد رباط,112138,6
45462,2840,مهدی آباد,112142,6
45463,2840,علی آباد,112611,6
45464,2840,ده پناه,382621,6
45465,2840,تلمبه حیدری,382627,6
45466,2840,عباس آباد رباط,382628,6
45467,2840,تلمبه اسلام آبادخالصه,382629,6
45468,2840,آغل عباس شجاعی,382630,6
45469,2840,تلمبه هوانیروز,382631,6
45470,2840,مجتمع شهیدکریمی,382634,6
45471,2840,دکل مخابراتی,382635,6
45472,2840,کارخانه روغن,382639,6
45473,2840,محمد آباد,383696,6
45474,2840,توکل آباد,383716,6
45475,2840,شهرک صنعتی شماره2 کرمان,384246,6
45476,2840,تلمبه قدس,384276,6
45477,2840,تلمبه عباس آباد,384614,6
45478,2840,تلمبه امان اله خان عامری,384615,6
45479,2840,مجتمع دارویی,384899,6
45480,2841,باغ بالا,112361,6
45481,2841,تقی آباد,112363,6
45482,2841,تلمبه درانی,112364,6
45483,2841,تلمبه طالبی,112365,6
45484,2841,تیکدرپای سنگ,112366,6
45485,2841,تی جنگ,112368,6
45486,2841,جریسخان,112370,6
45487,2841,دران,112378,6
45488,2841,ده نوپرویز,112383,6
45489,2841,دهنوشور,112385,6
45490,2841,ساروج /ساواج /,112395,6
45491,2841,مزارشاه ابراهیم,112411,6
45492,2841,گودخشو,112412,6
45493,2841,هفتادمیش,112414,6
45494,2841,سعیدی,112598,6
45495,2841,اسحاق آباد,112818,6
45496,2841,اصغر آباد,112819,6
45497,2841,اکبر آباد2,112821,6
45498,2841,انارستان,112823,6
45499,2841,باغ برزوییه,112824,6
45500,2841,باغ بادامی,112827,6
45501,2841,باغ پورزند,112828,6
45502,2841,باغ حسین بک,112829,6
45503,2841,بندروییه سیمک,112832,6
45504,2841,بیدوییه 1,112833,6
45505,2841,بیدوییه 2,112834,6
45506,2841,پادگان ربذه,112835,6
45507,2841,پشت شیران,112836,6
45508,2841,تیزنگ,112840,6
45509,2841,تینون,112841,6
45510,2841,چشمه تک,112843,6
45511,2841,سرچیت بالا,112845,6
45512,2841,سرچیت پایین,112846,6
45513,2841,حجت آباد,112848,6
45514,2841,حسن آباد,112849,6
45515,2841,خالی باغ,112850,6
45516,2841,اسلام آباد,112851,6
45517,2841,خیر آباد,112852,6
45518,2841,دارسینوییه,112853,6
45519,2841,دانگ نیم,112854,6
45520,2841,درب آسیاب,112855,6
45521,2841,درب انارستان,112856,6
45522,2841,دوغ نان,112860,6
45523,2841,ده خانی,112863,6
45524,2841,ده شعار,112864,6
45525,2841,ده شیب سفلی,112866,6
45526,2841,ده شیب علیا,112867,6
45527,2841,ده صلاحی,112870,6
45528,2841,ده کافی,112873,6
45529,2841,ده لولو,112875,6
45530,2841,دهو,112877,6
45531,2841,رضا آباد,112880,6
45532,2841,روحی آباد,112881,6
45533,2841,رودگز,112882,6
45534,2841,سرآسیاب بالا,112883,6
45535,2841,سرآسیاب پایین,112884,6
45536,2841,سردهون,112886,6
45537,2841,سرطاعونه,112887,6
45538,2841,سلطان آباد,112888,6
45539,2841,سیمک,112889,6
45540,2841,شانگستان,112890,6
45541,2841,شریف آباد,112891,6
45542,2841,عبدل آباد,112892,6
45543,2841,علی آباد,112893,6
45544,2841,علی آبادآبشور,112895,6
45545,2841,فسارود,112896,6
45546,2841,قطار,112897,6
45547,2841,کارخانه گچ پاکتی,112898,6
45548,2841,کجه,112899,6
45549,2841,کرمانی,112901,6
45550,2841,گززار خضری,112903,6
45551,2841,گزوییه,112904,6
45552,2841,گهرگز,112905,6
45553,2841,محمود آباد,112906,6
45554,2841,میان نهر,112910,6
45555,2841,وامق آباد,112912,6
45556,2841,هینمان,112914,6
45557,2841,برسرخ,113018,6
45558,2841,پشته,113021,6
45559,2841,تیدر,113034,6
45560,2841,ده قاضی,113047,6
45561,2841,دهوسفلی,113055,6
45562,2841,دهوعلیا,113056,6
45563,2841,زربیشه,113057,6
45564,2841,عباس آباد,113068,6
45565,2841,علی آبادایرانمنش,113070,6
45566,2841,فوسک,113072,6
45567,2841,گیشین,113083,6
45568,2841,نصر آباد,113091,6
45569,2841,نهضت آباد,113092,6
45570,2841,آرامگاه,382540,6
45571,2841,معدن چشمه شیردوش,382541,6
45572,2841,علی آباد رشیدفرخی,382730,6
45573,2841,حسین آباد,382731,6
45574,2841,قدمگاه,382734,6
45575,2841,سرچوه,382735,6
45576,2841,حمکمان,382736,6
45577,2841,چشمه احمدی,382737,6
45578,2841,باغ چشمه گو,382738,6
45579,2841,ده ملا,382741,6
45580,2841,دهنو,382748,6
45581,2841,ده شیخ 2,382750,6
45582,2841,توکل آباد حاج علی,383635,6
45583,2841,مجتمع پرورش مرغ گوشتی,384242,6
45584,2841,شرکت تعاونی معدن سنگ گستر,384907,6
45585,2841,سنگستان,384909,6
45586,2841,تلمبه شهید رجایی (پشته شیرانیها),385111,6
45587,2841,تلمبه پشته اهویی (پشته شیرانیها),385112,6
45588,2841,تی تو,808154,6
45589,2842,ایستگاه تحقیقات پسته کرمان,112488,6
45590,2842,تلمبه امینایی وشرکا /تل طوفان /,112498,6
45591,2842,تلمبه ایران نژاد,112504,6
45592,2842,تلمبه صمدی,112507,6
45593,2842,تلمبه ترابی,112510,6
45594,2842,تلمبه جهان,112516,6
45595,2842,تلمبه حاج اصغرنخعی,112517,6
45596,2842,تلمبه خضری,112523,6
45597,2842,تلمبه دهش,112526,6
45598,2842,تلمبه زنگی آباد,112533,6
45599,2842,تلمبه عباس اژدری و چیت ساز,112538,6
45600,2842,تلمبه عباس مظفری,112539,6
45601,2842,تلمبه علی اسماعیلی,112542,6
45602,2842,تلمبه علی رستمی,112544,6
45603,2842,تلمبه لبیبی,112553,6
45604,2842,تلمبه مظهری,112562,6
45605,2842,تلمبه های ایرانمنش,112570,6
45606,2842,تلمبه 1ارجمند,112571,6
45607,2842,تلمبه یاسایی وشرکا,112576,6
45608,2842,سنگ کوبی باقری,112600,6
45609,2842,شرف آباد,112601,6
45610,2842,شرکت مصالح ساختمانی مساک,112607,6
45611,2842,مرغداری ساعدی,112632,6
45612,2842,مرکزآموزش کشاورزی,112633,6
45613,2842,بازرگان,112826,6
45614,2842,احمد آباد,113265,6
45615,2842,امیر آباد,113270,6
45616,2842,تلمبه اخگر,113278,6
45617,2842,تلمبه امانی,113283,6
45618,2842,تلمبه حاج محمودی,113291,6
45619,2842,تلمبه حبیب اله اشرفی,113294,6
45620,2842,تلمبه حسن آشپز,113295,6
45621,2842,تلمبه دکترضیا ابراهیمی,113297,6
45622,2842,تلمبه ساعدی,113302,6
45623,2842,تلمبه سبزعلی,113303,6
45624,2842,تلمبه سرهنگ بهرمند,113305,6
45625,2842,تلمبه سیدکمرسیاه,113308,6
45626,2842,تلمبه سیدمحمدفاطمی,113309,6
45627,2842,تلمبه فتح آبادمهرابی,113314,6
45628,2842,تلمبه مختومی,113322,6
45629,2842,حسن آباد2,113328,6
45630,2842,تلمبه حسین آباد,113329,6
45631,2842,خسرو آباد,113336,6
45632,2842,دولت آباد,113338,6
45633,2842,دولاب آباد,113339,6
45634,2842,سلطان آباد,113350,6
45635,2842,حجت آباد,113351,6
45636,2842,شاهرخ آباد,113352,6
45637,2842,صفی آباد,113353,6
45638,2842,علی آباد جهر,113357,6
45639,2842,کهنوح مدیم,113368,6
45640,2842,میان دوکوه,113375,6
45641,2842,نصرت آباد,113377,6
45642,2842,تلمبه عطارپور,382515,6
45643,2842,کرمان آهک,382517,6
45644,2842,پادگان شهید بهشتی,382519,6
45645,2842,تلمبه کیانیان2,382521,6
45646,2842,تلمبه سیدمهدی مهدوی 2,382527,6
45647,2842,تلمبه سروشیان,382530,6
45648,2842,شرکت پسته,382532,6
45649,2842,بهشت آباد هرندی,382548,6
45650,2842,تلمبه سیدحسین ترابی,382549,6
45651,2842,تلمبه ستوده 2,383751,6
45652,2842,شرکت پولی اتیلن,384223,6
45653,2842,تلمبه حسین خدایی,384226,6
45654,2842,تلمبه مختارخدایی,384227,6
45655,2842,تلمبه عباس آباد,384244,6
45656,2842,تلمبه گلشن,384245,6
45657,2842,تلمبه رفعت خانم,384605,6
45658,2842,محمداباد زنگی آباد,384606,6
45659,2842,شهرک برق در حال احداث,384913,6
45660,2842,کارخانه آسفالت ماشادالله زنگی آبادی,384922,6
45661,2842,کارخانه کرمان طیور,808155,6
45662,2842,کارخانه ایزوگام,808156,6
45663,2842,کارخانه سنگبری,808157,6
45664,2842,گاوداری امید,808158,6
45665,2842,قارچ جوانه,808159,6
45666,2842,تلمبه فاطمی,808160,6
45667,2842,زین آباد,808209,6
45668,2842,کرمان تابلو,808662,6
45669,2842,کرمان تلاش,808663,6
45670,2843,احمد آباد,111821,6
45671,2843,استخروییه,111824,6
45672,2843,بلبلوییه,111830,6
45673,2843,بیدمحمدبید,111832,6
45674,2843,جمال آبادسفلی,111848,6
45675,2843,جمال آبادعلیا,111849,6
45676,2843,دستجرد,111868,6
45677,2843,ده کبکو,111871,6
45678,2843,رستوران صحرا,111873,6
45679,2843,ساختمان سیلو,111878,6
45680,2843,شن شویی جهاد,111881,6
45681,2843,کارخانه آسفالت,111897,6
45682,2843,کافه حسین آباد,111900,6
45683,2843,کهن یاور,111907,6
45684,2843,ده شهاب,112382,6
45685,2843,اسمالی,113014,6
45686,2843,اله آباد,113016,6
45687,2843,باغوها,113017,6
45688,2843,پتکوییه,113019,6
45689,2843,پشته امام جمعه,113022,6
45690,2843,پشته کربلایی حسن,113023,6
45691,2843,تلمبه دکترسالار,113029,6
45692,2843,حسین آبادآخوند,113035,6
45693,2843,حسین آبادخان,113036,6
45694,2843,درچوه,113038,6
45695,2843,ده بالا,113040,6
45696,2843,ده سید,113043,6
45697,2843,ده فارسی,113045,6
45698,2843,ده قاسم خان,113046,6
45699,2843,ده کمالی,113048,6
45700,2843,ده گلشن,113049,6
45701,2843,ده لبیبی,113050,6
45702,2843,ده یاری,113052,6
45703,2843,ده یزدی,113053,6
45704,2843,رستم آباد,113058,6
45705,2843,شن شویی,113066,6
45706,2843,شیشوییه,113067,6
45707,2843,کینگان,113081,6
45708,2843,گجگین,113082,6
45709,2843,محمد آباد,113084,6
45710,2843,معدن سنگ وشن,113088,6
45711,2843,هاشم آباد,113093,6
45712,2843,ده مهندس خالویی,382716,6
45713,2843,حسین آباد1,382717,6
45714,2843,گرازوییه,382718,6
45715,2843,بندرحسین آباد,382719,6
45716,2843,مرگین,382720,6
45717,2843,عشق آباد,382721,6
45718,2843,مسجدامام رضا,382722,6
45719,2843,حسین آباد2,382724,6
45720,2843,معدن شن ایرانمنش,382725,6
45721,2843,معدن شن و ماسه,382726,6
45722,2843,آسیاب یحیی,382728,6
45723,2843,مرغداری,382729,6
45724,2843,انباردفتراموراتباع مهاجرین خارجی,383722,6
45725,2843,معدن شن و ماسه پورچراغی,384912,6
45726,2843,کارخانه دان طیور,385117,6
45727,2843,توکل آباد,385118,6
45728,2843,علی آباد(زراشگو-گزوشک ),385119,6
45729,2843,تلمبه عقابیان,385120,6
45730,2843,تلمبه قایمیه هوشنگ پرنده افشار,385121,6
45731,2843,عباس آباد,385122,6
45732,2843,ده خشک,385123,6
45733,2843,تلمبه الله آباد ده میلو,385124,6
45734,2843,کارخانه خانه سازی کرمان,808161,6
45735,2843,مزرعه سیمرغ,808162,6
45736,2843,شرکت نیرومان,808163,6
45737,2843,تلمبه کاشی سازی,808164,6
45738,2843,تلمبه های سازمان آب,808165,6
45739,2843,تلمبه مهاجری,808166,6
45740,2843,تلمبه ماشااله خان,808167,6
45741,2843,تلمبه بابایی,808168,6
45742,2843,تلمبه صادقی,808169,6
45743,2844,باغ رمضان,092627,6
45744,2844,پدو,092628,6
45745,2844,پریواز,092629,6
45746,2844,پل,092630,6
45747,2844,توتک سفلی,092631,6
45748,2844,توتک علیا,092632,6
45749,2844,جهاد آباد,092633,6
45750,2844,حسین آباد1,092636,6
45751,2844,دودانگه,092637,6
45752,2844,دهنو,092642,6
45753,2844,سنجدبلندبالا علیا,092646,6
45754,2844,سنگزرد,092647,6
45755,2844,سوراخ مار,092648,6
45756,2844,علی آباد,092649,6
45757,2844,عنبروتک,092650,6
45758,2844,فتح آباد,092651,6
45759,2844,قلعه حسین علی,092652,6
45760,2844,قلعه حیدر,092653,6
45761,2844,قلعه چه,092654,6
45762,2844,احمد آباد,097010,6
45763,2844,باب بیدوییه,097011,6
45764,2844,باب خیدوییه علیا,097012,6
45765,2844,باب مادوییه,097013,6
45766,2844,باب خیدوییه سفلی,097014,6
45767,2844,باب زنگی,097015,6
45768,2844,باب طاهونه,097016,6
45769,2844,باب گروییه,097017,6
45770,2844,برسوز,097019,6
45771,2844,بندرزیارتگاه,097020,6
45772,2844,پشتلان,097022,6
45773,2844,چهل محراب,097024,6
45774,2844,حسین آباد2,097026,6
45775,2844,خوروییه,097027,6
45776,2844,دشت شقین,097028,6
45777,2844,دودران,097029,6
45778,2844,دوزدوییه,097030,6
45779,2844,دهنو2,097031,6
45780,2844,رابند,097032,6
45781,2844,زیارتگاه,097033,6
45782,2844,شوره,097034,6
45783,2844,صرفه,097035,6
45784,2844,قتلی,097036,6
45785,2844,قنات احمدیه,097037,6
45786,2844,کدبک,097040,6
45787,2844,کمسرخ,097042,6
45788,2844,کوره گز,097043,6
45789,2844,کهن دودران,097044,6
45790,2844,گارچیدان,097045,6
45791,2844,گروه,097046,6
45792,2844,گشیگان,097047,6
45793,2844,گهوییه,097049,6
45794,2844,نیاب,097052,6
45795,2844,هنگرگزی,097053,6
45796,2844,یوسفچی,097054,6
45797,2844,پترکی,380850,6
45798,2844,گیشگان بالا,380851,6
45799,2844,کهن زاکو,380852,6
45800,2844,سنگ زخم,380853,6
45801,2844,مرغزاری پهن,380854,6
45802,2844,باب گورک,380856,6
45803,2844,کندرصفحه ای,380857,6
45804,2844,کندرخون الو,380858,6
45805,2844,سعیدآباد,384475,6
45806,2844,سرخه ای,384476,6
45807,2844,ده صفر,384477,6
45808,2844,ده شاهوردی علیا,384478,6
45809,2844,ده شاهوردی سفلی,384479,6
45810,2845,توتک پیربادام,092526,6
45811,2845,چشمه ها,092528,6
45812,2845,خیچ,092533,6
45813,2845,دشت بزنجون,092534,6
45814,2845,علی آباد1,092549,6
45815,2845,قصرفلنج,092551,6
45816,2845,قصرمیان,092552,6
45817,2845,نراب,092562,6
45818,2845,نی بید,092564,6
45819,2845,احمد آباد1,092686,6
45820,2845,احمدیه,092687,6
45821,2845,اسد آباد,092689,6
45822,2845,اسلام آباد,092690,6
45823,2845,اصغر آباد,092691,6
45824,2845,افغانی,092692,6
45825,2845,باب بینی,092693,6
45826,2845,باب مردوییه,092694,6
45827,2845,باغ عباس آباد,092695,6
45828,2845,بهرامجرد,092697,6
45829,2845,تلخه ای,092698,6
45830,2845,توکل آباد,092700,6
45831,2845,توکل آباد,092701,6
45832,2845,حجت آباد,092703,6
45833,2845,حکمت آبادبالا,092704,6
45834,2845,حکمت آباد پایین,092705,6
45835,2845,حمیدیه,092706,6
45836,2845,خالق آباد,092707,6
45837,2845,خیر آباد,092709,6
45838,2845,دولت آباد,092711,6
45839,2845,ده اکبر آباد,092712,6
45840,2845,ده میرزا,092713,6
45841,2845,زمان آباد,092714,6
45842,2845,سرگدار,092715,6
45843,2845,سنبل,092716,6
45844,2845,شیشوییه,092718,6
45845,2845,صولت آباد,092719,6
45846,2845,ظهرودبالا,092720,6
45847,2845,ظهرودپایین,092721,6
45848,2845,عباس آباد1,092722,6
45849,2845,عباس آباد2,092723,6
45850,2845,عسکرو,092724,6
45851,2845,فخر آباد,092726,6
45852,2845,فیروز آباد,092727,6
45853,2845,فیض آباد,092728,6
45854,2845,کرچ,092729,6
45855,2845,کریم آباد,092730,6
45856,2845,گراغان,092731,6
45857,2845,گودابی,092732,6
45858,2845,گودبرآفتاب,092734,6
45859,2845,محمدآباد,092736,6
45860,2845,ملوسو,092737,6
45861,2845,مومنی,092738,6
45862,2845,نجم آباد,092740,6
45863,2845,والی آباد,092742,6
45864,2845,هاشم آباد,092743,6
45865,2845,احمد آباد2,092802,6
45866,2845,اورسال,092803,6
45867,2845,بندرگودر,092804,6
45868,2845,تلمبه حجت آباد,092805,6
45869,2845,تلمبه کشاورزی اکبر آباد,092806,6
45870,2845,تلمبه محمد آباد,092807,6
45871,2845,تلمبه 390اصغر آباد,092808,6
45872,2845,تلمبه 407بختیاررضایی,092809,6
45873,2845,چاه رستم,092810,6
45874,2845,چشمه ستون,092811,6
45875,2845,ده ملک,092812,6
45876,2845,گزک,092814,6
45877,2845,گودر,092815,6
45878,2845,مظفر آباد,092816,6
45879,2845,چشمه گزوییه,380738,6
45880,2845,تلمبه کشاورزی احمدزمانی,380739,6
45881,2845,ستوده تو,380740,6
45882,2845,تلمبه لنگریها,380741,6
45883,2845,تلمبه سعیدآباد قعرملکی,380742,6
45884,2845,تلمبه ماشااله عزیز,380743,6
45885,2845,تلمبه اربابها,380744,6
45886,2845,تلمبه کارگرها,380745,6
45887,2845,تلمبه گسک,380746,6
45888,2845,تلمبه کشاورزی والفجر2,380747,6
45889,2845,تلمبه کشاورزی والفجر1,380748,6
45890,2845,معدن سنگ,380749,6
45891,2845,گودال 2,380750,6
45892,2845,گودال 3,380751,6
45893,2845,گودال 4,380752,6
45894,2845,گاوداری امید,380753,6
45895,2845,تلمبه امان اله خان,380754,6
45896,2845,تلمبه آرشام,380755,6
45897,2845,تلمبه فخر آباد,380756,6
45898,2845,شاه بروییه,380757,6
45899,2845,تلمبه بچه های جعفر,380758,6
45900,2845,تلمبه فتح المبین,380759,6
45901,2845,تلمبه قادریها,380760,6
45902,2845,قیاس آباد بهرامجرد,380761,6
45903,2845,تلمبه عباس آباد,380763,6
45904,2845,تلمبه هاشم آباد1,380764,6
45905,2845,تلمبه هاشم آباد2,380765,6
45906,2845,تلمبه فیض آباد1,380766,6
45907,2845,تلمبه فیض آباد2,380767,6
45908,2845,حسین آباد,380768,6
45909,2845,تلمبه توکل آباد,380769,6
45910,2845,تلمبه حمیدیه,380770,6
45911,2845,عامریه,380771,6
45912,2845,تلمبه عامریه,380772,6
45913,2845,برج دیده بانی شماره 4,380773,6
45914,2845,قهوه خانه علی فرامرزپور,380774,6
45915,2845,تلمبه علی عباسی,383580,6
45916,2845,تلمبه کشاورزی والفجر5,384232,6
45917,2845,تلمبه کشاورزی چهارغدیری عشایری,384233,6
45918,2845,تلمبه کشاورزی محمودرضایی,384234,6
45919,2845,نظام آباد,384251,6
45920,2845,تلمبه محسنی ها,384252,6
45921,2845,تلمبه13 آبان,384253,6
45922,2845,قنات سفید,384255,6
45923,2845,جهادیه,384256,6
45924,2845,تلمبه ده میرزا1,384257,6
45925,2845,تلمبه ده میرزا2,384258,6
45926,2845,جلال آباد,384259,6
45927,2845,علی آباد2,384260,6
45928,2845,تلمبه رضوانیه (نعمت الله میرزایی ),384261,6
45929,2845,خضر آباد,384263,6
45930,2845,تلمبه مرتضی قصابزاده,384265,6
45931,2845,گودال 1,384267,6
45932,2845,آدوری,384268,6
45933,2845,دالی,384269,6
45934,2845,گهورییه,384270,6
45935,2845,مهدی آباد,384271,6
45936,2845,تلمبه 7تیر ((عن الله قطب الدینی ),384272,6
45937,2845,گروه مشاع شهیداسفندیارمحمودی,384278,6
45938,2845,شرکت شماره322 محمدقاضی زاده,384279,6
45939,2845,تلمبه 6 گزک,384627,6
45940,2845,تلمبه کشاورزی حسین سلیمانزاد,384628,6
45941,2845,نصر آباد,384629,6
45942,2845,شرکت سانیج,384768,6
45943,2845,افضل آباد,808128,6
45944,2845,تلمبه تهرودیها,808129,6
45945,2845,حجت آباد,808597,6
45946,2845,مزرعه شهید باهنر,808744,6
45947,2846,آب دشتو,099906,6
45948,2846,آب زردو,099908,6
45949,2846,احمدآباد1,099909,6
45950,2846,باغ بی بی,099925,6
45951,2846,باقر آباد1,099926,6
45952,2846,بی بی حیات,099931,6
45953,2846,تلمبه اکبر,099934,6
45954,2846,چاه قاسم,099948,6
45955,2846,چنارو,099956,6
45956,2846,حسن آباد,099959,6
45957,2846,حسین آباد,099963,6
45958,2846,ده اکبر,099979,6
45959,2846,ده جان,099986,6
45960,2846,ده خمرودوییه,099988,6
45961,2846,ده زیر,099991,6
45962,2846,ده عبدالله,099994,6
45963,2846,ده مهدی,100000,6
45964,2846,ده یحیی,100004,6
45965,2846,دهنو1,100005,6
45966,2846,ششتوییه,100021,6
45967,2846,ده شیخ زینل,100023,6
45968,2846,کرشک,100037,6
45969,2846,کهن,100042,6
45970,2846,گودلاسیاه,100051,6
45971,2846,ماهرینو,100052,6
45972,2846,متکستان,100054,6
45973,2846,مرغداریهای گودنظرالهی,100058,6
45974,2846,نجف آباد1,100071,6
45975,2846,ندنو,100072,6
45976,2846,هجگوییه /اجگوییه /,100078,6
45977,2846,گورچوییه,102819,6
45978,2846,اکبر آباد,112247,6
45979,2846,تلمبه برق,112252,6
45980,2846,تلمبه بهشت,112254,6
45981,2846,تلمبه حجت آبادتیکدر,112256,6
45982,2846,تلمبه ده زیار,112260,6
45983,2846,تلمبه سفیدرویی,112262,6
45984,2846,تلمبه شاه مردان,112266,6
45985,2846,تلمبه مهندس رضوی,112276,6
45986,2846,تیکدر,112279,6
45987,2846,ده زیار,112281,6
45988,2846,رحمت آباد,112282,6
45989,2846,رشقاوند,112284,6
45990,2846,رضا آباد,112285,6
45991,2846,کمونوییه شیخ الرییس,112293,6
45992,2846,لنجان,112296,6
45993,2846,ناصریه,112299,6
45994,2846,امیرآباد,113271,6
45995,2846,باقر آباد2,113275,6
45996,2846,تلمبه ارجمندی,113281,6
45997,2846,تلمبه اسد آبادسرگرداسدی,113282,6
45998,2846,تلمبه چترودیها,113288,6
45999,2846,تلمبه حاج محمودطاهری,113290,6
46000,2846,تلمبه حاج ملک,113292,6
46001,2846,تلمبه حاجی رضایی رحیم آباد,113293,6
46002,2846,تلمبه دریا,113296,6
46003,2846,تلمبه رحمت آباد,113298,6
46004,2846,تلمبه سرهنگ مهدوی,113306,6
46005,2846,تلمبه سیدجواد وزیری,113307,6
46006,2846,تلمبه علی آباد,113311,6
46007,2846,تلمبه قاسم آباد,113315,6
46008,2846,تلمبه قاسم زنگی آبادی1,113316,6
46009,2846,تلمبه قاسم زنگی آبادی2,113317,6
46010,2846,تلمبه گلدشت,113318,6
46011,2846,تلمبه گلی کمراسلام آباد,113319,6
46012,2846,تلمبه لیلاند آب نیل,113320,6
46013,2846,تلمبه مومنایی,113323,6
46014,2846,تلمبه مهدی آباد,113324,6
46015,2846,تلمبه وهابزاده,113326,6
46016,2846,حسین آباد1,113330,6
46017,2846,حسین آباد2,113331,6
46018,2846,دشت زحمتکشان,113337,6
46019,2846,ده خان,113340,6
46020,2846,رحیم آباد,113344,6
46021,2846,فیض آباد,113360,6
46022,2846,قوام آباد,113363,6
46023,2846,کریم آباد آب نیل,113366,6
46024,2846,کریم آبادگاوخانه,113367,6
46025,2846,نجف آباد2,113376,6
46026,2846,پدنوییه,381924,6
46027,2846,ده سید,381925,6
46028,2846,ده حسین رجب,381927,6
46029,2846,کم سفید,381928,6
46030,2846,عباس آباد,382464,6
46031,2846,حسین آبادصفر,382465,6
46032,2846,مزرعه رضوان,382466,6
46033,2846,قهوه خانه سه راهی راور,382468,6
46034,2846,منبع آب زرند,382469,6
46035,2846,تلمبه سیدرضا امینایی (سعیدآباد),382478,6
46036,2846,پاگداربالا,382479,6
46037,2846,پاگدارسفلی,382480,6
46038,2846,قهوه خانه سه راهی تیکدر,382481,6
46039,2846,تلمبه نوتیکدر,382482,6
46040,2846,تلمبه خانوکیها,382486,6
46041,2846,مزرعه قاسم آباد,382487,6
46042,2846,تلمبه ابوذر,382488,6
46043,2846,تلمبه شورو امیر آباد,382489,6
46044,2846,تلمبه اسیا آباد,382490,6
46045,2846,تلمبه طاهر آباد,382494,6
46046,2846,تلمبه غفوری,382495,6
46047,2846,تلمبه علی نورنیار حیم آباد,382496,6
46048,2846,تلمبه صالحی ده خان,382499,6
46049,2846,جنت آباد/مقبره سیدها/,382501,6
46050,2846,موتورسیدحاجی اسدی,382502,6
46051,2846,موتورعلی اکبرحسن رضا اسدی,382503,6
46052,2846,موتورعبدالحسین اسدی /مدیر/,382505,6
46053,2846,ده مرغو,382507,6
46054,2846,موتورجهادسازندگی,382509,6
46055,2846,تلمبه علی اسد,382510,6
46056,2846,تلمبه محمدحسین مهدوی,382511,6
46057,2846,مختار آباد,382513,6
46058,2846,آب نیل,382514,6
46059,2846,مرغداری عسکری یدالله,384633,6
46060,2846,گاوداری محمدرضامدرس,385125,6
46061,2846,تلمبه عباس غیاثی (توکل آباد),385126,6
46062,2846,حضرت آباد,385127,6
46063,2846,عبدل آباد,385128,6
46064,2846,پلیس راه سه راهی راور,808127,6
46065,2847,تلمبه اردولکی,112251,6
46066,2847,تلمبه تل آتش,112255,6
46067,2847,تلمبه جواد وزیری,112257,6
46068,2847,تلمبه حاجی رمضانی,112258,6
46069,2847,تلمبه سفیداکبر رمضانی,112261,6
46070,2847,تلمبه سیدحسین حسینی نسب,112264,6
46071,2847,تلمبه شاه سنجر,112265,6
46072,2847,تلمبه قاسم آباد,112269,6
46073,2847,تلمبه قنبر,112270,6
46074,2847,تلمبه کیخسرو,112271,6
46075,2847,تلمبه گلستان,112272,6
46076,2847,تلمبه کربلایی ماشااله رضایی,112273,6
46077,2847,تلمبه محمدرضاتوکلی,112274,6
46078,2847,تلمبه منصوری,112275,6
46079,2847,تلمبه نعمت آباد,112277,6
46080,2847,تلمبه نور آباد,112278,6
46081,2847,ده آهنگر,112280,6
46082,2847,سراسیاب شش,112286,6
46083,2847,تلمبه سردامنه,112287,6
46084,2847,فخر آباد1,112288,6
46085,2847,فخر آباد2,112289,6
46086,2847,قیاس آباد,112290,6
46087,2847,کرد آباد,112292,6
46088,2847,گلوگاه,112294,6
46089,2847,کنج ریگ,112295,6
46090,2847,لاغی,112297,6
46091,2847,هوتک,112300,6
46092,2847,استخروییه,113176,6
46093,2847,بندر,113177,6
46094,2847,بنه ده زرگر,113178,6
46095,2847,بیدوییه,113179,6
46096,2847,پاسیب,113180,6
46097,2847,چنارپل,113184,6
46098,2847,ده مسعود,113193,6
46099,2847,زنگی آباد,113194,6
46100,2847,عباس آباد,113197,6
46101,2847,علی آباد1,113201,6
46102,2847,علی آباد2,113202,6
46103,2847,کاسو,113205,6
46104,2847,کریکی میرزا,113206,6
46105,2847,کشیک,113207,6
46106,2847,کمونوییه,113208,6
46107,2847,کوثر آباد,113209,6
46108,2847,کهنوج معز آباد,113210,6
46109,2847,معز آباد,113214,6
46110,2847,همقاوند,113218,6
46111,2847,ده فردوس,382441,6
46112,2847,دراسپیدبالا,382442,6
46113,2847,ده طلایی صافی زاده,382443,6
46114,2847,سردر,382444,6
46115,2847,آسمان سیاه,382448,6
46116,2847,دهنورحمت آباد,382449,6
46117,2847,کوره آهک گلوگاه,382450,6
46118,2847,گچ پزی محمدی,382455,6
46119,2847,تلمبه محمدشرکتی,382456,6
46120,2847,تلمبه عارفی,382457,6
46121,2847,نکرکوه,382460,6
46122,2847,زمان آباد,382462,6
46123,2847,مزرعه صاحب الزمان,384900,6
46124,2847,ده عبدالله آباد,385106,6
46125,2847,تلمبه های فریدون خان,385107,6
46126,2847,تلمبه ابراهیم آبادهدایت,385108,6
46127,2847,تلمبه نو(عباس کهنوجی ),385109,6
46128,2847,کتک کلاغ,808211,6
46129,2848,محمود آباد ازلی,116551,6
46130,2848,بردیالو,116559,6
46131,2848,پشته دول آباد,116566,6
46132,2848,پلک آباد,116567,6
46133,2848,تلمبه حسن رامشکی,116579,6
46134,2848,تلمبه عباس خان چه وشرکا,116583,6
46135,2848,تلمبه عشایری مرادعلی دادی وشرکای,116585,6
46136,2848,تلمبه کریم آباد,116589,6
46137,2848,تلمبه یوسف میرانی و شرکا,116598,6
46138,2848,توکل آباد,116600,6
46139,2848,چشمه گنده,116617,6
46140,2848,چکری,116618,6
46141,2848,چناران,116619,6
46142,2848,حجت آباد,116622,6
46143,2848,حسین آباد دادی,116625,6
46144,2848,ده پیش سفلی,116640,6
46145,2848,ده پیش علیا,116641,6
46146,2848,دهنومحمدخان,116646,6
46147,2848,زوار دراز,116658,6
46148,2848,زه,116659,6
46149,2848,سعید آباد,116669,6
46150,2848,سهران سفلی سهرون پایین,116675,6
46151,2848,سهران علیا سهرون بالا,116676,6
46152,2848,سهران وسطی,116677,6
46153,2848,شاداب,116679,6
46154,2848,شریک آبادسفلی,116686,6
46155,2848,شریک آبادعلیا,116687,6
46156,2848,شه گزک,116690,6
46157,2848,عوض آباد,116697,6
46158,2848,قوچ آبادلورگها,116702,6
46159,2848,قوچ آبادمحمدخان,116703,6
46160,2848,کلوک امام حسین,116711,6
46161,2848,کهورنارنجک,116726,6
46162,2848,گلستان,116729,6
46163,2848,گهرک,116732,6
46164,2848,لنگ آباد,116735,6
46165,2848,موتور محمدآباد اطمینانی,116739,6
46166,2848,مقدار آباد,116755,6
46167,2848,تلمبه عشایری محمدرضاخانی,116783,6
46168,2848,نصرت آباد,116808,6
46169,2848,نور آباد1,116812,6
46170,2848,نور آباد2,116813,6
46171,2848,تلمبه مشاع شماره 3,383123,6
46172,2848,بردیالوش شماره 1,383142,6
46173,2848,بیر آباد,383144,6
46174,2848,لوک پاجدید,383145,6
46175,2848,پایگاه عشایری,383220,6
46176,2848,تلمبه محمدوشرکا,383224,6
46177,2848,تلمبه حسین کریمی وشرکا,383747,6
46178,2848,مراد آباد,384057,6
46179,2848,شهرک صنعتی کهنوج,385101,6
46180,2848,بلوچ آباد,808082,6
46181,2848,تم گوران,808083,6
46182,2848,اختیار آباد دو زیارتی,808084,6
46183,2848,احمد آباد,808640,6
46184,2848,خشم شنبه,808641,6
46185,2848,پونان,808642,6
46186,2848,روستای اختیارآباد سرکهن,808707,6
46187,2848,آبادی شهید کرمی,808739,6
46188,2848,مجموعه موتور پمپ های نور آباد جرجندی,808781,6
46189,2849,آب باریک,116546,6
46190,2849,زمین بند آبادباریک,116576,6
46191,2849,تلمبه چراغ آباد,116578,6
46192,2849,تلمبه عشایری یداله وشرکا,116586,6
46193,2849,خرمنده,116627,6
46194,2849,دهاران,116645,6
46195,2849,سم سیلو,116664,6
46196,2849,میجان,116803,6
46197,2849,بارگاه علیا,117273,6
46198,2849,بندکوه,117280,6
46199,2849,درگیر,117333,6
46200,2849,دره مورت,117334,6
46201,2849,ده سگی,117343,6
46202,2849,کهن حسین,117423,6
46203,2849,مرزاق,117466,6
46204,2849,مغ احمدی,117469,6
46205,2849,موتورمیرشکاری,117473,6
46206,2849,موتورسرحدی,117495,6
46207,2849,نامحرم,117522,6
46208,2849,کوه سرخان شماره 1,383305,6
46209,2849,ده گز,383306,6
46210,2849,سی دی,383307,6
46211,2849,مزرعه آب باریک,383308,6
46212,2849,پاگدار دهگهان,383309,6
46213,2849,روستای بندکو,384918,6
46214,2849,دهاران زمین بند,808179,6
46215,2849,دولاب,808549,6
46216,2849,بارگاه سفلی,808596,6
46217,2850,آبادخرمنده,116545,6
46218,2850,آب رز,116547,6
46219,2850,احمد آباد سهل آور,116549,6
46220,2850,انجیرک,116552,6
46221,2850,پاشمی,116565,6
46222,2850,پلکی,116568,6
46223,2850,پیش ریچ,116570,6
46224,2850,تلمبه گلشن,116590,6
46225,2850,تهمینه,116601,6
46226,2850,غدیر دراز,116602,6
46227,2850,غدیر زیر,116603,6
46228,2850,چاهو,116616,6
46229,2850,چهل پریزان,116620,6
46230,2850,درگز,116631,6
46231,2850,دمیلک,116637,6
46232,2850,دول آباد,116639,6
46233,2850,ده کرکان,116644,6
46234,2850,رانو,116647,6
46235,2850,رزان,116648,6
46236,2850,رشگورد,116649,6
46237,2850,رضا آباد1,116650,6
46238,2850,ریگ زردان,116654,6
46239,2850,زردان,116656,6
46240,2850,زیری,116662,6
46241,2850,سم سیلو,116663,6
46242,2850,سرریگ,116665,6
46243,2850,سهل آور,116671,6
46244,2850,سلیمانی,116672,6
46245,2850,سوراک بالا,116673,6
46246,2850,سوراک پایین,116674,6
46247,2850,شریک آباد,116688,6
46248,2850,کارگاه راهسازی,116704,6
46249,2850,گل نمیری,116710,6
46250,2850,کنارگچک,116714,6
46251,2850,کوتک پایین,116717,6
46252,2850,کوتک وسط,116718,6
46253,2850,گروک,116727,6
46254,2850,گش کندر,116733,6
46255,2850,لوک پا,116736,6
46256,2850,موزاک,116745,6
46257,2850,تلمبه رضامیرانی,383131,6
46258,2850,گرمپگی,383132,6
46259,2850,مزرعه دخترمرده,383133,6
46260,2850,مزرعه لنگ آباد,383134,6
46261,2850,ابگرمک,383136,6
46262,2850,چراغ آباد دمیلک,383137,6
46263,2850,کولقان,383138,6
46264,2850,شعبه شرکت نفت کهنوج,383150,6
46265,2850,گش کندر1,383151,6
46266,2850,گش کندر2,383152,6
46267,2850,تلمبه احمدحیدری رشگورد,383153,6
46268,2850,گردیالو,383160,6
46269,2850,معدن کوه سرخ کرم,383161,6
46270,2850,کوتک بالاشماره 1,383162,6
46271,2850,تلمبه احمدحیدری,384053,6
46272,2850,روستای شهیدکیوان میرشکاری,808081,6
46273,2851,پاکدوار,116084,6
46274,2851,پودنان,116088,6
46275,2851,باغ گلان,116557,6
46276,2851,بلور,116562,6
46277,2851,بن گود,116563,6
46278,2851,تلمبه مستضعفین چاه ریگان,116594,6
46279,2851,پست توانیر230,116599,6
46280,2851,چاه ریگان وزیری,116609,6
46281,2851,چاه ریگان لورکها,116610,6
46282,2851,چاه زیارت 1,116611,6
46283,2851,چاه گز,116614,6
46284,2851,دره رود,116633,6
46285,2851,زرچین,116655,6
46286,2851,سفیدمراد,116670,6
46287,2851,گل کسورک,116709,6
46288,2851,کنارکج,116713,6
46289,2851,موتور چاه غافل,116764,6
46290,2851,تلمبه عشایری کرامت وشرکا,116781,6
46291,2851,پای کوه سفید,383158,6
46292,2851,چاه زیارت 2,383171,6
46293,2851,تلمبه کریم وشرکا,383213,6
46294,2851,بن گودشماره 2,383216,6
46295,2851,کارگاه راهسازی,383217,6
46296,2851,چاه ریگان وزیری 1,383218,6
46297,2851,حسین آباد امیری,383221,6
46298,2851,تلمبه عشایرسلیمانی,808054,6
46299,2851,موتور پمپ حسن ترکی,808780,6
46300,2852,دیوان مرادسفلی,116220,6
46301,2852,دیوان مرادعلیا,116221,6
46302,2852,سمسیلو,116233,6
46303,2852,سندان,116234,6
46304,2852,شب گری,116237,6
46305,2852,کلمرز,116251,6
46306,2852,کواران,116253,6
46307,2852,تاج آباد,116572,6
46308,2852,کهورمیری,116595,6
46309,2852,چاه حاجی,116608,6
46310,2852,دوچاهی,116638,6
46311,2852,ده حوت,116643,6
46312,2852,سهروییه,116678,6
46313,2852,کهورآباد چاه چوپان 1,116723,6
46314,2852,کهورآباد چاه چوپان 2,116724,6
46315,2852,کهورابادسهرابی,116725,6
46316,2852,اسپیتک,383167,6
46317,2852,تاج آباد1,383169,6
46318,2852,تاج آباد2,383170,6
46319,2852,ده حوت شماره 1,383202,6
46320,2852,ده زرد,383203,6
46321,2852,حوراب,383208,6
46322,2852,شیخ آبادچاه حاجی,808055,6
46323,2852,تلمبه عشایرمنظری توکلی,808056,6
46324,2853,گزوییه 1,106106,6
46325,2853,آب ترش,118384,6
46326,2853,آب تلخوییه,118385,6
46327,2853,آب رودی,118386,6
46328,2853,آغل کمری,118387,6
46329,2853,ارچنو,118389,6
46330,2853,اردیزسفلی,118390,6
46331,2853,اردیزعلیا,118391,6
46332,2853,اسپندو,118393,6
46333,2853,استرموییه,118395,6
46334,2853,اسفک,118396,6
46335,2853,اسماعیلی,118398,6
46336,2853,اش باش,118399,6
46337,2853,اشرف آباد,118400,6
46338,2853,اکبراباد,118401,6
46339,2853,اکبرآبادبقایی,118403,6
46340,2853,اله آباد,118404,6
46341,2853,امانی,118405,6
46342,2853,امیرآباد,118406,6
46343,2853,باغ چنار,118411,6
46344,2853,باغ خشک,118412,6
46345,2853,باغ مختار,118415,6
46346,2853,برین پایین,118416,6
46347,2853,برین بالا,118417,6
46348,2853,برین وسطی,118418,6
46349,2853,بزگشته,118419,6
46350,2853,بزگش,118420,6
46351,2853,بندر,118422,6
46352,2853,بیدبرگ,118423,6
46353,2853,بیدترش,118424,6
46354,2853,بیدخیری,118425,6
46355,2853,بیدعایشه,118427,6
46356,2853,بیدگرنگ,118428,6
46357,2853,بیدلوک,118430,6
46358,2853,بیدمطلبی,118431,6
46359,2853,بیدوییه,118432,6
46360,2853,پارسان,118433,6
46361,2853,پامزار,118435,6
46362,2853,پامزار/ده رستگار/,118436,6
46363,2853,پرچ موییه,118438,6
46364,2853,پری آباد,118439,6
46365,2853,پلویی,118440,6
46366,2853,پیرمراد,118443,6
46367,2853,تاج آباد,118445,6
46368,2853,تغرکوییه,118446,6
46369,2853,تخته,118448,6
46370,2853,تراب آباد,118449,6
46371,2853,تلمبه ثمره1,118453,6
46372,2853,تله سفید,118454,6
46373,2853,تله سیخ,118455,6
46374,2853,تنگ دوجوی,118456,6
46375,2853,تنگل بالا,118457,6
46376,2853,تنگل برین,118458,6
46377,2853,توکل آباد,118459,6
46378,2853,غریب آباد,118461,6
46379,2853,جلال آباد,118462,6
46380,2853,جواهران,118463,6
46381,2853,جوکار,118465,6
46382,2853,جوی سرخ,118466,6
46383,2853,جهانشاهی,118468,6
46384,2853,جیدان,118469,6
46385,2853,چاه چمان,118470,6
46386,2853,چاه گز,118472,6
46387,2853,چاه مکی,118473,6
46388,2853,چشمه چناروییه,118475,6
46389,2853,چشمه دراز1,118476,6
46390,2853,چشمه سبزسفلی,118477,6
46391,2853,چشمه سبزعلیا,118478,6
46392,2853,چنالو,118481,6
46393,2853,چهردان,118483,6
46394,2853,چهل بیدی,118484,6
46395,2853,حاج کاکا,118485,6
46396,2853,حاجی آباد,118486,6
46397,2853,حسن آباد,118487,6
46398,2853,حسن آقایی,118488,6
46399,2853,حسن بیگی,118489,6
46400,2853,حسین آباد,118490,6
46401,2853,حسین آبادا کبرافاضاتی,118491,6
46402,2853,حسین آبادچاه گز,118492,6
46403,2853,حسین آبادکالو,118493,6
46404,2853,حسین آبادماهونک,118494,6
46405,2853,خاردان1,118496,6
46406,2853,خاردان2,118497,6
46407,2853,خاویج,118499,6
46408,2853,خمرودو,118501,6
46409,2853,خواجه ای,118503,6
46410,2853,دارستان,118505,6
46411,2853,دخترکش,118506,6
46412,2853,درغستان,118507,6
46413,2853,درخت گز,118508,6
46414,2853,دستجرد,118512,6
46415,2853,دستعلی,118513,6
46416,2853,دولت آباد,118515,6
46417,2853,دوتی,118516,6
46418,2853,ده بالابابا,118517,6
46419,2853,ده برزویه,118519,6
46420,2853,ده بیرم,118520,6
46421,2853,ده پایین,118521,6
46422,2853,ده تک,118522,6
46423,2853,ده جمعه,118523,6
46424,2853,ده کمان,118525,6
46425,2853,ده کوسه,118526,6
46426,2853,ده گنجی,118528,6
46427,2853,ده لرز,118529,6
46428,2853,ده مزنگی,118530,6
46429,2853,ده ملکی,118531,6
46430,2853,ده میان 1,118532,6
46431,2853,ده میان 2,118534,6
46432,2853,ده نظری,118536,6
46433,2853,ده نگاری,118537,6
46434,2853,دهکده,118538,6
46435,2853,دهنو1,118539,6
46436,2853,دهنو2,118540,6
46437,2853,دهنوزلف علی,118542,6
46438,2853,دهنوسادات,118543,6
46439,2853,دهنومیرزاحسین,118544,6
46440,2853,دهنوعسگری,118545,6
46441,2853,دی زرد,118547,6
46442,2853,رحمت آباد,118548,6
46443,2853,رشک مینو,118549,6
46444,2853,رشیدآباد,118550,6
46445,2853,رکن آباد1,118551,6
46446,2853,رکن آباد2,118552,6
46447,2853,رین,118554,6
46448,2853,ریگوییه,118556,6
46449,2853,زراب,118557,6
46450,2853,زرافشون,118558,6
46451,2853,زندان,118559,6
46452,2853,زیرتو,118561,6
46453,2853,سرباغ,118563,6
46454,2853,سرپل,118565,6
46455,2853,سرخوان,118567,6
46456,2853,سردروییه,118568,6
46457,2853,سرزه,118569,6
46458,2853,سعیدآباد,118571,6
46459,2853,سفته,118572,6
46460,2853,سفته حاج کاکا,118573,6
46461,2853,سلیمان آباد,118574,6
46462,2853,سنجدوییه,118575,6
46463,2853,سنجدوسفلی,118576,6
46464,2853,سنجدوییه علیا,118577,6
46465,2853,سنگبر,118579,6
46466,2853,سنگروییه,118580,6
46467,2853,سوری,118581,6
46468,2853,شاه آباد,118582,6
46469,2853,شاه حسن,118583,6
46470,2853,شغینو,118584,6
46471,2853,شش تو,118585,6
46472,2853,شکرآباد,118586,6
46473,2853,شورک1,118587,6
46474,2853,شهسواری,118588,6
46475,2853,صالحی,118589,6
46476,2853,طاحونه استاد/آسیاب استاد/,118591,6
46477,2853,عباس آبادحاج بایری,118594,6
46478,2853,عباس آباد,118595,6
46479,2853,عباس آباد اسفک,118596,6
46480,2853,عباس آباد بقایی,118597,6
46481,2853,عباس آبادحاج قنبر,118598,6
46482,2853,عبدل آباد,118599,6
46483,2853,عرب آباد,118600,6
46484,2853,علی آباد1,118602,6
46485,2853,علی آباد2,118603,6
46486,2853,عمادآباد,118604,6
46487,2853,فرامرزیه هلکر,118605,6
46488,2853,قاسم آباد1,118606,6
46489,2853,قلعه منیع,118608,6
46490,2853,قلقلوییه1,118609,6
46491,2853,قم پزآباد,118610,6
46492,2853,قندترغه ای,118611,6
46493,2853,کاسه بند,118615,6
46494,2853,کبیری,118617,6
46495,2853,کم زردو,118618,6
46496,2853,کم کاری,118619,6
46497,2853,کم کلاغ,118620,6
46498,2853,گرقیچو,118621,6
46499,2853,کریم آباد,118622,6
46500,2853,کریم آباد ده برزوییه,118623,6
46501,2853,کل سنگوییه,118625,6
46502,2853,گل شور,118626,6
46503,2853,کله شور,118627,6
46504,2853,کله کوهیه,118628,6
46505,2853,کله کوهی,118629,6
46506,2853,کواران,118631,6
46507,2853,کهن دوز,118635,6
46508,2853,کهن زارچ,118636,6
46509,2853,کهن زرد1,118637,6
46510,2853,کهنوج,118640,6
46511,2853,گرقیچویه,118641,6
46512,2853,گرنج,118642,6
46513,2853,گزوییه 2,118643,6
46514,2853,گزگرد,118644,6
46515,2853,گزوییه /گروییه,118645,6
46516,2853,گلورود,118646,6
46517,2853,گلوس آباد,118647,6
46518,2853,گلوسبز,118648,6
46519,2853,گلوسیاه,118649,6
46520,2853,گلومک,118650,6
46521,2853,گله گوشی,118651,6
46522,2853,گلی سبز,118652,6
46523,2853,گنجک,118653,6
46524,2853,گودبیدسفلی,118655,6
46525,2853,گودبیدعلیا,118656,6
46526,2853,گهدیچ,118658,6
46527,2853,گرایی,118659,6
46528,2853,لوشک,118662,6
46529,2853,لای زرد,118664,6
46530,2853,لای کرباس,118665,6
46531,2853,مارسبز,118666,6
46532,2853,ماه خاتونی,118667,6
46533,2853,ماهونک,118668,6
46534,2853,ماهی آباد,118669,6
46535,2853,مبارکه,118670,6
46536,2853,محمدآباد,118671,6
46537,2853,گرقیچوبالا,118672,6
46538,2853,محمدآبادصالحی,118673,6
46539,2853,محمدشاهی,118674,6
46540,2853,کهن کبیر,118675,6
46541,2853,محمود آباد1,118676,6
46542,2853,مراد آباد,118677,6
46543,2853,مرغزاری,118678,6
46544,2853,مسجدوسفلی,118680,6
46545,2853,مسجدوعلیا,118681,6
46546,2853,مقصودک,118683,6
46547,2853,منالوییه,118684,6
46548,2853,مورپهن,118686,6
46549,2853,مورخانی,118687,6
46550,2853,مورسران,118688,6
46551,2853,مورگنیوییه,118689,6
46552,2853,مورمته,118690,6
46553,2853,مومن آباد,118691,6
46554,2853,میان تلو,118692,6
46555,2853,ناریز,118693,6
46556,2853,نخودان,118694,6
46557,2853,نهدی,118695,6
46558,2853,نیو,118696,6
46559,2853,نیوخان,118697,6
46560,2853,وهابی,118698,6
46561,2853,هارونوییه,118699,6
46562,2853,قلقلوییه2,118700,6
46563,2853,یارمشی,118701,6
46564,2853,تلمبه ثمره2,383474,6
46565,2853,تلمبه علامیر,383475,6
46566,2853,فیروز آباد,383478,6
46567,2853,عباس آباد نودر,383483,6
46568,2853,سرخوشه,383485,6
46569,2853,کهن بید2,383486,6
46570,2853,باب سرج,383489,6
46571,2853,وابی,383492,6
46572,2853,کمابیز,383493,6
46573,2853,چشمه ترش 1,383494,6
46574,2853,دشتکال,383496,6
46575,2853,چارتاق,383497,6
46576,2853,چشمه قطاری,383498,6
46577,2853,گودپرچمی,383499,6
46578,2853,دشت فلات,383500,6
46579,2853,چشمه ترش 2,383501,6
46580,2853,مزدکان علیا,383503,6
46581,2853,مزدکان سفلی,383504,6
46582,2853,زاغو,383505,6
46583,2853,تل سنگ,383506,6
46584,2853,چاکو,383507,6
46585,2853,کهن باغ,383508,6
46586,2853,شاهرردی,383509,6
46587,2853,گودشهابی,383510,6
46588,2853,خون سرخ,383514,6
46589,2853,فلاکو,383515,6
46590,2853,چشمه سبزپایین,383516,6
46591,2853,چشمه سبزبالا,383517,6
46592,2853,چشمه بیدو,383518,6
46593,2853,پیداشبنی,383519,6
46594,2853,ده سلیم,383520,6
46595,2853,جوغنو,383521,6
46596,2853,چشمه دراز2,383522,6
46597,2853,دهویید,383523,6
46598,2853,خمروتو,383525,6
46599,2853,شورک2,383527,6
46600,2853,خالق آباد,383528,6
46601,2853,عباس آباد پامزار,383529,6
46602,2853,ده باباباغین,383530,6
46603,2853,کهن زرد2,383531,6
46604,2853,عشق آباد,383533,6
46605,2853,محمود آباد2,383534,6
46606,2853,پیرغریب,383535,6
46607,2853,ده عیسی,383536,6
46608,2853,ده میان 3,383765,6
46609,2853,تلمبه علی آباد,384561,6
46610,2853,رستم آباد,384562,6
46611,2853,کارخانه آسفالت شهرداری,384563,6
46612,2853,قاسم آباد2,384564,6
46613,2853,تغرکو,384758,6
46614,2853,ده میان 4,385068,6
46615,2853,دهنو پا مزار,808570,6
46616,2853,کارخانه آسفالت ناودیس راه,808571,6
46617,2853,سندل ملوس,808572,6
46618,2853,بید عسلی,808777,6
46619,2854,بندر ابرجوییه,117960,6
46620,2854,ان تراب,117961,6
46621,2854,باب زنگوییه,117963,6
46622,2854,باب زیتون,117964,6
46623,2854,باب کهن,117965,6
46624,2854,بدان,117966,6
46625,2854,بندر سقناق,117967,6
46626,2854,بیدزال,117969,6
46627,2854,بیدسیروییه,117970,6
46628,2854,پشت رود,117972,6
46629,2854,بندر جسرود,117974,6
46630,2854,خواجه سهیل,117976,6
46631,2854,ده بالا,117979,6
46632,2854,دهنو1,117980,6
46633,2854,دهنو2,117981,6
46634,2854,دیشگان,117982,6
46635,2854,سغرک,117984,6
46636,2854,شغینوییه,117986,6
46637,2854,شش گاوی,117987,6
46638,2854,کمال الدین,117988,6
46639,2854,گزگرد,117989,6
46640,2854,گندمیه,117990,6
46641,2854,هنجام,117992,6
46642,2854,استخروییه,118394,6
46643,2854,اسفندگران,118397,6
46644,2854,باغ بزم,118410,6
46645,2854,باغ سرخ,118413,6
46646,2854,بلبلو,118421,6
46647,2854,بیدشهابی,118426,6
46648,2854,بیدگشک,118429,6
46649,2854,پدا,118437,6
46650,2854,پیربنه,118442,6
46651,2854,ترشوییه,118450,6
46652,2854,چشمه شور,118479,6
46653,2854,چناروییه,118482,6
46654,2854,ده گبر,118527,6
46655,2854,رنگ رزو,118553,6
46656,2854,سندول,118578,6
46657,2854,طویله چمن,118592,6
46658,2854,ارزن دار,118601,6
46659,2854,کریگوییه,118624,6
46660,2854,کهن بیدپایین,118633,6
46661,2854,آتشان,119102,6
46662,2854,اسماعیل آباد,119105,6
46663,2854,ایزدیه,119106,6
46664,2854,باب شگفت,119107,6
46665,2854,باقرآباد,119108,6
46666,2854,پتکوه,119110,6
46667,2854,جنت آباد_ نعمت آباد,119111,6
46668,2854,ترشاب بالا,119112,6
46669,2854,تلمبه اسدآباد,119114,6
46670,2854,تلمبه دکترخالقی,119116,6
46671,2854,تلمبه رهنده,119119,6
46672,2854,تلمبه زافری1,119120,6
46673,2854,تلمبه کلانتری,119128,6
46674,2854,تلمبه نادری,119131,6
46675,2854,غفارآباد,119133,6
46676,2854,جلال آباد1,119134,6
46677,2854,جلال آباد2,119135,6
46678,2854,حاجی آباد,119136,6
46679,2854,حیدرآباد,119137,6
46680,2854,خالق آباد,119138,6
46681,2854,خلیل آباد,119139,6
46682,2854,خیر آباد1,119140,6
46683,2854,خیر آباد2,119141,6
46684,2854,دولت آباد,119143,6
46685,2854,ده نوعباس خان,119146,6
46686,2854,ده یعقوب,119147,6
46687,2854,سرملک,119149,6
46688,2854,سعادت آباد,119150,6
46689,2854,شور آباد1,119152,6
46690,2854,طاهرآباد,119153,6
46691,2854,عبدالله آباد1,119154,6
46692,2854,عبداله آباد2,119155,6
46693,2854,علی آباد خسروی,119158,6
46694,2854,علی آباد گل کاران,119162,6
46695,2854,فیروزآباد,119164,6
46696,2854,قاسم آباد,119165,6
46697,2854,قلعه مرشد,119166,6
46698,2854,کمال آباد,119167,6
46699,2854,مبارکه,119168,6
46700,2854,محمودآباد,119169,6
46701,2854,محمودآباد بیرم,119170,6
46702,2854,محمودآبادسیدجعفر,119171,6
46703,2854,مظفرآباد,119172,6
46704,2854,ناصرآباد,119174,6
46705,2854,نتکوه,119175,6
46706,2854,نصرت آباد,119176,6
46707,2854,نظم آباد,119177,6
46708,2854,نعمت آباد,119178,6
46709,2854,واحدآباد /مزرعه بعثت,119179,6
46710,2854,ولی آباد,119180,6
46711,2854,هجین,119181,6
46712,2854,امردوییه1,119264,6
46713,2854,باغ عباس,119268,6
46714,2854,تلمبه اسلام آباد1,119274,6
46715,2854,تلمبه زافری 2,383375,6
46716,2854,توفیق آباد,383378,6
46717,2854,جنت آباد,383380,6
46718,2854,زارچوییه,383381,6
46719,2854,امردوییه2,383385,6
46720,2854,کبیری,383411,6
46721,2854,زینگیزو,383412,6
46722,2854,بغل نیا,383413,6
46723,2854,بیدو,383420,6
46724,2854,سرخ بیدی,383429,6
46725,2854,کلخوار,383431,6
46726,2854,سعیدآباد رضایی,383441,6
46727,2854,درونوییه علیا,383444,6
46728,2854,تلمبه سیستانی,383446,6
46729,2854,دامداری شهیدرضاخسروی,383447,6
46730,2854,ایستگاه تحقیقاتی بزکرکی بردسیر,383448,6
46731,2854,واحدپرواربندی سیستانی,383449,6
46732,2854,تلمبه اسلام آباد3,383450,6
46733,2854,فرخ دشت /مشکین آباد,383453,6
46734,2854,تلمبه شرف آباد,383455,6
46735,2854,علی آباد,383465,6
46736,2854,تلمبه مستضعفین,383467,6
46737,2854,تلمبه افرآسیاب,383468,6
46738,2854,تلمبه هجین,383469,6
46739,2854,تاج آباد2,383917,6
46740,2854,فخر آباد,808568,6
46741,2854,رضا آباد,808569,6
46742,2854,هنفیه,808661,6
46743,2854,تلمبه قدس,808798,6
46744,2855,آبخورک,118224,6
46745,2855,آبگرم,118225,6
46746,2855,آغل نذری,118226,6
46747,2855,آغین,118227,6
46748,2855,اسفورین سفلی,118228,6
46749,2855,اسفورین علیا,118229,6
46750,2855,اسماعیل آباد,118230,6
46751,2855,اکبرآباد,118231,6
46752,2855,الله آباد,118232,6
46753,2855,اهروییه,118233,6
46754,2855,ایرج آباد,118234,6
46755,2855,باغ حاجی,118235,6
46756,2855,باغ سرخ,118236,6
46757,2855,بندرمادون,118237,6
46758,2855,بهاندران,118238,6
46759,2855,بیدشیرین,118239,6
46760,2855,بیدکاک,118240,6
46761,2855,پشته رنگ,118241,6
46762,2855,جعفرآباد,118243,6
46763,2855,جوجنگ,118244,6
46764,2855,چاه گرگ,118245,6
46765,2855,چشمه شور,118246,6
46766,2855,چمن رنگ,118247,6
46767,2855,چناران,118248,6
46768,2855,چنارسوخته,118249,6
46769,2855,چنارو,118250,6
46770,2855,چنالو,118251,6
46771,2855,چنالوییه,118252,6
46772,2855,حسین آباد1,118253,6
46773,2855,حسین آباد2,118254,6
46774,2855,حمید آباد,118255,6
46775,2855,خانی,118256,6
46776,2855,خرمنده,118257,6
46777,2855,خطیب,118258,6
46778,2855,خیرآباد باکو,118259,6
46779,2855,درآباد,118260,6
46780,2855,دره مهراب,118261,6
46781,2855,ده بلبلان,118263,6
46782,2855,ده توکل,118264,6
46783,2855,ده نذری,118265,6
46784,2855,ده نوروز,118266,6
46785,2855,دهنو,118267,6
46786,2855,دهنوعلیا,118268,6
46787,2855,راس کوه,118269,6
46788,2855,زیارت سلطان حمید,118270,6
46789,2855,سغرچوییه,118271,6
46790,2855,سکوییه,118272,6
46791,2855,سنگ چارک,118273,6
46792,2855,سوراخ سیخوری,118274,6
46793,2855,شمس الدین,118275,6
46794,2855,عباس آباد,118276,6
46795,2855,فرکان,118277,6
46796,2855,فرهادی,118278,6
46797,2855,قلعه عسکر,118279,6
46798,2855,قوچون,118280,6
46799,2855,ده کلهور,118281,6
46800,2855,کناران,118282,6
46801,2855,کنتوییه,118283,6
46802,2855,کنتینوییه,118284,6
46803,2855,کهن یعقوبی,118285,6
46804,2855,کهنوج,118286,6
46805,2855,کهوییه,118287,6
46806,2855,کیخسروی,118288,6
46807,2855,گلگون,118290,6
46808,2855,گودخونکوییه,118292,6
46809,2855,مادون,118294,6
46810,2855,مغشر,118295,6
46811,2855,مدیم علیا,118297,6
46812,2855,مدیم گدار,118298,6
46813,2855,مرغاب,118299,6
46814,2855,هراران,118300,6
46815,2855,هریزوییه,118301,6
46816,2855,هویج,118302,6
46817,2855,یاس چمن,118303,6
46818,2855,گزوییه چشمه خندلی,118304,6
46819,2855,پلنگ آباد,119269,6
46820,2855,سنجدوییه,119337,6
46821,2855,سنگ صیاد,119338,6
46822,2855,عین البغل,383311,6
46823,2855,ده مردان,383312,6
46824,2855,گزوییه,383752,6
46825,2855,باغ پایین,383915,6
46826,2855,گودرزان,383916,6
46827,2856,چشمه عقاب,118057,6
46828,2856,ابراهیم آباد1,119020,6
46829,2856,ابراهیم آباد2,119021,6
46830,2856,اسنگوییه,119022,6
46831,2856,اکبرآباد,119023,6
46832,2856,اله آباد,119024,6
46833,2856,ایرجیه,119025,6
46834,2856,باغ ابر,119026,6
46835,2856,بنکوییه,119028,6
46836,2856,بیدخشک,119029,6
46837,2856,بیدوندر,119030,6
46838,2856,پدوم آباد,119031,6
46839,2856,پنبه سوز,119032,6
46840,2856,تله زرد,119033,6
46841,2856,جغدری,119034,6
46842,2856,جمکرد,119035,6
46843,2856,حسین آباد,119036,6
46844,2856,حسین آباد گندری,119037,6
46845,2856,خورموج,119038,6
46846,2856,خیر آباد,119039,6
46847,2856,ده توکل,119040,6
46848,2856,ده گلو,119041,6
46849,2856,ده مردعلی,119042,6
46850,2856,دهنه اردی,119043,6
46851,2856,دهنه بیدوندر,119044,6
46852,2856,دهنه رابری,119045,6
46853,2856,زاردا,119046,6
46854,2856,سرآسیاب,119048,6
46855,2856,سرخ آباد,119049,6
46856,2856,سرزه,119050,6
46857,2856,شمس آباد,119051,6
46858,2856,عبدل آباد,119052,6
46859,2856,گون دره,119053,6
46860,2856,محمدآباد,119055,6
46861,2856,میاندواب,119056,6
46862,2856,میلوییه,119057,6
46863,2856,نصرت آباد,119058,6
46864,2856,هاشم آباد,119059,6
46865,2856,یکه خمرود,119060,6
46866,2856,کارخانه گلاب زهرا,383314,6
46867,2856,ده جانی,383318,6
46868,2856,چناری,383319,6
46869,2856,سرگدار,383320,6
46870,2856,بیدو,383321,6
46871,2856,مدال آباد,383325,6
46872,2856,ایزدآباد,383326,6
46873,2856,درپیچ سرا,383327,6
46874,2856,سنگبر,383328,6
46875,2856,معدن شن و ماسه,383329,6
46876,2856,بیدوییه,383913,6
46877,2856,علی منصوری,383914,6
46878,2857,اسماعیل گرجی,118029,6
46879,2857,اصفهانوییه آخوند,118030,6
46880,2857,باب کوشک,118038,6
46881,2857,باغ اصفهانوییه,118041,6
46882,2857,تقی آباد,118045,6
46883,2857,تلمبه فاطمی,118046,6
46884,2857,تلمبه خداداد,118047,6
46885,2857,تلمبه شهیدالله وردی,118048,6
46886,2857,جیرفتو,118053,6
46887,2857,چشمه حسن رضا,118055,6
46888,2857,چناروییه,118058,6
46889,2857,چنزوییه,118059,6
46890,2857,خبروییه,118067,6
46891,2857,خشک آباد,118068,6
46892,2857,خیرآباد,118069,6
46893,2857,دری غزنی,118072,6
46894,2857,دعوایی,118073,6
46895,2857,ده طوسی,118080,6
46896,2857,دیوالک,118082,6
46897,2857,زارچوییه,118086,6
46898,2857,سربالا,118089,6
46899,2857,سعیدآبادکوه زردوییه,118090,6
46900,2857,سفته حسین خان,118091,6
46901,2857,سلطان آباد,118092,6
46902,2857,صاحب آباد,118094,6
46903,2857,صوفی,118095,6
46904,2857,عباس آبادچشمه سرخا,118096,6
46905,2857,عبدل آباد,118097,6
46906,2857,عزیزه,118098,6
46907,2857,کله گز,118106,6
46908,2857,گودال,118110,6
46909,2857,کهمرزان,118112,6
46910,2857,مغولستان,118114,6
46911,2857,مزرعه 22بهمن,118116,6
46912,2857,مهدی آباد1,118118,6
46913,2857,مهدی آباد2,118119,6
46914,2857,میرشادی,118120,6
46915,2857,نراب گرگاب,118122,6
46916,2857,نی زار,118123,6
46917,2857,هفت کوسک,118124,6
46918,2857,ایستگاه تثبیت شن های روان,383334,6
46919,2857,خالصه دیوانی,383335,6
46920,2857,حسین آباد 4,383336,6
46921,2857,تلمبه گروه کشاورزی ابوالفضل,383338,6
46922,2857,گاوداری هاشمی,385066,6
46923,2857,مرغداری صدف,385067,6
46924,2857,سعید آباد,808118,6
46925,2857,عباس آباد,808119,6
46926,2857,شورا/گورا/,808120,6
46927,2858,اردلگان,118028,6
46928,2858,اکبرآباد,118032,6
46929,2858,امیرآباد,118033,6
46930,2858,باب بیدوییه,118034,6
46931,2858,باب چنزوییه,118035,6
46932,2858,باب شمیل,118037,6
46933,2858,باب کهنوج,118039,6
46934,2858,باب گنجوییه,118040,6
46935,2858,بیدگروییه,118042,6
46936,2858,پیکستان,118043,6
46937,2858,توکل آباد هنرمند,118051,6
46938,2858,حاجی آباد,118061,6
46939,2858,حسن آباد,118063,6
46940,2858,حسین آباد2,118065,6
46941,2858,حسین آباد 3,118066,6
46942,2858,دردنا,118070,6
46943,2858,درگاو,118071,6
46944,2858,ده صالح,118079,6
46945,2858,ده مرتضی,118081,6
46946,2858,راسک,118083,6
46947,2858,زنبیل دره,118088,6
46948,2858,شیرینگ,118093,6
46949,2858,عظیم آباد,118099,6
46950,2858,علی آباد,118100,6
46951,2858,قراوییه,118102,6
46952,2858,کریم آباد,118104,6
46953,2858,گیورج,118113,6
46954,2858,مکی آباد,118117,6
46955,2858,چهارطاق,383330,6
46956,2858,درآلوییه,384898,6
46957,2859,ابراهیم آباد,117882,6
46958,2859,برنجی,117883,6
46959,2859,بهرام جرد,117884,6
46960,2859,بیدو,117885,6
46961,2859,پرستی,117886,6
46962,2859,پرواربندی 1,117887,6
46963,2859,تلمبه بهرام پور,117888,6
46964,2859,تلمبه بیست ودوبهمن,117889,6
46965,2859,تلمبه جعفری,117890,6
46966,2859,تلمبه حبیب سیستانی,117891,6
46967,2859,تلمبه دویست وشش,117892,6
46968,2859,تلمبه زنگی آباد ی,117893,6
46969,2859,تلمبه شجاعی 1,117894,6
46970,2859,تلمبه شهیدشاه آبادی,117895,6
46971,2859,تلمبه گوهری,117896,6
46972,2859,تلمبه نجفی,117897,6
46973,2859,تلمبه یاسر,117898,6
46974,2859,غبیرا,117899,6
46975,2859,چاه سالاری,117901,6
46976,2859,حسین آباد1,117903,6
46977,2859,خیرآباد,117904,6
46978,2859,دولت آباد,117905,6
46979,2859,ده گبر,117907,6
46980,2859,ریگ آباد,117908,6
46981,2859,شرکت فدک,117911,6
46982,2859,عباس آباد1,117912,6
46983,2859,فتح آباد ده نظریان,117913,6
46984,2859,گلومک,117914,6
46985,2859,ماه تو,117915,6
46986,2859,محمود آباد1,117916,6
46987,2859,مزار,117917,6
46988,2859,مهدی آباد,117919,6
46989,2859,وحدت آباد,117920,6
46990,2859,اسماعیل آباد,119263,6
46991,2859,عیش آباد /امیرآباد /,119265,6
46992,2859,امین آباد,119266,6
46993,2859,تلمبه امین آباد و زارعین,119267,6
46994,2859,تلمبه احمدآباد,119271,6
46995,2859,تلمبه احمدشهبان,119272,6
46996,2859,تلمبه آزادی,119273,6
46997,2859,تلمبه افلاطون بهزادی,119276,6
46998,2859,تلمبه اکبر آباد,119277,6
46999,2859,تلمبه الله آباد,119278,6
47000,2859,تلمبه اله آباد بالا,119279,6
47001,2859,تلمبه امیرآباد 1,119280,6
47002,2859,تلمبه باهنر,119281,6
47003,2859,تلمبه جعفرآباد,119282,6
47004,2859,تلمبه حاجی انجم شعاع,119283,6
47005,2859,تلمبه حاجی خان,119284,6
47006,2859,تلمبه حسن فلاح,119286,6
47007,2859,تلمبه رحمت آباد,119290,6
47008,2859,تلمبه رضا آباد,119291,6
47009,2859,تلمبه رهبرآباد,119292,6
47010,2859,تلمبه شجاعی 2,119294,6
47011,2859,تلمبه شماره دو عشایری,119295,6
47012,2859,تلمبه شماره یک عشایری,119296,6
47013,2859,تلمبه شورو,119297,6
47014,2859,تلمبه شهابی,119298,6
47015,2859,تلمبه محمدآباد,119304,6
47016,2859,تلمبه محمدخان 2,119307,6
47017,2859,تلمبه محمودآباد,119310,6
47018,2859,تلمبه منصوری 1,119312,6
47019,2859,تلمبه ناصریه,119318,6
47020,2859,تلمبه نورعلی مومنی,119319,6
47021,2859,تلمبه وحدت آباد,119320,6
47022,2859,تلمبه ولی عصر,119321,6
47023,2859,توکل آباد 2,119323,6
47024,2859,حسن آباد,119324,6
47025,2859,حسین آباد2,119325,6
47026,2859,حسین آباد دوم,119326,6
47027,2859,دکل خنکوه,119327,6
47028,2859,رحمت آباد,119330,6
47029,2859,رضا آباد,119331,6
47030,2859,سرخ کان,119335,6
47031,2859,سلطان آباد,119336,6
47032,2859,شرکت کشاورزی 175,119340,6
47033,2859,عباس آباد2,119342,6
47034,2859,عباس آباد عیش آباد,119343,6
47035,2859,عباس آباد خراسانی,119344,6
47036,2859,تلمبه عباس آباد زارعین,119345,6
47037,2859,عبدالله آباد,119346,6
47038,2859,علی آباد دهنو,119347,6
47039,2859,فخرآباد,119349,6
47040,2859,کهنوج,119355,6
47041,2859,محمدآباد,119356,6
47042,2859,محمود آباد2,119359,6
47043,2859,باغ ترابی,383339,6
47044,2859,یخنیا,383340,6
47045,2859,احمدآباد,383343,6
47046,2859,نیروگاه,383345,6
47047,2859,اسلام آباد,383346,6
47048,2859,تلمبه عباس آباد,383348,6
47049,2859,تلمبه امیرآباد 2,383350,6
47050,2859,تلمبه شهیدیاوری,383351,6
47051,2859,تلمبه فتحی,383352,6
47052,2859,تلمبه باقری,383353,6
47053,2859,تلمبه یامحمد,383354,6
47054,2859,تلمبه شهیدمحلاتی,383355,6
47055,2859,تلمبه نینوا,383356,6
47056,2859,موسسه تولید شیر یزدی زاده,383357,6
47057,2859,موسسه تولید شیر انجم شعاع,383358,6
47058,2859,تلمبه گروه شهیدچمران,383359,6
47059,2859,شرکت کرمان مرصادتولیدشیر,383361,6
47060,2859,تلمبه حسین بن علی,383362,6
47061,2859,دامداری جانباز,383363,6
47062,2859,بزقوچ آباد,383364,6
47063,2859,تلمبه منصورنگارستانی,383365,6
47064,2859,تلمبه جلال آباد,383367,6
47065,2859,محمودیه,383370,6
47066,2859,تلمبه کریم آباد,383745,6
47067,2859,تلمبه زندرفیع,383918,6
47068,2859,تلمبه شجاعی 3,383919,6
47069,2859,تلمبه منصوری 2,383920,6
47070,2859,محمد آباد گزوییه,383921,6
47071,2859,شرکت تعاونی طیوران سپیدپر,384894,6
47072,2859,تلمبه جنت,384895,6
47073,2859,تلمبه فیروزآباد,384896,6
47074,2859,تلمبه امین نگار,384897,6
47075,2859,تلمبه اکبر رشید فرخی,385063,6
47076,2859,شرکت فولاد,385064,6
47077,2859,حمید آباد,385065,6
47078,2859,پرواربندی 2,808121,6
47079,2859,کوره آجر پزی زرنگار,808649,6
47080,2860,اسد آباد,119103,6
47081,2860,اسلام آباد 21,119104,6
47082,2860,بیژن آباد,119109,6
47083,2860,تلمبه توکل آباد,119115,6
47084,2860,تلمبه دومحمدخان,119117,6
47085,2860,تلمبه سجادیه,119121,6
47086,2860,تلمبه سه محمدخان,119122,6
47087,2860,تلمبه شماره سه یزد جردخان,119124,6
47088,2860,تلمبه صدوده,119125,6
47089,2860,تلمبه کاربخش,119127,6
47090,2860,تلمبه گروه اسلامیه,119129,6
47091,2860,تلمبه ملک منصورخان,119130,6
47092,2860,تلمبه یک یزدجردخان,119132,6
47093,2860,ده ابوذر,119144,6
47094,2860,ده بابک داریوش,119145,6
47095,2860,علی آباد بهزادی,119157,6
47096,2860,علی آباد داریوش خان,119159,6
47097,2860,علی آباد سی نفری بلوچها,119160,6
47098,2860,نارپ,119270,6
47099,2860,تلمبه اسماعیل آباد,119275,6
47100,2860,تلمبه حجت آباد,119285,6
47101,2860,تلمبه فلاح,119287,6
47102,2860,تلمبه خونین شهر,119288,6
47103,2860,تلمبه شهیددستغیب,119299,6
47104,2860,تلمبه محمدآباد مهدی,119305,6
47105,2860,ذزدوییه,119329,6
47106,2860,سامانجرد,119334,6
47107,2860,قنات سیر,119352,6
47108,2860,کاظم آباد,119353,6
47109,2860,کهنک,119354,6
47110,2860,تلمبه سلطانی,383372,6
47111,2860,شور آباد 2,383379,6
47112,2860,تلمبه اسلام آباد2,383388,6
47113,2860,تلمبه مزرعه امام حسین,383389,6
47114,2860,تلمبه شرکت کشاورزی,383390,6
47115,2860,تلمبه مزرعه ایمان,383391,6
47116,2860,تلمبه قایم,383392,6
47117,2860,تلمبه بلال,383396,6
47118,2860,تلمبه گروه هجرت,383397,6
47119,2860,تلمبه شهیدبهشتی,383398,6
47120,2860,تلمبه نوخیز,383399,6
47121,2860,تلمبه علی زاده,383403,6
47122,2860,تلمبه زرندیها,383404,6
47123,2860,تلمبه سرکارآقا 2,383405,6
47124,2860,تلمبه گروه کوهستانی,383406,6
47125,2860,تلمبه شهیدعتیقی,383407,6
47126,2860,تلمبه مهدی آباد سامانجرد,383408,6
47127,2860,اردوگاه افاغنه,383410,6
47128,2860,تلمبه آغل,383451,6
47129,2860,دامداری و مرغداری جهاد,383452,6
47130,2860,تلمبه شهیداحمدسلیمانی,383906,6
47131,2860,توکل آباد امید,383907,6
47132,2860,تلمبه شهیدبهشتی2,383908,6
47133,2860,تلمبه شهیدزنگی آبادی,383909,6
47134,2860,تلمبه ارجمندی خاتم الانبیا,383910,6
47135,2860,مزرعه گروه کشاورزی اسلامی,383911,6
47136,2860,شرکت فلاحت93,383912,6
47137,2860,پروژه خطوط انتقال آب,384560,6
47138,2860,مرغداری ایثارگران سپاه پاسداران,384643,6
47139,2860,دهنو توتکان,808805,6
47140,2861,آدوری,112356,6
47141,2861,باغ خان/حسین آباد,112362,6
47142,2861,جرک,112369,6
47143,2861,چشمه درشیش,112371,6
47144,2861,چشمه شیشتا,112372,6
47145,2861,حرجند,112373,6
47146,2861,حسین آباد درانی,112374,6
47147,2861,حشمت آباد,112376,6
47148,2861,خداداد,112377,6
47149,2861,درب هزار,112379,6
47150,2861,دشتوییه,112381,6
47151,2861,دهنوحرجند,112384,6
47152,2861,دهنوهتک,112386,6
47153,2861,رشکوییه,112390,6
47154,2861,رضا آباد /برج قارون /,112391,6
47155,2861,رقعه کبیر,112392,6
47156,2861,رودغدیر,112393,6
47157,2861,رونی,112394,6
47158,2861,سدکوییه,112396,6
47159,2861,سرنگی,112397,6
47160,2861,ششتوییه,112399,6
47161,2861,علی آباد گورکانی,112400,6
47162,2861,قنات صالح,112402,6
47163,2861,قنات مالک,112403,6
47164,2861,گچ سفلی,112404,6
47165,2861,گچ علیا,112405,6
47166,2861,گزک,112406,6
47167,2861,گورکانی,112408,6
47168,2861,نیمک,112413,6
47169,2861,هنک,112416,6
47170,2861,هیکوییه,112418,6
47171,2861,باداموییه,113499,6
47172,2861,چناروییه,113510,6
47173,2861,خارکوییه,113511,6
47174,2861,دهنوعلی شهری,113518,6
47175,2861,کهن قاضی,113532,6
47176,2861,کریم آباد,113536,6
47177,2861,مزرعه آب بید,382434,6
47178,2861,ده قلی شو,382435,6
47179,2861,دیکوییه,382436,6
47180,2861,ماضی,382437,6
47181,2861,گودچنار,382438,6
47182,2861,گورک 2,382440,6
47183,2861,تلمبه ملک آباد,384825,6
47184,2861,تلمبه شهیدحسن خراسانی,385069,6
47185,2862,باب گهر,102563,6
47186,2862,دیدی,112388,6
47187,2862,دهنه دیدی,112410,6
47188,2862,حور,112417,6
47189,2862,عباس آباد,113181,6
47190,2862,چشمه سرخ,113183,6
47191,2862,حسن آباد,113185,6
47192,2862,حسین آباد مرتضوی,113186,6
47193,2862,حسین آباد دم دهنه,113187,6
47194,2862,خیرآباد,113188,6
47195,2862,رقعه صغیره,113189,6
47196,2862,ده تقی,113190,6
47197,2862,ده گبر,113192,6
47198,2862,سهرج,113196,6
47199,2862,عرب آباد,113198,6
47200,2862,علی آباد سرهنگ,113199,6
47201,2862,عنبرآباد,113203,6
47202,2862,قنات گرم,113204,6
47203,2862,گداردرب جم,113211,6
47204,2862,محمدآباد2,113213,6
47205,2862,مهدی آباد,113216,6
47206,2862,نصیرآباد,113217,6
47207,2862,درزین,113496,6
47208,2862,دراسپید,113497,6
47209,2862,باب نیزو,113498,6
47210,2862,بریم,113500,6
47211,2862,بلوچیه,113501,6
47212,2862,بندکهنوج,113502,6
47213,2862,بیدوییه نخعی,113503,6
47214,2862,پاچنار,113504,6
47215,2862,تنگلوییه,113507,6
47216,2862,جلیل آباد,113508,6
47217,2862,چناروییه,113509,6
47218,2862,دستجرد,113514,6
47219,2862,ده زنان,113515,6
47220,2862,ده قاضی,113516,6
47221,2862,دهنرحاج اسماعیل,113517,6
47222,2862,دهنوگروک,113519,6
47223,2862,دهنه تنگل,113520,6
47224,2862,دهوییه,113521,6
47225,2862,رودگزوییه,113522,6
47226,2862,ریگ آباد,113523,6
47227,2862,زارکوییه,113524,6
47228,2862,سراشک,113525,6
47229,2862,سهرنگ,113526,6
47230,2862,شاهزاده محمد,113527,6
47231,2862,شیرخانی,113530,6
47232,2862,قنات سه,113531,6
47233,2862,قنات کهن ده شعیب,113533,6
47234,2862,کاروانسرای آب بید,113534,6
47235,2862,گروک,113535,6
47236,2862,گریک,113537,6
47237,2862,گزستان,113538,6
47238,2862,گساویه,113539,6
47239,2862,گنوییه,113540,6
47240,2862,گودگازرو پایین,113541,6
47241,2862,ماه زمین,113542,6
47242,2862,معدن اشکلی,113545,6
47243,2862,هرگندی,113548,6
47244,2862,هروزسفلی,113549,6
47245,2862,هروزعلیا,113550,6
47246,2862,معدن بزرگ,382421,6
47247,2862,تنگلو,382425,6
47248,2862,محمد آباد,382430,6
47249,2862,گودگازرو بالا,382432,6
47250,2862,دوغ کشان,382433,6
47251,2862,فردوسو,382461,6
47252,2862,رستم آباد,384229,6
47253,2862,بنگوه,384231,6
47254,2862,معدن اسدآباد,384824,6
47255,2862,باغ گهر,808003,6
47256,2862,سردرو,808004,6
47257,2862,تلمبه حور,808038,6
47258,2862,شفیع آباد,808779,6
47259,2863,آب انجیرو,111137,6
47260,2863,آبدر جهان,111138,6
47261,2863,آب کرو,111139,6
47262,2863,اسدآباد,111140,6
47263,2863,اسماعیل آباد,111141,6
47264,2863,افکوییه,111142,6
47265,2863,بغیجان,111145,6
47266,2863,برآفتاب,111146,6
47267,2863,بونه,111147,6
47268,2863,تاشک,111149,6
47269,2863,تلمبه شهیدباهنر,111150,6
47270,2863,تلمبه شهیدرجایی,111151,6
47271,2863,توتک,111153,6
47272,2863,تیران,111154,6
47273,2863,تیکدر,111156,6
47274,2863,چاهوییه /چهو/,111157,6
47275,2863,چناروییه,111159,6
47276,2863,چون کوییه,111160,6
47277,2863,حجت آباد,111161,6
47278,2863,خودراهی,111162,6
47279,2863,خورند,111163,6
47280,2863,در آب,111164,6
47281,2863,درزارچ,111166,6
47282,2863,درشور آب بالا,111167,6
47283,2863,درشور آب پایین,111168,6
47284,2863,درشور آب وسطی,111169,6
47285,2863,ده فوزی,111170,6
47286,2863,ده پایین,111171,6
47287,2863,ده حاجی,111172,6
47288,2863,ده طالویی,111174,6
47289,2863,ده علی,111175,6
47290,2863,ده مصطفی,111177,6
47291,2863,ده میان,111178,6
47292,2863,دهنوییه,111179,6
47293,2863,دیمسکان,111180,6
47294,2863,دیموییه,111181,6
47295,2863,ربع کهن,111182,6
47296,2863,روپاس,111183,6
47297,2863,ریحان,111184,6
47298,2863,سرمور,111188,6
47299,2863,سیدآباد,111189,6
47300,2863,سینه کوییه,111190,6
47301,2863,شمشیرآباد,111192,6
47302,2863,طرز,111194,6
47303,2863,علی آباد1,111197,6
47304,2863,علی آباد کوه نمکی,111198,6
47305,2863,فتح آباد1,111199,6
47306,2863,فتح آباد2,111200,6
47307,2863,فرودگاه دربند,111201,6
47308,2863,فیض آباد,111202,6
47309,2863,کنگوییه,111204,6
47310,2863,گوجر,111205,6
47311,2863,کهن,111206,6
47312,2863,کهنوج,111207,6
47313,2863,گواشک,111208,6
47314,2863,محمدآباد,111211,6
47315,2863,معدن گوجر,111215,6
47316,2863,معین آباد,111216,6
47317,2863,مقیم آباد,111217,6
47318,2863,مکی,111218,6
47319,2863,نجف آباد,111221,6
47320,2863,ندیگان,111222,6
47321,2863,نصرت آباد,111223,6
47322,2863,نوروز آباد,111224,6
47323,2863,یوسف آباد,111225,6
47324,2863,جلال آباد,111227,6
47325,2863,تقی آباد,111228,6
47326,2863,ده علی اقاطرز,111232,6
47327,2863,دارستان,113512,6
47328,2863,حکیم آباد,382335,6
47329,2863,چشمه دهقان,382336,6
47330,2863,کرو,382337,6
47331,2863,مهدی آباد2,382338,6
47332,2863,رضا آباد صفر,382339,6
47333,2863,کاروانسرای چاه کورو,382345,6
47334,2863,کاروانسرای دربند,382348,6
47335,2863,آب انبارشماره 1,382350,6
47336,2863,آب انبارشماره 2,382351,6
47337,2863,لکرکوه,382354,6
47338,2863,ده مهدی,382356,6
47339,2863,الله آباد,382358,6
47340,2863,همت آباد,382359,6
47341,2863,ده صفر,382362,6
47342,2863,معدن جدید طرز,382374,6
47343,2863,آدورو,382376,6
47344,2863,گزوییه,382378,6
47345,2863,قدرت آباد,382380,6
47346,2863,تلمبه جهادسازندگی,382382,6
47347,2863,تلمبه آب آشامیدنی شهرداری راور,382385,6
47348,2863,اسماعیلی /تلمبه آبکوه /,382386,6
47349,2863,چکاد,382395,6
47350,2863,کموسرگزان,382397,6
47351,2863,ده لالا,382398,6
47352,2863,آب انبار2,382399,6
47353,2863,بیدگرون,382401,6
47354,2863,دامداری ماشااله ساتور,382405,6
47355,2863,دهوج,382410,6
47356,2863,تلمبه صدوقی /گروه کشاورزان مشاع صدوقی,382413,6
47357,2863,ده شیب,382414,6
47358,2863,مرکزآموزش شهیدمحمدزحمتکش /کاروان,382418,6
47359,2863,برکت آباد,382419,6
47360,2863,گاوداری آبکوه,384240,6
47361,2863,سعید آباد,384820,6
47362,2863,ده محمد,385070,6
47363,2863,مزرعه اشتردان,385071,6
47364,2863,ده امام جمعه (رحمت آباد ),385072,6
47365,2863,همت آباد2,385074,6
47366,2863,ندو,385075,6
47367,2863,گود حسین عباس,385160,6
47368,2863,باغ میری,385161,6
47369,2863,تلمبه علی ابن ابیطالب,385162,6
47370,2863,دیله,385163,6
47371,2863,مجتمع کشاورزی امام رضا(ع),808001,6
47372,2863,خالق آباد,808002,6
47373,2863,شهر آباد,808560,6
47374,2863,کشبنوییه,808732,6
47375,2863,قطروییه,808771,6
47376,2864,آب میس,094659,6
47377,2864,آستانه,094660,6
47378,2864,اسفیچار,094661,6
47379,2864,آسیاب علیخان,094662,6
47380,2864,امجز,094663,6
47381,2864,انارو ییه,094664,6
47382,2864,انتارک,094665,6
47383,2864,بن طاقین,094669,6
47384,2864,بند رزو,094670,6
47385,2864,بنه سیب,094671,6
47386,2864,بیدو,094672,6
47387,2864,پاگدار,094675,6
47388,2864,پاگدارامجز,094676,6
47389,2864,پشت خونی,094678,6
47390,2864,پشته نخودی,094679,6
47391,2864,پشته شاهان,094681,6
47392,2864,پشته کارون,094682,6
47393,2864,ترکو,094683,6
47394,2864,جم,094686,6
47395,2864,خررود,094693,6
47396,2864,خروش,094694,6
47397,2864,درین,094699,6
47398,2864,دسک,094700,6
47399,2864,دو رودخانه,094702,6
47400,2864,ده خان,094703,6
47401,2864,ده ملاها,094704,6
47402,2864,دهنه گمرکان,094706,6
47403,2864,رایک,094707,6
47404,2864,رودمدان,094711,6
47405,2864,زمین بوستان,094712,6
47406,2864,سم پو,094713,6
47407,2864,سربگ,094714,6
47408,2864,سردر1,094715,6
47409,2864,سرزه,094716,6
47410,2864,سنگ انداز,094717,6
47411,2864,سنگ ستان,094718,6
47412,2864,سنگ ملیده,094719,6
47413,2864,سنگراه,094720,6
47414,2864,سوچناران,094721,6
47415,2864,سیاه معدن,094722,6
47416,2864,قصبه,094726,6
47417,2864,کره,094728,6
47418,2864,کمال الدین,094730,6
47419,2864,کمش,094731,6
47420,2864,گناییت,094732,6
47421,2864,کهکمستان,094734,6
47422,2864,گردنه گوران,094737,6
47423,2864,گردوفاطی,094738,6
47424,2864,گستگز,094740,6
47425,2864,بندرگشکین,094741,6
47426,2864,گل مرگی,094743,6
47427,2864,گوریک,094744,6
47428,2864,گوهر,094745,6
47429,2864,ماریان,094746,6
47430,2864,درزرون,094945,6
47431,2864,زریب,094981,6
47432,2864,تنگ لجاری,095520,6
47433,2864,رجوگان,266327,6
47434,2864,کله بندان,381585,6
47435,2864,سرگنبه,381587,6
47436,2864,آسیاب میرناصر,381588,6
47437,2864,گوربنگوییه,381589,6
47438,2864,قلعه سنگ,381590,6
47439,2864,کلپوره ای,381591,6
47440,2864,دره احمدی,381592,6
47441,2864,ریگی,381593,6
47442,2864,رزم هوا,381594,6
47443,2864,جمهور,381595,6
47444,2864,باغ الاده,381596,6
47445,2864,چنوگان,381597,6
47446,2864,باغ سرخه,381598,6
47447,2864,باغ نو,381599,6
47448,2864,نارستان امجز,381600,6
47449,2864,سه چناران,381601,6
47450,2864,بندرامجز,381602,6
47451,2864,سراگو,381603,6
47452,2864,بگ زردالو,381604,6
47453,2864,دچار,381605,6
47454,2864,قهاب,381607,6
47455,2864,سردر زارچوییه,381608,6
47456,2864,بنه هرنگ,381609,6
47457,2864,خومنی گداران,381610,6
47458,2864,سرور آباد,381611,6
47459,2864,سیاه چشم,381612,6
47460,2864,سنگ آباد,381613,6
47461,2864,باغ کوه,381614,6
47462,2864,سلطانی,381615,6
47463,2864,بندنعل کن,381616,6
47464,2864,گردوپهن,381617,6
47465,2864,خرمنی درنا,381618,6
47466,2864,درباغ,381619,6
47467,2864,گردوهای بلند,381620,6
47468,2864,قطاریان,381621,6
47469,2864,کهکم آباد,381622,6
47470,2864,لچارآباد,381623,6
47471,2864,طاقوک,381624,6
47472,2864,دو دران,381625,6
47473,2864,سرمور,381626,6
47474,2864,گاوکان,381627,6
47475,2864,هورانی,381628,6
47476,2864,دره چیی,381629,6
47477,2864,سردر2,381630,6
47478,2864,دربیدان,381631,6
47479,2864,ده بنه,381632,6
47480,2864,سرطاقین,381633,6
47481,2864,دره فولادی,381634,6
47482,2864,تمبورکی,381635,6
47483,2864,لچردویی,381636,6
47484,2864,سرتو,381637,6
47485,2864,ده کوهن,381638,6
47486,2864,گزوییه,381639,6
47487,2864,خونسا,381640,6
47488,2864,دررود,381641,6
47489,2864,پشته بارجان,381642,6
47490,2864,جوون,381643,6
47491,2864,بن بهکین,381644,6
47492,2864,دره کهکمون,381645,6
47493,2864,سربهکین,381646,6
47494,2864,آبداغوییه,384151,6
47495,2864,زیواری,384152,6
47496,2864,ده محمدمیررضا,384155,6
47497,2864,پای تل,384156,6
47498,2865,احمدآباد,097736,6
47499,2865,اختیارآباد,097737,6
47500,2865,امیرآبادنظریان,097739,6
47501,2865,بهار کهور,097740,6
47502,2865,پاتلی,097741,6
47503,2865,جمال آبادقدیری,097743,6
47504,2865,چهل منی,097746,6
47505,2865,خاتون آبادمهیمی,097749,6
47506,2865,خیرآباد,097750,6
47507,2865,رحمت آباد,097752,6
47508,2865,روستای شهید بهشتی,097758,6
47509,2865,عباس آباد,097759,6
47510,2865,عبداله آباد,097760,6
47511,2865,فرخ آباد,097763,6
47512,2865,قناتنو,097764,6
47513,2865,لردمیدان,097766,6
47514,2865,مرادآباد,097769,6
47515,2865,مزرعه مشاع شوکت آباد,097772,6
47516,2865,مشاع 30جهادآباد,097779,6
47517,2865,مشاع 3تل شیراز,097785,6
47518,2865,مشاع 6تل شیراز,097793,6
47519,2865,موتوردکترلطفی,097805,6
47520,2865,موتورعیسی ایزدی,097809,6
47521,2865,مشاع های مهتابی,097810,6
47522,2865,میثم آباد,097811,6
47523,2865,میرآبادعبدی,097812,6
47524,2865,نظم آباد,097813,6
47525,2865,سلمان آباد,098009,6
47526,2865,نوبنی,098031,6
47527,2865,تلمبه صاحب دادنارویی,381497,6
47528,2865,روستای شهید سالاری,381508,6
47529,2865,تلمبه عشایری چاه ریگان,381517,6
47530,2865,مشاع 33جهادآباد,381522,6
47531,2865,مشاع 32جهادآباد,381523,6
47532,2865,روستای شهید دهقان پور,381526,6
47533,2865,تلمبه سیدمحمدموسوی,381530,6
47534,2865,روستای تل شیراز,381543,6
47535,2865,تلمبه نعمت اله دبیری,381544,6
47536,2865,تلمبه جلیل مشیری2,381561,6
47537,2865,تلمبه احمدجرگه,381562,6
47538,2865,تلمبه بامری,381564,6
47539,2865,تلمبه ساسان مهیمی,381566,6
47540,2865,روستای دهدشت,384141,6
47541,2865,ریگ آباد,384142,6
47542,2865,مشاع 5تل شیراز,384675,6
47543,2865,سبزگزی,808220,6
47544,2865,مهتاری زیارت,808561,6
47545,2865,عدالت اصغرآباد,808740,6
47546,2866,الله آباد جهانگیر خان,097738,6
47547,2866,سلمان آباد جهانگیرخان,097755,6
47548,2866,شوکت آباد,097757,6
47549,2866,عزیزآبادشیبانی,097761,6
47550,2866,توکل آباد,098080,6
47551,2866,حاجی آباد میرحسینی,098084,6
47552,2866,حجت آباد,098085,6
47553,2866,حمیدآباد,098087,6
47554,2866,خاتون آباد,098089,6
47555,2866,روستای ده رضا,098093,6
47556,2866,دهنواله وردی,098094,6
47557,2866,علی آباد قدیری,098105,6
47558,2866,کریم آباد,098106,6
47559,2866,گرگ آباد,098108,6
47560,2866,منصوریه,098115,6
47561,2866,یوسف آباد,098120,6
47562,2866,سعیدآباد,381313,6
47563,2866,مشاع 1سلیمان آباد,384135,6
47564,2866,مشاع 1سلیمان آبادشهرک بلوچ,384137,6
47565,2866,موتوراستانداری,384139,6
47566,2866,پشتکوه,384817,6
47567,2866,هییت آباد,384818,6
47568,2866,تلمبه حاجی انصاری,384819,6
47569,2867,اکبرآباد,098075,6
47570,2867,امیرآبادکت گرگ,098079,6
47571,2867,حسین آباد لولی,098086,6
47572,2867,خضرآباد,098091,6
47573,2867,ریگ آباد,098097,6
47574,2867,زیارت کت گرگ,098098,6
47575,2867,شمس آباد,098102,6
47576,2867,عباس آباد,098104,6
47577,2867,لردخران,098109,6
47578,2867,محمودآباد برومند,098110,6
47579,2867,مزرعه قبادعمرانی,098113,6
47580,2867,محطوط آباد,098114,6
47581,2867,موتورحاجی قدیری,098116,6
47582,2867,ناصرآباد,098117,6
47583,2867,هادی آباد,098118,6
47584,2867,تلمبه جوادقریه میرزایی,381568,6
47585,2867,تلمبه کرامت پورحق دردی,381569,6
47586,2867,تلمبه دادمرادتوکلی,381571,6
47587,2867,تلمبه امیدپرنده,381572,6
47588,2867,تلمبه احمدتوکلی,381574,6
47589,2867,شرکت آسفالت,381576,6
47590,2867,مزرعه 15خرداد,381577,6
47591,2867,تلمبه یداله خیامی,381579,6
47592,2867,تلمبه منصور توکلی,381580,6
47593,2867,مزارشهدا,381581,6
47594,2867,تلمبه عشایری دامداری,381582,6
47595,2867,تلمبه بنی اسدی,381583,6
47596,2867,آبیاری قطره ای کشت وصنعت,381584,6
47597,2867,مجتمع کشاورزی دانشگاه آزاداسلامی,384083,6
47598,2867,مزرعه کشاورزی شهرداری عنبرآباد,384145,6
47599,2867,روستای آزادگان,384676,6
47600,2867,قنات کلنتر,384811,6
47601,2867,تلمبه سرحدی ها,808126,6
47602,2867,روستای شهدا,808720,6
47603,2868,دهنه بید,094705,6
47604,2868,مردار,094747,6
47605,2868,ابرخان,094839,6
47606,2868,آبشار,094841,6
47607,2868,اشکم کوه,094848,6
47608,2868,انارک,094851,6
47609,2868,بارده,094857,6
47610,2868,برفگین,094862,6
47611,2868,بگودلی,094866,6
47612,2868,بندر,094870,6
47613,2868,پشت قلعه,094881,6
47614,2868,پنوییه,094884,6
47615,2868,غیک شیخها,094899,6
47616,2868,غیک هریدان,094900,6
47617,2868,حجت آباد,094926,6
47618,2868,خاتون مرده,094935,6
47619,2868,خراب,094936,6
47620,2868,درانجیروییه,094940,6
47621,2868,درجگان,094942,6
47622,2868,درچشمه,094943,6
47623,2868,درکم,094946,6
47624,2868,ده منصور,094963,6
47625,2868,دیدرک,094974,6
47626,2868,روداب,094976,6
47627,2868,رودفرق,094977,6
47628,2868,سرزه,095009,6
47629,2868,شه دراز,095018,6
47630,2868,شیخ آباد,095019,6
47631,2868,صوله,095021,6
47632,2868,فهاد,095026,6
47633,2868,کرور,095032,6
47634,2868,کنارزاغان,095041,6
47635,2868,کنارسبز,095042,6
47636,2868,کویران,095055,6
47637,2868,گرم زیر,095066,6
47638,2868,گرم سالاررضا,095067,6
47639,2868,گردنه اشتر,095068,6
47640,2868,گزآباد,095071,6
47641,2868,مشاع 1گز آباد,095098,6
47642,2868,مشاع 2گزآباد,095099,6
47643,2868,مشاع 3گزآباد,095100,6
47644,2868,مشاع 4گزآباد,095101,6
47645,2868,مشاع 5گزآباد,095102,6
47646,2868,مشاع 6گزآباد,095103,6
47647,2868,مشاع 7گزآباد,095104,6
47648,2868,مشاع 8گزآباد,095105,6
47649,2868,مشاع 9گزآباد,095106,6
47650,2868,وروار سفلی,095135,6
47651,2868,وروار علیا,095136,6
47652,2868,وود,095138,6
47653,2868,هریدان,095139,6
47654,2868,باغ اهنی,095141,6
47655,2868,زمین دراز,381647,6
47656,2868,نمازجا,381648,6
47657,2868,کلوک,381649,6
47658,2868,ری زیال,381650,6
47659,2868,درمورتی,381651,6
47660,2868,درب زیارت چشمه,381652,6
47661,2868,روداب وسطی,381653,6
47662,2868,روداب سفلی,381654,6
47663,2868,فاطی مرده,381655,6
47664,2868,سردرکول,381657,6
47665,2868,نلولی,381658,6
47666,2868,گوردراسبی,381660,6
47667,2868,مهاری,381661,6
47668,2868,رشته دو,381662,6
47669,2868,خرمری,381663,6
47670,2868,میزرایگان سفلی,381664,6
47671,2868,شهرزاده ای,381665,6
47672,2868,آب پده,381666,6
47673,2868,مبزرایگان علیا,381667,6
47674,2868,مهروییه,381668,6
47675,2868,ده تنبو,381669,6
47676,2868,درکول,381670,6
47677,2868,پیرکنار,381671,6
47678,2868,ده کاسه کرها,381673,6
47679,2868,ده پشته,381674,6
47680,2868,هادی نمرده,381675,6
47681,2868,اشکن کوه,381676,6
47682,2868,سرتلان,381677,6
47683,2868,موردان,381678,6
47684,2868,سرخکان,381679,6
47685,2868,کنارمیری,381681,6
47686,2868,سرخکهره,381682,6
47687,2868,مکان گرگان,381683,6
47688,2868,هنگران,381684,6
47689,2868,انارستان,381685,6
47690,2868,بندرگاوسین,381686,6
47691,2868,مورچین,381687,6
47692,2868,جوغنی,381688,6
47693,2868,گیو,381689,6
47694,2868,بنه چهار,381690,6
47695,2868,دورودخانه,381691,6
47696,2868,موتورعشایرخلیل توکلی,381692,6
47697,2868,امجدیه پایین,381693,6
47698,2868,موتوربنیادخیریه والفجر,381694,6
47699,2868,مشاع 10گزآباد,381695,6
47700,2868,فتح لنصر/مجتمع کشت وصنعت کمیته امام,381696,6
47701,2868,امجدیه بالا,381697,6
47702,2868,توتان,381698,6
47703,2868,ده گوییه,381699,6
47704,2868,گلوکنده,381700,6
47705,2868,مشاع پنج پشتکوه دوساری,384120,6
47706,2868,مشاع 6پشت کوه دوساری,384121,6
47707,2868,مشاع 7پشت کوه دوساری,384122,6
47708,2868,مشاع 6 گزآباد,384123,6
47709,2868,مشاع 11گزآباد,384124,6
47710,2868,مشاع عشایری مراداحمدی وشرکای,384125,6
47711,2868,ابناز,384126,6
47712,2868,مشاع حسین مشایخی وشرکای(مشاع 8),384674,6
47713,2868,دامنه رود فرق,808769,6
47714,2869,آب سردوییه,094840,6
47715,2869,بوالفتح,094875,6
47716,2869,پتکوه,094878,6
47717,2869,تل سمند,094891,6
47718,2869,توکل آباد,094892,6
47719,2869,جوزنان,094901,6
47720,2869,حاجی آباد,094924,6
47721,2869,حسن آباد,094927,6
47722,2869,حسین آباد,094928,6
47723,2869,خوشکدان کهور,094937,6
47724,2869,دایمک,094938,6
47725,2869,دهنو,094966,6
47726,2869,زاخت,094978,6
47727,2869,زهرایی,094987,6
47728,2869,سگین,095000,6
47729,2869,سمسیلی,095002,6
47730,2869,سوختگان,095005,6
47731,2869,سورو,095006,6
47732,2869,کغارکی,095031,6
47733,2869,کنارستان,095043,6
47734,2869,کوشک مور,095053,6
47735,2869,کویزسفلی,095056,6
47736,2869,کویزعلیا,095057,6
47737,2869,گلوحنا,095076,6
47738,2869,ملک آباد,095109,6
47739,2869,موتوروطن خواه,095121,6
47740,2869,مهدی آباد,095124,6
47741,2869,نوورک,095133,6
47742,2869,سعدآباد,381701,6
47743,2869,بلوکو,381714,6
47744,2869,جاه حیدربال,381718,6
47745,2869,تهرود,381719,6
47746,2869,گزراه,381720,6
47747,2869,گازمحلت,381725,6
47748,2869,مگینه,381727,6
47749,2869,چاهک,381728,6
47750,2869,لولی آباد,384103,6
47751,2869,کاوارو,808123,6
47752,2869,چاه حیدرپایین,808124,6
47753,2870,آبگرم,094842,6
47754,2870,آغین,094844,6
47755,2870,استارم,094846,6
47756,2870,اسفند,094847,6
47757,2870,انجیرک,094856,6
47758,2870,بارمشک,094858,6
47759,2870,باغ دینار,094859,6
47760,2870,بن گلو,094868,6
47761,2870,بن نویزان,094869,6
47762,2870,بندرتورک,094871,6
47763,2870,بندرخضر,094872,6
47764,2870,بندرریز,094873,6
47765,2870,بهبود,094876,6
47766,2870,پده,094879,6
47767,2870,پشت رود,094880,6
47768,2870,تیدران,094894,6
47769,2870,تیغ سیاه,094895,6
47770,2870,تیک پیش,094896,6
47771,2870,چاه گرگ,094915,6
47772,2870,جشمه بنه,094921,6
47773,2870,حاجی آباد,094925,6
47774,2870,درب زیارت,094941,6
47775,2870,درحمزه,094944,6
47776,2870,زمین سیب,094984,6
47777,2870,سرجنگل,094992,6
47778,2870,سنته,095003,6
47779,2870,سنگ حسادی,095004,6
47780,2870,شیرکشی,095020,6
47781,2870,قلعه زنگیان,095029,6
47782,2870,کل آبدوغی,095035,6
47783,2870,کلجک,095037,6
47784,2870,کنارجولاهه,095040,6
47785,2870,کنجیدچار,095047,6
47786,2870,کوشک کلجک,095050,6
47787,2870,کوشک,095052,6
47788,2870,مارگان,095089,6
47789,2870,نرگسان,095130,6
47790,2870,نری بوستان,095131,6
47791,2870,پی دل دل,381735,6
47792,2870,درسروران /رزدران /,381736,6
47793,2870,باب عیسی,381737,6
47794,2870,غلام آباد,381738,6
47795,2870,گزلنگ,381739,6
47796,2870,دره روباه,381740,6
47797,2870,جمودان,381741,6
47798,2870,تنگ معدن,381742,6
47799,2870,هبرو,381743,6
47800,2870,سرسگدان,381744,6
47801,2870,درین,381745,6
47802,2870,بندرذوالفقار,384118,6
47803,2870,لجارآب,384153,6
47804,2870,درم شوکی,384154,6
47805,2870,میان رود,384157,6
47806,2870,طاویق,384586,6
47807,2870,پیدن کوه,384812,6
47808,2870,کنارو,384813,6
47809,2870,بوسه هاگ,808125,6
47810,2870,سوروییه چربزان,808562,6
47811,2870,تنگ شاه,808563,6
47812,2870,گنج آباد بن گلو,808598,6
47813,2870,آب کهورک,808803,6
47814,2870,مزرعه چهارتخته,808808,6
47815,2870,مزرعه کروم,808811,6
47816,2871,اسلام آباد(1),117142,6
47817,2871,بنکرم,117145,6
47818,2871,بورک,117146,6
47819,2871,پتکان,117150,6
47820,2871,تلهز,117154,6
47821,2871,تیاب,117155,6
47822,2871,تیپوزک,117156,6
47823,2871,دراشکوت,117157,6
47824,2871,درانار,117158,6
47825,2871,درداز,117161,6
47826,2871,درمیدان,117164,6
47827,2871,سرزه,117174,6
47828,2871,سرگرو,117175,6
47829,2871,سونگان,117177,6
47830,2871,کبرکین,117179,6
47831,2871,کلاتون,117182,6
47832,2871,کنارسلیمان,117183,6
47833,2871,گل مندان,117188,6
47834,2871,گورفرج,117190,6
47835,2871,گیمرد,117191,6
47836,2871,مغ محمد,117195,6
47837,2871,نودزو,117199,6
47838,2871,آب دمیل,117263,6
47839,2871,باغ شهابی,117274,6
47840,2871,بن هور,117279,6
47841,2871,تاک پهن,117293,6
47842,2871,تیاب/زیارت,117298,6
47843,2871,جگستان,117300,6
47844,2871,جوغنو,117303,6
47845,2871,چاه آموزی,117305,6
47846,2871,چاه حسن,117306,6
47847,2871,چاه حسن علیا/چاه حسن عشایری,117307,6
47848,2871,چاه شور علیا,117311,6
47849,2871,چاه ناصر,117314,6
47850,2871,روستای چغوکی,117316,6
47851,2871,سورگ چرمیل,117318,6
47852,2871,چیل دهنو,117321,6
47853,2871,حسین آباد,117325,6
47854,2871,خسرو آباد,117330,6
47855,2871,درودان,117335,6
47856,2871,اسلام آباد(2),117338,6
47857,2871,ده شهری,117344,6
47858,2871,درگز,117346,6
47859,2871,دهنو,117351,6
47860,2871,دهنه خارگان,117352,6
47861,2871,توحید آباد_رضا آباد,117355,6
47862,2871,ریگ آباد,117359,6
47863,2871,ریگ پرکی,117360,6
47864,2871,ریگ زرریز,117361,6
47865,2871,زنبور آباد,117362,6
47866,2871,زیارت علی,117365,6
47867,2871,سرراس,117367,6
47868,2871,سرکوه,117368,6
47869,2871,سرگود,117375,6
47870,2871,شریک آباد,117385,6
47871,2871,شکرآباد,117387,6
47872,2871,شهلکان,117389,6
47873,2871,طالقان,117390,6
47874,2871,عباس آباد2,117392,6
47875,2871,قادرآباد,117394,6
47876,2871,قاسم آباد,117395,6
47877,2871,قدیرپور,117396,6
47878,2871,ککستان,117411,6
47879,2871,کنارنر,117417,6
47880,2871,کهن داودی,117424,6
47881,2871,کهنک,117426,6
47882,2871,کهورپاری,117428,6
47883,2871,گچکرک,117435,6
47884,2871,جهادآباد,117438,6
47885,2871,گنج آباد,117446,6
47886,2871,کورنگو,117450,6
47887,2871,ماهکی,117460,6
47888,2871,محمدآباد,117462,6
47889,2871,محمدآباد کاووسی,117463,6
47890,2871,موتورابراهیم رییسی,117471,6
47891,2871,موتوراحمدحافظی,117472,6
47892,2871,موتورغلامحسین جداوی,117479,6
47893,2871,موتورغلامرضا آزادی,117480,6
47894,2871,موتورچراغ خودستان,117483,6
47895,2871,موتورحاجی جداوی,117484,6
47896,2871,موتوردادشاه,117490,6
47897,2871,موتوردوشنبه زارعی,117491,6
47898,2871,موتور رجب,117492,6
47899,2871,موتوررضا براندیش,117493,6
47900,2871,موتورشعبان بهمن نژاد,117497,6
47901,2871,موتورشنبه راهی زاده,117501,6
47902,2871,موتورشیرعلی ابراهیمی,117502,6
47903,2871,موتورعبداله شجاعی,117503,6
47904,2871,موتورعلی امیری,117504,6
47905,2871,موتورعلی میرشکاری,117506,6
47906,2871,موتورگل محمدصفرزاده,117509,6
47907,2871,موتورنازی ضرغامی,117513,6
47908,2871,موتورنصری,117515,6
47909,2871,میجان تیاب,117518,6
47910,2871,میرعمری,117519,6
47911,2871,نازی آباد,117520,6
47912,2871,نوهنی,117524,6
47913,2871,یوسف آباد,117526,6
47914,2871,دوک چوپان (اسلام آباد,382835,6
47915,2871,موتورابراهیم سالاری,382836,6
47916,2871,موتورحسن خورستان,382837,6
47917,2871,موتورقنبرمحمودی,382838,6
47918,2871,چاهک,382843,6
47919,2871,موتور دوراندیش,382844,6
47920,2871,بک هو,382845,6
47921,2871,بازگیر,382846,6
47922,2871,بیدان,382847,6
47923,2871,تم زردان,382848,6
47924,2871,قدمگاه مرتضی علی,382874,6
47925,2871,انارو,383764,6
47926,2871,موتورابراهیم حیدری,384023,6
47927,2871,موتورکمیته امدادامام خمینی,384024,6
47928,2871,قدمگاه حضرت امیر ع,384026,6
47929,2871,چرمیل (2),384919,6
47930,2871,سنگ شکن,384920,6
47931,2871,نهضت آباد,385100,6
47932,2871,چاه شورسفلی,808189,6
47933,2871,مهاجرین استیج,808190,6
47934,2871,چاه حسن/دشت عباس/,808191,6
47935,2871,چاه نارنج,808192,6
47936,2871,جنگل آباد,808193,6
47937,2871,جنت آباد,808194,6
47938,2871,چغوکی علیا,808195,6
47939,2871,مراد آباد,808550,6
47940,2871,شهرک امام خمینی,808551,6
47941,2871,حافظ آباد,808710,6
47942,2871,جلال آباد,808711,6
47943,2871,تلمبه عشایری لورگ,808712,6
47944,2871,مهاجران بنه هور,808713,6
47945,2871,پشته برمیان,808714,6
47946,2871,مهاجرین تیاب,808715,6
47947,2871,مهرآباد,808716,6
47948,2871,چاه غلامحسین,808717,6
47949,2871,شاهمردان,808718,6
47950,2871,حاتم آباد,808719,6
47951,2872,آب گل,115921,6
47952,2872,پشت سر,115932,6
47953,2872,چاه حسین,115943,6
47954,2872,سکوکان,115958,6
47955,2872,نیزن,115985,6
47956,2872,استیج,117141,6
47957,2872,بنک,117144,6
47958,2872,تاکلاه,117151,6
47959,2872,تب تو,117152,6
47960,2872,درنارو,117165,6
47961,2872,دورکان پایین,117166,6
47962,2872,سربن,117170,6
47963,2872,کم سفید,117180,6
47964,2872,کرمو,117181,6
47965,2872,گشمیران,117187,6
47966,2872,گیلکی,117189,6
47967,2872,مریچ,117193,6
47968,2872,مسک,117194,6
47969,2872,نورآباد,117200,6
47970,2872,مرز,382849,6
47971,2872,درکزبلوک,382850,6
47972,2872,آب شکر,382851,6
47973,2872,دهندرمیگ,382854,6
47974,2872,پشم برون,382859,6
47975,2872,زمین دعوایی,382860,6
47976,2872,گچیلو,382865,6
47977,2872,نوراله,382871,6
47978,2872,دورکان بالا,382873,6
47979,2872,درچلیتی,382875,6
47980,2872,کهورلوت,382876,6
47981,2872,آبنما,382877,6
47982,2872,بوهجان,385142,6
47983,2872,اسلام آبادگشولگ,385144,6
47984,2873,آبادبی بی,117261,6
47985,2873,تجدانو,117294,6
47986,2873,چاه شاهی,117309,6
47987,2873,روضه ارم,117358,6
47988,2873,ملک آباد,117459,6
47989,2873,موتور احمدنظری,117474,6
47990,2873,موتور تعاونی بخشداری,117477,6
47991,2873,موتور حسین غلام صادقی,117486,6
47992,2873,موتور حسین سهرابی,117488,6
47993,2873,موتور شنبه رمضان,117500,6
47994,2873,موتور علی راستی,117505,6
47995,2873,موتور قنبرسالاری,117507,6
47996,2873,موتور گل محمدعباس صادقی,117508,6
47997,2873,موتور محمدسالاری,117511,6
47998,2873,موتور مهیاصادقی,117512,6
47999,2873,باغ زیبا,382828,6
48000,2873,موتور حسن جداوی,382829,6
48001,2873,وی راک,382830,6
48002,2873,موتور شنبه صادقی,382831,6
48003,2873,موتور موسی یوسف رییسی,382833,6
48004,2873,گدارتخت,385145,6
48005,2873,موتور شنبه اخگریان,385146,6
48006,2873,موتورغلام عزیزی,385147,6
48007,2873,بن گجگ,808196,6
48008,2874,ابراهیم آباد,117267,6
48009,2874,بجگان,117275,6
48010,2874,پاتک بجگان,117283,6
48011,2874,پرکوه,117288,6
48012,2874,تهمان,117297,6
48013,2874,غریب آباد,117299,6
48014,2874,چاه خدا,117308,6
48015,2874,چاه عباس,117312,6
48016,2874,چاه ناصر,117313,6
48017,2874,چاه نر,117315,6
48018,2874,حسین آباد,117324,6
48019,2874,دودهنه ای,117337,6
48020,2874,ده دمیل,117342,6
48021,2874,ده میان,117348,6
48022,2874,زهره ای,117363,6
48023,2874,سگدربالا,117371,6
48024,2874,سمیل آباد,117372,6
48025,2874,سکنان,117376,6
48026,2874,سوپریان,117377,6
48027,2874,شهیدآباد,117379,6
48028,2874,شاه گاورد,117382,6
48029,2874,شاهانیان,117383,6
48030,2874,فولادی,117393,6
48031,2874,کرهودیک,117409,6
48032,2874,کلوتو,117412,6
48033,2874,کنگه,117418,6
48034,2874,کوچنگرو,117420,6
48035,2874,کهنان,117425,6
48036,2874,کیگین,117431,6
48037,2874,کینان,117432,6
48038,2874,گیتجکان,117434,6
48039,2874,گرویان,117436,6
48040,2874,گدارکر,117437,6
48041,2874,کرماهی,117439,6
48042,2874,گمبرو,117445,6
48043,2874,گودو,117448,6
48044,2874,گورنگ,117449,6
48045,2874,کهمویی,117451,6
48046,2874,گیرکن,117453,6
48047,2874,محمدیان,117464,6
48048,2874,سیلکی,383289,6
48049,2874,ده مهدو,383290,6
48050,2874,دهنه بن جاری,383303,6
48051,2874,کسورنقصان,383304,6
48052,2874,خراوی,808170,6
48053,2874,بیدان,808171,6
48054,2874,پشت کم,808172,6
48055,2874,پیلوری,808173,6
48056,2874,سرگردنه,808174,6
48057,2874,سندی بالا,808175,6
48058,2874,کرگان,808176,6
48059,2874,گدارکرک,808177,6
48060,2874,روستای ابوالفضل بن مغ,808178,6
48061,2874,پاگدار,808722,6
48062,2874,عباس آباد,808723,6
48063,2874,کوهپایه,808724,6
48064,2874,میان ده,808725,6
48065,2874,شهرک امام حسین بجگان,808727,6
48066,2875,استخرانبه,117268,6
48067,2875,آسمینون,117269,6
48068,2875,پاسفید پاسفیدان,117286,6
48069,2875,پاکلاتان,117287,6
48070,2875,جمع زرو,117302,6
48071,2875,حاجی چی,117322,6
48072,2875,حرربندو,117327,6
48073,2875,حوروییه,117328,6
48074,2875,دراشکوه,117331,6
48075,2875,دهنه ناییز,117353,6
48076,2875,دهنه نودژ,117354,6
48077,2875,روباهان,117356,6
48078,2875,سربجگان,117366,6
48079,2875,سهرابی,117378,6
48080,2875,شاه برهان,117381,6
48081,2875,کازوکی,117402,6
48082,2875,کمنیگاه,117415,6
48083,2875,کوچندر,117419,6
48084,2875,لاریان,117454,6
48085,2875,نودژ,117523,6
48086,2875,موتورحسین سالاری,383299,6
48087,2875,موتورپیردادخودستان,383300,6
48088,2875,گزان /گندان /,383301,6
48089,2875,پلیس راه,383302,6
48090,2875,روستای هوروییه,808180,6
48091,2875,مجتمع پالایشگاه فروکرم,808181,6
48092,2875,بردیالان,808182,6
48093,2875,ده حجر,808183,6
48094,2875,خالق آباد,808552,6
48095,2875,موتوریارالهی,808589,6
48096,2875,سالارآباد,808721,6
48097,2875,شهرک لاریان,808726,6
48098,2876,باغ پونه,101986,6
48099,2876,باب ذکور,101987,6
48100,2876,چهارچمزو,102038,6
48101,2876,ده یزدی ها,102122,6
48102,2876,حسین آباد1,103695,6
48103,2876,آب نهرو بالا,103775,6
48104,2876,آب نهرو پایین,103776,6
48105,2876,باب بلوچی,103779,6
48106,2876,درسادگی,103780,6
48107,2876,بیدخواجه,103782,6
48108,2876,چشمه پودنه ای,103783,6
48109,2876,چشمه قلقلی,103784,6
48110,2876,حجت آباد,103785,6
48111,2876,خانمکان /جنت مکان /,103789,6
48112,2876,درآب,103790,6
48113,2876,درچاه,103792,6
48114,2876,درزرد,103793,6
48115,2876,در زردآلو,103794,6
48116,2876,درزنگلان,103795,6
48117,2876,ده کرو,103796,6
48118,2876,درگاوان,103797,6
48119,2876,ده احمدحاجی,103798,6
48120,2876,ده آقاخان,103799,6
48121,2876,دهنوبالا,103800,6
48122,2876,رشک سفلی,103801,6
48123,2876,رودشور,103804,6
48124,2876,سبتک,103805,6
48125,2876,سفیدار,103807,6
48126,2876,عباس آباد1,103813,6
48127,2876,عباس آباد2,103814,6
48128,2876,باغ قدرت آباد,103815,6
48129,2876,کریم آباد,103816,6
48130,2876,گزگونو,103817,6
48131,2876,گمسار,103818,6
48132,2876,معدن گچ,103820,6
48133,2876,نجف آباد,103821,6
48134,2876,هزارگز,103822,6
48135,2876,همت آباد,103823,6
48136,2876,درسنجدو,382204,6
48137,2876,دونگر,382205,6
48138,2876,گودشیرو,382206,6
48139,2876,لک شور,382225,6
48140,2876,معدن ماسه شویی,382226,6
48141,2876,درپورسین,382228,6
48142,2876,معدن هشونی,382229,6
48143,2876,ده سیوبالا,382230,6
48144,2876,ده سیوپایین,382231,6
48145,2876,رومور,382232,6
48146,2876,مزرعه حسین مظلوم,382233,6
48147,2876,هشونی بالا,382234,6
48148,2876,هشونی پایین,382235,6
48149,2876,پابدانا بالا,382236,6
48150,2876,پابدانا پایین,382237,6
48151,2876,ده حسین,382238,6
48152,2876,حسین آبادبالا/عیسی آباد,383690,6
48153,2876,چمایی,385018,6
48154,2876,در هفت کوه,385022,6
48155,2876,آب لیشو,385023,6
48156,2876,چشمه بالو,808017,6
48157,2876,باب خوبان,808024,6
48158,2876,معدن زغالسنگ,808025,6
48159,2876,حوض خانه پنج,808682,6
48160,2876,تلمبه پویندگان جاوید,808683,6
48161,2877,درآب شکان,101964,6
48162,2877,آبکریک,101965,6
48163,2877,ده احمدآباد,101967,6
48164,2877,استاج,101969,6
48165,2877,افزاد,101980,6
48166,2877,امیرآباد,101985,6
48167,2877,باب گسک,101990,6
48168,2877,باب نزوان,101991,6
48169,2877,باغ پهن,101992,6
48170,2877,هورکی,101993,6
48171,2877,باغ درولی,101994,6
48172,2877,باغ سیاه,101995,6
48173,2877,باغ فکری,101996,6
48174,2877,بن در,102001,6
48175,2877,بیدبر,102009,6
48176,2877,پاچینو/پاچینه /,102013,6
48177,2877,پوزه لخر,102018,6
48178,2877,تره چی,102021,6
48179,2877,تیتوبالا,102023,6
48180,2877,گور,102035,6
48181,2877,چشمه ده کرنگ,102042,6
48182,2877,چشمه محمدی,102043,6
48183,2877,حسین آباد4,102059,6
48184,2877,درآب,102071,6
48185,2877,درتیتو,102072,6
48186,2877,درجوزی,102074,6
48187,2877,درچنار,102075,6
48188,2877,درمورین2,102080,6
48189,2877,درب هود/باب حوض,102083,6
48190,2877,دریاسو,102084,6
48191,2877,دولت آباد,102086,6
48192,2877,ده آقا رضا,102087,6
48193,2877,ده بابا,102088,6
48194,2877,ده بالا,102090,6
48195,2877,ده تقی,102092,6
48196,2877,ده جوری,102094,6
48197,2877,بستان,102095,6
48198,2877,ده حاجی جبار,102096,6
48199,2877,ده سیدها,102099,6
48200,2877,ده شورسفلی,102103,6
48201,2877,ده کرنگ,102108,6
48202,2877,دهنوخان,102125,6
48203,2877,دهنو دودر,102129,6
48204,2877,رحمت آباد,102132,6
48205,2877,رشیدآباد,102134,6
48206,2877,در زردو,102138,6
48207,2877,زندگانی,102139,6
48208,2877,زه گاوگیتری,102141,6
48209,2877,ساوند,102144,6
48210,2877,سلطان آباد,102150,6
48211,2877,شورک سفلی,102160,6
48212,2877,شورک علیا,102161,6
48213,2877,شورک وسطی,102162,6
48214,2877,شهرآباد,102164,6
48215,2877,شیخ,102166,6
48216,2877,عباس آباد,102167,6
48217,2877,فردوسیه,102179,6
48218,2877,کاروانگاه,102183,6
48219,2877,کتی شور,102186,6
48220,2877,کموتر,102193,6
48221,2877,کموخشک,102194,6
48222,2877,گازکهن,102199,6
48223,2877,گردوکج,102202,6
48224,2877,گزمان,102206,6
48225,2877,گیجیگان,102208,6
48226,2877,گندآب,102209,6
48227,2877,گود تمورو,102212,6
48228,2877,گودشور,102214,6
48229,2877,گیتری,102216,6
48230,2877,مزرعه باقرآباد,102220,6
48231,2877,مزرعه ده غفار,102221,6
48232,2877,معدن همکار,102227,6
48233,2877,مقیم آباد,102228,6
48234,2877,مهدی آباد,102234,6
48235,2877,نجگوییه,102236,6
48236,2877,واسط,102239,6
48237,2877,هادی آباد,102240,6
48238,2877,همکار,102243,6
48239,2877,ده شور آخوند,382276,6
48240,2877,مرغداری قنبرتقی زاده,382287,6
48241,2877,ندیدگان,382290,6
48242,2877,حسن آباد,382291,6
48243,2877,مزرعه ماتلی,382293,6
48244,2877,کانال,382294,6
48245,2877,ده قطبی,382297,6
48246,2877,دهنو قلندر,382298,6
48247,2877,تیتو پایین,382300,6
48248,2877,حسین آباد2,383695,6
48249,2877,همت آبادغیاثی,383717,6
48250,2877,حجت آباد,383757,6
48251,2877,شریف آبادغیاثی و سیدعباس توکلی,384351,6
48252,2877,درمورین 3,384635,6
48253,2877,پاسگاه شهید صدرالدین,385015,6
48254,2877,ده سالار,385016,6
48255,2877,ده عباس آذر آیین,385017,6
48256,2877,درزگون,808005,6
48257,2877,محمدآباد/ده علی نوری,808006,6
48258,2877,ده علی,808007,6
48259,2877,زمین های سد,808008,6
48260,2877,چاه رمضان,808009,6
48261,2877,پشت دام استاج,808010,6
48262,2877,کلک سنجدوییه,808011,6
48263,2877,لک میشان,808012,6
48264,2877,چشمه سرد,808013,6
48265,2877,سلماب,808014,6
48266,2877,باب زنگوییه کوچک,808015,6
48267,2877,باب زنگوییه بزرگ,808016,6
48268,2877,چاه بنه,808018,6
48269,2877,چاه ابراهیمی,808019,6
48270,2877,چاه فکری,808020,6
48271,2877,ده شیخ,808021,6
48272,2877,ده خواجه,808558,6
48273,2877,زعفرانیه,808681,6
48274,2878,اسکابوییه,101973,6
48275,2878,اسماعیل آباد,101974,6
48276,2878,بیدان خواجه,102008,6
48277,2878,جرجرو,102028,6
48278,2878,چشمه خیری,102041,6
48279,2878,حسین آباد1,102054,6
48280,2878,حسین آباد2,102055,6
48281,2878,خرم آباد,102064,6
48282,2878,دارستان,102069,6
48283,2878,درآب,102070,6
48284,2878,درخم,102076,6
48285,2878,درندیو,102081,6
48286,2878,درنکوییه,102082,6
48287,2878,ده بالا,102089,6
48288,2878,ده شیب,102104,6
48289,2878,ده عبدالرحیم,102105,6
48290,2878,ده کنار,102109,6
48291,2878,ده میان,102116,6
48292,2878,ده نوروز,102119,6
48293,2878,دهنوحاجی آباد,102124,6
48294,2878,دهنو ده علی,102126,6
48295,2878,دهنوکهن,102127,6
48296,2878,رتک,102130,6
48297,2878,رحمت آباد,102133,6
48298,2878,زنگی آباد,102140,6
48299,2878,سبلوییه,102145,6
48300,2878,سبلا,102146,6
48301,2878,درب پسندو,102154,6
48302,2878,سیدباقر,102155,6
48303,2878,شکرآباد,102158,6
48304,2878,شوروییه,102163,6
48305,2878,فتح آباد,102178,6
48306,2878,فیدکوییه,102180,6
48307,2878,قریه علی,102182,6
48308,2878,کهن,102196,6
48309,2878,گازروییه,102198,6
48310,2878,گراکوییه,102200,6
48311,2878,گزدون,102205,6
48312,2878,مگسو,102229,6
48313,2878,مهدی آباد,102235,6
48314,2878,نظام آباد,102238,6
48315,2878,یزدان آباد,102245,6
48316,2878,یوسف آباد,102246,6
48317,2878,گزدر,382270,6
48318,2878,فکرآباد,382271,6
48319,2878,ده عباس مصیب,382272,6
48320,2878,مرغداری شکرآباد,382273,6
48321,2878,چشمه غلام,382274,6
48322,2878,تکنو,382275,6
48323,2878,هندگو,382304,6
48324,2878,عبدل آباد,383693,6
48325,2878,مزرعه کوه قلعه,384368,6
48326,2878,شرکت دامپروری مکا,384766,6
48327,2878,حسن آباد,808026,6
48328,2878,شهرآباد,808027,6
48329,2878,منصورآباد,808028,6
48330,2878,مهدی آباد مرتضایی,808029,6
48331,2878,ساردوییه,808030,6
48332,2879,آب سگون,115310,6
48333,2879,آب سردوییه,115311,6
48334,2879,اله آباد,115313,6
48335,2879,امیرآباد,115314,6
48336,2879,بهادرآباد,115317,6
48337,2879,بهرام آباد,115318,6
48338,2879,پورکی,115321,6
48339,2879,تاج آباد خانم,115322,6
48340,2879,تاج محل,115324,6
48341,2879,توکل آباد,115327,6
48342,2879,تومیری,115328,6
48343,2879,چاه طاهر,115339,6
48344,2879,حیدرآباد,115346,6
48345,2879,دلمشان,115349,6
48346,2879,رضا آباد,115354,6
48347,2879,سرجنگل,115359,6
48348,2879,سولوییه,115364,6
48349,2879,عبداله آباد,115373,6
48350,2879,علی آباد سفلی,115375,6
48351,2879,علی آباد علیا,115376,6
48352,2879,قلعه کنتک,115378,6
48353,2879,کهن غلام,115384,6
48354,2879,کهن چراغ,115385,6
48355,2879,ابوذریه,115386,6
48356,2879,لچ آباد,115390,6
48357,2879,مختارآباد,115393,6
48358,2879,مشاع 2رضا آباد,115400,6
48359,2879,مشاع 3رضا آباد,115401,6
48360,2879,مشاع 4رضا آباد,115403,6
48361,2879,کوجک,383084,6
48362,2879,مشاع 1رضا آباد,383086,6
48363,2879,موتورعشایری 1علی آباد,383087,6
48364,2879,سرخ گزی,383088,6
48365,2879,موتورعشایری 2علی آباد,383090,6
48366,2879,فیروزآباد,384050,6
48367,2879,قاسم آباد (تاج آباد),384679,6
48368,2879,روستای مستضعفان,808086,6
48369,2879,تاج آباد خانم,808087,6
48370,2879,شهرک جدید علی آباد,808610,6
48371,2879,دهدشت آبسگو,808612,6
48372,2879,عشایر طیاری,808615,6
48373,2879,کهن چراغ نعیمی,808623,6
48374,2879,توکل آباد,808703,6
48375,2880,بیژن آباد1,115319,6
48376,2880,جمال آباد,115330,6
48377,2880,چاه دادعلی شماره یک,115335,6
48378,2880,خیرآباد,115347,6
48379,2880,دشت مهران,115348,6
48380,2880,رستم آباد,115352,6
48381,2880,ریگ آباد,115356,6
48382,2880,سعیدآباد,115361,6
48383,2880,شه بابا,115368,6
48384,2880,طراده,115369,6
48385,2880,عباس آبادکروغی,115371,6
48386,2880,کفتاری,115380,6
48387,2880,کل کرمی,115381,6
48388,2880,مجتمع چاه ملا,115391,6
48389,2880,مظفرآباد,115406,6
48390,2880,مهن آباد,115431,6
48391,2880,روستای سلمانیه,383091,6
48392,2880,بیژن آباد2,383096,6
48393,2880,سیاه کهور,808088,6
48394,2880,مجموعه موتورهای عشایر مختار آباد,808611,6
48395,2880,هزار کهور,808613,6
48396,2880,بندوک,808614,6
48397,2880,سعید آباد زبر دست,808620,6
48398,2880,سعید آباد مکثایی,808621,6
48399,2880,بیژن آباد قربانی,808622,6
48400,2880,قلعه اسلام آباد,808646,6
48401,2880,گل شهر امام رضا,808647,6
48402,2881,آب حیات,115309,6
48403,2881,امین آباد,115315,6
48404,2881,بحرین,115316,6
48405,2881,جدول نو,115329,6
48406,2881,جمولی,115331,6
48407,2881,جیکلاکشته,115332,6
48408,2881,چاه احمد,115333,6
48409,2881,چاه شور,115337,6
48410,2881,چاه شولیان,115338,6
48411,2881,چاه فلاح پور,115340,6
48412,2881,حسین آباد یاراحمدی,115345,6
48413,2881,دران آباد,115350,6
48414,2881,رضوانیه,115355,6
48415,2881,سردی شاه آباد,115360,6
48416,2881,سورگان علیا,115363,6
48417,2881,شاه آباد/نهضت آباد,115365,6
48418,2881,شریک آباد,115366,6
48419,2881,عزیزآباد,115374,6
48420,2881,قادر آباد,115377,6
48421,2881,قلعه یار احمدی,115379,6
48422,2881,کولگان,115383,6
48423,2881,گراز آباد,115387,6
48424,2881,گرکاب,115388,6
48425,2881,مراد آباد1,115394,6
48426,2881,چراغ ریگی نژاد,115413,6
48427,2881,ناصر آباد,115415,6
48428,2881,موتور شماره1 شاه آباد,115418,6
48429,2881,موتورشماره 2شاه آباد,115419,6
48430,2881,عباس آباد یاراحمدی,115420,6
48431,2881,موتورشه مرادسهرابی,115421,6
48432,2881,موتور مختار بنی اسدی,115428,6
48433,2881,هیرشاه آباد,115436,6
48434,2881,هیرگلو,115437,6
48435,2881,مجتمع کشت وصنعت آب حیات,383099,6
48436,2881,موتور دل مرادبنی اسدی,383100,6
48437,2881,موتور محمدبنی اسدی,383101,6
48438,2881,موتور توکل بنی اسدی,383102,6
48439,2881,گزسردی شاه آباد,383103,6
48440,2881,نهضت آباد خاوری,383632,6
48441,2881,موتورمحمد آباد,384049,6
48442,2881,چاه علی,384052,6
48443,2881,طراده,384574,6
48444,2881,حجت آبادسردی,808092,6
48445,2881,دوگاری,808644,6
48446,2881,چاه علی سردی,808645,6
48447,2881,مزرعه شمس آباد,808806,6
48448,2881,مزرعه مستقل چکل موسی,808809,6
48449,2881,موتور مختار آباد,808810,6
48450,2881,مزرعه مستقل عباس آباد گرگندی,808816,6
48451,2881,مزرعه محمد آباد کریمی,808819,6
48452,2882,چاه بلوچ,115334,6
48453,2882,حاجی آباد,115343,6
48454,2882,حسین آباد مرادخان,115344,6
48455,2882,ده نو یاراحمدی,115351,6
48456,2882,ریگ آباد,115357,6
48457,2882,سورگان سفلی,115362,6
48458,2882,شمس گز,115367,6
48459,2882,عباس آباد ملارضا,115372,6
48460,2882,محمدآباد دوزیارتی,115392,6
48461,2882,مراد آباد2,115395,6
48462,2882,مسخره,115396,6
48463,2882,مشاع میری خانی,115399,6
48464,2882,من دوست کشته,115407,6
48465,2882,میان ده,115432,6
48466,2882,میریخانی1,115433,6
48467,2882,طرح احرار عباس آباد ملارضا,384915,6
48468,2882,میری صبوری2,808089,6
48469,2882,میریخانی2,808090,6
48470,2882,شمس گز2,808091,6
48471,2882,گز آباد,808535,6
48472,2882,مزرعه مستقل کلنگ,808812,6
48473,2883,اسلام آباد,115733,6
48474,2883,باغک,115736,6
48475,2883,چاه بنان وسط,115755,6
48476,2883,چاه بهمن,115756,6
48477,2883,چاه غلامحسین,115757,6
48478,2883,چاه حسینعلی,115758,6
48479,2883,چاه رضا,115761,6
48480,2883,چاه زردان,115763,6
48481,2883,چاه شورکی,115766,6
48482,2883,چاه عبدالنبی,115767,6
48483,2883,چاه علی,115768,6
48484,2883,چاه مهرعلی,115770,6
48485,2883,چاه نوروز,115772,6
48486,2883,چیل کنار,115775,6
48487,2883,زهان,115791,6
48488,2883,زیارت پیر کرکان,115792,6
48489,2883,سلمانیه,115797,6
48490,2883,صولان,115803,6
48491,2883,کلات مالک,115806,6
48492,2883,مزرعه شهیدبهشتی,115822,6
48493,2883,چاه جمی,115942,6
48494,2883,چاه دادک,115944,6
48495,2883,درگزی,115948,6
48496,2883,چاه ال مدین,382939,6
48497,2883,بن چاه,382940,6
48498,2883,جهاد آباد,382941,6
48499,2883,سنجوک,384485,6
48500,2883,شمس آباد,384486,6
48501,2883,کلپوره ای,384487,6
48502,2883,گرکمین,384488,6
48503,2883,مستضعفان,808034,6
48504,2883,روستای چادرنشین آورتین,808035,6
48505,2883,زاد آباد,808036,6
48506,2883,جنگلی,808037,6
48507,2883,توریگ(1),808515,6
48508,2883,توریگ(2),808516,6
48509,2883,توریگ(3),808517,6
48510,2883,چهار تایی,808518,6
48511,2883,سورو,808519,6
48512,2883,گزکان,808520,6
48513,2883,کل جاک,808521,6
48514,2883,سرداز,808522,6
48515,2883,پشت شک,808523,6
48516,2883,دازوک,808524,6
48517,2883,مندوستی,808525,6
48518,2883,پاکلات,808526,6
48519,2883,داوران,808527,6
48520,2883,زگشک,808528,6
48521,2883,چاه گمشاد,808529,6
48522,2883,صولان علیا / احشام شهباز,808588,6
48523,2883,اصغرآباد,808685,6
48524,2883,دشت امام,808756,6
48525,2883,گلدشت,808757,6
48526,2884,اسلام آباد سرمیدان,115601,6
48527,2884,اشکوتو,115602,6
48528,2884,انارک,115603,6
48529,2884,بن سور,115605,6
48530,2884,بن گدار,115606,6
48531,2884,پوچین کی,115607,6
48532,2884,پیلوم,115610,6
48533,2884,تایکان,115611,6
48534,2884,تنگ شمسون,115612,6
48535,2884,توتکان,115613,6
48536,2884,جگان,115614,6
48537,2884,جگونو,115615,6
48538,2884,جنگجا,115616,6
48539,2884,چاهان,115617,6
48540,2884,چاهک,115618,6
48541,2884,حور,115619,6
48542,2884,خروس اوند,115620,6
48543,2884,دادی مرده,115621,6
48544,2884,درخوا,115622,6
48545,2884,درزه,115623,6
48546,2884,دگس,115624,6
48547,2884,ده بالا,115626,6
48548,2884,ده تنگ,115627,6
48549,2884,ده غلامعلی,115628,6
48550,2884,ده دران,115629,6
48551,2884,ده کولک,115630,6
48552,2884,راسک,115631,6
48553,2884,زیارت,115633,6
48554,2884,زیرآباد زیرآب,115634,6
48555,2884,سوردر,115637,6
48556,2884,سورگاه,115638,6
48557,2884,سورگی,115639,6
48558,2884,شهرحیدر,115641,6
48559,2884,شهری,115642,6
48560,2884,کریم درک,115643,6
48561,2884,کله گان,115645,6
48562,2884,کلابشک,115646,6
48563,2884,کنارجمال,115647,6
48564,2884,کنارگاوان,115648,6
48565,2884,کنگرو,115649,6
48566,2884,کهن نوروز,115651,6
48567,2884,کهنک,115652,6
48568,2884,گارو,115653,6
48569,2884,گری چربان,115655,6
48570,2884,گزماهو,115656,6
48571,2884,کوچ ماری,115657,6
48572,2884,گورانار,115658,6
48573,2884,گوهنچان,115659,6
48574,2884,گیاهان,115660,6
48575,2884,لدو,115661,6
48576,2884,ناگ,115663,6
48577,2884,هلنجی,115664,6
48578,2884,کرکک,382912,6
48579,2884,زمین محمد,382913,6
48580,2884,کلاتکان,382914,6
48581,2884,برجک,382915,6
48582,2884,مچون,382916,6
48583,2884,دازولین,382918,6
48584,2884,اسلام آباد کهن چنگر,382919,6
48585,2884,گراش,382920,6
48586,2884,پتگان,382921,6
48587,2884,کهوران برزی,382922,6
48588,2884,آبگک,382923,6
48589,2884,تم جنگی,382924,6
48590,2884,گورچی,382925,6
48591,2884,مگاه,382928,6
48592,2884,پرجو,382929,6
48593,2884,گنج کنار,382930,6
48594,2884,دست پی حاجی,382931,6
48595,2884,بن گردان,382932,6
48596,2884,اسلام آباد,382933,6
48597,2884,حسین آباد,382934,6
48598,2884,کهن صفر,382935,6
48599,2884,سهرانی,382936,6
48600,2884,گاوبندان,382937,6
48601,2884,پیزکی,382938,6
48602,2885,ارکرن,115922,6
48603,2885,آورتین,115925,6
48604,2885,بردیال,115926,6
48605,2885,بنگرو,115930,6
48606,2885,بنگرون,115931,6
48607,2885,پیچ گرد,115933,6
48608,2885,تخت شاهوک,115934,6
48609,2885,توهمون جمال,115935,6
48610,2885,جتو,115936,6
48611,2885,جنوک,115939,6
48612,2885,چاه کر,115941,6
48613,2885,چگان,115945,6
48614,2885,دردریچه,115946,6
48615,2885,درکلات,115947,6
48616,2885,دوشن,115950,6
48617,2885,دهن دران,115951,6
48618,2885,رایین قلعه,115952,6
48619,2885,رن,115953,6
48620,2885,زحمت آباد,115954,6
48621,2885,سره کک,115957,6
48622,2885,سنسل چهار,115961,6
48623,2885,سیک,115962,6
48624,2885,شه کهان,115963,6
48625,2885,شیب کوه,115964,6
48626,2885,کاردونک,115965,6
48627,2885,کرچکان,115966,6
48628,2885,کرن,115967,6
48629,2885,کلاهون بالا,115968,6
48630,2885,کلاهون پایین,115969,6
48631,2885,کندازو,115970,6
48632,2885,کنکل,115971,6
48633,2885,کهنان,115972,6
48634,2885,گروکاردون,115975,6
48635,2885,گورکن,115979,6
48636,2885,مردووار,115981,6
48637,2885,میسکن,115982,6
48638,2885,ناهوگان,115983,6
48639,2885,نمگاز,115984,6
48640,2885,واگلوگیاران,115986,6
48641,2885,گاچن,382880,6
48642,2885,سرکلگ,382881,6
48643,2885,ماه مانک,382884,6
48644,2885,محبان,382885,6
48645,2885,گلامان,382886,6
48646,2885,گورکی,382888,6
48647,2885,سرن,382890,6
48648,2885,پشت گرو,382891,6
48649,2885,گنج آباد,382892,6
48650,2885,گوچگ,382893,6
48651,2885,گروز,382895,6
48652,2885,کنارگرد,382897,6
48653,2885,بن تم,382898,6
48654,2885,بندمحمود,382903,6
48655,2885,یوخوشین,382905,6
48656,2885,ده اسلام,382906,6
48657,2885,ته گک,382907,6
48658,2885,کهورعباس,382908,6
48659,2885,کلابوسی,384022,6
48660,2885,اشکی سنگی,384489,6
48661,2885,بن زرد,384490,6
48662,2885,بن کن,384491,6
48663,2885,بندگرگی,384492,6
48664,2885,گیران,384499,6
48665,2885,تنگ کلان,808513,6
48666,2885,پی مجان,808514,6
48667,2886,احمدآباد,115731,6
48668,2886,اسفیدکوه,115732,6
48669,2886,پاگدارو,115742,6
48670,2886,پامیخ,115743,6
48671,2886,پیشیزان,115744,6
48672,2886,تم گران,115750,6
48673,2886,جم شاهی,115752,6
48674,2886,چاه شاهی,115762,6
48675,2886,چاه زهید,115764,6
48676,2886,چاه لک,115769,6
48677,2886,دربالی,115781,6
48678,2886,درجنان,115783,6
48679,2886,دستجردسفلی,115784,6
48680,2886,دستجردعلیا,115785,6
48681,2886,سرخ دره,115794,6
48682,2886,شکری,115799,6
48683,2886,شمس آباد,115802,6
48684,2886,کشیت,115807,6
48685,2886,کلاتو,115809,6
48686,2886,ناصر آباد,115825,6
48687,2886,چاه نوروز,115828,6
48688,2886,تنب قنبری,115829,6
48689,2886,سورگ آباد,115833,6
48690,2886,گزهک,115978,6
48691,2886,دهندر,117168,6
48692,2886,سرخشک,117173,6
48693,2886,چاه عید,382942,6
48694,2886,درا,382943,6
48695,2886,چاه زنگی,382944,6
48696,2886,مراد آباد,382945,6
48697,2886,پلنگی,382946,6
48698,2886,خیر آبادعلیا,382949,6
48699,2886,خیرآباد سفلی,382950,6
48700,2886,حاجی آباد,382951,6
48701,2886,چراغ آباد,382955,6
48702,2886,رستم آباد,384028,6
48703,2886,جنگل آباد,384029,6
48704,2886,چاه میرزا,808040,6
48705,2886,رودباهی,808041,6
48706,2886,شرکت تولیدآجر هوفمان هومن,808042,6
48707,2886,چاه باغ,808044,6
48708,2886,نورودبار,808188,6
48709,2886,شهید رضا چاه نصیری,808541,6
48710,2886,میان شهر,808544,6
48711,2886,عباس آباد,808545,6
48712,2886,شهید داد محمد خواستگاری,808648,6
48713,2886,اکبر آباد,808743,6
48714,2886,مزرعه تم حسنی,808820,6
48715,2887,بلبل آباد,115739,6
48716,2887,بنی تراتم,115741,6
48717,2887,تاریک ماه,115746,6
48718,2887,شمزان جهادیه,115754,6
48719,2887,چاه دراز,115760,6
48720,2887,چاه سنگی,115765,6
48721,2887,حاجی آباد پایابی,115776,6
48722,2887,درآشوب,115780,6
48723,2887,دربکا,115782,6
48724,2887,دولاب,115786,6
48725,2887,شمزون چاه باغ,115800,6
48726,2887,گورکورش,115818,6
48727,2887,چاه صادق,382953,6
48728,2887,ملاعباسی,382954,6
48729,2887,شمزان هییت,808043,6
48730,2887,امیرآباد,808684,6
48731,2887,امیر آباد,808752,6
48732,2887,اکبر آباد کشاورز,808753,6
48733,2888,آهوگان,115735,6
48734,2888,حسین آباد,115779,6
48735,2888,سرخ قلعه,115795,6
48736,2888,شریک آباد,115798,6
48737,2888,کلاتک,115808,6
48738,2888,گلو,115816,6
48739,2888,برگ ماهی,116560,6
48740,2888,روستای پلگی,116597,6
48741,2888,ریگ بهرام,116653,6
48742,2888,سرکوه,116668,6
48743,2888,شومهری,116689,6
48744,2888,شیب زردی,116691,6
48745,2888,گنج آباد2,116730,6
48746,2888,گنج آباد1,116731,6
48747,2888,تلمبه حسین نصره وشرکاء,116768,6
48748,2888,امیرالمومنین,116792,6
48749,2888,تلمبه ریگ چمران,116799,6
48750,2888,وکیل آباد,116815,6
48751,2888,چاه سیاهی,116819,6
48752,2888,چاهک,116820,6
48753,2888,شنردر,383106,6
48754,2888,گلمند,383107,6
48755,2888,سورگ آباد,383113,6
48756,2888,درپتکان,383118,6
48757,2888,قاضگی,383119,6
48758,2888,رزدوکی,383630,6
48759,2888,وکیل آباد,384572,6
48760,2888,چاه مازگی,808039,6
48761,2888,ریگ سلیمی,808225,6
48762,2888,زیارت بچه,808226,6
48763,2888,قلعه دختر,808530,6
48764,2888,درک آباد,808537,6
48765,2888,سوراک,808539,6
48766,2888,دشت گنج آباد عشایر علیدادی,808540,6
48767,2888,روستای کرمت,808542,6
48768,2888,شهرک صدوقی,808543,6
48769,2888,مسجد فاطمه زهرا_هزار شاه,808652,6
48770,2888,ترک آباد,808746,6
48771,2888,بندوک اسلام آباد,808748,6
48772,2888,آهوان سفلی,808749,6
48773,2888,آهوان دادعباس,808750,6
48774,2888,مزرعه فیض آباد,808815,6
48775,2889,برجک حسن,115737,6
48776,2889,برجک سیف اله,115738,6
48777,2889,بندبری,115740,6
48778,2889,پیرحاجی,115745,6
48779,2889,تم بت بالا,115747,6
48780,2889,تم بت پایین,115748,6
48781,2889,تم سرخ,115749,6
48782,2889,چاه نصیر,115771,6
48783,2889,چهل منی,115773,6
48784,2889,ده گود,115787,6
48785,2889,دهنو حاج علی محمد,115788,6
48786,2889,ریگ متین,115789,6
48787,2889,سلطان آباد,115796,6
48788,2889,شمس آباد,115801,6
48789,2889,عباس آباد,115804,6
48790,2889,کهوردراز,115813,6
48791,2889,گجگ,115814,6
48792,2889,شهیدآباد,115820,6
48793,2889,مسندان,115823,6
48794,2889,میان جو احمدآباد,115824,6
48795,2889,خرگوشکی,383105,6
48796,2889,ریگ نباتک,808531,6
48797,2889,تامر,808532,6
48798,2889,شهرک صاحب الزمان,808533,6
48799,2889,چاه چملی,808534,6
48800,2889,کنارک بندبری,808536,6
48801,2889,ولیعصر,808754,6
48802,2889,مزرعه نصیر آباد,808814,6
48803,2890,تلمبه ابراهیم آباد,093631,6
48804,2890,بمبویان,093638,6
48805,2890,تلمبه عشایری ده گود,093647,6
48806,2890,گزان خواست,093652,6
48807,2890,جهان آباد,093655,6
48808,2890,حسین آباد شهکل,093665,6
48809,2890,حیدرآباد,093671,6
48810,2890,خالق آباد,093672,6
48811,2890,سنگ آباد,093689,6
48812,2890,شریک آباد,093691,6
48813,2890,شوق آباد,093694,6
48814,2890,فلفل آباد,093707,6
48815,2890,محمدآباد سرحدی,093720,6
48816,2890,میرآباد ریگان,093731,6
48817,2890,تلمبه مهدی آباد,380934,6
48818,2890,تلمبه قدس,380935,6
48819,2890,تلمبه هجرت 2,380936,6
48820,2890,تلمبه حیدرآباد,380937,6
48821,2890,تلمبه هجرت 1,380938,6
48822,2890,تلمبه پیروزی شماره2,380943,6
48823,2890,تلمبه هجرت3,383896,6
48824,2890,عباس آباد,383904,6
48825,2890,عباس آباد جهان آباد,808675,6
48826,2890,عظیم الدین ده میان,808776,6
48827,2891,ابراهیم آباد جدید_ پشت ریگ,093633,6
48828,2891,تاج آباد,093643,6
48829,2891,توکل آباد2,093649,6
48830,2891,تهرود,093650,6
48831,2891,جهان آباد ده نظر,093657,6
48832,2891,حسین آباد سرهنگ,093664,6
48833,2891,حسین آباد لات آباد,093666,6
48834,2891,حسین آباد ولی محمد,093668,6
48835,2891,حشرآباد,093669,6
48836,2891,ده شهدوست,093676,6
48837,2891,ده شهیک,093677,6
48838,2891,شیرآباد,093696,6
48839,2891,علی آباد پشت ریگ,093703,6
48840,2891,محمدآباد اصغرخان,093715,6
48841,2891,ملک آباد,093722,6
48842,2891,میرآباد چاهدگان,093730,6
48843,2891,کریم آباد پشت دیگ,380933,6
48844,2891,اسدآباد,380939,6
48845,2891,رضا آباد,380940,6
48846,2891,تلمبه هجرت 4,380941,6
48847,2891,تلمبه هجرت,380946,6
48848,2891,تلمبه جنگلداری 1,380947,6
48849,2891,تلمبه جنگلداری 2,380948,6
48850,2891,تلمبه عشایری درویش رشیدی 2,380949,6
48851,2891,تلمبه عشایری درویش رشیدی1,380951,6
48852,2891,تلمبه شهیدچمران,380952,6
48853,2891,تلمبه شهیدصدوقی,380953,6
48854,2891,همت آباد گل محمد,380956,6
48855,2891,فضل آباد,380957,6
48856,2891,جعفرآباد,380958,6
48857,2891,هجرت5,384808,6
48858,2891,مراد آباد پشت ریگ,808579,6
48859,2891,تلمبه شهید افری,808602,6
48860,2891,هدایت آباد ده رضا,808678,6
48861,2891,حمیدآباد ده رضا,808679,6
48862,2891,ده نظر,808693,6
48863,2891,نادرآباد,808700,6
48864,2891,مشاع قدس,808758,6
48865,2892,آب رییس,094838,6
48866,2892,آبگرم,094843,6
48867,2892,اکبرآباد,094849,6
48868,2892,بچوگان,094860,6
48869,2892,بردستو,094861,6
48870,2892,بن کل,094867,6
48871,2892,پوزپلک,094885,6
48872,2892,پیرکهن,094886,6
48873,2892,تشوک,094888,6
48874,2892,تگ فرهاد,094889,6
48875,2892,چاه پوده,094904,6
48876,2892,چاه نبات,094912,6
48877,2892,چاه قنبر,094913,6
48878,2892,چاه کندول,094914,6
48879,2892,چه گل شیرخان,094923,6
48880,2892,درون ده,094948,6
48881,2892,دره پهن,094949,6
48882,2892,دوازاب,094952,6
48883,2892,ده جلال,094957,6
48884,2892,ده حسن,094958,6
48885,2892,ده ناب خوش,094964,6
48886,2892,دهنه پچی,094971,6
48887,2892,دهنه عباسعلی,094973,6
48888,2892,زفتک سرگدار,094982,6
48889,2892,سبزکان,094990,6
48890,2892,سربگی,094991,6
48891,2892,سرنران /سرخکان/,094993,6
48892,2892,سرخکان,094994,6
48893,2892,سرزه,094995,6
48894,2892,سرومه,094998,6
48895,2892,میلکی,095001,6
48896,2892,سیف الدین,095010,6
48897,2892,شاشکان,095011,6
48898,2892,شمس آباد,095014,6
48899,2892,شنوییه,095015,6
48900,2892,علی آباد1,095024,6
48901,2892,علی آباد2,095025,6
48902,2892,قدرت آباد,095028,6
48903,2892,کشنل,095033,6
48904,2892,گل گران ریگ,095036,6
48905,2892,کنارک,095044,6
48906,2892,کنارنایی,095045,6
48907,2892,کنارو,095046,6
48908,2892,کوتور,095049,6
48909,2892,کهنگ,095058,6
48910,2892,بادامک /گوهریه/,095059,6
48911,2892,گارین,095060,6
48912,2892,کاسگو,095061,6
48913,2892,گرانک,095065,6
48914,2892,گریچ,095069,6
48915,2892,گزوحسن,095072,6
48916,2892,گل آباد,095073,6
48917,2892,کل اردن,095074,6
48918,2892,گل سرخ,095075,6
48919,2892,گوردهان,095084,6
48920,2892,گوره ای,095085,6
48921,2892,گیر,095087,6
48922,2892,مکی,095107,6
48923,2892,مگو,095108,6
48924,2892,ممی,095110,6
48925,2892,نوک آباد,095132,6
48926,2892,پچی,381766,6
48927,2892,پایگاه شهیدشهدوستی,381767,6
48928,2892,صوفی آباد,381769,6
48929,2892,عباس آباد,381770,6
48930,2892,چاه چراغ,381772,6
48931,2892,دره کهوری,383897,6
48932,2892,جبرآباد,383902,6
48933,2892,شورآباد /گرویه/,384434,6
48934,2892,شورآب,808064,6
48935,2892,مزرعه حسین آباد,808065,6
48936,2892,مزرعه پوزه دره,808066,6
48937,2892,مزرعه ده مراد,808067,6
48938,2892,مزرعه تلال زرد,808068,6
48939,2892,چشمه گدار,808069,6
48940,2892,کچ کهور,808070,6
48941,2892,تلمبه نژاد سابقی ژند 2,808218,6
48942,2892,ده پاک,808582,6
48943,2892,پدموکی,808680,6
48944,2892,سیف الدینی طرح اسکان2,808775,6
48945,2893,باقرآباد سجادی,093637,6
48946,2893,بهرام آباد,093639,6
48947,2893,توکل آباد1,093648,6
48948,2893,جنگل آباد,093654,6
48949,2893,جهان آباد چاه ملک,093656,6
48950,2893,حسن آباد,093659,6
48951,2893,حمیدآباد,093670,6
48952,2893,ده رضا,093675,6
48953,2893,رستم آباد,093683,6
48954,2893,رضوان,093685,6
48955,2893,سعدآباد,093687,6
48956,2893,سلطان آباد,093688,6
48957,2893,عباس آبادبهرامی,093698,6
48958,2893,علی آباد,093700,6
48959,2893,قدرت آباد,093709,6
48960,2893,کریم آباد,093711,6
48961,2893,محمدآباد چاه ملک,093717,6
48962,2893,ملک آبادچاه ملک,093723,6
48963,2893,موسی آباد,093724,6
48964,2893,مهدی آباد,093725,6
48965,2893,میرآبادچاه ملک,093729,6
48966,2893,ناصرآباد چاه ملک,093732,6
48967,2893,نعمت آباد ریگان,093733,6
48968,2893,یزدان پناه,093736,6
48969,2893,تلمبه15 خرداد,380944,6
48970,2893,تلمبه عیسی خان,380945,6
48971,2893,اسلام آباد,380950,6
48972,2893,تلمبه عشایری همت آباد,380955,6
48973,2893,وکیل آباد,380959,6
48974,2893,محمد آباد,380960,6
48975,2893,محمدآباد رودشور,380961,6
48976,2893,همت آباد چاه ملک,380962,6
48977,2893,بهشتی,380963,6
48978,2893,حجتی,380964,6
48979,2893,حسن آباد جهان آباد,380965,6
48980,2893,ده سهراب,380966,6
48981,2893,اکبرآباد,380967,6
48982,2893,کارگاه جهاد,381771,6
48983,2893,حاجی آباد,383585,6
48984,2893,گل آباد چاه ملک,383898,6
48985,2893,الله آباد چاه ملک,384806,6
48986,2893,ده شیهک,384807,6
48987,2893,مومن آباد,808059,6
48988,2893,یوسف آباد,808060,6
48989,2893,مزرعه سیدآباد,808061,6
48990,2893,مزرعه علی آباد,808062,6
48991,2893,روستای چاه ملک,808063,6
48992,2893,تلمبه علی نژادمقدم 4,808217,6
48993,2893,غلام شهیکی,808232,6
48994,2893,شهدادشهیکی,808233,6
48995,2893,حسین آباد رود شور,808581,6
48996,2893,علی آباد هشتصد متری,808601,6
48997,2893,تلمبه سلمان,808603,6
48998,2893,همت آباد رودشور,808676,6
48999,2893,مرادآباد چاه ملک,808699,6
49000,2893,نوریه,808702,6
49001,2893,مراد آباد دهرضا,808772,6
49002,2894,گودگزی 1,089691,6
49003,2894,نهربادام,089727,6
49004,2894,ارملک,089754,6
49005,2894,اسکر,089755,6
49006,2894,اشیرکش,089756,6
49007,2894,باغ پیرولی,089760,6
49008,2894,براحمد,089761,6
49009,2894,بنگان,089763,6
49010,2894,پشته پارو,089764,6
49011,2894,پشم کوییه,089765,6
49012,2894,پیرچنار,089766,6
49013,2894,پیرکهکم,089767,6
49014,2894,تاج آباد,089768,6
49015,2894,تذرج,089769,6
49016,2894,چشمه ماه,089774,6
49017,2894,چنارگدوییه,089775,6
49018,2894,حسین آباد,089777,6
49019,2894,خانیان,089779,6
49020,2894,خیدر,089780,6
49021,2894,دامنه انجیر,089781,6
49022,2894,درب چنار,089782,6
49023,2894,دره بیدان,089783,6
49024,2894,ده دیوان,089784,6
49025,2894,رضوییه,089788,6
49026,2894,رودبر,089789,6
49027,2894,سندوییه,089791,6
49028,2894,سه دره,089792,6
49029,2894,ششتوییه,089793,6
49030,2894,صفا,089797,6
49031,2894,عباس آباد,089798,6
49032,2894,عشق آباد,089799,6
49033,2894,فیل آباد,089800,6
49034,2894,قنات بید,089801,6
49035,2894,کم سفید,089802,6
49036,2894,کشکان سفلی,089803,6
49037,2894,کشکان علیا,089804,6
49038,2894,کل مشک,089805,6
49039,2894,کماندروییه,089806,6
49040,2894,گودگلکوییه,089807,6
49041,2894,کوه سفید,089808,6
49042,2894,گارجو,089809,6
49043,2894,کارزوییه,089810,6
49044,2894,گلی آباد,089811,6
49045,2894,گودگزی 2,089812,6
49046,2894,گودگلوییه,089813,6
49047,2894,گودهوا,089814,6
49048,2894,گورساروییه,089815,6
49049,2894,گهکان,089816,6
49050,2894,دشت ختن,089817,6
49051,2894,لنگر,089818,6
49052,2894,مبارکه,089819,6
49053,2894,ملقه زاری,089822,6
49054,2894,منوکین,089823,6
49055,2894,مورپهن,089824,6
49056,2894,موسی آباد,089825,6
49057,2894,ننوک,089826,6
49058,2894,هاشم آباد,089828,6
49059,2894,ده فیروز,089875,6
49060,2894,سمور آباد,089890,6
49061,2894,شیخ جلالی,089896,6
49062,2894,ده صاحب,380228,6
49063,2894,ده صحرا,385041,6
49064,2895,آبدر,089905,6
49065,2895,اسفیج,089906,6
49066,2895,اشکان,089907,6
49067,2895,آشیانه زرد,089908,6
49068,2895,خمردوییه /امرودوییه /,089909,6
49069,2895,ایرجیه,089910,6
49070,2895,باب بیدان,089911,6
49071,2895,باب کهن,089912,6
49072,2895,باب گلوییه,089913,6
49073,2895,باغ بهادر,089914,6
49074,2895,باقر آباد,089915,6
49075,2895,بندر,089916,6
49076,2895,بیدصحت,089917,6
49077,2895,بیزنوییه,089918,6
49078,2895,بیسوییه,089919,6
49079,2895,پای نگین,089920,6
49080,2895,پشته سلیمان,089921,6
49081,2895,تکرکوییه,089922,6
49082,2895,تیدر,089923,6
49083,2895,جوی انجیر,089924,6
49084,2895,جوی نو,089925,6
49085,2895,چراغو,089926,6
49086,2895,چهرن,089927,6
49087,2895,حضرتی,089928,6
49088,2895,دارنجان,089929,6
49089,2895,داس آباد,089930,6
49090,2895,دره دیوی,089931,6
49091,2895,ده احمد,089933,6
49092,2895,ده ناییه,089934,6
49093,2895,روسکین,089935,6
49094,2895,دیزنگ ماه,089936,6
49095,2895,زیرجوییه,089938,6
49096,2895,سغدین,089939,6
49097,2895,سه گل,089940,6
49098,2895,سیه بنوییه,089941,6
49099,2895,صعب آباد,089942,6
49100,2895,طومی,089943,6
49101,2895,قاسم آباد,089944,6
49102,2895,قلعه دیلم,089945,6
49103,2895,کبیر,089946,6
49104,2895,گلودره,089947,6
49105,2895,کندغان,089949,6
49106,2895,کوشکین,089950,6
49107,2895,گردوسلو,089951,6
49108,2895,گرگین,089952,6
49109,2895,گزنوییه,089953,6
49110,2895,گلو آبدر,089954,6
49111,2895,گلومار,089955,6
49112,2895,گلینوییه,089956,6
49113,2895,گنجان,089957,6
49114,2895,گودبیدوییه,089958,6
49115,2895,گودقلعه,089959,6
49116,2895,مبارک شاه,089960,6
49117,2895,مرغزار,089961,6
49118,2895,نینز سفلی,089962,6
49119,2895,ننیز علیا,089963,6
49120,2895,نوش آباد,089964,6
49121,2895,نهر اورس,089965,6
49122,2895,هفت دانگ,089966,6
49123,2895,هنگر,089967,6
49124,2895,کجینوییه,380215,6
49125,2895,نوییه,380216,6
49126,2895,سگ موری,380217,6
49127,2895,باغستان,380218,6
49128,2895,سنگ عشق,380219,6
49129,2895,کاروانسرای شیرزاد,380220,6
49130,2895,گودکلوکوییه,380221,6
49131,2895,بیدنو,380222,6
49132,2895,عباس آباد,380223,6
49133,2896,آب کوچ,091037,6
49134,2896,آبگرم,091038,6
49135,2896,اسفنا علیا,091039,6
49136,2896,اسفنا سفلی,091040,6
49137,2896,اسیاب محمدی,091041,6
49138,2896,اسکفتوییه,091042,6
49139,2896,اشکنوییه علیا,091043,6
49140,2896,اشکنوییه سفلی,091044,6
49141,2896,آل غیاثی,091045,6
49142,2896,باب زارج,091046,6
49143,2896,باب سرخ,091047,6
49144,2896,باغوییه1,091048,6
49145,2896,باغوییه2,091050,6
49146,2896,باغ بچین,091052,6
49147,2896,باغ جلال,091053,6
49148,2896,باغ حسینی,091054,6
49149,2896,باغ مالان,091055,6
49150,2896,باغ میری,091056,6
49151,2896,باغ یوسف,091057,6
49152,2896,بختین,091058,6
49153,2896,بدرقه,091059,6
49154,2896,برف انبار,091060,6
49155,2896,بن بلند,091061,6
49156,2896,بندرسرمشک,091062,6
49157,2896,بنوییه سرخوییه,091063,6
49158,2896,بنوییه جوز,091064,6
49159,2896,بیدشیرین1,091065,6
49160,2896,بیدشیرین2,091066,6
49161,2896,بیدلنگ,091067,6
49162,2896,پای زبر,091069,6
49163,2896,پای طاق,091070,6
49164,2896,پشته بلند,091071,6
49165,2896,پشته زنگ,091072,6
49166,2896,ترگوییه,091074,6
49167,2896,تینیلوییه علیا,091075,6
49168,2896,جلال آباد,091076,6
49169,2896,جوزعلی,091078,6
49170,2896,چهاردیواری,091079,6
49171,2896,حاجات سفلی,091080,6
49172,2896,حاجات علیا,091081,6
49173,2896,خانه گزان,091082,6
49174,2896,خانه رغان,091083,6
49175,2896,خشک رود,091085,6
49176,2896,خمروییه,091086,6
49177,2896,خیرآباد,091088,6
49178,2896,درآلو,091090,6
49179,2896,دره بید,091091,6
49180,2896,دره کیل,091092,6
49181,2896,دو دره,091093,6
49182,2896,دو رودخانه,091094,6
49183,2896,ده ماران,091098,6
49184,2896,ده نو,091099,6
49185,2896,رضنوییه,091100,6
49186,2896,رضوان,091101,6
49187,2896,رمودره سفلی,091102,6
49188,2896,رمودره علیا,091103,6
49189,2896,روماهن,091104,6
49190,2896,زربران,091105,6
49191,2896,زارچستان,091106,6
49192,2896,زردلو,091108,6
49193,2896,صغین,091109,6
49194,2896,سرچشمه,091110,6
49195,2896,سررضلو,091111,6
49196,2896,سرهنگر,091112,6
49197,2896,سنگ سبز,091113,6
49198,2896,سنگ سیاه,091114,6
49199,2896,سیاه سورمند,091116,6
49200,2896,سیاه گل,091117,6
49201,2896,سیدمرتضی,091118,6
49202,2896,صالح آباد,091119,6
49203,2896,عشق آباد,091121,6
49204,2896,علی آباد,091122,6
49205,2896,فتح آباد,091123,6
49206,2896,کاووس آباد,091124,6
49207,2896,کت جینی,091125,6
49208,2896,کتکنوییه,091126,6
49209,2896,کشکوییه,091128,6
49210,2896,کلدان,091129,6
49211,2896,کلوییه,091130,6
49212,2896,کنگری,091131,6
49213,2896,گردوستان,091132,6
49214,2896,گل اسپیدوییه,091135,6
49215,2896,گلوچار,091136,6
49216,2896,گلوگازر,091137,6
49217,2896,کنگاو,091139,6
49218,2896,محمدآباد کاووس خان,091142,6
49219,2896,محمودآباد,091143,6
49220,2896,مدین,091144,6
49221,2896,مرین,091145,6
49222,2896,مزنگان,091146,6
49223,2896,ملکی,091148,6
49224,2896,ملنگ,091149,6
49225,2896,هست موییه,091150,6
49226,2896,تخت قیصر,380206,6
49227,2896,تینیلوییه سفلی,380207,6
49228,2896,باغ کمال,380208,6
49229,2896,ششت مهرو,380209,6
49230,2896,کهن بادام,380210,6
49231,2896,پای قلا,380211,6
49232,2896,کوره ماستی,380212,6
49233,2896,زیرگلوییه,380214,6
49234,2896,باغ شکفت,384206,6
49235,2896,باغوییه,384207,6
49236,2896,کل خانی,384208,6
49237,2896,گودگرد,384209,6
49238,2896,کلومنان,384210,6
49239,2896,پای گرد,384211,6
49240,2896,کودخشک,384212,6
49241,2896,محمودآبادصغین,384213,6
49242,2896,سرخوییه,808778,6
49243,2897,ابراهیم آباد,089655,6
49244,2897,اسلام آباد/ میخانه,089656,6
49245,2897,اسماعیل آباد,089657,6
49246,2897,باغ والی,089659,6
49247,2897,باغ شریعتی/ باغ شاه,089660,6
49248,2897,باغوییه,089661,6
49249,2897,باغ مور,089662,6
49250,2897,بنه رازی,089663,6
49251,2897,بیدوییه,089664,6
49252,2897,پیریکه,089665,6
49253,2897,پیلوییه,089666,6
49254,2897,تیتوییه,089667,6
49255,2897,جواران/ مرجان,089668,6
49256,2897,چاله,089669,6
49257,2897,حسین آباد1,089670,6
49258,2897,خاتون آباد,089671,6
49259,2897,دختک,089672,6
49260,2897,دریایی,089673,6
49261,2897,زردآلوییه,089674,6
49262,2897,زیارتگاه,089675,6
49263,2897,سرخاب,089676,6
49264,2897,سرغشک,089677,6
49265,2897,سلطان آباد,089678,6
49266,2897,شیلاب,089679,6
49267,2897,طاویقوییه,089680,6
49268,2897,قنات ملک,089682,6
49269,2897,کلانی,089684,6
49270,2897,قنات گدار/کهنگ گدار/,089685,6
49271,2897,کهنوج,089686,6
49272,2897,گرینوییه,089687,6
49273,2897,گناجان علیا,089688,6
49274,2897,گناجان سفلی,089689,6
49275,2897,گودرز,089690,6
49276,2897,محمدآباد,089692,6
49277,2897,محمود آباد,089693,6
49278,2897,محمودی1,089694,6
49279,2897,مظفر آباد1,089696,6
49280,2897,مقبلک,089697,6
49281,2897,ناصر آباد,089698,6
49282,2897,نصرت آباد,089699,6
49283,2897,هنجان,089700,6
49284,2897,هونی,089702,6
49285,2897,یخمر,089703,6
49286,2897,باغ بیدسفلی /باب بیدسفلی /,089758,6
49287,2897,باغ بیدعلیا/باب بیدعلیا/,089759,6
49288,2897,جعفرآباد,089771,6
49289,2897,رشک آباد,089787,6
49290,2897,دزدان,089932,6
49291,2897,زمین انجیر,089937,6
49292,2897,کمونوییه,089948,6
49293,2897,آدوری,090903,6
49294,2897,امیرآباد,090904,6
49295,2897,بنه سوخته,090905,6
49296,2897,پده بلندعلیا,090907,6
49297,2897,تنگ تذرج,090908,6
49298,2897,جنگل آباد,090909,6
49299,2897,جوی بادام,090910,6
49300,2897,درآسیاب,090911,6
49301,2897,دره بافت,090912,6
49302,2897,ده ملک,090913,6
49303,2897,سنگوییه,090915,6
49304,2897,سیربنوییه,090916,6
49305,2897,شیب تل آباد,090917,6
49306,2897,فیروز,090918,6
49307,2897,کلدان,090919,6
49308,2897,کلدانوییه,090920,6
49309,2897,کهیروییه,090921,6
49310,2897,کتک,090922,6
49311,2897,گزوییه سفلی,090923,6
49312,2897,گزوییه علیا,090924,6
49313,2897,مشک آبدان,090926,6
49314,2897,مظفر آباد2,090927,6
49315,2897,میدان,090928,6
49316,2897,نیمرودی,090929,6
49317,2897,هلیل رود,090930,6
49318,2897,جنت آباد,090931,6
49319,2897,زیلدون,096284,6
49320,2897,گردون سفلی,096306,6
49321,2897,گردون علیا,096307,6
49322,2897,کرنگ,096308,6
49323,2897,گریشان,096309,6
49324,2897,نراب,096317,6
49325,2897,آباد گیشکی,380184,6
49326,2897,دهنو1,380185,6
49327,2897,توکل آباد,380186,6
49328,2897,ششتو,380187,6
49329,2897,پدوم آباد,380188,6
49330,2897,لطف آباد,380189,6
49331,2897,محمودی2,380190,6
49332,2897,شیب علی,380191,6
49333,2897,شاه منصور,380192,6
49334,2897,محمد آباد,380193,6
49335,2897,نسیل در,380196,6
49336,2897,تیلینوییه,380197,6
49337,2897,رضوییه,380198,6
49338,2897,دهنو2,380199,6
49339,2897,حسین آباد2,380200,6
49340,2897,کارخانه سنگ شکن,380203,6
49341,2897,پلنگی,380204,6
49342,2897,تنگل هونی,380205,6
49343,2897,آدوری علیا,384165,6
49344,2897,آدوری سفلی,384166,6
49345,2897,خرم آباد,384167,6
49346,2897,پیلوییه,384168,6
49347,2897,تیلی نوییه,385087,6
49348,2897,پشت پران,385088,6
49349,2897,علی آباد,385089,6
49350,2897,قنات سرخ,808606,6
49351,2897,کارگاه سد صفا رود,808607,6
49352,2898,اکبرآباد,093315,6
49353,2898,برج اکرم,093316,6
49354,2898,جعفر آباد,093322,6
49355,2898,حسین آباد بهزادی,093326,6
49356,2898,دشتوییه,093331,6
49357,2898,دهنو بهزادی,093334,6
49358,2898,دهنو میرزازاده سجادی,093335,6
49359,2898,رحمت آباد,093336,6
49360,2898,ریگ آباد,093338,6
49361,2898,زمان آباد,093339,6
49362,2898,زیدآباد,093340,6
49363,2898,سرنگ,093341,6
49364,2898,عامریه بالا,093343,6
49365,2898,عامریه پایین,093344,6
49366,2898,عباسیه,093345,6
49367,2898,عبدل آبادبهزادی,093346,6
49368,2898,علی آباد وزیری,093348,6
49369,2898,فتح آباد,093349,6
49370,2898,مبارک آباد,093351,6
49371,2898,مهدی آباد زیرافراز,093352,6
49372,2898,نعمت آباد,093354,6
49373,2898,وحیدآباد,093356,6
49374,2898,هاشم آباد,093357,6
49375,2898,یوسف آباد پایین,093358,6
49376,2898,یوسف آبادسالار,093359,6
49377,2898,اشک رضوان,093848,6
49378,2898,اکبرآبادمستوفی,093850,6
49379,2898,الله آباد مستوفی,093851,6
49380,2898,باقریه بالا,093854,6
49381,2898,تلمبه مالک اشتر,093857,6
49382,2898,داودیه,093864,6
49383,2898,عباس آباد رفعته,093872,6
49384,2898,علی کلی,093875,6
49385,2898,موتورسرجنگلداری 2,380911,6
49386,2898,موتورسرجنگلداری 1,380912,6
49387,2898,موتورسرجنگلداری 4,380913,6
49388,2898,موتورسرجنگلداری 3,380914,6
49389,2898,قدمگاه مرتضی علی,380915,6
49390,2898,قدمگاه ابوالفضل,380916,6
49391,2898,قنات سهاویه جهاد/قنات جهاد/,380917,6
49392,2898,موتورسرجنگلداری طرح مالچ,380918,6
49393,2898,مزرعه حسین آبادجهاد,380919,6
49394,2898,موتور معین وزریری,384800,6
49395,2898,تلمبه خیریه جواد الایمه,808215,6
49396,2898,تلمبه غلام رضا تردست,808216,6
49397,2899,برج معاذ,093317,6
49398,2899,برزنگ,093318,6
49399,2899,تلمبه اسلام آباد,093319,6
49400,2899,غلور آباد,093320,6
49401,2899,ثانی آباد,093321,6
49402,2899,جهان آبادپایین,093323,6
49403,2899,حسین آبادعلم خان,093325,6
49404,2899,حسین آبادسرافراز,093327,6
49405,2899,حسین آباد وکیل,093328,6
49406,2899,دشت آباد,093329,6
49407,2899,دشت آباد تدین,093330,6
49408,2899,دولت آباد,093332,6
49409,2899,دهنو انصاری,093333,6
49410,2899,رکن آباد,093337,6
49411,2899,شریک آباد,093342,6
49412,2899,عصمت آباد,093347,6
49413,2899,کریم آباد انصاری,093350,6
49414,2899,میرآبادانصاری,093353,6
49415,2899,نعیم آباد,093355,6
49416,2899,امیریه,093411,6
49417,2899,ده نوشیخ علیخان,093430,6
49418,2899,سلمان آباد,093435,6
49419,2899,شورآباد نورمحمد,093438,6
49420,2899,عباس آباد,093441,6
49421,2899,نظرآباد,093454,6
49422,2899,بیژنیه,093640,6
49423,2899,نوریه,093734,6
49424,2899,حسینیه,093934,6
49425,2899,دهنومنصوری,093935,6
49426,2899,شاهرخ آباد,093936,6
49427,2899,شور آباد مهراب خان,093937,6
49428,2899,پاسگاه ژاندارمری شورگز,093938,6
49429,2899,ماهی دشت,093942,6
49430,2899,موزی آباد,093943,6
49431,2899,میل نادر,093944,6
49432,2899,تلمبه ناصر دادخدایی,380894,6
49433,2899,جهان آباد بالا,380983,6
49434,2899,ابراهیم آباد(حاجی آباد,380986,6
49435,2899,قادرآباد,380987,6
49436,2899,فیروز آباد,380988,6
49437,2899,امیرآباد,380989,6
49438,2899,تلمبه پرورش ماهی,380990,6
49439,2899,سنگ آباد,380991,6
49440,2899,کریم آباد,380992,6
49441,2899,سورهنجام,380994,6
49442,2899,کوره آجرپزی محمودمنحنی,380996,6
49443,2899,امامیه 1,380997,6
49444,2899,امامیه 2,380998,6
49445,2899,ده سلطان آباد,380999,6
49446,2899,تلمبه شهمرادی,381001,6
49447,2899,فرستنده پرقدرت تلویزیونی فهرج,381008,6
49448,2899,پایگاه مرصاد,381009,6
49449,2899,قلعه مندلی خان,381010,6
49450,2899,حسن آباد,808625,6
49451,2899,تلمبه زید آباد سه کهور,808629,6
49452,2899,امین آباد,808737,6
49453,2899,گروه کشاورزی شهید رجایی,808738,6
49454,2900,ابراهیم آباد1,093630,6
49455,2900,ابراهیم آباد جدید,093632,6
49456,2900,اسدآباد انگوری,093634,6
49457,2900,اسماعیل آباد,093635,6
49458,2900,الله آباد1,093636,6
49459,2900,پیروزآباد,093642,6
49460,2900,جبر آباد,093651,6
49461,2900,حسن آباد دهگاوی,093661,6
49462,2900,حسین آباد خدابنده,093662,6
49463,2900,حسین آباد سرجنگل,093663,6
49464,2900,حسین آباد ملاامیر,093667,6
49465,2900,خیرآباد,093673,6
49466,2900,ریگ آباد,093686,6
49467,2900,سه کهور,093690,6
49468,2900,شمس آباد1,093692,6
49469,2900,شورآباد,093693,6
49470,2900,علی آباد ولی شهنوازی,093706,6
49471,2900,گل آباد,093713,6
49472,2900,محمودآباد چاه ریگان,093716,6
49473,2900,محمدآباد دهگاوی,093718,6
49474,2900,ولی آباد,093735,6
49475,2900,عباس آباد,380969,6
49476,2900,تلمبه شهیدبهشتی,380970,6
49477,2900,تلمبه افلاطونی,380971,6
49478,2900,تلمبه حمزه,380972,6
49479,2900,تلمبه شهیدتکتاز,380973,6
49480,2900,تلمبه سیدمحمد,380974,6
49481,2900,ملک آباد چاه ریگان,383899,6
49482,2900,اله آباد چاه ریگان,383900,6
49483,2900,عمار (1),384802,6
49484,2900,عمار (2),384803,6
49485,2900,عمار (3),384804,6
49486,2900,عمار (4),384805,6
49487,2900,روستای امام علی,808222,6
49488,2900,تلمبه حاج امین شهنوازی,808626,6
49489,2900,تلمبه زنگی آباد,808627,6
49490,2900,تلمبه حاج مراد شه بخشی,808628,6
49491,2900,تلمبه مراد آباد سه کهور,808630,6
49492,2900,تلمبه شهید برزنگ,808631,6
49493,2900,تلمبه حاج خدابخش ایازی,808632,6
49494,2900,تلمبه حاج رحمت شه بخش,808633,6
49495,2900,تلمبه رحمت ابراهیمی,808634,6
49496,2900,تلمبه عوض رشیدی,808635,6
49497,2900,تلمبه جانبازان,808636,6
49498,2900,تلمبه بهشتیه,808637,6
49499,2900,تلمبه ناصر شه بخش,808638,6
49500,2900,امیرآباد چاه ریگان,808734,6
49501,2900,مهرآباد چاه ریگان,808736,6
49502,2901,تلمبه وحدت 2,093644,6
49503,2901,تلمبه وحدت 3,093645,6
49504,2901,تلمبه وحدت 1,093646,6
49505,2901,جلال آباد,093653,6
49506,2901,حسن آباد چاه دگان,093660,6
49507,2901,ده اسماعیل,093674,6
49508,2901,ده میرشیر,093678,6
49509,2901,دهنوچاهدگان,093680,6
49510,2901,رستم آباد چاهدگان,093684,6
49511,2901,علی آباد,093702,6
49512,2901,علی آباد چاهدگان,093704,6
49513,2901,کاظم آباد,093710,6
49514,2901,محمدآباد,093714,6
49515,2901,مرادآباد,093721,6
49516,2901,مهدی آباد,093726,6
49517,2901,یوسف آباد,093737,6
49518,2901,شمس آباد2,380976,6
49519,2901,الله آباد2,380977,6
49520,2901,توکل آباد,380978,6
49521,2901,قدرت آباد,380979,6
49522,2901,تلمبه مجتمع عشایری,380980,6
49523,2901,حاجی آباد2,380981,6
49524,2901,ابراهیم آباد2,380982,6
49525,2901,رحمت آباد,384551,6
49526,2901,محمودآباد,384552,6
49527,2901,کریم آباد,384630,6
49528,2901,شمس آباد چاهدگال,384746,6
49529,2901,مزرعه گل آباد,808058,6
49530,2902,تلمبه اسدآباد,100478,6
49531,2902,اسدآباد رهنما,100479,6
49532,2902,اشرف آباد,100483,6
49533,2902,تلمبه اکبرآباد,100484,6
49534,2902,اکبرآباد امین,100485,6
49535,2902,الله آباد,100487,6
49536,2902,شام آباد/امامیه /,100489,6
49537,2902,امیدآباد,100490,6
49538,2902,بهشت آباد,100495,6
49539,2902,بیاض,100497,6
49540,2902,تلمبه احمدآباد,100503,6
49541,2902,تلمبه امیرآباد,100515,6
49542,2902,تلمبه بهارستان,100518,6
49543,2902,تلمبه جوادیه,100542,6
49544,2902,تلمبه رسول آباد,100555,6
49545,2902,تلمبه علی آباد,100569,6
49546,2902,تلمبه محسن آباد,100588,6
49547,2902,تلمبه محمود آباد,100591,6
49548,2902,همت آباد,100605,6
49549,2902,توکل آباد,100607,6
49550,2902,حجت آباد,100620,6
49551,2902,حسن آباد,100621,6
49552,2902,حسین آباد اسلامی,100628,6
49553,2902,حمیدآباد,100631,6
49554,2902,رحیم آباد,100639,6
49555,2902,سبزدشت,100644,6
49556,2902,شفیع آباد,100648,6
49557,2902,صفاییه /سرهنگ /,100655,6
49558,2902,عباس آباد ژیان,100658,6
49559,2902,فخرآباد,100664,6
49560,2902,فردوس,100666,6
49561,2902,فیروزآباد,100667,6
49562,2902,گیتی آباد,100678,6
49563,2902,لطف آباد,100679,6
49564,2902,مجیدآباد,100680,6
49565,2902,مجیدیه,100681,6
49566,2902,محمدآباد,100683,6
49567,2902,محمدآبادساقی,100685,6
49568,2902,محمودآبادانقلاب,100689,6
49569,2902,موتور مسعودآباد خلیلی,100691,6
49570,2902,مهدی آباد,100700,6
49571,2902,مهدی آبادامین,100701,6
49572,2902,مهرآباد,100703,6
49573,2902,تلمبه علی آباد طالبی,384404,6
49574,2902,محمدیه,808100,6
49575,2903,احمدآباد,099241,6
49576,2903,احمدآبادعطایی,099242,6
49577,2903,اسدآباد,099243,6
49578,2903,الله آباد,099245,6
49579,2903,امین آباد,099246,6
49580,2903,باقرآباد,099249,6
49581,2903,تراب,099251,6
49582,2903,تلمبه اسماعیل آباد,099252,6
49583,2903,تلمبه حاجی آباد,099258,6
49584,2903,تلمبه خداداد,099266,6
49585,2903,تلمبه رسول آباد,099270,6
49586,2903,سعادت آباد1,099272,6
49587,2903,تلمبه صدرآباد,099277,6
49588,2903,تلمبه صفاییه,099278,6
49589,2903,تلمبه فتح آباد,099279,6
49590,2903,تلمبه مهدوی,099284,6
49591,2903,جنت آباد,099291,6
49592,2903,خالق آباد,099300,6
49593,2903,ده حیدر,099303,6
49594,2903,ده رییس,099304,6
49595,2903,رضا آباد,099306,6
49596,2903,شریف آباد,099309,6
49597,2903,عباس آباد,099310,6
49598,2903,علی آباد حسن,099312,6
49599,2903,فدک,099314,6
49600,2903,قایمیه,099316,6
49601,2903,قاسم آباد,099317,6
49602,2903,قربان آباد,099318,6
49603,2903,گلستان,099320,6
49604,2903,گلشن,099321,6
49605,2903,جلالیه هجری,099323,6
49606,2903,محمدآباد خواجه,099324,6
49607,2903,مرغداری مجیدخادمی,099329,6
49608,2903,مزرعه اسحاق آباد,099331,6
49609,2903,موتور بهارآباد,099338,6
49610,2903,موتور رسول آباد,099340,6
49611,2903,موتور فتح آباد,099350,6
49612,2903,موتور فردوسیه,099351,6
49613,2903,نجف آباد,099355,6
49614,2903,تلمبه حسین آباد فلاح,381781,6
49615,2903,تلمبه باقرآباد شماره 1,381783,6
49616,2903,نصرت آباد,384855,6
49617,2903,حمید آباد,385084,6
49618,2903,معدن و شر کت آسفالت,385085,6
49619,2903,مزرعه علی آباد,808101,6
49620,2903,مزرعه رحمت آباد,808102,6
49621,2904,اسدآباد,093406,6
49622,2904,اسدیه بالا,093407,6
49623,2904,اسدیه پایین,093408,6
49624,2904,اکبرآباد,093409,6
49625,2904,اله آباد طباطبایی,093410,6
49626,2904,باقر آباد,093412,6
49627,2904,ترک آباد,093413,6
49628,2904,تلمبه ابوذر,093414,6
49629,2904,تلمبه شماره 4مشاع,093415,6
49630,2904,تلمبه شهیداشرفی اصفهانی,093416,6
49631,2904,تلمبه شهیدبهشتی,093417,6
49632,2904,تلمبه شهیدمطهری,093420,6
49633,2904,چهل تخم,093421,6
49634,2904,حسن آباد دبیرنظام,093422,6
49635,2904,حسین آباد پشت رود,093423,6
49636,2904,حسین آباد خان,093424,6
49637,2904,حسین آباد درختی,093425,6
49638,2904,سید آباد,093426,6
49639,2904,دشت آباد,093427,6
49640,2904,دولت آباد رضوی,093428,6
49641,2904,ده نو درختی,093429,6
49642,2904,دهنواسحاق آباد,093431,6
49643,2904,زعیم آباد,093434,6
49644,2904,ضیاء آباد,093439,6
49645,2904,طاهر آباد درختی,093440,6
49646,2904,عبدل آباد,093442,6
49647,2904,علی آبادضیاء آباد,093443,6
49648,2904,قاسم آباد,093444,6
49649,2904,قایم آباد,093445,6
49650,2904,قدرت آباد پایین,093446,6
49651,2904,قدرت آباد بالا,093447,6
49652,2904,رستوران کویرجنوب,093448,6
49653,2904,کریم آبادسعدالدوله,093449,6
49654,2904,محمدآباد,093451,6
49655,2904,محمدآبادگلوسکی,093452,6
49656,2904,وکیل آباد,093455,6
49657,2904,همت آباد,093456,6
49658,2904,بالارودخانه,093855,6
49659,2904,خروسک آباد,093861,6
49660,2904,خیرآباد,093863,6
49661,2904,رضا آباد/لشکوییه /,093867,6
49662,2904,علی آباداعلاء,093873,6
49663,2904,قلعه شهید,093879,6
49664,2904,محمدابادقلعه شهید,093888,6
49665,2904,قدمگاه ابوالفضل1,380866,6
49666,2904,ده میرزا,380867,6
49667,2904,ده بالا,380868,6
49668,2904,پاسگاه وکیل آباد,380869,6
49669,2904,تلمبه فاطمی,380873,6
49670,2904,جعفرآباد,380874,6
49671,2904,قدمگاه ابوالفضل2,380880,6
49672,2904,تلمبه قلعه شهیدی,380883,6
49673,2904,تلمبه عبدالرضاخان فتامی,380889,6
49674,2904,تلمبه محمدرسول اله,380890,6
49675,2904,تلمبه سجادی,380891,6
49676,2904,تلمبه شهیدچمران,380892,6
49677,2904,تلمبه شهیداحمدقدمعلی,380893,6
49678,2904,زیاردتگاه امامزاده حسین,380898,6
49679,2904,مزرعه شهیدرجایی,380899,6
49680,2904,تلمبه اکبری,380900,6
49681,2904,تلمبه علی رهبر,380902,6
49682,2904,تلمبه سلیمان,380903,6
49683,2904,ناصرآباد پشت رود,383885,6
49684,2904,تلمبه احمدپورحاتمی,383892,6
49685,2904,حسن آبادخشک,383905,6
49686,2904,تلمبه تازه تاسیس عشایری واگذاری فر,384555,6
49687,2904,علی آباد زینبیه,384797,6
49688,2904,دهنو وکیل آباد,808801,6
49689,2905,ابراهیم آباد,093846,6
49690,2905,ده ارجمند,093847,6
49691,2905,اکبرآباد ارجمند,093849,6
49692,2905,امین آباد,093852,6
49693,2905,ایستگاه کشاورزی,093853,6
49694,2905,بدرآباد,093856,6
49695,2905,جنت آباد,093858,6
49696,2905,چغوک آباد,093859,6
49697,2905,حسن آباد ده کره,093860,6
49698,2905,خواجه آباد,093862,6
49699,2905,ده وسط,093865,6
49700,2905,ده نو عزیزآباد,093866,6
49701,2905,سعادت آبادگلشن,093868,6
49702,2905,سیاهک صدرآباد,093869,6
49703,2905,شمس آباد,093870,6
49704,2905,شیله درویش مراد,093871,6
49705,2905,علی آباد تدین,093874,6
49706,2905,فردوسیه,093876,6
49707,2905,قدرت آباد,093877,6
49708,2905,قصر,093878,6
49709,2905,قلعه عزیزآباد,093880,6
49710,2905,کامرانیه بالا,093881,6
49711,2905,کامرانیه پایین,093882,6
49712,2905,کدوربالا,093883,6
49713,2905,کمپوری اول,093884,6
49714,2905,کمپوری دوم,093885,6
49715,2905,محمدآباد آب شیرین,093886,6
49716,2905,محمدآبادسید,093887,6
49717,2905,میرآباد ارجمند,093889,6
49718,2905,کدورپایین,380904,6
49719,2905,موتورپلاکستون تاجیکان,380905,6
49720,2905,موتورپلاکستون حسن خانی,380906,6
49721,2905,موتورابوذر,380907,6
49722,2905,موتورنخعی 1,380908,6
49723,2905,دولت آباد,383891,6
49724,2905,موتورنخعی2,384438,6
49725,2905,مهدی آباد دارایی,808705,6
49726,2906,اسماعیل آباد,093510,6
49727,2906,برز رفیع آباد,093515,6
49728,2906,جلال آباد,093523,6
49729,2906,دهنوانصاری,093529,6
49730,2906,رفیع آباد,093530,6
49731,2906,زرین آباد,093533,6
49732,2906,سیف آباد,093539,6
49733,2906,عنایت آباد,093543,6
49734,2906,قناد,093548,6
49735,2906,کلاه آباد,093551,6
49736,2906,کهن محله بالا,093552,6
49737,2906,کهن محله پایین,093553,6
49738,2906,ملک آباد,093559,6
49739,2906,زیارتگاه امام رضا,380845,6
49740,2906,زیارت پیرسبز,380847,6
49741,2906,محمدآبادمشک,380849,6
49742,2907,ابراهیم آباد,093509,6
49743,2907,باقرآباد,093513,6
49744,2907,برون آباد,093516,6
49745,2907,حجت آباد,093525,6
49746,2907,فضل آباد,093544,6
49747,2907,فقیرآباد,093545,6
49748,2907,محمدآبادشیخ,093556,6
49749,2907,مومن آباد,093560,6
49750,2907,مهدی آباد,093561,6
49751,2907,ناصرآباد,093563,6
49752,2907,همت آباد,093567,6
49753,2907,هوشنگیه,093568,6
49754,2908,پاگدار,116085,6
49755,2908,پشته خراسان,116086,6
49756,2908,پشته قلعه,116087,6
49757,2908,تلمبه آب برخشوییه,116090,6
49758,2908,تلمبه اسلام آباد دره شور,116092,6
49759,2908,تلمبه امیری دره شور,116095,6
49760,2908,تلمبه باقرمحمدی فاریاب,116097,6
49761,2908,تلمبه های پاریک فاریاب,116098,6
49762,2908,تلمبه پنجشنبه تاجیک,116100,6
49763,2908,مزرعه امام,116101,6
49764,2908,تلمبه چیل خشک,116111,6
49765,2908,تلمبه چنگیزمالکی فاریاب,116112,6
49766,2908,تلمبه حسین تاجیک فاریاب,116114,6
49767,2908,دادالهی,116120,6
49768,2908,تلمبه دادمراد روی دل فاریاب,116121,6
49769,2908,سوهتال,116134,6
49770,2908,موتورعلیرضا هاشمی فاریاب,116136,6
49771,2908,تلمبه علی دلخوشی,116146,6
49772,2908,تلمبه های کوره گزی فاریاب,116161,6
49773,2908,تلمبه کهنک فاریاب,116165,6
49774,2908,کهور دراز,116166,6
49775,2908,تلمبه مرادی دره شور,116183,6
49776,2908,تلمبه ملاموس,116187,6
49777,2908,تلمبه یداله تاجیک ریحان آباد,116192,6
49778,2908,تلمبه یعقوب علی تاجیک,116193,6
49779,2908,تلمبه 22بهمن دره شور,116194,6
49780,2908,چاه بیدبزرگ,116196,6
49781,2908,چاه بیدکوچک,116197,6
49782,2908,چاه زیارت دانیال,116199,6
49783,2908,چاه عبدل فاریاب,116201,6
49784,2908,چاه کهور,116202,6
49785,2908,حرمه بزرگ,116208,6
49786,2908,حرمه کوچک,116209,6
49787,2908,حسن آباد,116210,6
49788,2908,حسین آبادسرگل,116212,6
49789,2908,حورچاه گزحومه,116213,6
49790,2908,دره شور,116217,6
49791,2908,دهنو,116218,6
49792,2908,زنگاروییه,116224,6
49793,2908,سرشک,116228,6
49794,2908,سرگل,116230,6
49795,2908,سنگ سفید,116235,6
49796,2908,شارب ماء,116236,6
49797,2908,شریک آباد,116238,6
49798,2908,شریک آباد میلوییه,116239,6
49799,2908,شقلمی,116240,6
49800,2908,شورانی,116242,6
49801,2908,عباس آباد,116243,6
49802,2908,عزیزآباد,116245,6
49803,2908,قوچان حرمه,116249,6
49804,2908,کم زرد,116250,6
49805,2908,لاچ آباد,116258,6
49806,2908,لاوران,116259,6
49807,2908,تلمبه رمضان چوپان زاده,383237,6
49808,2908,تلمبه حسین نظری و یوسف,383238,6
49809,2908,تلمبه حسین شکوهی,383240,6
49810,2908,موسسه کشاورزی و دامداری گارم,383242,6
49811,2908,موسسه کشاورزی و دام داری حمیدآباد,383243,6
49812,2908,خشکار,383244,6
49813,2908,تلمبه دکترپلاشی فاریاب,383245,6
49814,2908,تلمبه حسین شورا,383246,6
49815,2908,تلمبه غلامرضامحمدی,383248,6
49816,2908,تلمبه ابراهیم گداری,383249,6
49817,2908,تلمبه مراد میرزاده,383250,6
49818,2908,تلمبه رومانی,383251,6
49819,2908,تلمبه مرتضی اصغری,383252,6
49820,2908,اسلام آباد درویش خانکا,383253,6
49821,2908,پاچیل,383254,6
49822,2908,تلمبه علی پنجشنبه گروکی,383255,6
49823,2908,تلمبه قاسم تاجیک قنبرآباد,383256,6
49824,2908,موتورحسن تاجیک,383257,6
49825,2908,موتور رمضان تاجیک گاوچاه,383258,6
49826,2908,حسین آباد حرمه,383261,6
49827,2908,گلو فردحرمه,383262,6
49828,2908,تلمبه جلال براهویی فاریاب,383263,6
49829,2908,تلمبه هشت عامری,383264,6
49830,2908,تلمبه مالکی رامسر فاریاب,383265,6
49831,2908,تلمبه مالکی پاتم فاریاب,383266,6
49832,2908,تلمبه مالکی شیله فاریاب,383267,6
49833,2908,تلمبه مالکی شاهدخت فاریاب,383268,6
49834,2908,تلمبه عشایری شمشیرسلاجقه,383269,6
49835,2908,تلمبه عشایری امان اله یزدانیان,383270,6
49836,2908,موتور مشاع یک ریحان آباد,383271,6
49837,2908,حاجی آباد,383272,6
49838,2908,تلمبه حسن کوهی,384054,6
49839,2908,آدوری,385141,6
49840,2908,موتورپمپ عشایری پورامیری,808053,6
49841,2908,مزرعه مستقل برکتی,808813,6
49842,2908,مزرعه مستقل بهمن آباد,808817,6
49843,2909,باغ پشمرکی,116077,6
49844,2909,بلوچ آبادسرگریچ,116081,6
49845,2909,تلمبه رضا مظفری سرگریج,116129,6
49846,2909,موتورهای شهیدآبادشور سرگریج,116139,6
49847,2909,تلمبه قلندری,116153,6
49848,2909,کریم آباد سرگریچ,116158,6
49849,2909,موتورهای چاه زیارت شیخ مختارسرگریج,116179,6
49850,2909,تلمبه مختار کهورآبادی,116180,6
49851,2909,تلمبه میرزاخان سرگریج,116189,6
49852,2909,چاه شهم سرگریچ,116195,6
49853,2909,چاه نی سرگریچ,116204,6
49854,2909,چپر,116205,6
49855,2909,درش نمو,116216,6
49856,2909,سبزان,116225,6
49857,2909,موتورهای سردگ سرگریج,116227,6
49858,2909,کنار,116252,6
49859,2909,گلدسته,116255,6
49860,2909,مقرب,116303,6
49861,2909,مهروییه بالا,116306,6
49862,2909,مهروییه پایین,116307,6
49863,2909,سه چاه,383228,6
49864,2909,تلمبه عشایری محمدی سردک,383229,6
49865,2909,کنار رشکی,383230,6
49866,2909,تلمبه ابراهیم آبادسالاری,383232,6
49867,2909,عباس آباد سرگریچ,383233,6
49868,2909,تلمبه عشایری مرادیاسر سرگریج,383234,6
49869,2909,حسین آباد سرگریج,383235,6
49870,2909,حسن آباد,383236,6
49871,2909,تلمبه احمدآبادسرگریچ,384055,6
49872,2910,اسلام آباد چاه نارنج,116076,6
49873,2910,تلمبه جاودانی,116102,6
49874,2910,تلمبه حسین سهرابی,116116,6
49875,2910,تلمبه رحمت اله شریفی,116127,6
49876,2910,تلمبه زاغی ارزینی,116132,6
49877,2910,تلمبه ملک دلداری,116186,6
49878,2910,تلمبه شاهپوری,116191,6
49879,2910,چاه زیارت,116198,6
49880,2910,چاه نارنج,116203,6
49881,2910,حیدرآباد چاه نارنج,116214,6
49882,2910,رستم آباد,116222,6
49883,2910,موتور ارزنی حور,116260,6
49884,2910,موتوراسفندی حور,116261,6
49885,2910,موتورهای اسلام آباد حور,116262,6
49886,2910,موتورهای پاریک امیری,116266,6
49887,2910,موتورهای جمال آباد حور,116269,6
49888,2910,موتورهای زنجیری حور,116270,6
49889,2910,موتور چاه دوکهور,116271,6
49890,2910,موتور چاه بگی حور,116273,6
49891,2910,موتورهای چاه خشک حور,116274,6
49892,2910,موتورهای چاه شورحور,116277,6
49893,2910,حجازی,116279,6
49894,2910,موتورهای حسین آبادحور,116280,6
49895,2910,موتورهای حورعلیا,116281,6
49896,2910,موتورهای خشک اوری حور,116282,6
49897,2910,چاه دکان,116283,6
49898,2910,موتور رییسی قلندری حور,116287,6
49899,2910,موتور سرکندری حور,116290,6
49900,2910,موتورهای سلیمان آباد حور,116291,6
49901,2910,موتورعباس آباد بالاحور,116292,6
49902,2910,موتورعباس آباد,116293,6
49903,2910,موتور علی آباد حور,116294,6
49904,2910,موتورهای لردآباد حور,116298,6
49905,2910,مرادآباد,116299,6
49906,2910,موتورهای مستضعفین حور,116300,6
49907,2910,موتور هزاربوته حور,116301,6
49908,2910,ساردوییه/بلوچستانی,383273,6
49909,2910,موتوررسول آباد حور,383274,6
49910,2910,موتورسهرابی حور,383275,6
49911,2910,موتورهای منتل آباد,383277,6
49912,2910,باغ ملی حور,383278,6
49913,2910,موتورهای بهزادی گودری حیدرآباد,383279,6
49914,2910,تلمبه کرامت دانشی,383280,6
49915,2910,پاریگ طریقی,808052,6
49916,2910,اکبر آباد,808741,6
49917,2910,پاریگ سهرابی,808742,6
49918,2911,اصتاغان,096070,6
49919,2911,چاله,096091,6
49920,2911,زهمکان,096108,6
49921,2911,سرگر,096112,6
49922,2911,سوزوییه,096115,6
49923,2911,علی ظهوران,096126,6
49924,2911,ماران,096147,6
49925,2911,مغنر,096150,6
49926,2911,آب باد,116075,6
49927,2911,بق کرته,116080,6
49928,2911,دهنه ابشوییه,116219,6
49929,2911,سرتنگ دره ای,116226,6
49930,2911,لایی سران,116257,6
49931,2911,موردان,116304,6
49932,2911,نارمند,116308,6
49933,2911,گیشو,381412,6
49934,2911,سرنی آشوب,383281,6
49935,2911,پشته مازج,383282,6
49936,2911,ده الهیار,383283,6
49937,2911,سرگز دهنو,808224,6
49938,2911,گیو دختر,808553,6
49939,2911,مزرعه مستقل گلوییه,808818,6
49940,2912,آب نی /بادام شولو/,090052,6
49941,2912,آب کرایه,090054,6
49942,2912,آدوری,090056,6
49943,2912,تلمبه آقاجانی,090060,6
49944,2912,الله آباد/الله آباد ده شیخ /,090062,6
49945,2912,باغویه,090063,6
49946,2912,پده,090065,6
49947,2912,پیربیابانی,090066,6
49948,2912,تلمبه رکن الدینی,090069,6
49949,2912,تلمبه غنچعلی خان,090070,6
49950,2912,تلمبه حاجی اعظم پور/تلمبه حاجی /,090071,6
49951,2912,تلمبه خدایار,090073,6
49952,2912,موتورشیرازیها,090078,6
49953,2912,تنبوله,090084,6
49954,2912,توکل آباد,090085,6
49955,2912,تیرفت,090086,6
49956,2912,جنت آباد,090087,6
49957,2912,چیل آباد/موتورسالاری /,090092,6
49958,2912,حسن آباد/حسن آباد سنگ مکی /,090094,6
49959,2912,حسن آباد قراری,090095,6
49960,2912,حسین آباد,090096,6
49961,2912,حیدرآباد,090097,6
49962,2912,خرم آباد,090098,6
49963,2912,دولت آباد,090100,6
49964,2912,ده شیخ,090101,6
49965,2912,ده نو,090102,6
49966,2912,رحمت آباد,090104,6
49967,2912,سورمندی,090112,6
49968,2912,شاداب,090113,6
49969,2912,شورک,090116,6
49970,2912,علی آباد,090122,6
49971,2912,علی آباد تختخواجه /تخت خواجه پایین /,090123,6
49972,2912,علی آباد شمشیربر,090124,6
49973,2912,علی آباد قطب الدین /تخت خواجه بالا/,090125,6
49974,2912,قاسم آباد,090129,6
49975,2912,قایم آباد,090130,6
49976,2912,قلات نارو,090133,6
49977,2912,قنات سفید,090134,6
49978,2912,کریم آباد,090137,6
49979,2912,گیهوییه,090141,6
49980,2912,محمدآباد,090142,6
49981,2912,محمودآباد,090143,6
49982,2912,مراد آباد,090144,6
49983,2912,موتوراله آباد سلطانی,090146,6
49984,2912,موتوربلوچها,090147,6
49985,2912,موتورحسین اخلاص پور,090148,6
49986,2912,موتور زرگرها شماره 1,090150,6
49987,2912,موتور زرگرها شماره 2,090151,6
49988,2912,موتورشهیدداودحاتمی,090153,6
49989,2912,موتورکریم آباد,090155,6
49990,2912,موتورگروه 15خرداد,090156,6
49991,2912,موتور22خرداد,090160,6
49992,2912,موتور17شهریور,090161,6
49993,2912,موردوییه,090162,6
49994,2912,مهر آباد,090164,6
49995,2912,موتورطرح/قویون /,266301,6
49996,2912,قادر آباد,266302,6
49997,2912,سوزنجان/ سوزنجان امیری /,380014,6
49998,2912,تلمبه رشیدفرخی,380015,6
49999,2912,موتور الله آباد شماره 7,380017,6
50000,2912,موتور22بهمن /مشاع 22بهمن /,380018,6
50001,2912,تلمبه ساعی زاده,380020,6
50002,2912,موتورعشایری شماره 248موتوردیپلمه ها,380022,6
50003,2912,موتورعشایرهادی,380023,6
50004,2912,موتورعشایری ( حمزه ای ),380026,6
50005,2912,موتور عشایری منوچهر حمزه ای,380027,6
50006,2912,شورک پایین,380028,6
50007,2912,شیخ عبدالله,380029,6
50008,2912,موتورعشایری مرادسلطانی,380033,6
50009,2912,ابگرم,380035,6
50010,2912,موتور ریگ,380036,6
50011,2912,رحیم آباد,380038,6
50012,2912,اسلام آباد,380039,6
50013,2912,تعاونی کشاورزی سوم شعبان,380040,6
50014,2912,مجمع موتورهای بلوچها,380041,6
50015,2912,موتور یحیی بلوردی,380042,6
50016,2912,موتور عشایر شیرزاد1,380044,6
50017,2912,موتور عشایرشیرزاد2,380045,6
50018,2912,موتورپوزه سلیمانی,380046,6
50019,2912,مزرعه شاداب,380047,6
50020,2912,موتور پمپ ابراهیم اخلاص پور/احمدافش,380048,6
50021,2912,تلمبه رحیم پور,380049,6
50022,2912,موتورحسن خواجوی عشایری,380050,6
50023,2912,موتورعشایرمحمدسفینه تاج,380051,6
50024,2912,موتور پمپ نصر 1,383586,6
50025,2912,نصر دو شهیدچمران,383587,6
50026,2912,موتور پمپ نصر 3,383588,6
50027,2912,موتور پمپ نصر 4,383589,6
50028,2912,موتور پمپ نصر 5,383590,6
50029,2912,موتورحمزه اشرف زاده,384169,6
50030,2912,موتورشهیداحمداعظم پور,384170,6
50031,2912,موتورعشایری محمدصفی نتاج,384173,6
50032,2912,موتور پمپ عشایری گروه111,384316,6
50033,2912,موتورعشایری گروه112,384317,6
50034,2912,موتور پمپ بهارستان,384319,6
50035,2912,موتور پمپ عشایری احمدافشارگروه 10,384320,6
50036,2912,موتور پمپ شهیدیعقوبی,384321,6
50037,2912,موتورپمپ ناصرسلطانی شرکت270,384322,6
50038,2912,موتورطرح کشت کنگور,384323,6
50039,2912,موتو ر پمپ محمد رضا پیرمرادی,384325,6
50040,2912,موتور پمپ علی مرادبهرام نژاد,384328,6
50041,2912,موتورپ مپ خداد بهرام نژاد,384329,6
50042,2912,موتورپ مپ شاه گزکریم آباد,384330,6
50043,2912,موتوراحمدافشار,384334,6
50044,2912,موتور پمپ آزادگان,384335,6
50045,2912,موتور پمپ شهدای بهرام نژاد,384336,6
50046,2912,موتور پمپ احمدگنجی,384338,6
50047,2912,موتور پمپ شمس,384343,6
50048,2912,ایزد آباد,384651,6
50049,2912,موتورالله آباد شاداب,384652,6
50050,2912,موتور مراد سلطانی,384774,6
50051,2912,رحیم آباد موتور حسین حاتمی,384776,6
50052,2912,موتور بختیار اخلاص پور,384778,6
50053,2912,مجمع موتور راینی ها,384784,6
50054,2912,موتور پمپ آبیاری,384785,6
50055,2912,عباس قاری,384788,6
50056,2912,موتور پمپ گل سرخی,384789,6
50057,2912,موتور پمپ عباس نوروزپور,384790,6
50058,2912,شمس آباد,808072,6
50059,2912,سنگ آباد,808073,6
50060,2912,منطقه سرگز,808074,6
50061,2912,مزرعه طرح پده بید,808075,6
50062,2912,مزرعه طرح سبزه بلوچ,808076,6
50063,2912,مزرعه دیپلمه ها,808077,6
50064,2912,گرمسیر,808078,6
50065,2912,خرمن سوخته,808079,6
50066,2912,مهاجر آباد,808080,6
50067,2912,موتور پمپ شهید مفتح,808599,6
50068,2912,تلمبه حسن قادری,808667,6
50069,2912,موتور پمپ امام سجاد,808704,6
50070,2913,آب کرکوییه,090055,6
50071,2913,ارگ,090058,6
50072,2913,تلمبه خوارزمی,090074,6
50073,2913,جنجوییه,090088,6
50074,2913,چاه بغل,090089,6
50075,2913,درباغ,090099,6
50076,2913,دهنو,090103,6
50077,2913,رحیم آباد,090105,6
50078,2913,سلطان آباد,090109,6
50079,2913,شرکت تعاونی تولیدروستایی سلطان آباد,090115,6
50080,2913,عوض آباد,090126,6
50081,2913,قدمگاه امیرالمولنین,090131,6
50082,2913,قلعه نو,090132,6
50083,2913,موتور آب سبز,090145,6
50084,2913,نصیراباد تلمبه نصیرآباد,090167,6
50085,2913,وکیل آباد,090168,6
50086,2913,همت آباد,090169,6
50087,2913,دستگاه کشت وصنعت,090172,6
50088,2913,مزرعه شکرآب (ناصریه ),380000,6
50089,2913,موتور مهدی اباذری,380001,6
50090,2913,تلمبه عشایری احمدملک پور,380002,6
50091,2913,اراضی قلعه نو,380005,6
50092,2913,مزرعه علی آباد,384291,6
50093,2913,آب کار عشایرگروه25,384310,6
50094,2913,اکرم حیدری20,384311,6
50095,2913,تلمبه محمدعلی وزیری,384313,6
50096,2913,موتورعشایری شماره 28 مهدی صادقی,384314,6
50097,2913,ابراهیم آباد دشت بر,384422,6
50098,2913,موتورعشایری شماره یک,384650,6
50099,2913,موتور محمدحسین صفی نژاد,384795,6
50100,2913,موتور پمپ اکبری موتورخلیفه ای 6,384914,6
50101,2913,موتور قربانعلی قاسمی,385047,6
50102,2914,اسماعیل آباد,090959,6
50103,2914,باغ قنبر,090961,6
50104,2914,باغ کنار,090962,6
50105,2914,بونغان,090963,6
50106,2914,پتکان,090964,6
50107,2914,جوغان,090966,6
50108,2914,چاله,090967,6
50109,2914,چشمه ننه گز,090970,6
50110,2914,خسرو آباد,090971,6
50111,2914,خیر آباد,090972,6
50112,2914,دررز,090973,6
50113,2914,درمورت,090974,6
50114,2914,درنیان,090975,6
50115,2914,دورهمی,090976,6
50116,2914,ده سالار1,090977,6
50117,2914,ده سالار2,090978,6
50118,2914,ده نظر,090979,6
50119,2914,ده نو,090980,6
50120,2914,سروستان,090982,6
50121,2914,سوهاندر,090983,6
50122,2914,شاهماران,090984,6
50123,2914,قنات,090986,6
50124,2914,قنات قاضی,090987,6
50125,2914,گلستان,090990,6
50126,2914,گلوییه دهنو,090991,6
50127,2914,گورخسرو,090992,6
50128,2914,گیجوییه,090993,6
50129,2914,مزار/بزاد/,090994,6
50130,2914,مهدی آباد,090996,6
50131,2914,نورآباد,090997,6
50132,2914,آب گرموییه,091267,6
50133,2914,آب گروییه,091268,6
50134,2914,استخروییه,091269,6
50135,2914,راونان,091271,6
50136,2914,باغ یاس,091273,6
50137,2914,بانه باغ,091274,6
50138,2914,بانه گوهر,091275,6
50139,2914,بنابدان,091276,6
50140,2914,چاه سبز,091281,6
50141,2914,چنار,091283,6
50142,2914,حاج یوسف,091284,6
50143,2914,دره نیکوییه,091287,6
50144,2914,دری جیرا,091288,6
50145,2914,رازیان,091289,6
50146,2914,رزدر,091290,6
50147,2914,زرشک,091291,6
50148,2914,سفیدخانی,091292,6
50149,2914,سیاه اشکفتوییه,091294,6
50150,2914,سیوین,091295,6
50151,2914,شمیلان,091296,6
50152,2914,شوق آباد,091297,6
50153,2914,عمرودوییه,091298,6
50154,2914,گلوانار,091300,6
50155,2914,گلوسیاه,091301,6
50156,2914,گودحوض,091302,6
50157,2914,مورتجتو,091304,6
50158,2914,بن آب,091578,6
50159,2914,حسین آباد خانی,091595,6
50160,2914,دم آب,091599,6
50161,2914,کلیان,091615,6
50162,2914,بنه باداموییه,380081,6
50163,2914,جعفرآباد,380082,6
50164,2914,باغ چنجری,380083,6
50165,2914,شهریاری,380085,6
50166,2914,علی آباد,380086,6
50167,2914,حسین آباد,380087,6
50168,2914,جرنگ آباد,380089,6
50169,2914,مناره,380090,6
50170,2914,چاه انجیر,380091,6
50171,2914,تابیدر,380095,6
50172,2914,چاه مکی,380096,6
50173,2914,زاغدار,384176,6
50174,2914,گل بید,384177,6
50175,2914,علی آباد نیکخو,384178,6
50176,2914,موتورسعداله ده سالار,384179,6
50177,2914,موتورشماره 1مرتع داری شهیدامیرطاهر,384180,6
50178,2914,موتورشماره 2مرتع داری شهیدامیرطاهر,384181,6
50179,2914,موتورشماره 3کشت علوفه,384182,6
50180,2914,موتورحمزه سیدالشهدا,384183,6
50181,2914,عباس آباد,384184,6
50182,2914,مزرعه سرهنگی,808096,6
50183,2914,موتور پمپ شهید مرادی _ چاه جمال,808593,6
50184,2915,باغان,091353,6
50185,2915,باغ زعیما,091354,6
50186,2915,سرخان,091384,6
50187,2915,گچین,091400,6
50188,2915,گزبر,091401,6
50189,2915,معدن دویست متری,091403,6
50190,2915,نرآب,091408,6
50191,2915,معدن آبدشت,380058,6
50192,2915,معدن صوغان,380061,6
50193,2916,بنه نرگس,091278,6
50194,2916,ابراهیم آباد,091346,6
50195,2916,اسلام آباد,091347,6
50196,2916,آشین سفلی,091349,6
50197,2916,آشین علیا,091350,6
50198,2916,امیرآباد1,091351,6
50199,2916,بریچ,091358,6
50200,2916,پرنت آباد,091360,6
50201,2916,تلمبه محمدشفیع,091363,6
50202,2916,تلمبه یاراله,091364,6
50203,2916,چاه افتخار,091370,6
50204,2916,حسین آباد1,091371,6
50205,2916,حیدرآباد,091374,6
50206,2916,خیرآباد,091375,6
50207,2916,دروییه,091377,6
50208,2916,دشت ده,091380,6
50209,2916,ده گوشه,091381,6
50210,2916,دهان,091382,6
50211,2916,سغنگ,091383,6
50212,2916,سنگ چشمه 2,091385,6
50213,2916,سنگ چشمه 1,091386,6
50214,2916,تلمبه شیرزاد,091391,6
50215,2916,فتح آباد,091395,6
50216,2916,موتور زنجیری,091405,6
50217,2916,ناصری,091407,6
50218,2916,والی آباد,091409,6
50219,2916,دره مورتی,091411,6
50220,2916,باغ برج,096073,6
50221,2916,باغ خراب,096075,6
50222,2916,بنه باغ,096081,6
50223,2916,چناران 1,096097,6
50224,2916,سفید باغ,096116,6
50225,2916,سیخوران,096119,6
50226,2916,شغال کوه,096120,6
50227,2916,صولوییه,096122,6
50228,2916,حسن آباد,266321,6
50229,2916,امامزاده زکریا,380063,6
50230,2916,نصرت آباد سه دانگه,380067,6
50231,2916,سیدعلی شهیدی,380071,6
50232,2916,موتور آدوری,380076,6
50233,2916,معدن قل قلو,380079,6
50234,2916,معدن گدارتول /معدن گدارطول /,380080,6
50235,2916,باغ نوروز,381406,6
50236,2916,بید استخر,381407,6
50237,2916,بن سفید,381408,6
50238,2916,تلمبه کوهزاد,384190,6
50239,2916,چک چک,384195,6
50240,2916,عباس آباد افسری,384204,6
50241,2916,هور آب,384301,6
50242,2916,ابراهیم آباد سیخوران,808608,6
50243,2916,محمد آباد,808653,6
50244,2916,چاه دوییه,808654,6
50245,2917,احمدیه,093314,6
50246,2917,اکبرآباد,093966,6
50247,2917,حجت آباد,093976,6
50248,2917,دهنوگنبکی,093981,6
50249,2917,سلمان آباد,093982,6
50250,2917,شلتوک آباد,093983,6
50251,2917,فتحیه,093986,6
50252,2917,فردوس,093987,6
50253,2917,قاسم آباد پیرالماس,093988,6
50254,2917,قلندرآباد,093989,6
50255,2917,محمودیه,093994,6
50256,2917,همت آباد واهب,093998,6
50257,2917,زیارتگاه پیرالماس,380920,6
50258,2917,قدمگاه ابوالفضل,380921,6
50259,2917,کشت و زراعت طرح مالچ,380922,6
50260,2917,موتورسرجنگلداری طرح مالچ,380923,6
50261,2917,تلمبه شماره 2پشه خانه,380968,6
50262,2917,پست برق132/ 20,384801,6
50263,2917,مجتمع خدمات رفاهی امینیان,808604,6
50264,2917,تاسیسات شن و ماسه -جهاد نصر,808605,6
50265,2917,داوودیه,808670,6
50266,2917,تلمبه نونهالان,808671,6
50267,2917,تلمبه سجادی,808672,6
50268,2917,محمدآباد جر,808673,6
50269,2917,سعیدآباد حوتان رخشانی,808677,6
50270,2918,انارک بالا,094853,6
50271,2918,انارک پایین,094854,6
50272,2918,بگ سگیلان,094863,6
50273,2918,بگ گرازی,094864,6
50274,2918,بگ لولیان,094865,6
50275,2918,بند نذرکش,094874,6
50276,2918,پشموکک,094882,6
50277,2918,پنج ستاره,094883,6
50278,2918,تله پاسگاه,094890,6
50279,2918,چشمه ریگی,094922,6
50280,2918,حلیله ای,094932,6
50281,2918,دوزخ دره,094954,6
50282,2918,ده ریی,094959,6
50283,2918,ده رستم,094960,6
50284,2918,ده عالی,094961,6
50285,2918,دهکن,094965,6
50286,2918,دهنو کسورک,094967,6
50287,2918,دهنه باغ,094969,6
50288,2918,دهنه بکلی,094970,6
50289,2918,زمین کنار,094985,6
50290,2918,زمین مورت,094986,6
50291,2918,زیارت شاه,094988,6
50292,2918,زینب کشته,094989,6
50293,2918,سرگری,094997,6
50294,2918,قاسم آباد,095027,6
50295,2918,کلاشه,095038,6
50296,2918,کنارتجگی,095039,6
50297,2918,گاوکش,095062,6
50298,2918,گود دراز,095063,6
50299,2918,گودپایین,095082,6
50300,2918,گودماهی,095083,6
50301,2918,مولوی بالا,095123,6
50302,2918,میان زمین /انجیرزیرکی /,095126,6
50303,2918,ناصرآباد,095128,6
50304,2918,نه ای,095134,6
50305,2918,آب باریک,380841,6
50306,2918,کهن طاق,381746,6
50307,2918,زیارت بنه (زناغی ),381747,6
50308,2918,سنگ گیلان,381748,6
50309,2918,باغ ستاره,381749,6
50310,2918,کاتاگری,381750,6
50311,2918,احمدآباد,381751,6
50312,2918,عزیزآباد,381752,6
50313,2918,وکیل آباد,381753,6
50314,2918,تیک خلا,381754,6
50315,2918,پای سرخ,381755,6
50316,2918,نگیون,381756,6
50317,2918,پای تم,381757,6
50318,2918,رزدر,381758,6
50319,2918,طلالی,381759,6
50320,2918,درابزار,381760,6
50321,2918,دوکوهک,381761,6
50322,2918,رودخانه جوی,381762,6
50323,2918,سیرکی,381763,6
50324,2918,سرگدار,381764,6
50325,2918,ده بید,381765,6
50326,2918,گلو زاغی,808619,6
50327,2918,کماهی,808694,6
50328,2918,اسلام آباد,808695,6
50329,2918,مولوی پایین,808696,6
50330,2918,ابراهیم آباد,808697,6
50331,2918,چفتی گود ماهی,808698,6
50332,2918,دورودی,808701,6
50333,2918,گت زردال,808773,6
50334,2918,ده حسن,808774,6
50335,2918,کلیچون,808799,6
50336,2918,مزرعه مستقل تنگ مکی,808821,6
50337,2919,شهاب آباد,093695,6
50338,2919,قادرآباد,093708,6
50339,2919,کریم آباد طبسی,093712,6
50340,2919,مهدی آباداولیاء,093727,6
50341,2919,باقرآباد چه گواری,093969,6
50342,2919,تلمبه باقرآباد,093973,6
50343,2919,تلمبه ناصریه,093974,6
50344,2919,حسین آباد آبشور,093978,6
50345,2919,ناصریه,093997,6
50346,2919,تلمبه علی چراغ,380926,6
50347,2919,تلمبه دادعباس,380927,6
50348,2919,تلمبه عباس حسین,380929,6
50349,2919,عبدل آباد,380930,6
50350,2919,تلمبه سرحدی,380932,6
50351,2919,تلمبه حسین آباد حیدر (سرافراز),380975,6
50352,2919,تلمبه موسی پیشکار,384433,6
50353,2919,تلمبه برقی علی هدایتی,384549,6
50354,2919,اسلام آباد کهور خشک,808580,6
50355,2919,عباس آباد بهادری,808674,6
50356,2919,ولی آباد,808759,6
50357,2919,مشاع امام حسین,808760,6
50358,2920,تلمبه شماره4 پشه خانه,093641,6
50359,2920,حاجی آباد حاج علی محمد,093658,6
50360,2920,دهنوصالح آباد,093681,6
50361,2920,صالح آباد,093697,6
50362,2920,علی آباد محمدقاسم خان,093705,6
50363,2920,میرآباد امامقلی,093728,6
50364,2920,اکرم آباد چه گواری,093967,6
50365,2920,بدرآباد چه گواری,093970,6
50366,2920,تقی آباد,093972,6
50367,2920,مرادآباد چه گواری,093995,6
50368,2920,ناصرآباد چه گواری,093996,6
50369,2920,اله آباد حاجی آباد,383903,6
50370,2920,موتور تحقیقات کشاورزی,808219,6
50371,2920,رضوانیه,808221,6
50372,2921,ابگرم,114888,6
50373,2921,بن تنگ,114894,6
50374,2921,پنگ,114902,6
50375,2921,تنگ جدایی,114906,6
50376,2921,کم سرتاپ,114917,6
50377,2921,چاه دادخدا,114921,6
50378,2921,چه بید,114936,6
50379,2921,دازان,114943,6
50380,2921,دم گیر,114945,6
50381,2921,درحمزه,114946,6
50382,2921,درراس,114947,6
50383,2921,درکمان,114949,6
50384,2921,رحمت آبادمیان دران,114965,6
50385,2921,ریگک,114968,6
50386,2921,سرخ گزین,114975,6
50387,2921,طبق,114982,6
50388,2921,عباس آباد,114983,6
50389,2921,کزکنار,114994,6
50390,2921,کم سفید,114998,6
50391,2921,گازبر,115011,6
50392,2921,گاوچهاران,115012,6
50393,2921,گرسور,115013,6
50394,2921,گراز آباد پنگ,115017,6
50395,2921,گزن گیابان,115018,6
50396,2921,گوالمان,115023,6
50397,2921,گلدشت,115025,6
50398,2921,لگو,115026,6
50399,2921,میان دران,115084,6
50400,2921,میل سعیدی,115086,6
50401,2921,میر فرهاد,115087,6
50402,2921,تحتالی,115088,6
50403,2921,چاه ابراهیم,115101,6
50404,2921,دونلی,383050,6
50405,2921,چزگو,383051,6
50406,2921,ساده میتون,383052,6
50407,2921,کل گو,383055,6
50408,2921,دمیر,383056,6
50409,2921,گروچان,383057,6
50410,2921,چاه عزیززهکلوت,383059,6
50411,2921,چاه جهانی,383060,6
50412,2921,میان اب,383061,6
50413,2921,شورو,383062,6
50414,2921,شتالو,383063,6
50415,2921,درگی,383064,6
50416,2921,زیران,383066,6
50417,2921,ده سرگل,383067,6
50418,2921,کناردنگ,383069,6
50419,2921,پتکی,383070,6
50420,2921,موتورمرادخادمی,384030,6
50421,2921,گنج کسور,384042,6
50422,2921,مختاراباد,384771,6
50423,2921,چاه علیشاه,384772,6
50424,2921,توکل آباد زهکلوت,385102,6
50425,2921,گز آباد(گزهک),385103,6
50426,2921,تلاران,808045,6
50427,2921,چاه گوجی,808047,6
50428,2921,علی آباد,808048,6
50429,2921,شهید آباد گلدشت,808049,6
50430,2921,محمودآباد,808051,6
50431,2921,سعید آباد ریگک,808616,6
50432,2921,الله آباد ریگک,808617,6
50433,2921,شهید آباد,808618,6
50434,2921,چاه راهی,808761,6
50435,2921,اسلام آباد,808762,6
50436,2921,چاه علم میاندران,808763,6
50437,2922,بندنه,114895,6
50438,2922,بوهنگ,114896,6
50439,2922,جازکلات,114909,6
50440,2922,چاه بهمن,114916,6
50441,2922,چاه علی کپری,114927,6
50442,2922,چاه کرک,114929,6
50443,2922,چهارچاهی,114937,6
50444,2922,کپری,114996,6
50445,2922,گارگارین,115010,6
50446,2922,موتورشکرسابقی,115064,6
50447,2922,حیدرآباد,266352,6
50448,2922,نقصان کپری,383035,6
50449,2922,موتورحاج حسن زندی,383037,6
50450,2922,موتوربختیارگل ملی,383038,6
50451,2922,نازدشت,383039,6
50452,2922,موتورجلال احسانی,383040,6
50453,2922,موتورموسی حقیقی,383041,6
50454,2922,موتورعلی سابقی,383042,6
50455,2922,چاه دشت بوهنگ,383043,6
50456,2922,موتورجان محمدنارویی,383044,6
50457,2922,گز آباد2,383047,6
50458,2922,چاه علم,383048,6
50459,2922,سه چاه,384037,6
50460,2922,موتورحسین بخرد2,384044,6
50461,2922,چاه کم شاد/شهدادی,808050,6
50462,2922,سبز دشت,808767,6
50463,2922,ریگ آباد,808802,6
50464,2922,مزرعه عزیزآباد,808807,6
50465,2923,تکل حسن,114904,6
50466,2923,چاه خدامراد رویدل,114920,6
50467,2923,مجموعه موتورهای چاه ریحان,114925,6
50468,2923,چاه علی غضوی 4,114926,6
50469,2923,موتورمحمدنمدادی فرچاه حسن,114930,6
50470,2923,ده گود,114960,6
50471,2923,رحمت آباد کتکی,114964,6
50472,2923,زیارت میرمقداد,114971,6
50473,2923,کریم آباد,115001,6
50474,2923,گرگ انداز,115014,6
50475,2923,گز آباد1,115015,6
50476,2923,محمدآباد کتکی,115029,6
50477,2923,موتورابراهیم خالق پور,115033,6
50478,2923,موتور آرزو جمال زاده,115034,6
50479,2923,موتورارزورحیمی چاه حسن,115035,6
50480,2923,موتوربلبل پردل,115036,6
50481,2923,موتوربهرام خالق پورچاه حسن,115037,6
50482,2923,موتورغلامحسین کوهستانی,115040,6
50483,2923,موتورچراغ دوستی زاده,115043,6
50484,2923,موتورحاجی قنبری چاه حسن,115044,6
50485,2923,موتور حسن قنبری1,115045,6
50486,2923,موتورحسین آزادچهر,115046,6
50487,2923,موتور خان محمد نارویی,115048,6
50488,2923,موتورخدامرادخالق پورچاه حسن,115049,6
50489,2923,خرمشهر,115051,6
50490,2923,موتوردادعلی بامری نسب چاه حسن,115052,6
50491,2923,موتوردادمحمدهشتوگانی چاه حسن,115053,6
50492,2923,موتوردادمراددرویشی چاه حسن,115054,6
50493,2923,موتوردادعباس هشتوگانی چاه حسن,115055,6
50494,2923,موتوررحمان خالق پورچاه حسن,115057,6
50495,2923,موتوررستم زین آبادی,115058,6
50496,2923,موتوررضاحاجبی چاه حسن,115059,6
50497,2923,موتور رمضان هشتوگانی,115060,6
50498,2923,موتورسهراب قنبری,115061,6
50499,2923,موتورسیدهشتوگانی,115062,6
50500,2923,موتورشکرخالق پور,115063,6
50501,2923,موتورعباس چترپیماچاه حسن,115066,6
50502,2923,موتورعباس خالق پور,115067,6
50503,2923,موتورعلی زندانی چاه حسن,115069,6
50504,2923,موتورعلی هشتوگانی,115070,6
50505,2923,موتورگل زارهشتوگانی چاه حسن,115071,6
50506,2923,موتورکل محمدقنبری چاه حسن,115072,6
50507,2923,موتورمحمد آزادچهر,115073,6
50508,2923,موتورمختارخالق پورچاه حسن,115074,6
50509,2923,موتورمحمدنعیمی چاه حسن,115075,6
50510,2923,موتورمحمدهشتوگانی چاه حسن,115076,6
50511,2923,موتورمختارپورازاد,115077,6
50512,2923,موتورنادردرویش منش,115078,6
50513,2923,موتورنواب درویش منش,115079,6
50514,2923,موتورنورمحمدبامری,115080,6
50515,2923,موتورنورمحمدپنداربخش,115081,6
50516,2923,موتورنورمحمدقنبری چاه حسن,115082,6
50517,2923,موتورعبدالله درویش منش چاه حسن,115083,6
50518,2923,موتورعیسی سهرابی,382956,6
50519,2923,موتورکل محمدقنبری,382957,6
50520,2923,موتورحسین باغبان1,382958,6
50521,2923,شرکت کشت وصنعت,382959,6
50522,2923,موتورچراغ قلندری چاه حسن,382960,6
50523,2923,موتورمرادهشترگانی,382961,6
50524,2923,موتورعلی نارویی محمدرضاعبدی چاه حسن,382963,6
50525,2923,مجموعه موتورهای امیرمهیمی چاه حسن,382964,6
50526,2923,موتورعلی بامری,382966,6
50527,2923,موتورمحمدکریمی چاه حسن,382967,6
50528,2923,موتورعلی احمدخالق پور,382968,6
50529,2923,موتورعلیمرادخالق پور,382970,6
50530,2923,موتور حسن قنبری2,382971,6
50531,2923,موتورعباس بهروزی چاه حسن,382972,6
50532,2923,موتور جهانگیرپور آزاد1,382975,6
50533,2923,موتورمهردل زارع,382976,6
50534,2923,موتورولی هشتوگانی,382977,6
50535,2923,موتورعلی خالق پورچاه حسن,382978,6
50536,2923,موتوربدل خالق پور,382979,6
50537,2923,موتوربهرام رییسی چاه حسن,382980,6
50538,2923,موتورخالق خالق پور,382981,6
50539,2923,موتوریداله خالق پورچاه حسن,382982,6
50540,2923,موتورابراهیم آزادی چاه حسن,382983,6
50541,2923,موتورفتح اله مینکی چاه حسن,382984,6
50542,2923,موتورعلی پورابولی چاه حسن,382986,6
50543,2923,موتورخدامرادخالقی پور,382988,6
50544,2923,موتورمحمدخالق پور,382989,6
50545,2923,موتورپورازادچاه حسن,382990,6
50546,2923,موتوررضابامری,382991,6
50547,2923,موتورمهردل هشتوگانی,382992,6
50548,2923,موتور جهانگیرپور آزاد2,382994,6
50549,2923,موتورمحمودشاه بخش,382997,6
50550,2923,موتورمزارهشتوگانی,382999,6
50551,2923,موتور عبدالحمید آزادچهر,383000,6
50552,2923,موتورعلی قنبری چاه حسن,383001,6
50553,2923,موتورحسن هشتوگانی چاه حسن,383003,6
50554,2923,موتورمرادهشتوگانی چاه حسن,383004,6
50555,2923,موتور محمدامین آزادچهر,383005,6
50556,2923,موتورگلزارهشتوگانی,383008,6
50557,2923,موتور آلمان منحی زاده,383010,6
50558,2923,موتور297گسترش مجیدعرب,383019,6
50559,2923,موتور شماره 302,383021,6
50560,2923,موتور ش 290 گسترش,383022,6
50561,2923,مجموعه موتورهای کشت وصنعت رفسنجان,383024,6
50562,2923,مجتمع کشاورزی دشت رودبار استانداری,383025,6
50563,2923,موتورموسی حقیقی 2,383026,6
50564,2923,موتور مزار فتحی,383027,6
50565,2923,موتور احمد میرجانی,383028,6
50566,2923,موتورموسی بادیار,383029,6
50567,2923,موتور287گسترش مسعود,383030,6
50568,2923,موتوردرویش بیرمی,383031,6
50569,2923,موتورمحمداحمدی,383032,6
50570,2923,چاه عباس غلامی,383033,6
50571,2923,چاه حسن احمدی,383034,6
50572,2923,موتورحبیب اله غدادی,383045,6
50573,2923,موتورحسین خورشیدی,383046,6
50574,2923,موتور شماره 294,383653,6
50575,2923,موتورامین ابراهیم زاده,383742,6
50576,2923,زیارت ملنگ,383743,6
50577,2923,نادعلی هشتوگانی,384034,6
50578,2923,تکل آباد,384036,6
50579,2923,موتورشماره 288شماره 1گسترش,384038,6
50580,2923,موتورشماره 294حسن دهمیری,384040,6
50581,2923,کمال آباد,384043,6
50582,2923,روستای چاه حسن,384556,6
50583,2923,محمدآباد چاه دشت,808046,6
50584,2923,تکل حسن 2,808764,6
50585,2923,جنگل آباد,808765,6
50586,2923,چاه کوهی,808766,6
50587,2924,حیدرآباد,114542,6
50588,2924,ابکهورک,114887,6
50589,2924,ابگرمو,114889,6
50590,2924,برج عباس آباد,114893,6
50591,2924,بهور,114897,6
50592,2924,پرواز1,114899,6
50593,2924,پرواز2,114900,6
50594,2924,پنج انگشت,114901,6
50595,2924,پیرکهور,114903,6
50596,2924,تنبور,114905,6
50597,2924,جری,114910,6
50598,2924,جعفرآباد,114911,6
50599,2924,جمجمه,114912,6
50600,2924,جنت آباد,114913,6
50601,2924,جنگل شور,114914,6
50602,2924,جوغن,114915,6
50603,2924,چاه دادعلی,114922,6
50604,2924,چشمه رجب,114932,6
50605,2924,چشمه ها,114933,6
50606,2924,چکری,114934,6
50607,2924,چنتکی,114935,6
50608,2924,حاجی آباد,114938,6
50609,2924,حشراباد,114941,6
50610,2924,دال آباد,114944,6
50611,2924,درکلن,114948,6
50612,2924,دریانیل,114950,6
50613,2924,دندسکی,114951,6
50614,2924,دوغ آباد,114953,6
50615,2924,ده اشرف,114955,6
50616,2924,ده بالا,114956,6
50617,2924,ده زرد,114957,6
50618,2924,ده عاشورپایین,114958,6
50619,2924,ده عاشوربالا,114959,6
50620,2924,دهنوجری,114962,6
50621,2924,دهنوکوهستان,114963,6
50622,2924,زین آباد,114972,6
50623,2924,سبزپوشان,114973,6
50624,2924,سبزگزی,114974,6
50625,2924,سنگ کت,114976,6
50626,2924,سورگاه,114977,6
50627,2924,شریک آباد,114980,6
50628,2924,شه بابا,114981,6
50629,2924,عزیز آباد1,114985,6
50630,2924,عزیز آباد2,114986,6
50631,2924,فارغان,114989,6
50632,2924,فتح آباد,114990,6
50633,2924,قنات نبات خانم,114992,6
50634,2924,قندهار,114993,6
50635,2924,کلشک آباد,115002,6
50636,2924,کلیتو,115003,6
50637,2924,کنت آباد,115004,6
50638,2924,کوهستان,115005,6
50639,2924,کهن رود,115006,6
50640,2924,کهن سعیدی,115007,6
50641,2924,کهورزرد,115009,6
50642,2924,گل کندی,115020,6
50643,2924,گلو,115021,6
50644,2924,گنارستان,115022,6
50645,2924,گیکو,115024,6
50646,2924,مشتین,115031,6
50647,2924,منی گز,115032,6
50648,2924,میان ده,115085,6
50649,2924,نروک,115089,6
50650,2924,نصرت آباد,115090,6
50651,2924,نظم آباد,115091,6
50652,2924,نوماهی,115094,6
50653,2924,نی بریم,115095,6
50654,2924,هشتوگان,115096,6
50655,2924,هوشفت,115097,6
50656,2924,روشن آباد,383073,6
50657,2924,نهضت آباد,383074,6
50658,2924,پشته زیارت,383075,6
50659,2924,چاه انقلاب,383076,6
50660,2924,شوراب,383077,6
50661,2924,لاتی کشته,383079,6
50662,2924,ده میر,383080,6
50663,2924,چاهکی,383082,6
50664,2924,گجگ,384035,6
50665,2925,ارزنچه سفلی,137398,6
50666,2925,ارزنچه علیا,137399,6
50667,2925,اولیا,137403,6
50668,2925,پاسگاه نیروی انتظامی پیش رباط,137406,6
50669,2925,پاسگاه نیروی انتظامی تپه سفید,137407,6
50670,2925,پاسگاه تپه سنجدی,137408,6
50671,2925,پاسگاه نیروی انتظامی تپه سیاه,137409,6
50672,2925,پاسگاه نیروی انتظامی چشمه وزیری,137411,6
50673,2925,پاسگاه حاجی آباد,137412,6
50674,2925,پاسگاه نیروی انتظامی قلعه اکبر,137413,6
50675,2925,ذبیح الله شیبانی /چاه اسماعیل شیبانی,137437,6
50676,2925,چاه احمد شاه /چاه سید عبدالرحمان,137439,6
50677,2925,چاه عمیق حنفی,137495,6
50678,2925,چاه محمد آباد قدس,137532,6
50679,2925,حاجی آباد,137591,6
50680,2925,دو غارون,137592,6
50681,2925,سرداب,137595,6
50682,2925,سفید بالا,137597,6
50683,2925,شمس آباد,137598,6
50684,2925,فیض آباد,137602,6
50685,2925,قومی,137603,6
50686,2925,کشگک,137611,6
50687,2925,کلاته حضرت,137612,6
50688,2925,حوزه انتظامی کال سنگ,137613,6
50689,2925,گمرک دوقارون,137623,6
50690,2925,ماوی,137624,6
50691,2925,محسن آباد,137625,6
50692,2925,میر آقا بیک,137631,6
50693,2925,پاسگاه تپه سنجدی جدید,392178,6
50694,2925,دوست محمدی / مرغداری حسین دوست محمدی,392186,6
50695,2925,عباس آباد,392214,6
50696,2925,پاسگاه نیروی انتظامی کال سنگ,392230,6
50697,2925,چاه مهروس کریمدادی,541544,6
50698,2925,پاسگاه انتظامی مرزی دوقارون,542684,6
50699,2925,پاسگاه شهید صارم بافنده,542685,6
50700,2926,اسد آباد دربند / دربند,137401,6
50701,2926,پاسگاه نیروی انتظامی هشتادان,137405,6
50702,2926,پاسگاه چاه قلعه,137410,6
50703,2926,فرمان آباد,137601,6
50704,2926,گرمه,137621,6
50705,2926,آبقه,137872,6
50706,2926,ایله,137877,6
50707,2926,پاسگاه میل کج,137884,6
50708,2926,پشته,137886,6
50709,2926,رهنه,137973,6
50710,2926,فرزنه,137986,6
50711,2926,قلعه نو آبقه,137989,6
50712,2926,کرات,137991,6
50713,2926,کوه آباد,137997,6
50714,2926,مقرپاسگاه چاه قلعه,392266,6
50715,2926,پاسگاه ارگ هشتادان,392270,6
50716,2926,پاسگاه چاه تلخ,392275,6
50717,2926,چاه قلعه قدیم,392276,6
50718,2926,زیارتگاه سرخر,540806,6
50719,2926,عنابه,540807,6
50720,2926,دنچ چاهی / دنج چاحی / چاه شیر احمد مهدی,540809,6
50721,2927,بهلول آباد,137131,6
50722,2927,پل بند,137134,6
50723,2927,خیرآباد/ چاه حاج عبدالغفور رجب علیزاد,137150,6
50724,2927,بیدک,137883,6
50725,2927,پساوه,137885,6
50726,2927,چهاربرجی,137965,6
50727,2927,خیابان,137970,6
50728,2927,سرخ سرا / سرخ سرای,137977,6
50729,2927,سمنگان,137980,6
50730,2927,شادی,137982,6
50731,2927,قادر آباد,137987,6
50732,2928,استای,137874,6
50733,2928,جوزقان,137891,6
50734,2928,حسینی,137966,6
50735,2928,سوران,137981,6
50736,2928,شیزن,137985,6
50737,2928,کوشکک,137996,6
50738,2928,کهجه,137998,6
50739,2929,ابجر سفلی,138246,6
50740,2929,ابجر علیا,138247,6
50741,2929,ازدی,138251,6
50742,2929,آسیاب دیو,138253,6
50743,2929,بازه کلات,138259,6
50744,2929,برگوی,138263,6
50745,2929,بسک,138264,6
50746,2929,بنای سفلی,138265,6
50747,2929,بنای علیا,138266,6
50748,2929,تاک متاک,138272,6
50749,2929,تنگی اجدانی,138276,6
50750,2929,ته رود,138278,6
50751,2929,حصار,138300,6
50752,2929,خلطی در,138303,6
50753,2929,خورش بر,138304,6
50754,2929,دربنای,138306,6
50755,2929,درخت سرون,138312,6
50756,2929,رزگ,138318,6
50757,2929,رودمعجن,138319,6
50758,2929,روسی,138320,6
50759,2929,سرخ آباد,138326,6
50760,2929,سرخنابید,138329,6
50761,2929,سفیلر / سقیدر,138332,6
50762,2929,سلونج,138333,6
50763,2929,سه بیگی,138335,6
50764,2929,شعب القاس علیا,138338,6
50765,2929,صالح آباد,138343,6
50766,2929,طاغنده,138346,6
50767,2929,فدیهه,138349,6
50768,2929,کلاته الیاس,138369,6
50769,2929,کلاته پیوند,138378,6
50770,2929,کلاته حاج حسن,138388,6
50771,2929,کلاته حسینی,138392,6
50772,2929,کلاته سرگدارسنگ اتش,138400,6
50773,2929,کلاته شفیعی,138405,6
50774,2929,کلاته عجلانی,138409,6
50775,2929,کلاته نارگش,138422,6
50776,2929,گاوسمرغ,138432,6
50777,2929,گشن,138435,6
50778,2929,میرزابیک,138443,6
50779,2929,کلاته جوزبر,393126,6
50780,2929,ازدی,393129,6
50781,2929,دامداری قربانی,393133,6
50782,2929,دامداری غلامزاده,393134,6
50783,2929,پیله خشک کنی حداد,393135,6
50784,2929,فکوری,542443,6
50785,2930,تلخ بخش,140922,6
50786,2930,اسفیز,141309,6
50787,2930,ایتوگی,141317,6
50788,2930,بازسیاه,141318,6
50789,2930,براق,141321,6
50790,2930,برس,141324,6
50791,2930,حصارک,141358,6
50792,2930,خوش هوا,141361,6
50793,2930,دافی,141362,6
50794,2930,رودخانه تلخ بخش,141367,6
50795,2930,زروند,141369,6
50796,2930,سید آباد,141375,6
50797,2930,گزوی,141435,6
50798,2930,گل هو,141437,6
50799,2930,محمدیه,141441,6
50800,2930,منصوریه,141443,6
50801,2930,مرغداری برازنده,392885,6
50802,2930,مرغداری خیاط زاده / دامداری خیاط زاده,392886,6
50803,2930,مرغداری کلالی,392887,6
50804,2930,مرغداری سید جواد غیاثی,392888,6
50805,2930,مرغداری علی صفایی,392889,6
50806,2930,مرغداری عادلی,392890,6
50807,2930,جروفدر,392895,6
50808,2930,استخر تلخ بخش,392896,6
50809,2930,قنات اله قلی,392897,6
50810,2930,قنات قزوی,392898,6
50811,2930,چاه موتور فرخی,392905,6
50812,2930,چاه موتور غفوری,392906,6
50813,2930,چاه موتور شالچی,392907,6
50814,2930,چاه موتور عادلی / چاه موتور زروند,392917,6
50815,2930,چاه مشهدی ها,392918,6
50816,2930,چاه عادلی,540104,6
50817,2930,چاه دیمکاران,540105,6
50818,2930,رزونه,542458,6
50819,2931,اختری,141081,6
50820,2931,بهبود,141090,6
50821,2931,چنگ کلاغ /چینگ کلاغ,141118,6
50822,2931,حصار یزدان,141123,6
50823,2931,خاموش آباد,141125,6
50824,2931,داوریه,141127,6
50825,2931,دوران,141133,6
50826,2931,سنگاب,141139,6
50827,2931,شورابک,141141,6
50828,2931,کته تلخ,141157,6
50829,2931,کلاته رحمان,141161,6
50830,2931,کلاته میانه / کلاته اسماعیل آباد,141164,6
50831,2931,کلاغ آباد سفلی,141165,6
50832,2931,کلاغ آباد وسطی,141167,6
50833,2931,گند چشمه,141173,6
50834,2931,محمد آباد,141174,6
50835,2931,نوژه / نوده,141188,6
50836,2931,پنگی,141336,6
50837,2931,ترقی,141338,6
50838,2931,چشمه ابور,141344,6
50839,2931,چولانک سفلی,141355,6
50840,2931,چولانک علیا,141356,6
50841,2931,شیردره,141379,6
50842,2931,کلاته ابراهیم خان,141392,6
50843,2931,کلاته حاجی,141398,6
50844,2931,کلاته حاج اسماعیل,141399,6
50845,2931,کلاته شیر محمد,141408,6
50846,2931,کلاته علی اکبر,141410,6
50847,2931,کلاته علی محمد/ کلاته ابراهیم ملا,141412,6
50848,2931,کلاته کاظم,141415,6
50849,2931,کلاته ملاحسن,141417,6
50850,2931,کلاته یعقوب علی,141420,6
50851,2931,گراب,141433,6
50852,2931,نصرت آباد,141445,6
50853,2931,الدرجک,141604,6
50854,2931,اله آباد,141607,6
50855,2931,برمک,141615,6
50856,2931,جالوهه,141618,6
50857,2931,حاجی بیگی,141632,6
50858,2931,ده منار,141640,6
50859,2931,رقیچه,141642,6
50860,2931,زمان آباد,141644,6
50861,2931,عبد آباد,141654,6
50862,2931,کلاته بزی,141670,6
50863,2931,کلاته عباس تقایی,141679,6
50864,2931,کلاته کوری,141689,6
50865,2931,کلاته محمد حسن,141690,6
50866,2931,نصراباد,141705,6
50867,2931,کلاته قره قاج,392781,6
50868,2931,کلاته نایب,392791,6
50869,2931,کلاته تلخ بزرگ,392883,6
50870,2931,درخت بید,392884,6
50871,2932,صنوبر,138345,6
50872,2932,فهندر,138352,6
50873,2932,آبرود,141888,6
50874,2932,آغویه,141889,6
50875,2932,اسفیوخ,141893,6
50876,2932,بنهنگ,141897,6
50877,2932,پده,141901,6
50878,2932,تروسک,141902,6
50879,2932,دامسک,141912,6
50880,2932,دوغشک,141913,6
50881,2932,دول آباد,141914,6
50882,2932,ده پایین,141915,6
50883,2932,سرکاریز,141922,6
50884,2932,سریشا,141923,6
50885,2932,سنجدپور,141924,6
50886,2932,سی چوب,141925,6
50887,2932,صعوه,141928,6
50888,2932,صومعه,141929,6
50889,2932,ضیا الدین علیا,141930,6
50890,2932,عباس آباد,141931,6
50891,2932,فرزق,141935,6
50892,2932,قلعه نو,141936,6
50893,2932,قندشتن,141937,6
50894,2932,کاریزک خوجویی,141939,6
50895,2932,کامه سفلی,141940,6
50896,2932,کامه علیا,141941,6
50897,2932,کسگک,141943,6
50898,2932,کلاته بختیاری,141949,6
50899,2932,گلریز,141970,6
50900,2932,لیک آباد,141972,6
50901,2932,محمود آباد,141973,6
50902,2932,مرغداری پور مهدی,141974,6
50903,2932,ملک آباد,141977,6
50904,2932,منظر,141978,6
50905,2932,نوغاب / نوقاب,141979,6
50906,2932,بکاول,141981,6
50907,2932,ثابتی,392531,6
50908,2932,کلاته آقا میر,541682,6
50909,2932,شهرک صنعتی شماره,809586,6
50910,2932,پارک جنگلی حجتی,809587,6
50911,2933,اله آباد,142077,6
50912,2933,امیر آباد,142079,6
50913,2933,انبیس,142080,6
50914,2933,اومی,142081,6
50915,2933,باغ میون,142084,6
50916,2933,بیسقفیزن,142085,6
50917,2933,بشرویه,142086,6
50918,2933,بندبلوچ,142087,6
50919,2933,بوری آباد,142089,6
50920,2933,تجرود,142091,6
50921,2933,جعفر آباد,142093,6
50922,2933,چشمه زرد,142118,6
50923,2933,حاجی آباد,142122,6
50924,2933,حاجی یار,142123,6
50925,2933,حوض سرخ,142126,6
50926,2933,خدابنده,142127,6
50927,2933,خورشانه,142128,6
50928,2933,خورق,142129,6
50929,2933,ده نو,142131,6
50930,2933,زمان آباد,142133,6
50931,2933,سنگل آباد,142136,6
50932,2933,سیوکی,142138,6
50933,2933,شترخسب,142140,6
50934,2933,شیخ ابوالقاسم,142141,6
50935,2933,طاهر آباد,142142,6
50936,2933,عریان,142144,6
50937,2933,عین الدین,142145,6
50938,2933,فدرد,142146,6
50939,2933,قلعه نو مستوفی,142147,6
50940,2933,قوزان,142148,6
50941,2933,کاج درخت,142149,6
50942,2933,کاظم آباد,142150,6
50943,2933,کبوترخان,142151,6
50944,2933,کلاته توکلی,142154,6
50945,2933,کلاته حسن شاه,142158,6
50946,2933,کلاته علی سیاه,142163,6
50947,2933,کلاته قناد,142165,6
50948,2933,کلاته مجتهدی,142170,6
50949,2933,کلاته منشی زاده,142172,6
50950,2933,کلاته گاو گلو,142176,6
50951,2933,گل جیک,142178,6
50952,2933,گل نی,142179,6
50953,2933,گند آباد,142180,6
50954,2933,مزجرد,142183,6
50955,2933,مورشک,142201,6
50956,2933,روح آباد,142203,6
50957,2933,دزدایی,392677,6
50958,2933,اسد آباد / عباس آباد,392678,6
50959,2933,چاه موتور کرمانی,392682,6
50960,2933,چاه موتور فانی,392683,6
50961,2933,کلاته شیخان,392689,6
50962,2933,چاه موتورحاجی مجتهدی,392694,6
50963,2933,کلاته مزار,392705,6
50964,2933,کلاته شو,392706,6
50965,2933,کلاته شکویان,392720,6
50966,2933,کلاته حسن غول,392724,6
50967,2933,کلاته میرزایاقوت,392726,6
50968,2933,کارخانه سیلیکات خراسان,392763,6
50969,2933,شرکت تولیدی ایران نکتار,392767,6
50970,2933,تعویض روغن قاضی زاده / روغن کوهسار,392769,6
50971,2933,تعمیرگاه آپاراتی حمید,392771,6
50972,2933,ایستگاه راه آهن تربت حیدریه,809585,6
50973,2934,آب سرد,140526,6
50974,2934,احمد آباد خزایی,140527,6
50975,2934,ارقیطان,140529,6
50976,2934,اسد آباد,140530,6
50977,2934,اسدیه,140531,6
50978,2934,اسلام آباد خلج,140533,6
50979,2934,بیک علی,140548,6
50980,2934,پوستین دوز,140550,6
50981,2934,تیمور علیا,140552,6
50982,2934,چهار درخت,140630,6
50983,2934,داراب آباد,140638,6
50984,2934,رباط میان دشت,140641,6
50985,2934,زرکک,140642,6
50986,2934,سربالا,140646,6
50987,2934,سه کالوک,140650,6
50988,2934,سی نخی,140652,6
50989,2934,شاداب,140653,6
50990,2934,شاهرگ,140654,6
50991,2934,شیله گشاد,140659,6
50992,2934,عرب آباد,140662,6
50993,2934,علی آباد,140663,6
50994,2934,علی آباد,140664,6
50995,2934,قشرباط,140669,6
50996,2934,قلعه نو,140671,6
50997,2934,کاریز سبز,140672,6
50998,2934,کال بز,140674,6
50999,2934,کوهی,140691,6
51000,2934,محمود آباد,140696,6
51001,2934,مختاری,140697,6
51002,2934,معدن,140700,6
51003,2934,نسر کوچک,140715,6
51004,2934,نوقوشا,140717,6
51005,2934,حیدر آباد,542952,6
51006,2935,بازه گزمیر,140541,6
51007,2935,پاگدار بادور,140549,6
51008,2935,حشمت آباد,140634,6
51009,2935,شور حصار,140657,6
51010,2935,قجاق,140667,6
51011,2935,مست علی,140699,6
51012,2935,نوری,140716,6
51013,2935,اصغر آباد,141602,6
51014,2935,اکبر آباد,141603,6
51015,2935,بیدم,141613,6
51016,2935,بیدستان,141614,6
51017,2935,تقی آباد,141616,6
51018,2935,غنچی,141617,6
51019,2935,جوادیه,141621,6
51020,2935,چخماق کوه,141625,6
51021,2935,چشمه خار سفلی / چشمه خوار سفلی,141626,6
51022,2935,چهارتخته کوک,141630,6
51023,2935,حسین آباد,141633,6
51024,2935,خرم,141636,6
51025,2935,خماری,141637,6
51026,2935,دوشابک,141638,6
51027,2935,دول آباد,141639,6
51028,2935,رودخانه,141643,6
51029,2935,زیر کت,141645,6
51030,2935,سراج سفلی,141646,6
51031,2935,سراج علیا,141647,6
51032,2935,شفابیگ,141648,6
51033,2935,شوراب,141650,6
51034,2935,شور بیگ,141651,6
51035,2935,عمادیه سفلی,141655,6
51036,2935,عین آباد,141657,6
51037,2935,فیض آباد,141658,6
51038,2935,قاسم آباد,141659,6
51039,2935,قزل حصار,141661,6
51040,2935,کریم آباد,141667,6
51041,2935,کلاته آقا حسین,141669,6
51042,2935,کلاته حاجی احمد / رحمت آباد,141672,6
51043,2935,کلاته حسن,141673,6
51044,2935,کلاته حسین آباد,141674,6
51045,2935,کلاته علیشاه,141681,6
51046,2935,کلاته قاضی,141684,6
51047,2935,کلاته کامه,141686,6
51048,2935,کلاته کوری,141688,6
51049,2935,کندنصیر,141694,6
51050,2935,محمدبلند,141697,6
51051,2935,معین آباد,141699,6
51052,2935,میرآباد,141703,6
51053,2935,نصر آباد,141704,6
51054,2935,نظامیه,141706,6
51055,2935,واسط,141709,6
51056,2935,برکال,542460,6
51057,2935,احمد آباد,542968,6
51058,2936,خان حاکم /اسلامیه,140636,6
51059,2936,سیر زار,140651,6
51060,2936,علی آقا,140665,6
51061,2936,فتح آباد,140666,6
51062,2936,محمد آباد مستوفی,140695,6
51063,2936,آب باریک سفلی,141076,6
51064,2936,اب باریک علیا,141077,6
51065,2936,آب دارو,141078,6
51066,2936,احمد آباد شیخ,141080,6
51067,2936,اسماعیل آباد,141083,6
51068,2936,آق داش,141084,6
51069,2936,امیر آباد / شفت آباد,141086,6
51070,2936,امین آباد,141087,6
51071,2936,پیش آخور,141091,6
51072,2936,تقی آباد,141092,6
51073,2936,جهان آباد,141093,6
51074,2936,چاه چهار شاعر,141096,6
51075,2936,چاه دو شاعر,141099,6
51076,2936,چاه سه شاعر,141104,6
51077,2936,چاه یک شاعر,141110,6
51078,2936,چشمه محمد میرزا,141117,6
51079,2936,حسین آباد,141121,6
51080,2936,حصار جلال,141122,6
51081,2936,خدا آفرید,141126,6
51082,2936,دربند,141128,6
51083,2936,درخت سنجد,141130,6
51084,2936,دو درختی,141132,6
51085,2936,ده عرب,141134,6
51086,2936,رحمان آباد,141135,6
51087,2936,سرهنگ,141137,6
51088,2936,سلطان آباد,141138,6
51089,2936,شیر آباد,141142,6
51090,2936,عسگرد,141146,6
51091,2936,علی آباد,141147,6
51092,2936,علاقه,141148,6
51093,2936,فخر آباد,141153,6
51094,2936,قلعه کهنه,141155,6
51095,2936,کل قری,141158,6
51096,2936,کلاته ثم,141159,6
51097,2936,کلاته ثم سفلی,141160,6
51098,2936,گرگ آباد,141169,6
51099,2936,گرماب,141170,6
51100,2936,گلبو,141172,6
51101,2936,مظفر بزی,141178,6
51102,2936,میش آباد,141186,6
51103,2936,یک لنگی سفلی,141189,6
51104,2936,یک لنگی علیا,141190,6
51105,2936,مزار آبدارو,392804,6
51106,2936,کلاته آسیاب سنگی / کلاته آب باریک,392824,6
51107,2936,کل گوش,392826,6
51108,2936,کلاته عزیز آباد,392842,6
51109,2936,غریب آباد,543065,6
51110,2936,موسی آباد,543066,6
51111,2936,شه ده,543067,6
51112,2937,باغک سفلی,143811,6
51113,2937,برنقری,143816,6
51114,2937,بشیر آباد,143818,6
51115,2937,بوته گز,143819,6
51116,2937,تق قز سفلی,143827,6
51117,2937,تق قز علیا,143828,6
51118,2937,جهان آباد/ کلاته عثمان سلطان,143834,6
51119,2937,چشمه گل,143976,6
51120,2937,چنگ آباد جدید,143979,6
51121,2937,چنگ آباد خرابه,143980,6
51122,2937,حسن آباد مولوی,143983,6
51123,2937,ده کوشکک,143985,6
51124,2937,سنگ اتش,143991,6
51125,2937,فیروز کوه,143999,6
51126,2937,قادر آباد,144000,6
51127,2937,کلاته اله رسان,144010,6
51128,2937,گوربند,144017,6
51129,2937,یاقوتین جدید,144031,6
51130,2937,یخک,144032,6
51131,2937,چاه رافتی زمان آباد,393279,6
51132,2937,سید احمد,542933,6
51133,2937,کلاته غوری ها,542934,6
51134,2937,امیر آباد,542935,6
51135,2938,المجوق سفلی,143804,6
51136,2938,تیمنک سفلی,143830,6
51137,2938,تیمنک علیا,143832,6
51138,2938,بیدک,162706,6
51139,2938,تلخک,162712,6
51140,2938,جبار بیگ / کلاته قاضی,162718,6
51141,2938,کلاته حاجی قاضی / چاه آباد,162725,6
51142,2938,چاه مزار سفلی,162744,6
51143,2938,چاه مزار علیا,162745,6
51144,2938,درس آخوند,162788,6
51145,2938,دوسنگ,162791,6
51146,2938,قلعه سرخ,162834,6
51147,2938,کاریز دره,162841,6
51148,2938,کمرچه سفلی,162856,6
51149,2938,کمرچه علیا,162857,6
51150,2938,موسی آباد,162887,6
51151,2938,یکه پسته,162899,6
51152,2939,ابراهیم آباد,143800,6
51153,2939,اسماعیل آباد گرجی,143803,6
51154,2939,امغان,143808,6
51155,2939,باغ سنگان سفلی,143813,6
51156,2939,باغ سنگان علیا,143814,6
51157,2939,بزد,143817,6
51158,2939,پا جوب,143820,6
51159,2939,پل ورزه,143824,6
51160,2939,جنگاه,143833,6
51161,2939,چاه شور,143892,6
51162,2939,حاجی آباد,143982,6
51163,2939,رحیم آباد,143987,6
51164,2939,رسول آباد,143988,6
51165,2939,رضا آباد,143989,6
51166,2939,سجادیه,143990,6
51167,2939,سیاه بالا,143992,6
51168,2939,شن شویی شهرداری / شن شویی جام سراند,143994,6
51169,2939,شیخ آباد,143995,6
51170,2939,شیخ لو,143996,6
51171,2939,قلعه نو میرزا جعفر,144003,6
51172,2939,کاریزنو سفلی,144008,6
51173,2939,گوی,144018,6
51174,2939,میان سرا,144024,6
51175,2939,نامشگران,144027,6
51176,2939,نوده,144028,6
51177,2939,نیک پی,144029,6
51178,2939,هفت چاه,144030,6
51179,2939,جلیل آباد,144470,6
51180,2939,چشمه موسی,144603,6
51181,2939,رونج,144618,6
51182,2939,سمرغاوه,144626,6
51183,2939,کلاته سفید,144664,6
51184,2939,کلاته علیجان,144666,6
51185,2939,کلاته مروی,144669,6
51186,2939,گل ورزه,144674,6
51187,2939,گنده خالو/گندخالو,144675,6
51188,2939,لنگر,144676,6
51189,2939,محمود آباد سفلی,144679,6
51190,2939,محمود آباد علیا,144680,6
51191,2939,نوای,144686,6
51192,2939,شرکت سنگبری جام سنگ,393340,6
51193,2939,ایستگاه هوا شناسی,393369,6
51194,2939,مهمان شهر تربت جام,393374,6
51195,2939,کارخانه رب بنیاد شهید,542024,6
51196,2939,دانشگاه آزاد اسلامی کشاورزی,542025,6
51197,2939,کارخانه آسفالت/ کارخانه آسفالت شهرداری,542145,6
51198,2940,ابدال آباد,144453,6
51199,2940,امیر خواجه,144457,6
51200,2940,باغ نو,144463,6
51201,2940,بید ستان,144465,6
51202,2940,تقی آباد,144466,6
51203,2940,جعفر آباد,144468,6
51204,2940,چاهک,144582,6
51205,2940,چشمه جوهر,144599,6
51206,2940,چنار,144604,6
51207,2940,خرم آباد,144608,6
51208,2940,کلاته بزرگ / دوزنگ,144614,6
51209,2940,زوادر علیا,144620,6
51210,2940,سمسرای سفلی,144627,6
51211,2940,سمسرای علیا,144628,6
51212,2940,شوراب جهان / شوراب سفلی,144638,6
51213,2940,قزقاوه / محمد آباد,144642,6
51214,2940,قلعه سرخ,144643,6
51215,2940,کلاته صوفی,144665,6
51216,2940,کلاته فاضل,144667,6
51217,2940,مخالفگاه,144681,6
51218,2941,آغل کمر,144454,6
51219,2941,امان محمد,144456,6
51220,2941,اندای,144458,6
51221,2941,بردو,144464,6
51222,2941,حسن آباد,144605,6
51223,2941,حسنک,144606,6
51224,2941,خاک شور,144607,6
51225,2941,خوک آب / قند آب,144609,6
51226,2941,خیر آباد,144610,6
51227,2941,سماخون,144623,6
51228,2941,سماقچه,144625,6
51229,2941,سمنگان / رباط سمنگان,144629,6
51230,2941,سیبک سفلی,144633,6
51231,2941,سیبک علیا,144634,6
51232,2941,شوراب علیا,144639,6
51233,2941,علی آباد,144640,6
51234,2941,قلعه شیر,144644,6
51235,2941,کاریزان ملا احمد / کاریزان ملا محمد,144647,6
51236,2941,کاریزنو,144656,6
51237,2941,کلاته آقا محمد,144660,6
51238,2941,مومن آباد,144683,6
51239,2942,چاه خواجه محمد یوسفی,143868,6
51240,2942,چاه والفجر 5 بنیاد / چاه 1 کلالی,143882,6
51241,2942,چاه شماره 9 بنیاد,143883,6
51242,2942,چاه شماره 3 اردکانیان,143887,6
51243,2942,کارخانجات قند تربت جام,144005,6
51244,2942,کلوت,392224,6
51245,2942,چاه شماره 8 بنیاد,393329,6
51246,2942,چاه شماره 7 بنیاد,393330,6
51247,2942,چاه شماره 6 بنیاد,393331,6
51248,2942,چاه ذکریا,393344,6
51249,2942,چاه حسین رضاییان,393346,6
51250,2942,چاه والفجر 3 بنیاد,393348,6
51251,2942,چاه والفجر 4 بنیاد,393349,6
51252,2942,چاه محمدصدیق قاضی زاده,393351,6
51253,2943,پاسگاه نیروی انتظامی دهانه نیل بند,144274,6
51254,2943,پاسگاه هریررود,144278,6
51255,2943,جهان آباد,144280,6
51256,2943,چشمه امیر پنج,144288,6
51257,2943,حسنا حاجی آباد ابراهیم,144292,6
51258,2943,دولت آباد / حاجی آباد ملا یعقوب,144293,6
51259,2943,حجت آباد سرهنگی /حجت آباد,144295,6
51260,2943,حسن آباد مروارید,144297,6
51261,2943,خرگوشی,144303,6
51262,2943,خلیلی,144304,6
51263,2943,دوست آباد,144305,6
51264,2943,رباط,144306,6
51265,2943,علی یاقی,144322,6
51266,2943,قلعه خاکی,144327,6
51267,2943,کلاته عبد الصمد/ کلاته حاجی آخوند,144332,6
51268,2943,کلاته شور,144333,6
51269,2943,گاوچشمه,144339,6
51270,2943,گلستان حاجی آباد,144340,6
51271,2943,مریدار,144342,6
51272,2943,معصوم آباد,144345,6
51273,2943,ملک آباد,144346,6
51274,2943,منصوریه,144349,6
51275,2943,هزاره,144355,6
51276,2943,پاسگاه نیروی انتظامی یوسف خان شمالی,393447,6
51277,2943,پاسگاه انتظامی محمد خان جنوبی,393448,6
51278,2943,قلعه وزیر,393449,6
51279,2943,چاه یزدانی,393450,6
51280,2943,پاسگاه نیروی انتظامی محمد خان شمالی,541462,6
51281,2943,پاسگاه انتظامی هریررود,542143,6
51282,2943,پاسگاه نیروی انتظامی یوسف خان جنوبی,542465,6
51283,2943,خاک بادک,542467,6
51284,2943,کوره سهامی زراعی,809568,6
51285,2944,اکبر آباد,144269,6
51286,2944,امیر آباد,144271,6
51287,2944,پاسگاه چشمه نمک,144275,6
51288,2944,پاسگاه چشمه رکنی / گروهان مرزی قلعه کک,144276,6
51289,2944,پاسگاه ملوی,144277,6
51290,2944,چاه نور محمد بهرامی,144286,6
51291,2944,چشمه زلزله,144289,6
51292,2944,چشمه نمک,144290,6
51293,2944,حسن آباد قوشه,144296,6
51294,2944,خاتون آباد,144301,6
51295,2944,رمز آباد,144308,6
51296,2944,زبری / چاه درویش احمد جامی,144309,6
51297,2944,سرکوه,144311,6
51298,2944,سمیع آباد حاجی امان,144314,6
51299,2944,شرشری,144315,6
51300,2944,شوراب علیا,144316,6
51301,2944,شهد آباد,144317,6
51302,2944,شهرستانک,144318,6
51303,2944,صاحبداد,144319,6
51304,2944,صید آباد,144320,6
51305,2944,قلعه حمام,144326,6
51306,2944,قندک,144328,6
51307,2944,کاریز مزار,144330,6
51308,2944,محمد آباد,144341,6
51309,2944,ملوی سفلی,144347,6
51310,2944,ملوی علیا,144348,6
51311,2944,فیض آباد میش مست /میش مست,144351,6
51312,2944,نهر آباد / چاه عبدالله جمشیدی,144352,6
51313,2944,یادگار سفلی,144356,6
51314,2944,یادگار علیا,144357,6
51315,2944,قندک خورده مالکین,393431,6
51316,2944,وکیل آباد پایین جام,393433,6
51317,2944,حیدر آباد,393439,6
51318,2944,چشمه درخت توت,393443,6
51319,2944,پاسگاه انتظامی شرشری,393444,6
51320,2944,پاسگاه نیروی انتظامی دوآب,393446,6
51321,2945,بژگان,143810,6
51322,2945,رحمت آباد,143986,6
51323,2945,قلعه گک,144002,6
51324,2945,احمد آباد بنکدار,144266,6
51325,2945,حیانو,144267,6
51326,2945,اسماعیل خان / اسماعیل آباد,144268,6
51327,2945,اله آباد,144270,6
51328,2945,اسلام آباد / چهار من نیم,144291,6
51329,2945,حسین آباد کلالی,144298,6
51330,2945,حسین آقا بیک / حسین آباد آقا بیک,144300,6
51331,2945,سلطان آباد,144312,6
51332,2945,قاسم آباد,144324,6
51333,2945,قزل حصار,144325,6
51334,2945,کلاته صنم,144334,6
51335,2945,میخک,144350,6
51336,2945,علی آباد,393414,6
51337,2946,آقداش,145053,6
51338,2946,اسد خان,145056,6
51339,2946,ایلانجیق,145061,6
51340,2946,بشارت,145062,6
51341,2946,بشدره,145063,6
51342,2946,بیات,145065,6
51343,2946,پرکند,145066,6
51344,2946,تپه لیک,145068,6
51345,2946,جغال,145070,6
51346,2946,حسین آباد,145074,6
51347,2946,حق وردی,145075,6
51348,2946,داغدار,145076,6
51349,2946,سادات,145080,6
51350,2946,عباس قلعه,145083,6
51351,2946,قره آقاچ,145086,6
51352,2946,قزلق,145087,6
51353,2946,قولجق,145088,6
51354,2946,کالو,145089,6
51355,2946,کلاته کندی,145092,6
51356,2946,گچلیک,145096,6
51357,2946,قندآب,145098,6
51358,2946,مینا,145099,6
51359,2946,ینگی قلعه,145101,6
51360,2946,سوگلدی,145168,6
51361,2946,کور چشمه,145180,6
51362,2946,دستجرد,145288,6
51363,2946,زابل قلعه / جان آباد,145289,6
51364,2946,کهنه قلعه,145293,6
51365,2946,کماج خور,145329,6
51366,2946,رادار نیروی هوایی,393556,6
51367,2946,دکل تلویزیون,393564,6
51368,2946,حسن آباد,393569,6
51369,2946,نو آباد اسپیان,393570,6
51370,2946,امام زادگان هاشم و اصغر,809566,6
51371,2947,اراک,145152,6
51372,2947,حصار,145153,6
51373,2947,خادمانلو,145154,6
51374,2947,داشخانی / کلاته بهبودی,145155,6
51375,2947,دربندی سفلی,145156,6
51376,2947,دربندی علیا,145157,6
51377,2947,دوابی سفلی,145159,6
51378,2947,دوابی علیا,145160,6
51379,2947,دونشاه,145161,6
51380,2947,دهشت علیا,145162,6
51381,2947,ریشخوار,145163,6
51382,2947,سنقز بالا,145165,6
51383,2947,سنقز پایین,145166,6
51384,2947,سنقز وسطی,145167,6
51385,2947,عرب آباد,145169,6
51386,2947,علی آباد النچگ,145170,6
51387,2947,قشلاق پایین حصار/ قشلاق آقایی,145172,6
51388,2947,دربندی علیا / قشلاق دربندی,145175,6
51389,2947,کپکان,145177,6
51390,2947,کلاته جوین,145178,6
51391,2947,کلاته گورنی,145179,6
51392,2947,گپی,145181,6
51393,2947,میاب,145183,6
51394,2948,حاتم قلعه,145225,6
51395,2948,غفار آباد,145255,6
51396,2948,حصار,145256,6
51397,2948,خیر آباد سفلی / کلاته هاشم آباد,145257,6
51398,2948,شیلیگان,145258,6
51399,2948,صفر قلعه,145260,6
51400,2948,قربان آباد,145261,6
51401,2948,میر قلعه,145262,6
51402,2948,توقی,145315,6
51403,2948,قزقان دره,542122,6
51404,2949,دولت آباد,145226,6
51405,2949,زنگلانلو,145227,6
51406,2949,شمس خان,145228,6
51407,2949,قازان بیک,145229,6
51408,2949,کلاته خلیل آباد / خلیل آباد,145230,6
51409,2949,مراد آباد,145234,6
51410,2949,پل گرد,165631,6
51411,2949,تیرگان,165632,6
51412,2949,یکه باغ,165653,6
51413,2949,کلاته توت/ توت,393497,6
51414,2950,عزت آباد,145084,6
51415,2950,ارتیان,145284,6
51416,2950,آق چشمه,145285,6
51417,2950,خوانچه,145286,6
51418,2950,خیر آباد علیا,145287,6
51419,2950,صید آباد,145290,6
51420,2950,قژی,145291,6
51421,2950,کلاته الیاس,145292,6
51422,2950,ایمانقلی,145314,6
51423,2950,چقر,145316,6
51424,2950,حسین آباد صداقت,145317,6
51425,2950,دربند گلریز,145318,6
51426,2950,رستم آباد,145319,6
51427,2950,سرآسیاب لطفی,145320,6
51428,2950,شورکال,145323,6
51429,2950,قلعه شور,145324,6
51430,2950,قلعه کر,145325,6
51431,2950,کلاته پیشنماز,145326,6
51432,2950,کلاته عبدالوهاب,145327,6
51433,2950,کلاته محمد یزدی,145328,6
51434,2950,کور چشمه,145330,6
51435,2950,گل خندان,145331,6
51436,2950,گلریز,145332,6
51437,2950,ماش,145333,6
51438,2950,نصرت آباد,145334,6
51439,2950,نظر آباد,145335,6
51440,2950,یاقول,145336,6
51441,2950,یانبلاق,145337,6
51442,2950,اوتانلو,145367,6
51443,2950,تاج الدین,145370,6
51444,2950,چهل میر/پارک ملی تندوره,145372,6
51445,2950,دودانلو,145373,6
51446,2950,سعد آباد,145375,6
51447,2950,سنگبر,145376,6
51448,2950,قره قویونلو,145379,6
51449,2950,قلعه چه,145380,6
51450,2950,کاهو,145382,6
51451,2950,خاخیان,145508,6
51452,2950,رمضان قلعه,145511,6
51453,2950,محمود آباد / کلاته صارم,145517,6
51454,2950,ترکی دره,393532,6
51455,2951,مامدانلو / بهادرخان,145410,6
51456,2951,تگن,145411,6
51457,2951,چنار,145413,6
51458,2951,قلیچ آباد / حاج قلیچ خان,145414,6
51459,2951,قروچان / حسن کدخدا,145415,6
51460,2951,رحمان قلی,145416,6
51461,2951,سنگ سوراخ,145419,6
51462,2951,سیدها,145420,6
51463,2951,شیخ ها,145425,6
51464,2951,گدوگانلو,145435,6
51465,2951,محمد تقی بیگ,145436,6
51466,2951,ارباب,145469,6
51467,2951,امان مگان / امان قلعه,145471,6
51468,2951,جبار,145472,6
51469,2951,دوست محمد بیک,145473,6
51470,2951,عوض محمد بیک,145474,6
51471,2951,محمد ولی بیک,145475,6
51472,2952,فضل آباد,145378,6
51473,2952,زیندانلو سفلی,145417,6
51474,2952,زیندانلو علیا,145418,6
51475,2952,شهرک زیندانلو,145424,6
51476,2952,شیخوانلو سفلی,145426,6
51477,2952,شیخوانلو علیا,145427,6
51478,2952,فیروزه,145430,6
51479,2952,نجف آباد,145437,6
51480,2952,برج قلعه,145496,6
51481,2952,بهمن آباد,145497,6
51482,2952,پالکانلو سفلی,145500,6
51483,2952,پالکانلو علیا,145501,6
51484,2952,توزانلو,145502,6
51485,2952,جشن آباد/ شهید آباد,145503,6
51486,2952,جلفان,145504,6
51487,2952,چمگرد,145505,6
51488,2952,حضرت سلطان,145506,6
51489,2952,خنلانلو,145509,6
51490,2952,دولت شانلو,145510,6
51491,2952,کلاته ارباب,145513,6
51492,2952,هنرستان کشاورزی استقلال,145518,6
51493,2952,شوی,542093,6
51494,2953,اردیز,147362,6
51495,2953,اریان,147364,6
51496,2953,استاج,147365,6
51497,2953,افچنگ,147370,6
51498,2953,انجیلو,147372,6
51499,2953,انشیران,147373,6
51500,2953,بجدن,147377,6
51501,2953,برگو,147383,6
51502,2953,بلوچ خانه,147385,6
51503,2953,بنقن,147386,6
51504,2953,بونش,147388,6
51505,2953,پوچ / بهارستان,147393,6
51506,2953,تپه بید,147394,6
51507,2953,تک عماد,147395,6
51508,2953,تگرگ آب,147396,6
51509,2953,جوز مال,147403,6
51510,2953,جهان آباد,147404,6
51511,2953,چاه شور,147405,6
51512,2953,چاه بزو,147408,6
51513,2953,چاه تاجی,147409,6
51514,2953,چاه تلخ,147410,6
51515,2953,چاه حاج بیگ,147412,6
51516,2953,چاه حاج محمد علی,147413,6
51517,2953,چاه حاجی عرب,147414,6
51518,2953,چاه حسن,147415,6
51519,2953,چاه حسین,147416,6
51520,2953,چاه حسین,147417,6
51521,2953,چاه درخت بنه,147418,6
51522,2953,چاه زیلک,147419,6
51523,2953,چاه قاسم,147420,6
51524,2953,چاه قاش سبز,147421,6
51525,2953,چاه کال پرچمی,147422,6
51526,2953,چاه محمد حسن مراد,147423,6
51527,2953,چاه مهدی,147424,6
51528,2953,چاه نسر,147425,6
51529,2953,چاه نمک,147426,6
51530,2953,چاه نی,147427,6
51531,2953,چشمه غلغلو,147430,6
51532,2953,چشمه سفید,147431,6
51533,2953,چشمه شبگیر,147433,6
51534,2953,خوشمردان,147441,6
51535,2953,خیر آباد,147442,6
51536,2953,دارخ,147443,6
51537,2953,درقدم,147450,6
51538,2953,درینو علیا,147453,6
51539,2953,دلبر ملک باقر,147454,6
51540,2953,دو چاهی,147455,6
51541,2953,دولت آباد,147456,6
51542,2953,روداب,147458,6
51543,2953,ریدر,147460,6
51544,2953,ریدر علیا,147462,6
51545,2953,ریگ چاله,147464,6
51546,2953,زرک علیا,147466,6
51547,2953,زرک وسطی,147467,6
51548,2953,سراب,147470,6
51549,2953,سرغبان,147473,6
51550,2953,سریش,147477,6
51551,2953,سلمی در,147480,6
51552,2953,سنگ چین,147482,6
51553,2953,سنگی چاه,147483,6
51554,2953,شند,147487,6
51555,2953,شورابی,147489,6
51556,2953,علی آباد,147494,6
51557,2953,فضل آباد,147498,6
51558,2953,قنات قنبر آباد,147500,6
51559,2953,کلاته آقا علی اکبر,147511,6
51560,2953,کلاته سعدی,147526,6
51561,2953,کلاته سمعلی,147528,6
51562,2953,کلاته سیب,147529,6
51563,2953,کلاته صادق,147532,6
51564,2953,کلاته عزیز,147533,6
51565,2953,کلاته علیا,147535,6
51566,2953,کلاته کربلایی علی اکبر,147538,6
51567,2953,کلاته کلوت,147540,6
51568,2953,کلاته کمندبینی,147541,6
51569,2953,کلاته محمودی,147542,6
51570,2953,کلاته میرزا قریش,147547,6
51571,2953,کلاته وسطی,147549,6
51572,2953,کلاتی سفلی,147550,6
51573,2953,کلاوشک,147553,6
51574,2953,کمر سیاه,147554,6
51575,2953,گاو سو,147556,6
51576,2953,گراب,147557,6
51577,2953,گرزگ,147558,6
51578,2953,گرمک,147559,6
51579,2953,گفت,147562,6
51580,2953,گنگ,147565,6
51581,2953,لاخر,147566,6
51582,2953,لارهنگ,147567,6
51583,2953,محمد آباد,147569,6
51584,2953,مظفر آباد,147574,6
51585,2953,موسی آباد,147576,6
51586,2953,مهرکردو,147577,6
51587,2953,میان آباد,147578,6
51588,2953,نوار,147579,6
51589,2953,نیستان,147580,6
51590,2953,جنگل وسطی,394040,6
51591,2953,جنگل علیا,394041,6
51592,2953,کلاته عربشاهی,394042,6
51593,2953,کلاته هگرو,394044,6
51594,2953,دهنه آردسان,394048,6
51595,2953,چاه کربلایی اکبر,394050,6
51596,2953,کلاته گاونمد,394051,6
51597,2953,پاسگاه نیروی انتظامی,394052,6
51598,2953,برگو پایین,394058,6
51599,2953,کمر سیاه,394062,6
51600,2953,چاه سرگدار,394063,6
51601,2953,کلاته موسی,394064,6
51602,2953,معدن سنگ دوچاهی,394065,6
51603,2953,اشتنگ,394067,6
51604,2953,جنگل سفلی,394070,6
51605,2953,پندر,541705,6
51606,2953,برگو,542477,6
51607,2954,دارین,147444,6
51608,2954,برآباد,148257,6
51609,2954,پروند,148258,6
51610,2954,پشته عباس,148259,6
51611,2954,تسبند,148260,6
51612,2954,حسن آباد,148262,6
51613,2954,دامرود,148263,6
51614,2954,دروک,148264,6
51615,2954,ده نبی,148266,6
51616,2954,شمس آباد,148268,6
51617,2954,کلاته میرعلی,148272,6
51618,2954,لطف آباد,148274,6
51619,2954,ملوند,148275,6
51620,2954,شمس آباد,148346,6
51621,2954,فیلشور,148353,6
51622,2954,کلاته حاج علی,148358,6
51623,2954,چاه عمیق نور,394263,6
51624,2954,کلاته علیشاه,394298,6
51625,2954,چاه عمیق ده نبی,542903,6
51626,2955,اجنورد,148296,6
51627,2955,بدر آباد,148300,6
51628,2955,بلزقند,148301,6
51629,2955,بلی,148302,6
51630,2955,بن جخ,148303,6
51631,2955,بن چنار,148304,6
51632,2955,بنس برد سفلی,148305,6
51633,2955,بیدک,148307,6
51634,2955,توتبان,148309,6
51635,2955,جراحی,148310,6
51636,2955,جراحی پایین,148311,6
51637,2955,جوزو,148314,6
51638,2955,چاه زرقانی,148318,6
51639,2955,چاه ستاره,148319,6
51640,2955,چاه شند,148320,6
51641,2955,چاه وهاب پایین,148326,6
51642,2955,چهل غانی,148327,6
51643,2955,حسنو,148328,6
51644,2955,حمیره,148329,6
51645,2955,خوروگرد,148331,6
51646,2955,دریاچه,148333,6
51647,2955,دمنگ,148334,6
51648,2955,دو چاهی,148335,6
51649,2955,ذوالفرخ,148337,6
51650,2955,رحیم آباد,148338,6
51651,2955,زاوشک,148339,6
51652,2955,زهری,148340,6
51653,2955,سرغبان,148342,6
51654,2955,سنجرو,148343,6
51655,2955,شکر آباد,148345,6
51656,2955,شیربر,148347,6
51657,2955,صالح آباد,148348,6
51658,2955,صبری,148349,6
51659,2955,عباس آباد کفچی,148350,6
51660,2955,عبدالملکی,148351,6
51661,2955,فضل آباد,148352,6
51662,2955,کاشک,148354,6
51663,2955,کروج,148355,6
51664,2955,کلاته ببر,148357,6
51665,2955,کلاته خشک,148359,6
51666,2955,کلاته رجایی,148360,6
51667,2955,کلاته قیچی,148361,6
51668,2955,کلاته کلوت,148362,6
51669,2955,کلاته لالا,148363,6
51670,2955,کلاته ملاحسن,148364,6
51671,2955,کلاوی,148366,6
51672,2955,کهک,148367,6
51673,2955,گاو سر,148368,6
51674,2955,گرو,148369,6
51675,2955,گله بان سفلی,148370,6
51676,2955,لندران سفلی,148374,6
51677,2955,لندران,148375,6
51678,2955,محمد آباد,148377,6
51679,2955,محمد آباد,148378,6
51680,2955,مخ,148379,6
51681,2955,ملجی علیا,148381,6
51682,2955,میر دشت,148382,6
51683,2955,نارستان,148383,6
51684,2955,نوده,148384,6
51685,2955,نور آباد,148385,6
51686,2955,همایی سفلی,148387,6
51687,2955,همایی علیا,148388,6
51688,2955,یوسفی سفلی,148389,6
51689,2955,چشمه نیرو,541706,6
51690,2955,چاه عبدالملکی,542287,6
51691,2955,معدن سنگ منگنز,809564,6
51692,2956,چنارستان,148570,6
51693,2956,دهنه,148581,6
51694,2956,فضل آباد,148601,6
51695,2956,کالالی,148607,6
51696,2956,کلاته سنجد,148611,6
51697,2956,آب باریک,149443,6
51698,2956,آزاد منجیر,149445,6
51699,2956,توتستانک,149455,6
51700,2956,جلین,149458,6
51701,2956,چشمه سیر,149466,6
51702,2956,حاجی شمسا,149468,6
51703,2956,حسن آباد,149471,6
51704,2956,خلوری,149476,6
51705,2956,خنجر آباد,149477,6
51706,2956,دره پیر,149484,6
51707,2956,دهنو حاجی,149487,6
51708,2956,رباط سرپوش,149492,6
51709,2956,اولر / ربیعه,149493,6
51710,2956,زعفرانیه,149494,6
51711,2956,زمان آباد,149495,6
51712,2956,زیدآباد,149496,6
51713,2956,صالح آباد بزرگ,149504,6
51714,2956,علی آباد کال خونی,149509,6
51715,2956,عوض,149510,6
51716,2956,قره قلی,149512,6
51717,2956,کریم آباد,149518,6
51718,2956,کلاته کافی,149533,6
51719,2956,کربلایی عزیز,149534,6
51720,2956,گل چشمه,149540,6
51721,2956,محمد آباد فیض,149544,6
51722,2956,نجم آباد,149553,6
51723,2956,نزل آباد,149554,6
51724,2956,هاشم آباد,149555,6
51725,2956,سنگ کلیدر /دهنه ارباب,166869,6
51726,2956,چاه مشاع شهید مهدی تبرایی,394685,6
51727,2956,کلاته محمد باقر,394734,6
51728,2956,چشمه چنار,394735,6
51729,2956,کلاته سفید,394737,6
51730,2957,بازقند,148748,6
51731,2957,باغ پز,148751,6
51732,2957,پرم باز,148767,6
51733,2957,تاون,148776,6
51734,2957,دانشمند,148814,6
51735,2957,دلوباغ,148821,6
51736,2957,ده قربان,148824,6
51737,2957,سرق بینی,148850,6
51738,2957,سرکوه,148852,6
51739,2957,طبس,148869,6
51740,2957,فرخ آباد,148880,6
51741,2957,کلاته شیخ,148918,6
51742,2957,مشکدر,148954,6
51743,2957,دولت آباد,149333,6
51744,2957,علی آباد شور,149338,6
51745,2957,ایزی,149451,6
51746,2957,باغان,149452,6
51747,2957,باغجر,149453,6
51748,2957,کلاته حاجی برات,149470,6
51749,2957,حسین آباد,149473,6
51750,2957,حیدر آباد,149475,6
51751,2957,خیر آباد,149479,6
51752,2957,دلقند,149486,6
51753,2957,سلیمانیه,149499,6
51754,2957,کلاته سید,149529,6
51755,2957,راز قند,149695,6
51756,2957,سدید,149701,6
51757,2957,سعد آباد,149702,6
51758,2957,سنگ سفید,149704,6
51759,2957,صومعه,149708,6
51760,2957,عشرت آباد,149710,6
51761,2957,کلاته خواجه علی,149725,6
51762,2957,کلاته سالار,149727,6
51763,2957,کلاته واسعی,149730,6
51764,2957,کلاته میرزا,393799,6
51765,2957,مجتمع کوره های آجرپزی سبزوار,393945,6
51766,2957,سر رودخانه سفلی,395080,6
51767,2957,سر رودخانه علیا,395081,6
51768,2957,پادگان آموزشی فرومندی,541709,6
51769,2957,کلاته گلی,542475,6
51770,2957,پادگان آموزشی ابوذر,542786,6
51771,2958,ابارش,149205,6
51772,2958,استیر,149208,6
51773,2958,پاسگاه پلیس,149210,6
51774,2958,تاجور,149212,6
51775,2958,جنت آباد,149213,6
51776,2958,خسروجرد,149217,6
51777,2958,دهقان آباد,149219,6
51778,2958,سمعه,149220,6
51779,2958,سیدابادکلوت,149221,6
51780,2958,عفیر,149222,6
51781,2958,علی آباد,149223,6
51782,2958,عیسایی,149224,6
51783,2958,قیاس آباد,149227,6
51784,2958,کارخانه ارد,149228,6
51785,2958,کارخانه پشم ریسی,149229,6
51786,2958,کسکن,149232,6
51787,2958,کلاته آقا زاده,149233,6
51788,2958,کلاته بلوچ,149234,6
51789,2958,کلاته حاجی قدرت,149237,6
51790,2958,کلاته قلیچی,149240,6
51791,2958,کوره طلوع نیا /کوره اجرپزی پیروز,149242,6
51792,2958,کهنه اب,149244,6
51793,2958,گوداسیا,149245,6
51794,2958,گودچاه,149246,6
51795,2958,مرتضی آباد,149248,6
51796,2958,مزارخسروجرد,149251,6
51797,2958,مسکن,149252,6
51798,2958,موزاییک سازی حقیقت,149254,6
51799,2958,کلاته افضل آباد / افضل آباد,149308,6
51800,2958,بازگهره / بازکهره,149309,6
51801,2958,جرجک,149310,6
51802,2958,برزو,149311,6
51803,2958,چاه عمیق حسن اقاعلی,149316,6
51804,2958,چشمه خونی,149327,6
51805,2958,مسلم آباد,149329,6
51806,2958,حسین آباد گنجی,149331,6
51807,2958,سمل قو,149334,6
51808,2958,فسنقر,149340,6
51809,2958,قدیم آباد,149341,6
51810,2958,قلعه نو,149342,6
51811,2958,کریم آباد,149343,6
51812,2958,کلاته احمد طیبی,149345,6
51813,2958,کلاته اهنگرها,149346,6
51814,2958,چاه شور,149347,6
51815,2958,کلاته دولت,149348,6
51816,2958,کلاته ناصری,149351,6
51817,2958,کلاته نور,149352,6
51818,2958,گود عاقل,149362,6
51819,2958,یزد آباد,149374,6
51820,2958,چاه عمیق جنگل داری,394102,6
51821,2958,اردوگاه شهید مطهری /اردوگاه پیشاهنگ,394140,6
51822,2958,اتو سرویس پاک,394168,6
51823,2958,سالن غذاخوری فردوسی,394169,6
51824,2958,دانشکده علوم پزشکی / دانشکده پرستاری,394170,6
51825,2958,کارخانه قند,394171,6
51826,2958,دانشگاه تربیت معلم,394172,6
51827,2958,چاه عمیق زارعی,394187,6
51828,2958,کارخانه پارچه بافی,394188,6
51829,2958,کشتارگاه طیور,394189,6
51830,2958,کارخانه نخ تابی,394190,6
51831,2958,چاه عمیق کلاته ملا,394240,6
51832,2958,چاه عمیق برجک,394241,6
51833,2959,افچنگ,148741,6
51834,2959,صبریق,148862,6
51835,2959,برزو,149826,6
51836,2959,بلاش آباد,149828,6
51837,2959,بینق,149831,6
51838,2959,پارف,149833,6
51839,2959,دلبر,149863,6
51840,2959,زیر بابا / زیر آب سفلی,149870,6
51841,2959,شاره,149876,6
51842,2959,قز,149889,6
51843,2959,کراب,149896,6
51844,2959,کلاته قیاس,149907,6
51845,2959,نوده صرصره,149930,6
51846,2960,بردر,156545,6
51847,2960,حمزه کانلو,156552,6
51848,2960,دربادام,156556,6
51849,2960,شمخال,156560,6
51850,2960,صفکانلو,156561,6
51851,2960,قرجقه,156563,6
51852,2960,آب جهان,157266,6
51853,2960,اربند,157268,6
51854,2960,اسیبلاغ,157269,6
51855,2960,اسلام آباد / امام وردیخان,157270,6
51856,2960,امامقلی,157271,6
51857,2960,اینچه سابلاغ,157272,6
51858,2960,اینچه شهباز,157273,6
51859,2960,اینچه کیکانلو,157275,6
51860,2960,باغچه قناعت,157276,6
51861,2960,پاکتل,157280,6
51862,2960,جوزان,157284,6
51863,2960,چوینلی,157286,6
51864,2960,دولت خانه,157290,6
51865,2960,رهورد,157293,6
51866,2960,شاهرگ,157297,6
51867,2960,شیخکانلو,157300,6
51868,2960,شیرزن,157301,6
51869,2960,قاچکانلو,157303,6
51870,2960,قاطرچی,157304,6
51871,2960,قریه شرف,157306,6
51872,2960,کلاته حاجی نصیر/ کلاته شاه محمد,157314,6
51873,2960,کلاته داغلی,157316,6
51874,2960,کلاته ملامحمد/ ملامحمد,157325,6
51875,2960,کوه متین,157329,6
51876,2960,یادگار,157335,6
51877,2960,قره چه,157606,6
51878,2960,کلاته چراغ آباد,396755,6
51879,2961,آبشوری,156898,6
51880,2961,خلکانلو,156917,6
51881,2961,ددانلو,156920,6
51882,2961,دیزادیز,156922,6
51883,2961,دیزاوند,156923,6
51884,2961,علی آباد,156934,6
51885,2961,عمارت,156936,6
51886,2961,کچلانلو,156942,6
51887,2961,کلاته ارچین آباد,156943,6
51888,2961,کلاته اسمعیل,156944,6
51889,2961,کلاته عاشقان,156947,6
51890,2961,کلاته علی لال,156948,6
51891,2961,کلاته قاسم آباد,156950,6
51892,2961,کلاته مرزی آباد,156953,6
51893,2961,مستوفی زاده,156954,6
51894,2961,کلاته معمار زاده / کربلایی کاظم,156955,6
51895,2961,کلاته میرزا محمد علی,156956,6
51896,2961,گوگانلو,156959,6
51897,2961,مرتضی آباد,156962,6
51898,2961,ناوخ,156975,6
51899,2961,نقاره خانه,156976,6
51900,2961,فرخان سفلی,157684,6
51901,2961,فرخان شاهرا,157685,6
51902,2961,فرخان علیا,157686,6
51903,2961,فرخان کهنه,157687,6
51904,2961,قاسم آباد,157688,6
51905,2961,کلاته غلام حسین ادینه,396476,6
51906,2961,کلاته عزیز علی پور,396477,6
51907,2961,زال آباد,396478,6
51908,2962,کور چشمه,157328,6
51909,2962,آب برگ,157848,6
51910,2962,اقکاریز,157849,6
51911,2962,الهیان,157850,6
51912,2962,بادخور,157851,6
51913,2962,برج قارداش,157852,6
51914,2962,پری آباد,157854,6
51915,2962,پیرانلو,157855,6
51916,2962,پیش باغان,157856,6
51917,2962,تبریک / تبارک,157857,6
51918,2962,جانان,157858,6
51919,2962,چالاکی,157859,6
51920,2962,چران,157860,6
51921,2962,زوخانو,157865,6
51922,2962,سرزو,157866,6
51923,2962,طویل,157869,6
51924,2962,قیطاقی,157872,6
51925,2962,کرد کانلو,157873,6
51926,2962,گل احمد بیک,157880,6
51927,2962,همت آباد چالاکی,157882,6
51928,2962,هی هی,157883,6
51929,2962,یدک,157884,6
51930,2962,یوسفی,157886,6
51931,2963,آطارچی / آتارچی,156901,6
51932,2963,تقی آباد,156906,6
51933,2963,جعفر آباد علیا / جعفر آباد شرقی,156907,6
51934,2963,کلاته حاجی علی داد,156913,6
51935,2963,خیرابادشرقی,156918,6
51936,2963,داودلی,156919,6
51937,2963,دوست آباد,156921,6
51938,2963,سرآسیاب,156925,6
51939,2963,شالباف,156928,6
51940,2963,شرکت سیمرغ,156929,6
51941,2963,شعبان آباد,156931,6
51942,2963,شورچه,156932,6
51943,2963,قره جقه,156938,6
51944,2963,کلاته فتح آباد شرقی,156949,6
51945,2963,کلاته کیوانلو,156952,6
51946,2963,کلاته یساول باشی,156957,6
51947,2963,محمد آباد شرقی,156961,6
51948,2963,میراباد,156974,6
51949,2963,یساقی,156978,6
51950,2963,بنیابید,157158,6
51951,2963,ترقز,157160,6
51952,2963,دوغایی,157176,6
51953,2963,قره چای,157188,6
51954,2963,کلاته عظیم/ کلاته نوبهار,157199,6
51955,2963,کلاته ملو,157200,6
51956,2963,آب گرگ,157672,6
51957,2963,امین آباد,157673,6
51958,2963,توکل باغ,157674,6
51959,2963,دولو,157677,6
51960,2963,طاسخانه,157681,6
51961,2963,قشلاق,157690,6
51962,2963,قلعه عباس/ قلعه عباسی,157691,6
51963,2963,کتلر,157693,6
51964,2963,کلر,157694,6
51965,2963,اسلام آباد / گبر آباد,157713,6
51966,2963,ینگه قلعه هودانلو,157726,6
51967,2963,برسلان,168088,6
51968,2963,بش آغاج,168090,6
51969,2963,کلاته رضاخان / کلاته یوسف,168174,6
51970,2963,گل مخاران,168194,6
51971,2963,گلمیم,168195,6
51972,2963,کور چشمه,396407,6
51973,2963,یان چشمه,396427,6
51974,2963,کلاته فخرآباد,396429,6
51975,2963,چاه موتور خورشیدی,396500,6
51976,2963,مزرعه پیرحسین شفیعی,396501,6
51977,2963,نوبهار / چشمه نوبهار,542619,6
51978,2964,بیگ نظر,156904,6
51979,2964,رضا آباد شرقی,156924,6
51980,2964,سفیدجان,156926,6
51981,2964,شیرین کلاته شفیع,156933,6
51982,2964,کلاته علی زینل,156935,6
51983,2964,مزرعه زمان پوط / قلعه حسن,156966,6
51984,2964,مقصود آباد,156972,6
51985,2964,مومن آباد,156973,6
51986,2964,یزدان آباد شرقی,156977,6
51987,2964,ابراهیم آباد آب دیوانه,157150,6
51988,2964,آبکوه,157151,6
51989,2964,الاتمان,157154,6
51990,2964,اندرزی,157155,6
51991,2964,بهارکشت / برکیش,157156,6
51992,2964,پس حصار,157159,6
51993,2964,توپ درخت,157162,6
51994,2964,چاه آب,157164,6
51995,2964,چنبرغربال,157168,6
51996,2964,چهار باغ,157169,6
51997,2964,چهار سوق,157170,6
51998,2964,چهل بازه,157171,6
51999,2964,حسین آباد,157172,6
52000,2964,حصار,157173,6
52001,2964,خیر آباد,157174,6
52002,2964,زمان پوط,157178,6
52003,2964,سمنگان,157180,6
52004,2964,سوریان,157181,6
52005,2964,سهل آباد,157182,6
52006,2964,گلشن آباد,157183,6
52007,2964,شغل آباد,157184,6
52008,2964,شفیع,157185,6
52009,2964,عراقی,157186,6
52010,2964,کلاته احمد,157189,6
52011,2964,کلاته غضنفر,157192,6
52012,2964,کلاته رضا,157196,6
52013,2964,کلاته زمان,157198,6
52014,2964,مشکانلو / کلاته ملا قلی,157201,6
52015,2964,گرمجان,157203,6
52016,2964,گلابه,157204,6
52017,2964,گورخر,157205,6
52018,2964,لالو,157206,6
52019,2964,یکه لنگه,157207,6
52020,2964,چاه موتور مهندس جوادی,396418,6
52021,2964,پست 132 کیلو ولت سیمرغ,809008,6
52022,2965,سالانقوچ,156781,6
52023,2965,جنید آباد,157413,6
52024,2965,زیدانلو,157425,6
52025,2965,فتح آباد,157431,6
52026,2965,فیلاب,157433,6
52027,2965,گوجه,157441,6
52028,2965,محب سراج,157443,6
52029,2965,محمد آباد سفلی,157444,6
52030,2965,محمد آباد علیا,157445,6
52031,2965,نوروزی,157449,6
52032,2965,نیت,157450,6
52033,2965,یزدان آباد علیا,157452,6
52034,2965,سراب,157678,6
52035,2965,علاقه جنبان,157683,6
52036,2965,کلوخی,157695,6
52037,2965,کهنه فرود,157712,6
52038,2965,نسیم آباد,157724,6
52039,2965,عسکریه/ نصرت آباد,157725,6
52040,2965,پادگان قوچان,157853,6
52041,2965,خمارتاش,157861,6
52042,2965,زو باران,157864,6
52043,2965,شورک توپکانلو,157867,6
52044,2965,شورک حاجی,157868,6
52045,2965,فخر آباد,157870,6
52046,2965,محمد آباد علیا,396674,6
52047,2965,شهرک صنعتی قوچان,396698,6
52048,2965,اصغر آباد,809007,6
52049,2966,آقا لطفعلی,156755,6
52050,2966,بیگلر,156758,6
52051,2966,تقی آباد,156762,6
52052,2966,جرتوده,156764,6
52053,2966,جعفر آباد علیا,156766,6
52054,2966,چیتگر,156771,6
52055,2966,حاجی کاهو,156773,6
52056,2966,حسن آباد,156775,6
52057,2966,داغیان,156777,6
52058,2966,سعادت قلی سفلی,156782,6
52059,2966,سعادت قلی علیا,156783,6
52060,2966,سلیم آباد,156785,6
52061,2966,عسگر آباد,156790,6
52062,2966,قره شاهوردی / احمد آباد,156793,6
52063,2966,کلاته میرزا رجب,156802,6
52064,2966,گزل آباد,156806,6
52065,2966,گنبد حق,156807,6
52066,2966,محمودی,156811,6
52067,2966,اتر آباد,157406,6
52068,2966,ارته چشمه,157407,6
52069,2966,برج زیدانلو,157411,6
52070,2966,دربندی,157423,6
52071,2966,فیروز آباد,157432,6
52072,2966,یزدان آباد سفلی,157451,6
52073,2966,یوسف آباد,157453,6
52074,2966,زادک,157517,6
52075,2966,کلاته قرو,157531,6
52076,2966,قلعه تپه / قره تپه,396742,6
52077,2967,گندبر,159018,6
52078,2967,آب گرم,159903,6
52079,2967,اسحاق آباد,159907,6
52080,2967,اسماعیل آباد,159908,6
52081,2967,بقی,159915,6
52082,2967,تربقان,159917,6
52083,2967,تل آباد,159919,6
52084,2967,چاه کورا,159924,6
52085,2967,چشمه حاجی,159926,6
52086,2967,حاجبی,159932,6
52087,2967,حاجی منو,159934,6
52088,2967,حسین آباد,159937,6
52089,2967,ریخته ابوالقاسمی,159941,6
52090,2967,سفید مر,159945,6
52091,2967,شکر آباد,159948,6
52092,2967,طاهر آباد,159955,6
52093,2967,فدافن,159967,6
52094,2967,فروتقه,159971,6
52095,2967,قوژد,159977,6
52096,2967,کلاته تک شوراب,159990,6
52097,2967,کلاته شور,159997,6
52098,2967,کلاته نایی,160011,6
52099,2967,مهدی آباد,160029,6
52100,2968,زیردره,158989,6
52101,2968,قنات سرحوضک,159001,6
52102,2968,کلاته سنگی,159007,6
52103,2968,محمدیه,159020,6
52104,2968,کلاته عبداله,159622,6
52105,2968,آبکوه علی آباد,159905,6
52106,2968,چناران,159928,6
52107,2968,حاجی آباد,159933,6
52108,2968,دهانه,159938,6
52109,2968,زنده جان,159942,6
52110,2968,ساربان,159943,6
52111,2968,سرحوضک,159944,6
52112,2968,شوکتیه,159949,6
52113,2968,شهردار کلاته,159950,6
52114,2968,چاه موتور صدر آباد,159952,6
52115,2968,صفاییه,159953,6
52116,2968,عشرت آباد,159961,6
52117,2968,علی آباد,159962,6
52118,2968,علی مور,159964,6
52119,2968,فتح آباد,159966,6
52120,2968,کسرینه,159980,6
52121,2968,کلاته اتشقاه,159981,6
52122,2968,کلاته احمدی/ کلاته پزی,159982,6
52123,2968,کلاته آقا محمد,159984,6
52124,2968,کلاته آلبالو,159985,6
52125,2968,کلاته بهمنی,159988,6
52126,2968,کلاته پیشکوه,159989,6
52127,2968,کلاته روحانی,159993,6
52128,2968,کلاته سالاری,159995,6
52129,2968,کلاته محمد آباد/ کلاته شاه محمد,159996,6
52130,2968,کلاته صالح,159998,6
52131,2968,کلاته علی عبدالهی,160001,6
52132,2968,کلاته کربلایی قاسم,160004,6
52133,2968,کلاته محمدحسین,160005,6
52134,2968,کلاته ملاعلی اکبر,160007,6
52135,2968,کلاته ملا محمد علی,160008,6
52136,2968,کلاته میرزا غلامرضا,160009,6
52137,2968,کلاته نادر,160010,6
52138,2968,کلاته نساجیان,160012,6
52139,2968,کلاته نوبهار,160014,6
52140,2968,کلاته هندو,160015,6
52141,2968,کلاته یادگار,160016,6
52142,2968,کلاته یک درخت,160017,6
52143,2968,مغان,160022,6
52144,2968,محمد آباد عندلیب / هند آباد,160023,6
52145,2968,معل آباد,160024,6
52146,2968,ملک آباد,160025,6
52147,2968,ممر آباد,160026,6
52148,2968,منصوریه,160027,6
52149,2968,نصرت آباد,160032,6
52150,2968,ولی آباد,160033,6
52151,2968,هاشم آباد,396912,6
52152,2968,پادگان قدس,396916,6
52153,2968,چشمه لوشی,396917,6
52154,2968,موتور شهرداری شماره 8,396918,6
52155,2968,چاه اسماعیل آباد,396919,6
52156,2968,تکشوراب,396920,6
52157,2968,دکل تلویزیون,396921,6
52158,2968,محمود آباد,396922,6
52159,2968,کلاته رستم پور/ کلاته استاد اصغر,541467,6
52160,2969,آبگرم,159906,6
52161,2969,اسماعیل بلوچ,159909,6
52162,2969,باغ سنگی,159913,6
52163,2969,تک سیاه,159918,6
52164,2969,تویک,159920,6
52165,2969,چاه مزار,159925,6
52166,2969,چشمه لوشی,159927,6
52167,2969,رزق آباد,159939,6
52168,2969,رضاییه,159940,6
52169,2969,شیخ حسن,159951,6
52170,2969,طوقان,159956,6
52171,2969,عارف آباد,159958,6
52172,2969,علی آباد,159963,6
52173,2969,فلسطین,159972,6
52174,2969,قوچ پلنگ,159978,6
52175,2969,کاژ غونه,159979,6
52176,2969,کلاته ذوالفقار,159992,6
52177,2969,کلاته نو,160013,6
52178,2970,امین آباد,159911,6
52179,2970,باقر آباد,159914,6
52180,2970,بهاریه,159916,6
52181,2970,جردوی,159923,6
52182,2970,حاج رجب,159930,6
52183,2970,حاج علی,159931,6
52184,2970,حجت آباد,159935,6
52185,2970,طاهر آباد,159954,6
52186,2970,عباس آباد,159959,6
52187,2970,فرشه,159969,6
52188,2970,فیض آباد,159974,6
52189,2970,قلندر آباد,159976,6
52190,2970,نای,160030,6
52191,2970,نخعی,160031,6
52192,2971,رحمت آباد / کلاته خان,155977,6
52193,2971,اروک,161301,6
52194,2971,اسو جدید,161304,6
52195,2971,بندشیراز,161306,6
52196,2971,بند علی شفیع,161307,6
52197,2971,تپه اروک,161309,6
52198,2971,توکل آباد,161310,6
52199,2971,جعفر آباد,161311,6
52200,2971,چاه آهنی سفلی / چاه آهنی پایین,161313,6
52201,2971,چاه آهنی علیا / چاه آهنی بالا,161314,6
52202,2971,چاه آهنی وسطی / چاه آهنی میان,161315,6
52203,2971,چاه بلوچی,161316,6
52204,2971,چاه بند کاظم,161317,6
52205,2971,چاه پاین,161318,6
52206,2971,چاه تیزو,161319,6
52207,2971,چاه جهاد سازندگی,161321,6
52208,2971,چاه درکم,161323,6
52209,2971,چاه دولتی جنگلبانی,161324,6
52210,2971,چاه زینه,161325,6
52211,2971,چاه سرخ,161327,6
52212,2971,چاه علی یوسف,161330,6
52213,2971,چاه کربلایی محمد تقی,161336,6
52214,2971,چاه کلاهدوزی,161337,6
52215,2971,چاه گز علیا,161339,6
52216,2971,چاه گز وسطی,161340,6
52217,2971,چاه مستی,161341,6
52218,2971,چاه میغونی بالا,161356,6
52219,2971,چاه میغونی پایین,161357,6
52220,2971,چاه نمک,161358,6
52221,2971,چاه نو,161359,6
52222,2971,چاه نیمه عمیق عبادی,161361,6
52223,2971,چاه هنگام,161362,6
52224,2971,چشمه پیش چنگ,161364,6
52225,2971,چشمه سرگدار,161366,6
52226,2971,چشمه شب,161367,6
52227,2971,چشمه شورک,161368,6
52228,2971,چشمه فریزو,161369,6
52229,2971,چشمه لارخان,161370,6
52230,2971,حاجی آباد,161371,6
52231,2971,حسین آباد,161374,6
52232,2971,حصار,161376,6
52233,2971,حوض زرگر,161377,6
52234,2971,حوض کربلایی خدیجه,161378,6
52235,2971,حوض کربلایی محمد,161379,6
52236,2971,حوض کربلایی محمد,161380,6
52237,2971,دوحوض,161381,6
52238,2971,زین آباد,161384,6
52239,2971,سراجوی سفلی,161385,6
52240,2971,سراجوی علیا,161386,6
52241,2971,سراجوی میان,161387,6
52242,2971,سلطانیه,161389,6
52243,2971,سنجری,161390,6
52244,2971,سیاه دره سفلی / سیاه دره پایین,161392,6
52245,2971,سیاه دره بالا / سیاه دره علیا,161393,6
52246,2971,سیاه دره میان / سیاه دره وسطی,161394,6
52247,2971,شورچاه,161398,6
52248,2971,شورچاه,161399,6
52249,2971,علی آباد,161403,6
52250,2971,قسطنی,161405,6
52251,2971,قنات,161406,6
52252,2971,کلاته بالا,161412,6
52253,2971,کلاته بی بو,161413,6
52254,2971,کلاته جونگی,161417,6
52255,2971,کلاته شیر,161422,6
52256,2971,کلاته علی نور,161424,6
52257,2971,کلاته کوره,161426,6
52258,2971,کلاته کوه,161427,6
52259,2971,کلاته گز,161428,6
52260,2971,کلاته محمد,161429,6
52261,2971,کلاته مزار,161431,6
52262,2971,کلاته میان,161432,6
52263,2971,کوثر,161435,6
52264,2971,گل اقا,161439,6
52265,2971,گل آقچه,161440,6
52266,2971,لاری سفلی,161443,6
52267,2971,لاری علیا,161444,6
52268,2971,محسن آباد,161445,6
52269,2971,نقر,161449,6
52270,2971,نوده پشتک /نوده پشنگ,161451,6
52271,2971,نهد / نهند,161452,6
52272,2971,همتیه بالا,161453,6
52273,2971,همتیه پایین,161454,6
52274,2971,الحبیب,161660,6
52275,2971,برقیو,161665,6
52276,2971,برگز بالا,161666,6
52277,2971,برگز پایین,161667,6
52278,2971,چاه زنبور,161674,6
52279,2971,چاه شیرین,161676,6
52280,2971,حوض سرخ,161693,6
52281,2971,علی آباد,161706,6
52282,2971,قلعه حاجی رضا,161709,6
52283,2971,یکه ریگ,161737,6
52284,2971,حوض حاجی عباسی,397338,6
52285,2971,چاه بازلی,397339,6
52286,2971,چاه قلعه حسن,397342,6
52287,2971,حوض حاج اسحاق,397343,6
52288,2971,چشمه عباس,397344,6
52289,2971,حوض کولفار,397345,6
52290,2971,معدن شتران,397346,6
52291,2971,چاه حاجی شکاری,397347,6
52292,2971,عباس حسنک,397351,6
52293,2971,تپه حمام,397352,6
52294,2971,حوض گلوریگ,397353,6
52295,2971,قلعه زیارت,397354,6
52296,2971,کلاته استا عبدل,397355,6
52297,2971,حوض کره زار,397357,6
52298,2971,حوض حاجی,397358,6
52299,2971,عبادیه جدید,397359,6
52300,2971,اسماعیل آباد,397360,6
52301,2971,حاجی آخوند,397361,6
52302,2971,خانه یوسف,397362,6
52303,2971,سمعلی,397365,6
52304,2971,حوض بندغرفه,397366,6
52305,2971,بیمرغ,397367,6
52306,2971,معدن اسو,397370,6
52307,2971,گیسور نوسازی,397372,6
52308,2971,حوض نصف راه,397381,6
52309,2971,شوراب نوسازی,397382,6
52310,2971,پادگان قدس گناباد / پادگان خاتم الانبی,397384,6
52311,2971,چاه شرب بیمرغ,397385,6
52312,2971,چاه فیضی,397388,6
52313,2971,حوض دهنه,397390,6
52314,2971,صالح آباد,541741,6
52315,2971,چاه اسفونی,541920,6
52316,2971,چشمه شیرین,541921,6
52317,2971,چاه سروری,541922,6
52318,2971,مزرعه آستان قدس,541923,6
52319,2971,حوض سنگی,542623,6
52320,2971,معدن خرابه,542626,6
52321,2971,بند سخت,543064,6
52322,2971,کارخانه شیر سلطانی بیدخت,809594,6
52323,2971,گاوداری بیدخت,809595,6
52324,2972,چاه آب شرب بیدخت,161328,6
52325,2972,چاه مشاع مقیم آباد,161354,6
52326,2972,چاه شرب گناباد,161363,6
52327,2972,سید آباد,161395,6
52328,2972,شرکت آجر فشاری خارا,161396,6
52329,2972,کوره آجر فشاری قایم / کوره هفمان اجری,161436,6
52330,2972,کوره هفمان مصطفوی,161437,6
52331,2972,میرآباد,161447,6
52332,2972,نوده گناباد,161450,6
52333,2972,چاه شرب روشناوند,161456,6
52334,2972,بهاباد,161609,6
52335,2972,بهشت قاسم,161610,6
52336,2972,چاه حکمت,161612,6
52337,2972,چاه رجب پور,161613,6
52338,2972,چاه روغنی,161614,6
52339,2972,چاه عابدی پور,161619,6
52340,2972,چاه علیزاده,161620,6
52341,2972,چاهک,161621,6
52342,2972,حوض حسن بیک,161624,6
52343,2972,رهن,161626,6
52344,2972,ریاب,161627,6
52345,2972,سید مراد,161628,6
52346,2972,قنبر آباد,161631,6
52347,2972,مرغداری عبدی,161633,6
52348,2972,ایستگاه تلویزیونی حسن ترک,161663,6
52349,2972,باغ آسیا,161664,6
52350,2972,بیلند / بیلوند,161671,6
52351,2972,چاه ضیایی,161677,6
52352,2972,چاه طاقی,161678,6
52353,2972,چاه شماره 5 مارکوهک / چاه مشاع,161681,6
52354,2972,چاه مشاع شماره دو مارکوهک عبدی,161682,6
52355,2972,چاه مشاع شماره سه مارکوهک,161683,6
52356,2972,چاه مشاع شماره 1 مار کوهک صفری,161684,6
52357,2972,حسین آباد,161690,6
52358,2972,خیبری,161695,6
52359,2972,دولویی,161696,6
52360,2972,دیزاباد,161697,6
52361,2972,سمویی,161701,6
52362,2972,شرکت آجر فشاری اتحاد مند,161702,6
52363,2972,شمس آباد,161703,6
52364,2972,عزیزآباد,161705,6
52365,2972,قوژد,161710,6
52366,2972,کلاته قهرمانی,161717,6
52367,2972,کلاته کلوخ,161719,6
52368,2972,کلاته مسگرا,161720,6
52369,2972,کلاته نو,161724,6
52370,2972,کلاته نیکخواه,161725,6
52371,2972,مارکوهک,161730,6
52372,2972,محمدآباد,161731,6
52373,2972,مند,161735,6
52374,2972,حسین آباد,161738,6
52375,2972,بند شریعت,161828,6
52376,2972,مالاب,161947,6
52377,2972,کل حوض باقری,397224,6
52378,2972,حوض قربان,397227,6
52379,2972,چاه تهان,397231,6
52380,2972,چاه صابری,397232,6
52381,2972,حوض خاکی,397246,6
52382,2972,حوض آشوری,397247,6
52383,2972,پرورش ماهی واردک گناباد,397248,6
52384,2972,گاوداری محمد اخلاقی,397249,6
52385,2972,گاوداری چاه شمس آبادی,397251,6
52386,2972,چاه اکبرپل شکسته,397252,6
52387,2972,چاه آب شرب بیدخت,397259,6
52388,2972,حوض سقا,397260,6
52389,2972,حوض خوش,397261,6
52390,2972,حوض نو,397262,6
52391,2972,حوض سرکلات,397263,6
52392,2972,حوض قدیر,397264,6
52393,2972,حوض سفید,397265,6
52394,2972,حوض بادگیر دار,397266,6
52395,2972,حوض قاین,397267,6
52396,2972,حوض الخوی,397268,6
52397,2972,حوض بند بالا,397269,6
52398,2972,حوض کلهور,397270,6
52399,2972,چاه امین,397301,6
52400,2972,حوض میرسیدو,397305,6
52401,2972,کوره آجر فشاری هفمان,397306,6
52402,2972,حوض حاجی محمد عبدالهی,397308,6
52403,2972,مسجد دیزوق,397316,6
52404,2972,چاه حکمت,397317,6
52405,2972,چاه شرب گناباد,397325,6
52406,2972,چاه بنیلی,397328,6
52407,2972,حوض کربلایی تقی,397332,6
52408,2972,حوض کلمه,397337,6
52409,2972,عباس آباد,541743,6
52410,2972,چاه حاج غلام رضا,541744,6
52411,2972,چاه دوستدار/ چاه عرب نژاد,541880,6
52412,2972,چاه سهراب معینی زاده / چاه صفریان,541889,6
52413,2972,شهرک صنعتی گناباد,542246,6
52414,2972,منبع قیر جهادسازندگی,542248,6
52415,2972,کارخانه آسفالت شهرداری بیدخت,542258,6
52416,2972,مرغداری رضایی,542799,6
52417,2972,مرغداری علی عبدی,542800,6
52418,2972,مرغداری فانی,542801,6
52419,2972,مرغداری غلامیان,542802,6
52420,2972,مجتمع کشت وصنعت سالاریه,542803,6
52421,2972,مرغداری نمازی,543068,6
52422,2972,مرغداری مجید,543069,6
52423,2972,موقعیت پدافند هوایی ارتش جمهوری اسلامی ایران / شهید علا,809009,6
52424,2972,مجتمع فولاد کاویان,809596,6
52425,2972,مخزن آب شهید تقی خسروزاده,809597,6
52426,2972,مرغداری مبین,809598,6
52427,2972,مرغداری کولاک گستر یزد,809599,6
52428,2973,چاه انصاری / چاه برادران امیدفر,160333,6
52429,2973,چهار دانگ,160359,6
52430,2973,خوش منزل,160387,6
52431,2973,حوض بیگی,161623,6
52432,2973,حوض روچی,161625,6
52433,2973,بیهود,161830,6
52434,2973,چشمه شور,161849,6
52435,2973,خاتومه,161865,6
52436,2973,درصوفه,161867,6
52437,2973,رضویه,161873,6
52438,2973,رقاصان / گوهردشت,161874,6
52439,2973,زیبد,161879,6
52440,2973,زیرجان,161880,6
52441,2973,سر آسیاب,161882,6
52442,2973,سقی,161885,6
52443,2973,سنو,161887,6
52444,2973,کلاته شهاب,161891,6
52445,2973,شیراز آباد,161892,6
52446,2973,عباس آباد,161895,6
52447,2973,روچی,161896,6
52448,2973,فودنجان,161898,6
52449,2973,کم چنار,161900,6
52450,2973,کلات,161904,6
52451,2973,کلاته سید علی,161922,6
52452,2973,کلاته علی آباد,161926,6
52453,2973,گنبتوک,161944,6
52454,2973,محمد آباد لب رود,161949,6
52455,2973,مو سیرز,161955,6
52456,2973,نوده میرمحراب,161957,6
52457,2973,ورورک,161958,6
52458,2973,هراونج,161959,6
52459,2973,کلاته نی انبه / کلاته نی غیبی,397058,6
52460,2973,رستوران نسیم,397175,6
52461,2973,حوض قنبر,397190,6
52462,2973,حوض رجب,542099,6
52463,2973,کارخانه آسفالت و سنگ شکن کیهان راه شرق,809593,6
52464,2974,اسپور,161302,6
52465,2974,چاه چیلدار,161322,6
52466,2974,چاه سرخ,161326,6
52467,2974,چاه غیاث,161334,6
52468,2974,رودگز,161382,6
52469,2974,سنگ سوراخ,161391,6
52470,2974,فخر آباد,161404,6
52471,2974,کبوتر کوه,161407,6
52472,2974,کلاته احمدی,161408,6
52473,2974,کلاته آهن,161411,6
52474,2974,کلاته پا سوخته / کلاته سرج,161414,6
52475,2974,کلاته پرچمی,161415,6
52476,2974,کلاته تک لک,161416,6
52477,2974,کلاته حجی محمد / کلاته حاج محمد,161418,6
52478,2974,کلاته رمضانی,161419,6
52479,2974,کلاته رهبر,161420,6
52480,2974,کلاته شمشیر کش,161421,6
52481,2974,کلاته کراویه,161425,6
52482,2974,کلاته محمد رجبعلی,161430,6
52483,2974,کلان سفلی,161433,6
52484,2974,کلان علیا,161434,6
52485,2974,چکو,161853,6
52486,2974,سنجتک,161886,6
52487,2974,فخ / فخت,161897,6
52488,2974,کلاته میزاتقی,161938,6
52489,2974,محمد آباد,161948,6
52490,2974,ابراهیم آباد,162103,6
52491,2974,اغوک,162104,6
52492,2974,استاد,162105,6
52493,2974,اسماعیل آباد,162106,6
52494,2974,اقضی,162107,6
52495,2974,امرشکچه,162108,6
52496,2974,امرشک,162109,6
52497,2974,ایدو,162110,6
52498,2974,ایرانی,162111,6
52499,2974,ایوب,162112,6
52500,2974,باقر آباد,162113,6
52501,2974,باقر آباد / کلاته سنگی,162114,6
52502,2974,بخت آباد بالا,162115,6
52503,2974,بخت آباد پایین,162116,6
52504,2974,برجوک,162117,6
52505,2974,بلوچی,162118,6
52506,2974,بنفش,162119,6
52507,2974,بهزاب بالا,162120,6
52508,2974,پای گدار,162124,6
52509,2974,پچک,162125,6
52510,2974,پرویز,162126,6
52511,2974,ترنج بالا,162129,6
52512,2974,ترنج پایین,162130,6
52513,2974,تک بنستان,162133,6
52514,2974,تک پهن,162134,6
52515,2974,تک چاه,162135,6
52516,2974,تک درغنج,162139,6
52517,2974,تک میدان,162146,6
52518,2974,تک همنه,162148,6
52519,2974,تکزو,162149,6
52520,2974,جونک بالا,162152,6
52521,2974,جونک پایین,162153,6
52522,2974,چرک آباد,162154,6
52523,2974,چرک آبادکهنه,162155,6
52524,2974,چشمه سفید,162158,6
52525,2974,چشمه قلی,162159,6
52526,2974,چشمه نصیر,162160,6
52527,2974,حاجی آباد بالا,162161,6
52528,2974,حاجی آباد پایین,162162,6
52529,2974,حسن آباد جنگور,162164,6
52530,2974,حسین آباد,162165,6
52531,2974,حوض غلامان,162166,6
52532,2974,حوض سرخ,162167,6
52533,2974,خانیک,162168,6
52534,2974,خلیلی,162171,6
52535,2974,حسن آباد / خون آباد,162172,6
52536,2974,درغنج,162173,6
52537,2974,دوغ آباد,162175,6
52538,2974,دهنو,162176,6
52539,2974,دیسفان,162177,6
52540,2974,رحمت آباد,162182,6
52541,2974,رزگ,162183,6
52542,2974,رضو سفلی,162184,6
52543,2974,رمکن,162186,6
52544,2974,زقیچ,162187,6
52545,2974,زقیچ علیا,162188,6
52546,2974,زو / صالح آباد,162191,6
52547,2974,زیروک,162194,6
52548,2974,سارنگ سفلی,162196,6
52549,2974,سنگنج,162201,6
52550,2974,سنجدبالا,162202,6
52551,2974,سنجد پایین,162203,6
52552,2974,سنگی در,162205,6
52553,2974,سیاه سنگ,162206,6
52554,2974,شاهراه,162208,6
52555,2974,شاهراه,162209,6
52556,2974,ششک,162210,6
52557,2974,شمس آباد,162211,6
52558,2974,شوراباد,162212,6
52559,2974,ظهری سفلی,162213,6
52560,2974,ظهری علیا,162214,6
52561,2974,ظهری وسطی,162215,6
52562,2974,علیرضا,162220,6
52563,2974,علی منصوری,162223,6
52564,2974,قلعه سفید سفلی,162224,6
52565,2974,قلعه سفیدعلیا,162225,6
52566,2974,کافه صالح آباد,162226,6
52567,2974,کج آباد,162228,6
52568,2974,کرشک,162230,6
52569,2974,کسک,162231,6
52570,2974,کلاته احمد درزی,162234,6
52571,2974,کلاته انگی,162238,6
52572,2974,کلاته پریشان,162242,6
52573,2974,کلاته حاجی,162246,6
52574,2974,کلاته شمس,162253,6
52575,2974,کلاته شیخی,162257,6
52576,2974,کلاته صالح,162258,6
52577,2974,کلاته عامر,162259,6
52578,2974,کلاته علی اصغر / کلاته پای ارگ,162260,6
52579,2974,کلاته قربان,162262,6
52580,2974,کلاته ملکزاده,162269,6
52581,2974,کلاته ملا,162270,6
52582,2974,کلاته ملامحسن,162272,6
52583,2974,کلاته نجف /علی قلی خونی,162273,6
52584,2974,کلاته نو,162274,6
52585,2974,کلاته ولی,162277,6
52586,2974,کندل سفلی,162278,6
52587,2974,کندل وسطی,162280,6
52588,2974,کوه قلعه سفلی,162281,6
52589,2974,کوه قلعه علیا,162282,6
52590,2974,گل آباد,162283,6
52591,2974,گلزار,162285,6
52592,2974,گیلو,162287,6
52593,2974,مغاث,162291,6
52594,2974,محمد آباد / کلاته حاجی احمد,162292,6
52595,2974,محمد آباد سفلی / محمد آباد پایین,162293,6
52596,2974,محمد آباد صابری,162294,6
52597,2974,مهی آباد بالا,162295,6
52598,2974,مهی آباد پایین,162296,6
52599,2974,مرغش,162297,6
52600,2974,ملش,162298,6
52601,2974,ملا آباد,162299,6
52602,2974,مهاباد سفلی / مهابادپایین,162300,6
52603,2974,مهاباد علیا / مهاباد بالا,162301,6
52604,2974,مهاباد وسطی,162302,6
52605,2974,میمند,162303,6
52606,2974,نجم آباد,162304,6
52607,2974,همت آباد / قصب آباد,162307,6
52608,2974,همت آباد / کلاته اصغر کوه نشین,162308,6
52609,2974,حوض جنگور,397140,6
52610,2974,معدن سنگ,397142,6
52611,2974,حوض عقل بند,397145,6
52612,2974,حوض داشخانه,397146,6
52613,2974,حوض برجوق,397150,6
52614,2974,سدخاکی,397162,6
52615,2974,نهجز پایین,397165,6
52616,2974,معدن خاک نسوز / معدن حفر زغال چوب,397173,6
52617,2974,کلاته زیراوند,397179,6
52618,2974,بنداهو,397180,6
52619,2974,کندل علیا,541749,6
52620,2974,تک بخشی,541750,6
52621,2974,حوض درخت بنه,541751,6
52622,2974,کارخانه آسفالت شهرداری کاخک,542259,6
52623,2974,معدن سنگ آهک برجوک,542260,6
52624,2974,مرغداری بسکابادی,542812,6
52625,2974,شرکت ابیاری عابدکاخک,542813,6
52626,2974,شرکت تولیدی ابمیوه فرحنوش بهار,542814,6
52627,2974,شرکت سپیده کویر(فراوری شیر),542815,6
52628,2974,معدن سنگ,542917,6
52629,2974,کشتارگاه مرغ شهرداری کاخک,809588,6
52630,2974,شرکت فرآورده های لبنی پگاه,809590,6
52631,2974,صنایع غذایی ناوک,809591,6
52632,2974,ناحیه صنعتی کاخک,809592,6
52633,2974,چشمه اقضی,809606,6
52634,2974,شرکت لعاب زرین کاخک,809613,6
52635,2975,ابرش / ابرشک,163116,6
52636,2975,احمد آباد,163117,6
52637,2975,اسماعیل آباد,163120,6
52638,2975,اسماعیل آباد,163121,6
52639,2975,شرکت عمران شهر جدید بینالود,163126,6
52640,2975,بیرم آباد,163140,6
52641,2975,پیوه ژن,163141,6
52642,2975,تلخ آباد,163143,6
52643,2975,جمال ده,163146,6
52644,2975,حاجی آباد علیا / حاجی آباد,163156,6
52645,2975,حاجی آباد,163157,6
52646,2975,حسین آباد,163158,6
52647,2975,درخت سفیدار,163161,6
52648,2975,دلبران,163162,6
52649,2975,ده ملا,163166,6
52650,2975,رازون,163167,6
52651,2975,رباط سفید,163169,6
52652,2975,روکال,163170,6
52653,2975,دیز باد سفلی,163171,6
52654,2975,سلطان آباد نمک,163173,6
52655,2975,امام تقی,163175,6
52656,2975,صید آباد,163179,6
52657,2975,عباس آباد,163181,6
52658,2975,قاسم آباد,163185,6
52659,2975,کریم آباد,163193,6
52660,2975,کلاته پیر,163195,6
52661,2975,کلاته خان نایب,163197,6
52662,2975,کلاته شور,163199,6
52663,2975,کلاته عباس آباد,163200,6
52664,2975,کلاته نی زار,163201,6
52665,2975,گون جوک سفلی,163206,6
52666,2975,گون جوک علیا,163207,6
52667,2975,معصوم آباد,163216,6
52668,2975,نیر آباد,163221,6
52669,2975,یکه درخت,163224,6
52670,2975,بازه حور,163345,6
52671,2975,تکروک سفلی,163353,6
52672,2975,تکروک علیا,163354,6
52673,2975,خوش اب,163372,6
52674,2975,دوتلخی,163375,6
52675,2975,زمان آباد,163380,6
52676,2975,زیارت,163381,6
52677,2975,کلاته سید احمد,163388,6
52678,2975,سیرزار,163389,6
52679,2975,اسلام قلعه,163404,6
52680,2975,کج النگ,163405,6
52681,2975,گل بقرا,163411,6
52682,2975,نیزار,163429,6
52683,2975,کلاته قنبر,398472,6
52684,2975,کلاته نودرخت,398474,6
52685,2975,کلاته گرگی,398476,6
52686,2975,کلاته علی شوبالا,398478,6
52687,2975,کلاته علی شوپایین,398479,6
52688,2975,کلاته درخت جوز پایین,398480,6
52689,2975,کلاته درخت جوز بالا,398481,6
52690,2975,دی شو / ده شیب,398485,6
52691,2975,بازه آقا احمد,398486,6
52692,2975,کلاته تاکور,398489,6
52693,2975,درغاله,398492,6
52694,2975,بازه الوم / بازه الو,398494,6
52695,2975,بازه نوسنجد,398495,6
52696,2975,بازه حیدر,398496,6
52697,2975,بازه پرده,398499,6
52698,2975,بازه سور بالا,398505,6
52699,2975,شاه دره پایین,398508,6
52700,2975,سوراخ کوه بالا,398510,6
52701,2975,سوراخ کوه پایین,398511,6
52702,2975,کج بازه بالا,398513,6
52703,2975,چارسوی بالا,398514,6
52704,2975,کلاته رندر بالا,398517,6
52705,2975,کلاته رندرپایین,398518,6
52706,2975,کلاته خل لای,398519,6
52707,2975,کلاته فاسه زار,398520,6
52708,2975,گدیلر,398523,6
52709,2975,مهدی آباد,398538,6
52710,2975,نیم گزه,398562,6
52711,2975,کلاته ده دوست,398580,6
52712,2975,کلاته آمبوسان پایین,398582,6
52713,2975,کلاته علی آباد,398593,6
52714,2975,کلاته تنگل اغل,398594,6
52715,2975,کلاته جوهر سفلی/ کلاته جدر سفلی,398611,6
52716,2975,لنگر,398674,6
52717,2975,کلاته گمبی,541955,6
52718,2975,کلاته کمیلی /کلاته کمالی,542633,6
52719,2976,عارفی / آرفی,163118,6
52720,2976,استاج,163119,6
52721,2976,النگ امان آباد,163127,6
52722,2976,باز حوض علیا,163134,6
52723,2976,بزوشک,163135,6
52724,2976,بس ساروق / بش ساروق,163137,6
52725,2976,بهشت رضا,163138,6
52726,2976,تلگرد,163144,6
52727,2976,جنید دراز / گنبد دراز,163147,6
52728,2976,خواجه مراد,163159,6
52729,2976,درخت توت,163160,6
52730,2976,ده غیبی,163163,6
52731,2976,ده سرخ,163164,6
52732,2976,رباط خاکستری,163168,6
52733,2976,سیاه سر,163174,6
52734,2976,شریف آباد,163178,6
52735,2976,قاسم آباد,163184,6
52736,2976,کرتیان,163191,6
52737,2976,کروج,163192,6
52738,2976,کشاورزی اعتباری,163194,6
52739,2976,کمر زرد,163202,6
52740,2976,کوه باد,163203,6
52741,2976,گرزمی,163205,6
52742,2976,ایستگاه مخابراتی خواجه مراد,163230,6
52743,2976,امیر آباد,163340,6
52744,2976,باغچه,163344,6
52745,2976,بررود,163347,6
52746,2976,جهان آباد,163358,6
52747,2976,چشمه میر علی,163364,6
52748,2976,حسن آباد,163367,6
52749,2976,بلند پی / خاتون آباد,163371,6
52750,2976,داشخانه,163373,6
52751,2976,ده ملا,163376,6
52752,2976,سرغایه,163383,6
52753,2976,سرنیش,163384,6
52754,2976,عبدالمجید,163395,6
52755,2976,علی آباد,163397,6
52756,2976,فرزنی,163398,6
52757,2976,کاریز نو,163403,6
52758,2976,گلم آباد,163412,6
52759,2976,هادی آباد,163430,6
52760,2976,بالندر,164656,6
52761,2976,باره کاریز,398700,6
52762,2976,اقنج,398702,6
52763,2976,نظر آباد,398715,6
52764,2976,کارخانه کود آلی,398718,6
52765,2976,قره کپنک,398741,6
52766,2976,اسماعیل آباد,398742,6
52767,2976,کلاته یوسف زیارت,398746,6
52768,2976,چاه در,398755,6
52769,2976,خواجه اباصلت,398776,6
52770,2977,خور سفلی,165457,6
52771,2977,خورعلیا,165458,6
52772,2977,خور وسطی,165459,6
52773,2977,آغل کالی / آغل گلی,165704,6
52774,2977,اخنگان,165706,6
52775,2977,باغ فراگرد,165718,6
52776,2977,برقی,165721,6
52777,2977,بهار,165723,6
52778,2977,جهیزخانه / جحیزخانه,165734,6
52779,2977,چاه دره,165738,6
52780,2977,چهارباغ,165744,6
52781,2977,علی آباد,165748,6
52782,2977,حسن آباد / محسن آباد,165751,6
52783,2977,حسن شهاب / حسن شقا,165753,6
52784,2977,حسین آباد,165754,6
52785,2977,محوطه قاینی,165759,6
52786,2977,خرم آباد,165760,6
52787,2977,خلق آباد سفلی,165763,6
52788,2977,خوش هوا,165766,6
52789,2977,درآبد امام / درآبد شاهزاده,165768,6
52790,2977,دزغان / دزقان کاملی,165769,6
52791,2977,گوندوک,165771,6
52792,2977,دهسرخ,165772,6
52793,2977,ده مظفر / مظفر,165774,6
52794,2977,رضوان,165781,6
52795,2977,رودخین,165783,6
52796,2977,سرطاووس,165786,6
52797,2977,سنگ آتش,165787,6
52798,2977,سوراخه,165789,6
52799,2977,شایع / شایه,165792,6
52800,2977,شور اب,165796,6
52801,2977,شیر شتر,165799,6
52802,2977,علی آباد,165802,6
52803,2977,عوضی,165807,6
52804,2977,پرمه / فارمد,165810,6
52805,2977,فاز / پاز,165811,6
52806,2977,فرخد,165813,6
52807,2977,قزلقایه,165819,6
52808,2977,قصر,165820,6
52809,2977,قلعه نواندرخ,165824,6
52810,2977,قلعه نوفاز,165825,6
52811,2977,کاظم آباد پنجشنبه / کاظم آباد,165831,6
52812,2977,کلاته تیموری,165836,6
52813,2977,کلاته قاضی,165841,6
52814,2977,کلاکوب,165845,6
52815,2977,کنوگرد,165847,6
52816,2977,گازرگان / گذرگاه,165851,6
52817,2977,گراب,165852,6
52818,2977,گرجی سفلی,165853,6
52819,2977,گرجی علیا,165854,6
52820,2977,گمیزدر,165857,6
52821,2977,گنبدواز,165858,6
52822,2977,گوارشکی,165859,6
52823,2977,گوجگی استانه,165860,6
52824,2977,گوجگی بالا,165861,6
52825,2977,گزی,165862,6
52826,2977,لک لگ / لق لق,165863,6
52827,2977,محمدیه,165866,6
52828,2977,معین آباد سفلی / معین آباد پایین,165873,6
52829,2977,معین آباد بالا / معین آباد علیا,165874,6
52830,2977,مقصود باد,165875,6
52831,2977,نصر آباد,165882,6
52832,2977,نوچاه,165884,6
52833,2977,همت آباد,165891,6
52834,2977,همت آباد / قلعه مشرف,165899,6
52835,2977,باغوچه,166102,6
52836,2977,مزرعه عوضی,399276,6
52837,2977,قره محمد,399277,6
52838,2977,زیرکن,399278,6
52839,2977,شهید کامجو / شهید نامجو,399283,6
52840,2977,خلق آباد علیا,399289,6
52841,2977,اسلام آباد چهار گواره / اسلام آباد,399310,6
52842,2977,شهرک صنعتی مشهد,399314,6
52843,2977,شهرک شهید چمران / یانبلاغ,399334,6
52844,2977,کلاته حاج امیر,399347,6
52845,2977,درآبد/ عمارت,399349,6
52846,2977,نیارام,399350,6
52847,2977,دهرود,399360,6
52848,2977,اندرخ,540543,6
52849,2977,نادر آباد,809004,6
52850,2977,قزلق,809560,6
52851,2978,امرغان توس,165712,6
52852,2978,باغ شلواران,165717,6
52853,2978,شوراب,165795,6
52854,2978,مسگران,165872,6
52855,2978,احمد آباد مقبل,166089,6
52856,2978,اروند,166090,6
52857,2978,اسماعیل آباد / آب اشکان,166093,6
52858,2978,امیر آباد,166101,6
52859,2978,باغون آباد,166103,6
52860,2978,باشریک,166105,6
52861,2978,پرکند آباد,166115,6
52862,2978,چهل حجره,166135,6
52863,2978,حسن خردو / شهید شعبانی,166138,6
52864,2978,خراسانه,166143,6
52865,2978,خین چماقی,166145,6
52866,2978,خین عرب,166146,6
52867,2978,دوست آباد,166148,6
52868,2978,دهشک,166150,6
52869,2978,زرکش,166154,6
52870,2978,سرآسیاب پایین,166157,6
52871,2978,سلطان آباد,166160,6
52872,2978,سوران,166163,6
52873,2978,شبانکاره,166171,6
52874,2978,صید آباد,166179,6
52875,2978,عاشقان,166182,6
52876,2978,فریزی,166191,6
52877,2978,قهقه,166201,6
52878,2978,کال زرکش,166209,6
52879,2978,کشف,166210,6
52880,2978,کلاته ملا حسین,166223,6
52881,2978,کلاته میرزا تقی,166224,6
52882,2978,کلاته نوری,166225,6
52883,2978,لقمانی,166231,6
52884,2978,محمد آباد ایلخانی / محمد آباد قدس,166233,6
52885,2978,مرغزار,166242,6
52886,2978,منزل آباد,166247,6
52887,2978,موذنان,166249,6
52888,2978,ناظر آباد,166254,6
52889,2978,حسن آباد,398989,6
52890,2978,امین آباد,399126,6
52891,2978,تخم مرز,399156,6
52892,2978,دوجفتی,399163,6
52893,2978,کوشک مهدی,399170,6
52894,2978,فتح آباد,542854,6
52895,2978,تخته کاظم آباد,542856,6
52896,2979,بلغور,163996,6
52897,2979,بهره,163997,6
52898,2979,جنگ,163998,6
52899,2979,خرکت,164000,6
52900,2979,دربیابان,164001,6
52901,2979,سیج,164002,6
52902,2979,کارده,164003,6
52903,2979,کریم آباد,164004,6
52904,2979,کوشک آباد,164005,6
52905,2979,گوش,164006,6
52906,2979,مارشک,164007,6
52907,2979,آل,164034,6
52908,2979,پنج منه,164045,6
52909,2979,خواجه حسین آباد,164058,6
52910,2979,فیروز آباد,164076,6
52911,2979,کلاته عرب ها,164082,6
52912,2979,چشمه تنوره,398801,6
52913,2979,قله هزار مسجد,542399,6
52914,2980,اشکزری,166095,6
52915,2980,اکبر آباد,166096,6
52916,2980,اکبر آباد شاهزاده,166098,6
52917,2980,بازه کلاغ,166104,6
52918,2980,بازمرگان,166110,6
52919,2980,بشنو,166111,6
52920,2980,بقایی,166112,6
52921,2980,پایین ده,166114,6
52922,2980,پری آباد,166116,6
52923,2980,توپدرخت,166120,6
52924,2980,جلالی,166122,6
52925,2980,چاه ملا,166128,6
52926,2980,چنارسوخته,166131,6
52927,2980,جوادیه / چمبر غربال,166132,6
52928,2980,حسن آباد گرجی / حسن آباد شاهراه,166137,6
52929,2980,حسین آباد گوشه,166139,6
52930,2980,خان سعادت,166140,6
52931,2980,خرابه امین,166142,6
52932,2980,دندانه,166147,6
52933,2980,دوین,166149,6
52934,2980,رباطو,166151,6
52935,2980,روغن گران,166152,6
52936,2980,ریحان,166153,6
52937,2980,ساغروان,166155,6
52938,2980,سرواباد,166159,6
52939,2980,سلطان آباد,166161,6
52940,2980,سهل الدین,166164,6
52941,2980,شاه نیاز,166168,6
52942,2980,شاهین قلعه / امام قلعه,166170,6
52943,2980,شقا,166173,6
52944,2980,شیرحصار,166177,6
52945,2980,عباس آباد,166183,6
52946,2980,عبدل آباد,166184,6
52947,2980,عسگریه,166185,6
52948,2980,عشق آباد,166186,6
52949,2980,فتح آباد گرگ ها,166189,6
52950,2980,فتح آباد یزدی ها,166190,6
52951,2980,فیلیان سفلی,166192,6
52952,2980,فیلیان قایم مقام / قایم مقام علیا,166193,6
52953,2980,قادراباد,166194,6
52954,2980,قره تپه,166195,6
52955,2980,قزل حصار,166196,6
52956,2980,رضویه / قلعه سیاه,166198,6
52957,2980,کلاته محمد باقر,166212,6
52958,2980,کلاته حسن,166216,6
52959,2980,کلاته علی,166220,6
52960,2980,کلاته قربان,166221,6
52961,2980,کمینگران,166226,6
52962,2980,کورده,166227,6
52963,2980,گناباد,166230,6
52964,2980,مسگران,166244,6
52965,2980,ناظریه,166255,6
52966,2980,نورآباد,166258,6
52967,2980,سنگ سیاه,398856,6
52968,2980,چهچه,398861,6
52969,2980,گاوداری آراسته,398908,6
52970,2980,روح آباد,398923,6
52971,2980,شاهراه / علی آباد امام,398966,6
52972,2980,کلاته اسماعیل,541789,6
52973,2980,محمد آباد,542857,6
52974,2981,احمد آباد,162689,6
52975,2981,ابشکی,165702,6
52976,2981,ابوالخیر,165703,6
52977,2981,آسیا کل,165708,6
52978,2981,النگ اسدی,165710,6
52979,2981,امرغان سفلی / امرغان,165711,6
52980,2981,بازه دهنو,165716,6
52981,2981,برج آباد,165719,6
52982,2981,برزش آباد,165720,6
52983,2981,برکل,165722,6
52984,2981,پاوا,165724,6
52985,2981,تبادکان,165727,6
52986,2981,قیاس آباد علیا,165729,6
52987,2981,جغری,165731,6
52988,2981,جلالیه,165732,6
52989,2981,چغوکل,165740,6
52990,2981,حداد,165750,6
52991,2981,حسین آباد,165755,6
52992,2981,حصار افغان,165756,6
52993,2981,حلوایی,165758,6
52994,2981,خیر آباد,165767,6
52995,2981,دهنو کنار گوشه,165777,6
52996,2981,زین الدین,165785,6
52997,2981,سنگبر,165788,6
52998,2981,شترک,165793,6
52999,2981,شرشر,165794,6
53000,2981,شهر آباد,165797,6
53001,2981,شیرحصار,165798,6
53002,2981,عطار,165800,6
53003,2981,فیض آباد,165814,6
53004,2981,قاسم آباد,165815,6
53005,2981,قلعه آبشور,165821,6
53006,2981,قلعه نوکنار گوشه,165826,6
53007,2981,کاریز پایین,165830,6
53008,2981,کج درخت,165833,6
53009,2981,کریم آباد,165834,6
53010,2981,کلاته چاپار قلعه,165837,6
53011,2981,بالا بام/ کلاته سیدصادق,165838,6
53012,2981,کلاته فیض آباد,165840,6
53013,2981,کلاته یزدی ها,165843,6
53014,2981,کلاغ آهن,165844,6
53015,2981,کنارگوشه,165846,6
53016,2981,کینه بیست / کنویست,165849,6
53017,2981,محمد آباد چمن,165865,6
53018,2981,مرغانو,165868,6
53019,2981,مرغش,165869,6
53020,2981,مهدی آباد,165876,6
53021,2981,مهدی آباد,165877,6
53022,2981,مهر آباد شرشر,165879,6
53023,2981,مینو حصار,165880,6
53024,2981,نمدون,165883,6
53025,2981,هاشم آباد,165888,6
53026,2981,هلالی,165889,6
53027,2981,هندل آباد,165892,6
53028,2981,فرخ آباد,398128,6
53029,2981,علی شادی,398144,6
53030,2981,مامور آباد,542918,6
53031,2982,آبدوان,164028,6
53032,2982,آبقد,164029,6
53033,2982,آق داش,164030,6
53034,2982,آغزغانه,164031,6
53035,2982,احمد آباد,164032,6
53036,2982,ارداک,164033,6
53037,2982,امرودک,164035,6
53038,2982,انداد,164037,6
53039,2982,برگ,164039,6
53040,2982,تلقور,164048,6
53041,2982,جغنه حضرتی,164049,6
53042,2982,جغنه خرابه,164050,6
53043,2982,جهانکوه,164051,6
53044,2982,چاقه,164052,6
53045,2982,چنبره,164053,6
53046,2982,حصار,164055,6
53047,2982,خراسانک,164056,6
53048,2982,خرق,164057,6
53049,2982,درنگ آباد,164059,6
53050,2982,دزق,164060,6
53051,2982,دوله,164061,6
53052,2982,زاک,164064,6
53053,2982,سعد آباد,164065,6
53054,2982,امام تقی / شاه تقی,164068,6
53055,2982,طاهر آباد,164071,6
53056,2982,عباس آباد,164073,6
53057,2982,عبدالخانی,164074,6
53058,2982,فخر آباد,164075,6
53059,2982,قلعه نو ولی آباد,164077,6
53060,2982,کلوخی,164079,6
53061,2982,گندم خواب,164084,6
53062,2982,گجوان,164087,6
53063,2982,گل ازقند,164088,6
53064,2982,گوارشک,164089,6
53065,2982,ماریان,164092,6
53066,2982,مهدی آباد,164094,6
53067,2982,میان مرغ,164095,6
53068,2982,نجم,164096,6
53069,2982,نصر آباد,164097,6
53070,2982,نقاب,164098,6
53071,2982,ولی آباد,164099,6
53072,2982,چاه عمیق مشاع علیمو,540530,6
53073,2982,ناصر آباد,540531,6
53074,2982,کلاته چشمه علیمو,540535,6
53075,2982,چشمه علیمو,540537,6
53076,2982,شورآب,540538,6
53077,2982,سعید آباد,540540,6
53078,2982,سرآسیاب بالا,540544,6
53079,2982,گرمه,540551,6
53080,2982,چاه عمیق صنعت خانی,540554,6
53081,2982,مهر آباد,540557,6
53082,2983,آبروان,162686,6
53083,2983,آبمال,162687,6
53084,2983,اره,162691,6
53085,2983,جلال آباد / النگ شاهی,162695,6
53086,2983,بیاوند,162705,6
53087,2983,تپه نادر,162708,6
53088,2983,تقی آباد,162711,6
53089,2983,تیمور آباد,162715,6
53090,2983,چشمه رضا,162758,6
53091,2983,چهل من سنگ سفلی / چهل من سنگ پایین,162771,6
53092,2983,چهل من سنگ علیا / چهل من سنگ بالا,162772,6
53093,2983,حسن آباد,162776,6
53094,2983,حسین آباد گزبند,162778,6
53095,2983,خان نایب,162781,6
53096,2983,جیز آباد / شاهان گرماب / خیر آباد,162785,6
53097,2983,دم روباه,162786,6
53098,2983,مزرعه دزداب,162790,6
53099,2983,سلیمانی,162804,6
53100,2983,سنجدک,162806,6
53101,2983,شورک صبوری / شورک افغان ها,162819,6
53102,2983,علی آباد حاج رمضان,162824,6
53103,2983,قرقروک سفلی / قرقروک پایین,162827,6
53104,2983,قرقروک علیا / قرقروک بالا,162828,6
53105,2983,کلاته سیدا,162847,6
53106,2983,گریزمی,162874,6
53107,2983,گزبند,162875,6
53108,2983,گیامی,162877,6
53109,2983,لنگرک,162880,6
53110,2983,ماشوله,162881,6
53111,2983,نریمانی سفلی,162891,6
53112,2983,نصر آباد,162892,6
53113,2983,حسن خوجه,398341,6
53114,2983,دو چاهی,398343,6
53115,2983,نریمانی علیا,398403,6
53116,2983,چاه ازبک,543048,6
53117,2984,اسماعیل آباد,162692,6
53118,2984,برج موری,162701,6
53119,2984,بریلی,162702,6
53120,2984,بوته گز,162703,6
53121,2984,بوته مرده / بابا نظر,162704,6
53122,2984,پسخوری,162707,6
53123,2984,جرخشک سفلی,162719,6
53124,2984,جرخشک علیا,162720,6
53125,2984,جوی نو,162723,6
53126,2984,چاهک,162749,6
53127,2984,حاجی آباد,162773,6
53128,2984,حسن آباد,162774,6
53129,2984,خارزار,162780,6
53130,2984,درخت بید,162787,6
53131,2984,رباط ماهی,162796,6
53132,2984,سیاه بالا,162808,6
53133,2984,شورک ملکی,162820,6
53134,2984,صالح خانی,162822,6
53135,2984,قرنه سفلی,162829,6
53136,2984,قرنه علیا,162830,6
53137,2984,قلعه پختوک,162833,6
53138,2984,قلعه نو کلاته منار / قلعه نو خار زار,162836,6
53139,2984,قیچی در,162837,6
53140,2984,کلاته حاج علی,162845,6
53141,2984,کلاته حاجی نظر,162846,6
53142,2984,کلاته عبدل,162848,6
53143,2984,کلاته قلی,162849,6
53144,2984,کلاته کاریزنو,162850,6
53145,2984,کلاته قدم / کلاته کربلایی قدم,162851,6
53146,2984,کلاته منار,162852,6
53147,2984,کلاته میرزا جانی /کلاته میرزا جان,162853,6
53148,2984,کلاته یعقوبی,162855,6
53149,2984,کوه سفید سفلی,162869,6
53150,2984,گاوبرج,162871,6
53151,2984,گله چشمه,162876,6
53152,2984,گیمزرد,162878,6
53153,2984,دهنه چهل,398274,6
53154,2985,ابراهیم آباد,162685,6
53155,2985,اردولوک,162690,6
53156,2985,تخته نوروز,162709,6
53157,2985,تنگل شور سفلی,162713,6
53158,2985,تنگل شور علیا / شهرک قایم,162714,6
53159,2985,قزل یار,162717,6
53160,2985,جیم آباد,162724,6
53161,2985,مزرعه بهزادیان,162751,6
53162,2985,چلقی,162767,6
53163,2985,چنارک,162768,6
53164,2985,چوپانک,162769,6
53165,2985,حسن آباد,162775,6
53166,2985,خادم آباد,162779,6
53167,2985,خانقاه,162782,6
53168,2985,سالار آباد,162802,6
53169,2985,شادیشه پایین,162809,6
53170,2985,شادیشه بالا,162810,6
53171,2985,قازقان,162825,6
53172,2985,قره بوغه /قره بوقه,162831,6
53173,2985,قلعه نو,162835,6
53174,2985,کلاته حاجی قربان,162843,6
53175,2985,میامی,162888,6
53176,2985,میربنکش,162889,6
53177,2985,ناربند,162890,6
53178,2985,نوروز آباد,162895,6
53179,2985,بازحوض سفلی,163133,6
53180,2985,بیدک,163139,6
53181,2985,قشلاق,163186,6
53182,2985,کال چوقوکی,163190,6
53183,2985,احمد آباد,165705,6
53184,2985,دستگردان,165770,6
53185,2985,علی آباد سر تخت سفلی,165803,6
53186,2985,علی آباد سر تخت علیا,165804,6
53187,2985,تپه سلام,397500,6
53188,2985,مزرعه نمونه,398025,6
53189,2985,چاه دانشجویان,398082,6
53190,2985,ابراهیم آباد میر بنکش,398185,6
53191,2985,چشمه النگک,398226,6
53192,2985,چاه نیی,398227,6
53193,2985,سلطان آباد,542919,6
53194,2985,شهرک صنعتی چرم مشهد,809578,6
53195,2985,مرکز معاینه فنی خودروهای سنگین ثامن الحجج,809579,6
53196,2986,آق قایه,168077,6
53197,2986,امین آباد,168082,6
53198,2986,اینچگان,168083,6
53199,2986,بابابهلول,168084,6
53200,2986,بشکن,168091,6
53201,2986,بیدخان,168093,6
53202,2986,پیر شهباز,168098,6
53203,2986,غرغاب,168101,6
53204,2986,چکنه علیا,168109,6
53205,2986,چهار باغ,168110,6
53206,2986,حاجی آباد,168111,6
53207,2986,حسن آباد,168112,6
53208,2986,خایسک,168115,6
53209,2986,خدر شاه,168116,6
53210,2986,خواجه آباد,168118,6
53211,2986,دزق,168126,6
53212,2986,زیارت,168131,6
53213,2986,زیگ,168133,6
53214,2986,ساقی بیگ,168134,6
53215,2986,سلطان میدان,168136,6
53216,2986,سوله,168139,6
53217,2986,شیخ مصطفی,168145,6
53218,2986,طالبی,168146,6
53219,2986,عبداله گیوی,168149,6
53220,2986,عبدیه,168150,6
53221,2986,عشق آباد,168152,6
53222,2986,فهنه,168153,6
53223,2986,غزل آغول,168157,6
53224,2986,قزل قلعه,168159,6
53225,2986,کلیدر,168166,6
53226,2986,کلاته فشای,168181,6
53227,2986,کلاته میدان,168185,6
53228,2986,کوه سخت,168189,6
53229,2986,گاو نشین,168190,6
53230,2986,گل بین,168191,6
53231,2986,مزرعه رضا,168200,6
53232,2986,نوسرا,168212,6
53233,2986,نومیری,168213,6
53234,2986,ینگجه,168221,6
53235,2986,مزرعه رحیمی / مزرعه سلطانی,540264,6
53236,2986,دکل تلویزیون کلیدر,540266,6
53237,2986,موتور آب سلطانی / موتور آب ساقی,540272,6
53238,2987,باریک آب,167887,6
53239,2987,برزنون,167889,6
53240,2987,تخته مشک,167893,6
53241,2987,ته منگان,167897,6
53242,2987,تیران,167898,6
53243,2987,خیرآباد,167905,6
53244,2987,درویش علی مقری,167906,6
53245,2987,رشم آوا,167910,6
53246,2987,سه چاه,167918,6
53247,2987,امامزاده حسین اصغر,167920,6
53248,2987,قره گل,167927,6
53249,2987,کلاته صدوقی,167945,6
53250,2987,گاوکش,167953,6
53251,2987,مورنی,167961,6
53252,2987,اله آباد,168079,6
53253,2987,زهان,168130,6
53254,2987,شتر سنگ,168142,6
53255,2987,کلاته حاجی,168170,6
53256,2988,ابراهیم آباد,168617,6
53257,2988,ابراهیم آباد موری,168618,6
53258,2988,ابراهیم آباد,168620,6
53259,2988,ابراهیمی,168622,6
53260,2988,احمد آباد,168624,6
53261,2988,ارغش,168625,6
53262,2988,اسماعیل آباد,168626,6
53263,2988,اقبالی,168627,6
53264,2988,امامیه,168629,6
53265,2988,امیر آباد,168630,6
53266,2988,امین آباد,168631,6
53267,2988,باغ جعفر آباد,168635,6
53268,2988,بحرودی,168637,6
53269,2988,بدیع آباد,168638,6
53270,2988,برزو,168639,6
53271,2988,برناباد,168640,6
53272,2988,بشروی,168641,6
53273,2988,بکر آباد,168643,6
53274,2988,بنیاباد,168645,6
53275,2988,بوجخک,168646,6
53276,2988,بهمن / بهمان,168647,6
53277,2988,تقی آباد طلایی,168649,6
53278,2988,تلخک,168650,6
53279,2988,جالنده,168653,6
53280,2988,جوری,168657,6
53281,2988,جیج آباد,168658,6
53282,2988,جیلو,168660,6
53283,2988,چاه عمیق خلیل آباد,168662,6
53284,2988,حسن آباد / چاه حسن آباد,168667,6
53285,2988,حسین آباد چغوکی,168669,6
53286,2988,حسین آباد سوگندی,168670,6
53287,2988,حسینی,168672,6
53288,2988,حصار جلال,168673,6
53289,2988,حقیه,168674,6
53290,2988,حکیم آباد,168675,6
53291,2988,حکیم آباد,168676,6
53292,2988,خانشاه,168677,6
53293,2988,خوجان,168682,6
53294,2988,داغی,168686,6
53295,2988,دستگرد,168689,6
53296,2988,دهنو,168693,6
53297,2988,دهنو لکزی,168695,6
53298,2988,رحیم آباد,168697,6
53299,2988,روح آباد,168702,6
53300,2988,زیرجان,168703,6
53301,2988,سالکی,168704,6
53302,2988,سلطان آباد,168709,6
53303,2988,سنگونی,168711,6
53304,2988,سه گنبد,168712,6
53305,2988,شادکان,168714,6
53306,2988,شادمیانه,168715,6
53307,2988,اسلام آباد عرب / شاه آباد عرب,168717,6
53308,2988,شتر غلط,168719,6
53309,2988,شفیع آباد,168720,6
53310,2988,شهرک,168722,6
53311,2988,شیب / ده شیب,168724,6
53312,2988,صالح آباد,168726,6
53313,2988,صبرنجان,168727,6
53314,2988,صدر آباد,168728,6
53315,2988,صفی آباد,168729,6
53316,2988,عبیر آباد,168734,6
53317,2988,عبیر آباد کهنه,168735,6
53318,2988,عشق آباد کهنه,168737,6
53319,2988,علی آباد شهید / علی آباد,168738,6
53320,2988,علی آباد,168739,6
53321,2988,علی آباد,168740,6
53322,2988,علی آباد بهلول,168741,6
53323,2988,علاالدین,168743,6
53324,2988,چاه عمیق عجوه زار,168744,6
53325,2988,فتح آباد,168748,6
53326,2988,فرخ جان,168750,6
53327,2988,فردوس,168751,6
53328,2988,فردوس قوامی,168752,6
53329,2988,بهشت فضل,168753,6
53330,2988,فیض آباد / سید آباد,168755,6
53331,2988,فیض آباد,168756,6
53332,2988,قادراباد,168759,6
53333,2988,قاسم آباد,168760,6
53334,2988,قلعه نو,168763,6
53335,2988,قلعه نو مهدی آباد,168765,6
53336,2988,کاریزک کنار کال,168766,6
53337,2988,کاریز صباح,168769,6
53338,2988,کاریزک کهنه,168770,6
53339,2988,کاظم آباد,168773,6
53340,2988,کریم آباد,168774,6
53341,2988,کریم آباد سویس,168776,6
53342,2988,کلاته ابراهیم آباد,168777,6
53343,2988,کلاته حسین آباد,168779,6
53344,2988,کلاته خیر /کلاته خید,168780,6
53345,2988,کلاته شور,168781,6
53346,2988,کلاته نوبهار,168782,6
53347,2988,کلاغی,168784,6
53348,2988,کوثر,168785,6
53349,2988,کوشک نظر,168787,6
53350,2988,کهناب,168788,6
53351,2988,گل قندشت,168789,6
53352,2988,گنج آباد,168790,6
53353,2988,لک لک آشیان,168791,6
53354,2988,محمد آباد,168793,6
53355,2988,محمد آباد عابد,168798,6
53356,2988,محمود آباد فضل,168799,6
53357,2988,ملک آباد,168804,6
53358,2988,منصوریه,168805,6
53359,2988,موسی آباد,168807,6
53360,2988,فرج آباد,168809,6
53361,2988,میرسلیم,168811,6
53362,2988,نرمی,168814,6
53363,2988,نظر گاه,168815,6
53364,2988,نقدبش,168817,6
53365,2988,نو بهار,168819,6
53366,2988,نور آباد,168820,6
53367,2988,نوروز آباد,168821,6
53368,2988,نیم ایستگاه,168822,6
53369,2988,گل برطشت /گل ورتش,168823,6
53370,2988,محمد آباد آقا زاده,540207,6
53371,2988,ده شیخ,540222,6
53372,2988,شوریکه,540224,6
53373,2988,چاه سالاری,540237,6
53374,2988,چاه عمیق علی آباد شماره 2,540238,6
53375,2988,خلیل آباد,540240,6
53376,2988,محمد آباد / چاه محمد آباد,540241,6
53377,2988,مزرعه نمونه جهاد کفار کال,540242,6
53378,2988,چاه عمیق جعفرنیا,540244,6
53379,2988,چاه عمیق مظفر آباد,540246,6
53380,2988,کاریز سفید,540248,6
53381,2988,موسی آباد,540249,6
53382,2988,بجندلی,540250,6
53383,2988,محمد آباد آقا زاده,542652,6
53384,2988,مرغداری احمد شاه آبادی و پسران,542653,6
53385,2989,بلقشه,168644,6
53386,2989,رمان,168701,6
53387,2989,شاه آباد حسینی,168716,6
53388,2989,شمس آباد,168721,6
53389,2989,قبد,168761,6
53390,2989,کارجیج,168767,6
53391,2989,میرآباد,168810,6
53392,2989,هاشم آباد سلطانی,168825,6
53393,2989,آب جقان,169042,6
53394,2989,ارغشنه,169045,6
53395,2989,آرزومنده,169047,6
53396,2989,اسلامیه,169048,6
53397,2989,اله جگرد,169050,6
53398,2989,انجیدن,169052,6
53399,2989,آهنگران,169054,6
53400,2989,باطان,169056,6
53401,2989,بیرم آباد,169061,6
53402,2989,جغراتی,169063,6
53403,2989,جیران,169066,6
53404,2989,چهار برج,169068,6
53405,2989,حاجی آباد,169071,6
53406,2989,حسن آباد خرابه,169074,6
53407,2989,حسین آباد مختاری,169075,6
53408,2989,حشمتیه,169076,6
53409,2989,حکیم آباد,169079,6
53410,2989,حنط آباد/ هند آباد,169080,6
53411,2989,خمار,169083,6
53412,2989,دالاشان,169084,6
53413,2989,ده حاجی,169091,6
53414,2989,ده حبه,169092,6
53415,2989,ده داروغه,169094,6
53416,2989,ده زرگر,169095,6
53417,2989,ده لاری,169097,6
53418,2989,ده موری,169098,6
53419,2989,دهنو,169101,6
53420,2989,دیگلانی,169102,6
53421,2989,رحیم آباد,169104,6
53422,2989,رحیم آباد,169106,6
53423,2989,روح آباد,169108,6
53424,2989,سعد آباد,169113,6
53425,2989,سیاوش,169118,6
53426,2989,شاداب,169120,6
53427,2989,شاد مهرک / مهر آباد,169122,6
53428,2989,شاه آباد,169123,6
53429,2989,شایخ,169124,6
53430,2989,شریف آباد,169125,6
53431,2989,شفیع آباد,169126,6
53432,2989,شمسیه,169129,6
53433,2989,صالح آباد,169132,6
53434,2989,صومعه,169134,6
53435,2989,طاهر آباد,169135,6
53436,2989,عبداله آباد,169137,6
53437,2989,علی آباد تکه,169139,6
53438,2989,علی آباد شور,169140,6
53439,2989,عین آباد,169141,6
53440,2989,عین علی,169142,6
53441,2989,فرخ آباد,169144,6
53442,2989,فرهاد,169146,6
53443,2989,قاسم آباد,169151,6
53444,2989,قاضی آباد,169152,6
53445,2989,گزاری,169161,6
53446,2989,گلشن,169162,6
53447,2989,لطف آباد,169163,6
53448,2989,مبارکه,169164,6
53449,2989,محسن آباد,169165,6
53450,2989,محمد آباد,169166,6
53451,2989,محمد آباد مطلق,169168,6
53452,2989,محیط آباد,169170,6
53453,2989,مسیح آباد,169171,6
53454,2989,مظفر آباد,169172,6
53455,2989,معین آباد,169174,6
53456,2989,ملکنده,169175,6
53457,2989,موسی آباد,169177,6
53458,2989,محیط آباد / مهتاباد,169179,6
53459,2989,نصر آباد,169183,6
53460,2989,نو کاریز,169185,6
53461,2989,هلالی,169190,6
53462,2989,حسن آباد,399693,6
53463,2989,الله آباد,399700,6
53464,2989,چاه ابراهیم آباد,399708,6
53465,2989,دلقند,399718,6
53466,2989,فیض آباد,399721,6
53467,2989,سمرجان,399722,6
53468,2989,چاه شماره 1 عین آباد,399723,6
53469,2989,آبگینه,399724,6
53470,2990,چشمه گلستان,167400,6
53471,2990,دار السلام,167403,6
53472,2990,سوقند,167408,6
53473,2990,کلاته تاتار,167411,6
53474,2990,ابوسعدی,168623,6
53475,2990,تقی آباد,168648,6
53476,2990,تورانی,168652,6
53477,2990,جنت آباد,168656,6
53478,2990,چاه بلند,168661,6
53479,2990,حاج کاظمی,168666,6
53480,2990,حسین آباد جدید,168668,6
53481,2990,حسین آباد ناظر,168671,6
53482,2990,خرم آباد,168678,6
53483,2990,خوش بالا,168683,6
53484,2990,خیر آباد,168685,6
53485,2990,ده شیخ,168691,6
53486,2990,دهنو / ده نوحاج بدل بیک,168694,6
53487,2990,سعد آباد,168706,6
53488,2990,اسلام آباد لکزی / شاه آباد,168718,6
53489,2990,شیخلان,168725,6
53490,2990,طرب آباد,168730,6
53491,2990,عباس آباد,168732,6
53492,2990,عشرت آباد,168736,6
53493,2990,عین آباد,168745,6
53494,2990,فخریه,168749,6
53495,2990,فیروزی,168754,6
53496,2990,فیض آباد لال ها / فیض آباد لاله ها,168757,6
53497,2990,فیلخانه / پلخانه,168758,6
53498,2990,قریش آباد,168762,6
53499,2990,قلعه نو علیرضا بیک,168764,6
53500,2990,کلاته حبشی,168778,6
53501,2990,کلاته وحدت,168783,6
53502,2990,معموری,168802,6
53503,2990,موری / ماوی,168806,6
53504,2990,مولوق,168808,6
53505,2990,نجم آباد,168812,6
53506,2990,نعیم آباد / قلعه نو نعیم آباد,168816,6
53507,2990,یحیی آباد,168827,6
53508,2990,ادگ,169345,6
53509,2990,برف ریز,169350,6
53510,2990,بشر آباد,169351,6
53511,2990,بوژ آباد,169352,6
53512,2990,بوژان,169353,6
53513,2990,تحت منظر,169355,6
53514,2990,غار,169356,6
53515,2990,حصار,169365,6
53516,2990,حمید آباد,169366,6
53517,2990,دامداری دشت /شرکت سهامی تولید وعمران,169367,6
53518,2990,دربهشت,169369,6
53519,2990,دشت,169372,6
53520,2990,رود,169375,6
53521,2990,سررف,169377,6
53522,2990,شکراب,169378,6
53523,2990,فرخک,169382,6
53524,2990,فوشنجان,169383,6
53525,2990,گنداب,169392,6
53526,2990,مغزردر,169393,6
53527,2990,مزرعه گلستانی,169402,6
53528,2990,رکن آباد,399436,6
53529,2990,درازاب,399439,6
53530,2990,بیدر,399440,6
53531,2990,مرکز تحقیقات کشاورزی,399441,6
53532,2990,چشمه ریگ,399442,6
53533,2990,چاه موتور فاروب رمان,399443,6
53534,2990,چاه شماره 1 سوقند / چاه تلخه زار,399458,6
53535,2990,کلاته علیشاه,399460,6
53536,2990,بزه غار,399461,6
53537,2990,چشمه کور,399462,6
53538,2990,سیاه کال,399465,6
53539,2990,کلاته شوراب,542840,6
53540,2990,کلاته چشمه غارچه,542841,6
53541,2991,حسن آباد سرتپه,166676,6
53542,2991,خواجه بچه,166682,6
53543,2991,خیر آباد,166683,6
53544,2991,ساختمان شماره 1 هلال احمر,166693,6
53545,2991,سامغان,166695,6
53546,2991,سهل آباد,166700,6
53547,2991,سید آباد,166702,6
53548,2991,عسگرآباد,166708,6
53549,2991,علی آباد,166709,6
53550,2991,فرض آباد,166712,6
53551,2991,کابلی,166717,6
53552,2991,اریه,168384,6
53553,2991,چهار باغ,168406,6
53554,2991,خانلق,168413,6
53555,2991,دامن جان,168420,6
53556,2991,درخت جوز,168421,6
53557,2991,طاقان,168436,6
53558,2991,کلاته کاریزی / کلاته جاریزی,168456,6
53559,2991,محمد آباد خرابه,168470,6
53560,2991,ملخ دره علیا,168473,6
53561,2991,منقان,168474,6
53562,2991,اتشگاه,169044,6
53563,2991,الهی,169051,6
53564,2991,آهنگران,169053,6
53565,2991,باغ بنیاد,169057,6
53566,2991,بحر آباد,169058,6
53567,2991,بشنیج,169059,6
53568,2991,پیر کماج,169062,6
53569,2991,جعفر آباد,169064,6
53570,2991,جمهوری,169065,6
53571,2991,حاجیان,169069,6
53572,2991,حسن آباد امام جمعه,169073,6
53573,2991,حصارجوق,169077,6
53574,2991,حصارگل,169078,6
53575,2991,خرمبک,169081,6
53576,2991,دربهشت,169085,6
53577,2991,دشتک,169087,6
53578,2991,دولت آباد,169089,6
53579,2991,ده باف,169090,6
53580,2991,ده حلاج,169093,6
53581,2991,ده سنگ,169096,6
53582,2991,ده نو خالصه,169099,6
53583,2991,رستم آباد,169107,6
53584,2991,رینگان,169109,6
53585,2991,زرنده,169110,6
53586,2991,سعد آباد,169112,6
53587,2991,سلطان آباد,169114,6
53588,2991,سنگونی,169116,6
53589,2991,سه چوب,169117,6
53590,2991,سیف آباد,169119,6
53591,2991,شاداب,169121,6
53592,2991,شمس آباد,169127,6
53593,2991,شمس آباد,169128,6
53594,2991,شهرک,169131,6
53595,2991,صالحی,169133,6
53596,2991,عباس آباد,169136,6
53597,2991,عشق آباد,169138,6
53598,2991,فتح آباد,169143,6
53599,2991,فولاد فروش,169147,6
53600,2991,فیض آباد,169148,6
53601,2991,فیض آباد,169149,6
53602,2991,قطن آباد,169153,6
53603,2991,قلعه نو جمشید,169154,6
53604,2991,کاریزی,169155,6
53605,2991,کلاغان,169158,6
53606,2991,کمال آباد,169159,6
53607,2991,محمد آباد دو خانه,169167,6
53608,2991,معموری,169173,6
53609,2991,منظر,169176,6
53610,2991,موسی آباد,169178,6
53611,2991,میرآباد,169181,6
53612,2991,نقاب,169184,6
53613,2991,هفت آباد,169188,6
53614,2991,یحیی آباد,169191,6
53615,2991,یک لنگه,169192,6
53616,2991,سراب کوشک,169193,6
53617,2991,آبقوی,169344,6
53618,2991,باغشن گچ,169347,6
53619,2991,چنگ بز,169364,6
53620,2991,درقلعه پایین / درقلعه,169370,6
53621,2991,درقلعه بالا,169371,6
53622,2991,مزرعه شیخ ابوالحسن,169379,6
53623,2991,صومعه,169380,6
53624,2991,عیش آباد,169381,6
53625,2991,فیض آباد,169384,6
53626,2991,گراب,169385,6
53627,2991,کلاته بیک,169386,6
53628,2991,کلاته جعفر,169387,6
53629,2991,کلاته شیخ,169388,6
53630,2991,کمرکندل,169389,6
53631,2991,گچ دره,169390,6
53632,2991,گند آب,169391,6
53633,2991,میرآباد,169396,6
53634,2991,رنج آباد,399915,6
53635,2991,چاه عمیق بالا,399920,6
53636,2991,چاه پیر کماج,399921,6
53637,2991,چاه حصار خونی,399922,6
53638,2991,زنگیان,399923,6
53639,2991,چاه شماره 2 دشتک,399925,6
53640,2991,چاه شماره 1 گلشن,399927,6
53641,2991,چاه شماره 2 گلشن,399928,6
53642,2991,شوراب,399932,6
53643,2991,چاه صادق سالار علی اکبر / استاد علی اکبر,399939,6
53644,2991,امامزاده آب کوزه,809571,6
53645,2992,بابا خواجه,167885,6
53646,2992,باباقلی,167886,6
53647,2992,پهن در,167892,6
53648,2992,سرچاه,167914,6
53649,2992,قاسم آباد,167925,6
53650,2992,کرلی,167934,6
53651,2992,ارجک,168383,6
53652,2992,آق چشمه,168385,6
53653,2992,اندراب,168387,6
53654,2992,بجنو سفلی,168390,6
53655,2992,بجنو علیا,168391,6
53656,2992,برگشاهی,168392,6
53657,2992,برمهان,168393,6
53658,2992,برج,168394,6
53659,2992,بقیع,168397,6
53660,2992,تلی,168398,6
53661,2992,تنگه سفلی,168399,6
53662,2992,تنگه علیا,168400,6
53663,2992,تیجان,168402,6
53664,2992,جنت آباد,168403,6
53665,2992,چم چی,168405,6
53666,2992,چهار گوشلی,168407,6
53667,2992,حسن آباد,168410,6
53668,2992,حیدر آباد,168412,6
53669,2992,خانی,168414,6
53670,2992,قاسمیه,168415,6
53671,2992,خرم آباد,168417,6
53672,2992,خمیر چه,168418,6
53673,2992,درخت بید,168422,6
53674,2992,دهنه حیدری,168424,6
53675,2992,زرنده,168428,6
53676,2992,سرگریک,168429,6
53677,2992,سید آباد اسداله خان,168430,6
53678,2992,سید آباد بار معدن,168431,6
53679,2992,علی آباد,168437,6
53680,2992,عنبرستانک,168440,6
53681,2992,فارسیه,168441,6
53682,2992,فاضل آباد,168442,6
53683,2992,فرقه سنگ,168443,6
53684,2992,قرونه,168446,6
53685,2992,قره سول,168448,6
53686,2992,کارجی,168450,6
53687,2992,کران,168453,6
53688,2992,کلاته ابوذر / کلاته شاهین,168460,6
53689,2992,کلاته علی مراد,168462,6
53690,2992,کلاته محمد جان,168463,6
53691,2992,گردان / قلعه نو,168466,6
53692,2992,ماروسک,168468,6
53693,2992,نصیر آباد,168476,6
53694,2992,امامزاده عباس,540068,6
53695,2992,زونولنگ,540075,6
53696,2992,امامزاده شاهزاده حسین,540076,6
53697,2992,چشمه بیدر,540079,6
53698,2992,پاسگاه شکاربانی,540080,6
53699,2992,امامزاده پیر,540086,6
53700,2992,آقا چشمه,540087,6
53701,2992,امامزاده حاجی قبدال,540089,6
53702,2992,ته دره / حسن آباد,540096,6
53703,2992,کوچی سرچاه,540097,6
53704,2992,دکل مخابرات,540098,6
53705,2993,احمد آباد فروتن,163712,6
53706,2993,اخلمد سفلی,163713,6
53707,2993,اخلمد علیا,163714,6
53708,2993,امیر آباد,163719,6
53709,2993,آهنگر,163720,6
53710,2993,بگیجان,163724,6
53711,2993,بهر آباد / بحر آباد,163726,6
53712,2993,تلکی,163727,6
53713,2993,جغ جغ,163729,6
53714,2993,جوکال,163732,6
53715,2993,چاه جمع آب,163735,6
53716,2993,چاه عمیق مختار زاده,163739,6
53717,2993,چاهدره,163740,6
53718,2993,چشمه ماهی,163743,6
53719,2993,حسن آباد,163748,6
53720,2993,حسین آباد,163750,6
53721,2993,شرکت خرم / حسین آباد مدرس,163751,6
53722,2993,حسین آباد نیازی,163753,6
53723,2993,خامی,163756,6
53724,2993,خرم آباد,163757,6
53725,2993,خواجه جراح,163758,6
53726,2993,خواجه ولی,163759,6
53727,2993,خوشانه,163760,6
53728,2993,خیر آباد,163764,6
53729,2993,دق آب,163767,6
53730,2993,دوست آباد,163768,6
53731,2993,ده باغ,163769,6
53732,2993,دهنه آبقد,163770,6
53733,2993,دهنه اخلمد,163771,6
53734,2993,رخکن,163772,6
53735,2993,رضا آباد سرهنگ,163773,6
53736,2993,رضا آباد طاهری,163774,6
53737,2993,ساروجه,163776,6
53738,2993,سرک,163779,6
53739,2993,سمندر,163781,6
53740,2993,شکر آباد,163783,6
53741,2993,شکر آباد,163784,6
53742,2993,صفی آباد,163786,6
53743,2993,عباس آباد,163788,6
53744,2993,عبدل آباد,163791,6
53745,2993,عرب آباد,163792,6
53746,2993,فیض آباد,163794,6
53747,2993,قالی گنبد,163795,6
53748,2993,قم,163796,6
53749,2993,قزلر,163797,6
53750,2993,قلعه نو,163799,6
53751,2993,قل قوچان,163800,6
53752,2993,قیص آباد,163801,6
53753,2993,کبیر,163803,6
53754,2993,کج گردن,163804,6
53755,2993,کرکر,163805,6
53756,2993,کلاته میان,163814,6
53757,2993,کمبلان,163815,6
53758,2993,گرماب,163818,6
53759,2993,گل خاتون,163819,6
53760,2993,گلخندان,163821,6
53761,2993,گلشن آباد,163822,6
53762,2993,گنبد ضیا,163823,6
53763,2993,گوه خالصه,163824,6
53764,2993,ماسی حضرتی,163826,6
53765,2993,ماسی ماسکانلو,163827,6
53766,2993,مزنگ,163833,6
53767,2993,ملی,163834,6
53768,2993,نورالدین,163842,6
53769,2993,نهر آباد,163848,6
53770,2993,هلال,163850,6
53771,2993,یورد چوپان,163851,6
53772,2993,بیجرک,164042,6
53773,2993,شتر پا,164219,6
53774,2993,آق صحرا,540320,6
53775,2993,نوروز آباد,540345,6
53776,2993,چاه زارعین زناقل,540361,6
53777,2993,نوروز آباد,540387,6
53778,2993,گوه کلاته,540400,6
53779,2993,چاه استانه,540414,6
53780,2994,انجشش,164036,6
53781,2994,بقمج,164040,6
53782,2994,کلاته گاه,164083,6
53783,2994,گاش,164085,6
53784,2994,گاه,164086,6
53785,2995,اسلام آباد / اسماعیل آباد,164178,6
53786,2995,امامزاده ابراهیم,164182,6
53787,2995,بارو / بارویی,164186,6
53788,2995,خریج,164208,6
53789,2995,خواجه گرداب,164209,6
53790,2995,دلمه علیا,164211,6
53791,2995,قدیر آباد,164225,6
53792,2995,قرق,164226,6
53793,2995,کلاته سادو,164237,6
53794,2995,گروه / گرو,164242,6
53795,2995,گلچین,164243,6
53796,2995,مغان,164245,6
53797,2995,مریچگان,164249,6
53798,2995,مریچگان سادات رضوی,541777,6
53799,2996,چمن گاو باغ,164196,6
53800,2996,چهچهه,164197,6
53801,2996,رضا آباد گیجان سامدی,164213,6
53802,2996,زینگر,164215,6
53803,2996,علی آباد,164223,6
53804,2996,قزل حصار,164229,6
53805,2996,غیاث آباد,164232,6
53806,2996,کلاته منصوری,164240,6
53807,2996,منصور آباد گیجان,164251,6
53808,2997,چهار حوض,156912,6
53809,2997,مجید آباد,156960,6
53810,2997,مزرعه موفق,156971,6
53811,2997,احمد آباد,163711,6
53812,2997,توربچاه بالا / توربچاه,163728,6
53813,2997,چهار مهن,163745,6
53814,2997,داش بلاغ,163765,6
53815,2997,شریف آباد,163782,6
53816,2997,قزلی,163798,6
53817,2997,کاسک,163802,6
53818,2997,کلاته اراز,163808,6
53819,2997,کلاته ملو,163813,6
53820,2997,کنده بیره,163816,6
53821,2997,کنان,163817,6
53822,2997,نانواخانه,163838,6
53823,2997,هفت چاه,163849,6
53824,2997,اسکندر آباد,164177,6
53825,2997,آق چشمه,164180,6
53826,2997,حسن قتلق,164201,6
53827,2997,حکم آباد,164205,6
53828,2997,شیخ کانلو,164220,6
53829,2997,قره جو,164227,6
53830,2997,کلاته سلیمانی,164238,6
53831,2997,محمد آباد,164246,6
53832,2997,محمد قلی,164248,6
53833,2997,تورب چاه پایین,540427,6
53834,2997,سوما,540428,6
53835,2997,محمد آباد کرتان,540429,6
53836,2997,مزرعه قاضی,540529,6
53837,2997,مزرعه توکلی,542656,6
53838,2998,قزل کن,156939,6
53839,2998,آبگاهی,164174,6
53840,2998,افضل آباد,164179,6
53841,2998,ایده لق,164183,6
53842,2998,ایل آباد,164184,6
53843,2998,بش حوض,164187,6
53844,2998,بهمن جان سفلی,164189,6
53845,2998,بهمن جان علیا,164190,6
53846,2998,بیرمشاه,164191,6
53847,2998,جعفر آباد,164194,6
53848,2998,چمگرد,164195,6
53849,2998,حاجی آباد,164200,6
53850,2998,حسین آباد,164203,6
53851,2998,حکیم آباد,164206,6
53852,2998,سوهان,164216,6
53853,2998,عبدل آباد کوهستانی,164221,6
53854,2998,علی آباد بهمن جان,164224,6
53855,2998,کلاته جعفر,164234,6
53856,2998,کلاته شرف,164239,6
53857,2998,گوارشکان,164244,6
53858,2998,مو چنان,164252,6
53859,2998,موسی آباد,164253,6
53860,2998,قاسم آباد,540471,6
53861,2998,تاس تپه,540528,6
53862,2999,برآباد,138696,6
53863,2999,پاسگاه ایوبی,138707,6
53864,2999,پاسگاه چاه قشم,138708,6
53865,2999,پاسگاه چاه فضل,138711,6
53866,2999,پاسگاه چاه محمد,138715,6
53867,2999,پاسگاه خوشابه,138722,6
53868,2999,گریاب,138744,6
53869,2999,معدن سنگ آهن,138751,6
53870,2999,پایگاه موسی آباد,138752,6
53871,2999,دردوی,139096,6
53872,2999,سر چشمه کرات,540812,6
53873,2999,پاسگاه چاه سرخ,540813,6
53874,2999,پاسگاه میل 41,540815,6
53875,2999,پاسگاه موسی آباد,540816,6
53876,2999,پاسگاه میل 39,542696,6
53877,3000,چاه زول,138709,6
53878,3000,حسین آباد,138720,6
53879,3000,کاریون,138733,6
53880,3000,مژن آباد,138746,6
53881,3000,محمد آباد,138748,6
53882,3000,نیاز آباد,138755,6
53883,3000,نهور,155586,6
53884,3000,بهدادین,540823,6
53885,3000,بقصانی / بقصانی علیا,541844,6
53886,3001,باغچه,139061,6
53887,3001,بازگوی,139063,6
53888,3001,بقسانی,139067,6
53889,3001,پشت ساباد,139069,6
53890,3001,چشمه مزار,139091,6
53891,3001,رزان,139101,6
53892,3001,محمد آباد,139126,6
53893,3001,نقاب,139132,6
53894,3001,هرشی,139138,6
53895,3001,چشمه زیر,540717,6
53896,3002,ارزنه,139055,6
53897,3002,اسد آباد,139056,6
53898,3002,الدنگ,139058,6
53899,3002,ایستگاه تثبیت شن های روان / پارک جنگلی,139060,6
53900,3002,براکوه,139064,6
53901,3002,تیزاب,139071,6
53902,3002,چاه در,139073,6
53903,3002,چاه سرخ,139074,6
53904,3002,چاه شور,139075,6
53905,3002,چاه عبدالله,139076,6
53906,3002,چاه احمدتوکلی,139077,6
53907,3002,چاه عمیق بنی حسن,139079,6
53908,3002,چاه عمیق میرزا افضلی,139086,6
53909,3002,حفیظ آباد,139093,6
53910,3002,خرگرد,139094,6
53911,3002,خواجه,139095,6
53912,3002,دشت,139097,6
53913,3002,سرریگ,139102,6
53914,3002,سیاه لاخ,139104,6
53915,3002,فایندر,139112,6
53916,3002,کجنه,139117,6
53917,3002,گرازی,139119,6
53918,3002,گرگابه,139120,6
53919,3002,گزیدر,139121,6
53920,3002,مهاباد,139130,6
53921,3002,مهر آباد,139131,6
53922,3002,ورو / ورآب,139137,6
53923,3002,بیدپارسی,540740,6
53924,3002,سر ریگ,542839,6
53925,3003,مهر آباد,138753,6
53926,3003,اسد آباد,138825,6
53927,3003,باغ بخشی,138829,6
53928,3003,جهان آباد,138843,6
53929,3003,چاه خونی,138847,6
53930,3003,چاه سرخ,138852,6
53931,3003,چاه سه درخت,138854,6
53932,3003,چاه قراول خانه,138855,6
53933,3003,چاه گنده,138857,6
53934,3003,چاه گوره,138860,6
53935,3003,چشمه تلخ آب,138865,6
53936,3003,حجت آباد,138871,6
53937,3003,دو چاهی,138879,6
53938,3003,زوزن,138887,6
53939,3003,سفید آبگون,138891,6
53940,3003,قلعه دختر,138906,6
53941,3003,قلعه شاهزاده,138908,6
53942,3003,کلاته بهبود,138914,6
53943,3003,گیلاب,138927,6
53944,3003,بیاس آباد نوسازی,540744,6
53945,3003,مهاباد جدید,540772,6
53946,3003,چاه سفر,540795,6
53947,3003,چشمه گرماب,540796,6
53948,3003,درازو,540797,6
53949,3003,مزرعه جهان آباد / مجموعه چاه های قاسم آباد,809005,6
53950,3004,ارگ قلندر,138692,6
53951,3004,بنیاباد,138700,6
53952,3004,غضنفری,138841,6
53953,3004,چاه خشت,138846,6
53954,3004,چاه کنده / چاه رحیم,138850,6
53955,3004,چاه مطار,138861,6
53956,3004,حسن آباد دولتی,138873,6
53957,3004,همزارع,138875,6
53958,3004,شیر گرد,138898,6
53959,3004,علی آباد,138900,6
53960,3004,قطارگز,138905,6
53961,3004,کلاته لاخی جدید,138917,6
53962,3004,مهر آباد,138934,6
53963,3004,چاه مسیله,161342,6
53964,3004,چاه عطا,540758,6
53965,3004,خلط آباد نوسازی,540763,6
53966,3004,چاه گچی,540764,6
53967,3004,ابراهیمی,542658,6
53968,3004,حسن آباد,542659,6
53969,3004,برکاه جدید,542828,6
53970,3004,کالشور جدید,542829,6
53971,3004,ده خطیب جدید,542830,6
53972,3005,الله آباد,138492,6
53973,3005,برغن آباد,138494,6
53974,3005,غیاث آباد,138504,6
53975,3005,چمن آباد,138533,6
53976,3005,حاجی آباد,138535,6
53977,3005,خلیل آباد,138539,6
53978,3005,خویرد / خوگرد/ خویدو,138541,6
53979,3005,خیر آباد,138542,6
53980,3005,رباط زیارت,138545,6
53981,3005,ساج,138547,6
53982,3005,ساقون,138548,6
53983,3005,سبروز,138549,6
53984,3005,سلمان,138553,6
53985,3005,سمندر شور,138555,6
53986,3005,سناجرد / صناجرد,138556,6
53987,3005,سنگ آهو,138557,6
53988,3005,سیجاوند,138559,6
53989,3005,شهرک,138562,6
53990,3005,شیرخون,138563,6
53991,3005,عباس آباد,138564,6
53992,3005,علی آباد جدید,138565,6
53993,3005,فخر آباد,138568,6
53994,3005,فدک,138569,6
53995,3005,فرح آباد / روح آباد,138570,6
53996,3005,محسن آباد,138578,6
53997,3005,محمد آباد شیخ,138580,6
53998,3005,مزرعه شیخ,138581,6
53999,3005,میانرودی,138584,6
54000,3005,نصر آباد,138585,6
54001,3005,ولی آباد,138588,6
54002,3005,هزارخوشه,138589,6
54003,3005,صید آباد,139329,6
54004,3005,چاه ابوالقاسم / چاه محمد غفوری,540862,6
54005,3005,چاه 2 مهدی آباد,540913,6
54006,3005,چاه شماره 4 مهدی آباد,540914,6
54007,3006,احمد آباد,138489,6
54008,3006,بندیوان,138500,6
54009,3006,چهارده,138534,6
54010,3006,حسن آباد,138536,6
54011,3006,خرم آباد,138538,6
54012,3006,خوجه علی,138540,6
54013,3006,رزداب,138546,6
54014,3006,سراب,138551,6
54015,3006,قلعه نو,138572,6
54016,3006,متعاب,138582,6
54017,3006,کلاته موسی,540911,6
54018,3006,مجموعه چاه های سلامی,809006,6
54019,3007,شلغمی وسطی / شلغمی حاج زمان,143675,6
54020,3007,شلغمی سفلی / شلغمی حاج محمد,143676,6
54021,3007,شلغمی علیا / شلغمی حاج ملا قادر,143677,6
54022,3007,شورآب علیا,143679,6
54023,3007,شورآب سفلی / شورآب,143680,6
54024,3007,شورآب وسطی,143681,6
54025,3007,قلعه سنگی,143684,6
54026,3007,صدر آباد,164412,6
54027,3007,کلاته صاحبداد,164419,6
54028,3007,کلاته کیانی,164420,6
54029,3007,امانلق,164508,6
54030,3007,پاسگاه پل خاتون,164517,6
54031,3007,پدلی,164518,6
54032,3007,پس کمر,164520,6
54033,3007,حاجی مدد,164531,6
54034,3007,خدا داد,164535,6
54035,3007,دراز آب,164536,6
54036,3007,شکر الله,164545,6
54037,3007,شوریچه سفلی,164547,6
54038,3007,شوریچه علیا,164548,6
54039,3007,عنابه,164550,6
54040,3007,کاریزک,164554,6
54041,3007,کلاته سید علی,164560,6
54042,3007,نورمحمدنارویی,164570,6
54043,3007,کلاته برفی,540944,6
54044,3007,سد دوستی,809602,6
54045,3008,آب دراز,164505,6
54046,3008,ارتینج,164507,6
54047,3008,بزنگان,164513,6
54048,3008,بید سوخته,164515,6
54049,3008,چشمه سنگی,164524,6
54050,3008,چشمه سیرون,164525,6
54051,3008,زلوغال,164542,6
54052,3008,قرقره,164551,6
54053,3008,کاریزک,164555,6
54054,3008,کلاته احمد,164559,6
54055,3008,کلاته عوض,164561,6
54056,3008,کلاته مهدی آباد,164562,6
54057,3008,آب تلخ,165344,6
54058,3008,جهانگیر سفلی,165355,6
54059,3008,جهانگیر علیا,165356,6
54060,3008,چنار سوخته,165359,6
54061,3008,درخت بید سفلی,165366,6
54062,3008,درخت بید علیا,165367,6
54063,3008,کلاته حاجی خان,165381,6
54064,3008,یکه بید,165392,6
54065,3008,کلاته ابراهیم بیک,540932,6
54066,3008,مزار گل بی بی,540936,6
54067,3008,کال سرخ پایین,540937,6
54068,3009,آب گله دار,164504,6
54069,3009,انجیربلاغ,164510,6
54070,3009,باغک,164512,6
54071,3009,بغ بغو,164514,6
54072,3009,پده ها,164519,6
54073,3009,پل گزی,164521,6
54074,3009,چکودر,164527,6
54075,3009,دربند سفلی,164537,6
54076,3009,دربند علیا,164538,6
54077,3009,رحمت آباد,164541,6
54078,3009,شورلق,164546,6
54079,3009,روزبه قهرمان / علی محمد حسامی,164549,6
54080,3009,قره قیطان,164552,6
54081,3009,کاریزک,164553,6
54082,3009,کافه آسایش لاله,164556,6
54083,3009,کولاب سفلی,164563,6
54084,3009,کولاب علیا,164564,6
54085,3009,معدن ذغال سنگ آق دربند,164569,6
54086,3009,ایستگاه گاز,540917,6
54087,3009,چاه غلام حسین,540918,6
54088,3009,نی زار,540922,6
54089,3009,رباط شرف,540925,6
54090,3009,دوبرار,540926,6
54091,3009,محله اسد خانی,541867,6
54092,3009,قهوه خانه شاهزاده,809600,6
54093,3009,باغ پسته آستان قدس رضوی,809601,6
54094,3010,آصف آباد,164404,6
54095,3010,چاه سرتیپ,164408,6
54096,3010,دولت آباد,164409,6
54097,3010,سنگر,164410,6
54098,3010,شیرتپه,164411,6
54099,3010,قاسم آباد,164413,6
54100,3010,قلعه قصاب,164414,6
54101,3010,قوش سربوزی,164415,6
54102,3010,قوش عظیم,164416,6
54103,3010,کچولی,164417,6
54104,3010,صمد آباد / کلاته مام خان,164421,6
54105,3010,کلاته مره ای,164422,6
54106,3010,نوروز آباد,164423,6
54107,3010,چاه مسیله,541118,6
54108,3010,دامداری اسفندی,541120,6
54109,3010,شن شویی افضلیان,541121,6
54110,3010,دامداری نویدی,541122,6
54111,3010,منطقه ویژه اقتصادی سرخس,542675,6
54112,3010,شرکت سرخس گچ,542916,6
54113,3010,فرودگاه بین المللی سرخس,809603,6
54114,3010,نیروگاه 550 مگاواتی برق سرخس,809605,6
54115,3011,چاله زرد,164406,6
54116,3011,ابراهیم آباد/ اسلام قلعه,164445,6
54117,3011,اغال سنگ اب / باغ سنگان,164447,6
54118,3011,پالایشگاه گازخانگیران,164451,6
54119,3011,غلامرضا تبریزی,164456,6
54120,3011,چشمه شور,164460,6
54121,3011,چهل کمان,164461,6
54122,3011,حاجی آباد اسلام قلعه,164462,6
54123,3011,قطار چاه,164465,6
54124,3011,اسلام قلعه / کافر قلعه,164467,6
54125,3011,کلاته اله نظر,164468,6
54126,3011,گنبدلی,164471,6
54127,3011,نو بنیاد گنبدلی,164472,6
54128,3011,آبمال,164506,6
54129,3011,پنج چاهی,164522,6
54130,3011,چاه قیس,164523,6
54131,3011,حاجی خادم الشریعه,164529,6
54132,3011,حاجی کریمان,164530,6
54133,3011,مزیان / حسن نریون,164532,6
54134,3011,سه چاهی,164544,6
54135,3011,دق بهلول,164558,6
54136,3011,گلزار,164565,6
54137,3011,حاجی محمد دین,540948,6
54138,3011,دامداری حاج شاه میرزا تیموری,541859,6
54139,3011,تاسیسات دامداری آستان قدس گرزمی,541860,6
54140,3011,محله حسن شاه عالمی,541861,6
54141,3011,محله سید مرتضی هاشمی,541862,6
54142,3011,چاه خرمنه,541863,6
54143,3011,محله حاج محمد جان رخشایی,541864,6
54144,3011,چاه نیک بین,541866,6
54145,3011,کارخانه آسفالت طوفان,809604,6
54146,3011,شرکت پالایش پخش نفت و گاز شمال شرق,809607,6
54147,3012,تپه میر احمد,164378,6
54148,3012,اردوگاه زمستانی,164446,6
54149,3012,پاسگاه کال سرخ,164452,6
54150,3012,تام رسول,164453,6
54151,3012,تام مختار,164454,6
54152,3012,تام میرزا حسن / حسن آباد,164455,6
54153,3012,خانگیران,164463,6
54154,3012,قوش چاکر,164466,6
54155,3012,کندکلی,164469,6
54156,3012,یاس تپه,164473,6
54157,3012,قوش علیجان,540994,6
54158,3012,قوش کهنه,540995,6
54159,3012,قوش خزایی,540997,6
54160,3012,ساختمان های مسکونی گردان مرزی,541001,6
54161,3012,انبار مرکز خدمات کشاورزی,541002,6
54162,3012,ایستگاه دامپروری,541003,6
54163,3012,لطیف آباد / قلعه نو,541005,6
54164,3012,قلعه نو / لطیف آباد,541010,6
54165,3012,مزرعه آستان قدس,541014,6
54166,3012,ابراهیم آباد,541029,6
54167,3012,کوره برات نیرومند,541041,6
54168,3012,شیلات آستان قدس,541062,6
54169,3012,مزرعه پسته آستان قدس,541066,6
54170,3012,امامزاده خواجه,541067,6
54171,3012,باسکول آستان قدس,541074,6
54172,3012,ایستگاه راه آهن قدس خراسان,542788,6
54173,3013,الغور,162693,6
54174,3013,النگ پشه,162694,6
54175,3013,چشمه حسنی,162757,6
54176,3013,چشمه روغنی,162759,6
54177,3013,چشمه علی,162763,6
54178,3013,چهارتا گاو,162770,6
54179,3013,خانقاه,162783,6
54180,3013,دو قلعه براشک / دو قلعه برشک,162792,6
54181,3013,رزمگاه سفلی,162799,6
54182,3013,رزمگاه علیا,162800,6
54183,3013,سنجتک,162805,6
54184,3013,شاهان گرماب,162811,6
54185,3013,کارغش پایین,162838,6
54186,3013,کارغش علیا / کارغش بالا,162839,6
54187,3013,کمرزرد,162858,6
54188,3013,محمد آباد سر چشمه براشک,162882,6
54189,3013,یخدان,162898,6
54190,3013,برات آباد,164996,6
54191,3013,چشمه گنده,165039,6
54192,3013,چشمه هزاره,165040,6
54193,3013,شورآب علیا,165075,6
54194,3013,ناگهانی,165143,6
54195,3013,کاریز حاج محمدجان,397666,6
54196,3014,اره کمر,164979,6
54197,3014,استخر / تلخ,164980,6
54198,3014,باغک,164991,6
54199,3014,برود,164997,6
54200,3014,تقی آباد,165004,6
54201,3014,تلگرد,165005,6
54202,3014,کلاته جبار,165006,6
54203,3014,چشمه ایلخی,165032,6
54204,3014,چشمه ایوب,165033,6
54205,3014,چشمه حیدر,165035,6
54206,3014,چشمه سبز,165036,6
54207,3014,چنار بو,165043,6
54208,3014,چهار بید,165045,6
54209,3014,چهار تکاب,165046,6
54210,3014,حسن آباد,165047,6
54211,3014,حسن بلبل,165048,6
54212,3014,حیدر آباد,165051,6
54213,3014,خار زار,165052,6
54214,3014,خلیل آباد,165053,6
54215,3014,درخت بید,165056,6
54216,3014,حسین آباد رخنه گل,165061,6
54217,3014,سنگ نقره,165067,6
54218,3014,سودخر / گلایم,165068,6
54219,3014,سیاه سنگ,165069,6
54220,3014,صومعه بزرگ,165079,6
54221,3014,صومعه کوچک,165080,6
54222,3014,طراز خاکی,165082,6
54223,3014,قلعه دختر,165091,6
54224,3014,کاریز بداق,165098,6
54225,3014,کاریز سوخته / دولت آباد,165101,6
54226,3014,کته شمشیر سفلی,165104,6
54227,3014,کته شمشیر علیا,165105,6
54228,3014,کلاته رحمان,165111,6
54229,3014,کلاته عباس,165113,6
54230,3014,گدامحمد,165121,6
54231,3014,گردله علیا,165122,6
54232,3014,گردونک,165123,6
54233,3014,گل شیخ,165125,6
54234,3014,گلستان,165126,6
54235,3014,لوخی,165132,6
54236,3014,لوشاب قلندر آباد,165134,6
54237,3014,مزاربی ابه,165139,6
54238,3014,نصراباد,165145,6
54239,3014,نهسک,165147,6
54240,3014,نی زار,165148,6
54241,3014,کله منار,165152,6
54242,3014,قنات خشک,397514,6
54243,3014,ظالم آباد,397515,6
54244,3015,آق کمرسفلی,140535,6
54245,3015,آقا بیل سفلی,140537,6
54246,3015,آقا بیل علیا,140538,6
54247,3015,التاتو,140539,6
54248,3015,چشمه گلک علیا,140626,6
54249,3015,حسن آباد صوفی,140633,6
54250,3015,سرگدار,140648,6
54251,3015,سنجدک,140649,6
54252,3015,شاهرود,140656,6
54253,3015,عباس آباد,140660,6
54254,3015,قلعه سنگی,140670,6
54255,3015,کج درخت,140675,6
54256,3015,کلاته حاجی عظیم,140681,6
54257,3015,کلاته خونی,140682,6
54258,3015,میاندهی,140711,6
54259,3015,میر محمد,140712,6
54260,3015,نخودک,140713,6
54261,3015,آق کمر علیا,164982,6
54262,3015,الیاتو,164988,6
54263,3015,باباقره,164990,6
54264,3015,باغ عباس,164994,6
54265,3015,پیوند کهنه,165002,6
54266,3015,چشمه جلال,165034,6
54267,3015,چنار,165042,6
54268,3015,چهار بست باغ,165044,6
54269,3015,ایراباد,165054,6
54270,3015,ذهاب,165059,6
54271,3015,زر کک,165062,6
54272,3015,سر دشت,165063,6
54273,3015,کلاته سمبا,165065,6
54274,3015,شکرتو,165072,6
54275,3015,قاسم آباد,165086,6
54276,3015,قپق تاز,165087,6
54277,3015,غرق آب زار,165088,6
54278,3015,قرقناتو,165089,6
54279,3015,قلعه شیرا,165092,6
54280,3015,کاریز نو,165103,6
54281,3015,کته گوش,165106,6
54282,3015,کلاته میرحسن,165115,6
54283,3015,کمر زرد سفلی / کمر زرد پایین,165116,6
54284,3015,کمر زرد علیا / کمر زرد بالا,165117,6
54285,3015,کنگک,165130,6
54286,3015,لوخی,165131,6
54287,3015,ماغو,165135,6
54288,3015,ناری,165142,6
54289,3015,چشمه گلک سفلی,397687,6
54290,3015,بره خور,397690,6
54291,3016,ایستگاه فریمان,162698,6
54292,3016,باغ سالار,162700,6
54293,3016,چاه رحمان,162733,6
54294,3016,چاه ظلی,162739,6
54295,3016,حسین آباد سنگ بست,162777,6
54296,3016,سنگ بست,162807,6
54297,3016,ویگاب / دیگ آب,163222,6
54298,3016,احمد آباد,163335,6
54299,3016,آخوند آباد,163336,6
54300,3016,آق ملک / آقا ملک,163337,6
54301,3016,الم جوق,163338,6
54302,3016,اینچه بالا,163342,6
54303,3016,اینچه پایین,163343,6
54304,3016,باقر آباد,163346,6
