66813,3285,گیشتری دپ,410154,6
66814,3285,مارگی دپ,410155,6
66815,3285,مزرعه جنگل,410157,6
66816,3285,رودکور,410158,6
66817,3285,تش بندوکان,410159,6
66818,3285,جکوکی,410160,6
66819,3285,کاشک,410161,6
66820,3285,شمه سر,414880,6
66821,3285,ریچگ(ولی آباد),414882,6
66822,3285,کلانی,414883,6
66823,3285,سری کرباسان,414884,6
66824,3285,بسک,414885,6
66825,3285,بیدمچان,414886,6
66826,3285,هنجرک(آبسر),414887,6
66827,3285,دوست میان,414888,6
66828,3285,پشت هنگیران,414889,6
66829,3285,نمتان,414890,6
66830,3285,سموکان دپ,414927,6
66831,3285,کافه خلیل,414928,6
66832,3285,انبان,416396,6
66833,3285,فقیرآباد,711196,6
66834,3285,شیرآباد(گل کن),711198,6
66835,3285,قادرآباد,711199,6
66836,3285,رحمت آباد,711270,6
66837,3285,عزیزآبادرمپان,711271,6
66838,3285,زرآبادگریکان,711965,6
66839,3285,نوک آباد,811088,6
66840,3285,اسماعیل آباد,811299,6
66841,3285,خرادان,811678,6
66842,3286,بزنجکان,188659,6
66843,3286,پیرمت,188663,6
66844,3286,جکدان,188669,6
66845,3286,دازنک,188672,6
66846,3286,زبهری,188673,6
66847,3286,زندان,188674,6
66848,3286,شوشگل,188679,6
66849,3286,مرادآبادهنگ,188693,6
66850,3286,مشینگ,188713,6
66851,3286,مورتان,188715,6
66852,3286,ننگاری,188717,6
66853,3286,هنگ,188722,6
66854,3286,اکشی(کروچان),188798,6
66855,3286,بگ,188802,6
66856,3286,حسن آبادبگ,188845,6
66857,3286,نزک,188897,6
66858,3286,نظرآبادجکی,410015,6
66859,3286,سکوران,410016,6
66860,3286,جکی,410017,6
66861,3286,خیرآباد(کله گوک),410018,6
66862,3286,کلیری پایین,410019,6
66863,3286,کلیری بالا,410020,6
66864,3286,احمدآبادبگان,410022,6
66865,3286,جان برین,410072,6
66866,3286,وانکک,410073,6
66867,3286,جاندان,410074,6
66868,3286,بارگ دن,412440,6
66869,3286,میردوک,412441,6
66870,3286,قاسم آباد,412443,6
66871,3286,سهربن,412878,6
66872,3286,بنه,412879,6
66873,3286,رحیم آبادهنگ,413032,6
66874,3286,شهردن,414873,6
66875,3286,بوخانی,414874,6
66876,3286,دشتک,414875,6
66877,3286,هنارکان,414879,6
66878,3286,تاج آباد,414891,6
66879,3286,علی بخش آباد,414892,6
66880,3286,قادرآباد(کوه زیری),414893,6
66881,3286,نواب آباد,414894,6
66882,3286,جان آباد,414896,6
66883,3286,خسروآباد,414897,6
66884,3286,شیرآباد,414898,6
66885,3286,اسپتک,414899,6
66886,3286,مهراب آباد,414900,6
66887,3286,روشن آباد,414901,6
66888,3286,دلوش آباد,414902,6
66889,3286,تلک دن(گزبستان),414907,6
66890,3286,جوری دپ,414908,6
66891,3286,سهراب آباد,414910,6
66892,3286,گلستان,414911,6
66893,3286,میرین آباد,414912,6
66894,3286,بنکل(اسلام آباد),414913,6
66895,3286,رحمت آباد,414914,6
66896,3286,اسدآباد,414916,6
66897,3286,اسپتی سنگ,414918,6
66898,3286,رنگی,414919,6
66899,3286,جلال آباد,414922,6
66900,3286,حسن آباد,414923,6
66901,3286,کریم آباد,414924,6
66902,3286,شریف آباد,414925,6
66903,3286,ابراهیم آباد,414926,6
66904,3286,صفرآباد,415016,6
66905,3286,مرادآباد,415017,6
66906,3286,رحیم آباد,416130,6
66907,3286,علی آباد بگان,416131,6
66908,3286,مچایی (یارآباد),416135,6
66909,3286,لله آبادیکلایی,416138,6
66910,3286,بتاگی دن,416405,6
66911,3286,سگ روکان,416406,6
66912,3286,راهگ,416482,6
66913,3286,صادق آباد,416483,6
66914,3286,حاجی آبادرودی,416484,6
66915,3286,نیل(گوران سری),416485,6
66916,3286,کروچان بالا(قادربخش آباد),711171,6
66917,3286,گورناگ,711172,6
66918,3286,غلام کلگ,711173,6
66919,3286,موتورغلامعلی صلاحی,711174,6
66920,3286,لیاقت آبادپیرکور,711175,6
66921,3286,انورآبادپیرکور,711176,6
66922,3286,توجان,711177,6
66923,3286,اشرف آباد,711178,6
66924,3286,آدم آباد,711179,6
66925,3286,درویش آباد,711180,6
66926,3286,دلاورآباد,711181,6
66927,3286,عمرآباد,711182,6
66928,3286,غلام آباد,711183,6
66929,3286,رضایی آباد,711184,6
66930,3286,خرابه,711185,6
66931,3286,کل گردان,711186,6
66932,3286,سابک آباد,711187,6
66933,3286,برکت آباد,711188,6
66934,3286,پرکینوا,711189,6
66935,3286,کوه پشت,711190,6
66936,3286,حاجی مچان,711191,6
66937,3286,دودر,711192,6
66938,3286,پایگاه سپاه,711193,6
66939,3286,اسحق آباد(مچایی),842194,6
66940,3286,میرآبادهونگ,842195,6
66941,3286,جلیل آباد,842196,6
66942,3286,سارتاپ,842197,6
66943,3286,جلال آبادمورتان,842401,6
66944,3286,سیرین کورسفلی,911821,6
66945,3286,سارتاپ(موسی آباد),911994,6
66946,3287,پزم تیاب,191786,6
66947,3287,پزم مچان,191787,6
66948,3287,جهلیان,191789,6
66949,3287,دور,191794,6
66950,3287,پارک شیخان,191800,6
66951,3287,پارک هوتان,191815,6
66952,3287,ایستگاه فرستنده رادیو,191817,6
66953,3287,رسول آباد,191819,6
66954,3287,پارک بشیربندر,410747,6
66955,3287,کارخانه آب شیرین کن,410750,6
66956,3287,فرماندهی انتظامی شهرستان کنارک,410752,6
66957,3287,بلال آباد(چشی),410757,6
66958,3287,ناصرآباد,410769,6
66959,3287,سعیدآباد,413717,6
66960,3287,مجتمع صنایع شیلاتی خلیج فارس,413718,6
66961,3287,ریگدان,414612,6
66962,3287,شرکت سپیدشن پارس چابهار,414615,6
66963,3287,بیش منت,414616,6
66964,3287,جایگاه اختصاصی سه راهی نیکشهر,415001,6
66965,3287,خلیج آباد,415002,6
66966,3287,مرغداری هارون هوتی,416464,6
66967,3287,شهرک صنعتی کنارک,416465,6
66968,3287,شرکت شن وماسه شاداب,416467,6
66969,3287,مجتمع خدمات رفاهی طیس,711478,6
66970,3287,دامپروری پارسا,711479,6
66971,3287,کشتارگاه صنعتی پارسا,711480,6
66972,3287,شهرک مسکونی سعیدآباد,711481,6
66973,3287,موتورآب پزم,711482,6
66974,3287,کورسر(سرگان),711484,6
66975,3287,خیرآباد(چندی),711485,6
66976,3287,مرغداری زربال چابهار,711486,6
66977,3287,گاوداری پایداری,711487,6
66978,3287,گاوداری,711488,6
66979,3287,راه وترابری کنارک,711489,6
66980,3287,پاسگاه انتظامی واورژانس دوراهی کهیر,711495,6
66981,3287,پارک نوک آباد,811939,6
66982,3287,پارک بجار,842200,6
66983,3287,هوتگ بیباک,842487,6
66984,3288,بانسنت,191783,6
66985,3288,باوریدن,191784,6
66986,3288,چراغ آباد,191790,6
66987,3288,حمیدآباد,191792,6
66988,3288,اسلام آباد(دمبیان),191793,6
66989,3288,سورکمب,191798,6
66990,3288,شمسر,191799,6
66991,3288,گبولان,191803,6
66992,3288,سرگان,191807,6
66993,3288,مومان بالا,191809,6
66994,3288,مومان پایین,191810,6
66995,3288,مومان وسط,191811,6
66996,3288,نوکم بوکان,191812,6
66997,3288,کوری یات,410758,6
66998,3288,پاسگاه نیروی انتظامی مومان,410765,6
66999,3288,شرکت انرژی بنیادپوشش,414614,6
67000,3288,مجتمع مسکونی گودن,711483,6
67001,3289,بیربالا(بالاد),191640,6
67002,3289,بیردف,191641,6
67003,3289,بیررسول بخش,191642,6
67004,3289,طران,191645,6
67005,3289,بندرتنگ,191649,6
67006,3289,جلایی چات,191653,6
67007,3289,چگردان لاش,191657,6
67008,3289,بیر سفلی,191675,6
67009,3289,کم شهر(گرده چیر),191680,6
67010,3289,هوتک,191705,6
67011,3289,رحمی آباد,410740,6
67012,3289,مزرعه عمرراستی,410745,6
67013,3289,احمدآباد,413719,6
67014,3289,کوهی آباد,413720,6
67015,3289,عزیزآباد,413721,6
67016,3289,بیرآکوند,416852,6
67017,3289,بیرگنگزار,711295,6
67018,3289,شهرک چگردان لاش,711296,6
67019,3289,بیرشمه سر,711594,6
67020,3289,اسکله بیردف,711782,6
67021,3289,پاسگاه انتظامی بیردف,711849,6
67022,3289,مجتمع صنایع شیلاتی تنگ,811905,6
67023,3290,بورسر,191638,6
67024,3290,حیدرآباد(بورسرحیدری),191639,6
67025,3290,شهداد کهیر,191671,6
67026,3290,تل میشان,191788,6
67027,3290,چهاربیتی,191791,6
67028,3290,کهیر,191802,6
67029,3290,هیکتاکان,191816,6
67030,3290,مخزن آب نیروی هوایی کنارک,410721,6
67031,3290,سیدمحمدبازار,410723,6
67032,3290,دجی,410725,6
67033,3290,انگور آباد,410726,6
67034,3290,گودن,410727,6
67035,3290,جوگین,410732,6
67036,3290,گوردیم,410739,6
67037,3290,امام آباد(مهیم آباد),416472,6
67038,3290,یعقوب آباد,711293,6
67039,3290,ملادیم(نوک آباد),711294,6
67040,3290,براهویی آباد,911810,6
67041,3290,دولت آباد,911811,6
67042,3291,پلگی پایین (شهسوار),195143,6
67043,3291,پلگی علیا(خمر),195144,6
67044,3291,چلستعلی,195154,6
67045,3291,حسین آباد,195163,6
67046,3291,ده بدیل,195172,6
67047,3291,خوگی,195176,6
67048,3291,دشتک,195179,6
67049,3291,ده درویش,195181,6
67050,3291,سیدخان,195191,6
67051,3291,عباس عبداله,195201,6
67052,3291,عباس مراد,195202,6
67053,3291,قلعه کنگ,195211,6
67054,3291,کربلایی حسن,195214,6
67055,3291,ندام شرقی,195231,6
67056,3291,آس قاضی,411186,6
67057,3291,سهراب غلامی,411187,6
67058,3291,ده حسن پیری,411190,6
67059,3291,سدسیستان,411192,6
67060,3291,مزرعه اموزشی دانشکده کشاورزی,411194,6
67061,3291,محمدشهرکی,411196,6
67062,3291,ده صفدرمیربیک,411198,6
67063,3291,ده ارباب,411199,6
67064,3291,ده رشید,414015,6
67065,3291,عیسی حاجی,415418,6
67066,3291,ندام غربی,416423,6
67067,3291,کارگاه شن وماسه,711697,6
67068,3291,شهرک ابوالفضل,711698,6
67069,3291,روستای پردل شهرکی,711699,6
67070,3291,لف خمر,842212,6
67071,3292,ده کدخدارستم,195180,6
67072,3292,پاسگاه سنارود شمالی,195347,6
67073,3292,ده موسی,195374,6
67074,3292,قلعه کهنه(فیروزآباد),195395,6
67075,3292,قلعه نو,195396,6
67076,3292,کل کنگ,195398,6
67077,3292,پلگی سید,411200,6
67078,3292,ابراهیم ملک داد,411201,6
67079,3292,حاجی مسکین,411205,6
67080,3292,برجک مرزی اول,411206,6
67081,3292,برجک مرزی دوم,411207,6
67082,3292,برجک مرزی سوم,413007,6
67083,3292,پاسگاه سنارودجنوبی,413008,6
67084,3292,پاسگاه میل46,413010,6
67085,3292,ده نوسیدخان,413011,6
67086,3292,حسین مسافر,415109,6
67087,3292,روستای پارالدین,415421,6
67088,3292,ایستگاه پمپاژشماره 1آبرسانی زاهدان,416819,6
67089,3292,کارگاه شن وماسه توتازهی,711695,6
67090,3292,ایستگاه چاه نیمه چهارم,711696,6
67091,3292,خان محمدرحمت زایی,842340,6
67092,3293,ده احمدعلیخان,195335,6
67093,3293,اشترک سفلی,195337,6
67094,3293,اله دو,195339,6
67095,3293,مجتمع مسکونی امیرنظام,195341,6
67096,3293,بلوچ نارویی,195345,6
67097,3293,حاجی عبداله,195362,6
67098,3293,روستای حیدرملاشریف کهنه,195366,6
67099,3293,خواجه احمد,195367,6
67100,3293,دوازده سهمی,195370,6
67101,3293,ده نو,195375,6
67102,3293,سیاه خان,195379,6
67103,3293,ده آزادکشانی,195388,6
67104,3293,ده عبدالعزیز,195389,6
67105,3293,ملک آباداشترک,195409,6
67106,3293,ده نادر,195415,6
67107,3293,پاسگاه مرزی نادر,195421,6
67108,3293,ده یادگار,411283,6
67109,3293,ده کوهکن,411391,6
67110,3293,پاسگاه مرزی ملا شریف,411394,6
67111,3293,لال خان,411400,6
67112,3293,ده غفور,411401,6
67113,3293,ده روشن,411402,6
67114,3293,ملاقاسم,412423,6
67115,3293,ملک آباد,412935,6
67116,3293,حیدرملاشریف نو(حیدرآباد),711707,6
67117,3293,چوتو(پمپ ملک داد),711708,6
67118,3293,پمپ دانشمند,711709,6
67119,3293,ده علیجان,711710,6
67120,3293,پاسگاه چوتو,811256,6
67121,3294,ده جنگیخون,193930,6
67122,3294,ده زینل,193950,6
67123,3294,سه قلعه,193956,6
67124,3294,سیاه سر,193958,6
67125,3294,علی آباد,193965,6
67126,3294,ده علی آخوند,193966,6
67127,3294,کودنو,193987,6
67128,3294,محمددادی,194005,6
67129,3294,ده مستیخون,194010,6
67130,3294,بزی شهرکی,195142,6
67131,3294,حسن خون,195160,6
67132,3294,درویش پیری,195178,6
67133,3294,ده شادی,195190,6
67134,3294,کمک,195217,6
67135,3294,موسی شهباز,195226,6
67136,3294,تپه آزاد,195336,6
67137,3294,جریکه,195350,6
67138,3294,جلالی,195351,6
67139,3294,شهرک کوهک,195354,6
67140,3294,روستای حاجی عباس شیرزهی,195359,6
67141,3294,ده عظیم صمد,195365,6
67142,3294,خیرآباد,195368,6
67143,3294,کود,195385,6
67144,3294,عباس رستم,195387,6
67145,3294,عطامحمد,195392,6
67146,3294,کفتارگی,195397,6
67147,3294,کلپ بازعلیا(جلال آباد),195399,6
67148,3294,حاج عیسی اشترک,195401,6
67149,3294,ملک حیدری,195407,6
67150,3294,میرزاخون,195414,6
67151,3294,ده نواب,195416,6
67152,3294,ده علیجان (گلزار),411270,6
67153,3294,ده محمدمیرزا,411274,6
67154,3294,ده حسینا,411275,6
67155,3294,زاهدان کهنه,411276,6
67156,3294,میرخان جهانتیغ,411277,6
67157,3294,ده علی حسن,411280,6
67158,3294,پمپ آب شهید بهشتی,411284,6
67159,3294,ده حاجی شهباز,411288,6
67160,3294,علی مردان,411289,6
67161,3294,شیب گوره,411293,6
67162,3294,اشترک حاجی نظر,411294,6
67163,3294,پژوهشکده کشاورزی دانشگاه,411296,6
67164,3294,دهمرده سهراب,411381,6
67165,3294,حسین میردل,412856,6
67166,3294,مجتمع مسکونی محمدشاه کرم,413013,6
67167,3294,ده دراز,414195,6
67168,3294,رحمان شیرزهی,414196,6
67169,3294,اسداله,415143,6
67170,3294,ملا ابراهیم,416421,6
67171,3294,چنگیزشیرزهی,416422,6
67172,3294,جمال الدین نورزایی,416820,6
67173,3294,مجتمع گلخانه های سبز گستر,416821,6
67174,3294,روستای مولوی خدا رحم رودینی,416903,6
67175,3294,علی عباس,711700,6
67176,3294,مرغداری 532بالاچ,711701,6
67177,3294,کوته,711702,6
67178,3294,محله شیخ حسینی,711703,6
67179,3294,گاوداری ناصحی نیا,711704,6
67180,3294,اداره راه وترابری زهک,711705,6
67181,3294,ده سیاه خان,711706,6
67182,3294,ده زمان خان,811108,6
67183,3294,ده نور محمد هرمزی,811109,6
67184,3294,روستای احمدخان میرگل(کل کرق),811110,6
67185,3294,ده یوسف,811111,6
67186,3294,حاجی عباس شهرکی,811114,6
67187,3294,ده شیرمحمدشیرزهی,811230,6
67188,3294,مجتمع خالق داد,811257,6
67189,3294,مجتمع تفریحی دانشگاه زابل,811426,6
67190,3294,پردل نارویی,842309,6
67191,3294,شاهدوست,842511,6
67192,3295,ترقویی,195146,6
67193,3295,ابراهیم دادی,195157,6
67194,3295,حسین آبادی,195164,6
67195,3295,حسین مهرعلی,195166,6
67196,3295,حاج حسین دهمرده(نورمحمد),195167,6
67197,3295,حسینالطفعلی صفر,195170,6
67198,3295,ملک آباد,195173,6
67199,3295,خمک,195175,6
67200,3295,ده قاسم قجر,195182,6
67201,3295,ده رستم,195186,6
67202,3295,شریف قزاق,195196,6
67203,3295,روستای شهیددهمرده,195197,6
67204,3295,شیخ لنگی,195198,6
67205,3295,عیسی فقیر,195208,6
67206,3295,قزاق,195209,6
67207,3295,میرگل,195228,6
67208,3295,نجف,195230,6
67209,3295,یوسف آباد,195235,6
67210,3295,لچوی,411369,6
67211,3295,سامانی,411377,6
67212,3295,واصلان,411378,6
67213,3295,ده گرگیج,411379,6
67214,3295,کربلایی حسن(حسن اکبر),411380,6
67215,3295,خانه های خدابخش,411385,6
67216,3295,پسرمردان,411386,6
67217,3295,اصغرجما,411387,6
67218,3295,ده خدابخش,415141,6
67219,3295,براهویی,415142,6
67220,3295,شهرک امام خمینی(ره),811113,6
67221,3295,شرکت مرغ 497,811966,6
67222,3296,نجیب آباد,195139,6
67223,3296,الری,195140,6
67224,3296,غلام گلزار,195147,6
67225,3296,روستای غلامعلی سرگزی مقدم,195149,6
67226,3296,جان آبادسنجرانی,195150,6
67227,3296,ده حاجی غلامحسین,195155,6
67228,3296,پیری,195159,6
67229,3296,راشک,195185,6
67230,3296,زیارتگاه(زیارتجاه),195187,6
67231,3296,حسن آبادسنچولی,195189,6
67232,3296,شاهگل پیری,195194,6
67233,3296,شاه میرآبادپیری,195195,6
67234,3296,ده علی جعفرسفلی,195205,6
67235,3296,کربلایی شهباز,195212,6
67236,3296,کندرک,195216,6
67237,3296,گوری,195218,6
67238,3296,میرزاموسی,195227,6
67239,3296,روستای علی پیری(کرم),411191,6
67240,3296,محمدجان بزی,411358,6
67241,3296,روستای سیاه خان پیری جوان,411360,6
67242,3296,ده موسی کامخان,411361,6
67243,3296,عیسی آباد(موسی آباد),411362,6
67244,3296,عباس آباد,411363,6
67245,3296,حاجی حسین شهرکی,411364,6
67246,3296,ابراهیم اصغری,411365,6
67247,3296,روستای شیرمحمدچراغ,411366,6
67248,3296,شاهبیک ملاشاهی,411374,6
67249,3296,روستای ملک محمداشترک,411375,6
67250,3296,علی شهرکی,411389,6
67251,3296,ده علی جعفرعلیا,412428,6
67252,3296,خرابه شیرمحمد,414194,6
67253,3296,نوری,415140,6
67254,3296,قزاق خمک,711717,6
67255,3296,مرغداری سیستان قوت(تعاونی811),711718,6
67256,3296,مرغداری جهانتیغ(ده عبدالکریم),711719,6
67257,3296,ده قربان شهرکی,811107,6
67258,3297,آزادنارویی,194330,6
67259,3297,امیرآباد,194637,6
67260,3297,ملادوست محمد,194645,6
67261,3297,پسندخان,194648,6
67262,3297,پکیرشهسوار,194650,6
67263,3297,پودینه,194653,6
67264,3297,غلام محمد پودینه,194663,6
67265,3297,ده غلام محمد سارانی,194664,6
67266,3297,غلامعلی,194666,6
67267,3297,جما,194670,6
67268,3297,جنگیخون,194672,6
67269,3297,حسین آبادشهرک,194683,6
67270,3297,ده حسین علی خان,194688,6
67271,3297,حکیم ریگی,194689,6
67272,3297,خانی عباس,194697,6
67273,3297,اربابی خدری,194700,6
67274,3297,ده خمر,194701,6
67275,3297,دادزری,194704,6
67276,3297,ده رحمان,194717,6
67277,3297,رسول غلام,194721,6
67278,3297,امرودی(نمرودی),194723,6
67279,3297,ساسولی,194729,6
67280,3297,سیاه خان(صیف الدین),194739,6
67281,3297,شغالک,194745,6
67282,3297,صاحب خان(شیرجان),194756,6
67283,3297,طاووس,194760,6
67284,3297,عاشقان,194762,6
67285,3297,روستای حاجی عباس خان صفرزهی,194763,6
67286,3297,عباس شاهگل(حاجی نواب عیسی زهی),194764,6
67287,3297,ده عبداله کوت,194765,6
67288,3297,ده علیمراد,194768,6
67289,3297,عیدوسهراب,194775,6
67290,3297,قادر آباد(مادین),194780,6
67291,3297,قجر محمد حسن,194781,6
67292,3297,کامخان,194785,6
67293,3297,ده کرم,194790,6
67294,3297,ده کرم مزرعه,194791,6
67295,3297,کرکوه,194792,6
67296,3297,کریم کشته,194794,6
67297,3297,ده گل میر,194809,6
67298,3297,گلشاه,194813,6
67299,3297,ده کریم نارویی,194814,6
67300,3297,دادشاه گله چاه,194815,6
67301,3297,عیسی لشکران,194818,6
67302,3297,ماککی,194821,6
67303,3297,ده مجیدریگی,194822,6
67304,3297,گلشاه خان,194823,6
67305,3297,مسافر,194834,6
67306,3297,ده میرزا علی,194853,6
67307,3297,ده نورمحمدصفرزایی,194861,6
67308,3297,نور محمد یوسف رودینی,194862,6
67309,3297,حاجی ولی خرمایی,194863,6
67310,3297,یارمحمدعلم,194867,6
67311,3297,یوسف اسلام,194868,6
67312,3297,ده نیک محمدبراهویی,194869,6
67313,3297,ده انوشیروان,194870,6
67314,3297,حاجی باباخان,411210,6
67315,3297,خاک سفیدی,411212,6
67316,3297,دوست محمدلشکران,411217,6
67317,3297,سرگزک,411218,6
67318,3297,علیخان کچکول,411219,6
67319,3297,سیاه خان میربیک,411220,6
67320,3297,ده احمدزرین دست,411221,6
67321,3297,غلامعلی کهنه,411222,6
67322,3297,روستای شهنواز,411224,6
67323,3297,ملا عظیم رودینی,411227,6
67324,3297,شهرک علی حسینا,411234,6
67325,3297,روستای شهیدبهشتی,411235,6
67326,3297,نوراله,411236,6
67327,3297,ده رخشانی,411239,6
67328,3297,چلوکی,411242,6
67329,3297,ده حاج حاتم قلجه ای,411247,6
67330,3297,خانه های امیر,411248,6
67331,3297,سعیدآبادسارانی,411249,6
67332,3297,صالح خان(صالح محمد),411250,6
67333,3297,سارانی خانی دلمراد,411251,6
67334,3297,یارمحمدخروط,411253,6
67335,3297,ده نادرکهنه,411256,6
67336,3297,ده ملا عبدالله,411257,6
67337,3297,حنیف غفران قادر,412939,6
67338,3297,رستم,412940,6
67339,3297,اله داد,412942,6
67340,3297,ده محمدخان محمد(رسول یارمحمد),412977,6
67341,3297,پاسگاه انتظامی جانبازان,412980,6
67342,3297,کرتکه,414161,6
67343,3297,نهنگی,414162,6
67344,3297,خان محمد,414163,6
67345,3297,شهرک گل بیک,414164,6
67346,3297,دادخدا دادزری,414672,6
67347,3297,خانی گل محمدرخشانی,415025,6
67348,3297,ده حاجی نادر,415127,6
67349,3297,ده حاتم علیزاهی,711335,6
67350,3297,خواجه محمدسرگلزایی,711726,6
67351,3297,روستای محمدامیرخمر,711727,6
67352,3297,خان محمدگله چاه,711729,6
67353,3297,ده عوض سارانی,711730,6
67354,3297,ده حاجی عبدالرحیم رخشانی,811160,6
67355,3297,حاج کریم سارانی(حلیم),811231,6
67356,3297,قوس الدین بامدی,811945,6
67357,3297,ده حاجی نواب عیسی زهی,811982,6
67358,3297,خانه های خواستی,811983,6
67359,3297,یوسف خان محمد,811984,6
67360,3297,ده امیرآبتین,811985,6
67361,3297,ده شهیدسنچولی,842464,6
67362,3297,نظام,842584,6
67363,3298,ارگ خان ملک,194629,6
67364,3298,ال گرگ,194635,6
67365,3298,تکور,194658,6
67366,3298,چاردری,194676,6
67367,3298,حسین صفدر,194687,6
67368,3298,خداداد,194698,6
67369,3298,پهلوان شاه گل(دوست محمدشاه گل),194708,6
67370,3298,رسول افغان,194720,6
67371,3298,حسین سرگزی,194734,6
67372,3298,ده سلطان,194735,6
67373,3298,سیادک,194738,6
67374,3298,ده شاه محمدقاسمی,194743,6
67375,3298,شرکت چاه,194747,6
67376,3298,شندل,194748,6
67377,3298,صمدعیسی زهی,194759,6
67378,3298,علی اکبرخمر,194770,6
67379,3298,ده فخیره سفلی,194777,6
67380,3298,کچکول,194787,6
67381,3298,ده کندل,194795,6
67382,3298,کنگ ملاعبداله,194799,6
67383,3298,گزمه,194804,6
67384,3298,گل میر,194808,6
67385,3298,مارگان,194820,6
67386,3298,مرادعلی,194830,6
67387,3298,ملکی,194838,6
67388,3298,ملاعوض,194843,6
67389,3298,موسی کوهکن,194847,6
67390,3298,میرزانبی,194854,6
67391,3298,غلام رستم,411213,6
67392,3298,ده ملنگ(نوراله دهمرده),411214,6
67393,3298,چکل,411215,6
67394,3298,سرتیپ,411231,6
67395,3298,حاجی حسین شیرزهی,411232,6
67396,3298,غلام علی جعفر,411233,6
67397,3298,ده کدخداعلی نمرودی,411335,6
67398,3298,مجتمع تولیدی آجر فشاری,411336,6
67399,3298,حاجی آبادسید,411337,6
67400,3298,رنده سفلی(ارگ میرجمال),411338,6
67401,3298,دهمرده سیادک,411339,6
67402,3298,ده عنایت,411340,6
67403,3298,غلامحسین لاغری,411344,6
67404,3298,بارانی,411345,6
67405,3298,جهانتیغ,411346,6
67406,3298,صوفی سیدی,411347,6
67407,3298,حاجی شاه محمد,411348,6
67408,3298,عزیزدهمرده(بنیاد),411349,6
67409,3298,دهمرده,411350,6
67410,3298,تاجی اصغر(علی سیاسر),411351,6
67411,3298,کربلایی عیسی مرادقلی,411352,6
67412,3298,ده نظرشریف(عیسی زهی),411353,6
67413,3298,خانه های نیازمحمد,411354,6
67414,3298,ولیداد,411355,6
67415,3298,کام خان,411356,6
67416,3298,فخیره علیا,412415,6
67417,3298,سرگلزایی قلجایی,412943,6
67418,3298,شیرین سالار,412987,6
67419,3298,حاجی ملک شیرزایی,412988,6
67420,3298,توکل سارانی,412989,6
67421,3298,بلوچ آبیل,412990,6
67422,3298,آبیل پل رنده,412991,6
67423,3298,زهروزهی,412992,6
67424,3298,لطفی,412993,6
67425,3298,آسک,412994,6
67426,3298,اسماعیل علی,412995,6
67427,3298,لورگ خاری,412996,6
67428,3298,رضاسیاسر,414168,6
67429,3298,صاحب خان بارانی,414170,6
67430,3298,حسین آباد,414171,6
67431,3298,علیخان,414172,6
67432,3298,ده حمیدگرگیچ,414173,6
67433,3298,منصورشهنوازی(نهتانی),414174,6
67434,3298,ده صمدخرمایی,414175,6
67435,3298,ملا گل جان,414176,6
67436,3298,باسکول 50 تنی پورحیدری,414177,6
67437,3298,ناحیه صنعتی هیرمند,414179,6
67438,3298,گرگ,415129,6
67439,3298,ده مسکین,415130,6
67440,3298,ده جلال افغان گرگیچ,415131,6
67441,3298,شیردل سیاه دک,416408,6
67442,3298,پهلوان دادشاه(دادشاه محمدپهلوان),416409,6
67443,3298,مجید عیسی زهی,416410,6
67444,3298,خانه های عوض,711720,6
67445,3298,ده حاجی شاه نظر,711721,6
67446,3298,خانه های خدادادمرادقلی,711722,6
67447,3298,شرکت چاه پایین(خانه های رشید بارانی),711723,6
67448,3298,محمدابراهیم مختاری,711724,6
67449,3298,رحمان دهمرده(ملنگ),711725,6
67450,3298,ده غلامعلی بامری,711728,6
67451,3298,گلخانه حسین سارانی,711731,6
67452,3298,ده بارانی(محمد),711732,6
67453,3298,ده ریگی پناه(جما),711733,6
67454,3298,صالح محمدایرگ ریگی,711734,6
67455,3298,میرزا سارانی,711735,6
67456,3298,خانه های ملاشیخ رضا سرگزی,711736,6
67457,3298,خانه های عبداله سارانی,711848,6
67458,3298,یوسف زهی,811243,6
67459,3298,شیرین سالارکهنه,811940,6
67460,3298,جلال آباد,811941,6
67461,3298,رسول سارانی,811947,6
67462,3298,ملا کریم براهویی,811949,6
67463,3298,ده میرزاخان(کیخا),811955,6
67464,3298,عبدالرحمان سارانی,811977,6
67465,3298,روستای عیسی زهی,811978,6
67466,3298,گلزار نوروز,842447,6
67467,3298,اسماعیل زهی,842463,6
67468,3298,بارانزهی,842467,6
67469,3298,ده نجیب اله,842469,6
67470,3299,بلال,194644,6
67471,3299,پکک حاجی حیدر,194649,6
67472,3299,ده پهلوان,194654,6
67473,3299,جانی,194669,6
67474,3299,جمااعظم,194671,6
67475,3299,جهان آبادسفلی,194673,6
67476,3299,جهان آبادعلیا,194674,6
67477,3299,حاج بلوچ خان براهویی,194679,6
67478,3299,حسین اربابی,194680,6
67479,3299,حاجی نبی,194685,6
67480,3299,دوکله,194711,6
67481,3299,دهمرده,194714,6
67482,3299,دهنوعلی خان,194715,6
67483,3299,زورآباد,194728,6
67484,3299,شهرک ساسولی,194730,6
67485,3299,سرفراز,194733,6
67486,3299,سنجرانی,194736,6
67487,3299,شاهرخ,194741,6
67488,3299,شیرعلی خان,194752,6
67489,3299,شیرمحمدگرگیج,194754,6
67490,3299,عزیزبامدی,194766,6
67491,3299,ده علی اکبرملاحسین,194771,6
67492,3299,ده قجربارانی,194782,6
67493,3299,کندل,194796,6
67494,3299,کنگ شیرعلی خان,194798,6
67495,3299,ده محمد شهرکی,194836,6
67496,3299,حاجی ملک محمد(کارگاه),194837,6
67497,3299,ده خروط,194839,6
67498,3299,مندیلان,194845,6
67499,3299,میم خان,194848,6
67500,3299,ده میرجعفرخان,194850,6
67501,3299,میلک,194856,6
67502,3299,آخوندزاده,411323,6
67503,3299,شهرک ابراهیم آباد,411324,6
67504,3299,ده آزاد,411325,6
67505,3299,ده حاجی میرزا خان,411326,6
67506,3299,عبدالرحمان صفرزایی,411327,6
67507,3299,محمدقاسم,411328,6
67508,3299,حاجی سیدخان منصورنیا(خروط),411329,6
67509,3299,ده حلیم,411330,6
67510,3299,ده رخشانی,411331,6
67511,3299,ده حاجی حسین,411333,6
67512,3299,ده شادی جمالزهی,412425,6
67513,3299,خانه های مهراله(نظرآباد),412427,6
67514,3299,ده نظر گرگیچ,412938,6
67515,3299,حاجی احمد شاهوزایی,412982,6
67516,3299,ده حاج نایب لجه ای,412983,6
67517,3299,بازارچه مشترک,412984,6
67518,3299,سنجردهمرده,412985,6
67519,3299,پاسگاه انتظامی شهیداسلامی پکک,414165,6
67520,3299,صالح محمد شهریاری,416407,6
67521,3299,شیخ علم,416817,6
67522,3299,ده کدخدا شاه جان بامری,416818,6
67523,3299,خانه های جهانگیردهمرده,711741,6
67524,3299,ده براهویی,811159,6
67525,3299,محمد رخشانی(نیازخان),811236,6
67526,3299,ملا دادخدا عیسی زهی,811237,6
67527,3299,حسن آباد,811239,6
67528,3299,ابراهیم آباد,811297,6
67529,3299,ده قادر,811979,6
67530,3299,ده شاهوزهی,811980,6
67531,3299,ده عباسعلی,842335,6
67532,3299,محمودآباد,842396,6
67533,3299,فضل آباد,842402,6
67534,3299,ده گرگیج,842403,6
67535,3300,اربابی,194628,6
67536,3300,آس حاجی,194631,6
67537,3300,برج میرگل,194641,6
67538,3300,ده بزی,194642,6
67539,3300,پلگی محمدشریف,194652,6
67540,3300,پیران,194655,6
67541,3300,تخت عدالت,194656,6
67542,3300,تخته پل,194657,6
67543,3300,حاجی(برج یوسف),194678,6
67544,3300,ملاکریم,194696,6
67545,3300,خمک,194702,6
67546,3300,ریگموری,194727,6
67547,3300,سراوانی,194732,6
67548,3300,ده سنگو,194737,6
67549,3300,پاسگاه شغالی,194746,6
67550,3300,مردان شهرکی,194751,6
67551,3300,علیخان زمان,194767,6
67552,3300,کتمک,194786,6
67553,3300,کوهکن,194801,6
67554,3300,گلزاریگن,194812,6
67555,3300,گمشاد,194816,6
67556,3300,جمال آباددهمرده,194825,6
67557,3300,ملادادی,194840,6
67558,3300,ملاعلی,194842,6
67559,3300,ده میران,194849,6
67560,3300,میرشکار,194855,6
67561,3300,ده نور محمد خان,194860,6
67562,3300,گله بچه,411307,6
67563,3300,گرگیچ,411308,6
67564,3300,پده ای,411309,6
67565,3300,حسن شیخ,411311,6
67566,3300,کرق شاه جان,411321,6
67567,3300,نیک محمد(عبداله دهمرده),412410,6
67568,3300,کریم کشته,412411,6
67569,3300,کندیکه,412418,6
67570,3300,پاسگاه طلایی,414147,6
67571,3300,تپه کنیز,414148,6
67572,3300,دهمرده,414150,6
67573,3300,حاجی مبین,414158,6
67574,3300,کانال,414159,6
67575,3300,غلامحسین دهمرده,711599,6
67576,3300,صفرعلی احمد,711742,6
67577,3300,ده حسین زهروزهی,711743,6
67578,3300,بازارچه مرزی گمشاد,711744,6
67579,3300,خانه های عباس سارانی(ملاحسین),711745,6
67580,3300,لال محمددهمرده,711746,6
67581,3300,توحیدآبادخمک,711747,6
67582,3300,ده عزیزمحمدزهروزهی,711748,6
67583,3300,خمک حاج احمدباسواد,711749,6
67584,3300,حاجی بی برگ دهمرده,711750,6
67585,3300,یارمحمدکوهی,811987,6
67586,3300,ده علیشاه(خانی کوت),811988,6
67587,3300,ده محسن,811989,6
67588,3300,ده آباریان,842395,6
67589,3300,ده بولان دهمرده,842435,6
67590,3300,الله آباد,842436,6
67591,3301,اکبرآباد,194634,6
67592,3301,امیرآباد,194638,6
67593,3301,عبداله بارانی,194640,6
67594,3301,پکیرمحمود,194651,6
67595,3301,خمر(دراز),194705,6
67596,3301,دولت آباد,194712,6
67597,3301,گل محمد دانش نارویی,194722,6
67598,3301,سیدخان,194740,6
67599,3301,صدیف سنچولی,194757,6
67600,3301,علی احمد لک زایی,194769,6
67601,3301,فراهی,194779,6
67602,3301,تپه کیخا,194788,6
67603,3301,کنگ امام داد,194797,6
67604,3301,پاسگاه مسجدک,194835,6
67605,3301,ملانورمحمد,194844,6
67606,3301,آسک,194889,6
67607,3301,لنگر بارانی,411316,6
67608,3301,گرگ,411317,6
67609,3301,پاسگاه انتظامی تپه کیخا,411319,6
67610,3301,ده مریم(پایگاه امنیتی روح الله),411320,6
67611,3301,خاک سفیدی(دهمرده),412979,6
67612,3301,داشک,412999,6
67613,3301,اربابی,414149,6
67614,3301,نصار لک زایی,414151,6
67615,3301,رضافراهی,414152,6
67616,3301,صفرزایی,414155,6
67617,3301,میرگل کلاتی,414156,6
67618,3301,محمدحسین بارانی,414157,6
67619,3301,مولوی دوست محمد,415133,6
67620,3301,صمد براهویی,416477,6
67621,3301,شندک غلام رسول,416478,6
67622,3301,خدادادریگی,711545,6
67623,3301,ده گرگیچ,711595,6
67624,3301,صمددهمرده,711737,6
67625,3301,روستای مبین,711738,6
67626,3301,اصغرجنگی(صفردهمرده),711739,6
67627,3301,اسحاق علی بارانی,711740,6
67628,3301,ده نمکی,811296,6
67629,3301,ده ارجونی,811954,6
67630,3301,شهرک کیان آباد(بارانی),811963,6
67631,3302,چاه شورک 1,185949,6
67632,3302,چیل کنار,185957,6
67633,3302,سه پایه زیارت گنبد,185970,6
67634,3302,قاسم آبادگنبد,185973,6
67635,3302,کهنک,185982,6
67636,3302,گنبدعلوی,185987,6
67637,3302,مزرعه کومان,186011,6
67638,3302,نوک آبادگنبد,186047,6
67639,3302,چاه شورک 2(عاشقان حسینی ),410579,6
67640,3302,چاه کیچی,410580,6
67641,3302,چاه دازو,413176,6
67642,3302,چاه حسین,416323,6
67643,3302,علی آبادچاه کیچی,711957,6
67644,3302,علی آبادگلدشت,811737,6
67645,3302,موتورنورخاتون بامری,842001,6
67646,3302,چاه شورک72تن,842201,6
67647,3303,جبرآباد,185932,6
67648,3303,چاه جلال,185944,6
67649,3303,چاه خالقداد,185945,6
67650,3303,چاه خدابخش,185946,6
67651,3303,نعمت آبادسردشت,185950,6
67652,3303,علی آبادلدی,185951,6
67653,3303,چاه محمدچاه شور,185955,6
67654,3303,حمیدآباد,185959,6
67655,3303,کلاکنتک,185977,6
67656,3303,کلانظهور,185978,6
67657,3303,کهنک,185980,6
67658,3303,کهنک لدی,185983,6
67659,3303,گزشاهان,185984,6
67660,3303,گزگر,185985,6
67661,3303,حسین آبادلدی,185992,6
67662,3303,مزرعه چاه احمدملک,185998,6
67663,3303,چاه الوند,186024,6
67664,3303,موتور حسن مطلق,186029,6
67665,3303,موتورشه میر,186031,6
67666,3303,چاه شورشماره 2,410405,6
67667,3303,چاه شورشماره 1,410406,6
67668,3303,گل آباد,410407,6
67669,3303,چاه میرجان,410409,6
67670,3303,هیت کلیر,410578,6
67671,3303,موتورشنبه,412475,6
67672,3303,موتور علی کرد,412867,6
67673,3303,چاه حاج دوست محمددکالی,413144,6
67674,3303,هیتک,413170,6
67675,3303,چاه میرک,414980,6
67676,3303,چاه مریدبامری(عباس),414981,6
67677,3303,موتور عاشور سپاهی,416300,6
67678,3303,موتور پتی محمد شهلی بر,416317,6
67679,3303,شهرک عشایری خسرین,416319,6
67680,3303,موتور علی بخش پکیر شاهی,416324,6
67681,3303,موتور عباس بامری,416325,6
67682,3303,موتور مزار سابکی,416326,6
67683,3303,موتور تاج محمد شهلی بر,416327,6
67684,3303,موتور گل محمد با مری,416331,6
67685,3303,موتور خیر محمد سپاهی,416332,6
67686,3303,موتورامام بخش عبدالهی,416333,6
67687,3303,چاه شورشماره3,416342,6
67688,3303,موتور مولادادیوسف زهی,416347,6
67689,3303,موتوررحیم یوسف زهی,416348,6
67690,3303,موتور دولت یوسف زهی,416349,6
67691,3303,موتورمحمدبامری چاه شور,711017,6
67692,3303,موتورمهیم نارویی,711018,6
67693,3303,موتورمحمدعلی نارویی,711019,6
67694,3303,موتوربخشک شیبانی,711020,6
67695,3303,موتورگل پری نارویی,711021,6
67696,3303,موتورناصرعبدالهی,711022,6
67697,3303,موتورعبدی عبدالهی,711023,6
67698,3303,موتوراحمدعبدالهی چاه شور,711024,6
67699,3303,موتورعیدمحمدعبدالهی,711025,6
67700,3303,موتوربجارعبدالهی,711026,6
67701,3303,موتورطلعت نارویی,711027,6
67702,3303,موتورمحراب نارویی,711028,6
67703,3303,موتورولی داد,711336,6
67704,3303,موتوراشرف,711337,6
67705,3303,مصریان,711338,6
67706,3303,موتورخسرونارویی,711339,6
67707,3303,احمدآباد,711586,6
67708,3303,شهرک عشایری باقرآباد,711587,6
67709,3303,علی آبادکلانظهور,711588,6
67710,3303,موتوربختیاربامری,711634,6
67711,3303,موتورحاجی جمعه,711635,6
67712,3303,موتورگهرام بامری,711636,6
67713,3303,موتورحاجی پسندقلندرزهی,711637,6
67714,3303,موتورنعیم ریگی,711638,6
67715,3303,موتورحاجی رضاجمشیدزهی,711639,6
67716,3303,موتورحاج سیف اله بامری,711673,6
67717,3303,موتورحاج چنگیزنوابی,711674,6
67718,3303,هندل آباد,711675,6
67719,3303,موتورولی محمد بامری جابرآباد,711811,6
67720,3303,موتورموسی بامری,711812,6
67721,3303,موتورحاج گل محمد شهلی بر,711813,6
67722,3303,موتورحاجی مالکی,711814,6
67723,3303,موتور شکری,711815,6
67724,3303,موتور موسی جمشیدزهی,711816,6
67725,3303,موتوررحمت بامری,711817,6
67726,3303,موتورخدارحم عبدالهی,711818,6
67727,3303,موتورقادر هوتی,711819,6
67728,3303,موتورپیرمحمدعبدالهی چاه شور,711820,6
67729,3303,موتور پیر محمد عبدالهی,711821,6
67730,3303,موتوررسول بامری,711822,6
67731,3303,موتورداد محمد یوسف زایی,711823,6
67732,3303,موتورهوشنگ عبدالهی,711824,6
67733,3303,موتورقدرت بامری,711825,6
67734,3303,موتورحسین بامری1,711826,6
67735,3303,موتور جعفر4,711827,6
67736,3303,موتورجعفر بامری چاه شور,711828,6
67737,3303,موتورنورمحمد بامری,711829,6
67738,3303,موتور اکبر راهنجار,711830,6
67739,3303,موتور پمپ شیر محمدی (برادران نارویی ),711831,6
67740,3303,موتور حاج غفور قلندر زهی,711832,6
67741,3303,موتور حاج صالح کرم زهی,711833,6
67742,3303,موتور خان محمد نارویی,711834,6
67743,3303,موتورفقیر محمد عبدالهی,711835,6
67744,3303,موتور حاجی گل محمد شهلی بر,711836,6
67745,3303,محمد شهلی بر(حاج حبیب ),711837,6
67746,3303,موتورشکل بامری,711838,6
67747,3303,موتورشریف,711839,6
67748,3303,موتوریوسف قلندرزهی,711840,6
67749,3303,موتورعزیز ریگی,711841,6
67750,3303,موتورحبیب قلندرزهی,711842,6
67751,3303,موتورحمید قلندرزهی,711843,6
67752,3303,موتورپیر محمد,711844,6
67753,3303,موتوراله آباد (موتورمالک ),711845,6
67754,3303,موتوریار محمد عبدالهی,711846,6
67755,3303,موتورعلی بامری,711847,6
67756,3303,اسکندرآباد,711888,6
67757,3303,موتورجلال نوابی,711955,6
67758,3303,موتورقاسم چاه الوند,711956,6
67759,3303,موتور پیرداد,811099,6
67760,3303,موتور 15 خرداد,811100,6
67761,3303,حسین آباد گزشاهان,811101,6
67762,3303,ملک آباد,811103,6
67763,3303,موتورکوچک,811729,6
67764,3303,موتورخدانظرآوج ریگی,811730,6
67765,3303,موتورحسن شهلی بر,811731,6
67766,3303,محمدآباد,811733,6
67767,3303,چاه حاجی (چاه لال بخش ),811734,6
67768,3303,چاه یار محمد,811735,6
67769,3303,موتوررشیدفضل الهی,811738,6
67770,3303,چاه مرادعلی,811740,6
67771,3303,موتورخدامراد عبدالهی,811742,6
67772,3303,محمدرسول الله,811743,6
67773,3303,موتورچراغ,811744,6
67774,3303,موتور مراد عبدالهی,811745,6
67775,3303,موتورحسین بامری,811746,6
67776,3303,چاه گل محمد,811747,6
67777,3303,موتور امیر حمزه شهلی بر,811750,6
67778,3303,موتور مراد,811751,6
67779,3303,موتور آخرداد (علی بخش ),811752,6
67780,3303,حجت آباد,811753,6
67781,3303,موتورنور محمدربوشه,811754,6
67782,3303,موتور احمد پیراسته,811755,6
67783,3303,موتورمیرک,811756,6
67784,3303,چاه چاکر,811757,6
67785,3303,موتورخدامراد بامری کهنک,811758,6
67786,3303,چاه گمشاد(شعلی بر),811759,6
67787,3303,گرازآباد,811760,6
67788,3303,تحمان لدی,811762,6
67789,3303,موتورعلی بیت الهی,811765,6
67790,3303,مجتمع کشت وصنعت شهیدشیرمحمدی,811768,6
67791,3303,موتورانور قلندرزهی,811769,6
67792,3303,موتورنظر قلندرزهی,811770,6
67793,3303,موتورعبدل هوت,811771,6
67794,3303,موتور پرویز قلندرزهی,811772,6
67795,3303,موتورعلی شه بخش,811773,6
67796,3303,موتورحمید عبدالهی (بیت الهی ),811774,6
67797,3303,موتوررودین عبدالهی,811776,6
67798,3303,موتورحبیب عبدالهی,811777,6
67799,3303,موتورقدرت جمشیدزهی,811778,6
67800,3303,موتورناصر عبدالهی چاه شور,811779,6
67801,3303,موتورمهدی جمشیدزهی,811780,6
67802,3303,موتورحسین نارویی,811781,6
67803,3303,موتورحاجی یوسف ریگی,811784,6
67804,3303,موتورمهدی نارویی,811786,6
67805,3303,موتورغلام محمددانشمندی,811787,6
67806,3303,موتورمراد قلندرزهی,811788,6
67807,3303,موتورحاجی پرویز قلندرزهی,811789,6
67808,3303,موتور حاجی پیر بخش کبدانی,811790,6
67809,3303,موتورمحمدکبدانی(حبیب),811791,6
67810,3303,موتور حاجی خدارحم شه بخش,811792,6
67811,3303,موتور کریم کبدانی,811793,6
67812,3303,موتورزمان ریگی,811802,6
67813,3303,موتورحبیب کرم زهی,811804,6
67814,3303,چاه کلیر(چاه کنر),811807,6
67815,3303,موتور جنگی مکسانی,811864,6
67816,3303,موتورحاج غفور قلندرزهی,811869,6
67817,3303,کیامهرآباد,842060,6
67818,3303,موتورکریم علی,842202,6
67819,3303,نعمت آبادلدی,842203,6
67820,3303,موتورالله بخش بامری,842204,6
67821,3303,شهیدابراهیم بامری,842205,6
67822,3303,ناصرآبادبالا,842306,6
67823,3303,ناصرآبادپایین,842307,6
67824,3303,موتورموسی لدی,842310,6
67825,3303,موتورامان الله نوابی,842311,6
67826,3303,حاجی آبادچاه شور,842405,6
67827,3303,موتوربجارسپاهی,842427,6
67828,3303,مزرعه فدک,842442,6
67829,3303,موتورحاجی مهیم نارویی,911368,6
67830,3303,شهرک صنعتی,911603,6
67831,3303,موتورشهریار,911604,6
67832,3303,موتورخدامراد,911605,6
67833,3303,موتورعاشوربامری,911606,6
67834,3303,موتورغلامرضا,911607,6
67835,3303,موتورخالقداد,911608,6
67836,3303,موتورحاجی مهراب شهلی بر,911609,6
67837,3303,موتورلال بخش,911610,6
67838,3303,موتورقیمت عبدالهی,911611,6
67839,3303,موتورحمیدنارویی,911612,6
67840,3303,موتورحسن عبدالهی,911613,6
67841,3303,موتورحاجی ولی قلندرزهی,911614,6
67842,3303,موتوررحیم جمشیدزهی,911615,6
67843,3303,موتورشه قلی عبدالهی,911616,6
67844,3303,موتوراحمدعبدالهی,911617,6
67845,3303,موتورمحتاج بامری,911618,6
67846,3303,موتورجمعه جمشیدزهی,911619,6
67847,3303,موتورحمزه نارویی,911620,6
67848,3303,موتورچاه جنگال,911621,6
67849,3303,موتورحاجی سجادی,911622,6
67850,3303,موتورگمی عبدالهی,911623,6
67851,3303,موتورجوادبامری,911624,6
67852,3303,موتورولی محمدبامری,911625,6
67853,3303,موتورسامیر,911626,6
67854,3303,موتورسرهنگ کرد2,911627,6
67855,3303,موتورحاجی موسی سجادی3,911628,6
67856,3303,موتورمحمدرضامنصوری4,911629,6
67857,3303,موتورشهیدعلی معمار,911630,6
67858,3303,موتورحمیدمرادی,911631,6
67859,3303,موتوررحمان بامری,911632,6
67860,3303,موتورسیدمحمدحسینی,911633,6
67861,3303,موتورحاجی گل محمدشهلی بر,911634,6
67862,3303,موتورانورعبدالهی,911635,6
67863,3303,موتورعبدالواحدنارویی,911636,6
67864,3303,موتورعظیم,911637,6
67865,3303,موتورآتون,911638,6
67866,3303,موتورکریم بامری,911639,6
67867,3303,موتورچراغ شاه ولی بر,911640,6
67868,3303,چاه محمد,911641,6
67869,3303,موتورفرهنگ رزمپوش,911642,6
67870,3303,مهدی آباد,911643,6
67871,3303,موتورمهدی آوج ریگی,911644,6
67872,3303,چاه علی بامری,911645,6
67873,3303,موتورخدامرادبامری,911646,6
67874,3303,موتورجان محمد,911647,6
67875,3303,موتورعیسی بامری,911649,6
67876,3303,موتورحیاط,911650,6
67877,3303,موتورعیسی بامری(کندل),911651,6
67878,3303,موتورنبی بخش عبدالهی,911652,6
67879,3303,موتورحاتم عبدالهی,911653,6
67880,3303,موتورمگیربامری,911654,6
67881,3303,موتوربرکت عبدالهی,911655,6
67882,3303,موتوراسحق جمشیدزهی,911656,6
67883,3303,موتورنظرعبدالهی,911657,6
67884,3303,موتورولی محمدعبدالهی,911658,6
67885,3303,موتوررسول عبدالهی,911659,6
67886,3303,موتورپهلوان شه بخش,911660,6
67887,3303,موتوریارمحمدعبدالهی دلگان,911661,6
67888,3303,موتورجعفرهوت,911662,6
67889,3303,موتوردرویش,911663,6
67890,3303,موتورشه دوست,911664,6
67891,3303,موتورشیرمحمدبامری,911665,6
67892,3303,موتورحاجی گمی بامری,911666,6
67893,3303,موتورحاجی یوسف بامری,911667,6
67894,3303,موتوراورنگ عبدالهی,911668,6
67895,3303,موتورطاهرعبدالهی,911669,6
67896,3303,موتورعاشورعاشوری,911670,6
67897,3303,موتورجمل بامری,911671,6
67898,3303,موتورگل محمدعبدالهی,911672,6
67899,3303,موتورعلیا,911673,6
67900,3303,موتوررشیدخوشرو,911674,6
67901,3303,موتورمحمدعبدالهی گزگر,911675,6
67902,3303,موتورجعفربامری,911676,6
67903,3303,موتورمحمدبامری,911677,6
67904,3303,موتورمحمدعبدالهی,911678,6
67905,3303,موتورجهانگیرخوشرو,911679,6
67906,3303,موتوررحیم خوشرو,911680,6
67907,3303,موتوراورنگ زنگی,911681,6
67908,3303,موتورحسین بامری3,911682,6
67909,3303,موتورغلامحسین نارویی,911683,6
67910,3303,موتورکریم عبدالهی,911684,6
67911,3303,موتوراسحق عبدالهی,911685,6
67912,3303,موتورجنگی بامری,911686,6
67913,3303,موتورهمت عبدالهی,911687,6
67914,3303,موتورحسین بامری2,911688,6
67915,3303,موتورسعیدبامری,911689,6
67916,3303,موتورقادربخش بامری,911690,6
67917,3303,موتورامیربامری,911691,6
67918,3303,موتوراسلام نارویی,911693,6
67919,3303,موتورمحمدرضا بامری,911694,6
67920,3303,موتورمجیدشهلی بر,911695,6
67921,3303,موتوریوسف نارویی,911696,6
67922,3303,موتورقاسم بامری,911697,6
67923,3303,موتورخداخیرعبدالهی,911698,6
67924,3303,موتوراحمدبامری,911699,6
67925,3303,موتورخان محمدنارویی,911700,6
67926,3303,موتورقلندربامری1,911701,6
67927,3303,موتورقلندربامری2,911702,6
67928,3303,موتورخیرمحمددامنی,911703,6
67929,3303,موتورخیرمحمددامنی(محمدعبدالهی),911704,6
67930,3303,چاه محمد نارویی,911705,6
67931,3303,موتوردین محمدعبدالهی,911706,6
67932,3303,موتورکرم کرد,911707,6
67933,3303,موتورعبدالرحیم درنه,911709,6
67934,3303,موتورنورمحمد,911825,6
67935,3303,موتورموسی,911826,6
67936,3303,موتوربهادر,911827,6
67937,3303,موتورماهان نارویی (پرویز),911828,6
67938,3304,آب شیرین,185925,6
67939,3304,آبزان,185926,6
67940,3304,بنکل,185930,6
67941,3304,ده زیر,185964,6
67942,3304,سورک,185969,6
67943,3304,کهنک,185981,6
67944,3304,گوراگان,185989,6
67945,3304,گووس,185991,6
67946,3304,خسرین(وسرین),186048,6
67947,3304,هودیان,186049,6
67948,3304,هورکی,186050,6
67949,3304,هیدان,186051,6
67950,3304,هیر,186052,6
67951,3304,گوهر,410581,6
67952,3304,پاسگاه افضل آباد,410584,6
67953,3304,بن کوه,410586,6
67954,3304,سرنرران,410587,6
67955,3304,چاهک,410588,6
67956,3304,پوسکین,410589,6
67957,3304,کنار شیب,412482,6
67958,3304,دهدشت,412483,6
67959,3304,پشته پیرداد,412870,6
67960,3304,کلان,413164,6
67961,3304,چاتی کاشک,413165,6
67962,3304,چتک,413166,6
67963,3304,چیدگان,413167,6
67964,3304,گونفشگان,413168,6
67965,3304,سول(کهورحسین کشته),413171,6
67966,3304,چاتی,413172,6
67967,3304,کاشک,413173,6
67968,3304,زیارت,413175,6
67969,3304,زیارت حضرت عباس (ع ),416301,6
67970,3304,راسته ای,416339,6
67971,3304,دوکان کپت,416834,6
67972,3304,ده پرکک,416835,6
67973,3304,محمدآباد هیدان,811675,6
67974,3304,کلگ جنگان,842074,6
67975,3305,بالشتی,185929,6
67976,3305,جوی احمدخان(احمدآباد),185935,6
67977,3305,جوی درمحمد,185936,6
67978,3305,جوی موسی,185938,6
67979,3305,شهرک چاه اسحاق,185942,6
67980,3305,چاه تقی,185943,6
67981,3305,خالق آباد,185960,6
67982,3305,دهنو,185965,6
67983,3305,قاسم آباد,185974,6
67984,3305,موتورسیدی بامری چگرد,185994,6
67985,3305,کهوران طلو,186012,6
67986,3305,موتور اسفندیار,186027,6
67987,3305,موتورحاجی اصغر,186033,6
67988,3305,موتورقاسم نارویی,186036,6
67989,3305,موتورکرم شاه,186037,6
67990,3305,موتورحاج محمود نارویی,186039,6
67991,3305,میرآباد,186046,6
67992,3305,اسفند,187152,6
67993,3305,دراب(چهل کنار),187185,6
67994,3305,گردونان,187243,6
67995,3305,کلال ما(محمودآباد),187260,6
67996,3305,موتورپیربخش,410437,6
67997,3305,موتوربختیارزیارت,410440,6
67998,3305,چاه شور,410461,6
67999,3305,علی آباد(جوی شکری),410464,6
68000,3305,موتور ریاضی,410466,6
68001,3305,مگیری,410469,6
68002,3305,موتور ملا بلوچ (موتورحاجی حسن بامری),410470,6
68003,3305,موتورعلی(شاهپور),410471,6
68004,3305,موتور قاضی زاده,410472,6
68005,3305,موتوردوشنبه روشنی,410473,6
68006,3305,موتورحیدر,410474,6
68007,3305,موتورغلام(بامری),410475,6
68008,3305,موتورراشد,410476,6
68009,3305,موتور کرم بیک نارویی,410477,6
68010,3305,موتورشهیدجمعه,410479,6
68011,3305,موتور محمدمهدی سجادی,410480,6
68012,3305,میان بازار,410482,6
68013,3305,موتور ابراهیم کمال خان,410483,6
68014,3305,موتور قوس بخش,410484,6
68015,3305,موتور زبودی,410485,6
68016,3305,موتورنواب,410486,6
68017,3305,موتورحیدربگ,410487,6
68018,3305,زیارت چاه سنگک,410488,6
68019,3305,چاه حسین کریم خان,410489,6
68020,3305,موتورمهراب(مهری),410491,6
68021,3305,موتورپیرداد,410492,6
68022,3305,زیارت میرعمر,410493,6
68023,3305,میانجو,410495,6
68024,3305,کهنک,410496,6
68025,3305,مجتمع موتورهای چاه قجر,410497,6
68026,3305,موتورزهرانارویی,410498,6
68027,3305,موتورعباس,410501,6
68028,3305,شهدای هفت تیر,410502,6
68029,3305,موتورکندل,410504,6
68030,3305,موتورالک,410506,6
68031,3305,موتور مراد بهادری,410508,6
68032,3305,گوهرکیشان,410512,6
68033,3305,گزان,410513,6
68034,3305,پچهنوک,410514,6
68035,3305,کون بران,410515,6
68036,3305,چراغ آباد,410516,6
68037,3305,دراپ,410517,6
68038,3305,دمیتون بالا,410521,6
68039,3305,دمیتون پایین,410522,6
68040,3305,کال بالیک,410523,6
68041,3305,بن کم,410524,6
68042,3305,مچان,410525,6
68043,3305,کهورکان,410526,6
68044,3305,چاه بن سنگ,410527,6
68045,3305,موتورنقدی نارویی,412523,6
68046,3305,موتورناصرنارویی,412524,6
68047,3305,موتوراحمدنارویی زیارت,412526,6
68048,3305,موتورعبدل نارویی چاه اسحاق,412527,6
68049,3305,کمبارباقر,413179,6
68050,3305,موتورغلامعلی دهقانی,413182,6
68051,3305,کلوتان(موتور سعید بامری),413183,6
68052,3305,موتور رسول بخش فتیح محمد,413184,6
68053,3305,موتوربزرگ بامری(گل محمد),413185,6
68054,3305,موتورابراهیم میرزا خان,413187,6
68055,3305,موتور ملوک,413188,6
68056,3305,موتورامیرحسن بگ,413189,6
68057,3305,موتورهوشنگ بامری چگرد,413190,6
68058,3305,موتور محمدحسن نارویی,413191,6
68059,3305,موتورمحمدعلی(شیرمحمد),413192,6
68060,3305,موتور عیسی حیات,413193,6
68061,3305,موتور خیرمحمدقادرداد,413196,6
68062,3305,موتور نبادی,413197,6
68063,3305,زیارت مولاعلی(ع),413667,6
68064,3305,مجتمع کشت وصنعت شهید بهشتی(کمیته امدادسبز),414100,6
68065,3305,موتوراکبرشیرانی,414580,6
68066,3305,موتورپشک بامری,414582,6
68067,3305,موتور بالانچ,414583,6
68068,3305,سه بنی(سبونی),414989,6
68069,3305,موتورجنگی سابکی(سی ویک),414990,6
68070,3305,جهانگیرآباد,416295,6
68071,3305,شهرک درگیابند,416302,6
68072,3305,جنگلک,416303,6
68073,3305,موتورمهدی سالاری,416304,6
68074,3305,موتورمیرهوتی نارویی,416305,6
68075,3305,موتورعبدالرحمن نارویی,416306,6
68076,3305,موتورموسی نارویی چاه سنگک,416307,6
68077,3305,موتورشریف نارویی(گل محمد),416308,6
68078,3305,موتورشهدوست نارویی,416309,6
68079,3305,موتورموسی بامری پایین,416311,6
68080,3305,موتورقلی بگ,416312,6
68081,3305,موتوردرویش هوتی,811092,6
68082,3305,موتور امیر نارویی,811095,6
68083,3305,موتورشوکت نورالدینی,811794,6
68084,3305,موتورعلی بلوچی(چمل),811795,6
68085,3305,موتورحسین,811796,6
68086,3305,موتورحاجی نادر,811797,6
68087,3305,موتورکیهان,811798,6
68088,3305,موتورحاج احمد علیمرادی,811799,6
68089,3305,موتورآجدان,811800,6
68090,3305,موتورقوام بامری,811801,6
68091,3305,موتورجمعه نادری پور,811805,6
68092,3305,موتورمحمد نارویی میرزاخان,811806,6
68093,3305,موتورحاجی شیرمحمد(سلیمان),811808,6
68094,3305,موتوررمضان,811809,6
68095,3305,موتوردرمحمد علیمرادی,811810,6
68096,3305,باغ باغون,811811,6
68097,3305,موتورچراغک,811812,6
68098,3305,موتورچراغ دهنو,811813,6
68099,3305,موتورچهارشنبه,811814,6
68100,3305,موتورموسی بامری,811819,6
68101,3305,موتورشکرالله بامری(حشمت),811821,6
68102,3305,موتورجعفر بامری,811822,6
68103,3305,موتوررحمدل,811823,6
68104,3305,موتورشیردل (جلایی),811824,6
68105,3305,موتورپیر بخش کامکار,811825,6
68106,3305,موتورولی محمد,811826,6
68107,3305,موتورمیر دوست,811827,6
68108,3305,موتورخدابخش,811828,6
68109,3305,موتوردادکریم,811829,6
68110,3305,موتوراکبربامری,811832,6
68111,3305,موتورعیسی جهانگیر,811833,6
68112,3305,موتورمرادجهانگیر,811834,6
68113,3305,موتورانوربامری,811835,6
68114,3305,موتوریار محمد بامری,811836,6
68115,3305,موتورملابهرام,811837,6
68116,3305,موتورعبدل (جمعه بامری ),811838,6
68117,3305,موتور اسماعیل بامری,811839,6
68118,3305,موتوررضا,811840,6
68119,3305,موتورعباس بامری,811841,6
68120,3305,موتورعید بامری,811842,6
68121,3305,موتورسید حسن سجادی,811843,6
68122,3305,موتورگهرام نارویی,811844,6
68123,3305,موتوردادعباس نارویی,811845,6
68124,3305,شهرک حیدرآباد,811846,6
68125,3305,موتورعبدالرحمان,811847,6
68126,3305,موتورمحمد(نواب),811848,6
68127,3305,موتورمراد نارویی حیدرآباد,811849,6
68128,3305,موتورغلام حسین نارویی,811850,6
68129,3305,موتورروزخاتون,811851,6
68130,3305,موتورمحمد بامری,811852,6
68131,3305,موتورچراغ(مراد),811853,6
68132,3305,موتورخسرو نارویی,811854,6
68133,3305,موتور شفیع محمد بامری,811855,6
68134,3305,موتورسید رضا سجادی,811856,6
68135,3305,موتورعبدالواحدبامری,811857,6
68136,3305,موتورامان الله نارویی,811858,6
68137,3305,موتورابوالحسن نارویی روشنی,811859,6
68138,3305,موتورمریم بامری,811860,6
68139,3305,موتورمراد نارویی,811861,6
68140,3305,حسن آبادچگرد,811863,6
68141,3305,موتورشهدوست بامری,811865,6
68142,3305,موتورسرور بامری,811867,6
68143,3305,موتورغلامرضاسجادی(حاج موسی),811868,6
68144,3305,موتوربهروز,811870,6
68145,3305,موتورمیرزا نارویی,811871,6
68146,3305,موتورابراهیم عظیم,811872,6
68147,3305,موتورآسا بامری,811873,6
68148,3305,موتورمشهدی آسا نارویی,811874,6
68149,3305,موتورمیرک رییسی,811875,6
68150,3305,موتورچراغ میراسفندی پایین,811876,6
68151,3305,موتورعبدالله چاکر خان,811877,6
68152,3305,موتورسیدی سلیمان(ناصر),811878,6
68153,3305,موتورمجیب شیرانی,811879,6
68154,3305,موتوردادعباس نارویی خواه,811881,6
68155,3305,موتورمصری,811882,6
68156,3305,چاه نواب(موتورملنگ),811883,6
68157,3305,موتورشیبان نارویی,811884,6
68158,3305,موتورابراهیم زمان,811885,6
68159,3305,جلال آبادزیارت,811886,6
68160,3305,موتورابوالحسن جهانگیری,811887,6
68161,3305,جلال آباد,842002,6
68162,3305,موتورابراهیم نارویی ف زمان,842061,6
68163,3305,موتور حاج محمودنارویی سلیمان,842585,6
68164,3305,موتورکریمداد,911467,6
68165,3305,موتورگل محمدنارویی,911468,6
68166,3305,موتوردکال,911469,6
68167,3305,موتورخسرو,911470,6
68168,3305,موتورپیشک(بامری),911472,6
68169,3305,علم بیک آباد,911479,6
68170,3305,موتورموبلا(محمد),911481,6
68171,3305,موتورغلامحسین نارویی,911482,6
68172,3305,موتورعلم بیک نارویی,911483,6
68173,3305,موتورنصرت راسخی پور,911484,6
68174,3305,موتورچاکر,911485,6
68175,3305,موتورشماره10,911486,6
68176,3305,موتوریداله,911487,6
68177,3305,موتورعبدل,911488,6
68178,3305,موتورملنگ قنبری,911489,6
68179,3305,موتوردولت بامری(پسوند),911490,6
68180,3305,موتورجوادبامری,911491,6
68181,3305,موتورشیردل,911492,6
68182,3305,موتورمحمدبامری(نادر),911493,6
68183,3305,موتورتاج محمد,911494,6
68184,3305,موتوردادمحمدمحمدزهی,911495,6
68185,3305,موتورسیدی بامری,911496,6
68186,3305,موتورلال بخش بامری,911497,6
68187,3305,موتورنبی بخش بامری(عبداله),911498,6
68188,3305,موتوردرویش بامری,911499,6
68189,3305,موتوراسلام بامری,911500,6
68190,3305,موتورگل محمدبامری(زبودی),911501,6
68191,3305,موتورمحمود(سلیمان),911502,6
68192,3305,موتورمیردوست بامری لال,911504,6
68193,3305,موتورعیسی بامری,911505,6
68194,3305,موتورمحتاج بامری,911506,6
68195,3305,موتورمحمدبامری پیروز,911507,6
68196,3305,موتورپیربخش حاتم,911508,6
68197,3305,موتورابراهیم بامری(گل محمد),911509,6
68198,3305,موتورمختار,911510,6
68199,3305,موتورجلال جهانگیری,911511,6
68200,3305,موتورجنگی(پوتار),911512,6
68201,3305,موتورموسی بامری(کریم),911513,6
68202,3305,موتورکهوربامری,911514,6
68203,3305,موتورغلام(مراد),911515,6
68204,3305,موتورخیرمحمد(رحمدل),911516,6
68205,3305,موتورکنارحیدربیگی,911517,6
68206,3305,موتورعیسی نارویی,911518,6
68207,3305,موتورهوشنگ بامری,911519,6
68208,3305,موتوردولاب,911520,6
68209,3305,موتوربهادر(علم)بامری عالی,911521,6
68210,3305,گلنبات,911522,6
68211,3305,موتورحیدرشهرک,911523,6
68212,3305,موتورسهراب شهرک,911524,6
68213,3305,موتورابوالحسن جهانگیری نبادی,911525,6
68214,3305,موتورشیرمحمدبامری,911526,6
68215,3305,موتوربلوچ نارویی,911527,6
68216,3305,مجتمع خانه های نبادی,911528,6
68217,3305,موتورغلام,911529,6
68218,3305,موتورموسی نارویی,911530,6
68219,3305,موتورمهدی نارویی,911531,6
68220,3305,موتوربختیار,911532,6
68221,3305,موتورمهیم,911533,6
68222,3305,موتورپکیر,911534,6
68223,3305,موتورشیرمحمد,911535,6
68224,3305,موتورشه مراد,911536,6
68225,3305,موتورعیسی,911537,6
68226,3305,موتورابوالحسن نارویی,911538,6
68227,3305,موتورمختارزیارت,911539,6
68228,3305,موتورچنگیز,911540,6
68229,3305,موتورمراد,911541,6
68230,3305,موتورپکیر(رستم)گلدشت چاه لفتک,911542,6
68231,3305,موتورحسن بامری(امیر)گلدشت چاه لفتک,911543,6
68232,3305,موتوردادعباس نارویی گلدشت چاه لفتک,911544,6
68233,3305,موتورعلی دادنارویی,911545,6
68234,3305,موتورنورمحمدبامری زاده,911546,6
68235,3305,موتورمحمددادمحمد,911547,6
68236,3305,موتورمحمدکرم بیک,911548,6
68237,3305,موتورعبدل نارویی,911549,6
68238,3305,زگشت آباد(موتورصابررییسی),911550,6
68239,3305,چاه خیرمادلی(نواب),911551,6
68240,3305,موتورمیرخان(چاه کاش),911552,6
68241,3305,رییس آباد,911553,6
68242,3305,چکورآبادچاه(دادعباس),911554,6
68243,3305,چاه خرم هوتی,911555,6
68244,3305,چاه اسحق(موتورکرمشاه),911556,6
68245,3305,چاه گهرام,911557,6
68246,3305,موتورمرادخان,911558,6
68247,3305,موتورحبیب دادخدایی,911559,6
68248,3305,موتورپیردادبهادری(موسی شیرانی),911560,6
68249,3305,مجتمع موتورهای سپاه,911561,6
68250,3305,موتورعلی نارویی(حسن کرمشاه),911562,6
68251,3305,خانه های خدارحم نارویی,911563,6
68252,3305,موتورحسین کریم خان,911564,6
68253,3305,موتورچراغ میراسفندی,911565,6
68254,3305,موتورجان محمدامیریان,911566,6
68255,3305,موتورعیدو,911567,6
68256,3305,موتورشریف علم,911568,6
68257,3305,موتورلال محمدسالاری,911569,6
68258,3305,موتورشه مراد(شیخ محمد),911570,6
68259,3305,گوگایی(موتورچاکرنارویی),911571,6
68260,3305,موتورسهراب,911572,6
68261,3305,موتورکیهان(بهرام),911573,6
68262,3305,موتورمریم نارویی نژاد(ابراهیم),911574,6
68263,3305,موتوراحمدنارویی,911575,6
68264,3305,موتوریعقوب,911576,6
68265,3305,قنات دادعباس نارویی(گل آباد),911577,6
68266,3305,جان آباد,911578,6
68267,3305,صابونک,911579,6
68268,3305,بن جوی سلیم,911580,6
68269,3305,موتوردادرحمان,911581,6
68270,3305,موتورحضور,911582,6
68271,3305,موتورشهباز,911583,6
68272,3305,موتورچراغ,911584,6
68273,3305,موتورشهدوست,911585,6
68274,3305,موتور رستم علیمرادی,911586,6
68275,3305,موتورپیردادچاه قجر,911587,6
68276,3305,موتورخانک,911588,6
68277,3305,موتوربرکت علیمرادی,911823,6
68278,3306,ده مویی,185963,6
68279,3306,رگیتی,185966,6
68280,3306,احمدآبادگورک,185990,6
68281,3306,مندبالا,186017,6
68282,3306,مندسفلی(رب یک),186018,6
68283,3306,چاه علی,186081,6
68284,3306,دولابکان,186215,6
68285,3306,موتورخدامراد,410434,6
68286,3306,چادنک,410435,6
68287,3306,موتوربهزادی,410436,6
68288,3306,لال بخش نارویی,410438,6
68289,3306,موتورشنبه نارویی(لال بخش),410439,6
68290,3306,گردساربانوک(چاه حسینک),410442,6
68291,3306,چاه حسین,410443,6
68292,3306,جان آباد,410543,6
68293,3306,موتورمهیم نارویی,416288,6
68294,3306,دروازه(موتورجان محمدبامری),416289,6
68295,3306,موتور خدابخش بامری,416290,6
68296,3306,ساربان ده مویی,416291,6
68297,3306,موتورچاکرتاشکی,416292,6
68298,3306,نواب آباد,416293,6
68299,3306,موتورمرادنارویی,416294,6
68300,3306,موتورشاه علی نارویی,416296,6
68301,3306,موتوررستم نارویی,416297,6
68302,3306,موتور محمد نارویی,711548,6
68303,3306,موتورموسی عبدالهی,711549,6
68304,3306,موتور عیسی عبدالهی,711551,6
68305,3306,علی آباد,811097,6
68306,3306,موتورشریف شه بخش,811803,6
68307,3306,موتورفاطمه عبدالهی,811991,6
68308,3306,موتورکریم عبدالهی,811992,6
68309,3306,موتورحاجی نارویی,842059,6
68310,3306,چاه جلب,842592,6
68311,3306,موتورحسین,911163,6
68312,3306,موتوراله بخش نارویی,911164,6
68313,3306,موتورمحمدنارویی,911165,6
68314,3306,موتورملک محمدنارویی,911166,6
68315,3306,موتورایوب نارویی,911167,6
68316,3306,موتورعبدالکریم نارویی,911168,6
68317,3306,موتورهیبت,911169,6
68318,3306,موتورنورمحمد,911170,6
68319,3306,موتورعبدالرحیم,911171,6
68320,3306,چاه مصباح آباد,911172,6
68321,3306,موتوررحمدل,911173,6
68322,3306,موتورحاجی موسی,911174,6
68323,3306,موتورشاهپورنارویی,911175,6
68324,3306,سورو,911176,6
68325,3306,موتورپری خاتون(علی),911589,6
68326,3306,موتورسیدمحمدنارویی,911590,6
68327,3306,موتورعبدی(دین محمد),911591,6
68328,3306,موتورفقیرمحمدنارویی,911592,6
68329,3306,موتورنبی بخش نارویی,911593,6
68330,3306,چاه شیر محمد,911594,6
68331,3306,موتوراحمدنارویی,911595,6
68332,3306,موتوربختیار,911596,6
68333,3306,موتورپیربخش,911597,6
68334,3306,موتوردر محمد نارویی,911598,6
68335,3306,موتورشهاب زین الدینی,911599,6
68336,3306,موتورعلم(دین محمد),911600,6
68337,3306,موتورنقدی,911601,6
68338,3306,موتوریارمحمد,911602,6
68339,3307,آذرآباد,185927,6
68340,3307,باغ نیل,185928,6
68341,3307,موسوی,186042,6
68342,3307,خیرآباد,410451,6
68343,3307,مزرعه علی آباد,410452,6
68344,3307,شکرآباد,410453,6
68345,3307,کچک(کوچک),410454,6
68346,3307,دهمیر,410457,6
68347,3307,قادرآباد (ده کود),410458,6
68348,3307,چاه بجار,410459,6
68349,3307,مزرعه جان محمددلگان,410460,6
68350,3307,چاه شورک,410494,6
68351,3307,موتورکی ماس(جلال),412450,6
68352,3307,موتورمهدی,412451,6
68353,3307,حسن آباد,412453,6
68354,3307,نلوکی,412455,6
68355,3307,حسین آباد باغ نیل,413177,6
68356,3307,شهرک حسین آباد(گرون),413180,6
68357,3307,چاه لوکک,413181,6
68358,3307,بهشت آبادموسوی,414991,6
68359,3307,جوی دادمحمد,415019,6
68360,3307,علی آباد,416283,6
68361,3307,موتور خرم هوتی,416284,6
68362,3307,شمس آباد(چاه شورک),416285,6
68363,3307,موتورخالدنارویی,416286,6
68364,3307,نوک آباد,416313,6
68365,3307,توکل آباد(چاه دمیل),416826,6
68366,3307,موتورمحتاج نارویی نورالدینی,811091,6
68367,3307,موتوراورنگ هوتی,811093,6
68368,3307,موتورنور بخش حیدرزهی,811815,6
68369,3307,موتوردرویش هوتی شهرک,811862,6
68370,3307,بهشت آباد,911457,6
68371,3307,موتورولی نارویی,911458,6
68372,3307,موتورخدامراد,911459,6
68373,3307,موتورعلی(حسین آباد),911460,6
68374,3307,موتوراحمدرییسی فرد,911461,6
68375,3307,موتوردین محمدشهرک,911462,6
68376,3307,موتورحسن,911463,6
68377,3307,موتوراسماعیل هوتی,911464,6
68378,3307,موتورمحتاج نارویی,911465,6
68379,3307,موتوراله بخش,911466,6
68380,3307,موتورعبداله حیدرزهی,911474,6
68381,3307,موتوردین محمد,911475,6
68382,3307,موتورابراهیم,911476,6
68383,3307,موتوررستم,911477,6
68384,3307,ده کود,911478,6
68385,3307,موتورتاج محمدشهرک,911480,6
68386,3308,اب گوراندان(کی پوست),189432,6
68387,3308,تولکان,189439,6
68388,3308,درنگ عاشق,189441,6
68389,3308,زیردان,189446,6
68390,3308,سرنجدانی,189448,6
68391,3308,شک شیچی,189451,6
68392,3308,کله گوش,189456,6
68393,3308,گونکن,189464,6
68394,3308,مانش,189465,6
68395,3308,مدوحک,189466,6
68396,3308,اسپیدان,189468,6
68397,3308,اناری,189469,6
68398,3308,چرپانک,189474,6
68399,3308,داربست,189476,6
68400,3308,سورگو,189485,6
68401,3308,گری,189490,6
68402,3308,گزاولی,189495,6
68403,3308,ندریتان,189505,6
68404,3308,کاسمی(میلان),189510,6
68405,3308,پایگاه انتظامی,198312,6
68406,3308,هوت عمر,198313,6
68407,3308,بی سیم بیرک,198315,6
68408,3308,پرکن,198319,6
68409,3308,پیرآباد,198321,6
68410,3308,تل,198322,6
68411,3308,چگرد,198329,6
68412,3308,حاجی آباد,198330,6
68413,3308,سیدآباد,198341,6
68414,3308,شهردراز,198343,6
68415,3308,عزیزآباد,198344,6
68416,3308,قادرآباد,198345,6
68417,3308,کاشکایی,198347,6
68418,3308,کریم آباد,198351,6
68419,3308,کلگ,198354,6
68420,3308,کلاتک,198355,6
68421,3308,کوران,198357,6
68422,3308,کوپاره,198360,6
68423,3308,کهن تاج محمد,198361,6
68424,3308,کهن چراغ,198363,6
68425,3308,کهن حسین پایین,198366,6
68426,3308,کهن رسول بخش,198367,6
68427,3308,کهن شاه سلیم,198369,6
68428,3308,کهن مگار,198377,6
68429,3308,کهن ملا,198379,6
68430,3308,کیکی,198380,6
68431,3308,گورابک,198385,6
68432,3308,ماهانی,198389,6
68433,3308,منظوری,198392,6
68434,3308,میانی,198393,6
68435,3308,ناگ,198396,6
68436,3308,ناگان بالا,198397,6
68437,3308,نورآباد,198400,6
68438,3308,نوکجو,198401,6
68439,3308,چشمه هان,198405,6
68440,3308,هیزآبادبالا,198406,6
68441,3308,هیزآبادپایین,198407,6
68442,3308,افضل آبادپایین,198793,6
68443,3308,افضل آبادبالا,198794,6
68444,3308,سردر,198807,6
68445,3308,شیرآباد,198813,6
68446,3308,کهن کهور,198822,6
68447,3308,گوجر,410194,6
68448,3308,زبرک,410195,6
68449,3308,سرترونان,410196,6
68450,3308,پتکن,410197,6
68451,3308,سبتان,410199,6
68452,3308,پیران,410200,6
68453,3308,گورکاون,410266,6
68454,3308,زمینکان,410267,6
68455,3308,کل گذری,410268,6
68456,3308,سنگلک,412017,6
68457,3308,ترادان,412019,6
68458,3308,کهن پسند,412020,6
68459,3308,کتینکان بالا,412021,6
68460,3308,چشمه رستم,412022,6
68461,3308,پل آباد,412024,6
68462,3308,مرادآباد,412025,6
68463,3308,سرکهوران,412027,6
68464,3308,بی دی,412028,6
68465,3308,هتک,412029,6
68466,3308,ملاابراهیم (خلیل آباد),412030,6
68467,3308,کشک,412032,6
68468,3308,چاه محمدکریمداد,412033,6
68469,3308,تاسیان,412034,6
68470,3308,شهیدان,412497,6
68471,3308,دراجین دن,412500,6
68472,3308,گروک,413075,6
68473,3308,پنسن,413106,6
68474,3308,افضل آبادوسطی,413766,6
68475,3308,علی آبادچگرد,413770,6
68476,3308,موتورحکیم گوری,413772,6
68477,3308,موتورپمپ نیازدینری,413773,6
68478,3308,کهن مراد,413775,6
68479,3308,کلچات,413776,6
68480,3308,کهن علی محمد(سوراب خداآباد),413777,6
68481,3308,کهن امام بی بی سوراپ(رحمت آباد),413778,6
68482,3308,سرخ گزی,413779,6
68483,3308,کهن گل محمد,413780,6
68484,3308,بهرآبادکریم آباد,413785,6
68485,3308,چاه الله بخش,413787,6
68486,3308,شهرک صنعتی,413788,6
68487,3308,مندین گز,414055,6
68488,3308,راست آباد,414102,6
68489,3308,گلک,414958,6
68490,3308,تل کوشان,415335,6
68491,3308,گورناگ,415336,6
68492,3308,برزین دن,415337,6
68493,3308,پیره چاه,416736,6
68494,3308,تاسیان بالا(مرادآباد),416737,6
68495,3308,اسلام آباد,416738,6
68496,3308,درمشوکی,416739,6
68497,3308,کلاکوهم,416849,6
68498,3308,جلال آباد,416850,6
68499,3308,سی کروک,711340,6
68500,3308,گاوداری بارکزهی,711341,6
68501,3308,بازارعلم,711342,6
68502,3308,مزرعه آموزشی پیرچاه,711343,6
68503,3308,منطقه مسکونی مزرعه آموزشی,711344,6
68504,3308,موتورسلیمان شیخ زهی,711345,6
68505,3308,چاه سیدلال بخش,711346,6
68506,3308,تل اسلام آباد,711347,6
68507,3308,میدر,711348,6
68508,3308,شهرک جدیدکهن کهور,711349,6
68509,3308,موتورجمعه آزادی,711350,6
68510,3308,موتورچاکرجمشیدزهی,711351,6
68511,3308,چاه امیردامنی,711352,6
68512,3308,چاه کرم بیک,711353,6
68513,3308,بازارمولاداد,711354,6
68514,3308,گورناک بالا(هلک صفر),711355,6
68515,3308,دوکی(هلک اعظم),711356,6
68516,3308,بازارحسین,711357,6
68517,3308,مزرعه خوشاب,711358,6
68518,3308,ناگان کاشکایی,711359,6
68519,3308,کاشکایی پایین,711360,6
68520,3308,اسلام آبادکاشکایی,711361,6
68521,3308,پرکان زمین,711362,6
68522,3308,گیتوک مانش,711363,6
68523,3308,هندشریکی,711364,6
68524,3308,کله دین,711365,6
68525,3308,کرمی,711366,6
68526,3308,نلی,711367,6
68527,3308,سرخ تکی,711368,6
68528,3308,ناگان,711372,6
68529,3308,نیلکوک,711373,6
68530,3308,گیتوک,711374,6
68531,3308,پی تاب,711375,6
68532,3308,بن کوه(برهان),711403,6
68533,3308,مرغداری صاحب ریگی(تعاونی مهرشماره4),711918,6
68534,3308,چاه گوری,711919,6
68535,3308,مرغداری اربابی,711920,6
68536,3308,چاه اقبال لاهوری چگرد,711921,6
68537,3308,موتورحاج عبداله,711922,6
68538,3308,چاه ملاخیرمحمدحسین زایی,711923,6
68539,3308,چاه چاکرسندکزهی,711924,6
68540,3308,چوگان,711954,6
68541,3308,گرمیرخادم(هلک بهزاد),811246,6
68542,3308,زمینکان بالا,842105,6
68543,3308,محمدآباد,842224,6
68544,3308,سوراپ,842225,6
68545,3308,چاه حاج ملک محمد,842226,6
68546,3308,چاه رحمدل,842227,6
68547,3308,میدرکنارو,842259,6
68548,3308,خیرآباد,842268,6
68549,3308,چاه شنبه گوری,842438,6
68550,3308,آواران,842470,6
68551,3308,پی تاب(کمال آباد),911974,6
68552,3309,پیرگزان,189298,6
68553,3309,کل گری,189324,6
68554,3309,کاشنوک,198814,6
68555,3309,گدامدر,198824,6
68556,3309,گوری,198827,6
68557,3309,مولتان,198828,6
68558,3309,زیارت,410055,6
68559,3309,کلک علیا,410057,6
68560,3309,بلندان,410058,6
68561,3309,تودان,410059,6
68562,3309,شیب(تل),410061,6
68563,3309,زرد,410063,6
68564,3309,شمس آباد(کلان سورک),410184,6
68565,3309,دهی,410185,6
68566,3309,سورک,410186,6
68567,3309,چتوک,410187,6
68568,3309,تود,410188,6
68569,3309,سیاه کهور,410190,6
68570,3309,گربک,410191,6
68571,3309,میرزاآباد,410192,6
68572,3309,سکوک,410193,6
68573,3309,زاتان وری,413074,6
68574,3309,گتان,413765,6
68575,3309,سرتل,414038,6
68576,3309,پرچک,414039,6
68577,3309,ترادک,414141,6
68578,3309,ناگ پهن بالا,414568,6
68579,3309,گوندان,416740,6
68580,3309,رهتوک,416741,6
68581,3309,پل آباددازن,711376,6
68582,3309,دودر(پودگی),711377,6
68583,3309,چاه کشاورزی تربت (دری خان ),711809,6
68584,3309,شیزونک,711810,6
68585,3310,افشان,188538,6
68586,3310,بگن,188540,6
68587,3310,پتکان,188542,6
68588,3310,ترادان,188544,6
68589,3310,دورتوم,188553,6
68590,3310,خالی کنار(شیب جو),188558,6
68591,3310,صالح آباد,188559,6
68592,3310,کله گوک,188562,6
68593,3310,کیکی,188563,6
68594,3310,لد,188568,6
68595,3310,سری ناهوکان,188575,6
68596,3310,ملک آباد,188588,6
68597,3310,ناوکان,188591,6
68598,3310,وشکان چان,188592,6
68599,3310,سوخته گز,410041,6
68600,3310,مورت انجیر,410042,6
68601,3310,چرپان شیب,416480,6
68602,3310,بید,416510,6
68603,3310,سگارتل,416511,6
68604,3310,برنجکان,711454,6
68605,3310,شیخک,711455,6
68606,3310,بارگین دن,711456,6
68607,3310,مزرعه عبدالرحمان کریم زایی,711457,6
68608,3310,کله گوک پایین,711494,6
68609,3310,غریب آباد,711506,6
68610,3310,کوت,711925,6
68611,3310,گولویی دن(نوک آباد),811676,6
68612,3311,ایرافشان,188657,6
68613,3311,دازاندر,188671,6
68614,3311,سورگان,188678,6
68615,3311,کلویی,188682,6
68616,3311,کلان,188683,6
68617,3311,کهناب,188687,6
68618,3311,گزااوز,188688,6
68619,3311,وشنا,188721,6
68620,3311,ودگر(حاجی آباد),410000,6
68621,3311,کلگی کش,410001,6
68622,3311,نوک بند,410002,6
68623,3311,پدگان,410004,6
68624,3311,کولک,410009,6
68625,3311,سرکلاندن,410010,6
68626,3311,کوه زیری,410023,6
68627,3311,جرن,410024,6
68628,3311,انگوری,410026,6
68629,3311,دربندی,410027,6
68630,3311,چشمه گر,410028,6
68631,3311,گورتاب,410029,6
68632,3311,نل بست,410030,6
68633,3311,حنسان,410031,6
68634,3311,پاسگاه نیروی انتظامی ایرافشان,410036,6
68635,3311,ویگ دپ,414943,6
68636,3311,دشتک پایین,414944,6
68637,3311,حسن آباد,416393,6
68638,3311,گتان دن,711447,6
68639,3311,شمس آباد,711448,6
68640,3311,جری دن,711449,6
68641,3311,میتک بلوچ(انور),711450,6
68642,3311,عباس آباد,711451,6
68643,3311,کتان,711452,6
68644,3311,میتگ برکت,711666,6
68645,3311,کریم آباد,711667,6
68646,3311,حلک دین محمد,711668,6
68647,3311,حلک خیرمحمد,711669,6
68648,3311,دودر,842267,6
68649,3312,انجیروک,198310,6
68650,3312,پرت آباد,198318,6
68651,3312,پوزک,198320,6
68652,3312,چاهوک,198326,6
68653,3312,رزی,198333,6
68654,3312,رگنتوک,198334,6
68655,3312,ساندک,198338,6
68656,3312,سیاه اتفاق پایین,198340,6
68657,3312,کلان کورد,198356,6
68658,3312,کهن جان محمد,198362,6
68659,3312,کهن فیروز,198374,6
68660,3312,کهن کریم بخش,198375,6
68661,3312,گلمی,198384,6
68662,3312,ممی,198391,6
68663,3312,ندان,198398,6
68664,3312,پیرچاه,198399,6
68665,3312,لشکران پایین,412046,6
68666,3312,اسلام آبادچاهوک,412047,6
68667,3312,حنیا,412048,6
68668,3312,کهن ملا,412049,6
68669,3312,نرم,412056,6
68670,3312,زهکان,412057,6
68671,3312,کانی گان,412058,6
68672,3312,گتان(دره سبز),412059,6
68673,3312,نوک آباد,413803,6
68674,3312,کلاتک,413804,6
68675,3312,ناگ پودک,413806,6
68676,3312,مزرعه محمدبخش کرد,413807,6
68677,3312,سرتاپی,415341,6
68678,3312,انگوری,416733,6
68679,3312,لشکران بالا,416734,6
68680,3312,داربست,416865,6
68681,3312,چشمه کریم بخش,416866,6
68682,3312,موتورصالح گوری,711461,6
68683,3312,اسلام آباد,711462,6
68684,3312,چاه جلایی,711463,6
68685,3312,موتورقنات نرم,711464,6
68686,3312,چاه محمدحسن,711465,6
68687,3312,اله آباد,711466,6
68688,3312,نرم گران(حلک محمدرحیم),711467,6
68689,3312,پیش کرمان(حلک حسن),711468,6
68690,3312,چاه جان محمد,711469,6
68691,3312,موتورحسن عبدل زهی,711470,6
68692,3312,موتوررحمدل عبدل زهی,711471,6
68693,3312,شهیدان,711472,6
68694,3312,چاه حسین عبدل زهی,711473,6
68695,3312,دره موسی,842206,6
68696,3312,سران طاووس,842228,6
68697,3312,هلک دادمحمد(تیردانی),842260,6
68698,3312,نورآباد,842342,6
68699,3312,جلال آباد,842369,6
68700,3312,نذیرآباد,842370,6
68701,3312,کنارآزاد,842558,6
68702,3313,پتکوک,198317,6
68703,3313,جنوک,198324,6
68704,3313,چاه ملاگل محمد,198325,6
68705,3313,چدبالا,198327,6
68706,3313,چدپایین,198328,6
68707,3313,ذهنرو,198337,6
68708,3313,کوسیجی,198359,6
68709,3313,گرسمان بالا,198381,6
68710,3313,گرسمان پایین,198382,6
68711,3313,گل میرک,198383,6
68712,3313,گیتانی,198386,6
68713,3313,لدخوکان,198387,6
68714,3313,مانش,198388,6
68715,3313,کتوکان,412050,6
68716,3313,چشمه علی,412051,6
68717,3313,ناصرآباد,412052,6
68718,3313,هناران,412053,6
68719,3313,کهن سیدمحمدبختی,412054,6
68720,3313,کمال آباد,412055,6
68721,3313,مموک,415339,6
68722,3313,سوروک,415340,6
68723,3313,بختی بالا(درمحمد),416861,6
68724,3313,کلاته حاجی رضا,595967,6
68725,3313,نلوکی,711458,6
68726,3313,پنچ لوپان(نورآباد),711459,6
68727,3313,گلیان,711460,6
68728,3313,زردین گر,811250,6
68729,3313,سهرتمپ,811251,6
68730,3313,کله چات,811252,6
68731,3313,چشمه سلیم,811253,6
68732,3313,هلک ابراهیم,842261,6
68733,3313,گون گوشی,842308,6
68734,3314,آپاتان,198637,6
68735,3314,اسلام آباد,198639,6
68736,3314,کوره بهرام بلوچ زهی,198646,6
68737,3314,چاه زین الدین,198647,6
68738,3314,چاه رسول بخش,198654,6
68739,3314,چاه شیرخان,198656,6
68740,3314,چاه ملاعیسی,198661,6
68741,3314,چاه ملافخرالدین,198662,6
68742,3314,چاه حاجی کریم(رزاق آباد),198668,6
68743,3314,حکیم آباد,198670,6
68744,3314,دهان,198675,6
68745,3314,ریگچی پایین,198677,6
68746,3314,ریگچی بالا,198678,6
68747,3314,ریگچی وسط,198679,6
68748,3314,زیارت,198680,6
68749,3314,شکبند,198686,6
68750,3314,ککی,198690,6
68751,3314,کهن کرمشاه,198697,6
68752,3314,کهن کرمشاهک,198698,6
68753,3314,کهن ملا,198700,6
68754,3314,کهنگ,198703,6
68755,3314,گنک,198706,6
68756,3314,گورکایین,198708,6
68757,3314,مرگوک,198711,6
68758,3314,ستارآباد,411972,6
68759,3314,مگز,411974,6
68760,3314,قادرآباد,411975,6
68761,3314,گزمرگرک,411976,6
68762,3314,غریب آباد,411979,6
68763,3314,چاه مولامحمد,411987,6
68764,3314,چاه وحدت,412755,6
68765,3314,چاه حسین آباد,412757,6
68766,3314,چاه گلشن آباد,412758,6
68767,3314,چاه عبدالرحمن ملکزاده,412759,6
68768,3314,کوره حاج غلام شیخ زاده,412761,6
68769,3314,چاه حاجی کریم بزرگ زاده,413747,6
68770,3314,چاه عظیم,413749,6
68771,3314,چیردیم رحمت آباد,413750,6
68772,3314,چاه نبی بخش,414129,6
68773,3314,چاه محمدرحیم,414130,6
68774,3314,کوره ملک پیرزهی,414131,6
68775,3314,کوره مهیم کدخدازاده,414132,6
68776,3314,کوره ولی محمد خاشی,414133,6
68777,3314,کوره حاج امان الله(دکترملک فاضلی),414134,6
68778,3314,کوره نظرمحمد پیام,414135,6
68779,3314,کوره حاج کریم بخش بیجارزهی,414136,6
68780,3314,کوره مرادبخش دهواری,414137,6
68781,3314,چاه نظرمحمد(یاسرآباد),414807,6
68782,3314,چاه کرشانیان,414808,6
68783,3314,کوره محمدصالح جنگی زهی,414809,6
68784,3314,کوره ضیاء رحیمی,414811,6
68785,3314,چاه فیض محمد,415324,6
68786,3314,ده زندی,416760,6
68787,3314,کوره آهک عبدالواحد دهواری,416763,6
68788,3314,چاه حاجی غلام شاه,711498,6
68789,3314,چاه فاضلی,711600,6
68790,3314,مرغداری شیردل,711779,6
68791,3314,کوره محمد صالح جنگی زهی,711780,6
68792,3314,گواده,711927,6
68793,3314,سرخ مکی(سهرمکی),711928,6
68794,3314,گاوداری دهقان,711929,6
68795,3314,توزگی,711932,6
68796,3314,کلگ حسن,842003,6
68797,3314,علی آباد,842004,6
68798,3314,چاه گروک,842005,6
68799,3314,ترادان,842006,6
68800,3314,کنتی در,842321,6
68801,3315,امین آباد,198640,6
68802,3315,چاه ادنیه,198643,6
68803,3315,چاه آسیابی,198645,6
68804,3315,چاه بیست ودوبهمن,198648,6
68805,3315,13آبان(چاه نیازمحمد),198649,6
68806,3315,چاه حاجی عباس,198651,6
68807,3315,چاه حسن,198653,6
68808,3315,چاه شیروان,198657,6
68809,3315,چاه قدرت,198658,6
68810,3315,چاه حاجی میرهان,198659,6
68811,3315,چاه محمودکلاتکی,198660,6
68812,3315,چاه حاجی جان محمد,198664,6
68813,3315,چاه امیر,198667,6
68814,3315,دولت آباد(چاه فولاد),198673,6
68815,3315,رحمت آباد,198676,6
68816,3315,شندان,198687,6
68817,3315,کمال آباد,198693,6
68818,3315,کناری,198694,6
68819,3315,چاه لال محمددهانی,198704,6
68820,3315,نورآباد,198714,6
68821,3315,چاه قنبرک,198731,6
68822,3315,چاه غلام شاه,411981,6
68823,3315,چاه قندهار(حاجی ون گوش),411988,6
68824,3315,چاه جلال,411989,6
68825,3315,چاه پلی,411990,6
68826,3315,چاه یارمحمد,411991,6
68827,3315,چاه سرگرد,411995,6
68828,3315,چاه شیرمحمد,411998,6
68829,3315,شمس آباد,411999,6
68830,3315,چاه عیسی زهی,412000,6
68831,3315,چاه جمعه خان,412001,6
68832,3315,چاه اعظم,412002,6
68833,3315,سیادک(چاه اله یار),412767,6
68834,3315,کوره میرمرادزهی(حکیم),414138,6
68835,3315,چاه دادخدا,415327,6
68836,3315,نجم آباد,415328,6
68837,3315,بازار جمعه خان(کمبرک),416770,6
68838,3315,چاه حاجی عباس1,416771,6
68839,3315,مرغداری حیدری,416772,6
68840,3315,چاه حسین شهرکی(وحدت آباد),416773,6
68841,3315,چاه مینگلان (چاه محراب دهانی ),416781,6
68842,3315,چاه موسی عزت,711500,6
68843,3315,مرادآباد,711501,6
68844,3315,کریم آباد(چاه بلوچ زهی),711502,6
68845,3315,گاوداری عیسی زهی,711503,6
68846,3315,چاه حبیب,711504,6
68847,3315,عزیزآباد,711505,6
68848,3315,چاه اله داد,711778,6
68849,3315,چاه رحیمی,711936,6
68850,3315,چاه امانی(امانی),842007,6
68851,3315,چاه ولی داد,842557,6
68852,3316,کلگ ادرناگ,198867,6
68853,3316,بدان(بودان),198872,6
68854,3316,پلنگی ادرناگ,198882,6
68855,3316,پینک,198884,6
68856,3316,پیرایی بالا,198885,6
68857,3316,پیرایی پایین,198886,6
68858,3316,چشمک,198891,6
68859,3316,چگرد,198892,6
68860,3316,چها تاکان,198893,6
68861,3316,دپکور,198899,6
68862,3316,زهک,198907,6
68863,3316,شک شیجی,198925,6
68864,3316,کروچی بالا,198931,6
68865,3316,کروچی پایین,198932,6
68866,3316,کلوکی,198936,6
68867,3316,کله سری,198943,6
68868,3316,کله گیری,198945,6
68869,3316,کنتک سری,198948,6
68870,3316,کرشان بالا,198952,6
68871,3316,گنزوک,198964,6
68872,3316,گورآبوک,198965,6
68873,3316,مانی کوک,198970,6
68874,3316,موزان,198974,6
68875,3316,نوکندان,198983,6
68876,3316,ریگوکان,410033,6
68877,3316,گزان توفان,410034,6
68878,3316,هندونه ای,410035,6
68879,3316,کله چار,411942,6
68880,3316,کله بالی,411943,6
68881,3316,کرشان پایین,412004,6
68882,3316,شهرکمال,412005,6
68883,3316,برزندن,412006,6
68884,3316,هیدوچ پایین,412007,6
68885,3316,گرانسکار,412771,6
68886,3316,جوسر,416743,6
68887,3316,کوراوران,416744,6
68888,3317,دیم رود,198803,6
68889,3317,سورچکی,198809,6
68890,3317,کلان,198818,6
68891,3317,کنت,198819,6
68892,3317,کشهک,198820,6
68893,3317,ازگندی,198868,6
68894,3317,بنگر,198876,6
68895,3317,پارچنگ,198878,6
68896,3317,پدگان,198879,6
68897,3317,دازندر,198896,6
68898,3317,زیارت,198908,6
68899,3317,سری آبادبالا,198915,6
68900,3317,صیدران,198928,6
68901,3317,کورناهوت,198950,6
68902,3317,گوهرمیلی,198966,6
68903,3317,گورآپ,198967,6
68904,3317,گیدر,198968,6
68905,3317,کله فاطمه,198971,6
68906,3317,سری آباد پایین,198973,6
68907,3317,نوک آباد(کتویی),198981,6
68908,3317,دهان,410065,6
68909,3317,کهنانی,410066,6
68910,3317,مورگان ریت,410067,6
68911,3317,کلی بگر,410069,6
68912,3317,جکان,410070,6
68913,3317,کلوکان,412008,6
68914,3317,هفتاری,412011,6
68915,3317,جتاندر,412012,6
68916,3317,چاه بید(چاهوکان),412031,6
68917,3317,کلوتان,413758,6
68918,3317,کروچ,413760,6
68919,3317,کوروک,414139,6
68920,3317,کلوکی,414812,6
68921,3317,کلچاتی,414813,6
68922,3317,آبسر,711496,6
68923,3317,پوتاپ,711541,6
68924,3317,کارگاه سنگ شکن محمد اکبر محمودی سوران,711542,6
68925,3317,گوهندان(گوندان),711543,6
68926,3317,موتور آب نبی بخش(عبدالرسول),711544,6
68927,3317,هوشاب سری,842025,6
68928,3317,حسین آباد,842026,6
68929,3317,غفورآباد,842030,6
68930,3317,دهکده بهمن,911819,6
68931,3318,پسکوه,198525,6
68932,3318,حشانی,198531,6
68933,3318,چاه باران,198545,6
68934,3318,کریم آباد,198552,6
68935,3318,کله سهران,198556,6
68936,3318,کلگ قلندر,198557,6
68937,3318,کله گیش(کله گشت),198558,6
68938,3318,فهره,198563,6
68939,3318,کهن کریم,198564,6
68940,3318,جوری,198565,6
68941,3318,گیتوک,198571,6
68942,3318,ناگان,198575,6
68943,3318,نلی,198577,6
68944,3318,کالی,412041,6
68945,3318,گورناک,412042,6
68946,3318,ده مهندا,412043,6
68947,3318,گرپسکوه,412044,6
68948,3318,شاه جهان,413791,6
68949,3318,سهرنیلگ,415329,6
68950,3318,شور,416767,6
68951,3318,مرکز خدمات جهاد کشاورزی پسکوه,416768,6
68952,3318,سد فهره,416769,6
68953,3318,سبزگز,711507,6
68954,3318,پورینکی,711515,6
68955,3318,ده بالا,711517,6
68956,3318,شهباز,711519,6
68957,3318,هوشاب محمد,711520,6
68958,3318,باگری,711521,6
68959,3318,زردین گون (مولد),711522,6
68960,3318,هلک چهارشنبه,711523,6
68961,3318,کالان مسکی,711524,6
68962,3318,بلوچ آباد,711525,6
68963,3318,لطیف آباد,711526,6
68964,3318,ده رییس,711527,6
68965,3318,چاه حسین (سددوربن),811249,6
68966,3318,چاه کمال,842014,6
68967,3318,النداب,842015,6
68968,3318,سهرنیلگ پایین(کهن گل محمد),842021,6
68969,3318,هلک بجار,842022,6
68970,3318,هلک عبدالواحد,842023,6
68971,3318,هلک ولی محمدچاری زهی,842024,6
68972,3318,دراج کوه,842315,6
68973,3319,پیرسیر,198526,6
68974,3319,تلوس,198527,6
68975,3319,تنگ تنور,198528,6
68976,3319,حق آباد,198532,6
68977,3319,نرمه هوک,198533,6
68978,3319,حرمیری,198534,6
68979,3319,سرسوره,198540,6
68980,3319,سیاه دک,198542,6
68981,3319,قادرآباد,198547,6
68982,3319,قنداب,198549,6
68983,3319,کتوران,198551,6
68984,3319,کشوک,198553,6
68985,3319,سبزعالی,198554,6
68986,3319,کله هوک,198559,6
68987,3319,کهن شه مراد,198562,6
68988,3319,کهن میربلوچ,198567,6
68989,3319,اکبرآباد,198569,6
68990,3319,گل کوشن,198570,6
68991,3319,ملک آباد,198572,6
68992,3319,احمدآباد,412035,6
68993,3319,میدر,415332,6
68994,3319,گزن,416765,6
68995,3319,رحمت آباد,416766,6
68996,3319,مجتمع رفاهی حضرت ابوالفضل,711508,6
68997,3319,چاه عبدی,711509,6
68998,3319,چاه عرب (آب و فاضلاب),711510,6
68999,3319,پاول,711511,6
69000,3319,بختی,711512,6
69001,3319,پاسداری,711513,6
69002,3319,کام پیلی,711514,6
69003,3319,سیاه گر,711528,6
69004,3319,چاه حداد,711529,6
69005,3319,فیروز آباد,711530,6
69006,3319,رزک,711531,6
69007,3319,کهنوکی,711532,6
69008,3319,الله آباد(چبک),711533,6
69009,3319,اناران (هناران),711534,6
69010,3319,زیرگان,711535,6
69011,3319,چاه تکی,711536,6
69012,3319,بنگر,711537,6
69013,3319,پاول میربلوچ,711538,6
69014,3319,لشکران,711539,6
69015,3319,نصرت آباد,711540,6
69016,3319,هلک انجیرک,711607,6
69017,3319,شیرآباد,711608,6
69018,3319,کله پوچان,711609,6
69019,3319,سرخ گزی,711610,6
69020,3319,هلک دلمراد,811592,6
69021,3319,هلک محمود,842008,6
69022,3319,هلک نظر,842009,6
69023,3319,هلک مستی خان,842010,6
69024,3319,هلک هیبت,842011,6
69025,3319,هلک امید,842012,6
69026,3319,هلک سلیمان,842013,6
69027,3319,شیری,842016,6
69028,3319,هلک شریف حاجی,842017,6
69029,3319,هلک صحبت,842018,6
69030,3319,هلک عظیم,842019,6
69031,3319,هلک مراد,842020,6
69032,3319,چاه محبت دشت رباط,842029,6
69033,3319,جورآپ,842229,6
69034,3319,نورآبادگل کوشن,842316,6
69035,3319,پشتان شاهو,842317,6
69036,3319,علیم آباد,842318,6
69037,3319,پوستی,842319,6
69038,3319,چاه عبدالحمید,842556,6
69039,3319,ملک مرگوک(شندی ),911812,6
69040,3320,ده ابراهیم کیخا,193853,6
69041,3320,اکبرآباد,193862,6
69042,3320,ده الری,193863,6
69043,3320,اله آباد,193864,6
69044,3320,هنرستان کشاورزی,193870,6
69045,3320,بالاخانه,193871,6
69046,3320,پیران,193883,6
69047,3320,ده غلامعلی,193893,6
69048,3320,حسین آبادخواجه,193912,6
69049,3320,حاجی غلامعلی,193929,6
69050,3320,ده عیسی شهباز,193934,6
69051,3320,دهنوپشت ادیمی,193939,6
69052,3320,ساختمان,193951,6
69053,3320,طاغذی,193963,6
69054,3320,ده عیسی علیا,193967,6
69055,3320,ده عیسی سفلی,193968,6
69056,3320,کچیان,193971,6
69057,3320,کدخداصفر,193972,6
69058,3320,فقیر لشکری,193973,6
69059,3320,ده کمالی,193982,6
69060,3320,کنگ پیران پیشانی دار,193983,6
69061,3320,محمدآباد,193999,6
69062,3320,محمدآبادادیمی,194000,6
69063,3320,روستای محمدحسن,194003,6
69064,3320,ده منصوری,194011,6
69065,3320,ده ولی داد,194024,6
69066,3320,حسین آبادمیرشاه,411261,6
69067,3320,شریف آباد,411263,6
69068,3320,دهنوپیران,411264,6
69069,3320,ده حلیم شاهبیک,411265,6
69070,3320,حاج درویش کنگ پیران,411266,6
69071,3320,حسین آذرنگ,411268,6
69072,3320,درویشان,414185,6
69073,3320,آبیل,414186,6
69074,3320,ده رودباری,414187,6
69075,3320,حجت آباد,414188,6
69076,3320,خانه های حاجی خدابخش,414189,6
69077,3320,ده میر شاه,416413,6
69078,3320,ده شهید محبعلی سارانی,416414,6
69079,3320,مشهدی غلامعلی قنبر علی,416416,6
69080,3320,رحیم خان سارانی,416417,6
69081,3320,شوکت سارانی(شیله باد),416816,6
69082,3320,حسن آباد,711606,6
69083,3320,ده حسین خان سارانی,711757,6
69084,3320,حاج غلام کنگ پیران,711758,6
69085,3320,علی آباددهنوپیران,711759,6
69086,3320,جان پرور,811220,6
69087,3320,چشک,811235,6
69088,3320,ده سهراب سارانی,811422,6
69089,3320,دهنه باغ,842399,6
69090,3321,ادیره,193855,6
69091,3321,ده افسری,193860,6
69092,3321,ده امامی,193867,6
69093,3321,ده بزی سفلی,193876,6
69094,3321,ده بزی علیا(بزی شمال),193877,6
69095,3321,پلگی بزی,193881,6
69096,3321,چرک,193898,6
69097,3321,چهارچشم,193903,6
69098,3321,حاجوک,193905,6
69099,3321,حاجی آباد خوشداد,193906,6
69100,3321,حلیم خان,193918,6
69101,3321,دهباشی,193938,6
69102,3321,ده نو جهانتیغ,193940,6
69103,3321,ده رضا,193941,6
69104,3321,ده زیارت جهانتیغ,193955,6
69105,3321,شریف آبادغلام,193960,6
69106,3321,گزانگوری,193961,6
69107,3321,ده گرگ,193990,6
69108,3321,ده گلزار,194001,6
69109,3321,محمدخوشداد,194004,6
69110,3321,ده نورمحمددشتی,194020,6
69111,3321,نورمحمدجهانتیغ,194021,6
69112,3321,ده دهمرده,411297,6
69113,3321,ده شرکت کریمی,411299,6
69114,3321,حاجی حیدردهمرده افسری,411300,6
69115,3321,ده مراد علی,411301,6
69116,3321,ده میرخان,411303,6
69117,3321,اسلام آباد,411304,6
69118,3321,راهدار,411305,6
69119,3321,حیدرآبادچرک,411306,6
69120,3321,هاشم لکزایی,412920,6
69121,3321,عباس آباد شیخ ویسی,413001,6
69122,3321,قره باغی,413003,6
69123,3321,شرکت مروجان(حمیدقاسمی),711754,6
69124,3321,ادیره بارانی,711755,6
69125,3321,ملنگ سارانی منش,711756,6
69126,3321,خوشداد کهنه,811964,6
69127,3322,احمدآباد,193854,6
69128,3322,اسلام آباد,193859,6
69129,3322,حاج نادرساسولی,193882,6
69130,3322,قایم آباد,193969,6
69131,3322,خراشادی,194599,6
69132,3322,سه قلعه,194600,6
69133,3322,ده صادق,194602,6
69134,3322,ده فتح اله,194603,6
69135,3322,عباس آبادسنجدی,411143,6
69136,3322,کنگ مزار,411144,6
69137,3322,حیدرآباد,411177,6
69138,3322,ناصرآبادعلیا,411178,6
69139,3322,ده دلارامی,411259,6
69140,3322,کارخانه آسفالت شهرداری,416419,6
69141,3322,بشیرشیخی,711751,6
69142,3322,دلارامی(1),711800,6
69143,3323,سهراب شیخی,193957,6
69144,3323,زیارتگاه سیدمیراقبال,193959,6
69145,3323,گل خانی,193993,6
69146,3323,لورگ باغ,193996,6
69147,3323,ناصرآبادسفلی,194018,6
69148,3323,افضل آباد,194031,6
69149,3323,تیمورآبادشیخی,411181,6
69150,3323,محمدآباد لورگ باغ,411182,6
69151,3323,روستای میل نادر,413004,6
69152,3323,گلخانی,414190,6
69153,3323,صمد مهربان براهویی,416418,6
69154,3323,شرکت تعاونی شن وماسه,711752,6
69155,3323,شرکت شن وماسه شهرکی,711753,6
69156,3323,پاسگاه انتظامی چاه خرما,811965,6
69157,3323,ده شهیدعباس پودینه,842400,6
69158,3324,بوتگو,136133,6
69159,3324,چاه بابی 1,136158,6
69160,3324,چاه بابی2,136159,6
69161,3324,سفیدابه,136264,6
69162,3324,سین کوری,136268,6
69163,3324,شندول,136276,6
69164,3324,کم زرد,136295,6
69165,3324,کلات حاجی نورمحمدبراهویی,411468,6
69166,3324,خیرآباد(موتورمحمدنوربراهویی مطلق),411471,6
69167,3324,سنجدو,541130,6
69168,3324,چاه شاه محمدبراهویی,711883,6
69169,3325,سخی آباد,136256,6
69170,3325,سفیدابه کهنه,136265,6
69171,3325,کرباسو,136296,6
69172,3325,ماده کاریز,136343,6
69173,3325,پاسگاه شهیدنارویی,136354,6
69174,3325,جولی شندک(پایین),411476,6
69175,3325,مزرعه جولی کلاته جنگی,411477,6
69176,3325,جولی بالا کلاته حسین خان,411478,6
69177,3325,مک سرخ,412921,6
69178,3325,کلاته سهراب,412924,6
69179,3325,اومار,412927,6
69180,3325,موتور حاجی محمد,412928,6
69181,3325,موتور شه مراد مره ای خالص,412929,6
69182,3325,موتور دادخدا کامیاب,412930,6
69183,3325,موتور حاجی عبدالرحمن,412931,6
69184,3325,موتورسیدمحمد,412932,6
69185,3325,اسماعیل آباد,412933,6
69186,3325,موتوردرمحمد,412934,6
69187,3325,گردان تکاوری 315ماده کاریز,413015,6
69188,3325,پدگی,413023,6
69189,3325,مشاع شماره 4,541165,6
69190,3325,چاه گزی,811282,6
69191,3325,مخازن آب سازمان آب,811423,6
69192,3325,مشاع شماره 3,811424,6
69193,3325,مشاع شماره5,811425,6
69194,3325,نور آباد,811958,6
69195,3325,ناصرآباد,811960,6
69196,3325,ایستگاه مخابراتی پللک کوه,811961,6
69197,3325,پاسگاه نیروی انتظامی چکاب,811962,6
69198,3326,ابراهیم میرزاخان,194216,6
69199,3326,علی اکبرآخوند,194218,6
69200,3326,اسلام آباد,194223,6
69201,3326,بندهی,194234,6
69202,3326,پاسگاه انتظامی تاسوکی,194236,6
69203,3326,پاسگاه تپه طالب خان,194237,6
69204,3326,شهرک حسن آباد,194261,6
69205,3326,حسین آباد فلفلی,194263,6
69206,3326,ده حسین,194269,6
69207,3326,قلعه دل آسا,194279,6
69208,3326,دوست محمد حاجی,194282,6
69209,3326,ده برفی,194284,6
69210,3326,ده علی رضا(پیرسوز),194292,6
69211,3326,ده فقیر,194293,6
69212,3326,سکوهه,194319,6
69213,3326,قلعه رستم,194350,6
69214,3326,کندو,194361,6
69215,3326,گل محمد(نوروز),194370,6
69216,3326,لوتک,194375,6
69217,3326,لوتک حاجی عظیم,194377,6
69218,3326,لوتک رحیم خان,194378,6
69219,3326,لوتک شیرمحمد,194379,6
69220,3326,لوتک صفرشاه(سوردغال),194380,6
69221,3326,مسافرکلاتی,194389,6
69222,3326,ورمال,194396,6
69223,3326,پشت دشت,194398,6
69224,3326,مجتمع خدماتی,270076,6
69225,3326,قلعه حسن,411124,6
69226,3326,حسین آبادسفلی,411125,6
69227,3326,ده ملانظر,411127,6
69228,3326,ده نورمحمد,411128,6
69229,3326,آل گرگ,411130,6
69230,3326,شهرسوخته,411136,6
69231,3326,راهدارخانه شیله,411443,6
69232,3326,ملا ابراهیم,412409,6
69233,3326,قلعه سام,415151,6
69234,3326,پست برق,415152,6
69235,3326,چاه شماره 8(آبروش),415781,6
69236,3326,چاه شماره 9(میرشکار),415782,6
69237,3326,چاه شماره 10(شیبک),415783,6
69238,3326,چاه شماره 11(خدابخش),415784,6
69239,3326,کوره آجرپزی خدانظر اسماعیل زهی,416425,6
69240,3326,پاسگاه انتظامی شهرسوخته,416426,6
69241,3326,مجتمع کوره های شهرسوخته,416428,6
69242,3326,یادمان شهدای تاسوکی,416429,6
69243,3326,رامشار,416430,6
69244,3326,موتورطریقت میری(نادرآباد),416823,6
69245,3326,بنیاد(ملنگ),711029,6
69246,3326,ده برقی,711597,6
69247,3326,ایستگاه پمپاژآب وفاضلاب چاه شماره 2,711853,6
69248,3326,افضل گلمیر,711875,6
69249,3326,حاج غلام غلام زهی,711876,6
69250,3326,دهنوسیدخان,711877,6
69251,3326,پلیس راه رامشار,711878,6
69252,3326,چاه غلامرضاسرگلزایی,711879,6
69253,3326,صفدرگلوی,711880,6
69254,3326,حاجی شریف,711886,6
69255,3326,غلام نبی,711887,6
69256,3326,چاه نواب زاده,811233,6
69257,3326,روستای دوران خان,811234,6
69258,3326,گل محمدی,811943,6
69259,3326,موتورکیخا(قنبرزهی),811959,6
69260,3326,موتور شریف خاکسفیدی,811967,6
69261,3326,مزرعه کشاورزی,811968,6
69262,3326,پاسگاه قلعه رستم,811969,6
69263,3326,لال خان,842263,6
69264,3326,حاجی آبادگرگیج,842387,6
69265,3326,سیاه خان,911952,6
69266,3327,ابراهیم آباد,194217,6
69267,3327,ده آخوندغلامی,194219,6
69268,3327,ده آقاجان,194226,6
69269,3327,الهی,194229,6
69270,3327,باغک,194231,6
69271,3327,بهرام آباد,194235,6
69272,3327,پنجک,194240,6
69273,3327,ده تقی,194243,6
69274,3327,تمبکا,194244,6
69275,3327,توتی,194245,6
69276,3327,غریب,194248,6
69277,3327,جانداد,194258,6
69278,3327,چهارخمی,194259,6
69279,3327,حاجی میرعباس,194260,6
69280,3327,حسین باقر,194264,6
69281,3327,حسین زینل,194267,6
69282,3327,حمزه آباد,194272,6
69283,3327,دلمراد,194280,6
69284,3327,دولت آباد,194283,6
69285,3327,ده حاجی حسین,194287,6
69286,3327,ده رضا,194289,6
69287,3327,ده رضاعلی,194291,6
69288,3327,کیخا,194297,6
69289,3327,ده موسی محمد,194298,6
69290,3327,ده میر,194299,6
69291,3327,دهباشی,194301,6
69292,3327,دهکول,194302,6
69293,3327,آزادی(دیوانه),194304,6
69294,3327,ذوالفقاری,194305,6
69295,3327,رستم محمودشمالی,194309,6
69296,3327,زینل آباد,194313,6
69297,3327,سدکی,194316,6
69298,3327,سیاه پشته,194321,6
69299,3327,شهرک میر,194326,6
69300,3327,شهریاری,194328,6
69301,3327,عباسیه,194338,6
69302,3327,فیروزه ای,194348,6
69303,3327,کربلایی غلام,194353,6
69304,3327,کیخامظلوم,194355,6
69305,3327,کربلایی یارمحمد,194357,6
69306,3327,کریم شاه نظر,194360,6
69307,3327,کوشه پایین,194363,6
69308,3327,کوشه علیا,194364,6
69309,3327,ده میر بیک,194367,6
69310,3327,گزموم,194369,6
69311,3327,گنبدشاهی,194372,6
69312,3327,ملارضا,194390,6
69313,3327,نظرعلی حسین,194392,6
69314,3327,نوری(عین علی),194393,6
69315,3327,یوسف حسن,194397,6
69316,3327,زورآباد,194399,6
69317,3327,رستم محمودجنوبی,411123,6
69318,3327,نیگرد,411148,6
69319,3327,کربلایی علی,411149,6
69320,3327,خانه های شهیدآذریان,411150,6
69321,3327,ده شیردل,411153,6
69322,3327,بصیران,411155,6
69323,3327,کیخارسول,411156,6
69324,3327,فقیرقاسم(سجادآباد),411158,6
69325,3327,ده آقایی,411159,6
69326,3327,ملک آباد,411161,6
69327,3327,پل اسبی,411162,6
69328,3327,خانه های حاجی اسماعیل,412421,6
69329,3327,شهرک صنعتی,414197,6
69330,3327,دک دهمرده,415419,6
69331,3327,آبادی امام زمان,416824,6
69332,3327,ده جعفری,416825,6
69333,3327,شهرک حسن آباد,711868,6
69334,3327,ده حسن پاک کامیده(رحمان),711869,6
69335,3327,خانه های کوچک زهی,711870,6
69336,3327,شرکت شرق سازان,711871,6
69337,3327,مجتمع رفاهی امام رضا(ع),711872,6
69338,3327,شرکت منابع آب وخاک سیستان,711873,6
69339,3327,حیدرآباد(ترانه),711874,6
69340,3327,حاجی خدارحم ریگی,811018,6
69341,3327,هاشمزهی,811232,6
69342,3327,کربلایی حسین,811255,6
69343,3327,عیسی خان,811283,6
69344,3327,حاجی آباد,811284,6
69345,3327,ده احمدمالکی,842397,6
69346,3327,میرخان حاجی,842398,6
69347,3328,اسلام آباد,194222,6
69348,3328,ده اسماعیل قنبر,194224,6
69349,3328,اکبرآباد,194227,6
69350,3328,بالاشیخ,194232,6
69351,3328,حاجی حسن خان,194233,6
69352,3328,تیلر,194246,6
69353,3328,تیمورآباد,194247,6
69354,3328,جمال آباد,194252,6
69355,3328,چلنگ,194256,6
69356,3328,خانه های حسین رضا,194257,6
69357,3328,حسن عبداله,194262,6
69358,3328,ده حسین مشهدی,194270,6
69359,3328,خدری,194274,6
69360,3328,ده خیاری,194276,6
69361,3328,داداله,194277,6
69362,3328,دادی,194278,6
69363,3328,ده بلند,194286,6
69364,3328,زورآبادسالاری,194311,6
69365,3328,شهرک ابوالفضل,194312,6
69366,3328,ده سیاسر,194322,6
69367,3328,علی محمدپیرمرد,194346,6
69368,3328,ده درویش علی,194354,6
69369,3328,شهرک موسی سالاری,194356,6
69370,3328,ده کرمی,194359,6
69371,3328,ده گرگ,194368,6
69372,3328,گل محمدنوری,194371,6
69373,3328,ده ملاعلی,194391,6
69374,3328,شهرک حاج غلام حسین سالاری,411167,6
69375,3328,کربلایی موسی خمری,411171,6
69376,3328,ده عوض گلستان,411172,6
69377,3328,علی صوفی,411173,6
69378,3328,خدری (ستوده ),411174,6
69379,3328,حاجی عباس,411175,6
69380,3328,شهرک سنچولی,413006,6
69381,3328,کوره حسین کول,711867,6
69382,3329,آزادی,194220,6
69383,3329,ده آس,194221,6
69384,3329,جهانبخش,194254,6
69385,3329,ده حسینا,194271,6
69386,3329,خراشادی,194275,6
69387,3329,شیبانی,194331,6
69388,3329,صیادان,194333,6
69389,3329,کوه خواجه,194365,6
69390,3329,ده لطف اله,194374,6
69391,3329,محمدصفر,194386,6
69392,3329,ده شاه نظر,194387,6
69393,3329,علیرضا,194400,6
69394,3329,محمداعظم,413005,6
69395,3329,موقعیت سرگرد خلبان مراد قلی,416424,6
69396,3329,مجتمع تفریحی رفاهی کوه خواجه,711866,6
69397,3330,ایستگاه بوگ,195955,6
69398,3330,ایستگاه چهارصوله,195957,6
69399,3330,خان محمدچاه,195970,6
69400,3330,پایگاه میل 61,195975,6
69401,3330,کرگزی خان محمدچاه,195980,6
69402,3330,پاسگاه ملندی,411496,6
69403,3330,شریف آباد,411499,6
69404,3330,پایگاه میل 67,411500,6
69405,3330,شهرک میل 72,411501,6
69406,3330,پایگاه75,411509,6
69407,3330,سعیدآباد,411532,6
69408,3330,پاسگاه خان محمد چاه,413618,6
69409,3330,موتور جلال( بی برگ),415194,6
69410,3330,موتورحاجی گلزار,415195,6
69411,3330,موتورنصرالله کهنه قلعه,415196,6
69412,3330,موتورحاجی علی,415197,6
69413,3330,موتورحاجی علم,415734,6
69414,3330,مرغداری سحر 747,415736,6
69415,3330,موتور بهادر قنبرزهی,415737,6
69416,3330,موتورایرانی,415739,6
69417,3330,موتوردکترسپاهی,415740,6
69418,3330,ساختمان پست,415761,6
69419,3330,بهشت در کویر,416545,6
69420,3330,موتور حاجی قادر,416546,6
69421,3330,مرغداری حمید(سیاه منصوری),416548,6
69422,3330,بی سیم سنتو,416788,6
69423,3330,کرگزی,711601,6
69424,3330,رحمت آباد,711882,6
69425,3330,ناحیه صنعتی میرجاوه,711979,6
69426,3330,شکرآباد,711980,6
69427,3330,انجیرک(پرواربندی گوساله اسحاق),811186,6
69428,3330,معدن گرانیت سفید بوگ,811187,6
69429,3330,گاوداری علی راشکی,811196,6
69430,3330,فاروق آباد(موتور شاه محمد),811197,6
69431,3330,موتور حاجی نادر آذر پویه,811198,6
69432,3330,موتورحاج گل محمدریگی,811199,6
69433,3330,موتور عبدالواحد براهویی( ریگی),811201,6
69434,3330,شرکت احسان گاز,811202,6
69435,3330,موتور حاج عبدالواحد ریگی(فیض آباد),811203,6
69436,3330,مشاع سیدمحمد ریگی,811204,6
69437,3330,تعاونی ایثار 5,811350,6
69438,3330,موتور حاجی قیصر 2,811351,6
69439,3330,موتور حاجی رسول(فرهاد ریگی),811352,6
69440,3330,موتوراسحق حق پرست,811353,6
69441,3330,موتور حاجی شریف,811354,6
69442,3330,موتورمنصور,811355,6
69443,3330,موتور داوود خالدی,811356,6
69444,3330,موتور حاجی شریف(شریف آباد),811357,6
69445,3330,موتورنوروز,811358,6
69446,3330,گاوداری گرگیج,811359,6
69447,3330,گاوداری فریدون کیانی,811360,6
69448,3330,مجتمع دام و طیور نورالله ریگی و شرکا,811361,6
69449,3330,گاوداری براسان( اصغررضایی),811362,6
69450,3330,گاوداری,811363,6
69451,3330,گاوداری حاج اسحاق جایمندریگی,811364,6
69452,3330,موتور رحمت ریگی,811365,6
69453,3330,مجتمع فرهنگی ورزشی دوستان,811368,6
69454,3330,هنگ مرزی,811695,6
69455,3330,برکت آباد,842032,6
69456,3330,موتورحاج بهروزریگی,842085,6
69457,3330,مهرآباد,842086,6
69458,3330,موتورحامدریگی,842087,6
69459,3330,موتورمحمدایوب گنگوزهی,842254,6
69460,3330,سیاه چورگل آباد,842404,6
69461,3330,یوسف آباد,842419,6
69462,3330,گاوداری عباس ریگی خالص,842423,6
69463,3330,گاوداری حسین ارباب,911036,6
69464,3330,گاوداری حاج محمد گمشاد زهی,911037,6
69465,3331,انده,195678,6
69466,3331,چشمه درویش,195682,6
69467,3331,چهل خرواری,195683,6
69468,3331,حسن آباد,195685,6
69469,3331,حسین آباد,195687,6
69470,3331,رنگرزان,195689,6
69471,3331,مزرعه زرزوال,195690,6
69472,3331,سرچشمه,195691,6
69473,3331,شیشه ریز,195693,6
69474,3331,درآباد,195694,6
69475,3331,فتح آباد,195697,6
69476,3331,گورجان,195700,6
69477,3331,وکیل آباد,195721,6
69478,3331,لهراب انده,195894,6
69479,3331,مزرعه انوشیروان,411518,6
69480,3331,شکرآباد,411521,6
69481,3331,موتورحاجی رشیدانده,415742,6
69482,3331,محمدآباد,415946,6
69483,3331,علی آباد,842506,6
69484,3332,کیاآبادپدگی,195699,6
69485,3332,اسلام آباد,195771,6
69486,3332,انجرک,195774,6
69487,3332,بورتا پایین,195778,6
69488,3332,تمیز,195781,6
69489,3332,تمین,195782,6
69490,3332,تیرآباد,195784,6
69491,3332,جش,195786,6
69492,3332,جنگل یاغی,195787,6
69493,3332,حسنک,195788,6
69494,3332,حسین آباد,195789,6
69495,3332,روپس بالا,195795,6
69496,3332,سرکهنو,195798,6
69497,3332,سروگه,195799,6
69498,3332,سیاه جنگل بالا,195800,6
69499,3332,عیسی آباد,195805,6
69500,3332,کلاته,195808,6
69501,3332,کهن شنبه (محمد آباد),195809,6
69502,3332,کیدون,195810,6
69503,3332,گزند,195811,6
69504,3332,لهرمبا,195812,6
69505,3332,بن ده,195814,6
69506,3332,پلنگ سار,270173,6
69507,3332,کچ,270179,6
69508,3332,تیلویی,410911,6
69509,3332,سیاه جنگل پایین,411539,6
69510,3332,اعلم آباد (دغور),411543,6
69511,3332,سرده,411544,6
69512,3332,تنگ لکور,411549,6
69513,3332,بندآبی (بندک سیاه ),415199,6
69514,3332,ده ملا( بندآلی),415201,6
69515,3332,ده رجایی,415202,6
69516,3332,جلگه انجرک,415203,6
69517,3332,سنگون,415204,6
69518,3332,خوشاب انجرک,415766,6
69519,3332,تمپ سوزنان,415772,6
69520,3332,کداشکفت,415777,6
69521,3332,پاسگاه انتظامی,415778,6
69522,3332,ده رضا,415779,6
69523,3332,جیحونک پایین,415792,6
69524,3332,کسورک رودگر,415794,6
69525,3332,پس کوشه,416798,6
69526,3332,بورتابالا,711547,6
69527,3332,سوری,711554,6
69528,3332,چشمه کوهساری(خازک پلنگی),711568,6
69529,3332,گدارگنجشک,711620,6
69530,3332,تمیزپایین,711981,6
69531,3332,روپس پایین,811208,6
69532,3332,قطری (کتری),811211,6
69533,3332,باریز,811212,6
69534,3332,رودگر,811213,6
69535,3332,سرگر,811214,6
69536,3332,ده پوندر,811280,6
69537,3332,پلکی حسین آباد,811370,6
69538,3332,خنجک نرماده,811393,6
69539,3332,رحمت آباد شوره رود(چاه عزیز),811429,6
69540,3332,سیاه بره 1,811684,6
69541,3332,سیاه بره 2,811709,6
69542,3332,محله قلی(جلیل آباد),842077,6
69543,3332,ماری,842232,6
69544,3332,بیدوک,842233,6
69545,3332,سنگ آکوب,842234,6
69546,3332,سرخمک دزک,842235,6
69547,3332,سوری پایین,842236,6
69548,3332,کودرود,842237,6
69549,3332,سراوشک,842238,6
69550,3332,فیروزآباد,842239,6
69551,3332,نادرآباد,842286,6
69552,3332,گزندبالا,842287,6
69553,3332,ترشکی,842353,6
69554,3332,سرسیاه مادافتی,842454,6
69555,3332,تودون,842521,6
69556,3332,گوچرخ کن,911008,6
69557,3332,شیخ حسن,911024,6
69558,3332,خانه های خدابخش,911045,6
69559,3332,ده ملا,911054,6
69560,3333,میرآباد,195773,6
69561,3333,انجره,195775,6
69562,3333,رب آباد,195793,6
69563,3333,شریف آباد,195803,6
69564,3333,علی آباد,195804,6
69565,3333,لهراب آلنجان,195857,6
69566,3333,آلنجان دو,195858,6
69567,3333,پرویز,195866,6
69568,3333,ته رود,195867,6
69569,3333,ده محمد علی,195877,6
69570,3333,دیزوک,195879,6
69571,3333,سیاه خاک,195884,6
69572,3333,عیدوآباد,195886,6
69573,3333,فیض آباد,195887,6
69574,3333,کلک,195888,6
69575,3333,کلاته ملک محمد,195889,6
69576,3333,نوک آباد,195892,6
69577,3333,لادیزسفلی ( پایین ),195895,6
69578,3333,مندوست آباد,195898,6
69579,3333,میرکوه بالا,195902,6
69580,3333,نوزیار,195903,6
69581,3333,نوک آبادخدارحم,195904,6
69582,3333,برزیار,270187,6
69583,3333,جبرکوته,270188,6
69584,3333,بنگان(برکت آباد),411522,6
69585,3333,آپک جوشان,411523,6
69586,3333,میرکوه پایین,411524,6
69587,3333,عزیزآباد,411526,6
69588,3333,خوش آب,411527,6
69589,3333,توکل آباد,411528,6
69590,3333,غریب آباد,411529,6
69591,3333,اله آباد,411538,6
69592,3333,سرریگ,415191,6
69593,3333,محمدآبادسوران,415416,6
69594,3333,آبک زیری حاجی علی,415746,6
69595,3333,آبک زیری حاج ده محمد,415747,6
69596,3333,محمدآبادمحمدرحمان,416795,6
69597,3333,مرادآباد,416796,6
69598,3333,مجتمع گلخانه ای طاها یاران شرق,811371,6
69599,3333,رحمت آبادقجرپور,842207,6
69600,3333,محمدآباددیزوک پایین,842388,6
69601,3333,عالم جهان,842389,6
69602,3333,چلنگ,911817,6
69603,3334,شهیدمحمدآباد,195681,6
69604,3334,خارستان پایین,195790,6
69605,3334,بایان,195859,6
69606,3334,بیدلنگ,195863,6
69607,3334,بیدی بیدلنگ,195864,6
69608,3334,جون آباد,195870,6
69609,3334,درگیابان,195874,6
69610,3334,ده رضا (موتور رضا ),195876,6
69611,3334,شک بند,195885,6
69612,3334,کمک,195891,6
69613,3334,میدان سرخ,195899,6
69614,3334,خازپری,270167,6
69615,3334,سعیدآباد,270168,6
69616,3334,چاه حاجی بهاء الدین (تلارک),411493,6
69617,3334,چاه مالداری طلارک,411494,6
69618,3334,خیرآباد,411530,6
69619,3334,بوگک آباد,411531,6
69620,3334,شهردراز (چاه دراز),411533,6
69621,3334,چاه مالداری هارون,411534,6
69622,3334,خلاصولی (قلعه صولی ),411535,6
69623,3334,چوکالکی بالا (پشت تخت),411546,6
69624,3334,خارستان بالا,411548,6
69625,3334,سیاه دره,412855,6
69626,3334,میرآباد,413619,6
69627,3334,قادر آباد مخروبه,413620,6
69628,3334,کسور,414714,6
69629,3334,چاه سلطان محمد,414724,6
69630,3334,توحیدآباد,415730,6
69631,3334,بزی(محمد آباد بزی),415731,6
69632,3334,پالیزی درگیابان,415732,6
69633,3334,حمیدآباد,415749,6
69634,3334,خانه های خداداد(درودی کمک),415751,6
69635,3334,چشمه سرخ,415760,6
69636,3334,زارچک,415767,6
69637,3334,سرگدارچشمه,415768,6
69638,3334,دره پلفته,415770,6
69639,3334,چوکالکی زارچک,415786,6
69640,3334,نیک پایین,415788,6
69641,3334,تلخاب,415789,6
69642,3334,کسوربالا(دیمک),415791,6
69643,3334,محمدبلوچی,415913,6
69644,3334,جان محمد,415914,6
69645,3334,موتورحاجی فولاد,415915,6
69646,3334,گتی گور,415916,6
69647,3334,موتورمولوی عبداله,415918,6
69648,3334,حری(ملک آباد),415919,6
69649,3334,موتوربی بی مه شهسوار,415920,6
69650,3334,قاسم آباد,415938,6
69651,3334,چاه شورمرادمیربلوچزهی,415940,6
69652,3334,گزیکه,415944,6
69653,3334,چاه گوریک,416547,6
69654,3334,پشت رود,416785,6
69655,3334,محمودآباد,416786,6
69656,3334,نوگون(محله حاجی نوروز),711031,6
69657,3334,بهارآباد,711583,6
69658,3334,حبش آباد,711589,6
69659,3334,گود,711611,6
69660,3334,مهرآباد,711632,6
69661,3334,باغک,711677,6
69662,3334,چاه موتورشهید,711881,6
69663,3334,خازک,711976,6
69664,3334,انجیرکند,711982,6
69665,3334,بولانی,711983,6
69666,3334,چوکالکی,811179,6
69667,3334,جان محمدچاهی,811183,6
69668,3334,فضل آباد,811184,6
69669,3334,سبزوار,811185,6
69670,3334,گرگوکش,811194,6
69671,3334,نوک آباد شوره رود,811215,6
69672,3334,کنده میرشیخی (احمدآباد),811276,6
69673,3334,امرودک,811391,6
69674,3334,گلستان علی,811461,6
69675,3334,توکل آباد,811462,6
69676,3334,چاه حاجی گدایی,811547,6
69677,3334,عباس آباد شوره رود,811558,6
69678,3334,توزگی,811660,6
69679,3334,موتور محمد اسحاق ریگی,811700,6
69680,3334,شیشه ای,842057,6
69681,3334,محله ذالفقارریگی,842075,6
69682,3334,محله نورمحمدچوکالکی,842076,6
69683,3334,محله ابراهیم خازک,842078,6
69684,3334,پشت خارکی,842079,6
69685,3334,تنورک,842080,6
69686,3334,امرودک بالا,842081,6
69687,3334,نیک بالا,842082,6
69688,3334,کوتون,842083,6
69689,3334,جهله,842084,6
69690,3334,علی آبادسیدآباد,842101,6
69691,3334,سیاپر,842103,6
69692,3334,جهله سهراب آباد,842240,6
69693,3334,درمحمدآباد,842241,6
69694,3334,پتنتی,842249,6
69695,3334,مشتاق آباد(حاج خدارحم),842253,6
69696,3334,ریگک,842338,6
69697,3334,عادل آبادکوه یوسفی,842339,6
69698,3334,شهسوارآباد,842460,6
69699,3334,پشته گیتون,842484,6
69700,3334,حق آباد,842507,6
69701,3334,برادران,842589,6
69702,3334,گلستان زارچک,911013,6
69703,3334,رحمت آباد,911038,6
69704,3334,زردریشان,911039,6
69705,3334,کم زارچو,911040,6
69706,3334,نلوکی,911041,6
69707,3334,چاه عبدالکریم,911042,6
69708,3334,خارستان مرکزی,911083,6
69709,3335,پاسگاه میل 78,195680,6
69710,3335,مجیدآباد,195684,6
69711,3335,موتوربیت المقدس,195704,6
69712,3335,موتور 22بهمن (موتور جلیل ریگی ),195705,6
69713,3335,موتورپانزده خرداد(موتوراله بخش ),195706,6
69714,3335,موتور شماره 40(مجید گرگیچ),195707,6
69715,3335,موتور شماره 41(موتوراله رسان ),195708,6
69716,3335,موتورحبیب کهرازهی (359),195710,6
69717,3335,موتورشماره 37(حاج رحمت ),195711,6
69718,3335,موتور حاجی افضل,195712,6
69719,3335,موتورمجیدنوتی زهی,195713,6
69720,3335,موتور طوسی (محمد آباد),195714,6
69721,3335,موتور8شهریور,195718,6
69722,3335,موتور17شهریور,195719,6
69723,3335,موتورحاجی امان اله,411504,6
69724,3335,موتورشماره 212(موتورخالقداد),411505,6
69725,3335,موتورشماره 202(موتورابراهیم ),411506,6
69726,3335,موتورشماره 210(موتورحاج قیصر),411507,6
69727,3335,موتورشهیدمالک گمشادزهی (کیهاریگی ),411508,6
69728,3335,موتورسلیمان خاطر,411510,6
69729,3335,موتورحاجی انور,411511,6
69730,3335,موتورشهیدزرک گمشادزهی,411512,6
69731,3335,موتور حاجی عزیز,411513,6
69732,3335,موتور 9 مرادگمدادریگی,413623,6
69733,3335,موتور عبدالقیوم ریگی (شماره218),413624,6
69734,3335,موتور میر بلوچ ریگی(حاجی عظیم),413625,6
69735,3335,موتور ارض محمدگنگوزهی,413626,6
69736,3335,پایگاه81,414519,6
69737,3335,موتور غلام محمد,415897,6
69738,3335,موتورعبدالحق,415898,6
69739,3335,برجک 1,415901,6
69740,3335,برجک 2,415902,6
69741,3335,برجک 3,415903,6
69742,3335,برجک 4,415904,6
69743,3335,برجک5,415905,6
69744,3335,برجک6,415921,6
69745,3335,برجک 7,415922,6
69746,3335,موتورحاجی کریم بخش,415926,6
69747,3335,موتورحاجی اله بخش شهنوازی,415927,6
69748,3335,موتور کریم تیموری,416789,6
69749,3335,موتورحاجی شهنوازریگی,416793,6
69750,3335,شکورآباد,711975,6
69751,3335,موتور قیصر ریگی,811200,6
69752,3335,حسین آباد(خدارحم ریگی),811205,6
69753,3335,موتور محمدعلی ریگی,811206,6
69754,3335,پایگاه میل 84,811207,6
69755,3335,موتور ولی محمد,811348,6
69756,3335,موتورنوروز(نادر),811349,6
69757,3335,شیرآباد,842300,6
69758,3335,موتور عیدو,911030,6
69759,3335,موتور جماگمشاد زهی,911032,6
69760,3335,گروهان ریگ ملک,911033,6
69761,3335,برجک,911102,6
69762,3336,موتوربازمحمد,195703,6
69763,3336,موتورگمی,270189,6
69764,3336,پایگاه چاه لشکر,411514,6
69765,3336,شهرک عشایری لولکدان,411517,6
69766,3336,موتور در محمد گمشادزهی,413629,6
69767,3336,موتورحاجی جمعه,413630,6
69768,3336,موتور خدادادگمشادزهی,413631,6
69769,3336,موتور علی ریگی,413633,6
69770,3336,موتور کامران گمشادزهی,413634,6
69771,3336,موتور سید محمد,414716,6
69772,3336,چاه نیک محمدگمشادزهی,414721,6
69773,3336,خالق آباد,415908,6
69774,3336,موتور حاجی اسماعیل,415909,6
69775,3336,موتور عباس,415910,6
69776,3336,عثمان آباد,415912,6
69777,3336,برجک8,415923,6
69778,3336,پاسگاه 93,415924,6
69779,3336,برجک تهلاب,415925,6
69780,3336,موتورخیرمحمد,415929,6
69781,3336,موتور علم شهلی بر,415930,6
69782,3336,موتورنرماشیری,415931,6
69783,3336,موتورخدارحم,415932,6
69784,3336,موتوراکبر,415933,6
69785,3336,پاسگاه تهلاب,415935,6
69786,3336,موتورعزت ریگی,416791,6
69787,3336,موتور گل محمد خلیلی,416792,6
69788,3336,موتورحاج اسحق,711552,6
69789,3336,موتورحاج بختیار,711553,6
69790,3336,موتورصالح,811319,6
69791,3336,محمد آباد( محمد گمشاد زهی),811321,6
69792,3336,موتور عیسی دانش,811322,6
69793,3336,موتور محمد بخش گرگیچ,811323,6
69794,3336,موتورنصراله,811324,6
69795,3336,موتور ابراهیم,811325,6
69796,3336,موتورمندوست گمشادزهی,811326,6
69797,3336,موتور خدابخش ریگی,811327,6
69798,3336,موتور کوهی گمشاد,811328,6
69799,3336,موتور حاجی محمود,811329,6
69800,3336,منبع آب شهرک,811330,6
69801,3336,موتور حمید(لاغر),811331,6
69802,3336,موتورحق داد,811332,6
69803,3336,موتور عیسی,811333,6
69804,3336,موتورحاجی اله رسان کرد,811334,6
69805,3336,چاه گزی,811335,6
69806,3336,چاه احمد گمشاد زهی,811336,6
69807,3336,موتور احمد رضا گمشاد زهی,811337,6
69808,3336,موتور حاجی هوشنگ,811338,6
69809,3336,موتور علیرضا ریگی مدد,811339,6
69810,3336,موتور کیا نوتی زهی (قاضی),811340,6
69811,3336,موتور کریم بخش گمشاد زهی,811341,6
69812,3336,موتورملاآخرداد,811342,6
69813,3336,موتور حاجی عیسی,811343,6
69814,3336,موتور محمد ریگی( اله آباد),811344,6
69815,3336,موتور عبدالرحمان (امیدآباد),811345,6
69816,3336,مشاع علی خان جهانتیغ,811346,6
69817,3336,موتور اله رسان,811347,6
69818,3336,حسین آبادچاه لشکر,842208,6
69819,3336,موتورموسی گمشادزهی,842288,6
69820,3336,موتورعبدالغنی گمشادزهی,842289,6
69821,3336,موتوررحمدل گمشادزهی,842290,6
69822,3336,موتورنوگل گمشادزهی,842291,6
69823,3336,موتورحسین گنگوزهی,842292,6
69824,3336,قادرآباد,842293,6
69825,3336,موتورراج بی بی گمشادزهی,842294,6
69826,3336,موتوررضانوتی زهی,842295,6
69827,3336,موتورشهدوست شهنوازی,842296,6
69828,3336,موتورشاجی گمشادزهی,842297,6
69829,3336,احمدآباد,842298,6
69830,3336,رحمان آباد,842299,6
69831,3336,موتورمحمدعلی,842422,6
69832,3336,مشاع100(موتورحاجی عبدالله),842497,6
69833,3336,مزرعه شهنواز,842501,6
69834,3336,پایگاه نظامی 100,842524,6
69835,3336,پاسگاه لولکدان,911234,6
69836,3337,آزادگز,186698,6
69837,3337,میرآباد,186703,6
69838,3337,انجیرکی,186705,6
69839,3337,پتک,186723,6
69840,3337,توتراندپ,186734,6
69841,3337,درواسک,186762,6
69842,3337,دهیرک(دیرک),186766,6
69843,3337,دیوالی,186767,6
69844,3337,سامانی,186779,6
69845,3337,سختکلگی,186781,6
69846,3337,پادکوب,186782,6
69847,3337,سیانی درک,186789,6
69848,3337,کرکوم دپ,186804,6
69849,3337,کلاتین دپ,186823,6
69850,3337,کهکان گوهیچ,186836,6
69851,3337,کیندر,186838,6
69852,3337,گتیگ,186839,6
69853,3337,گوشی درنگان,186870,6
69854,3337,ماران راه,186878,6
69855,3337,مدیک,186882,6
69856,3337,مدیکدپ,186883,6
69857,3337,میرچ,186898,6
69858,3337,هنگیری تل,186921,6
69859,3337,دهداتی,191453,6
69860,3337,شادیگور,191462,6
69861,3337,کلوک,191476,6
69862,3337,کوشات سوم,191479,6
69863,3337,کهورانی گواش,191486,6
69864,3337,گرداک,191489,6
69865,3337,هلونچکان,191515,6
69866,3337,کوشات اول,412167,6
69867,3337,کوشات دوم,412168,6
69868,3337,مزرعه سامنت,412169,6
69869,3337,جنگل,412170,6
69870,3337,گربن,412173,6
69871,3337,گتانسریک,412174,6
69872,3337,کلگی,412175,6
69873,3337,حاجی آباد,412176,6
69874,3337,حواران(کداب),412177,6
69875,3337,دشتوک,412180,6
69876,3337,گوندرمان,412181,6
69877,3337,جلب دوک(گرداک),413081,6
69878,3337,بوفکان,416178,6
69879,3337,شادکام دپ,416179,6
69880,3337,چریتی,416809,6
69881,3337,الهی آباد,416810,6
69882,3337,سرکاجه,416812,6
69883,3337,کلیرشیپ,711579,6
69884,3337,سرمیرچ,711665,6
69885,3337,لاغرخوشاب,711968,6
69886,3337,جگانی,711969,6
69887,3337,پادین بک,811300,6
69888,3337,سراوانی بازار,842432,6
69889,3337,تاکان,842561,6
69890,3338,چوت آباد,191445,6
69891,3338,جموک,191455,6
69892,3338,کریم آباد,191464,6
69893,3338,کارچان,191470,6
69894,3338,کاهلان,191471,6
69895,3338,پی تاپ,191499,6
69896,3338,مزرعه موسی آباد,191501,6
69897,3338,مزرعه کلیانی تاگ,191504,6
69898,3338,مشکین در,191508,6
69899,3338,هیت,191516,6
69900,3338,گورناگ,410141,6
69901,3338,گهرام کلات,412156,6
69902,3338,تیغک,412159,6
69903,3338,پاسک,412160,6
69904,3338,سهرآپ,412161,6
69905,3338,جکاندر,412162,6
69906,3338,بدوکی,412163,6
69907,3338,کیکونوک,412164,6
69908,3338,کالان,412183,6
69909,3338,شهرک عشایری(فضل الهی),415370,6
69910,3338,حاجی سبزان,416177,6
69911,3338,علی آباد,416811,6
69912,3338,امام آباد,416828,6
69913,3338,بارگ,416833,6
69914,3338,زین الدینی,911818,6
69915,3338,شرکت شن سازان بلوچ,911843,6
69916,3338,معدن سنگ لاشه,911844,6
69917,3338,دمبیکان,911845,6
69918,3339,آبند,191435,6
69919,3339,چندوکان,191444,6
69920,3339,دزبن,191449,6
69921,3339,کوشوک(دنوکان),191452,6
69922,3339,گت بن,191472,6
69923,3339,لوریانی(دنسر),191494,6
69924,3339,تابکوه,191500,6
69925,3339,مزرعه کاشیک,191502,6
69926,3339,مزرعه نابین,191510,6
69927,3339,مورتینس,191511,6
69928,3339,مزرعه نگور,191517,6
69929,3339,مزرعه گلین رود,412187,6
69930,3339,هنشابک,412188,6
69931,3339,گرکور,412190,6
69932,3339,سی تل,412191,6
69933,3339,حاجی آباد,415374,6
69934,3339,کلگ,911842,6
69935,3340,ارزنی,191436,6
69936,3340,بانی شیب,191438,6
69937,3340,بگ,191440,6
69938,3340,توکل,191442,6
69939,3340,حمیری,191446,6
69940,3340,دپ,191448,6
69941,3340,رگ دف,191456,6
69942,3340,زیارت جنگل,191458,6
69943,3340,سرتاپ,191460,6
69944,3340,عزیزآباد,191466,6
69945,3340,قمرزه,191468,6
69946,3340,کلمت,191475,6
69947,3340,کوه بن,191481,6
69948,3340,گهجن,191492,6
69949,3340,مچ گواش,191496,6
69950,3340,میران مچ,191509,6
69951,3340,نبخش,191513,6
69952,3340,هزاری,191514,6
69953,3340,رگشا,412184,6
69954,3340,قند,412186,6
69955,3340,کاشوکی,412192,6
69956,3340,توجان,412193,6
69957,3340,بیستک,415372,6
69958,3340,سستگ,415373,6
69959,3340,رگ دپ جدید,711655,6
69960,3340,دلمرادبازار,711656,6
69961,3340,خداآباد,711657,6
69962,3340,شرکت توسار,711658,6
69963,3340,شهرک زیردان,711659,6
69964,3340,زندانی دپ,711663,6
69965,3340,میش پیش,711970,6
69966,3340,تحتی,811218,6
69967,3340,شه کافر,811219,6
69968,3341,بل,190987,6
69969,3341,تلنگ,191002,6
69970,3341,توکدان,191003,6
69971,3341,جغران وارو,191004,6
69972,3341,چب,191006,6
69973,3341,چرک,191007,6
69974,3341,حاجی بازار,191009,6
69975,3341,دک,191013,6
69976,3341,دنسرتلنگ,191015,6
69977,3341,دنگری پایین,191016,6
69978,3341,دیرمان,191017,6
69979,3341,شاهک بازار,191029,6
69980,3341,شودیک,191030,6
69981,3341,شیرمحمدبازار,191034,6
69982,3341,دزانی کالدان,191041,6
69983,3341,کالکوت,191042,6
69984,3341,کوتیرو,191051,6
69985,3341,کوچو(کوچوبالا),191052,6
69986,3341,گازگر,191055,6
69987,3341,گزی زهی,191056,6
69988,3341,لالوبازار,191067,6
69989,3341,مارانگز,191069,6
69990,3341,ماندیرو,191071,6
69991,3341,نالود,191073,6
69992,3341,کچل,191089,6
69993,3341,کالدان,412195,6
69994,3341,دنسرکالدان,412196,6
69995,3341,کچ,412197,6
69996,3341,جدگال آباد,412198,6
69997,3341,ودو,412199,6
69998,3341,میناب,412200,6
69999,3341,ستانی,412201,6
70000,3341,کوچوپایین(دور),412202,6
70001,3341,چیل,412203,6
70002,3341,بل پایین,412204,6
70003,3341,بل بالا,412205,6
70004,3341,گورچاری,412206,6
70005,3341,بوندی,412665,6
70006,3341,تولک رود,412882,6
70007,3341,بوچی,416432,6
70008,3341,نوهانی بازار,416433,6
70009,3341,مچی گورچاری,711440,6
70010,3341,دنگری بالا,711441,6
70011,3341,گزدری,711442,6
70012,3341,جان محمدبازار,711445,6
70013,3341,لگوربیت,711446,6
70014,3341,اله آباد,711654,6
70015,3341,چب شاه محمد(تحصیل آباد),842033,6
70016,3341,نوهانی لال محمدبازار,842209,6
70017,3341,جعفرآباد,842559,6
70018,3342,بوریندوک,191441,6
70019,3342,زنر,191454,6
70020,3342,سروش,191461,6
70021,3342,روسرشارگ,191463,6
70022,3342,شیخ کلگ,191465,6
70023,3342,کدرم,191473,6
70024,3342,کلانزه,191477,6
70025,3342,کهن پایین,191483,6
70026,3342,کهن بالا,191484,6
70027,3342,کهنان زه,191485,6
70028,3342,گتیوان,191487,6
70029,3342,گواندرک,191490,6
70030,3342,مچی,191497,6
70031,3342,خوشاب,412213,6
70032,3342,کله گوک,412214,6
70033,3342,کلگی,412215,6
70034,3342,کانکور,414264,6
70035,3342,شرکت سدزیردان,415371,6
70036,3342,دنسرشارگ,711443,6
70037,3342,گوگدیم شارگ,711444,6
70038,3342,گواجیگ,711491,6
70039,3342,چاهتک,711492,6
70040,3342,کلیرشیپ,711971,6
70041,3342,چراغ آباد,711972,6
70042,3342,سهاکی,711973,6
70043,3343,مکان شاهی(مغان شاهی),186478,6
70044,3343,آبکاس,187151,6
70045,3343,اگرستان,187153,6
70046,3343,اگری چان,187154,6
70047,3343,بندمالان,187158,6
70048,3343,پیشنک,187163,6
70049,3343,پی تجک,187164,6
70050,3343,تخمان چاوشان,187166,6
70051,3343,جع مکان,187172,6
70052,3343,چاتی,187173,6
70053,3343,چاه گاهی,187175,6
70054,3343,چاه ننده,187176,6
70055,3343,پتروک شودان,187180,6
70056,3343,خیرآباد,187182,6
70057,3343,درودکان,187189,6
70058,3343,رودان چاران,187193,6
70059,3343,رامک,187194,6
70060,3343,راه سبیل,187195,6
70061,3343,رشکان,187196,6
70062,3343,سبیلان گمشاد,187204,6
70063,3343,سرزه,187205,6
70064,3343,سرگلمان,187207,6
70065,3343,سمک,187209,6
70066,3343,سنکوت,187210,6
70067,3343,سیاهکان,187214,6
70068,3343,سی سلمان,187216,6
70069,3343,کاکوج,187220,6
70070,3343,کردسکیان,187222,6
70071,3343,کرکی,187223,6
70072,3343,کرنان,187224,6
70073,3343,کسکان,187227,6
70074,3343,کشهک,187228,6
70075,3343,کلک قاسم,187229,6
70076,3343,کورسک,187234,6
70077,3343,گوهیچ,187237,6
70078,3343,گتی(درسندکی),187240,6
70079,3343,گران پدان,187242,6
70080,3343,گز مهراب خان,187244,6
70081,3343,گواش,187248,6
70082,3343,مغان شابو,187257,6
70083,3343,مزرعه روپتکان,187287,6
70084,3343,مزرعه زرتک,187288,6
70085,3343,مزرعه شه جمال,187295,6
70086,3343,کلک عبدی,187299,6
70087,3343,کمردان,187301,6
70088,3343,آپان گرمو,187320,6
70089,3343,مشکاهن,187325,6
70090,3343,مگون,187326,6
70091,3343,میرآباد,187328,6
70092,3343,هیتان,187331,6
70093,3343,پتکان بالا,187937,6
70094,3343,مزرعه خیر آباد,187953,6
70095,3343,مندسهرانی,187960,6
70096,3343,کلمان,187966,6
70097,3343,مزرعه آب چرتک,412088,6
70098,3343,سررود,412089,6
70099,3343,حسن آباد,412094,6
70100,3343,رودبار,412095,6
70101,3343,اسلام آباد(کلری),412096,6
70102,3343,هیمنی,412097,6
70103,3343,سوراب (سوراب چگردک),412098,6
70104,3343,نصرت آباد,412099,6
70105,3343,سنگردورک,412100,6
70106,3343,مزرعه کنترواز,412103,6
70107,3343,آپان گرمو(زبان گرمو),412105,6
70108,3343,کرنگه,412107,6
70109,3343,سبیلان جعفر,412110,6
70110,3343,الله آباد سولکوک,412111,6
70111,3343,گردکوه,412112,6
70112,3343,کلهمین,412113,6
70113,3343,بن رود,412115,6
70114,3343,رامشتی,412125,6
70115,3343,قلمی,412126,6
70116,3343,تخمان مندوست,412127,6
70117,3343,گندتیهان,412128,6
70118,3343,کتینک,412131,6
70119,3343,کهوربلبل,412133,6
70120,3343,پوجرک,412642,6
70121,3343,زراباد,412643,6
70122,3343,درگز,412645,6
70123,3343,بلفتان,412646,6
70124,3343,بندنبگی(سردرگان),412647,6
70125,3343,گبدهامون,412648,6
70126,3343,پتکان,412971,6
70127,3343,کمیکان,413664,6
70128,3343,علی آبادخیرآباد,413665,6
70129,3343,آبایگان,414002,6
70130,3343,دروازوک سیه تکان,414273,6
70131,3343,مزرعه سرزه,414274,6
70132,3343,بهشت آباد,414857,6
70133,3343,ولی آباد سیاهکان(سفیدآباد),415343,6
70134,3343,سرزه بالا,416128,6
70135,3343,بن سپتک,416151,6
70136,3343,درزیروکی,416152,6
70137,3343,حمل کشته,416153,6
70138,3343,نرمک,416155,6
70139,3343,سیدآباد,416156,6
70140,3343,سرخ کچ,416157,6
70141,3343,اسحق آباد,416158,6
70142,3343,جان آباد,416160,6
70143,3343,گیت تاسنان,416161,6
70144,3343,کناری,416162,6
70145,3343,کشکان,416804,6
70146,3343,خوشاب رابی,416805,6
70147,3343,فارق آباد,711319,6
70148,3343,درخشککی,711320,6
70149,3343,محمدآبادکلیکان,711321,6
70150,3343,چاه توکلی,711322,6
70151,3343,کورکزی,711323,6
70152,3343,علی آباد,711578,6
70153,3343,علی آبادفنوج,711691,6
70154,3343,دن گیشراتان,811229,6
70155,3343,کل سکان,842210,6
70156,3343,محسن آباد,842376,6
70157,3343,میرزاآباد,842431,6
70158,3343,کوشوک,842480,6
70159,3343,حاجی آباد,842481,6
70160,3343,احمدآباد(چاه بانتل),842514,6
70161,3343,سردن رامک,842527,6
70162,3343,کمبکان,911841,6
70163,3343,کهورکان,911969,6
70164,3344,انورآباد,187936,6
70165,3344,پتکان پایین,187938,6
70166,3344,جوگزپایین,187939,6
70167,3344,جاه مرغ,187943,6
70168,3344,جوگزبالا,187945,6
70169,3344,چاه خالقداد,187948,6
70170,3344,چاه گاهی,187949,6
70171,3344,سرخ گزی چاه گزی,187950,6
70172,3344,چراغ آباد,187952,6
70173,3344,دوکی خوشاب,187955,6
70174,3344,دیوبند(دیگون),187957,6
70175,3344,سمسورجاه,187958,6
70176,3344,سورگاف,187959,6
70177,3344,شوشمنت,187961,6
70178,3344,کریم آباد,187964,6
70179,3344,کلچات,187965,6
70180,3344,کهن عیسی,187968,6
70181,3344,کلوکی,187974,6
70182,3344,گورمزار (گل آباد),187975,6
70183,3344,مره حسین آباد,187977,6
70184,3344,مزرعه چاه میر,187988,6
70185,3344,کمال آباد,187991,6
70186,3344,سرخ گزی(گرزکی),187994,6
70187,3344,مسکوتان,188002,6
70188,3344,نرک,188004,6
70189,3344,موتورحیدرهوت,412064,6
70190,3344,کلدر,412074,6
70191,3344,تهلک,412121,6
70192,3344,پیش خانگی,412122,6
70193,3344,چراب,412123,6
70194,3344,دشت امام,412652,6
70195,3344,آپارنگ,416164,6
70196,3344,رشیدآباد,416165,6
70197,3344,موتور آب یعقوب امیری,416167,6
70198,3344,چاه مزار,416813,6
70199,3344,اسپتکی,416814,6
70200,3344,چاه ولی داد,711331,6
70201,3344,گوجک(موتورچراغ خان),711332,6
70202,3344,میدان(چاه غلام),711333,6
70203,3344,چاه جهانگیر,811227,6
70204,3344,دشت انورآباد,842211,6
70205,3344,دشت سهران,842429,6
70206,3344,احمدآباد,842443,6
70207,3344,پست برق,911829,6
70208,3344,آب گردین,911830,6
70209,3344,لوت آباد,911831,6
70210,3344,جوگز برنجیان,911832,6
70211,3345,کوری,186422,6
70212,3345,آب انبار,187150,6
70213,3345,آهوگان,187155,6
70214,3345,بیرمین,187159,6
70215,3345,تاهجک,187165,6
70216,3345,کرحمت,187190,6
70217,3345,رمش,187197,6
70218,3345,ریتک,187198,6
70219,3345,زبرینگ,187201,6
70220,3345,کهنان کوردان,187238,6
70221,3345,گدامک,187241,6
70222,3345,گورد,187251,6
70223,3345,گیران,187252,6
70224,3345,مدهان,187262,6
70225,3345,مزرعه بن زیارت,187270,6
70226,3345,چاهانک,187278,6
70227,3345,دردزدان,187282,6
70228,3345,درسوران,187283,6
70229,3345,دهدران,187285,6
70230,3345,دراگور,412135,6
70231,3345,کروچی,412138,6
70232,3345,کیانک,412139,6
70233,3345,بندسرخ(بن سرخ),412140,6
70234,3345,بم دوست,412141,6
70235,3345,گاملی,412142,6
70236,3345,درکرگان,412143,6
70237,3345,سانان,412144,6
70238,3345,مزرعه ریگ بلوچی,413678,6
70239,3345,کوه تنجیلان,413681,6
70240,3345,زمین غلامعلی,414279,6
70241,3345,جگان,414280,6
70242,3345,شهرفولاد,414281,6
70243,3345,بن گر,414282,6
70244,3345,درهوا(مرغی),414859,6
70245,3345,پرچان,415342,6
70246,3345,پتکان,416127,6
70247,3345,گزان بزن,416140,6
70248,3345,شهردر,416142,6
70249,3345,وهزاری,416143,6
70250,3345,کروچ,416145,6
70251,3345,مزرعه سپیکوک,416150,6
70252,3345,موگان مسور(مگان مسور),711692,6
70253,3345,نظام آباد,711930,6
70254,3345,گوج کوه,842323,6
70255,3345,دربنی,842324,6
70256,3345,چراغ آباد,911965,6
70257,3345,کروچ گتیج,911966,6
70258,3346,ذرتی,186367,6
70259,3346,سیاهینک,186383,6
70260,3346,مزرعه هیشورکی,186474,6
70261,3346,پوتر,187162,6
70262,3346,تراتی,187167,6
70263,3346,توبه ای,187168,6
70264,3346,تیدر,187169,6
70265,3346,تیغ آب,187170,6
70266,3346,جک,187171,6
70267,3346,دپدران,187184,6
70268,3346,درگی,187187,6
70269,3346,دلکوک,187191,6
70270,3346,زربدان,187199,6
70271,3346,سوریچ,187211,6
70272,3346,سولکوک,187212,6
70273,3346,شهرعمر,187217,6
70274,3346,قاسم آباد,187219,6
70275,3346,کلاخوک,187230,6
70276,3346,کم شهربالا,187233,6
70277,3346,کوسیچی بالا,187236,6
70278,3346,گسپردین,187245,6
70279,3346,گوانک,187249,6
70280,3346,گی شی چی,187253,6
70281,3346,لوری شاه,187254,6
70282,3346,متری,187256,6
70283,3346,محترم آباد,187259,6
70284,3346,مدانچ,187261,6
70285,3346,پیرویی,187273,6
70286,3346,مزرعه توکان,187276,6
70287,3346,جوش,187277,6
70288,3346,دادکوهی,187280,6
70289,3346,درجوش,187281,6
70290,3346,سورجان,187291,6
70291,3346,مزرعه شابک,187293,6
70292,3346,راه شوشهر,187294,6
70293,3346,مزرعه کروچی در,187298,6
70294,3346,مزرعه کوبکر(کندک),187303,6
70295,3346,مزرعه کوکویی,187305,6
70296,3346,گرهیران,187306,6
70297,3346,گری دوزان,187311,6
70298,3346,لهو,187314,6
70299,3346,ملگند,187318,6
70300,3346,نیرن,187321,6
70301,3346,گودک,187327,6
70302,3346,نوع گراز,187329,6
70303,3346,هیکان,187333,6
70304,3346,خوشاب,187334,6
70305,3346,کرشکن,187335,6
70306,3346,نری,187336,6
70307,3346,چاه محمدی,412134,6
70308,3346,راه تیغ آب,412145,6
70309,3346,پاکروچ,412146,6
70310,3346,دربندک,412147,6
70311,3346,شهرگاه,412148,6
70312,3346,کرنک,412150,6
70313,3346,مزرعه جبرآباد,412151,6
70314,3346,آبشار,412153,6
70315,3346,کانی شیخان,412394,6
70316,3346,سپیتکان,412395,6
70317,3346,دبشان,412656,6
70318,3346,پرتنگ,413670,6
70319,3346,جوانجا,413672,6
70320,3346,کلدانک,413673,6
70321,3346,میحان,413679,6
70322,3346,پنسکان,414283,6
70323,3346,کهنک,414285,6
70324,3346,بلکو,414861,6
70325,3346,کولگ,416149,6
70326,3346,جبرآباد,711931,6
70327,3346,شوشهر,911959,6
70328,3346,سراستهلان,911960,6
70329,3346,مانو,911961,6
70330,3346,موتورحسین,911962,6
70331,3346,وستان,911963,6
70332,3346,کم شهرپایین,911964,6
70333,3346,چاه نوکران,911967,6
70334,3346,هدر,911968,6
70335,3347,ریگ کپوت,186217,6
70336,3347,نوکجوب,186249,6
70337,3347,شهرک شهیدبهشتی,410292,6
70338,3347,موتورنقیب,410294,6
70339,3347,موتورلال محمد,410296,6
70340,3347,موتور عیسی دامنی,412456,6
70341,3347,موتوررستم بلوچ زهی,412457,6
70342,3347,موتورمهدی مشهدی,412458,6
70343,3347,موتورشهدادغلام زهی,412459,6
70344,3347,موتورعبدالکریم دامنی,412460,6
70345,3347,شمال بامری,413135,6
70346,3347,موتور خاشی,413137,6
70347,3347,موتور مرادبخش دامنی,413139,6
70348,3347,موتور صبوری شرکت تک,413140,6
70349,3347,بزپیران,413649,6
70350,3347,موتور عبدالله بیجارزهی,414088,6
70351,3347,پایگاه انتظامی ارتش,414092,6
70352,3347,موتور اله بخش بیجارزهی,414552,6
70353,3347,شرکت یاز,414555,6
70354,3347,موتورعبدی بلوچی,414969,6
70355,3347,موتورحاجی خدارحم شه بخش,416381,6
70356,3347,موتورامین حامدی,711572,6
70357,3347,موتور حاج درویش زردکوهی,711785,6
70358,3347,نوک آباد,711786,6
70359,3347,موتور سلیمان بامری,811571,6
70360,3347,موتور نور محمد بیجار زهی,811692,6
70361,3347,موتور محمد رییسی (دینارزهی),811693,6
70362,3347,موتورعلی,842449,6
70363,3347,موتورگهرام بامری,911710,6
70364,3347,موتورالله بخش بامری(موتورحاج احمدریگی),911711,6
70365,3347,موتورفاروق بیجارزهی,911712,6
70366,3347,موتوربلوچ شه بخش,911713,6
70367,3347,موتوردرملک سرفرازی,911714,6
70368,3347,موتوردادخدازردکوهی,911715,6
70369,3347,موتورحاج نعمت ریگی,911716,6
70370,3347,موتوریاسین دامنی,911717,6
70371,3347,موتوراسفندیار,911718,6
70372,3347,موتورحاج امیدشه بخش,911719,6
70373,3347,موتورعبدل شه بخش,911720,6
70374,3347,موتوراله بخش رودینی,911721,6
70375,3347,موتورعلی بخش دامنی,911722,6
70376,3347,موتورحاجی سلیمان,911725,6
70377,3347,موتورعلی محمدمندی,911726,6
70378,3347,موتوررحیم صلاح زهی,911727,6
70379,3347,موتورعلی محمدصلاح زهی,911728,6
70380,3347,موتوررحیمدادبلوچی,911729,6
70381,3347,موتورحاج عبدالرحمن باندمالی,911730,6
70382,3347,موتورحاج عبدالرحمن ریگی,911731,6
70383,3347,موتورموسی حقانی نیا,911732,6
70384,3347,موتورقادربخش سهراب زهی,911733,6
70385,3347,موتورامین اله ایرندگانی,911734,6
70386,3347,موتورشهدادغلامزاده اکمال,911741,6
70387,3347,موتورجهانشاه دکالی,911742,6
70388,3347,موتورقادربامری,911743,6
70389,3347,موتورحاجی نوشیروان,911744,6
70390,3347,امین آباد,911745,6
70391,3347,موتورحاج اله بخش قنبرزهی,911746,6
70392,3347,نلان(حسین آباد),911748,6
70393,3348,پادگان نظامی ارتش,186203,6
70394,3348,پاسگاه انتظامی دوراهی بمپور,186204,6
70395,3348,چکرآباد,186212,6
70396,3348,حسین آباد,186213,6
70397,3348,خیرآباد,186214,6
70398,3348,علی آباد,186220,6
70399,3348,شهرک شهیدکلاه دوز,186225,6
70400,3348,فیروزآباد,186229,6
70401,3348,مچ قاسم,186232,6
70402,3348,ملک آباد,186240,6
70403,3348,مزرعه رحمت آباد,410284,6
70404,3348,موتورمحمداسماعیل زهی,410286,6
70405,3348,مرادآباد,410287,6
70406,3348,اداره کشاورزی,410288,6
70407,3348,شهرک قدس,410289,6
70408,3348,اسلام آباد,410290,6
70409,3348,موتوراکبروشه نظر,410298,6
70410,3348,موتورحسن برهانزهی,410299,6
70411,3348,موتورعمرسرحدی,412478,6
70412,3348,موتورگل محمدپلنگی,412484,6
70413,3348,موتورعبدالرحمن ایرندگانی,412875,6
70414,3348,نیروگاه گازی,414019,6
70415,3348,موتورعیدمحمدشه بخش,414089,6
70416,3348,موتور عبدالسلام رودینی,414090,6
70417,3348,موتور حاج عباس مشکی,414093,6
70418,3348,موتورسبویی,414551,6
70419,3348,موتوررضازاده,414553,6
70420,3348,شرکت کپسول پرکنی اتحادیه های عشایری,416351,6
70421,3348,فرستنده رادیویی,416352,6
70422,3348,پایگاه دسته رزمی بسیج,416353,6
70423,3348,موتوردوست محمدرودینی,416378,6
70424,3348,موتورمحمددپکوری,416379,6
70425,3348,موتورنوراله شه بخش,711002,6
70426,3348,مرادنرماشیری,711787,6
70427,3348,کریم صلاح زهی,711788,6
70428,3348,موتور حاجی موسی شه بخش,711789,6
70429,3348,موتور حسین ریگی,711790,6
70430,3348,موتور دادمحمد رودینی,711791,6
70431,3348,موتورمحمدامیرزهی,711792,6
70432,3348,موتورپمپ عبدالرحیم وزیری,711793,6
70433,3348,موتورشکر لشکری,711794,6
70434,3348,دولاپان,842037,6
70435,3348,قنات موسی عظیم,842448,6
70436,3348,موتورقاسم برهان زهی,911723,6
70437,3348,موتورحاج موسی شهلی بر,911724,6
70438,3348,موتورعبدالرحیم وزیری,911735,6
70439,3348,شرکت شکلات سازی,911736,6
70440,3348,پمپ بنزین,911737,6
70441,3348,موتورعزت اله قنبرزهی,911738,6
70442,3348,موتورنورمحمدشهیکی,911739,6
70443,3348,موتورموسی دامنی,911740,6
70444,3348,موتورخیرمحمددامنی,911747,6
70445,3348,موتورجلال برهانزهی,911990,6
70446,3349,بهشت آباد,186202,6
70447,3349,چاه دراز,186211,6
70448,3349,سرتختی شاه آباد,186218,6
70449,3349,فیروزآباد,186228,6
70450,3349,موتورجمال,186242,6
70451,3349,موتوردرویش,186243,6
70452,3349,موتورملک(چاه هفتاری),186247,6
70453,3349,پشک آباد(جعفرآباد),410532,6
70454,3349,موتورگل محمدبهشت آباد,410534,6
70455,3349,موتورکریم,410536,6
70456,3349,موتورعلی شکری,410537,6
70457,3349,بهشت آبادشریف(موتورشریف بامری),410538,6
70458,3349,موتورلال بخش تختی,410541,6
70459,3349,موتور قادربخش,410542,6
70460,3349,چاه حسینی,413142,6
70461,3349,موتور عبدالله نارویی,413143,6
70462,3349,موتورنقسان,414094,6
70463,3349,موتورعبدالغفورنارویی,414556,6
70464,3349,موتورراوگان هوتی,414982,6
70465,3349,موتوراصغرنارویی,414983,6
70466,3349,موتور ابراهیم پیکری,416299,6
70467,3349,موتور صالح نارویی,416350,6
70468,3349,موتور هیبت تاشکی,416390,6
70469,3349,موتور افضل نارویی,416391,6
70470,3349,موتورعلی برهانزهی,711003,6
70471,3349,موتورخدادادزین الدین,711795,6
70472,3349,موتوررحیم دادنارویی,711796,6
70473,3349,موتورشیرمحمد,711797,6
70474,3349,موتورجمانارویی تختی,711798,6
70475,3349,موتور ابوالحسن نارویی,711799,6
70476,3349,موتور محمود زهی,811089,6
70477,3349,موتور صمد طوقی,811090,6
70478,3349,موتورشریف(شریف فهرجی),811570,6
70479,3349,چاه حسینی(تمپ کپلک),842446,6
70480,3349,موتورشه قلی نارویی,842450,6
70481,3349,موتورموسی نارویی,842451,6
70482,3349,موتوردادخدانارویی(گزانبار),911773,6
70483,3349,موتورمراداخلاقی,911774,6
70484,3349,موتورموسی رشیدی,911775,6
70485,3349,موتورایوب نارویی,911776,6
70486,3349,موتورقنبر زین الدینی,911777,6
70487,3349,موتوردرک نارویی,911778,6
70488,3349,موتورجلال,911779,6
70489,3349,شکرآباد,911780,6
70490,3349,موتوراحمدکردی,911781,6
70491,3349,موتورپیرمحمدنرماشیری,911782,6
70492,3349,موتورگل محمدامیریان(اعظم),911783,6
70493,3349,موتورگل محمد,911784,6
70494,3349,موتوربلوچی,911785,6
70495,3349,موتورقربان نارویی,911786,6
70496,3349,موتورنورمحمدنارویی,911787,6
70497,3349,موتورحاج جعفرنارویی,911788,6
70498,3349,موتورکرم بیک نارویی,911789,6
70499,3349,موتورلال بخش,911790,6
70500,3349,موتورعباس نارویی,911791,6
70501,3349,موتورصابر,911792,6
70502,3349,موتوردین محمدنارویی,911793,6
70503,3349,موتوریارمحمدنارویی,911794,6
70504,3349,موتورسالار,911795,6
70505,3349,موتورنیازنارویی,911796,6
70506,3349,موتوریعقوب نارویی,911797,6
70507,3349,موتورجمانارویی,911798,6
70508,3349,موتورحمزه نارویی,911799,6
70509,3349,موتوردرویش نارویی,911800,6
70510,3349,موتوربختیارشکری,911801,6
70511,3349,موتورجماشکری,911802,6
70512,3349,چاه ارزنی(صاحبخان نارویی),911803,6
70513,3349,موتورآگی بامری(عیسی آباد),911804,6
70514,3349,موتورشه نظر,911806,6
70515,3349,موتورعبدالله حاجی جعفر,911807,6
70516,3349,موتورلشکری,911808,6
70517,3349,موتورملنگ نارویی,911809,6
70518,3349,موتور چراغ نارویی(چراغ آباد),911822,6
70519,3350,توردان,186207,6
70520,3350,دهمیر,186216,6
70521,3350,سیدآباد,186219,6
70522,3350,شمس آباد,186224,6
70523,3350,میرآباد,186248,6
70524,3350,موتورسرجنگلداری(مزرعه کشاورزی صمیمی),410529,6
70525,3350,مزرعه آموزشی مرکز آموزش,413141,6
70526,3350,مشاع نورزایی,414986,6
70527,3350,مشاع باران کشت,416298,6
70528,3350,قلندرآباد,842231,6
70529,3350,موتورآخردادحاجی زهی,842378,6
70530,3350,چاه شماره1تفتان زرخیز,911749,6
70531,3350,چاه شماره10تفتان زرخیز,911750,6
70532,3350,چاه شماره 9 تفتان زرخیز,911751,6
70533,3350,چاه شماره 11 تفتان زرخیز,911752,6
70534,3350,چاه شماره12تفتان زرخیز,911753,6
70535,3350,چاه شماره 18تفتان زرخیز,911754,6
70536,3350,چاه شماره17تفتان زرخیز,911755,6
70537,3350,چاه شماره19تفتان زرخیز,911756,6
70538,3350,چاه شماره 20تفتان زرخیز,911757,6
70539,3350,موتورنظرجان آبادی,911758,6
70540,3350,موتورعابدنارویی,911759,6
70541,3350,موتورنظرریگی,911760,6
70542,3350,موتورجمانارویی,911761,6
70543,3350,شرکت سیمدشت,911762,6
70544,3350,موتورغلامحسین سودی,911763,6
70545,3350,موتورمحسن سودی,911764,6
70546,3350,موتورنورزایی,911765,6
70547,3350,موتورعلیزاده(محبان رضا),911766,6
70548,3350,موتورشماره2تفتان زرخیز,911767,6
70549,3350,موتورمبین مرادی,911768,6
70550,3350,موتورابراهیم نرماشیری,911769,6
70551,3350,موتورمهندس میربلوچزهی,911770,6
70552,3350,موتورشیهکی,911771,6
70553,3350,موتورسپاهی,911772,6
70554,3350,موتورعبدالحمیدشاهوزهی,911805,6
70555,3351,انجیرمهی,193346,6
70556,3351,بلوچ آبادکهنکی,193347,6
70557,3351,تختون,193351,6
70558,3351,تیرآباد,193353,6
70559,3351,چاه ریگک,193356,6
70560,3351,چاه شور,193357,6
70561,3351,چاهک,193358,6
70562,3351,خون کاکا,193360,6
70563,3351,دهپابید,193361,6
70564,3351,رحمت آباد,193362,6
70565,3351,رستم آباد,193363,6
70566,3351,روباهوک,193364,6
70567,3351,سهراب آباد,193366,6
70568,3351,سیدآباد,193367,6
70569,3351,شهدادشیرو,193368,6
70570,3351,ده تجگی,193371,6
70571,3351,کلک پایین,193373,6
70572,3351,کلی,193375,6
70573,3351,کهنک,193376,6
70574,3351,بیدان سرزه,193377,6
70575,3351,محمدآبادسازینک,193380,6
70576,3351,محمدآباد(گزان جلی),193381,6
70577,3351,محمدشیرو,193382,6
70578,3351,میل مان,193384,6
70579,3351,نراپ,193385,6
70580,3351,گرجرک,193398,6
70581,3351,حبیب آباد,193713,6
70582,3351,اسکل آباد,193743,6
70583,3351,سیاه تیربالا,193745,6
70584,3351,سیاه تیرپایین,193746,6
70585,3351,کهن عزت,193748,6
70586,3351,کهن نوک,193749,6
70587,3351,کلاته گوشان,193750,6
70588,3351,گوشان پایین,193751,6
70589,3351,گونک,193752,6
70590,3351,چاه نبی آباد,411020,6
70591,3351,حمل آباد(رحمان آباد),411022,6
70592,3351,سازینک,411023,6
70593,3351,حاجی آباد,411024,6
70594,3351,چاه رحمت آباد,411025,6
70595,3351,گزرماهی,411028,6
70596,3351,کافه حاجی آباد,411029,6
70597,3351,بیدک پایین,411030,6
70598,3351,بیدک بالا,411031,6
70599,3351,مورتک پایین,411033,6
70600,3351,کافه مورتک,411034,6
70601,3351,گروک پایین,411035,6
70602,3351,بیدوک مورتک,412534,6
70603,3351,ملک آباد,413942,6
70604,3351,سنجدک,413947,6
70605,3351,خازبهاری,413948,6
70606,3351,غریب آباد(طویل آباد),414539,6
70607,3351,سر بند,416217,6
70608,3351,انجیرک اناری,416218,6
70609,3351,زیندوینی انجرک,416219,6
70610,3351,کرغانشور,416221,6
70611,3351,دهکده نوک آباد,596152,6
70612,3351,الله آباد,711804,6
70613,3351,قدرت آبادکلی,711860,6
70614,3351,خلیل آباد,811722,6
70615,3351,طویل آباد,811723,6
70616,3351,اکبرآباد,842270,6
70617,3351,حیدرآباد,842271,6
70618,3351,شکرآباد,842272,6
70619,3351,پسندآباد,842273,6
70620,3351,نصرت آباد,842274,6
70621,3351,محمدآباد,842275,6
70622,3351,حسن آباد,842276,6
70623,3351,بهرام آباد,842277,6
70624,3351,مهرآباد,842278,6
70625,3351,دهکده صمد,842313,6
70626,3351,گل تاگز(عزیزآباد),842426,6
70627,3351,الله آبادانجیرچاه,842440,6
70628,3351,کلاته بردیا,842441,6
70629,3351,وحیدآباد,842453,6
70630,3351,چشمه آبک پایین,911253,6
70631,3351,تنکوک,911316,6
70632,3351,نراب2,911385,6
70633,3351,گروک بالا,911386,6
70634,3351,کرچرک پایین,911387,6
70635,3351,مورتک بالا,911388,6
70636,3351,تختون بالا,911389,6
70637,3351,محسن آباد,911390,6
70638,3351,سیاپرک سازینک,911391,6
70639,3351,اله آباد,911392,6
70640,3351,احمدآباد,911401,6
70641,3351,محله چراغ,911824,6
70642,3352,پتکوکی,193482,6
70643,3352,تودک,193485,6
70644,3352,چلچل آباد,193488,6
70645,3352,خانک,193489,6
70646,3352,خلیل آباد,193490,6
70647,3352,دجنگ بالا(هاشمزهی),193491,6
70648,3352,دجنگ پایین,193492,6
70649,3352,کلک زنگری,193495,6
70650,3352,گلنگور(کلنگور),193498,6
70651,3352,ماشین,193500,6
70652,3352,بیداستر,193524,6
70653,3352,پوسه,193526,6
70654,3352,تخت,193527,6
70655,3352,تمندان,193529,6
70656,3352,تودلنگ,193530,6
70657,3352,جم چین,193531,6
70658,3352,چاغک گروک,193532,6
70659,3352,چاهک,193534,6
70660,3352,چشمه آبک,193535,6
70661,3352,چهارداب,193537,6
70662,3352,خرابه دکال,193539,6
70663,3352,دورودی تمندان ولان,193540,6
70664,3352,دورودی نرون,193541,6
70665,3352,دوشنگ,193542,6
70666,3352,سنیب,193543,6
70667,3352,سرکم,193544,6
70668,3352,سنگان کوکناک,193545,6
70669,3352,سولگوسه پل,193546,6
70670,3352,سیهکی,193547,6
70671,3352,فیروزآباد,193548,6
70672,3352,کم سگری,193549,6
70673,3352,دره کرتکون,193550,6
70674,3352,کریم آباد,193551,6
70675,3352,کله شوره ای جعفرآباد,193552,6
70676,3352,کوته بالا,193553,6
70677,3352,گاودان,193555,6
70678,3352,گروک,193556,6
70679,3352,سرگز(گزمه ماریشان),193557,6
70680,3352,گورموریک,193558,6
70681,3352,کوشه,193559,6
70682,3352,ماریشان,193560,6
70683,3352,مهران,193562,6
70684,3352,نارون,193563,6
70685,3352,نرون,193564,6
70686,3352,واراج پیشکوت,193565,6
70687,3352,ولان,193566,6
70688,3352,یوسف آباد,193568,6
70689,3352,محمودآباد,410907,6
70690,3352,ایستگاه مخابراتی دوجینگ,410908,6
70691,3352,دره ملخی,410909,6
70692,3352,دره پیشی,410910,6
70693,3352,آلی سلطان(شندی),410912,6
70694,3352,گتی,410913,6
70695,3352,دره آبریک,410914,6
70696,3352,عزیزآباد,410915,6
70697,3352,ملک آباد,410920,6
70698,3352,گرداک مهران,410921,6
70699,3352,قلعه رشیدخان,410922,6
70700,3352,محمدآباد,412541,6
70701,3352,پاکوه,413869,6
70702,3352,کهن شور,413871,6
70703,3352,چاه زیلان,413872,6
70704,3352,نعمت آبادچاه زیلان,413875,6
70705,3352,ملک آبادنوک برچاه زیلان,413876,6
70706,3352,دولت آباد,413877,6
70707,3352,دودر,413878,6
70708,3352,خیرآباد,413879,6
70709,3352,یوسف آبادتودک,413880,6
70710,3352,اسلام آبادلندی,414648,6
70711,3352,کریم آبادزنگری,414650,6
70712,3352,پناهگاه تفتان,415035,6
70713,3352,سردریا,415036,6
70714,3352,حمیدآباد,415037,6
70715,3352,دهکده رحمان,415038,6
70716,3352,اسماعیل آباد,415039,6
70717,3352,ده سنکر(حسین آباد),416853,6
70718,3352,خارکی,416854,6
70719,3352,پشت زردنرون,416855,6
70720,3352,عالیدر دورودی,416856,6
70721,3352,گزک (موته ),416857,6
70722,3352,لیس آباد,416858,6
70723,3352,ده میربلوچ,416859,6
70724,3352,چیهکی,416860,6
70725,3352,سرندوکانی,595981,6
70726,3352,کریم آبادبیداستر,711546,6
70727,3352,مجید آباد,711550,6
70728,3352,رودگلی چاهوک,711590,6
70729,3352,کریم آبادکوته بالا(کلیکه),711890,6
70730,3352,دره طلایی,811010,6
70731,3352,سیهکی کوته,811052,6
70732,3352,محمدآبادسنیب,811567,6
70733,3352,تلارک1,811597,6
70734,3352,علی آباد چاهک,811648,6
70735,3352,مرادآبادچاهک,811649,6
70736,3352,تل خنجکی,811701,6
70737,3352,اله آبادرودگلی,842359,6
70738,3352,دجنگ رحمت زهی,842425,6
70739,3352,مجتمع خدماتی و رفاهی,842445,6
70740,3352,احمدآباد(کهن فقیر),911246,6
70741,3352,موتورعبداله گرگیچ(جلال آباد),911247,6
70742,3352,جون آباد(موتورحاج لطیف),911248,6
70743,3352,گل آباد(حاج محمود),911249,6
70744,3352,مرغداری حاج یونس سالارزهی,911250,6
70745,3352,اله آبادکوته پایین,911251,6
70746,3352,موتورحاج مرادریگی(دادمحمد),911252,6
70747,3352,علی آبادسنیب,911254,6
70748,3352,میرگند,911303,6
70749,3352,دیاب,911304,6
70750,3352,جمال آباد,911305,6
70751,3352,میدان برتمندان,911306,6
70752,3352,چاغک فیروزآباد,911308,6
70753,3352,مرغداری مهراب(قدرت)(سرپشته گرداک),911309,6
70754,3352,گورانارک(کم زرد),911310,6
70755,3352,کوته پایین,911311,6
70756,3352,عیسی آباد(کردی روپس),911312,6
70757,3352,رحیم آباد(مرادزهی),911313,6
70758,3352,کینگی آبادچاهک,911314,6
70759,3352,کمرک,911315,6
70760,3352,تلارک2,911383,6
70761,3352,تنگل,911384,6
70762,3353,اناری,193345,6
70763,3353,بیدک,193349,6
70764,3353,کلک شیمان,193374,6
70765,3353,گل گز,193378,6
70766,3353,هول مادیان بالا,193386,6
70767,3353,ایستگاه مخابراتی میرآباد,193698,6
70768,3353,بهرآباد,193699,6
70769,3353,پورجنکی,193700,6
70770,3353,ده شهدوست,193704,6
70771,3353,ده ندام,193705,6
70772,3353,انجیرک,193706,6
70773,3353,سیاه گورحاجی,193707,6
70774,3353,سیاه کلک,193708,6
70775,3353,شند,193709,6
70776,3353,شهرک,193710,6
70777,3353,کم زرد,193711,6
70778,3353,کله شهتوت,193712,6
70779,3353,گونک,193714,6
70780,3353,محراب آباد(کفتاری),193715,6
70781,3353,میرآباد,193718,6
70782,3353,نازیل,193719,6
70783,3353,دهنو,410925,6
70784,3353,سنگ پلنگی,410932,6
70785,3353,سرکنگ,410933,6
70786,3353,شنزی,410934,6
70787,3353,زردوکی,410935,6
70788,3353,خرابه کوه شهسواران,410936,6
70789,3353,پودینه ای,410937,6
70790,3353,رحمت آباد,410946,6
70791,3353,محمدآبادنازیل,410954,6
70792,3353,نورآباد,412535,6
70793,3353,زیروکی حاج محمد,412558,6
70794,3353,اله آباداستخرو,412560,6
70795,3353,حاجی آبادکلکی,412641,6
70796,3353,اسلام آباد,412912,6
70797,3353,ریحانی,412913,6
70798,3353,پتمتی,412914,6
70799,3353,توزکی,412915,6
70800,3353,آب نمرد,412916,6
70801,3353,ملاقوس,412917,6
70802,3353,ارزونی,413881,6
70803,3353,سیاه کوت انجیره,413884,6
70804,3353,شورچه پورگزی,413885,6
70805,3353,گردنه زرد,414527,6
70806,3353,پشت تل,414528,6
70807,3353,بیدوک پایین,414665,6
70808,3353,پشت تل سیاه کسور,415030,6
70809,3353,ریک آباد,415032,6
70810,3353,باغک,416195,6
70811,3353,سر تل,416197,6
70812,3353,سنگری,416198,6
70813,3353,نلکی,416200,6
70814,3353,غریب آباد نرک,416201,6
70815,3353,گرگونک,416202,6
70816,3353,قنات دادخدا,416203,6
70817,3353,دره مزار,416215,6
70818,3353,شهیدآبادسروک,416845,6
70819,3353,شیرآباد,416846,6
70820,3353,چاه گواتام,416847,6
70821,3353,گل گزمیرآباد,711573,6
70822,3353,پشتک,711596,6
70823,3353,کالیکه نادرآباد,711805,6
70824,3353,سیری,711806,6
70825,3353,بیدی,711807,6
70826,3353,هول مادیان پایین,811011,6
70827,3353,چاه حاجی آباد(حاجی علی),911178,6
70828,3353,محمدآباد,911352,6
70829,3353,بیدی بالا,911353,6
70830,3353,بیدی پایین,911354,6
70831,3353,حیدرعالی,911355,6
70832,3353,علی آباد,911356,6
70833,3353,موتورتاج محمد,911357,6
70834,3353,موتورزمان,911377,6
70835,3353,برجک,911436,6
70836,3354,علی آبادچاه احمد,193359,6
70837,3354,موتورنواب,193716,6
70838,3354,رحیم آبادچاه احمد,196310,6
70839,3354,موتورحاجی پیرمحمد,196365,6
70840,3354,موتورعبدل,196383,6
70841,3354,یوسف آباد,196407,6
70842,3354,رحمت آبادچاه احمد,410931,6
70843,3354,امیدآباد(موتورامید),410939,6
70844,3354,حسن آباد,410940,6
70845,3354,خیرآباد,410941,6
70846,3354,حق آباد,410942,6
70847,3354,حسین آبادچاه احمد,410943,6
70848,3354,موتورنادر,410947,6
70849,3354,محمود آباد,410949,6
70850,3354,علم آباد,410950,6
70851,3354,چاه احمد,410951,6
70852,3354,موتورحاجی موسی شه بخش,410953,6
70853,3354,ناصرآباد,410955,6
70854,3354,مرادآبادچاه احمد,410958,6
70855,3354,گل آبادطوطان رویان,410959,6
70856,3354,توکل آباد گل زمان,410961,6
70857,3354,مرادآباد,410963,6
70858,3354,گل گزآباد,410965,6
70859,3354,موتورگلاب,410968,6
70860,3354,نظرآباد(موتورخدانظر),410969,6
70861,3354,موتورزمان,410970,6
70862,3354,غلام نبی,410971,6
70863,3354,ملک آباد,410972,6
70864,3354,موتوربلوچ خان(نورآباد),410974,6
70865,3354,موتورابراهیم,410975,6
70866,3354,چاه منصور(امان آباد),410976,6
70867,3354,محمدآبادشه نور,412556,6
70868,3354,موتورعلم خان,412561,6
70869,3354,موتورحاجی ملک دادرحمت آباد,412563,6
70870,3354,میان بازارکهنک,412686,6
70871,3354,بهادرآباد (کهنک بهادرآباد),412687,6
70872,3354,نبی آباد,412918,6
70873,3354,حسن آبادچاه احمد,413888,6
70874,3354,موتورعمر,413890,6
70875,3354,غریب آباد,413892,6
70876,3354,حسین آبادگل زمان,414664,6
70877,3354,حسین آباد,414667,6
70878,3354,اکبرآباد,415033,6
70879,3354,اسماعیل آباد(حمل آباد),416205,6
70880,3354,جیهل آباد,416208,6
70881,3354,موسی آباد,416209,6
70882,3354,کرم آباد,416210,6
70883,3354,کریم آباد,416211,6
70884,3354,غریب آبادالله داد,416212,6
70885,3354,شورآباد,416213,6
70886,3354,ولی آبادچاه احمد,416214,6
70887,3354,لال آباد هوتی,416228,6
70888,3354,موتورحاجی یارمحمدشه بخش,416842,6
70889,3354,محمدآبادچاه شور,416843,6
70890,3354,ولی آباد,416844,6
70891,3354,موتورحاج رسول(عزیزآباد),416848,6
70892,3354,محمدآبادشهدوست,711591,6
70893,3354,علی آباد,711628,6
70894,3354,روشن آباد,711629,6
70895,3354,رحیم آبادچاه شور,711630,6
70896,3354,اسلام آباد(موتور ملک محمد),811068,6
70897,3354,نعیم آباد,811069,6
70898,3354,ناصر آباد(مولوی ناصر),811070,6
70899,3354,سعید آباد,811071,6
70900,3354,رحیم آباد,811072,6
70901,3354,نبی آباد(یوسف آباد),811073,6
70902,3354,رسول آباد,811074,6
70903,3354,احمد آبادتلارک,811075,6
70904,3354,یوسف آبادپرگ,811077,6
70905,3354,کریم آباد(نادر آباد),811078,6
70906,3354,محمد آباد پایین تلارک,811079,6
70907,3354,عزیز آباد,811080,6
70908,3354,وحیدآبادهاشمزهی,842142,6
70909,3354,بیت آباد,842326,6
70910,3354,وحیدآباد,842355,6
70911,3354,موتور درملک,842536,6
70912,3354,ملک آباد(نادر),911177,6
70913,3354,رحمت آباد,911179,6
70914,3354,قادرآباد,911358,6
70915,3354,اله آباد,911359,6
70916,3354,نظرآباد,911360,6
70917,3354,موتورخلیل,911361,6
70918,3354,یوسف آباد1,911363,6
70919,3354,فیض آباد,911364,6
70920,3354,رضاآباد,911365,6
70921,3354,گل آبادچاه شور,911366,6
70922,3354,محمدآبادعبدالنبی,911367,6
70923,3354,زمان آباد,911369,6
70924,3354,گل آباد(موتورتاج محمد),911370,6
70925,3354,احمدآباد,911371,6
70926,3354,عیدوقنبرزهی,911372,6
70927,3354,موتورغلام,911373,6
70928,3354,چاه مجید,911375,6
70929,3354,مشاع رحمت آباد,911376,6
70930,3354,ده دوست محمد,911411,6
70931,3355,خیرآباد,193437,6
70932,3355,چاه حاجی سیاه خان,193621,6
70933,3355,حسن آبادشندک,193623,6
70934,3355,زیروکی گوهرکوه,193629,6
70935,3355,جدیدآبادشندک,193631,6
70936,3355,عیدآباد(علی آباد),193634,6
70937,3355,کله اسپید,193640,6
70938,3355,کله شاهو,193641,6
70939,3355,گل آباد,193643,6
70940,3355,گوهرشهر چاه درختی,193645,6
70941,3355,لال آباد,193646,6
70942,3355,مهیم آباد,193647,6
70943,3355,ملک آبادشندک,193648,6
70944,3355,نظرآباد,193649,6
70945,3355,بولان آباد,193651,6
70946,3355,ولی محمدآباد(ولی آباد),193652,6
70947,3355,یوسف آبادزیروکی,193655,6
70948,3355,غریب آباد,193670,6
70949,3355,چاه شماره 9(هجرت آباد),410986,6
70950,3355,موتورشماره 22,410988,6
70951,3355,گوهرکوه شهرک,410989,6
70952,3355,علی آبادشندک,411008,6
70953,3355,چاه امان اله,411010,6
70954,3355,یوسف آبادشندک,411011,6
70955,3355,موتورعبدالستار,412548,6
70956,3355,موتوربی برگ ریگی(حامدیه),412680,6
70957,3355,پدگی,412689,6
70958,3355,قادرآباد,412694,6
70959,3355,چاه حاجی غلام(چاه مجید),412695,6
70960,3355,چاه محمد,412696,6
70961,3355,علی آباد,412701,6
70962,3355,کوره بی برگ خان,412702,6
70963,3355,موتورشهیدمطهری,412749,6
70964,3355,موتور شماره 12,412750,6
70965,3355,پردل آباد,412752,6
70966,3355,اکبرآباد,412753,6
70967,3355,نظرآبادکله شاهو,412851,6
70968,3355,موتورامیرآباد,412904,6
70969,3355,موتورمختارریگی,413894,6
70970,3355,موتورمحمدحیات شاهوزهی,413897,6
70971,3355,موتورفیض محمد,413898,6
70972,3355,ده رضا,413899,6
70973,3355,یونس آباد,413901,6
70974,3355,شورآبادفندق,413907,6
70975,3355,اسلام آبادکله اسپید,413908,6
70976,3355,ابراهیم آباد,413909,6
70977,3355,ابراهیم آبادکلاتک,413919,6
70978,3355,حاجی آباد,413920,6
70979,3355,یوسف آباد,413926,6
70980,3355,تاج آباد,414532,6
70981,3355,مشاع گلستان (محمدحسین کربلایی),414534,6
70982,3355,نظرآبادزیروکی,414658,6
70983,3355,موتورحاجی امان اله,414659,6
70984,3355,موتوراحمدریگی,414660,6
70985,3355,عیسی آباد,414661,6
70986,3355,موتورخدانظر(کلاتک),414662,6
70987,3355,صاحب آباد,416240,6
70988,3355,رحمت آباد,416246,6
70989,3355,محمودآبادشندک,416889,6
70990,3355,موتور حاجی قادربخش,811017,6
70991,3355,حاجی آبادزیروکی,811050,6
70992,3355,کریم آباد (کریم ابراهیمی),811285,6
70993,3355,حاجی رحیم براهویی,811707,6
70994,3355,موتورانورریگی,842064,6
70995,3355,موتورشماره19,911407,6
70996,3355,چاه بهارستان,911408,6
70997,3355,چاه نیک محمدریگی,911409,6
70998,3355,نعمت آباد,911410,6
70999,3355,عزیزآبادشندک,911412,6
71000,3355,قادرآبادشندک,911413,6
71001,3355,موتورنادر,911414,6
71002,3355,مهدی آباد,911415,6
71003,3355,محمودآباد,911416,6
71004,3355,باران دشت,911417,6
71005,3355,عزیزآباد,911418,6
71006,3355,یعقوب آباد,911419,6
71007,3355,موتورجمشید,911420,6
71008,3355,مرادآباد,911422,6
71009,3355,موتورغلام عیسی زهی,911423,6
71010,3355,موتورحاج الله داد,911424,6
71011,3356,شرکت تمپ,193000,6
71012,3356,موتورعبدالکریم کاواری,193013,6
71013,3356,بگ,193429,6
71014,3356,پیرگل (پیرکله),193430,6
71015,3356,تچاب,193431,6
71016,3356,حاجی آباد,193435,6
71017,3356,ده بالا,193438,6
71018,3356,ریگ آباد,193628,6
71019,3356,شیرآباد,193633,6
71020,3356,فیصل آباد,193635,6
71021,3356,موتور بجار,193637,6
71022,3356,نورآباد,193650,6
71023,3356,کاواری,193657,6
71024,3356,موتور سراج,193658,6
71025,3356,ولی آباد,193659,6
71026,3356,بهشتی آباد,410977,6
71027,3356,موتوراسماعیل آباد,410980,6
71028,3356,شهیدآیت(چاه میرین),410982,6
71029,3356,موتورشماره 7,410983,6
71030,3356,شهیدرسولی,410984,6
71031,3356,موتورشماره 6,410985,6
71032,3356,شهیدشاه نظر,410991,6
71033,3356,موتورحاجی کریم,410992,6
71034,3356,عزیزآباد,410993,6
71035,3356,ملک محمدآباد,410994,6
71036,3356,عظیم آباد,410995,6
71037,3356,حافظ آباد,410997,6
71038,3356,بهادرآباد,410998,6
71039,3356,موتورآسا,410999,6
71040,3356,عیدمحمدآباد,411000,6
71041,3356,سیدآباد,411001,6
71042,3356,موتورخدارحم رحیم آباد,411003,6
71043,3356,اسماعیل آباد,411005,6
71044,3356,تخت شاب,411014,6
71045,3356,نعمت آباد,412549,6
71046,3356,حاجی غلام,412550,6
71047,3356,ظفرآباد,412553,6
71048,3356,مرادآباد علی آباد,412554,6
71049,3356,موتورحاجی اکبر,412679,6
71050,3356,موتورکمال الدین محمدانی,412681,6
71051,3356,ناصرآبادکچ,412682,6
71052,3356,نعمت آبادشیرآباد,412706,6
71053,3356,موتور خداداد,412746,6
71054,3356,محمدآباد,412751,6
71055,3356,موتورگمی(شهیدنادرمیرکازهی),412909,6
71056,3356,موتورمحتاج,412910,6
71057,3356,موتورعبدالکریم,413895,6
71058,3356,حشرآباد,413896,6
71059,3356,موتورابراهیم,413900,6
71060,3356,محسن آباد,413913,6
71061,3356,چاه میرزا,413914,6
71062,3356,اسلام آباد(خلیفه جان محمدقنبرزهی),413918,6
71063,3356,منصورآباد,413927,6
71064,3356,حاجی غلام حیدر,413929,6
71065,3356,موتورعبداله(کدخدا),413930,6
71066,3356,موتوربولانزهی کچ,413931,6
71067,3356,موتورغنی,413932,6
71068,3356,موتورپیربخش کچ,413933,6
71069,3356,موتورنوشیروان ریگی(شهیدآباد),413936,6
71070,3356,موتورفقیرمحمدمیرکازهی,413938,6
71071,3356,صفرحسن زهی,414536,6
71072,3356,ابراهیم آباد,414537,6
71073,3356,الله آباد,414538,6
71074,3356,موتورحاجی چراغ,414651,6
71075,3356,موتورنادر,414654,6
71076,3356,چاچراغ حق آباد,415040,6
71077,3356,یعقوب آباد,415041,6
71078,3356,موتورگل محمد,415042,6
71079,3356,موتورگرگیج,415043,6
71080,3356,دولت آبادجمشید,415044,6
71081,3356,احمدآباد,416239,6
71082,3356,رحمان آباد,416242,6
71083,3356,مختارآباد,416243,6
71084,3356,حسین آباد,416244,6
71085,3356,موتورحاجی انور,416891,6
71086,3356,اسدآبادکچ,416892,6
71087,3356,حاجی آبادسرخ دک,711556,6
71088,3356,نظرآباد(2),711961,6
71089,3356,موتور یوسف حسن زهی,811014,6
71090,3356,اسماعیل آبادکاواری,811015,6
71091,3356,حبیب آباد,811016,6
71092,3356,مشاع رضوان,811302,6
71093,3356,میران دشت,811719,6
71094,3356,نورآبادکاواری,811720,6
71095,3356,محمدآبادکاواری,811721,6
71096,3356,دهکده کوثر,842027,6
71097,3356,حسن آباد,842031,6
71098,3356,مرادآباد,842058,6
71099,3356,جلال آباد,842407,6
71100,3356,اکبرآباد,842408,6
71101,3356,چاه پرویز بهادرزهی,911393,6
71102,3356,نورآبادبهشتی,911394,6
71103,3356,موتورشماره4(شرکت تمپ),911395,6
71104,3356,موتورمهربان براهویی,911396,6
71105,3356,موتورخان محمدبراهویی,911397,6
71106,3356,موتورمحموددهمرده,911398,6
71107,3356,نعمت آبادکچ,911399,6
71108,3356,ملک آباد,911400,6
71109,3356,موتورشماره20,911402,6
71110,3356,موتورشماره28,911403,6
71111,3356,ناصرآباد,911404,6
71112,3356,موتورغفورآباد,911405,6
71113,3356,بهمن آباد,911406,6
71114,3356,حمل آباد(سه راهی),911421,6
71115,3356,احمدآبادشورآباد,911425,6
71116,3356,ملک آباددوچیلی,911426,6
71117,3356,موتورموسی(ارتزین),911427,6
71118,3356,موتورحاج آسا,911428,6
71119,3356,موتورحاج غفورقلندرزهی,911429,6
71120,3356,گل آباد,911430,6
71121,3356,موتورحاج غفور,911431,6
71122,3356,موتورغفورقلندرزهی,911432,6
71123,3356,موتورحاج گدایی,911433,6
71124,3356,موتورقنبرزهی,911434,6
71125,3356,موتورشماره7شرکت,911435,6
71126,3356,سنجد,911437,6
71127,3356,بوک دردری,911438,6
71128,3357,بمباسری,190847,6
71129,3357,حاجی نور محمد بازار,190859,6
71130,3357,دلگان شیخ چراغ,190861,6
71131,3357,دلگان مدرسه,190862,6
71132,3357,عبداله بازار,190886,6
71133,3357,گرگیچ,190899,6
71134,3357,مزنپاد,190904,6
71135,3357,نکوچ,190907,6
71136,3357,بالاد,191194,6
71137,3357,نوبندیان بلوچی,191197,6
71138,3357,حیدرآباد,191200,6
71139,3357,پتار,191206,6
71140,3357,تینگ,191211,6
71141,3357,رودیک کریم بخش,191212,6
71142,3357,هلگداری اشرف,191226,6
71143,3357,هلگداری عثمان,191227,6
71144,3357,دیزی,191233,6
71145,3357,رودیک صاحبداد,191236,6
71146,3357,ریپک پیرانداد,191239,6
71147,3357,ریپک شیران,191240,6
71148,3357,ریپک صالح,191241,6
71149,3357,ریپک عبدک,191242,6
71150,3357,ریپک لال محمد,191243,6
71151,3357,سماچ کرگ,191247,6
71152,3357,سماچ ملا محمود,191248,6
71153,3357,سماچ میرو,191249,6
71154,3357,سیتل نوبندیان,191252,6
71155,3357,شم,191254,6
71156,3357,عیدوبازار,191261,6
71157,3357,کالبربالا,191266,6
71158,3357,گزچات(سماچ کور),191275,6
71159,3357,نوریس,191292,6
71160,3357,نوبندیان پایین,191293,6
71161,3357,منصورآباد,191306,6
71162,3357,قهوه خانه گرگیج,410806,6
71163,3357,پمپ بنزین,410810,6
71164,3357,مجتمع شرکتهای شن و ماسه,410811,6
71165,3357,کرمبل بخشی,410813,6
71166,3357,کرمبل فقیر,410814,6
71167,3357,کرمبل خداداد,410815,6
71168,3357,کرمبل رمضان,410816,6
71169,3357,رودیک محمودپایین,410820,6
71170,3357,دلگان حاجی قادردادبازار,410823,6
71171,3357,کچ کرگ,412511,6
71172,3357,کچ یوسف,412512,6
71173,3357,رودیک مولداد,412513,6
71174,3357,سیتل,413713,6
71175,3357,پایگاه شهیدیدالهی,415023,6
71176,3357,دلوش بازار,415026,6
71177,3357,دوست محمدبازار,415027,6
71178,3357,دلگان ملا فقیر,415028,6
71179,3357,عارف آباد,416448,6
71180,3357,ودمچان,416449,6
71181,3357,شرکت کویرشرق,416450,6
71182,3357,ایستگاه پمپاژآب,416473,6
71183,3357,شهرک کرمبل,711005,6
71184,3357,یخ سازی,711006,6
71185,3357,شرکت راه سنگ کوه,711007,6
71186,3357,دولت آبادگلستان,711008,6
71187,3357,کوره آجروحدت,711009,6
71188,3357,کوره آجرساحل حسین بر,711010,6
71189,3357,کوره مسلم,711011,6
71190,3357,دلگان ایوب,711576,6
71191,3357,کچ وشدل,711577,6
71192,3357,کوره راستگو,711801,6
71193,3357,مرغداری ملکزاده,711802,6
71194,3357,پست برق,711803,6
71195,3357,شهرک اسلام آباد,811051,6
71196,3357,کریم آباد,811891,6
71197,3357,شهرک صنعتی نگور,811911,6
71198,3357,حسن آباد,842391,6
71199,3357,شم قدیم,842393,6
71200,3357,کرمبل بیلی بازار,842485,6
71201,3357,منبع سازان آب,911981,6
71202,3357,شرکت ایران پرور,911982,6
71203,3357,شرکت مرواریدگستر,911983,6
71204,3357,شرکت شن ساحل,911984,6
71205,3357,شرکت شن بحر,911985,6
71206,3357,شرکت خدمت,911986,6
71207,3357,شرکت نگور گاز,911987,6
71208,3358,بل,190844,6
71209,3358,پسابندر,190849,6
71210,3358,پشت,190850,6
71211,3358,جر,190853,6
71212,3358,چیلسر,190855,6
71213,3358,دور,190864,6
71214,3358,ریمدان بنکول(ریمدان بالا),190867,6
71215,3358,سندبهرام,190869,6
71216,3358,سندحمزه,190870,6
71217,3358,سندمراد,190871,6
71218,3358,سندمیرثویان,190872,6
71219,3358,سیتارشهداد,190877,6
71220,3358,سیتار علی (سیتار مولاداد),190878,6
71221,3358,سیتارعمر,190879,6
71222,3358,شیخان کرگ,190884,6
71223,3358,کلانی,190888,6
71224,3358,کلانی پایین,190889,6
71225,3358,کلرایی(کلرایی عثمان),190901,6
71226,3358,پاسگاه انتظامی گواتر,190902,6
71227,3358,لکوکچ,190903,6
71228,3358,نیلک,191294,6
71229,3358,سیتارمحمود,410822,6
71230,3358,شهرک مسکونی گواتر,416454,6
71231,3358,ریمدان کمال,416455,6
71232,3358,مزارع پرورش میگو,416456,6
71233,3358,ریمدان وسطی(ریمدان دلمراد),416457,6
71234,3358,ریمدان پایین(ریمدان ملانصرت),416458,6
71235,3358,شهرک صنعتی پسابندر,416459,6
71236,3358,پاسگاه,711012,6
71237,3358,پایگاه دوراهی ریمدان,711013,6
71238,3358,پیرک,711014,6
71239,3358,کلانی بجار,711015,6
71240,3358,کلانی بردیک,711016,6
71241,3358,لکوکچ عبدالکریم,711854,6
71242,3359,باهوکلات,190842,6
71243,3359,بسوت بالا(بسوت جیهند),190843,6
71244,3359,بل دادرحمان,190845,6
71245,3359,بهلورمچی,190846,6
71246,3359,پت,190848,6
71247,3359,جوییک,190854,6
71248,3359,دک باهو,190857,6
71249,3359,دلدپ(دلمرادبازار),190858,6
71250,3359,دمپک بازار,190865,6
71251,3359,روهگام بالا,190866,6
71252,3359,سندنورمحمد,190873,6
71253,3359,سنگان,190874,6
71254,3359,سولدان,190875,6
71255,3359,سهیل(محله قادربخش),190876,6
71256,3359,سیرجا,190881,6
71257,3359,شهبیک زهی,190883,6
71258,3359,شیرگواز,190885,6
71259,3359,کرگی گزدان,190887,6
71260,3359,کهیری,190893,6
71261,3359,کیک سوچ,190894,6
71262,3359,گارفقیر,190895,6
71263,3359,نوک آباد(مندوک بازار),190905,6
71264,3359,اسلام آباد پایین,190908,6
71265,3359,هزاری,190909,6
71266,3359,هوت گت جهلی,190911,6
71267,3359,بسوت حاجی حسن,410618,6
71268,3359,چور,410619,6
71269,3359,جمپانی بازار,410620,6
71270,3359,کرگی بالا,410621,6
71271,3359,کرگی پایین(کرگی حاجی اسحاق),410622,6
71272,3359,یعقوب بازار(دلوش بازار),410623,6
71273,3359,کچ,410628,6
71274,3359,دنسرمولاداد(کلات زنگی),410629,6
71275,3359,سنجربازارترادان,410630,6
71276,3359,پنجشنبه بازار,410631,6
71277,3359,بازارمحمدکریم,410632,6
71278,3359,رستم بازار نلنت,410634,6
71279,3359,زیندان,410635,6
71280,3359,گبولانی,410636,6
71281,3359,پاسگاه انتظامی شیرگواز,410637,6
71282,3359,سری گت(هوت گت بالا),410638,6
71283,3359,رحمت آباد,410646,6
71284,3359,ده گندر,412515,6
71285,3359,پتی(بیتی گرکی),413708,6
71286,3359,کارگاه سدباهوکلات,413709,6
71287,3359,کارگاه اداره راه,414586,6
71288,3359,نوک آباد(نوک آبادمچکور),416431,6
71289,3359,ربوزهی,416451,6
71290,3359,روهگام پایین,416452,6
71291,3359,بسوت پایین,416453,6
71292,3359,لشکران بازار,711435,6
71293,3359,شریش بازار,711436,6
71294,3359,سیرجایوسف بازار,711437,6
71295,3359,عبدالمجیدبازار,711438,6
71296,3359,رمضان بازار,711439,6
71297,3359,گراگی دلدپ,711713,6
71298,3359,پیرمحمدبازارگبولانی,711714,6
71299,3359,اسماعیل آباد(مهرک جمپ),811053,6
71300,3359,اسلام آبادبالا,811294,6
71301,3359,جمپک بازار(سید محمد بازار),811673,6
71302,3359,عثمان آباد,811681,6
71303,3359,سهیل(محله میر امام بخش),811682,6
71304,3359,گوادری شام,811909,6
71305,3359,روهگام فقیرمحمد,842132,6
71306,3359,مهرآباد(نوک آبادگبولانی),842133,6
71307,3359,ملایوسف بازار,842465,6
71308,3359,گروک وشدل,842473,6
71309,3359,پمپ بنزین,842474,6
71310,3359,مزرعه شه بخش,842475,6
71311,3359,جاسم بازار,842476,6
71312,3359,مزرعه حمزه بادپا,842477,6
71313,3359,میابازاردمپک,842479,6
71314,3360,چغربیت بالا,190851,6
71315,3360,درکس,190856,6
71316,3360,کهنانی کش,190891,6
71317,3360,کهیربرز,190892,6
71318,3360,گرم بیت بالا,190897,6
71319,3360,گرم بیت پایین,190898,6
71320,3360,ریکوکش,190913,6
71321,3360,چغربیت پایین,410639,6
71322,3360,کهیربرز(رضایی),410640,6
71323,3360,گزمنزل,410642,6
71324,3360,گرودل,410643,6
71325,3360,سیدآباد,413707,6
71326,3360,قاسم آباد,811906,6
71327,3360,غریب آباد,811907,6
71328,3360,گرودل بالا,811908,6
71329,3360,کهنان کش بالا,811921,6
71330,3360,کریم آباد,842478,6
71331,3361,اسلام آباددپکور,188796,6
71332,3361,بپاتان,188799,6
71333,3361,جلال آباد(پاکندر),188808,6
71334,3361,پتان,188809,6
71335,3361,جلال آباد,188818,6
71336,3361,جمیدر,188820,6
71337,3361,دپکور,188827,6
71338,3361,شامشک,188849,6
71339,3361,شورمیتگ,188850,6
71340,3361,علی آباد,188856,6
71341,3361,کجوم,188861,6
71342,3361,کلگ,188867,6
71343,3361,گوادر دپ (خدا آباد),188883,6
71344,3361,مزن زمین,188894,6
71345,3361,نصیرآباد,188898,6
71346,3361,آرامکان,189008,6
71347,3361,انزا,189013,6
71348,3361,بابسکان,189018,6
71349,3361,بندان,189021,6
71350,3361,پرکان,189024,6
71351,3361,پند,189026,6
71352,3361,پندک,189027,6
71353,3361,پنام,189028,6
71354,3361,پیردان,189029,6
71355,3361,دورک(کریم آباد),189037,6
71356,3361,ریکش,189042,6
71357,3361,محمدآباد(سامگان),189047,6
71358,3361,اسماعیل آباد,189049,6
71359,3361,سرخ دوکان,189051,6
71360,3361,شاردر,189056,6
71361,3361,صابرآباد,189059,6
71362,3361,کان,189061,6
71363,3361,کپک,189062,6
71364,3361,کچدر,189064,6
71365,3361,کوشکوردپ,189066,6
71366,3361,کوه میتگ,189072,6
71367,3361,کیش کلک,189076,6
71368,3361,گروه,189079,6
71369,3361,گوردر,189083,6
71370,3361,مچ میتگ,189089,6
71371,3361,هونک,189096,6
71372,3361,هیتمک,189098,6
71373,3361,پشت کندگ,189100,6
71374,3361,اسلام آباد,189194,6
71375,3361,حاجی بند,189206,6
71376,3361,سنگ مسجد,189214,6
71377,3361,خیرآباد,410149,6
71378,3361,دیمگان,410151,6
71379,3361,پایگاه پل سرباز,410204,6
71380,3361,مغ,410206,6
71381,3361,دربند,410207,6
71382,3361,کدان,410208,6
71383,3361,پمپ بنزین,410209,6
71384,3361,سولان,410210,6
71385,3361,کوه کم,410213,6
71386,3361,ایتک,410217,6
71387,3361,امیدآبادبختک,410218,6
71388,3361,طلاران,412430,6
71389,3361,منوگان,414929,6
71390,3361,حاجی آباد,414930,6
71391,3361,پادران,414935,6
71392,3361,ملک آباد,416395,6
71393,3361,حشابدر,416397,6
71394,3361,بختک بالا,416837,6
71395,3361,آچکیدر,416838,6
71396,3361,سنگ شکن,711168,6
71397,3361,سنجل بوگ(جمال آباد),711268,6
71398,3361,محسن آباد(گداپچ),711269,6
71399,3361,بیلکان,711272,6
71400,3361,غریب آباد ایتک,811677,6
71401,3361,جبارآباد,842444,6
71402,3362,پرکستان,186724,6
71403,3362,سیمکان,186790,6
71404,3362,قادرآباد,186799,6
71405,3362,کناران,186830,6
71406,3362,لاغری چرپان,186876,6
71407,3362,پایگاه انتظامی,186923,6
71408,3362,الیدر,189012,6
71409,3362,انگوری,189014,6
71410,3362,پادیک,189023,6
71411,3362,چاه کش,189031,6
71412,3362,جیش کبیرآباد,189032,6
71413,3362,راچدر,189039,6
71414,3362,سالاربریم,189046,6
71415,3362,سهمان,189055,6
71416,3362,دلارام,189069,6
71417,3362,اسپتکی,189070,6
71418,3362,کولیکان,189071,6
71419,3362,کهنک,189073,6
71420,3362,کهیری,189075,6
71421,3362,گزیگتان,189081,6
71422,3362,مچکور,189088,6
71423,3362,نوک سران,189093,6
71424,3362,سهران,189102,6
71425,3362,واپگ,189109,6
71426,3362,بن گیر,189436,6
71427,3362,رگینان,189444,6
71428,3362,توزگی,189472,6
71429,3362,مدوخان,189498,6
71430,3362,گذادن,410220,6
71431,3362,بلوات,410221,6
71432,3362,رودان,410222,6
71433,3362,زبری بوگ,410227,6
71434,3362,نوک آباد,410228,6
71435,3362,میرزمین,410230,6
71436,3362,اسلام آباد,410231,6
71437,3362,محمودآباد,410232,6
71438,3362,سوخته ناگ,410233,6
71439,3362,درمنک,410234,6
71440,3362,رودانی کور,410235,6
71441,3362,وتکوه,410236,6
71442,3362,گلیدر,410237,6
71443,3362,لالوکلک,410240,6
71444,3362,حاجی بگان,410241,6
71445,3362,ظاهر آباد(پنچی بوگ),410242,6
71446,3362,باندامان,410258,6
71447,3362,عزیزآباد,410260,6
71448,3362,پایگاه انتظامی اسپتکی,410263,6
71449,3362,پشت گر,410264,6
71450,3362,سرون,410265,6
71451,3362,جک سوخته,412499,6
71452,3362,آوریز,413085,6
71453,3362,گل شودان,413086,6
71454,3362,گومای,413087,6
71455,3362,رودنانی آپ,413088,6
71456,3362,چاتیدن,413090,6
71457,3362,ناصرآباد(حری پیش),413091,6
71458,3362,باندامان پایین,413094,6
71459,3362,شهمرادده,413097,6
71460,3362,گورناک,413100,6
71461,3362,زیمدان,413101,6
71462,3362,جنگران,413976,6
71463,3362,موکی,413979,6
71464,3362,سران,413980,6
71465,3362,گرمین آپکان,413985,6
71466,3362,علی آباداسپتکی,414042,6
71467,3362,رحیم آباداسپتکی,414044,6
71468,3362,تاپگی آپ(احمدآباد),414045,6
71469,3362,حسن آباد,414046,6
71470,3362,سهمانی دپ,414047,6
71471,3362,گویمان,414048,6
71472,3362,سهربن,414049,6
71473,3362,گیتیچان,414050,6
71474,3362,موتور عباس افراز,414107,6
71475,3362,آواران,414108,6
71476,3362,شندوکان,414109,6
71477,3362,پتن,414110,6
71478,3362,گران محمودآباد,414112,6
71479,3362,موتور عبدالصمداختری,414113,6
71480,3362,گزادون,414565,6
71481,3362,منتان,414961,6
71482,3362,رودی,414970,6
71483,3362,جشتکان,414971,6
71484,3362,کشتنگن مچان,414972,6
71485,3362,مزاردر,414974,6
71486,3362,دربندکان,414975,6
71487,3362,اناران,416318,6
71488,3362,کپلان,416386,6
71489,3362,ادیپان,416499,6
71490,3362,قاسم آباد(میرکند),416500,6
71491,3362,روان دپ(حسین آباد),416501,6
71492,3362,رحمان آباد,416502,6
71493,3362,علی آباد,416503,6
71494,3362,سیاهین پکنزان,416505,6
71495,3362,کنتوک,416506,6
71496,3362,تاپکوهان,416507,6
71497,3362,واحدآبادمحمودآباد,416508,6
71498,3362,مارکان,416516,6
71499,3362,خیرآبادمچکور,416518,6
71500,3362,ملک آباد,416519,6
71501,3362,نورآباد,416520,6
71502,3362,سیاهین دوک,416521,6
71503,3362,خیرآباد,416523,6
71504,3362,کریم آبادسرکور,416524,6
71505,3362,بن آب,416525,6
71506,3362,پیرمیس,416527,6
71507,3362,لنگر کناران,416529,6
71508,3362,دادهی,416530,6
71509,3362,پیرمروارید,416531,6
71510,3362,انارمنتک,416839,6
71511,3362,وشدر,416840,6
71512,3362,گومدر,416841,6
71513,3362,موتورخیرالدین سیاه خانی,711004,6
71514,3362,تنگی لوکه,711378,6
71515,3362,کارگاه شرکت,711379,6
71516,3362,دازندر,711380,6
71517,3362,کتینکان,711381,6
71518,3362,لیچ,711382,6
71519,3362,رتوک,711383,6
71520,3362,پیدگ,711384,6
71521,3362,مهیکان(سیه دن),711385,6
71522,3362,جبدر,711386,6
71523,3362,آل دورمحمودآباد,711387,6
71524,3362,فقیرآباد,711388,6
71525,3362,کلیتی اسپتکی,711389,6
71526,3362,عیسی آباد,711390,6
71527,3362,ملایی بگ محمودآباد,711391,6
71528,3362,دری کور(الله آباد),711392,6
71529,3362,سعدآباد,711393,6
71530,3362,آسیاب آباد,711394,6
71531,3362,کرتدان,711395,6
71532,3362,کریم آباد,711396,6
71533,3362,سالاربریم پایین,711397,6
71534,3362,کریم آباددلارام,711398,6
71535,3362,رحیم آبادبن شم,711399,6
71536,3362,گل پیچک,711400,6
71537,3362,میرو,711404,6
71538,3362,گیشتان,711405,6
71539,3362,کلگان,711651,6
71540,3362,تلوران سرکور,711652,6
71541,3362,بی سرین مچیگ,711653,6
71542,3362,ارجمند,711862,6
71543,3362,سیاه شیپ,711993,6
71544,3362,دگریچی,711994,6
71545,3362,نری گوک,711995,6
71546,3362,جوریان,711996,6
71547,3362,گومازین,711997,6
71548,3362,شندی بازار,711998,6
71549,3362,کمبیل,811081,6
71550,3362,آبادان(گرگ خوشاپ),811082,6
71551,3362,تلوران,811367,6
71552,3362,زینب پیر,811664,6
71553,3362,سرخ دوکان,811665,6
71554,3362,سارچک,811667,6
71555,3362,گیشتان لاغری چرپان,811668,6
71556,3362,کلیتی,811669,6
71557,3362,اسپتکی کهیری,811670,6
71558,3362,تکشان,811671,6
71559,3362,علی آباد وریگان,811672,6
71560,3362,زیمدان پایین,842193,6
71561,3362,فرض مچی,842394,6
71562,3362,سابوکان,911970,6
71563,3362,سرخ توبه,911971,6
71564,3362,ترادک,911975,6
71565,3362,باهی کش,911976,6
71566,3362,دهلان,911977,6
71567,3362,گران,911978,6
71568,3362,دلارام لاغری چرپان,911979,6
71569,3363,آپاتان,188794,6
71570,3363,بندیگان,188803,6
71571,3363,تیغاب,188814,6
71572,3363,حاجی آباد,188823,6
71573,3363,رییس آباد,188834,6
71574,3363,ساورک,188839,6
71575,3363,سموکان,188844,6
71576,3363,سیاه بن,188848,6
71577,3363,شکشیدر,188852,6
71578,3363,ککدان,188863,6
71579,3363,گلینوکان,188870,6
71580,3363,کیکی,188875,6
71581,3363,گرگانسر,188878,6
71582,3363,گران درک,188882,6
71583,3363,گورناگ,188884,6
71584,3363,سهمان,188891,6
71585,3363,هفت کران,188893,6
71586,3363,ندریتی,188896,6
71587,3363,اسپیدکوه لد,410162,6
71588,3363,حوشنگ,410254,6
71589,3363,کلینگان,410256,6
71590,3363,فیض الهی,414041,6
71591,3363,ظاهرآباد,414936,6
71592,3363,مرکز رحمانی,416398,6
71593,3363,کریم آباد,711170,6
71594,3363,کلگ گوز,711991,6
71595,3363,علی آباد,811035,6
71596,3363,مرادآباد,842242,6
71597,3363,ککدان بالا,842455,6
71598,3363,مزرعه آرامش,842456,6
71599,3363,سیاه تک,842457,6
71600,3363,واندان گز,842458,6
71601,3364,کلکان,186813,6
71602,3364,گربن,186842,6
71603,3364,ملینتان,186886,6
71604,3364,میدان جاه,186896,6
71605,3364,ترین برین,188813,6
71606,3364,تولیاب,188815,6
71607,3364,جمیدر,188819,6
71608,3364,جهت کلگ,188822,6
71609,3364,دندار,188832,6
71610,3364,سری مچان,188842,6
71611,3364,سگار,188843,6
71612,3364,علی آباد,188857,6
71613,3364,گرگ,188879,6
71614,3364,مچان,188886,6
71615,3364,بی چند(مرغان کور),410243,6
71616,3364,نیلوکان,410244,6
71617,3364,شیزنوک,410246,6
71618,3364,هنگری,410251,6
71619,3364,ندریتی,410255,6
71620,3364,اسلام آباد,412338,6
71621,3364,کمبیک دپ,413083,6
71622,3364,رب آباد,414040,6
71623,3364,دپ تنگ,414937,6
71624,3364,پیزگ,414938,6
71625,3364,نورآباد,414942,6
71626,3364,کریم آباد,415018,6
71627,3364,محمد گولم,416399,6
71628,3364,گزان سهربن,416400,6
71629,3364,مهرآباد,711604,6
71630,3364,رحمن آباد,711934,6
71631,3364,محمدآباد,711990,6
71632,3364,نگور,842459,6
71633,3365,اسپکار,189011,6
71634,3365,جگدان,189030,6
71635,3365,آبونان,189192,6
71636,3365,باتک,189195,6
71637,3365,بگان,189197,6
71638,3365,تنگ مزنین,189201,6
71639,3365,جشتکان پایین,189202,6
71640,3365,چرپانگان,189205,6
71641,3365,دز,189207,6
71642,3365,دندارک,189210,6
71643,3365,شاکهور,189215,6
71644,3365,کرگین,189220,6
71645,3365,کندز,189222,6
71646,3365,کنهکام,189224,6
71647,3365,گران,189227,6
71648,3365,گونگان,189230,6
71649,3365,مشکادیم,189232,6
71650,3365,مورتک,189234,6
71651,3365,میتگان,189236,6
71652,3365,مینان,189237,6
71653,3365,ناگوک,189238,6
71654,3365,نوت,189240,6
71655,3365,میتگدر,189242,6
71656,3365,ناگودر,189243,6
71657,3365,تولگو,410164,6
71658,3365,بندیگان,410166,6
71659,3365,ملوکی بوک,410167,6
71660,3365,خوشاب,410168,6
71661,3365,چگردان,410169,6
71662,3365,ماتک,410170,6
71663,3365,مزاکان,410211,6
71664,3365,بالی مچان,410212,6
71665,3365,هیتگان,410219,6
71666,3365,پاریز,413063,6
71667,3365,بروسکان,414566,6
71668,3365,جشتکان بالا,416394,6
71669,3365,حیدر(حاجی آباد),711165,6
71670,3365,موتوراله بخش,711166,6
71671,3365,مددآباد,711167,6
71672,3365,چرپانکان سری(دواریگان),711169,6
71673,3365,مارهونزپایین,711999,6
71674,3366,اشکستگ,188537,6
71675,3366,بیدبگ,188541,6
71676,3366,چتکان,188549,6
71677,3366,چشمه بلند,188550,6
71678,3366,حبیبه ای,188551,6
71679,3366,کزور,188560,6
71680,3366,پردیزک,188570,6
71681,3366,شوریک,188577,6
71682,3366,کگدان کزور,188578,6
71683,3366,کگدان,188580,6
71684,3366,ناگانوکان,188584,6
71685,3366,ندگدان,188586,6
71686,3366,مهرپی,188590,6
71687,3366,کوه کناربالا,188686,6
71688,3366,کوه کنارپایین,188710,6
71689,3366,اسپی سنگ,189193,6
71690,3366,بن ریگ,189198,6
71691,3366,کریم آباد,189199,6
71692,3366,دپ هوا,189208,6
71693,3366,ره سری,189211,6
71694,3366,سرچلنتی,189212,6
71695,3366,کرگوک,189219,6
71696,3366,کروچی در,189221,6
71697,3366,گتان,189225,6
71698,3366,گتانک,189226,6
71699,3366,گزا,189228,6
71700,3366,میان,189235,6
71701,3366,ندریتی,189239,6
71702,3366,رگان,189244,6
71703,3366,مچک,410037,6
71704,3366,شنبه بندگاه,410078,6
71705,3366,گورکاروان,410172,6
71706,3366,پتن ناگ,410173,6
71707,3366,اسپی بن,410174,6
71708,3366,مزرعه سحرناگ,410175,6
71709,3366,بهرام آباد,413031,6
71710,3366,دراجین دن,414945,6
71711,3366,کوه کناروسط,416479,6
71712,3366,نوکی در,416481,6
71713,3366,مرادآباد,711164,6
71714,3366,گروان,842244,6
71715,3366,رضاآباد,842245,6
71716,3366,گرکی کندک,911993,6
71717,3367,اسپیتکان,189290,6
71718,3367,انجیرک,189291,6
71719,3367,پیر,189297,6
71720,3367,تی جنان بالا,189303,6
71721,3367,تی جنان پایین,189304,6
71722,3367,دستگرد,189308,6
71723,3367,سرداب,189313,6
71724,3367,سه مچان,189315,6
71725,3367,کارچان,189320,6
71726,3367,کوش,189326,6
71727,3367,گریکان,189327,6
71728,3367,ندریتی,189334,6
71729,3367,نسکند,189335,6
71730,3367,نوکین ده,189338,6
71731,3367,گمشادآباد,410176,6
71732,3367,کهیرکان,410177,6
71733,3367,پیری,410179,6
71734,3367,بی بها,410180,6
71735,3367,گربن,410181,6
71736,3367,اسپتک,410182,6
71737,3367,افضل زهی,413068,6
71738,3367,دندار,413069,6
71739,3367,شیرآباد,413070,6
71740,3367,گورناگ,413071,6
71741,3367,آبچگی,413072,6
71742,3367,موتور دادمحمد,414035,6
71743,3367,زیان,414036,6
71744,3367,گواتامن,416513,6
71745,3367,کلانی,416514,6
71746,3367,رود بن,416515,6
71747,3367,ناگان,711160,6
71748,3367,محمدآباد,711161,6
71749,3367,مچی دپ,711162,6
71750,3367,کارگاهوک,711163,6
71751,3367,مارهونزبالا,711992,6
71752,3367,سامانه عشایری تیجنان(زیرکی دن),842062,6
71753,3368,ایرنران بالا,189292,6
71754,3368,بزرود,189293,6
71755,3368,ترند,189300,6
71756,3368,جهلین کور,189305,6
71757,3368,سری آب,189314,6
71758,3368,شبران (میرزاآباد),189316,6
71759,3368,شوریکان,189318,6
71760,3368,شوشکیندر,189319,6
71761,3368,گزرینگ,189328,6
71762,3368,گورناگان,189330,6
71763,3368,لنبر,189331,6
71764,3368,نوکان,189336,6
71765,3368,پینک,410043,6
71766,3368,زمین بندان,410051,6
71767,3368,اسلام آباد,410052,6
71768,3368,چاه سر,410183,6
71769,3368,حانیان,413027,6
71770,3368,کریم آباد(تلارسر),413198,6
71771,3368,بلوچی,414026,6
71772,3368,کلگی,416392,6
71773,3368,دکان حانیان,416509,6
71774,3368,پورچنکی,416879,6
71775,3368,ایرنران پایین,711493,6
71776,3369,جوان کن,198042,6
71777,3369,صیادان,198062,6
71778,3369,کله پهلوان,198076,6
71779,3369,گزه گمشادزهی,198093,6
71780,3369,توزگی,198098,6
71781,3369,نرانو,198102,6
71782,3369,کله جمعه,411951,6
71783,3369,پاسگاه میل 132,411952,6
71784,3369,پاسگاه میل 134,411953,6
71785,3369,پاسگاه میل 137,411954,6
71786,3369,پایگاه کمیته 139,411955,6
71787,3369,مزه سر,412756,6
71788,3369,خوشاب,414117,6
71789,3369,شهرک خوشاب چگرد,842056,6
71790,3369,موتورابوبکرشهنوازی,842182,6
71791,3369,مرادآباد,842183,6
71792,3369,دهکده رحمان,842184,6
71793,3369,خلیل آباد,842341,6
71794,3369,شمس آباد,842361,6
71795,3369,صمدآباد(یک مولی),842362,6
71796,3369,لیاقت آباد,842363,6
71797,3369,مرغداری گلشن,842375,6
71798,3369,شعیب آباد حافظ,842486,6
71799,3369,برجک مرزی1,911953,6
71800,3369,برجک مرزی2,911954,6
71801,3369,برجک مرزی3,911955,6
71802,3369,برجک مرزی4,911956,6
71803,3369,برجک مرزی5,911957,6
71804,3369,کله بهادین,911958,6
71805,3370,سینوکان,198058,6
71806,3370,موتورنعمت الهی,411958,6
71807,3370,درنگگک,416778,6
71808,3370,گری نوکدار,711129,6
71809,3370,جوادرنوکدار,711140,6
71810,3370,زیتی کوه سفید,711145,6
71811,3370,شومگیرکوه سفید,711146,6
71812,3370,چرمی کوه سفید,711147,6
71813,3370,زبرگ کوه سفید,711148,6
71814,3370,چاله کوه سفید,711149,6
71815,3370,کلگ کوه سفید,711159,6
71816,3370,انگوروک,842540,6
71817,3370,سمسوری نوکدار,842541,6
71818,3370,هنجیری نوکدار,842542,6
71819,3371,درپان,198189,6
71820,3371,سردک,198191,6
71821,3371,سوران,198193,6
71822,3371,شیب,198196,6
71823,3371,کرگان,198199,6
71824,3371,کله دین,198201,6
71825,3371,کله هوک,198202,6
71826,3371,گیشه,198203,6
71827,3371,لجی(بند),198204,6
71828,3371,ناگان,198205,6
71829,3371,نای گلم,198206,6
71830,3371,چاه گل داد(چاه حاج کریم بخش دلداری),411946,6
71831,3371,چاه کهنوک,411948,6
71832,3371,پاسگاه مرزی کله دین,411949,6
71833,3371,پژویی,412763,6
71834,3371,چاه الهداد(چاه برکت),415308,6
71835,3371,چاه یوسف,415309,6
71836,3371,امین آباد کورچاه,415310,6
71837,3371,الله آباد,842038,6
71838,3371,چاه نظرمحمد رییسی,911946,6
71839,3371,چاه بهادررییسی,911947,6
71840,3371,چاه دازر,911948,6
71841,3371,چاه نادروکیلی,911949,6
71842,3371,موتوریوسف فاضل زهی,911950,6
71843,3371,چاه دل ملی,911951,6
71844,3372,ای بیک,198182,6
71845,3372,توک مبارک,198186,6
71846,3372,ده شندشکندان,198190,6
71847,3372,فهره,198197,6
71848,3372,پایگاه گداربرنجان,411945,6
71849,3372,بونسر,412967,6
71850,3372,شیخ بزآب پایین,842185,6
71851,3372,پرک حبیب آباد,842186,6
71852,3372,سرخه,842187,6
71853,3372,شیخ بزآب بالا,842302,6
71854,3372,گیتگ پرک,842543,6
71855,3372,راهویی,842544,6
71856,3372,پترکی,842545,6
71857,3372,نمرککان,842546,6
71858,3372,گونی,842547,6
71859,3372,گیشتگ پرک,842548,6
71860,3372,زیروکی,842549,6
71861,3372,گرام آژدر,842550,6
71862,3372,گروانی,842551,6
71863,3372,آل حسینی,842552,6
71864,3372,پاچن آپ,842553,6
71865,3372,گتوکی,842554,6
71866,3372,کورلک,842555,6
71867,3372,چاه رمضان,911945,6
71868,3373,بغدان,186708,6
71869,3373,تجکفت,186730,6
71870,3373,جهلی شهر,186744,6
71871,3373,رزی,186770,6
71872,3373,سرمیچ,186786,6
71873,3373,شیشه پشت,186794,6
71874,3373,گونیژدر,186871,6
71875,3373,میان شهر,186895,6
71876,3373,میرآباد,186897,6
71877,3373,خیرالدینی,186908,6
71878,3373,اله آباد,187523,6
71879,3373,پامنت,187535,6
71880,3373,سیف آبادجاوشیری,187566,6
71881,3373,سیف آبادنارویی,187567,6
71882,3373,علی آباد(چگردک),187571,6
71883,3373,عیسی آباد,187572,6
71884,3373,کچکی,187575,6
71885,3373,قنات چاه وارو,187618,6
71886,3373,هیدویچ,187725,6
71887,3373,سورجاه,187730,6
71888,3373,دپگزان,412308,6
71889,3373,موتورآب پسندآباد,416194,6
71890,3373,نوک آباد,911833,6
71891,3373,شرکت راه سازی,911834,6
71892,3373,مرغداری محمدعمرمبارکی,911836,6
71893,3374,پورچنگ گسک,187537,6
71894,3374,زیرباندار,187558,6
71895,3374,کورمچان,187586,6
71896,3374,درمشکان,187628,6
71897,3374,دمیت,187630,6
71898,3374,مزرعه کلی آپ,187667,6
71899,3374,اپودم,187721,6
71900,3374,کهنک شیرآباد,187969,6
71901,3374,کهنک میرآباد,187970,6
71902,3374,گسک ساره آباد,187971,6
71903,3374,گسک شاهی آباد,187972,6
71904,3374,گسک محمدآباد,187973,6
71905,3374,چاه شبروار,187986,6
71906,3374,کورنگ,412312,6
71907,3374,رحمت آباد,412313,6
71908,3374,گسک علی آباد,412314,6
71909,3375,اناری دپ,187524,6
71910,3375,انجیردپ,187525,6
71911,3375,زیکند,187530,6
71912,3375,بندیک,187532,6
71913,3375,بوستان,187533,6
71914,3375,پشت تمب,187536,6
71915,3375,پیپ,187538,6
71916,3375,تولپتان,187542,6
71917,3375,تیتردان,187543,6
71918,3375,غلاموزمین,187544,6
71919,3375,جان آباد,187546,6
71920,3375,جکدان,187548,6
71921,3375,حمنتک,187552,6
71922,3375,دمبلان,187554,6
71923,3375,دیمکوت,187555,6
71924,3375,زیارت,187557,6
71925,3375,شیرآباد,187569,6
71926,3375,گچ دردب,187574,6
71927,3375,کرباسان,187576,6
71928,3375,کلگی,187580,6
71929,3375,گویاندر,187583,6
71930,3375,کوپچ,187584,6
71931,3375,گون زمین,187587,6
71932,3375,گتی دپ,187592,6
71933,3375,گتی تسک,187594,6
71934,3375,گردهان,187596,6
71935,3375,مرغان ریت,187601,6
71936,3375,مزرعه بهشتو,187605,6
71937,3375,پاکوه,187606,6
71938,3375,مزرعه پشت گر,187607,6
71939,3375,پیرکجکان,187610,6
71940,3375,مزرعه تیغاب,187615,6
71941,3375,خوشاب مراد,187622,6
71942,3375,مزرعه دوبندی,187625,6
71943,3375,مزرعه دشتوک,187629,6
71944,3375,مزرعه ریوس,187635,6
71945,3375,سهری,187642,6
71946,3375,کدان,187651,6
71947,3375,کاران,187653,6
71948,3375,مزرعه کشیکان,187658,6
71949,3375,مزرعه کلکان,187661,6
71950,3375,کلندوکی,187664,6
71951,3375,کله جاه,187666,6
71952,3375,گروانی,187677,6
71953,3375,مچی شیب,187689,6
71954,3375,مزرعه مدوهان,187690,6
71955,3375,مزرعه مکانی,187693,6
71956,3375,مزرعه هنزریک,187707,6
71957,3375,وانکوک,187718,6
71958,3375,ورکات,187719,6
71959,3375,هریدوک,187723,6
71960,3375,هنگیری,187724,6
71961,3375,کشیکان رییسان,412293,6
71962,3375,گشان,412295,6
71963,3375,ورزیی,412296,6
71964,3375,کناران,412297,6
71965,3375,گرتوپان,412300,6
71966,3375,مزرعه گوپشت,412301,6
71967,3375,مزرعه سیاهبک,412302,6
71968,3375,مگدر,414271,6
71969,3375,ککتل درنج,415349,6
71970,3375,ررزدر,415350,6
71971,3375,زردتاک,415351,6
71972,3375,جوهانی,415352,6
71973,3375,چراغ آباد,711664,6
71974,3375,بیدان,811217,6
71975,3376,احمدآباد,187518,6
71976,3376,آزباغ,187519,6
71977,3376,اسپتکی,187522,6
71978,3376,اوگینک,187526,6
71979,3376,تنگ سرحد,187541,6
71980,3376,جاکس,187545,6
71981,3376,جاوشیر,187547,6
71982,3376,چگوگدان,187551,6
71983,3376,سرخ کان,187560,6
71984,3376,سول,187564,6
71985,3376,شمه سر,187568,6
71986,3376,کتکی,187577,6
71987,3376,کهیرک,187588,6
71988,3376,گتی آپ,187593,6
71989,3376,گورخلج,187600,6
71990,3376,پیرکشان,187611,6
71991,3376,مزرعه تیغ آب,187616,6
71992,3376,مزرعه خدابند,187620,6
71993,3376,مزرعه کنارک,187672,6
71994,3376,کنت کهیر,187673,6
71995,3376,گنگزار آباد(کورکش),187681,6
71996,3376,ندوکی(نتوکی),187698,6
71997,3376,وشمکان,187720,6
71998,3376,هینی,187726,6
71999,3376,بن رود,187940,6
72000,3376,کپهک(فیروز آباد),187997,6
72001,3376,جلال آباد,412288,6
72002,3376,نورآباد,412289,6
72003,3376,مزرعه ناگ,412292,6
72004,3376,مزرعه بزی شیب,412305,6
72005,3376,اپدمیت,412636,6
72006,3376,ملک آباد,416163,6
72007,3376,شه تمپ,711334,6
72008,3377,پشتی,191643,6
72009,3377,جد,191652,6
72010,3377,درانگوبالا,191658,6
72011,3377,درک,191659,6
72012,3377,ککی,191676,6
72013,3377,کلات(کلات کوچ),191678,6
72014,3377,گزیدر,191687,6
72015,3377,هومدان,410734,6
72016,3377,بگی هنز,414261,6
72017,3377,هنابی,414996,6
72018,3377,سیملی,416468,6
72019,3377,شریف آباد,711275,6
72020,3377,اسکله کلات,711276,6
72021,3377,درانگوپایین,711281,6
72022,3377,اسلام آباد,711282,6
72023,3377,دودرجدید,711283,6
72024,3377,موتورقاسم لادی,711781,6
72025,3377,بنگلویی,811003,6
72026,3377,امیرآباد,811901,6
72027,3377,کلات پایین(جهل),811904,6
72028,3377,سول جدید,842333,6
72029,3377,سنگ شکن,842334,6
72030,3378,سیتگ (سستگ),191631,6
72031,3378,اسماعیل چات,191632,6
72032,3378,توجک,191650,6
72033,3378,زردین کهیر,191667,6
72034,3378,شاهی چات,191670,6
72035,3378,مسکی,191698,6
72036,3378,گواجگ,410707,6
72037,3378,همت آباد,410708,6
72038,3378,لکی,410709,6
72039,3378,کنتان,410710,6
72040,3378,تران,413659,6
72041,3378,بندینی,414262,6
72042,3378,مرادآباد,415021,6
72043,3378,لوند,711277,6
72044,3378,مرادی کشک جدید,711278,6
72045,3378,جمک آباد,811898,6
72046,3378,نوک آباد,811903,6
72047,3378,چراغ آباد,842377,6
72048,3379,بلک,191635,6
72049,3379,دودر,191660,6
72050,3379,ریگ صفر,191663,6
72051,3379,شهردر,191672,6
72052,3379,گرگان,191684,6
72053,3379,اسلام آبادلاش,191692,6
72054,3379,هیان,191706,6
72055,3379,ریگ مصطفی,196645,6
72056,3379,مرادی کشک,410672,6
72057,3379,سول,410673,6
72058,3379,سورو,410676,6
72059,3379,سندسر,410677,6
72060,3379,جماسکی,410711,6
72061,3379,خانه های سازمانی جهاد,410719,6
72062,3379,بگالو,412883,6
72063,3379,محمدآباد,416815,6
72064,3379,هیان بالا,711285,6
72065,3379,ریگ سر,711287,6
72066,3379,بگالو2,711290,6
72067,3379,سول پایین,711291,6
72068,3379,مغازه های دوراهی جهاد,711292,6
72069,3379,بندگاه,842305,6
72070,3380,بندمی,191633,6
72071,3380,تنبلان,191647,6
72072,3380,توله در,191651,6
72073,3380,جوزدر,191654,6
72074,3380,کلیری,191677,6
72075,3380,کوه بن,191682,6
72076,3380,گنجک,191688,6
72077,3380,گنجی,191689,6
72078,3380,خوش آباد(گو),191690,6
72079,3380,نوالک,191699,6
72080,3380,واصل آباد,191701,6
72081,3380,گزاب,410678,6
72082,3380,وشنام(احمدآباد),410689,6
72083,3380,دوکی,410694,6
72084,3380,تی پیری,410696,6
72085,3380,زنگیک,410698,6
72086,3380,منه وسطی,410700,6
72087,3380,منه بالا,410701,6
72088,3380,میرآباد,413723,6
72089,3380,کوه بن جدید,711286,6
72090,3380,سالاری,711288,6
72091,3380,گلندانی,711289,6
72092,3380,سستک,711650,6
72093,3380,گریچ,811894,6
72094,3380,جوزدربالا,842198,6
72095,3380,علی آباد,842199,6
72096,3380,گورشیک,911996,6
72097,3381,سالوک سفلی,201790,6
72098,3381,سالوک علیا,201791,6
72099,3381,اتابک,201988,6
72100,3381,بار آور,201990,6
72101,3381,بایزید آباد,201993,6
72102,3381,برویشکانی,201995,6
72103,3381,تاژان,201997,6
72104,3381,تاژبان,201998,6
72105,3381,توکل,201999,6
72106,3381,چروش,202000,6
72107,3381,دوله گویر,202003,6
72108,3381,دونیس,202004,6
72109,3381,دیمه,202005,6
72110,3381,زربنه,202006,6
72111,3381,ساطیار,202007,6
72112,3381,قره بلاغ,202014,6
72113,3381,کارستم,202015,6
72114,3381,کانی ابراهیم,202016,6
72115,3381,کانی بند,202017,6
72116,3381,کانی بید,202018,6
72117,3381,کانی چولکه,202019,6
72118,3381,کانی گلی,202021,6
72119,3381,کانی گویز,202022,6
72120,3381,کوچر,202027,6
72121,3381,کوخ شیخ الاسلام,202028,6
72122,3381,کوخ کانی گویز,202031,6
72123,3381,کوخ مامو,202032,6
72124,3381,گندمان,202034,6
72125,3381,گوییل,202035,6
72126,3381,ماسی در,202036,6
72127,3381,موچه,202037,6
72128,3381,میرحسام,202038,6
72129,3381,میریوسف سفلی,202039,6
72130,3381,میریوسف علیا,202040,6
72131,3381,نوده,202041,6
72132,3381,نیروان,202042,6
72133,3381,نیزه رود,202043,6
72134,3381,واژه,202044,6
72135,3381,کانی بناو,202046,6
72136,3381,کانی سیب,202047,6
72137,3381,سپیداره,270502,6
72138,3381,کوخ صوفی رشیدپیروز,420170,6
72139,3381,کانی سماقان,420217,6
72140,3381,کوخ رستم,420218,6
72141,3381,سوره بان,420240,6
72142,3382,بانوان,201992,6
72143,3382,بله که,201996,6
72144,3382,چمپاراو,202001,6
72145,3382,سربرد,202008,6
72146,3382,سیسارک,202012,6
72147,3382,کانی مامر,202023,6
72148,3382,کنده سوره,202026,6
72149,3382,گرماب,202033,6
72150,3383,بروژه کهنه,201866,6
72151,3383,بلوه,201867,6
72152,3383,بنه خوی,201868,6
72153,3383,دروله,201869,6
72154,3383,رشیدقلعه,201870,6
72155,3383,سبدلو,201871,6
72156,3383,سرسونج,201872,6
72157,3383,سونج,201873,6
72158,3383,قوری چای,201875,6
72159,3383,مجسه,201876,6
72160,3383,نوده کهنه,201877,6
72161,3383,خشکه دره,201898,6
72162,3383,خواجه میر,201899,6
72163,3383,ساوان,201900,6
72164,3383,سرقول,201901,6
72165,3383,سویرو,201902,6
72166,3383,شرگه,201903,6
72167,3383,شوی,201904,6
72168,3383,صدبار,201905,6
72169,3383,عمرشال,201906,6
72170,3383,کوپیچ سفلی,201908,6
72171,3383,کوپیچ علیا,201909,6
72172,3383,میر آباد سفلی,201911,6
72173,3383,میر آباد علیا,201912,6
72174,3383,نژو,201913,6
72175,3383,برده رشه,201994,6
72176,3383,سیچان,202011,6
72177,3383,قایی برد,202013,6
72178,3383,احمد آباد,202102,6
72179,3383,ترخان آباد,202113,6
72180,3383,دمامه,202117,6
72181,3383,کانی ناو,202133,6
72182,3383,کوپیچ,420439,6
72183,3383,بنه رزان,420443,6
72184,3383,ده کهنه,422914,6
72185,3383,باروران,422944,6
72186,3383,سد بانه,812022,6
72187,3384,اوغل,201774,6
72188,3384,بندژاژ,201777,6
72189,3384,حمزه لان,201780,6
72190,3384,دارینه سفلی,201782,6
72191,3384,دارینه علیا,201783,6
72192,3384,رشکی,201784,6
72193,3384,زرواوسفلی,201785,6
72194,3384,زرواوعلیا,201786,6
72195,3384,سارتکه سفلی,201788,6
72196,3384,سارتکه علیا,201789,6
72197,3384,سیا حومه,201794,6
72198,3384,سیاحومه کهنه,201795,6
72199,3384,شیدیله,201796,6
72200,3384,صالح آباد,201797,6
72201,3384,کانی برد,201800,6
72202,3384,کانی هلوچه,201804,6
72203,3384,کندل,201805,6
72204,3384,گوزله,201809,6
72205,3384,مامال,201811,6
72206,3384,نمازگاه,201813,6
72207,3384,ویسک,201814,6
72208,3384,یعقوب آباد,201815,6
72209,3384,بیلو,201939,6
72210,3384,سیدصارم,201948,6
72211,3384,سیوچ سفلی,201949,6
72212,3384,سیوچ علیا,270501,6
72213,3384,بایزید,420061,6
72214,3384,کنده شین,420062,6
72215,3385,سرتزین,201792,6
72216,3385,کانی پزمکه,201801,6
72217,3385,برده رش,201936,6
72218,3385,بناویله کهنه,201937,6
72219,3385,بیکش,201938,6
72220,3385,پرشه,201940,6
72221,3385,پیاوین,201941,6
72222,3385,حسن آباد,201942,6
72223,3385,دول ارزن,201943,6
72224,3385,زیویه,201944,6
72225,3385,سپیداره,201945,6
72226,3385,سماقان,201946,6
72227,3385,سوتو,201947,6
72228,3385,شهینان,201950,6
72229,3385,کانی سماقان,201951,6
72230,3385,کشنه,201952,6
72231,3385,کوخان,201953,6
72232,3385,گشکسه,201954,6
72233,3385,منیجلان,201955,6
72234,3385,نجنه سفلی,201956,6
72235,3385,نجنه علیا,201957,6
72236,3385,نمه شیر,201958,6
72237,3385,هلو,201959,6
72238,3385,هورازه,201960,6
72239,3386,آلوت,201770,6
72240,3386,آلی مکان,201771,6
72241,3386,انجینه ابراهیم شمالی,201772,6
72242,3386,انجینه سفلی,201773,6
72243,3386,برده بوک,201775,6
72244,3386,برده رش,201776,6
72245,3386,بوالحسن,201778,6
72246,3386,چومان,201779,6
72247,3386,خجک,201781,6
72248,3386,زلی,201787,6
72249,3386,سرسول,201793,6
72250,3386,صاله,201798,6
72251,3386,عمره سیت,201799,6
72252,3386,کانی سیب,201803,6
72253,3386,کیوه رود,201806,6
72254,3386,گله سوره,201807,6
72255,3386,گوره دار,201808,6
72256,3386,مالته,201810,6
72257,3386,مزرلان,201812,6
72258,3386,انجینه ابراهیم جنوبی,420137,6
72259,3387,باشوان,201991,6
72260,3387,کلاه دول,202025,6
72261,3387,وشترمل,202104,6
72262,3387,انجیله,202105,6
72263,3387,بژی,202106,6
72264,3387,بویین علیا,202109,6
72265,3387,پیرغنی,202112,6
72266,3387,چی چوران,202114,6
72267,3387,درگاه شیخان,202116,6
72268,3387,دوسینه,202118,6
72269,3387,سفیدکمره,202120,6
72270,3387,سورین,202121,6
72271,3387,کانی سیف,202130,6
72272,3387,کانی شیلان,202132,6
72273,3387,کریم آباد,202134,6
72274,3387,کوخ حاجی کریم,202135,6
72275,3387,کویره گویزه,202137,6
72276,3387,کیوله,202139,6
72277,3387,گویزله,202140,6
72278,3387,محمد علی آباد,202141,6
72279,3387,ناوه,202143,6
72280,3387,ولی آباد,202146,6
72281,3387,هواره خول,202149,6
72282,3387,بادمجان,203413,6
72283,3387,بیاندره,203416,6
72284,3387,کانی پری,203451,6
72285,3387,وزمله,203467,6
72286,3387,هفت تاش,203469,6
72287,3387,مرقد,420352,6
72288,3387,قلی قرزان,420378,6
72289,3388,سرداو,202009,6
72290,3388,سوراو,202010,6
72291,3388,کانی سیف,202020,6
72292,3388,اشتر آباد,202103,6
72293,3388,برویشکانی,202108,6
72294,3388,خوری آباد,202115,6
72295,3388,سرتزین,202119,6
72296,3388,سیران بند,202122,6
72297,3388,ششه,202123,6
72298,3388,شیلمان,202124,6
72299,3388,قلی آباد,202126,6
72300,3388,قول استر,202127,6
72301,3388,کانی خراط,202128,6
72302,3388,کانی سور,202129,6
72303,3388,کیله عباس آباد,202138,6
72304,3388,میرگلاب,202142,6
72305,3388,ندر,202144,6
72306,3388,ننور,202145,6
72307,3388,هلاله ابراهیم,202147,6
72308,3388,هنگه ژال,202148,6
72309,3388,کانی شیلمه,422947,6
72310,3388,بازارچه مرزی سیران بند,812023,6
72311,3389,باباکرم,202328,6
72312,3389,جبرییل,202330,6
72313,3389,چلانه,202334,6
72314,3389,خان آباد,202339,6
72315,3389,ده بنه,202340,6
72316,3389,رضا آباد,202342,6
72317,3389,سلامت آباد,202343,6
72318,3389,علی آباد,202344,6
72319,3389,قاضی آباد,202346,6
72320,3389,کهریز,202347,6
72321,3389,گراچقا,202348,6
72322,3389,میل سفید,202354,6
72323,3389,چهل امیران,202401,6
72324,3389,دولت یار,202408,6
72325,3389,سیرلان,202413,6
72326,3389,آغکند سفلی,202471,6
72327,3389,آغکند علیا,202472,6
72328,3389,باقر آباد,202476,6
72329,3389,جوروندی,202479,6
72330,3389,چشمه آدینه,202481,6
72331,3389,دارغیاث,202493,6
72332,3389,سبزوار,202498,6
72333,3389,شبرتو,202499,6
72334,3389,شوشتری,202501,6
72335,3389,طهمورث,202504,6
72336,3389,قره دربند,202507,6
72337,3389,قزل آغاج,202508,6
72338,3389,کنامار,202512,6
72339,3389,گوجه کند,202515,6
72340,3389,هزارخان,202520,6
72341,3389,خانباغی,202874,6
72342,3389,کلوچه,202883,6
72343,3389,سیف آباد,210300,6
72344,3389,قوری چای,210313,6
72345,3390,جعفر آباد,202331,6
72346,3390,حسن تیمورعلیا,202338,6
72347,3390,فتح آباد,202345,6
72348,3390,همایون,202356,6
72349,3390,حاجی آباد,202873,6
72350,3390,خدایی,202875,6
72351,3390,شاه گدارسفلی,202877,6
72352,3390,شیرین سو,202879,6
72353,3390,قزانقره,202880,6
72354,3390,کاکاعباس,202881,6
72355,3390,کچه گنبد,202882,6
72356,3390,گاوبازه,202884,6
72357,3390,گوگقاش,202885,6
72358,3390,آقبلاغ چنگ الماس,210273,6
72359,3390,چشمه آدینه,210286,6
72360,3390,زینل,210297,6
72361,3390,ینگی کند,210328,6
72362,3390,سد تلوار,423031,6
72363,3390,شاهگدار علیا,812027,6
72364,3390,خوجوندگنجینه,812028,6
72365,3391,اشرف آباد قوچ,202473,6
72366,3391,امین آباد,202474,6
72367,3391,بودلا,202477,6
72368,3391,چشمه خلیل,202482,6
72369,3391,چشمه روباه,202484,6
72370,3391,چشمه قلی,202485,6
72371,3391,حاجی آباد,202488,6
72372,3391,خزردین,202491,6
72373,3391,خسرو آباد,202492,6
72374,3391,دوسر,202494,6
72375,3391,زرین آباد,202495,6
72376,3391,زرین جوب,202496,6
72377,3391,شهرک سفلی,202502,6
72378,3391,صادق آباد,202503,6
72379,3391,قدیم خان,202505,6
72380,3391,قرخلر,202506,6
72381,3391,گاودانه زار,202513,6
72382,3391,محمد آباد نیل,202516,6
72383,3391,چشمه منتش,205149,6
72384,3391,خودلان,205163,6
72385,3392,آغبلاغ طغامین,202572,6
72386,3392,آغکند,202574,6
72387,3392,بستاندره,202579,6
72388,3392,چتاق,202582,6
72389,3392,خان کندی,202586,6
72390,3392,سلطان آباد چتاق,202588,6
72391,3392,شریف کندی,202589,6
72392,3392,قزلجه,202597,6
72393,3392,قورت دره,202598,6
72394,3392,قینرجه,202599,6
72395,3392,کله زان,202601,6
72396,3392,گل تپه طغامین,202605,6
72397,3392,اوچ گنبدخان,202703,6
72398,3392,اوچ گنبدسلطان,202704,6
72399,3392,سراب,202728,6
72400,3392,سیوری,202734,6
72401,3392,کورکوره,202756,6
72402,3393,آغ یازی,202575,6
72403,3393,احمد آباد,202654,6
72404,3393,قمچقای,202670,6
72405,3393,آزاد ویس سفلی,202696,6
72406,3393,آزاد ویس علیا,202697,6
72407,3393,الپهوت,202699,6
72408,3393,امیراصلان,202702,6
72409,3393,باباخان,202706,6
72410,3393,چالاب,202714,6
72411,3393,خلیفه قشلاق,202722,6
72412,3393,داداش کندی,202724,6
72413,3393,رستم کندی,202726,6
72414,3393,سلطان آباد قزل تپه,202729,6
72415,3393,سیف علی کندی,202732,6
72416,3393,اسلام آباد,202735,6
72417,3393,شیخ بشارت,202738,6
72418,3393,قزل تپه,202746,6
72419,3393,قیطاس,202750,6
72420,3393,کریم کندی,202753,6
72421,3393,محمد آباد,202768,6
72422,3393,محمدجان,202769,6
72423,3393,مهترکندی,202771,6
72424,3393,نورمحمدکندی,202773,6
72425,3393,نوشاد,202774,6
72426,3393,ولی بیگ,202776,6
72427,3393,ینگی آباد,202779,6
72428,3393,شهرک,420476,6
72429,3393,آثار باستانی قلعه طور,420478,6
72430,3393,دوشه مرخی,812024,6
72431,3393,خلیفه کندی,812029,6
72432,3393,سیوان تپه,812030,6
72433,3394,آغچه گنبد,202695,6
72434,3394,تازه کندمعدن,202709,6
72435,3394,تکیه,202711,6
72436,3394,جداقیه,202712,6
72437,3394,جیران,202713,6
72438,3394,حاجی آباد,202717,6
72439,3394,خرابه چول ارخ,202721,6
72440,3394,زیوه,202727,6
72441,3394,قجور,202743,6
72442,3394,قره محمدلو,202745,6
72443,3394,قمطرقه,202748,6
72444,3394,قیچلو,202749,6
72445,3394,گرگین,202760,6
72446,3394,گره چقا,202761,6
72447,3394,گل قشلاق,202762,6
72448,3394,گوگ تپه,202764,6
72449,3394,مغانلو,202767,6
72450,3394,نیمه کار,202775,6
72451,3394,هشتادجفت,202777,6
72452,3394,ینگی ارخ,202780,6
72453,3394,ایلان جوق,812025,6
72454,3394,سویمه کوکان,812026,6
72455,3395,چهل امیران,202336,6
72456,3395,آقا مراد,202388,6
72457,3395,آل کبود,202389,6
72458,3395,الوندقلی,202390,6
72459,3395,باباسرخه,202393,6
72460,3395,برجگه,202394,6
72461,3395,چنگیزقلعه,202399,6
72462,3395,خیر آباد,202405,6
72463,3395,دولت آباد,202407,6
72464,3395,رحمت آباد,202410,6
72465,3395,علی بدل,202416,6
72466,3395,قره بلاغ,202417,6
72467,3395,قیصه,202423,6
72468,3395,گلبلاغ سفلی,202424,6
72469,3395,گلبلاغ علیا,202425,6
72470,3395,مخور,202426,6
72471,3395,مقلی,202427,6
72472,3395,ویسمرید,202428,6
72473,3395,حسین آباد گرگان,202489,6
72474,3395,خرم آباد,202490,6
72475,3395,شریف آباد,202500,6
72476,3395,قشلاق نوروز,202510,6
72477,3395,ندری,202518,6
72478,3395,بهرام آباد,202913,6
72479,3395,پهنه بر,202915,6
72480,3395,چشمه ایاز,202918,6
72481,3395,چشمه جان قلی,202919,6
72482,3395,چشمه کاظم,202920,6
72483,3395,حسین آباد کمرزرد,202922,6
72484,3395,خوشاب,202926,6
72485,3395,زرده کمر,202929,6
72486,3395,سایل مایل,202931,6
72487,3395,سعد آباد,202932,6
72488,3395,صلوات آباد,202936,6
72489,3395,قاسم آباد وینسار,202938,6
72490,3395,قاضی قوشچی,202939,6
72491,3395,قباسرخ,202940,6
72492,3395,قراطوره,202941,6
72493,3395,قمدره,202944,6
72494,3395,گلستانه,202949,6
72495,3395,گنبدحاجی,202950,6
72496,3395,نعمت آباد سفلی,202954,6
72497,3395,نعمت آباد علیا,202955,6
72498,3395,خاندان قلی,205161,6
72499,3395,کارخانه سیمان کردستان,420641,6
72500,3395,سد گلبلاغ,812015,6
72501,3396,بابافقیه,202327,6
72502,3396,چپقلو,202332,6
72503,3396,چشمه کوره,202333,6
72504,3396,چولجه,202335,6
72505,3396,گنبدی,202349,6
72506,3396,ماقوت,202350,6
72507,3396,مبارک آباد,202351,6
72508,3396,مهر آباد,202352,6
72509,3396,میرک,202353,6
72510,3396,نگارستان,202355,6
72511,3396,الاگز,202391,6
72512,3396,بابارستم,202392,6
72513,3396,تابستانی,202395,6
72514,3396,چوپی,202400,6
72515,3396,حسن آباد,202402,6
72516,3396,دولت کند,202409,6
72517,3396,زاغه فولاد,202411,6
72518,3396,سیدان,202412,6
72519,3396,شریف آباد,202414,6
72520,3396,قزل علی,202419,6
72521,3396,قشلاق حسن خان,202420,6
72522,3396,قشلاق خانه,202421,6
72523,3396,قمشلو,202422,6
72524,3396,ایده لو,202656,6
72525,3396,تازه آباد,202659,6
72526,3396,خورخوره,202663,6
72527,3396,قره پالچوق,202667,6
72528,3397,بهرام گنبد,202657,6
72529,3397,بیانلو,202658,6
72530,3397,چالی بلاغ,202661,6
72531,3397,چشمه سنگین,202662,6
72532,3397,خوشه گل,202664,6
72533,3397,سلطان آباد دره ویران,202665,6
72534,3397,قزل کند سفلی,202668,6
72535,3397,قزل کند علیا,202669,6
72536,3397,گل تپه سیلتان,202671,6
72537,3397,محمد آباد علی اکبر خان,202672,6
72538,3397,آغبلاغ حسین خان,202694,6
72539,3397,تازه قشلاق,202708,6
72540,3397,چغورقشلاق,202715,6
72541,3397,حسین آباد دمیرچی,202719,6
72542,3397,سیدحسین,202731,6
72543,3397,شیرین بلاغ,202739,6
72544,3397,قراجلو,202744,6
72545,3397,قزل خاتون,202747,6
72546,3397,کهل,202759,6
72547,3397,مرادی,202770,6
72548,3398,ابراهیم آباد,202906,6
72549,3398,المه قلاغ,202907,6
72550,3398,امیر آباد,202908,6
72551,3398,بابانظر,202910,6
72552,3398,باشوکی,202911,6
72553,3398,برگشاد,202912,6
72554,3398,پشت تنگ,202914,6
72555,3398,تپه محمدی,202916,6
72556,3398,حسین خان,202923,6
72557,3398,حصارسفید,202924,6
72558,3398,خراسان,202925,6
72559,3398,درویش خاکی,202927,6
72560,3398,دهرقه پیرحسین,202928,6
72561,3398,زینل خان,202930,6
72562,3398,سلطان آباد تنبلی,202933,6
72563,3398,شیرکش سفلی,202934,6
72564,3398,شیرکش علیا,202935,6
72565,3398,علی آباد,202937,6
72566,3398,قشلاق لو,202943,6
72567,3398,کانی کن,202945,6
72568,3398,کلک,202946,6
72569,3398,گوندگ,202951,6
72570,3398,مبارک آباد,202952,6
72571,3398,نجف آباد,202953,6
72572,3398,نوبهار,202956,6
72573,3399,آب باریک,202571,6
72574,3399,اوچ گل,202577,6
72575,3399,جعفر آباد,202581,6
72576,3399,حسن آباد چاروق,202584,6
72577,3399,حسین آباد,202585,6
72578,3399,خوش مقام,202587,6
72579,3399,علیشاه,202592,6
72580,3399,علی آباد,202593,6
72581,3399,علی سرخ,202594,6
72582,3399,قاوشق,202595,6
72583,3399,قزل بلاغ,202596,6
72584,3399,کوتان سفلی,202602,6
72585,3399,گل بلاغ,202604,6
72586,3399,مدک,202607,6
72587,3399,میدان مظفرخان,202609,6
72588,3399,ینگی کند,202611,6
72589,3399,آغبلاغ علی اکبر خان,202653,6
72590,3399,اوغلان میراحمد,202655,6
72591,3399,قره بلاغ میانکوه,202666,6
72592,3399,کچه گنبد,342382,6
72593,3400,ابوالمؤمن,203532,6
72594,3400,اخضر آباد,203533,6
72595,3400,اصحاب,203535,6
72596,3400,آلیار,203540,6
72597,3400,ایاغچی,203541,6
72598,3400,باشبلاغ,203543,6
72599,3400,برچم,203545,6
72600,3400,بالاقلو,203546,6
72601,3400,پچه سور,203547,6
72602,3400,چوملو,203553,6
72603,3400,حاجی حسن,203555,6
72604,3400,حسن آباد قاشق,203556,6
72605,3400,خوش قشلاق,203560,6
72606,3400,دالو,203563,6
72607,3400,رحیم آباد,203567,6
72608,3400,زیویه,203569,6
72609,3400,سولاکان,203572,6
72610,3400,طومارقامیش,203577,6
72611,3400,عباس رقه,203579,6
72612,3400,فیض آباد,203584,6
72613,3400,قپلانتو,203586,6
72614,3400,قره ناو,203588,6
72615,3400,کانی سفید,203600,6
72616,3400,کردکند,203602,6
72617,3400,کریم آباد ایاغچی,203604,6
72618,3400,کوچه طلا,203606,6
72619,3400,گل تپه,203610,6
72620,3400,یورقل,203622,6
72621,3400,دره پنبه دان,204653,6
72622,3400,قاشق,204666,6
72623,3400,کروز,204676,6
72624,3400,کوپه قران,204680,6
72625,3400,میرسعید,204689,6
72626,3400,آثار باستانی زیویه,812019,6
72627,3401,کاکه سیاب,203336,6
72628,3401,درگاه سلیمان,203423,6
72629,3401,دره اسمعیله,203425,6
72630,3401,دره وزان سفلی,203429,6
72631,3401,دره وزان علیا,203430,6
72632,3401,قلعه جقه,203450,6
72633,3401,کمنتو,203457,6
72634,3401,آدینان,203534,6
72635,3401,تیز آباد,203550,6
72636,3401,چاغرلو,203552,6
72637,3401,چیچی خوار,203554,6
72638,3401,خانقاه شیخ,203559,6
72639,3401,خوشه دره,203561,6
72640,3401,سید آباد,203573,6
72641,3401,علی آباد,203583,6
72642,3401,قشلاق رضا,203589,6
72643,3401,اسلام آباد,203590,6
72644,3401,قلعه کهنه,203591,6
72645,3401,کریم آباد,203603,6
72646,3401,کیسلان,203608,6
72647,3401,لگزی,203613,6
72648,3401,محمود آباد,203615,6
72649,3401,نمدینه,203618,6
72650,3401,یاپشخان,203620,6
72651,3401,یازی بلاغی,203621,6
72652,3402,اینچکه,203131,6
72653,3402,باغلوجه,203132,6
72654,3402,بغده کندی,203133,6
72655,3402,بیگ اویسی,203134,6
72656,3402,ترجان,203135,6
72657,3402,غلام علی,203136,6
72658,3402,جمیان,203137,6
72659,3402,زنبیل,203138,6
72660,3402,سید آباد جمیان,203142,6
72661,3402,شقویف,203143,6
72662,3402,شیلان آباد,203144,6
72663,3402,قازانتا,203145,6
72664,3402,قاقل آباد,203146,6
72665,3402,قره گویز,203147,6
72666,3402,قلقله,203148,6
72667,3402,قهر آباد سفلی,203150,6
72668,3402,قهر آباد علیا,203151,6
72669,3402,کهریزه ایوبی,203154,6
72670,3402,گردیگلان,203155,6
72671,3403,خیدر,203422,6
72672,3403,هیجانان,203471,6
72673,3403,اسلام آباد,203716,6
72674,3403,آیچی,203717,6
72675,3403,بوبکتان,203718,6
72676,3403,تموغه,203719,6
72677,3403,شیخ چوپان,203724,6
72678,3403,طاهربغده,203726,6
72679,3403,ونوشه,203728,6
72680,3403,قشلاق صالح بیگ,203729,6
72681,3403,قهرمان,203730,6
72682,3403,کندلان,203732,6
72683,3403,کویره گویز,203733,6
72684,3403,ملقرنی,203736,6
72685,3403,قباغلو,203777,6
72686,3403,میتو,203786,6
72687,3404,احمد آباد سرا,203130,6
72688,3404,سرا,203139,6
72689,3404,سرچشمه,203140,6
72690,3404,سرکل,203141,6
72691,3404,قوچاق,203149,6
72692,3404,کوچک سفلی,203152,6
72693,3404,کوچک علیا,203153,6
72694,3404,مندیل بسر,203156,6
72695,3404,هبکی,203157,6
72696,3404,آق تپه,203536,6
72697,3404,آلتون سفلی,203537,6
72698,3404,آلتون علیا,203538,6
72699,3404,الکلو,203539,6
72700,3404,بدر آباد,203544,6
72701,3404,پیریونس,203548,6
72702,3404,تاوه قران,203549,6
72703,3404,حسن آباد گودرز,203557,6
72704,3404,داش آلوجه,203562,6
72705,3404,دره پنبه دان,203564,6
72706,3404,دوزخ دره,203566,6
72707,3404,زلفیله,203568,6
72708,3404,سلیمان کندی,203570,6
72709,3404,عرب اوغلوی سفلی,203580,6
72710,3404,عرب اوغلوی علیا,203581,6
72711,3404,عصر آباد,203582,6
72712,3404,قبله بلاغی,203585,6
72713,3404,قلعه گاه گودرز,203592,6
72714,3404,قلندر,203594,6
72715,3404,قهر آباد,203596,6
72716,3404,قیلسون,203598,6
72717,3404,کانی جشنی,203599,6
72718,3404,کانی نیاز,203601,6
72719,3404,کنه کبوتر,203605,6
72720,3404,کهریزه,203607,6
72721,3404,گاوشله,203609,6
72722,3404,موکه,203617,6
72723,3404,نوبهار,203619,6
72724,3404,آخکند,203715,6
72725,3404,چکشه,203720,6
72726,3404,سونج,203722,6
72727,3404,سید آباد,203723,6
72728,3404,مرخز,203735,6
72729,3404,هرمیله,203739,6
72730,3404,یازی بلاغی,203740,6
72731,3404,احمد آباد سونج,420800,6
72732,3404,شهرک صنعتی سقز,420815,6
72733,3404,شهرک سرچشمه,420837,6
72734,3405,دارابی,203721,6
72735,3405,شیوه تو,203725,6
72736,3405,کانی بند,203731,6
72737,3405,گویزه,203734,6
72738,3405,میرگه نقشینه,203737,6
72739,3405,وزمله,203738,6
72740,3405,باباحسین,203768,6
72741,3405,بله جر,203769,6
72742,3405,پیرعمران,203770,6
72743,3405,تموته,203771,6
72744,3405,چراغ ویس,203772,6
72745,3405,حمزه قرنیان,203773,6
72746,3405,خاپوره ده,203774,6
72747,3405,سیاهدرعلیا,203775,6
72748,3405,سیاهدر کهنه,203776,6
72749,3405,قبغلوچه,203778,6
72750,3405,قره چر,203779,6
72751,3405,قلقله,203780,6
72752,3405,قوره دره,203781,6
72753,3405,کرویان,203782,6
72754,3405,کنده سوره,203783,6
72755,3405,کیله شین,203784,6
72756,3405,مازوجدار,203785,6
72757,3405,میرده,203787,6
72758,3405,سد چراغ ویس,812021,6
72759,3406,اسحاق آباد,203293,6
72760,3406,بایدرسفلی,203295,6
72761,3406,بایدرعلیا,203296,6
72762,3406,بردمه,203297,6
72763,3406,بسطام,203299,6
72764,3406,حاجی ممدان,203305,6
72765,3406,خوشه دره,203308,6
72766,3406,دگاگاه,203318,6
72767,3406,سوته,203324,6
72768,3406,سیف,203326,6
72769,3406,کانعمت,203337,6
72770,3406,بوخلو,203414,6
72771,3406,قزل ویل,203446,6
72772,3406,کاومله,203453,6
72773,3406,بازارچه مرزی سیف,812018,6
72774,3407,باغچله,203412,6
72775,3407,بهرام,203415,6
72776,3407,جوشن,203417,6
72777,3407,حاجی عبدل,203418,6
72778,3407,حسن سالاران,203419,6
72779,3407,خرمتا,203420,6
72780,3407,خورده لوکی,203421,6
72781,3407,دره آبی,203424,6
72782,3407,دره زیارت سفلی,203426,6
72783,3407,دره زیارت علیا,203427,6
72784,3407,دره وزان جدید,203428,6
72785,3407,رنگه ریژان,203431,6
72786,3407,سراجگاه,203432,6
72787,3407,سرتکلتو,203433,6
72788,3407,سردره,203434,6
72789,3407,سرسیف,203435,6
72790,3407,سماقلو,203436,6
72791,3407,سه کوچکه,203437,6
72792,3407,سیانزار,203438,6
72793,3407,سیف طاله,203439,6
72794,3407,شیپانجو,203440,6
72795,3407,طابیشه,203441,6
72796,3407,طاله جار,203442,6
72797,3407,عاقل آباد,203443,6
72798,3407,عرب لنگ,203444,6
72799,3407,قامیشله,203445,6
72800,3407,قشلاق پل,203447,6
72801,3407,قشلاق قاضی,203448,6
72802,3407,قشلاق ملا,203449,6
72803,3407,کانی کبود,203452,6
72804,3407,کچل منگان,203454,6
72805,3407,کس نزان,203455,6
72806,3407,کمره سیاوه,203456,6
72807,3407,گوره قلعه,203459,6
72808,3407,مام سیف الدین,203460,6
72809,3407,مازوجدار,203461,6
72810,3407,مزره,203462,6
72811,3407,میشاوسفلی,203463,6
72812,3407,میشاوعلیا,203464,6
72813,3407,میک,203465,6
72814,3407,وره نانی,203466,6
72815,3407,هرمیدول,203468,6
72816,3407,هنگ چینه,203470,6
72817,3408,ایراب,203187,6
72818,3408,پارسانیان,203192,6
72819,3408,تمبربیگ,203195,6
72820,3408,جنیان,203199,6
72821,3408,چاپان سفلی,203201,6
72822,3408,چاپان علیا,203202,6
72823,3408,چناره,203204,6
72824,3408,خانه میران,203206,6
72825,3408,سیاه دره,203211,6
72826,3408,سیف آباد,203213,6
72827,3408,ضامن آباد,203217,6
72828,3408,قاضی خان,203223,6
72829,3408,قلعه گاه کورکور,203228,6
72830,3408,قوخ,203229,6
72831,3408,نور آباد,203238,6
72832,3408,رستمان,203320,6
72833,3408,شیخله,203328,6
72834,3408,کندولان,203458,6
72835,3408,اینچکه,203542,6
72836,3408,تیکانلو,203551,6
72837,3408,قره گل,203587,6
72838,3408,گلزارسفلی,203611,6
72839,3408,گلزارعلیا,203612,6
72840,3409,احمدمرده,203186,6
72841,3409,ایلو,203188,6
72842,3409,ایوب,203189,6
72843,3409,باشماق,203190,6
72844,3409,برده رشه,203191,6
72845,3409,تازه آباد,203193,6
72846,3409,تخت,203194,6
72847,3409,تیلکو,203197,6
72848,3409,تیمان قلعه,203198,6
72849,3409,چالگاه,203203,6
72850,3409,دوله سیر,203207,6
72851,3409,سردره,203209,6
72852,3409,سید آباد,203212,6
72853,3409,شریف آباد,203214,6
72854,3409,شمسه,203215,6
72855,3409,صالح آباد,203216,6
72856,3409,علی آباد,203218,6
72857,3409,علی مرده,203219,6
72858,3409,قادر آباد,203222,6
72859,3409,قلعه جقه,203224,6
72860,3409,قلعه گاه خلیفه,203226,6
72861,3409,قلعه گاه شریف,203227,6
72862,3409,کانی سرخ,203230,6
72863,3409,کانی سیدشکره,203232,6
72864,3409,کانی ملا,203233,6
72865,3409,گاوقران,203234,6
72866,3409,ملاسالار,203235,6
72867,3409,میرآباد,203236,6
72868,3409,ناصر آباد,203237,6
72869,3410,جعفرخان,203303,6
72870,3410,چنارتو,203304,6
72871,3410,خورخوره,203307,6
72872,3410,خوشینان,203309,6
72873,3410,درویان سفلی,203311,6
72874,3410,درویان علیا,203312,6
72875,3410,دره تفی,203313,6
72876,3410,دره شیخان,203314,6
72877,3410,دره قبله,203315,6
72878,3410,دره هوان,203317,6
72879,3410,دولت قلعه,203319,6
72880,3410,رستم کر,203321,6
72881,3410,سرخ موسی,203322,6
72882,3410,سرنجداخ,203323,6
72883,3410,سوله,203325,6
72884,3410,قامیشله,203330,6
72885,3410,قتلو,203331,6
72886,3410,قره بغره,203332,6
72887,3410,قشلاق آقاگوره,203333,6
72888,3410,قشلاق مله,203334,6
72889,3410,قهر آباد سلیمان,203335,6
72890,3410,کانی سید,203338,6
72891,3410,گاو کچ سفلی,203340,6
72892,3410,گاو کچ علیا,203341,6
72893,3410,ماهیدرسفلی,203343,6
72894,3410,ماهیدرعلیا,203344,6
72895,3410,مله,203345,6
72896,3410,موسم آباد,203346,6
72897,3410,مولان آباد,203347,6
72898,3410,نوین,203349,6
72899,3411,چناره,204286,6
72900,3411,دادانه,204289,6
72901,3411,دربنده,204290,6
72902,3411,زندان,204293,6
72903,3411,سرسوی سفلی,204294,6
72904,3411,سرسوی علیا,204295,6
72905,3411,کانی مشکان,204302,6
72906,3411,کرجو,204303,6
72907,3411,کره سی,204304,6
72908,3411,کولسه,204305,6
72909,3411,کیلانه,204306,6
72910,3411,گزنه,204308,6
72911,3411,گندمان,204310,6
72912,3411,ملکشان سفلی,204312,6
72913,3411,ملکشان علیا,204313,6
72914,3411,خشکه دول,204406,6
72915,3411,عنبربزان,204422,6
72916,3412,گرماش,204307,6
72917,3412,اجگره,204359,6
72918,3412,آرندان,204360,6
72919,3412,سرخه دزج,204366,6
72920,3412,صوفیان,204368,6
72921,3412,کلکان,204369,6
72922,3412,نوره,204441,6
72923,3413,آساوله,204391,6
72924,3413,دوشان,204409,6
72925,3413,فرودگاه سنندج,204423,6
72926,3413,قار,204425,6
72927,3413,گرمیدر,204433,6
72928,3413,باباریز,204499,6
72929,3413,تیرگران,204504,6
72930,3413,خلیچیان,204510,6
72931,3413,عیسی در,204519,6
72932,3413,قلیان,204522,6
72933,3413,کوله هرد,204526,6
72934,3413,گزردره,204527,6
72935,3413,مزره,204533,6
72936,3413,برازان,204578,6
72937,3413,خیاره,204581,6
72938,3413,دولت آباد,204582,6
72939,3413,صلوات آباد,204585,6
72940,3413,کانی کوچک,204590,6
72941,3413,هانیس,204598,6
72942,3413,شهرک صنعتی سنندج 1,421311,6
72943,3413,مجتمع برازان,421322,6
72944,3413,سد قشلاق,812001,6
72945,3414,بزلانه,204280,6
72946,3414,سنگ سفید,204296,6
72947,3414,عسگران,204300,6
72948,3414,لره ول,204311,6
72949,3414,انگوژان,204394,6
72950,3414,بوربان,204396,6
72951,3414,تجره,204399,6
72952,3414,چناران,204401,6
72953,3414,چنو,204402,6
72954,3414,حسین آباد گرآباد,204404,6
72955,3414,دول باغ,204410,6
72956,3414,زروان,204412,6
72957,3414,سرنجیانه سفلی,204413,6
72958,3414,سرنجیانه علیا,204414,6
72959,3414,سمان,204415,6
72960,3414,سمیران,204416,6
72961,3414,شیلان,204418,6
72962,3414,شینه,204419,6
72963,3414,علی آباد,204420,6
72964,3414,علی آباد بزیندر,204421,6
72965,3414,قران,204427,6
72966,3414,قصریان,204428,6
72967,3414,کیلک,204431,6
72968,3414,گر آباد,204432,6
72969,3414,لنج آباد,204435,6
72970,3414,موینه,204438,6
72971,3414,نران,204439,6
72972,3414,نصرت آباد,204440,6
72973,3414,هوانله,204444,6
72974,3414,شینه شریف آباد,421565,6
72975,3414,شهرک وحدت,421569,6
72976,3415,تازه آباد دویسه,204361,6
72977,3415,تودارصمدی,204362,6
72978,3415,دویسه,204363,6
72979,3415,ساتیله,204364,6
72980,3415,سراب قامیش,204365,6
72981,3415,گاودره,204370,6
72982,3415,چتان,204506,6
72983,3415,چرندو,204507,6
72984,3415,چهل گزی,204508,6
72985,3415,خاکروزی,204509,6
72986,3415,شقه بردسیدمحی الدین,204515,6
72987,3415,آلیجان,204517,6
72988,3415,کانی تاله,204524,6
72989,3415,مایین دول,204530,6
72990,3415,حاجی آباد,204835,6
72991,3415,خنجره علیا,204838,6
72992,3415,خنجره سفلی,204839,6
72993,3415,فرهاد آباد,204853,6
72994,3415,هانه گلان,204873,6
72995,3415,قلقله چتان,421256,6
72996,3415,معین آباد,421261,6
72997,3415,قلوزه,421263,6
72998,3416,اویهنگ,205923,6
72999,3416,خواشت,205930,6
73000,3416,سالیان,205937,6
73001,3416,سرهویه,205941,6
73002,3416,سفیدبن,205942,6
73003,3416,نجی,205950,6
73004,3416,ویسر,205953,6
73005,3416,هویه,205955,6
73006,3416,بزان,206124,6
73007,3416,سه پیران,206139,6
73008,3416,فطره زمین,206144,6
73009,3416,کلاتی,206150,6
73010,3417,برودر,206123,6
73011,3417,تازه آباد عیسی آباد,206126,6
73012,3417,تودارروته,206127,6
73013,3417,تودارملا,206128,6
73014,3417,تیژتیژ,206129,6
73015,3417,چاولکان حاجی,206131,6
73016,3417,خانقاه حسن گاوگیر,206135,6
73017,3417,خروسه,206136,6
73018,3417,خوشاب,206137,6
73019,3417,دره خشکه,206138,6
73020,3417,سوره وان,206140,6
73021,3417,طاله وران,206142,6
73022,3417,عیسی آباد,206143,6
73023,3417,قاسم آباد,206146,6
73024,3417,قلعه جوق,206147,6
73025,3417,قلعه شیخان,206148,6
73026,3417,گزردره,206151,6
73027,3417,گنه بو,206152,6
73028,3417,علی آباد,206154,6
73029,3417,تازه آباد قلعه جوق,206155,6
73030,3417,باقل آباد,206190,6
73031,3417,خشکین کوماسی,206197,6
73032,3417,زنوری,206198,6
73033,3417,شاین,206202,6
73034,3417,کرگینه,206252,6
73035,3418,لنگریز,206074,6
73036,3418,خانقاه جوجو,206134,6
73037,3418,برقرو,206243,6
73038,3418,بنه دار,206244,6
73039,3418,پیچون,206246,6
73040,3418,دادانه کمانگر,206247,6
73041,3418,دانیکش,206248,6
73042,3418,دریله,206249,6
73043,3418,رشنش,206250,6
73044,3418,زونج,206251,6
73045,3418,میانه,206254,6
73046,3418,نگل,206255,6
73047,3418,تازه آباد کیخسرو,423030,6
73048,3419,بازی رباب,204500,6
73049,3419,باینچوب,204501,6
73050,3419,تازه آباد دکتر واسع,204502,6
73051,3419,تازه آباد قراگل,204503,6
73052,3419,جبرییلان,204505,6
73053,3419,خلیفه ترخان,204511,6
73054,3419,دولبندی,204512,6
73055,3419,سنگ سفید,204514,6
73056,3419,شیخ وجیم,204516,6
73057,3419,عباس آباد,204518,6
73058,3419,ماچکه سفلی,204528,6
73059,3419,ماچکه علیا,204529,6
73060,3419,ماموخ سفلی,204531,6
73061,3419,ماموخ علیا,204532,6
73062,3419,امروله,204743,6
73063,3419,باینچقلو,204745,6
73064,3419,چرمیله,204750,6
73065,3419,سراب باینچقلو,204757,6
73066,3419,سیاسران سفلی,204760,6
73067,3419,سیاسران علیا,204761,6
73068,3419,صیدان,204763,6
73069,3419,کژی کران,204768,6
73070,3419,گزان سفلی,204773,6
73071,3419,گزان علیا,204774,6
73072,3419,منصوربلاغی,204776,6
73073,3419,یونس آباد,204777,6
73074,3420,اصحاب علیا,204740,6
73075,3420,اکبر آباد,204742,6
73076,3420,باقر آباد,204744,6
73077,3420,تازه آباد بزن قران,204747,6
73078,3420,تفتیله,204748,6
73079,3420,بهارستان,204752,6
73080,3420,دلو آمده,204754,6
73081,3420,سراب میرزا,204758,6
73082,3420,صادق آباد,204762,6
73083,3420,قلاته رشکه,204767,6
73084,3420,کلهر آباد,204770,6
73085,3420,کیله سفید,204772,6
73086,3420,اصحاب سفلی,204778,6
73087,3420,افراسیاب,204820,6
73088,3421,اندر,204277,6
73089,3421,اندرآب,204278,6
73090,3421,برزآب,204279,6
73091,3421,پتلیدر,204281,6
73092,3421,تخته,204282,6
73093,3421,تکیه هشمیز,204283,6
73094,3421,توریور,204285,6
73095,3421,حلوان,204287,6
73096,3421,خانقاه گلین,204288,6
73097,3421,درویشان,204291,6
73098,3421,شیان,204299,6
73099,3421,کانی شلانه,204301,6
73100,3421,هشلی,204316,6
73101,3421,هه شمیز,204317,6
73102,3422,دولاب,204166,6
73103,3422,نزاز,204195,6
73104,3422,دره کوله,204292,6
73105,3422,سو,204297,6
73106,3422,سواریان,204298,6
73107,3422,گلین,204309,6
73108,3422,وصی سفلی,204314,6
73109,3422,وصی علیا,204315,6
73110,3422,تنگی سر,205928,6
73111,3422,محراب,205948,6
73112,3422,نیر,205952,6
73113,3423,آصف آباد,205350,6
73114,3423,اوریه,205354,6
73115,3423,پیرسلیمان,205363,6
73116,3423,تازه آباد سر اوریه,205367,6
73117,3423,خریله,205381,6
73118,3423,دیوزند,205385,6
73119,3423,سرتیپ آباد,205390,6
73120,3423,سنگین آباد,205394,6
73121,3423,شکوه آباد,205400,6
73122,3423,قاسم آباد,205410,6
73123,3423,مشیر آباد اوریه,205435,6
73124,3423,امین آباد حیاته بزرگ,205441,6
73125,3423,ویهج,205449,6
73126,3423,مجین,205586,6
73127,3423,شهرک صنعتی قروه,812014,6
73128,3424,بالوانه خالدی,205358,6
73129,3424,بالوانه معتمدی,205359,6
73130,3424,پیرباباعلی,205362,6
73131,3424,تاه آباد جامه شوران,205364,6
73132,3424,تازه آباد خلیل آباد,205365,6
73133,3424,تازه آباد سراب قحط,205366,6
73134,3424,تقی آباد,205370,6
73135,3424,جامه شوران,205371,6
73136,3424,چمقلو,205376,6
73137,3424,سراب قحط,205389,6
73138,3424,شانوره,205397,6
73139,3424,کاظم آباد,205419,6
73140,3424,کامشگران,205420,6
73141,3424,کانی گنجی,205422,6
73142,3424,محمود آباد,205433,6
73143,3424,تازه آباد کریم آباد,422254,6
73144,3425,امیر آباد قلعه لان,052341,6
73145,3425,حسین آباد کنگره,052363,6
73146,3425,کنگره,052395,6
73147,3425,سد سنگ سیاه,205178,6
73148,3425,کبودخانی سفلی,205208,6
73149,3425,آب باریک,205346,6
73150,3425,قاملو,205411,6
73151,3425,کبودخانی علیا,205423,6
73152,3425,معصوم آباد,205434,6
73153,3426,آجی چای,205347,6
73154,3426,الهیاری,205351,6
73155,3426,امین آباد قصلان,205352,6
73156,3426,اوچ بلاغ,205353,6
73157,3426,دیرکلو,205384,6
73158,3426,زرین آباد,205386,6
73159,3426,زیویه,205387,6
73160,3426,شوراب خان,205401,6
73161,3426,شیخ جعفر,205405,6
73162,3426,عسکر آباد,205409,6
73163,3426,قراغل,205412,6
73164,3426,قره بلاغ خان,205414,6
73165,3426,قصلان,205416,6
73166,3426,مظفر آباد,205437,6
73167,3426,مهدی خان,205439,6
73168,3426,اسلام آباد,205444,6
73169,3426,شوراب حاجی,205628,6
73170,3427,چمقلوشیدا,205151,6
73171,3427,نجف آباد,205227,6
73172,3427,احمد آباد باش,205348,6
73173,3427,تازه آباد گیلکلو,205369,6
73174,3427,جعفر,205373,6
73175,3427,چراغ آباد شکر آباد,205375,6
73176,3427,حسن خان,205379,6
73177,3427,حسین آباد الاخان,205380,6
73178,3427,سیلاب,205395,6
73179,3427,شادی آباد,205396,6
73180,3427,شوراب هزاره,205402,6
73181,3427,کمال آباد محمد صالح,205425,6
73182,3427,گزل قایه,205426,6
73183,3427,گیلکلو,205427,6
73184,3427,محمدصالح,205432,6
73185,3427,نیازبلاغ,205446,6
73186,3427,عباس آباد,205629,6
73187,3427,عبدل آباد,205630,6
73188,3427,عربشاه,205631,6
73189,3427,فرهاد آباد,205634,6
73190,3427,فیروز آباد,205635,6
73191,3427,ملک آباد,205638,6
73192,3427,منتش,205639,6
73193,3428,آونگان,205355,6
73194,3428,چهارگاه,205377,6
73195,3428,شجاع آباد,205398,6
73196,3428,شهابیه,205403,6
73197,3428,شیخ تقه,205404,6
73198,3428,کانی چای,205421,6
73199,3428,کمال آباد شهابیه,205424,6
73200,3428,یالغوز آغاج,205450,6
73201,3428,خشکمرودسفلی,205626,6
73202,3428,خشکمرودعلیا,205627,6
73203,3428,علی آباد یالغوز آغاج,205632,6
73204,3428,فخر آباد,205633,6
73205,3428,کریم آباد علی وردی,205636,6
73206,3428,ذوب آهن کردستان,812011,6
73207,3428,شهرک صنعتی آونگان,812012,6
73208,3429,جداقایه,205372,6
73209,3429,داش کسان,205382,6
73210,3429,آب باریک,205556,6
73211,3429,آقبلاغ,205558,6
73212,3429,باباشیداله,205559,6
73213,3429,داش بلاغ,205566,6
73214,3429,دوسر,205569,6
73215,3429,زنگ آباد,205571,6
73216,3429,سلطان آباد,205572,6
73217,3429,سورچه,205574,6
73218,3429,گنداب سفلی,205584,6
73219,3429,گنداب علیا,205585,6
73220,3429,نارنجک,205588,6
73221,3429,وینسار,205590,6
73222,3430,پلوسرکان,205361,6
73223,3430,حاجی آباد سیده,205378,6
73224,3430,سرقل,205391,6
73225,3430,شکر آباد میهم,205399,6
73226,3430,طوغان جدید,205408,6
73227,3430,مجید آباد,205430,6
73228,3430,مجید آباد اردلان,205431,6
73229,3430,میهم سفلی,205442,6
73230,3430,میهم علیا,205443,6
73231,3430,نعمت آباد,205445,6
73232,3430,ولی آباد,205448,6
73233,3430,آق کند,205557,6
73234,3430,برمه تپه,205560,6
73235,3430,تکیه سفلی,205562,6
73236,3430,تکیه علیا,205563,6
73237,3430,حسن آباد محمد نظر,205564,6
73238,3430,حسین آباد ظله جوب,205565,6
73239,3430,درمه,205567,6
73240,3430,زرینه,205570,6
73241,3430,سوتپه,205573,6
73242,3430,شهاب الدین,205576,6
73243,3430,شیروانه,205577,6
73244,3430,صندوق آباد,205578,6
73245,3430,قاورمه دره,205579,6
73246,3430,کمره,205581,6
73247,3430,گرمخانی,205582,6
73248,3430,گلالی,205583,6
73249,3430,میمنت آباد,205587,6
73250,3430,ناظم آباد,205589,6
73251,3430,مجتمع صنایع سنگ,812010,6
73252,3431,باغلوجه,205357,6
73253,3431,بهارلو,205360,6
73254,3431,قوجاق,205418,6
73255,3431,نی بند,205447,6
73256,3432,بابا گرگر,205356,6
73257,3432,طوغان باباگرگر,205407,6
73258,3432,قزلجه کند,205415,6
73259,3433,آسن آباد,205741,6
73260,3433,انجیران,205742,6
73261,3433,باشماق,205743,6
73262,3433,بایوه,205744,6
73263,3433,بیلو,205745,6
73264,3433,جشنی آباد,205748,6
73265,3433,چالاب,205749,6
73266,3433,خانم شیخان,205750,6
73267,3433,خانم کن,205751,6
73268,3433,خاو,205752,6
73269,3433,دره وران,205755,6
73270,3433,دولابی,205756,6
73271,3433,ده کهنه,205757,6
73272,3433,رسول آباد,205758,6
73273,3433,ساوجی,205759,6
73274,3433,سردوش,205760,6
73275,3433,سعد آباد,205761,6
73276,3433,شرگه,205762,6
73277,3433,قلقله,205763,6
73278,3433,قلانجه,205764,6
73279,3433,کانی میران,205767,6
73280,3433,کهریزه,205768,6
73281,3433,کیکن,205769,6
73282,3433,گاگل,205770,6
73283,3433,لیوسفلی,205771,6
73284,3433,لیوعلیا,205772,6
73285,3433,مرانه,205773,6
73286,3433,میرآباد,205774,6
73287,3433,میرگه دریژ,205775,6
73288,3433,نچی,205776,6
73289,3433,هانه شیخان,205777,6
73290,3433,بناوچله,206360,6
73291,3433,پیرصفا,206362,6
73292,3433,سیف سفلی,206368,6
73293,3433,سیف علیا,206369,6
73294,3433,کانی سفید,206372,6
73295,3433,محمده,206375,6
73296,3433,ینگیجه,206379,6
73297,3433,بازارچه مرزی باشماق,812003,6
73298,3434,باغان,205820,6
73299,3434,برده رش کوچک,205821,6
73300,3434,بلکر,205822,6
73301,3434,تراق تپه,205823,6
73302,3434,توت سرخان,205824,6
73303,3434,چالی سور,205825,6
73304,3434,دره پنبه دان,205827,6
73305,3434,دره سفید,205828,6
73306,3434,دوپلوره,205829,6
73307,3434,دویسه,205830,6
73308,3434,زویران,205831,6
73309,3434,شهسوار,205833,6
73310,3434,قامیشله,205834,6
73311,3434,قمچیان,205835,6
73312,3434,کولیت,205837,6
73313,3434,کولیت حسین آباد,205838,6
73314,3434,گله,205839,6
73315,3434,گماره لنگ,205840,6
73316,3434,گویله,205841,6
73317,3434,گیلی کران,205842,6
73318,3434,ماسیدرسفلی,205843,6
73319,3434,وشکلان,205844,6
73320,3434,ولینان,205845,6
73321,3434,اگجه,205874,6
73322,3434,تازه ده,205877,6
73323,3434,عیسولی,205886,6
73324,3434,کانی تمرخان,205887,6
73325,3434,گوگجه,205895,6
73326,3434,سد گاران,812004,6
73327,3435,سعدوسلیمان,205832,6
73328,3435,بیدرشان,205875,6
73329,3435,تازه آباد صوفی بله,205876,6
73330,3435,تنگباغ,205878,6
73331,3435,جلیله,205879,6
73332,3435,دره وزان,205880,6
73333,3435,دره هرد,205881,6
73334,3435,ده بنیاد,205882,6
73335,3435,شانشین,205883,6
73336,3435,صوفی بله,205884,6
73337,3435,طینال,205885,6
73338,3435,گلچیدر,205888,6
73339,3435,گوریچه,205889,6
73340,3435,میدول,205890,6
73341,3435,ناوکلان,205891,6
73342,3435,هواره گرمه,205892,6
73343,3435,آلی همدان,205893,6
73344,3435,عبدالصمدی,205894,6
73345,3435,پلوره,206125,6
73346,3435,جانوره,206130,6
73347,3435,چاولکان وزیر,206132,6
73348,3435,کاکوذکریا,206149,6
73349,3435,ول,206153,6
73350,3435,جانوره خوارگ,206156,6
73351,3435,بابا,206189,6
73352,3435,پلیاندر,206193,6
73353,3435,حسن قره,206196,6
73354,3435,سیور,206200,6
73355,3435,شیخ شربتی,206203,6
73356,3435,شیخ عطار,206204,6
73357,3435,قطوند,206205,6
73358,3435,قادر آباد,422875,6
73359,3436,اسکل علیا,205739,6
73360,3436,اسکل سفلی,205740,6
73361,3436,پیران شاه,205746,6
73362,3436,پیران کهنه,205747,6
73363,3436,دره مر,205754,6
73364,3436,کانی چنار,205765,6
73365,3436,کانی کبود,205766,6
73366,3436,کال سفلی,206308,6
73367,3436,کال علیا,206309,6
73368,3436,کلکه جان,206312,6
73369,3436,وله ژیر,206320,6
73370,3436,احمد آباد,206358,6
73371,3436,دره تفی,206365,6
73372,3436,سیاناو,206367,6
73373,3436,کانی سانان,206371,6
73374,3436,کولان,206373,6
73375,3436,نی,206377,6
73376,3436,ویسه,206378,6
73377,3436,سد زریوار,812005,6
73378,3437,بالک,206284,6
73379,3437,برقلعه,206285,6
73380,3437,بیله,206286,6
73381,3437,توتوندره,206288,6
73382,3437,چاوک,206289,6
73383,3437,چور,206290,6
73384,3437,حسن اوله,206291,6
73385,3437,خیر آباد,206293,6
73386,3437,درزیان,206294,6
73387,3437,درگاه شیخان,206295,6
73388,3437,دری,206296,6
73389,3437,رشه ده,206297,6
73390,3437,ریخلان,206298,6
73391,3437,سرکل,206299,6
73392,3437,سرنژمار,206300,6
73393,3437,سلسی سفلی,206301,6
73394,3437,سلسی علیا,206302,6
73395,3437,شارانی,206303,6
73396,3437,شیخه کوره,206304,6
73397,3437,عصر آباد تازه,206305,6
73398,3437,عصر آباد کهنه,206306,6
73399,3437,کانی کوزله,206311,6
73400,3437,کله یونجه,206313,6
73401,3437,گویزه کوره,206314,6
73402,3437,مرگ,206315,6
73403,3437,نژمار,206316,6
73404,3437,نشکاش,206317,6
73405,3437,ننه,206318,6
73406,3437,وسنه,206319,6
73407,3437,دریله,206321,6
73408,3437,ژیژوان,206322,6
73409,3437,پیله,206363,6
73410,3437,تازه آباد,206364,6
73411,3437,لنج آباد,206374,6
73412,3438,برده سفید,206191,6
73413,3438,بلچه سور,206192,6
73414,3438,پیرخضران,206194,6
73415,3438,چویین,206195,6
73416,3438,سورکول,206199,6
73417,3438,شاهیدر,206201,6
73418,3438,کوره دره,206206,6
73419,3438,گلان,206207,6
73420,3438,لاویسان,206208,6
73421,3438,ماموله,206209,6
73422,3438,مولینان,206210,6
73423,3438,ورو,206211,6
73424,3438,ونینه سفلی,206212,6
73425,3438,ونینه علیا,206213,6
73426,3438,هلیز آباد,206214,6
73427,3438,هنگ ژاله,206215,6
73428,3438,تازه آباد شترمل,206216,6
73429,3438,بیددره,206245,6
73430,3438,گلیه,206253,6
73431,3438,نیزل,206256,6
73432,3439,قلعه کهنه,203225,6
73433,3439,بایزید آباد,204647,6
73434,3439,حسین آباد مران,204650,6
73435,3439,خاکی بیگ,204652,6
73436,3439,رحیم کژیاگ,204654,6
73437,3439,ذکی بیگ سفلی,204656,6
73438,3439,ذکی بیگ علیا,204657,6
73439,3439,علی آباد کرفتو,204664,6
73440,3439,علی آباد مران,204665,6
73441,3439,قلعه جقه,204667,6
73442,3439,کانی کبود مران,204673,6
73443,3439,کرفتو,204675,6
73444,3439,کلکه جار,204679,6
73445,3439,گورباباعلی,204683,6
73446,3439,مران علیا,204686,6
73447,3439,مسعود آباد,204687,6
73448,3439,یوزباشی کندی,204690,6
73449,3439,غارکرفتو,812016,6
73450,3440,جیران منگه,203200,6
73451,3440,سه تپان,203210,6
73452,3440,فتاح آباد,203220,6
73453,3440,قاچیان,203221,6
73454,3440,کانی سفید,203231,6
73455,3440,احمدکر,204645,6
73456,3440,انبار آب,204646,6
73457,3440,چول بلاغ,204649,6
73458,3440,شاه ولی,204661,6
73459,3440,ظفر آباد,204662,6
73460,3440,کانی چای,204670,6
73461,3440,کتک,204674,6
73462,3440,کس نزان,204677,6
73463,3440,کلکان,204678,6
73464,3440,گل تپه علیا,204682,6
73465,3440,گومه ای,204684,6
73466,3440,مودی,204688,6
73467,3440,قلعه روتله,204978,6
73468,3441,تازه آباد مران,204648,6
73469,3441,حیدر آباد,204651,6
73470,3441,سیرسفلی,204659,6
73471,3441,سیرعلیا,204660,6
73472,3441,قوچاق,204668,6
73473,3441,کانی شیرین,204672,6
73474,3441,مران سفلی,204685,6
73475,3441,امین آباد,204941,6
73476,3441,باش قشلاق,204943,6
73477,3441,پاپاله,204946,6
73478,3441,تگرباری,204952,6
73479,3441,حیدردیده بان,204957,6
73480,3441,شالی شل,204966,6
73481,3441,قلعه کهنه,204979,6
73482,3441,معین آباد,204985,6
73483,3441,نوبهار,204988,6
73484,3442,آب باره,203292,6
73485,3442,آلیجان,203294,6
73486,3442,بست,203298,6
73487,3442,بناوچان,203300,6
73488,3442,توکلان,203302,6
73489,3442,خاله بازه,203306,6
73490,3442,دره گاوان,203316,6
73491,3442,عزیز آباد,203329,6
73492,3442,که کوسان,203339,6
73493,3442,گل قلعه,203342,6
73494,3442,نرگسله,203348,6
73495,3442,وزمان,203351,6
73496,3442,ابراهیم آباد,204644,6
73497,3442,عباس آباد,204663,6
73498,3442,کانی سفید,204671,6
73499,3442,کیله کبود,204681,6
73500,3442,برده رش تبریزخاتون,204825,6
73501,3442,تبریزخاتون,204833,6
73502,3442,دره وزان,204844,6
73503,3442,شریف آباد,204848,6
73504,3442,علی آباد,204851,6
73505,3442,یاپل,204876,6
73506,3443,قشلاق سرخه,202942,6
73507,3443,گل قباغ,202948,6
73508,3443,کاقلی,204669,6
73509,3443,دره سفته,204753,6
73510,3443,قره غیبی,204765,6
73511,3443,قلعه جقه سفلی,204766,6
73512,3443,دباغ,204840,6
73513,3443,شیخ حیدر,204849,6
73514,3443,قلعه ریحانه,204856,6
73515,3443,مغاره,204869,6
73516,3443,آقاجری,204940,6
73517,3443,باغ چله,204944,6
73518,3443,برکه,204945,6
73519,3443,تازه آباد سردالان,204949,6
73520,3443,غیاث آباد,204953,6
73521,3443,دالان,204958,6
73522,3443,دربند,204960,6
73523,3443,رشید آباد,204961,6
73524,3443,سرقلعه,204964,6
73525,3443,سید شکره,204965,6
73526,3443,قره قایه,204974,6
73527,3443,کهریزه,204980,6
73528,3443,نساره سفلی,204986,6
73529,3443,نساره علیا,204987,6
73530,3443,سد سیازاخ,812017,6
73531,3444,آب باریک,204938,6
73532,3444,آخکند,204939,6
73533,3444,بابارار,204942,6
73534,3444,پنجه سفلی,204947,6
73535,3444,پنجه علیا,204948,6
73536,3444,تازه آباد وزیر,204950,6
73537,3444,تازه آباد هیجان,204951,6
73538,3444,جعفر آباد,204954,6
73539,3444,جقلو,204955,6
73540,3444,چاله سور,204956,6
73541,3444,دره اسب,204959,6
73542,3444,زرینه ورمزیار,204962,6
73543,3444,سراب قره خان,204963,6
73544,3444,شکربلاغ,204967,6
73545,3444,عزیز آباد,204968,6
73546,3444,قالوجه,204970,6
73547,3444,قراتوره,204971,6
73548,3444,قراچی قران,204972,6
73549,3444,قراگل,204973,6
73550,3444,قره دره,204975,6
73551,3444,قزگه,204976,6
73552,3444,قشلاق سفید,204977,6
73553,3444,گاوشله,204981,6
73554,3444,گادمه گتر,204982,6
73555,3444,گل تپه سفلی,204983,6
73556,3444,مرادقلی,204984,6
73557,3444,وزمان,204989,6
73558,3444,وزیر,204990,6
73559,3444,هیجان,204991,6
73560,3444,ینگی کند,204992,6
73561,3445,کپک,204769,6
73562,3445,اسلام آباد,204819,6
73563,3445,آق بلاغ,204821,6
73564,3445,باساکو,204824,6
73565,3445,برده سفید,204826,6
73566,3445,تازه آباد آصف,204828,6
73567,3445,تازه آباد امین,204829,6
73568,3445,تازه آباد دوله رش,204830,6
73569,3445,تازه آباد قاضی علی,204831,6
73570,3445,حاجی موسی,204836,6
73571,3445,حسین آباد,204837,6
73572,3445,درویان,204841,6
73573,3445,درویان فارس,204842,6
73574,3445,درویشان,204843,6
73575,3445,دوزخدره,204845,6
73576,3445,ذلکه,204846,6
73577,3445,زردک,204847,6
73578,3445,علی آباد دوله رش,204852,6
73579,3445,قزلبلاغ,204854,6
73580,3445,قلعه گاه,204857,6
73581,3445,قلعه ولیانه,204858,6
73582,3445,کانی سید مراد,204859,6
73583,3445,کانی کبود,204860,6
73584,3445,کوس عنبر,204861,6
73585,3445,کول,204862,6
73586,3445,گاو آهن تو,204863,6
73587,3445,گرجی,204864,6
73588,3445,گله سور,204865,6
73589,3445,گیزمل سفلی,204867,6
73590,3445,گیزمل علیا,204868,6
73591,3445,مره دره,204870,6
73592,3445,میشیاب,204871,6
73593,3445,نعل شکن,204872,6
73594,3446,احمد آباد,204739,6
73595,3446,آق بلاغ,204741,6
73596,3446,برقلعه,204746,6
73597,3446,غیبی سور,204749,6
73598,3446,زاغه سفلی,204755,6
73599,3446,زاغه علیا,204756,6
73600,3446,قجر,204764,6
73601,3446,کوله,204771,6
73602,3446,احمد آباد گلانه,204818,6
73603,3446,اله دره سفلی,204822,6
73604,3446,اله دره علیا,204823,6
73605,3446,تازه آباد گلانه,204832,6
73606,3446,طیطاق,204850,6
73607,3446,گلانه,204866,6
73608,3446,هییت آباد,204875,6
73609,3446,ینگی ارخ,204877,6
73610,3446,محموده,421138,6
73611,3446,ابراهیم آباد علیا و سفلی,421142,6
73612,3447,حاجی شوره,048723,6
73613,3447,دارتوت,048731,6
73614,3447,ساکنه,048744,6
73615,3447,وندرنی سفلی,048813,6
73616,3447,وندرنی علیا,048814,6
73617,3447,هشلی,048816,6
73618,3447,اعظم آباد,203916,6
73619,3447,باخله,203923,6
73620,3447,بیار,203927,6
73621,3447,چشمه کبود,203940,6
73622,3447,چقابراله,203941,6
73623,3447,خانم آباد,203946,6
73624,3447,زرین جوب,203953,6
73625,3447,شیروانه,203963,6
73626,3447,علی آباد,203967,6
73627,3447,کره پوان,203976,6
73628,3447,گرم آب,203984,6
73629,3447,گرگ آبی,203985,6
73630,3447,مامن,203992,6
73631,3447,یغواسی,203998,6
73632,3447,بلوچه,204086,6
73633,3447,بوانه,204087,6
73634,3447,دربندعزیز,204090,6
73635,3447,کاظم آباد,204097,6
73636,3447,کانی هنگه,204100,6
73637,3447,پرتاله,204107,6
73638,3447,مروارید,204108,6
73639,3447,یخته خان,204116,6
73640,3448,آفریان سفلی,203917,6
73641,3448,آفریان علیا,203918,6
73642,3448,بزوش,203925,6
73643,3448,تخت زنگی,203930,6
73644,3448,تنگی ور,203932,6
73645,3448,تیلکوه,203935,6
73646,3448,چرسانه,203939,6
73647,3448,دژن,203949,6
73648,3448,زیویه,203954,6
73649,3448,سرشیلانه,203958,6
73650,3448,سیویه,203960,6
73651,3448,شاهینی,203961,6
73652,3448,عصر آباد,203966,6
73653,3448,کاشتر,203971,6
73654,3448,کاوانه حسین,203973,6
73655,3448,کاوانه شریف,203974,6
73656,3448,کوبگار,203975,6
73657,3448,کره گل,203977,6
73658,3448,کلاتی,203978,6
73659,3448,کوره دره سفلی,203979,6
73660,3448,کوره دره علیا,203980,6
73661,3448,گازرخانی,203983,6
73662,3448,گشکی,203986,6
73663,3448,لون سادات,203989,6
73664,3448,لون کهنه,203990,6
73665,3448,ماویان,203993,6
73666,3448,میسوراب,203994,6
73667,3448,یوزیدر,203999,6
73668,3448,پشاباد,204158,6
73669,3448,گلیان,204189,6
73670,3448,میرگسار,204194,6
73671,3448,پلنگان,205926,6
73672,3448,سرریز,205939,6
73673,3449,ماراب,050132,6
73674,3449,الک,203919,6
73675,3449,الک کهنه,203920,6
73676,3449,آهنگران,203922,6
73677,3449,بلان,203926,6
73678,3449,پشته,203928,6
73679,3449,توانکش,203933,6
73680,3449,حسین آباد,203944,6
73681,3449,خان آباد,203945,6
73682,3449,دره ویان سفلی,203951,6
73683,3449,دره ویان علیا,203952,6
73684,3449,سرابکام,203955,6
73685,3449,سرچم,203956,6
73686,3449,هییت آباد,203959,6
73687,3449,طیانه,203965,6
73688,3449,گنبده علیا,203988,6
73689,3449,نیجه قوی,203995,6
73690,3449,ورمهنگ,203996,6
73691,3450,اشکفتان,203874,6
73692,3450,امیر آباد,203875,6
73693,3450,پنیران,203876,6
73694,3450,دگن,203879,6
73695,3450,رمشت,203880,6
73696,3450,صوفی آباد,203883,6
73697,3450,قورق,203884,6
73698,3450,قوری در,203885,6
73699,3450,کیله گلان,203887,6
73700,3450,گاییدر,203888,6
73701,3450,مارنج,203889,6
73702,3450,محمد آباد کریان,203891,6
73703,3450,هوارپان,203894,6
73704,3450,احمد آباد,204153,6
73705,3450,خیر آباد,204164,6
73706,3450,سرپنبه دول,204168,6
73707,3450,قلعه گاه,204184,6
73708,3450,گرگرسفلی,204187,6
73709,3450,گرگرعلیا,204188,6
73710,3450,نصرت آباد,204199,6
73711,3450,ورمکان,204201,6
73712,3450,کانی سواران,204430,6
73713,3450,آسمان دره,421701,6
73714,3450,محمودگزگ,421758,6
73715,3451,پشت تنگ,204088,6
73716,3451,سرخه توت,204092,6
73717,3451,صالح آباد,204094,6
73718,3451,کانی گشه,204098,6
73719,3451,کچله,204101,6
73720,3451,کنگره,204102,6
73721,3451,یوسف آباد,204103,6
73722,3451,لاین,204105,6
73723,3451,میدانه,204110,6
73724,3451,وامسانه,204112,6
73725,3451,وزمانه سفلی,204113,6
73726,3451,وزمانه علیا,204114,6
73727,3451,هلتوشان,204115,6
73728,3451,باخرم علیا,204154,6
73729,3451,باخرم کهنه,204155,6
73730,3451,بان سعیدسفلی,204156,6
73731,3451,بان سعیدعلیا,204157,6
73732,3451,پیرمقدار,204160,6
73733,3451,خامسان,204162,6
73734,3451,خشکه دول,204163,6
73735,3451,دارامرود,204165,6
73736,3451,سرجمال,204169,6
73737,3451,سرکاریز,204172,6
73738,3451,سنگ سفید,204174,6
73739,3451,چال آباد,204175,6
73740,3451,شترمل,204176,6
73741,3451,شیخ رش,204177,6
73742,3451,قلعه کومایین,204183,6
73743,3451,کومایین,204185,6
73744,3451,گاوشان,204186,6
73745,3451,نیدر,204200,6
73746,3451,آساوله,421759,6
73747,3451,کانی لیلی,421783,6
73748,3451,سد گاوشان,812007,6
73749,3452,دانان,203878,6
73750,3452,سیاناو,203881,6
73751,3452,کوییک,203886,6
73752,3452,مجید آباد,203890,6
73753,3452,ابراهیم آباد,204152,6
73754,3452,دیرمولی,204167,6
73755,3452,سردشت ابراهیم آباد,204171,6
73756,3452,طاینه,204178,6
73757,3452,عباس آباد,204180,6
73758,3452,نشورسفلی,204196,6
73759,3452,نشورعلیا,204197,6
73760,3452,نشوروسطی,204198,6
73761,3452,یمینان سفلی,204203,6
73762,3452,یمینان علیا,204204,6
73763,3452,تازه آباد دول کرو,204398,6
73764,3452,دول کرو,204411,6
73765,3452,فقیه سلیمان,204424,6
73766,3453,سربناو,204091,6
73767,3453,کوله ساره,204104,6
73768,3453,ماسان,204106,6
73769,3453,نجف آباد,204111,6
73770,3453,پیرباغ,204159,6
73771,3453,سرچی,204170,6
73772,3453,سموریدر,204173,6
73773,3453,طای,204179,6
73774,3453,فارس آباد,204181,6
73775,3453,فرج آباد,204182,6
73776,3453,هندیمن,204202,6
73777,3454,ری وری,206006,6
73778,3454,کماله,206013,6
73779,3454,مرچلم,206015,6
73780,3454,ویسیان,206019,6
73781,3455,اسپه ریز,205993,6
73782,3455,بلبر,205995,6
73783,3455,ژیوار,206007,6
73784,3455,سلین,206010,6
73785,3455,عباس آباد,206011,6
73786,3455,کلجی,206012,6
73787,3455,گیجه ناو,206014,6
73788,3455,ناو,206016,6
73789,3455,نوین,206017,6
73790,3455,ورگه ویر,206018,6
73791,3456,بیساران,205924,6
73792,3456,ژان,205934,6
73793,3456,نسنار,205951,6
73794,3456,هرسین,205954,6
73795,3456,یوژنان,205956,6
73796,3457,آریان,205922,6
73797,3457,پایگلان,205925,6
73798,3457,چشمیدر,205929,6
73799,3457,ژنین,205936,6
73800,3457,گواز,205947,6
73801,3457,بوری در,206052,6
73802,3458,احمد آباد تفلی,206048,6
73803,3458,ترخان آباد,206056,6
73804,3458,خانقاه رزاب,206058,6
73805,3458,دگاگاه,206060,6
73806,3458,دورود,206061,6
73807,3458,رزاب,206064,6
73808,3458,کر آباد,206070,6
73809,3458,ابراهیم آباد,206071,6
73810,3458,گوشخانی,206073,6
73811,3458,ماضی بن,206075,6
73812,3458,محمود آباد,206076,6
73813,3458,نسل,206077,6
73814,3458,نی آباد,206078,6
73815,3459,تفین,205927,6
73816,3459,دزوند علیا,205931,6
73817,3459,دزوند سفلی,205932,6
73818,3459,ژریژه,205935,6
73819,3459,سوره تو,205938,6
73820,3459,سرومال,205940,6
73821,3459,فقیه کان,205943,6
73822,3459,کانی حسین بگ,205944,6
73823,3459,ککلیک آباد,205945,6
73824,3459,کولیچ,205946,6
73825,3459,جولانده,205996,6
73826,3459,دشت قلبی,205999,6
73827,3459,دل,206000,6
73828,3459,دله مرز,206001,6
73829,3459,دیوزناو,206003,6
73830,3459,روار,206004,6
73831,3459,زوم,206008,6
73832,3459,دهکانان,422658,6
73833,3459,دیور,422660,6
73834,3460,درکی,205997,6
73835,3460,آلمانه,206049,6
73836,3460,انجمنه,206050,6
73837,3460,بهرام آباد,206053,6
73838,3460,تازه آباد تفلی,206054,6
73839,3460,تخان,206055,6
73840,3460,تفلی,206057,6
73841,3460,مبارک آباد سپیدار,206067,6
73842,3460,قلعه جی,206068,6
73843,3460,قلعه گاه,206069,6
73844,3460,گلانه,206072,6
73845,3460,هالوژان,206079,6
73846,3460,هزارخانی,206080,6
73847,3460,اردوگاه بهرام آباد,423033,6
73848,3461,دزلی,205998,6
73849,3461,دمیو,206002,6
73850,3461,بندول,206051,6
73851,3461,دره ناخی,206059,6
73852,3461,ذکریان,206062,6
73853,3461,ذلکه,206063,6
73854,3461,خشکین,206292,6
73855,3461,حسین آباد,423005,6
73856,3461,اردوگاه دربند دزلی,812002,6
73857,3462,چشمه دراز,202483,6
73858,3462,نقاره خان,202519,6
73859,3462,آخی کمال,205125,6
73860,3462,اسله مرز,205127,6
73861,3462,امیر آباد,205129,6
73862,3462,بایه,205131,6
73863,3462,بریاخان,205133,6
73864,3462,بگه جان,205135,6
73865,3462,بله دستی,205137,6
73866,3462,تازه آباد گاومیشان,205143,6
73867,3462,تیلکوه,205146,6
73868,3462,حصاراسله مرز,205158,6
73869,3462,حقه,205159,6
73870,3462,خان آباد,205160,6
73871,3462,خضرلک,205162,6
73872,3462,دولت آباد,205165,6
73873,3462,سالار آباد,205169,6
73874,3462,سراب سوره,205172,6
73875,3462,سراب شهرک علیا,205173,6
73876,3462,سی وسه مرده,205181,6
73877,3462,شادبلاغی,205183,6
73878,3462,شیدا,205185,6
73879,3462,ظفر آباد,205188,6
73880,3462,علی آباد لوچ,205190,6
73881,3462,قشلاق جوب,205195,6
73882,3462,قشلاق خداکرم,205196,6
73883,3462,قلعه فولاد,205198,6
73884,3462,قلعه گاه,205199,6
73885,3462,قلقله,205200,6
73886,3462,قوچم,205201,6
73887,3462,کاکه جوب,205204,6
73888,3462,گمدره,205216,6
73889,3462,گنداب,205217,6
73890,3462,مبارک آباد,205218,6
73891,3462,محمد آباد خرزه,205221,6
73892,3462,نیاز,205228,6
73893,3463,آب باریک,205124,6
73894,3463,ارزند,205126,6
73895,3463,آسیاب جوب,205128,6
73896,3463,بای تمر,205132,6
73897,3463,تازه آباد طهماسبقلی,205141,6
73898,3463,تلوار,205144,6
73899,3463,توبره ریز,205145,6
73900,3463,حاجی آباد,205153,6
73901,3463,حاجی پمق,205155,6
73902,3463,حسن آباد,205156,6
73903,3463,حسینی,205157,6
73904,3463,دلک,205164,6
73905,3463,ده رشید,205166,6
73906,3463,سرخه جوب,205174,6
73907,3463,سعید آباد,205177,6
73908,3463,طهماسب قلی,205187,6
73909,3463,عباس جوب,205189,6
73910,3463,علی آباد مشیر,205191,6
73911,3463,قاضی جوب,205193,6
73912,3463,قلعه احمد آباد,205197,6
73913,3463,کروندان,205210,6
73914,3463,اردوگاه کریم آباد,205211,6
73915,3463,ناصر آباد,205225,6
73916,3463,کچی گرد,205637,6
73917,3464,ابراهیم آباد,204573,6
73918,3464,آقبلاغ,204575,6
73919,3464,باغچه مریم,204576,6
73920,3464,چرخه بیان,204580,6
73921,3464,عالی پنیک,204586,6
73922,3464,کانی پهن,204589,6
73923,3464,کوله بیان,204592,6
73924,3464,ناوگران,204596,6
73925,3464,هلیز آباد,204599,6
73926,3464,تاته رشید,205139,6
73927,3464,تازه آباد قروچای,205142,6
73928,3464,چقماق دره,205150,6
73929,3464,چیلک,205152,6
73930,3464,سراب حاجی پمق,205170,6
73931,3464,شعبانی,205184,6
73932,3464,قرو چای,205194,6
73933,3464,کانی عینعلی,205206,6
73934,3464,کایوشه,205207,6
73935,3464,کرگ آباد,205209,6
73936,3464,میرکی,205224,6
73937,3464,تازه آباد,422404,6
73938,3464,شهرک صنعتی دهگلان,812009,6
73939,3465,باشماق,205130,6
73940,3465,بکر آباد,205134,6
73941,3465,حاجی آباد بزرگ,205154,6
73942,3465,ده رقه,205167,6
73943,3465,شاه جوب,205182,6
73944,3465,صادق آباد,205186,6
73945,3465,قادرمرز,205192,6
73946,3465,کاکوی سفلی,205202,6
73947,3465,کاکوی علیا,205203,6
73948,3465,کانی شاه قلی,205205,6
73949,3465,کلکه,205212,6
73950,3465,گردمیران سفلی,205213,6
73951,3465,گردمیران علیا,205214,6
73952,3465,گرگانه,205215,6
73953,3465,مراد آباد,205222,6
73954,3465,مله,205223,6
73955,3465,نبی آباد,205226,6
73956,3465,احمد آباد پنجه,205349,6
73957,3465,چاغربلاغ,205374,6
73958,3465,سراب شیخ حسن,205388,6
73959,3465,سلسله,205392,6
73960,3465,قره بلاغ پنجه,205413,6
73961,3465,لاله ای,205428,6
73962,3465,مشیرآباد پنجه,205436,6
73963,3466,غلام آباد,203877,6
73964,3466,میمون آباد,203893,6
73965,3466,رامل,204583,6
73966,3466,گزگزاره سفلی,204593,6
73967,3466,گزگزاره علیا,204594,6
73968,3466,میانگوران,204595,6
73969,3466,بهمن آباد,205138,6
73970,3466,تازه آباد,205140,6
73971,3466,جوانمرد آباد,205147,6
73972,3466,چراغ آباد,205148,6
73973,3466,زاغه,205168,6
73974,3466,سراب دوکل,205171,6
73975,3466,سرنجیانه,205175,6
73976,3466,سرواله,205176,6
73977,3466,سورال,205179,6
73978,3466,سیس,205180,6
73979,3466,مبارک آباد کله رش,205219,6
73980,3466,مجید آباد,205220,6
73981,3466,هندی بلاغ,205229,6
73982,3467,اکبرآباد,207363,6
73983,3467,برفیان,207368,6
73984,3467,برگچه,207369,6
73985,3467,جرا,207372,6
73986,3467,چاشت خوره,207374,6
73987,3467,حاجی تو,207375,6
73988,3467,سادات آباد,207380,6
73989,3467,فتح آباد,207387,6
73990,3467,قاسم آباد,207389,6
73991,3467,قلی لاله سفلی,207394,6
73992,3467,قلی لاله علیا,207395,6
73993,3467,گلیان,207403,6
73994,3467,منجان,207410,6
73995,3467,هزاره,207414,6
73996,3467,سوتلق,207480,6
73997,3467,کریم آباد,207485,6
73998,3468,ابودردا,207360,6
73999,3468,احمدآباد,207361,6
74000,3468,باباکمال,207365,6
74001,3468,بوستاندر,207370,6
74002,3468,حمیل آباد,207376,6
74003,3468,درواز,207379,6
74004,3468,زاغه,207382,6
74005,3468,گل زرد,207402,6
74006,3468,میانده,207411,6
74007,3468,هرهره,207413,6
74008,3468,یعقوب آباد,207415,6
74009,3469,تقی آباد,207305,6
74010,3469,سازیان,207308,6
74011,3469,سگاوی,207309,6
74012,3469,شان آباد,207314,6
74013,3469,مین آباد,207324,6
74014,3469,هوش,207329,6
74015,3469,باقرآباد,207367,6
74016,3469,تپه کبود,207371,6
74017,3469,علی آباد,207386,6
74018,3469,قشلاق پوست شوران,207390,6
74019,3469,قصبستان,207391,6
74020,3469,قلعه نو,207393,6
74021,3469,کارخانه,207396,6
74022,3469,کمانکران,207397,6
74023,3469,کنجوران سفلی,207398,6
74024,3469,کنجوران علیا,207399,6
74025,3469,کنجوران وسطی,207400,6
74026,3469,گاوکران,207401,6
74027,3469,لامیان,207404,6
74028,3469,مبارک آباد ویله,207405,6
74029,3469,مراد آباد,207406,6
74030,3469,مزرعه میاندره/ملک منصور,207408,6
74031,3469,معتصم آباد(جوادیه),207409,6
74032,3469,ولاشجرد,207412,6
74033,3470,آرتیمان,207258,6
74034,3470,نجفیه,207259,6
74035,3470,دارانی سفلی,207260,6
74036,3470,دارانی علیا,207261,6
74037,3470,راهدارخانه اداره راه,207262,6
74038,3470,رودآور,207263,6
74039,3470,ریواسیجان,207264,6
74040,3470,امامزاده زید,207265,6
74041,3470,فرمانیه,207266,6
74042,3470,دورودان/ قلعه آجل بیگ,207267,6
74043,3470,قلعه بختیار,207269,6
74044,3470,جعفریه,207270,6
74045,3470,قلعه شیخ,207271,6
74046,3470,قلعه قاضی,207272,6
74047,3470,گل آباد,207273,6
74048,3470,مالیچه,207274,6
74049,3470,مبارک آباد,207275,6
74050,3470,محمودآباد,207276,6
74051,3470,نقده,207278,6
74052,3470,اریکان,207473,6
74053,3470,چالاب,207477,6
74054,3470,سهام آباد,207481,6
74055,3470,فریازان,207482,6
74056,3470,ایستگاه تقویت تلویزیون,439405,6
74057,3471,ابدالان,207300,6
74058,3471,ابرلاق سفلی,207301,6
74059,3471,ابرلاق علیا,207302,6
74060,3471,اشتران,207303,6
74061,3471,ترمیانک,207304,6
74062,3471,تیمیجان,207306,6
74063,3471,حاجی آباد,207307,6
74064,3471,مزرعه آلوزار,207310,6
74065,3471,سوری,207311,6
74066,3471,سیستانه,207312,6
74067,3471,شهرستانه,207313,6
74068,3471,قلعه استیجان,207315,6
74069,3471,بهاراب,207316,6
74070,3471,قلقل,207318,6
74071,3471,کندر,207319,6
74072,3471,کهنوش,207320,6
74073,3471,گنبله,207322,6
74074,3471,نجف آباد,207325,6
74075,3471,وردآوردسفلی,207326,6
74076,3471,وردآوردعلیا,207327,6
74077,3471,وردآوردوسطی,207328,6
74078,3472,اشترمل,207362,6
74079,3472,بادامک,207366,6
74080,3472,جیجان کوه,207373,6
74081,3472,خیر آباد,207378,6
74082,3472,دولایی,207381,6
74083,3472,سنگ سفید,207383,6
74084,3472,سیدشهاب,207384,6
74085,3472,شوق آباد,207385,6
74086,3472,پیرغیب,208229,6
74087,3473,ارزووج,207472,6
74088,3473,باباپیر,207474,6
74089,3473,باباپیرعلی,207475,6
74090,3473,بوجان,207476,6
74091,3473,زیوج,207478,6
74092,3473,سنجوزان,207479,6
74093,3473,قلعه نوروز,207483,6
74094,3473,کرزان,207484,6
74095,3473,کلنجان,207486,6
74096,3473,گشانی,207487,6
74097,3473,مزرعه محمدآباد,207488,6
74098,3474,دهنو علی آباد,208007,6
74099,3474,قشلاق دهنو,208020,6
74100,3474,حسن آباد قوش بلاغ,208235,6
74101,3474,حسین آبادشاملو,208236,6
74102,3474,ده شاکر,208237,6
74103,3474,زمان آبادمحمدآباد,208238,6
74104,3474,زیرابیه,208239,6
74105,3474,کوسج خلیل,208251,6
74106,3475,آشاق قلعه,207993,6
74107,3475,الفاوت,207994,6
74108,3475,بوربور,207997,6
74109,3475,چشمه پهن,208000,6
74110,3475,داییلر,208004,6
74111,3475,ینگی کند(ده نواسداله خان ),208006,6
74112,3475,زاغه طاسبندی,208008,6
74113,3475,زمان آباد,208009,6
74114,3475,شادکندی,208010,6
74115,3475,طاسبندی,208011,6
74116,3475,علیجوق,208016,6
74117,3475,قدیمی,208018,6
74118,3475,قشلاق احمد ویس,208019,6
74119,3475,کریم آباد,208025,6
74120,3475,کمری,208026,6
74121,3475,گوجک,208028,6
74122,3475,محرا,208029,6
74123,3475,مکربی,208031,6
74124,3475,منگاوی,208032,6
74125,3475,نجف آباد,208034,6
74126,3475,نهنجه,208036,6
74127,3476,بابارود,207996,6
74128,3476,بیش آغاج,207998,6
74129,3476,چشمه پهن ننج,208001,6
74130,3476,خدری,208003,6
74131,3476,عشاق,208013,6
74132,3476,قوزان,208023,6
74133,3476,کندهلان,208027,6
74134,3476,مزرعه عبدالاحمد,208030,6
74135,3476,میرزاییه,208033,6
74136,3476,نصرت آباد,208035,6
74137,3476,گل شیر(افسریه ),208228,6
74138,3476,پیرمیشان,208230,6
74139,3476,سنگ سفیدننج,208240,6
74140,3476,قشلاق کسب مزرعه کسب,208245,6
74141,3476,کسب,208250,6
74142,3476,مبارک آباد,208252,6
74143,3476,ننج,208257,6
74144,3477,ابدر,207534,6
74145,3477,آورزمان,207537,6
74146,3477,تگرگی,207540,6
74147,3477,حسن آباد ابدر,207542,6
74148,3477,دره امیدعلی,207546,6
74149,3477,دوریجان,207548,6
74150,3477,دهلق,207550,6
74151,3477,عباس آباد,207553,6
74152,3477,لولوهر,207559,6
74153,3477,مهدی آباد,207560,6
74154,3477,میانزولان,207561,6
74155,3477,موداران,207562,6
74156,3478,ارته بلاغ,207535,6
74157,3478,بلرتو,207538,6
74158,3478,جریا,207541,6
74159,3478,حسن کوسج,207543,6
74160,3478,حسین آبادناظم,207544,6
74161,3478,دهنو آورزمان,207549,6
74162,3478,قلعه کرتیل آباد,207554,6
74163,3478,کرتیل آباد,207556,6
74164,3478,کلیل آباد,207557,6
74165,3478,کهریزحسین آبادناظم,207558,6
74166,3478,هزارجریب,207563,6
74167,3478,ایرانه,207609,6
74168,3478,بهمن آباد,207617,6
74169,3478,شریف آبادطجر,207713,6
74170,3478,ناصح آباد,207750,6
74171,3478,مالیچه,207755,6
74172,3478,اسکنان,208227,6
74173,3478,جیجان رود,208233,6
74174,3478,خوش آباد,439787,6
74175,3478,مزرعه رمه گدار,439793,6
74176,3479,اردکلو,207594,6
74177,3479,امیرالامرا,207606,6
74178,3479,پیرسواران,207619,6
74179,3479,چقایی,207651,6
74180,3479,حاجی آباد,207653,6
74181,3479,حاجی خدر,207654,6
74182,3479,سراب طجر,207706,6
74183,3479,طجرسامن,207715,6
74184,3479,فیروز آباد,207721,6
74185,3479,قشلاق پیرحیاتی,207724,6
74186,3479,زرشگی,207727,6
74187,3479,ضرب علی,207728,6
74188,3479,کمربنه,207733,6
74189,3479,کهکدان,207746,6
74190,3479,محمود آباد,207757,6
74191,3479,نازول,207768,6
74192,3479,نمازگاه,207769,6
74193,3479,واشان,207770,6
74194,3479,وناو,207772,6
74195,3479,یونس,207781,6
74196,3479,هریرز,439396,6
74197,3480,انجیره,207607,6
74198,3480,انوچ,207608,6
74199,3480,رحمن آباد انوچ,207696,6
74200,3480,زاغه انوچ,207700,6
74201,3480,بهاره,207708,6
74202,3480,سیاه کمر,207710,6
74203,3480,قشلاق انوچ,207723,6
74204,3480,علی مرادخواه,207725,6
74205,3480,چشمه ساران,207726,6
74206,3480,گلدره انوچ,207751,6
74207,3481,بابلقانی,208088,6
74208,3481,توسک سفلی,208095,6
74209,3481,توسک علیا,208096,6
74210,3481,جوزان,208099,6
74211,3481,خیر آباد,208105,6
74212,3481,قلعه باباخان(حصار باباخان),208123,6
74213,3481,قلعه جوزان,208124,6
74214,3481,کله بید,208130,6
74215,3481,کهریز,208131,6
74216,3481,گل گل,208132,6
74217,3481,گماسا,208136,6
74218,3481,مانیزان,208139,6
74219,3482,امیرآباد,207536,6
74220,3482,محمدی(سلطانیه),207551,6
74221,3482,توچغاز,207623,6
74222,3482,غیاث آباد,208097,6
74223,3482,حاجی آباد,208102,6
74224,3482,حرم آباد,208103,6
74225,3482,شریف آباد قوزان,208114,6
74226,3482,شیرین آباد,208115,6
74227,3482,قلعه فتاحیه,208128,6
74228,3482,کرکان,208129,6
74229,3482,گلدره علیا,208133,6
74230,3482,گلدسته,208134,6
74231,3482,گلوشجرد,208135,6
74232,3482,گنبد,208137,6
74233,3482,مهرآباد,208146,6
74234,3482,نکیل آباد,208149,6
74235,3482,یونجی,208154,6
74236,3482,شوشاب,208241,6
74237,3482,احمدآباد,431600,6
74238,3482,شهرک صنعتی ملایر,439434,6
74239,3483,بورکی,207614,6
74240,3483,سیبدر,207711,6
74241,3483,علمدارسفلی,207716,6
74242,3483,علمدارعلیا,207717,6
74243,3483,ازناوله,208084,6
74244,3483,میوه زار (افسریه),208085,6
74245,3483,عباسیه,208090,6
74246,3483,گوراب(جوراب),208098,6
74247,3483,دارچم,208106,6
74248,3483,داویجان,208107,6
74249,3483,فروز,208116,6
74250,3483,مرویل,208141,6
74251,3483,رضوانکده,208147,6
74252,3483,نامیله,208148,6
74253,3483,یمن غربی,208152,6
74254,3484,ازناو,208083,6
74255,3484,بابارییس,208087,6
74256,3484,پیرخداوردی,208092,6
74257,3484,امامزاده عبداله(خان آباد),208104,6
74258,3484,سالوک,208111,6
74259,3484,سالارآباد,208112,6
74260,3484,سلطان آباد,208113,6
74261,3484,قجراب سفلی,208117,6
74262,3484,قجراب علیا,208118,6
74263,3484,قره تگینی,208119,6
74264,3484,قشلاق امیرآباد,208120,6
74265,3484,قشلاق تیمور,208121,6
74266,3484,قشلاق شیرازی,208122,6
74267,3484,گولوند,208138,6
74268,3484,محمودآباد,208140,6
74269,3484,مزرعه کشاورزیان,208143,6
74270,3484,ورچق,208150,6
74271,3484,گنجاب,430878,6
74272,3485,اوچ تپه,207995,6
74273,3485,حسن آبادعلوی,208002,6
74274,3485,دشت آباد,208005,6
74275,3485,طجرعلوی,208012,6
74276,3485,علوی,208015,6
74277,3485,قشلاق قباد,208021,6
74278,3485,خردمند,209905,6
74279,3485,موسی بلاغی(موسی خان بلاقی),209940,6
74280,3485,توتل,431349,6
74281,3486,پیهان,208093,6
74282,3486,چم,208100,6
74283,3486,دره چنار,208108,6
74284,3486,مصلحان(قلعه خلیفه),208126,6
74285,3486,ملیان,208144,6
74286,3486,ارگس سفلی,208290,6
74287,3486,ارگس علیا(قلعه رفیع),208291,6
74288,3486,اشمیزان,208292,6
74289,3486,بیاتان سفلی,208296,6
74290,3486,بیاتان علیا,208297,6
74291,3486,بیدکرپه سفلی,208299,6
74292,3486,بیدکرپه علیا,208300,6
74293,3486,بیدکرپه وسطی,208301,6
74294,3486,پاتپه گونسبان,208302,6
74295,3486,امامزاده خاتون,208303,6
74296,3486,تله جردسفلی,208307,6
74297,3486,تله جردعلیا,208308,6
74298,3486,دره راست,208320,6
74299,3486,دره میانه سفلی,208322,6
74300,3486,دره میانه علیا,208323,6
74301,3486,صدریه (سیردرصدر),208334,6
74302,3486,طایمه,208337,6
74303,3486,علی آباد,208338,6
74304,3486,قشلاق محمدی,208342,6
74305,3486,مهدویه(قلعه مهدی خان),208345,6
74306,3486,قلعه نو گونسبان,208347,6
74307,3486,کیکله,208351,6
74308,3487,احمدیه (احمدروغنی ),208289,6
74309,3487,ده میانه,208327,6
74310,3487,زنگنه سفلی,208328,6
74311,3487,سیاچقا,208332,6
74312,3487,شرکت معادن سرمک,208335,6
74313,3487,کساوند,208348,6
74314,3487,کمازان,208349,6
74315,3487,گنجدر,208350,6
74316,3487,گلپر آباد,208355,6
74317,3487,گوشه کساوند,208357,6
74318,3487,میشن,208360,6
74319,3487,نهندر,208362,6
74320,3488,بیغش,208298,6
74321,3488,پیروز(پری),208304,6
74322,3488,پریان,208305,6
74323,3488,چشمه زورق,208310,6
74324,3488,چشمه علی محمد,208312,6
74325,3488,حمزه لوسفلی,208316,6
74326,3488,حمزه لوعلیا,208317,6
74327,3488,ده چانه,208325,6
74328,3488,سنگده,208331,6
74329,3488,موسیرآباد(سیردرپری),208333,6
74330,3488,قاسم آباد,208339,6
74331,3488,گرجایی,208353,6
74332,3489,ابوالفتح آباد,208503,6
74333,3489,احمد آباد داریاب,208504,6
74334,3489,احمد آبادعلیا/جمرگه,208505,6
74335,3489,احمد آبادعلیا,208506,6
74336,3489,اکبرآباد,208508,6
74337,3489,برجکی,208511,6
74338,3489,بره فراخ,208512,6
74339,3489,تاریکدره بالا,208515,6
74340,3489,تاریکدره پایین,208516,6
74341,3489,تپه یزدان,208517,6
74342,3489,چشمه ماهی,208521,6
74343,3489,چقاصراحی,208523,6
74344,3489,جم کبود,208524,6
74345,3489,حاجی آباد,208526,6
74346,3489,خم خسرو,208529,6
74347,3489,داریاب,208535,6
74348,3489,دره میرزا,208536,6
74349,3489,دهموسی,208540,6
74350,3489,دهنوعبدالملکی,208543,6
74351,3489,زاپن,208544,6
74352,3489,زرین باغ,208545,6
74353,3489,سیاه دره علیا,208551,6
74354,3489,شطزل,208552,6
74355,3489,عبدالملکی,208553,6
74356,3489,فیروز آبادسفلی,208554,6
74357,3489,مزرعه برزک لو,208557,6
74358,3489,بلوط کوه,208558,6
74359,3489,قیلاب,208560,6
74360,3489,کنگاورکهنه,208563,6
74361,3489,کوتاهدره,208564,6
74362,3489,گردیان,208567,6
74363,3489,گره چقا,208568,6
74364,3489,دارسیبه,208571,6
74365,3489,محمودیه,208573,6
74366,3489,شریف آباد,208667,6
74367,3489,کهریزجمال,208675,6
74368,3489,کهریزسلیم,208676,6
74369,3489,کهریزصلاح الدین,208677,6
74370,3489,قشلاق نجف,208760,6
74371,3489,قشلاق ولی اله,208761,6
74372,3489,کرته وسج,208762,6
74373,3489,وسج,208780,6
74374,3490,حسین آبادسرکان,208527,6
74375,3490,سردره,208549,6
74376,3490,سه کران,208550,6
74377,3490,گیوکی,208572,6
74378,3490,امیرآباد,208655,6
74379,3490,تپه علی,208657,6
74380,3490,جعفرآباد,208659,6
74381,3490,حبیب آباد,208661,6
74382,3490,دولت آباد,208663,6
74383,3490,وزمستان,208664,6
74384,3490,رزینی,208665,6
74385,3490,رودباری,208666,6
74386,3490,شهرک,208668,6
74387,3490,شیراوند,208669,6
74388,3490,عباس آباد,208670,6
74389,3490,فارسبان,208672,6
74390,3490,قلعه نازی,208673,6
74391,3490,کمالوند,208674,6
74392,3490,لیلاس,208679,6
74393,3490,محمودوند,208681,6
74394,3490,موسی آباد,208682,6
74395,3490,هادی آباد,208684,6
74396,3490,امین آباد,208728,6
74397,3490,علی آباد,208755,6
74398,3490,لیلی یادگار,208771,6
74399,3490,معتمدآباد,208773,6
74400,3491,امیرآباد,208840,6
74401,3491,بابارستم,208841,6
74402,3491,باغکوه,208843,6
74403,3491,بانسره,208844,6
74404,3491,برجک,208845,6
74405,3491,تازه ناب سفلی,208849,6
74406,3491,تازه ناب علیا,208850,6
74407,3491,تازه ناب محمدباقر,208851,6
74408,3491,تازه ناب وسطی,208852,6
74409,3491,تکه,208855,6
74410,3491,جهان آباد,208858,6
74411,3491,خیرقلی,208863,6
74412,3491,دره ابراهیم,208864,6
74413,3491,دهنوسفلی,208868,6
74414,3491,دهنوعلیا,208869,6
74415,3491,راوندسفلی,208870,6
74416,3491,راوندعلیا,208871,6
74417,3491,راوندوسطی,208872,6
74418,3491,رضی آباد,208873,6
74419,3491,شعبان,208881,6
74420,3491,چشمه کبود,208882,6
74421,3491,خواجه حسینی,208883,6
74422,3491,عشوند,208884,6
74423,3491,فیازمان,208885,6
74424,3491,قشلاق بابارستم,208886,6
74425,3491,قلعه باروداب,208887,6
74426,3491,قلعه ذراتی,208888,6
74427,3491,گورجیو,208892,6
74428,3491,کلندرعلیا,208894,6
74429,3491,رودحسن سفلی,208895,6
74430,3491,رودحسن علیا,208896,6
74431,3491,کوهانی,208897,6
74432,3491,محمدیه سفلی,208902,6
74433,3491,محمدیه علیا,208903,6
74434,3491,مراد آباد,208904,6
74435,3491,مزرعه بنفشه,208905,6
74436,3492,چولک اصلی,208733,6
74437,3492,چولک قپانوری,208734,6
74438,3492,حسین آبادچولک,208737,6
74439,3492,دهبوره,208739,6
74440,3492,ده سرخه,208740,6
74441,3492,دهفول,208741,6
74442,3492,دهقان آبادچولک,208742,6
74443,3492,سعدوقاص,208748,6
74444,3492,سیاهدره,208749,6
74445,3492,شادمانه,208750,6
74446,3492,صادق آبادقپانوری,208751,6
74447,3492,فیروزآباد طایمه,208752,6
74448,3492,علمدار,208754,6
74449,3492,فهرومند,208757,6
74450,3492,طایمه,208758,6
74451,3492,قشلاق دهفول,208759,6
74452,3492,کفراج,208765,6
74453,3492,دوچشمه,208766,6
74454,3492,گوشه سعدوقاص,208767,6
74455,3492,لواشان,208770,6
74456,3492,محمد آبادچولک,208772,6
74457,3492,ملوسان,208774,6
74458,3492,میانگران,208778,6
74459,3492,وهمان,208781,6
74460,3493,الوان کمر سفلی,207603,6
74461,3493,بدیع آباد,207605,6
74462,3493,محمود آباد,207705,6
74463,3493,گوشه بدیع الزمان,207754,6
74464,3493,گندم آباد,208837,6
74465,3493,بشیر آباد,208838,6
74466,3493,الوان کمرعلیا,208839,6
74467,3493,باباقاسم,208842,6
74468,3493,بیان,208846,6
74469,3493,پنبه در,208848,6
74470,3493,زارع آباد,208856,6
74471,3493,چشمه میلاب,208860,6
74472,3493,حسین آباد,208861,6
74473,3493,خرابه,208862,6
74474,3493,ده چقایی,208866,6
74475,3493,ده حیدر,208867,6
74476,3493,بدیع الزمان,208875,6
74477,3493,سرخ کند,208877,6
74478,3493,سفیدخانه,208878,6
74479,3493,سهران,208879,6
74480,3493,قلعه قباد,208889,6
74481,3493,کرک,208890,6
74482,3493,گاماسب,208898,6
74483,3493,گردچم,208899,6
74484,3493,گل حیدر,208900,6
74485,3493,میلاب,208908,6
74486,3493,نثار,208909,6
74487,3493,وراینه,208910,6
74488,3493,وشت,208911,6
74489,3493,هرسان,208912,6
74490,3493,مزرعه وهن,432568,6
74491,3493,ایزاوند,439446,6
74492,3494,درانه,208662,6
74493,3494,عسگر آباد,208671,6
74494,3494,اکبر آباد,208727,6
74495,3494,بندامان,208731,6
74496,3494,عسگریه,208743,6
74497,3494,زرامین سفلی,208744,6
74498,3494,زرامین علیا,208745,6
74499,3494,سردوران,208747,6
74500,3494,عنبرقنبر,208756,6
74501,3495,ازنهری,208653,6
74502,3495,بالاجوب,208656,6
74503,3495,توانه,208658,6
74504,3495,چناری,208660,6
74505,3495,گنبدکبود,208678,6
74506,3495,لیلان,208680,6
74507,3495,ولی سیراب,208683,6
74508,3496,اسد آباد,208654,6
74509,3496,ظفر آباد,208753,6
74510,3496,گیل آباد,208769,6
74511,3496,مهان آباد,208775,6
74512,3496,میان آباد,208776,6
74513,3496,ورازانه,208779,6
74514,3497,چناران,208732,6
74515,3497,حاجی آبادکرک,208735,6
74516,3497,حسین آبادگیان,208738,6
74517,3497,سرخلیجه,208746,6
74518,3497,کرک سفلی,208763,6
74519,3497,کرک علیا,208764,6
74520,3498,احمدآباد,209887,6
74521,3498,آق دره,209893,6
74522,3498,امیر آبادکرد,209894,6
74523,3498,برکت آباد,209897,6
74524,3498,بویاقچی,209898,6
74525,3498,جیهون آباد,209900,6
74526,3498,رزج,209909,6
74527,3498,دشته,209910,6
74528,3498,دیزج,209911,6
74529,3498,شیرین آباد,209916,6
74530,3498,طاحون آباد,209917,6
74531,3498,قلعه نظر آباد,209928,6
74532,3498,گنبدچای,209933,6
74533,3498,هیزج,209946,6
74534,3498,یکله,209948,6
74535,3499,ایده لو,209895,6
74536,3499,بیوک آباد,209899,6
74537,3499,حاجی مقصود,209902,6
74538,3499,حسن آباد,209903,6
74539,3499,قرخلر,209922,6
74540,3499,قپچاق,209931,6
74541,3499,یسرلو,209947,6
74542,3499,بزینه جرد,210107,6
74543,3499,سماوک,210116,6
74544,3499,میلاجرد,210131,6
74545,3499,نوده,210134,6
74546,3500,آب انبار,209886,6
74547,3500,احمدآباد تپه,209888,6
74548,3500,خماجین,209906,6
74549,3500,خیرآباد,209908,6
74550,3500,راهجرد,209913,6
74551,3500,عبدالرحیم,209919,6
74552,3500,فیروز آباد,209920,6
74553,3500,قشلاق سفلی,209923,6
74554,3500,قشلاق علیا,209924,6
74555,3500,قوزلیجه,209929,6
74556,3500,کوزره,209932,6
74557,3500,مسلم آباد,209939,6
74558,3500,ورکش,209944,6
74559,3500,دولت آباد,435573,6
74560,3500,مهاجرآباد,435574,6
74561,3501,ابرو,210399,6
74562,3501,انجلاس,210400,6
74563,3501,چشین,210402,6
74564,3501,خاکو,210404,6
74565,3501,چشمه ملک,210406,6
74566,3501,سیلوار,210408,6
74567,3501,سیمین ابرو,210409,6
74568,3502,ارزان فود,207991,6
74569,3502,تکمه داش,207999,6
74570,3502,تفریجان,210401,6
74571,3502,سد اکباتان,210407,6
74572,3502,شمس آباد,210410,6
74573,3502,علی آباد ورکانه,210411,6
74574,3502,ورکانه,210413,6
74575,3502,یلفان,210414,6
74576,3503,اوزنان,209776,6
74577,3503,چشمه قصابان,209785,6
74578,3503,یکن آباد,209822,6
74579,3503,پادگان قدس,210531,6
74580,3503,پادگان شهید قهرمان همدان,210532,6
74581,3503,توییجین,210533,6
74582,3503,حیدره بالای شهر,210535,6
74583,3503,سلولان,210539,6
74584,3503,موییجین,210550,6
74585,3503,وفرجین,210551,6
74586,3503,انصارالامام,210552,6
74587,3503,مهدی آباد,436615,6
74588,3504,سبزآباد,209891,6
74589,3504,آقداش,209892,6
74590,3504,مرتع بلاغ,209915,6
74591,3504,گورگز,209934,6
74592,3504,مهبار,209942,6
74593,3504,آبشینه,210435,6
74594,3504,آغجه سیدان,210436,6
74595,3504,امیرآباد,210437,6
74596,3504,باغچه,210440,6
74597,3504,سرخ آباد,210446,6
74598,3504,سنگستان,210447,6
74599,3504,شورین,210449,6
74600,3504,ضیاءالدین,210450,6
74601,3504,کنجینه,210454,6
74602,3504,مهرآباد,210457,6
74603,3504,یکانه,210459,6
74604,3504,ایوک,210488,6
74605,3504,پل شکسته,210490,6
74606,3504,ده دلیان,210494,6
74607,3504,دینگله کهریز,210495,6
74608,3504,شیرآباد,210498,6
74609,3504,عربلو,210499,6
74610,3504,کردبلاغ,210501,6
74611,3504,مرادبلاغی,210505,6
74612,3504,پهن آباد,436667,6
74613,3505,قلی کندی,208022,6
74614,3505,آق تپه,209889,6
74615,3505,باش قشلاق,209896,6
74616,3505,حیران,209904,6
74617,3505,زنگی بلاغ,209914,6
74618,3505,قرخ قز,209921,6
74619,3505,مولیجه,209941,6
74620,3505,نشر,209943,6
74621,3505,آبهندو,210485,6
74622,3505,بارابند,210489,6
74623,3505,حا جی آباد,210492,6
74624,3505,سردره,210496,6
74625,3505,سیاه کمر,210497,6
74626,3505,گل کهریز,210502,6
74627,3505,گنبد,210504,6
74628,3505,رحیم آباد,210506,6
74629,3505,معروف,436263,6
74630,3506,امزاجرد,209775,6
74631,3506,بهرام آباد,209779,6
74632,3506,اولیایی,210438,6
74633,3506,ایستگاه مخابرات اولیایی,210439,6
74634,3506,دهپیاز,210445,6
74635,3506,علی آباد آق حصار,210451,6
74636,3506,رباط شورین,210537,6
74637,3506,گراچقا,210546,6
74638,3506,نهران,437085,6
74639,3506,قشلاق گمار,439404,6
74640,3506,شهرک صنعتی بوعلی,439433,6
74641,3507,آقچه قیه,209651,6
74642,3507,عظیم دره,209658,6
74643,3507,جین طراقیه,209662,6
74644,3507,چاله کند,209663,6
74645,3507,حسن آباد,209665,6
74646,3507,خواجه کندی,209671,6
74647,3507,سراب,209680,6
74648,3507,سولیجه,209683,6
74649,3507,طراقیه,209685,6
74650,3507,علیصدر,209686,6
74651,3507,قلش باغی/ قلیج باغی,209690,6
74652,3507,کلب حصاری,209693,6
74653,3507,گزل ابدال,209697,6
74654,3507,حسن تیمور,210290,6
74655,3507,خبرارخی,210293,6
74656,3508,الان سفلی,209653,6
74657,3508,الان علیا,209654,6
74658,3508,سلیم سرایی,209681,6
74659,3508,سوباشی,209682,6
74660,3508,قباق تپه کرد,209687,6
74661,3508,کسلانقیه,209692,6
74662,3508,آقبلاغ,210270,6
74663,3508,قطارقویی,210312,6
74664,3508,کیتو,210322,6
74665,3508,گمین قلعه,210323,6
74666,3509,آقبلاغ مرشد,210272,6
74667,3509,ایلانلو,210277,6
74668,3509,پیربادام,210281,6
74669,3509,جگنلو,210283,6
74670,3509,چورمق,210287,6
74671,3509,خالق وردی,210292,6
74672,3509,دارقشلاق,210294,6
74673,3509,دالیچو,210295,6
74674,3509,سرایجوق,210298,6
74675,3509,شیخ جراح,210301,6
74676,3509,علی آباد,210307,6
74677,3509,قراتلو,210309,6
74678,3509,قرانقودره,210310,6
74679,3509,قهوردسفلی,210315,6
74680,3509,قهوردعلیا,210316,6
74681,3509,انصار,210317,6
74682,3509,کلیک,210318,6
74683,3509,کهریزباباحسین,210320,6
74684,3509,کهنه حصار,210321,6
74685,3509,محمودآباد,210324,6
74686,3509,مخور,210325,6
74687,3510,بابان,210189,6
74688,3510,پرورق,210191,6
74689,3510,نورآبادحاجیلو,210197,6
74690,3510,داق داق آباد,210199,6
74691,3510,دولت آبادحاجیلو,210201,6
74692,3510,رامیشان,210203,6
74693,3510,ساری بلاغ,210205,6
74694,3510,قزلجه,210215,6
74695,3510,قلی آباد,210216,6
74696,3510,کردآباد,210217,6
74697,3511,آق تپه,210182,6
74698,3511,امیرآباد,210184,6
74699,3511,اورقین,210188,6
74700,3511,پایگاه هوایی نوژه,210190,6
74701,3511,دستجرد,210200,6
74702,3511,طاسران,210210,6
74703,3511,قباق تپه,210212,6
74704,3512,حاتم آباد,210194,6
74705,3512,خلعت آباد,210198,6
74706,3512,روعان,210204,6
74707,3512,شاوه,210207,6
74708,3512,عین آباد,210211,6
74709,3512,کوریجان,210218,6
74710,3512,گنده جین,210219,6
74711,3512,مزرعه مهدی آباد,210222,6
74712,3512,نو آباد,210223,6
74713,3512,ویان,210224,6
74714,3512,نیروگاه هزار مگاواتی شهید مفتح,270703,6
74715,3512,شهرک صنعتی ویان,439435,6
74716,3513,آق داش,209649,6
74717,3513,اوریاد,209655,6
74718,3513,جزوان,209659,6
74719,3513,داس قلعه,209674,6
74720,3513,زین آباد,209677,6
74721,3513,طاهرلو,209684,6
74722,3513,قزلجه,209689,6
74723,3513,قورجینه,209691,6
74724,3513,کندتپه,209694,6
74725,3513,کوهین,209695,6
74726,3513,گاوزبان,209696,6
74727,3513,واشور,209706,6
74728,3513,وصله,209707,6
74729,3513,ولی محمد,209708,6
74730,3514,ایده لو,209656,6
74731,3514,ناصرآباد,209705,6
74732,3514,احمدآباد,210181,6
74733,3514,آقچلو,210183,6
74734,3514,انجیرباغی,210186,6
74735,3514,اوچ تپه,210187,6
74736,3514,پیرانبار,210192,6
74737,3514,جیغی,210193,6
74738,3514,حصارقوجه باغی,210196,6
74739,3514,دولی,210202,6
74740,3514,سردارآباد,210206,6
74741,3514,طاس تپه,210209,6
74742,3514,قراگل,210213,6
74743,3514,قرخ بلاغ,210214,6
74744,3514,مبارک آباد,210220,6
74745,3515,آقبلاغ آق داق,210271,6
74746,3515,اقکند,210274,6
74747,3515,باباخنجر,210278,6
74748,3515,باغچه,210279,6
74749,3515,بشیک تپه,210280,6
74750,3515,چهارسوق,210288,6
74751,3515,چهارطاق,210289,6
74752,3515,حسین آبادباباخنجر,210291,6
74753,3515,شیربرات,210302,6
74754,3515,صفاریز,210304,6
74755,3515,عبدالمومن,210305,6
74756,3515,عبدل آباد,210306,6
74757,3515,قادرآباد,210308,6
74758,3515,قطارآغاج,210311,6
74759,3515,کندبلاغی,210319,6
74760,3515,نگارآباد,210327,6
74761,3516,ایستی بلاغ,202869,6
74762,3516,آقداش,202870,6
74763,3516,باشقورتاران,202871,6
74764,3516,آب مشکین,210269,6
74765,3516,اکنلو,210275,6
74766,3516,اوزن دره,210276,6
74767,3516,تقی آباد,210282,6
74768,3516,جیران گچن,210284,6
74769,3516,چالو,210285,6
74770,3516,سرخاب,210299,6
74771,3516,قوشجه,210314,6
74772,3516,مسجدین,210326,6
74773,3517,بیفانج,209076,6
74774,3517,پیرشمس الدین,209077,6
74775,3517,چشمه قنداب,209081,6
74776,3517,پل شکسته,209082,6
74777,3517,دولت آباد,209084,6
74778,3517,سیف آباد,209088,6
74779,3517,علی آبادپیرشمس الدین,209090,6
74780,3517,قنبرآباد,209092,6
74781,3517,موسی آباد,209103,6
74782,3517,ولی آباد,209107,6
74783,3517,کهریزجلگه,209215,6
74784,3517,شیخی آباد,439372,6
74785,3518,پشت دربند,205561,6
74786,3518,سیاه گله,205575,6
74787,3518,آق بلاغ,209149,6
74788,3518,آقاجان بلاغی,209150,6
74789,3518,امین آباد,209151,6
74790,3518,آهوتپه,209152,6
74791,3518,ایوراع,209153,6
74792,3518,پیرملو,209154,6
74793,3518,چارق,209155,6
74794,3518,چشمه ولد,209156,6
74795,3518,چنارعلیا,209157,6
74796,3518,حسن آبادامام,209158,6
74797,3518,محمدآباد,209159,6
74798,3518,دوبراله,209160,6
74799,3518,سمیران,209161,6
74800,3518,سیاه کمر,209162,6
74801,3518,عزیزآباد,209163,6
74802,3518,علی آبادایوراع,209164,6
74803,3518,قادرآباد,209165,6
74804,3518,قراکند,209166,6
74805,3518,قره بلاغ,209167,6
74806,3518,قمشانه,209168,6
74807,3518,قوچ تپه,209169,6
74808,3518,کمک سفلی,209170,6
74809,3518,کمک علیا,209171,6
74810,3518,گل دره,209172,6
74811,3518,ملاولی,209174,6
74812,3518,نعمت آباد,209175,6
74813,3519,بوجین,209026,6
74814,3519,خاکریز,209032,6
74815,3519,لطیف,209097,6
74816,3519,احمدآباد,209204,6
74817,3519,امین آباد(قنبرآباد),209206,6
74818,3519,بور,209207,6
74819,3519,چنارسفلی,209209,6
74820,3519,حسام آباد,209211,6
74821,3519,دهنو,209212,6
74822,3519,دهنوش,209213,6
74823,3519,سیراوند,209214,6
74824,3519,قاضی مردان,209217,6
74825,3519,گذرگجین,209218,6
74826,3519,یوسف آباد,209223,6
74827,3520,اشترجین,209025,6
74828,3520,بهمن دره,209027,6
74829,3520,بیاج,209028,6
74830,3520,ترخین آباد,209029,6
74831,3520,حاجی آباد,209030,6
74832,3520,حسین آباد,209031,6
74833,3520,خنداب,209033,6
74834,3520,سدران,209034,6
74835,3520,شهراب,209035,6
74836,3520,شیلاندرسفلی,209036,6
74837,3520,شیلاندرعلیا,209037,6
74838,3520,قاسم آباد خنداب,209038,6
74839,3520,گوانلو,209039,6
74840,3520,ملهمدره,209043,6
74841,3520,ویرایی,209044,6
74842,3520,هلورسفلی,209045,6
74843,3520,هلورعلیا,209046,6
74844,3520,هودرج,209047,6
74845,3520,ایستگاه زمینی ارتباطات ماهواره ای شهید قندی,209072,6
74846,3520,بادخوره,209073,6
74847,3520,دهگلان,209085,6
74848,3520,نصرت آباد بهراز,209106,6
74849,3520,وندرآباد,209108,6
74850,3520,شمس آباد,813094,6
74851,3521,اکبرآباد,209071,6
74852,3521,باقرآباد,209074,6
74853,3521,بیتروان,209075,6
74854,3521,پیریوسف,209078,6
74855,3521,چشمه بید,209080,6
74856,3521,قاسم آبادلک لک,209091,6
74857,3521,کاظم آباد,209093,6
74858,3521,کوانج,209094,6
74859,3521,سیردره (گاوگدار),209095,6
74860,3521,گنبله,209096,6
74861,3521,لک لک,209098,6
74862,3521,محمدآباد,209099,6
74863,3521,نجف آباد,209104,6
74864,3521,نصرت آباد لک لک,209105,6
74865,3521,النجه,209205,6
74866,3521,جعفرآباد,209208,6
74867,3521,حبشی,209210,6
74868,3521,صادق آباد,209216,6
74869,3521,گنجه,209219,6
74870,3521,ماوی,209220,6
74871,3521,مظفرآباد,209221,6
74872,3521,منورتپه,209222,6
74873,3522,تختی آباد,209284,6
74874,3522,چشمه علی,209285,6
74875,3522,چهارچشمه,209286,6
74876,3522,حسین آباد,209287,6
74877,3522,حیدرآباد,209288,6
74878,3522,ده بوره,209289,6
74879,3522,ده سفید,209290,6
74880,3522,رستم آباد,209291,6
74881,3522,زرشک خانی(کینی سایه),209292,6
74882,3522,طویلان سفلی,209293,6
74883,3522,طویلان علیا,209294,6
74884,3522,گدارپهن,209295,6
74885,3522,میوله,209296,6
74886,3522,نادرآباد,209297,6
74887,3523,جمشیدآباد,209661,6
74888,3523,چپق لو,209664,6
74889,3523,ساری قمیش,209679,6
74890,3523,گنبدان,209699,6
74891,3523,میرزاحصاری,209702,6
74892,3523,هارون آباد,209709,6
74893,3523,تازه کند(حسام آباد),209788,6
74894,3523,دهنجرد,209795,6
74895,3523,دینارآباد,209796,6
74896,3524,آقبلاغ لتگاه,209774,6
74897,3524,حسین آباد لتگاه,209789,6
74898,3524,دستجرد,209793,6
74899,3524,رایگان سفلی,209797,6
74900,3524,رایگان علیا,209798,6
74901,3524,سلیمان آباد,209802,6
74902,3524,کارخانه قند,209810,6
74903,3524,کوشک آباد,209812,6
74904,3524,لتگاه,209817,6
74905,3524,راه هموار,209818,6
74906,3524,شیخی جان,210208,6
74907,3524,پلیس راه همدان _ تهران,439436,6
74908,3524,پایانه بابری همدان,439437,6
74909,3524,فرستنده صدا,439438,6
74910,3524,انبار نفت منطقه همدان,439439,6
74911,3524,انبار غلات جهاد کشاورزی,439440,6
74912,3524,زمین جهاد کشاورزی استان همدان,439441,6
74913,3524,شرکت پشتیبانی امور دام کشور(منطقه همدان),813092,6
74914,3525,چایان,209784,6
74915,3525,حصارقره باغی,209790,6
74916,3525,حیدره دارامام,209791,6
74917,3525,نورآبادسیمینه,209792,6
74918,3525,رباط زعفرانی,209799,6
74919,3525,زاغه,209801,6
74920,3525,سیمین زاغه,209804,6
74921,3525,حسین آباد بهار,209806,6
74922,3525,فسیجان,209807,6
74923,3525,گنج تپه,209814,6
74924,3525,گوشلان,209816,6
74925,3525,وهنان,209820,6
74926,3526,آب باریک,209771,6
74927,3526,اختاچی,209772,6
74928,3526,آبرومند,209773,6
74929,3526,رسول آبادسفلی,209781,6
74930,3526,رسول آباد علیا,209782,6
74931,3526,چشمه کبود,209786,6
74932,3526,چوتاش,209787,6
74933,3526,دهنو,209794,6
74934,3526,روان,209800,6
74935,3526,سنگ سفید,209803,6
74936,3526,گنده جین,209815,6
74937,3527,اکبرآباد,209652,6
74938,3527,پرلوک,209657,6
74939,3527,جعفرآباد,209660,6
74940,3527,حسن ابدال,209666,6
74941,3527,حسن قشلاق,209667,6
74942,3527,حسین آباد,209668,6
74943,3527,خوشاب سفلی,209672,6
74944,3527,خوشاب علیا,209673,6
74945,3527,دربند,209675,6
74946,3527,اسلام آباد(دولت آباد),209676,6
74947,3527,قره آغاج,209688,6
74948,3527,گوگتپه,209700,6
74949,3527,لک,209701,6
74950,3527,میهمله سفلی,209703,6
74951,3527,میهمله علیا,209704,6
74952,3527,قیدلی بلاغ,209809,6
74953,3528,آق کهریز,209650,6
74954,3528,جهادآباد,209669,6
74955,3528,خلیل کرد,209670,6
74956,3528,ساربانلر,209678,6
74957,3528,باباعلی,209777,6
74958,3528,مالک اشتر,209778,6
74959,3528,پهنه بر,209780,6
74960,3528,قشلاق همه کسی,209808,6
74961,3528,کریم آباد,209811,6
74962,3528,گموش بلاغ,209813,6
74963,3528,همه کسی,209821,6
74964,3529,مزرعه آغچه حصار,209480,6
74965,3529,پاینده,209489,6
74966,3529,پیله جین,209490,6
74967,3529,تولکی تپه,209493,6
74968,3529,جعفر آباد,209498,6
74969,3529,چال بقا,209499,6
74970,3529,چایان,209500,6
74971,3529,حسن آباد,209504,6
74972,3529,خنجرآباد,209507,6
74973,3529,سرله,209513,6
74974,3529,سلطان آباد,209514,6
74975,3529,قایش,209519,6
74976,3529,قرایلر,209522,6
74977,3529,قلعه شاطربالی,209528,6
74978,3529,قوزلیجه,209529,6
74979,3529,کل کبود,209532,6
74980,3529,گستر,209537,6
74981,3529,ویر,209555,6
74982,3530,خورونده,209508,6
74983,3530,قره بلاغ,209523,6
74984,3530,کهریز بغازی,209534,6
74985,3530,گاوسوار,209535,6
74986,3530,منصورآباد,209549,6
74987,3530,تخت,234254,6
74988,3530,ملابداغ,234284,6
74989,3530,اجاق,236863,6
74990,3530,آرپادره,236866,6
74991,3530,آقچه خرابه,236871,6
74992,3530,آقچه لوچه,236873,6
74993,3530,امامزاده اسماعیل,236874,6
74994,3530,چپقلو,236882,6
74995,3531,آق چای,209334,6
74996,3531,بادکوه,209381,6
74997,3531,ماهنیان,209386,6
74998,3531,آغچه خرابه,209481,6
74999,3531,امیرآباد,209485,6
75000,3531,جربانلو,209497,6
75001,3531,خلج,209506,6
75002,3531,دورنیان,209510,6
75003,3531,دولت آباد,209511,6
75004,3531,ساریجلو,209512,6
75005,3531,سورتجین,209515,6
75006,3531,قزلجه خرقان,209525,6
75007,3531,کاروانه,209531,6
75008,3531,گرمک,209536,6
75009,3531,گونلو,209539,6
75010,3531,لاله دان,209540,6
75011,3531,وهنده,209554,6
75012,3532,آب باریک,209332,6
75013,3532,امامزاده قاسم,209335,6
75014,3532,امیریه,209336,6
75015,3532,پناه قزلجه,209339,6
75016,3532,تکیه,209342,6
75017,3532,جامیشلو,209344,6
75018,3532,خمایگان,209348,6
75019,3532,خیرآباد,209349,6
75020,3532,یوشانلو,209350,6
75021,3532,سیراب,209364,6
75022,3532,کلیجه,209379,6
75023,3532,کهارد,209382,6
75024,3532,مزرعه ارجز,209387,6
75025,3532,نوار,209399,6
75026,3532,ینگی قلعه,209405,6
75027,3532,اقکند,209483,6
75028,3532,امتلر,209484,6
75029,3532,ایلانلو,209487,6
75030,3532,تازه کند,209491,6
75031,3532,غازیاتان,209494,6
75032,3532,غلامعلی,209495,6
75033,3532,قاطراولن,209517,6
75034,3532,قان قانلو,209518,6
75035,3532,ماد آباد,209541,6
75036,3532,نینج,209550,6
75037,3532,ورقستان,209551,6
75038,3532,وروزین,209552,6
75039,3532,وفس,209553,6
75040,3532,هریان,210135,6
75041,3532,فارسجین,436109,6
75042,3533,بابانظر,209488,6
75043,3533,تپه دیبی,209492,6
75044,3533,چورمق,209501,6
75045,3533,قادرخلج,209516,6
75046,3533,قراکند,209521,6
75047,3533,قزل آباد,209524,6
75048,3533,قلعه زندلیج,209527,6
75049,3533,مزرعه دیمور,209546,6
75050,3534,اورته قمیش,209486,6
75051,3534,چهاربلاغ,209503,6
75052,3534,قلعه جوق زمانی,209526,6
75053,3534,قینرجه,209530,6
75054,3534,گندوز,209538,6
75055,3534,یارمجه باغ,209556,6
75056,3535,ابراهیم آباد,210102,6
75057,3535,امامزاده پیرنهان,210105,6
75058,3535,امیر آبادعلی نور,210106,6
75059,3535,تاوه,210108,6
75060,3535,جهان آباد,210109,6
75061,3535,حاجی آباد,210110,6
75062,3535,سراوک,210114,6
75063,3535,سرای,210115,6
75064,3535,سناج,210117,6
75065,3535,شرکت توداک,210119,6
75066,3535,طواله,210121,6
75067,3535,فیض آباد,210122,6
75068,3535,نگارخاتون,210133,6
75069,3535,همه کسی,210136,6
75070,3535,امین آباد,210185,6
75071,3536,حسام آباد,209346,6
75072,3536,دهلق,209355,6
75073,3536,اصله,210103,6
75074,3536,اکله,210104,6
75075,3536,شرکت قند هکمتان,210118,6
75076,3536,کله سر,210126,6
75077,3536,یالقوزباغ,210137,6
75078,3537,آغاج,209890,6
75079,3537,خواجه حصار,209907,6
75080,3537,وزندان,209945,6
75081,3537,آجرلو,210018,6
75082,3537,ازناو,210019,6
75083,3537,ایره گونی,210020,6
75084,3537,باغچه غاز,210021,6
75085,3537,بازران,210022,6
75086,3537,بزچلو,210023,6
75087,3537,مزرعه سیدلو,210024,6
75088,3537,پاوان,210025,6
75089,3537,پلیس,210026,6
75090,3537,تجرک,210027,6
75091,3537,مزرعه غازانلو,210028,6
75092,3537,قمشانه,210029,6
75093,3537,چپقلو,210031,6
75094,3537,باباحصاری,210032,6
75095,3537,خیمه گاه,210033,6
75096,3537,ده قره چای,210034,6
75097,3537,دهلق,210035,6
75098,3537,رضاباغی,210036,6
75099,3537,زاغلیجه,210037,6
75100,3537,سولی دره,210039,6
75101,3537,قزل کندی,210040,6
75102,3537,مولوتپه,210041,6
75103,3537,مزرعه شیخ جای,210042,6
75104,3537,مزرعه صادقلو,210043,6
75105,3537,صیدآباد,210044,6
75106,3537,عمر آباد,210045,6
75107,3537,قارقالق,210046,6
75108,3537,قبان قلی,210047,6
75109,3537,قره دای,210048,6
75110,3537,قشلاق,210049,6
75111,3537,قلقل آباد,210050,6
75112,3537,کوی بلاغ,210052,6
75113,3537,گل خندان,210053,6
75114,3537,مبارکین,210054,6
75115,3537,مرغ آباد,210055,6
75116,3537,معدن کوه,210056,6
75117,3537,صادق لو,210057,6
75118,3537,یارمقیه,210058,6
75119,3537,ینگجه,210059,6
75120,3537,مزرعه قاپالوق,433181,6
75121,3537,مزرعه طغایی,433182,6
75122,3537,مزرعه سهرابی,433184,6
75123,3537,مزرعه دلوند,433185,6
75124,3538,راستگویان,209912,6
75125,3538,طمچی,209918,6
75126,3538,قلعه جوق,209926,6
75127,3538,چاه بهار,210030,6
75128,3538,زرق,210038,6
75129,3538,قیه باغی,210051,6
75130,3538,خماجین,210111,6
75131,3538,خوش آباد,210112,6
75132,3538,زرقان,210113,6
75133,3538,قزل آباد,210123,6
75134,3538,قزل حصار,210124,6
75135,3538,قوشجه,210125,6
75136,3538,شیرابدال,210128,6
75137,3538,مزرعه موسی بیگ,210129,6
75138,3538,نصیرآباد,210132,6
75139,3539,پیربگ,209340,6
75140,3539,پلیکان,209341,6
75141,3539,تموزان,209343,6
75142,3539,رازین,209356,6
75143,3539,زهتران,209359,6
75144,3539,سوزن,209363,6
75145,3539,شنجور,209369,6
75146,3539,کاج,209377,6
75147,3539,مسینک,209395,6
75148,3539,وسمق,209402,6
75149,3539,ولاشجرد,209403,6
75150,3540,احمدآباد,209333,6
75151,3540,جاورسجین,209345,6
75152,3540,حکان,209347,6
75153,3540,دمورچی علیا,209353,6
75154,3540,دولوجردین بالا,209354,6
75155,3540,سنقرآباد,209362,6
75156,3540,سنگ گران کوه,209366,6
75157,3540,شریف آباد,209368,6
75158,3540,شورتگل,209370,6
75159,3540,شوند,209371,6
75160,3540,عین آباد,209373,6
75161,3540,قراقیه,209376,6
75162,3540,کمندان,209380,6
75163,3540,گل تپه,209384,6
75164,3540,مزرعه صارم,209392,6
75165,3540,مزرعه گچیلو,209393,6
75166,3540,منوچهر,209396,6
75167,3540,ناکین,209397,6
75168,3540,ینگجه کرفس,209404,6
75169,3540,زاکان,237027,6
75170,3540,کارخانه سیمان,439397,6
75171,3541,پشتجین,209338,6
75172,3541,درگزین,209352,6
75173,3541,سیلک,209385,6
75174,3541,مزرعه گیودره,209394,6
75175,3541,نوده,209400,6
75176,3541,نیر,209401,6
75177,3541,گلستان - شهرک زراعی درجزین,813093,6
75178,3542,بهکندان,209337,6
75179,3542,رکین,209358,6
75180,3542,سایان,209360,6
75181,3542,سلیلک,209361,6
75182,3542,عمان,209372,6
75183,3542,نظام آباد,209398,6
75184,3543,چاله تر,211296,6
75185,3543,چاله خشگ,211297,6
75186,3543,بیژگرد,211391,6
75187,3543,چرمینه,211428,6
75188,3543,حسین آباد,211433,6
75189,3543,سناجان,211436,6
75190,3543,کتک سفلی,211443,6
75191,3543,کتک علیا,211444,6
75192,3543,کنارک بالا,211447,6
75193,3543,کنارک پایین,211448,6
75194,3543,معموره,211456,6
75195,3543,مورچگان,211458,6
75196,3543,نصیرآباد,211460,6
75197,3543,وستگان,211461,6
75198,3543,شهرک صنعتی گندمان,441037,6
75199,3544,امام قیس,211384,6
75200,3544,تگرگ آب,211392,6
75201,3544,کردشامی,211445,6
75202,3544,گدارکبک,211449,6
75203,3544,چشمه علی,214491,6
75204,3544,دوراهان,214499,6
75205,3544,ده باغ,214502,6
75206,3544,ده توت,214503,6
75207,3544,ده خدا,214506,6
75208,3544,ده علی,214508,6
75209,3544,سرپیر,214512,6
75210,3544,گردبیشه,214539,6
75211,3544,له دراز,214542,6
75212,3544,سولگان,440067,6
75213,3544,شمس آباد,441054,6
75214,3545,دهنو,211855,6
75215,3545,شهرک صنعتی بروجن,440131,6
75216,3545,شهرک صنعتی سفیددشت,441216,6
75217,3545,شهرک صنعتی فرادنبه,814101,6
75218,3545,مجتمع فولاد,814102,6
75219,3545,مجتمع دامپروری بروجن,814110,6
75220,3546,سلطان آباد,211314,6
75221,3546,سنگچین,211315,6
75222,3546,شهرک گلوگرد,211320,6
75223,3546,علی آباد,211321,6
75224,3546,کلبی بک,211326,6
75225,3546,آقبلاغ,211383,6
75226,3546,خدرآباد,440007,6
75227,3546,شهرک صنعتی بلداجی,814104,6
75228,3546,مجتمع دامپروری بلداجی,814111,6
75229,3547,اورگان,211290,6
75230,3547,خانی آباد,211307,6
75231,3547,دستگرد,211311,6
75232,3547,ساکی آباد,211313,6
75233,3547,سیبک,211317,6
75234,3547,سیف آباد,211318,6
75235,3547,متویی,211327,6
75236,3547,احمدآباد,441043,6
75237,3548,ارجنک,212011,6
75238,3548,پیربلوط,212035,6
75239,3548,کاکلک,212090,6
75240,3548,هرچگان,212119,6
75241,3548,شهرک صنعتی شهرکرد,440279,6
75242,3548,مجتمع دامپروری شاه منظر,814087,6
75243,3548,مجتمع دامپروری قندآب,814088,6
75244,3548,مجتمع دامپروری قلنگان,814089,6
75245,3548,مجتمع دامپروری حاج کهوا شمالی,814090,6
75246,3548,مجتمع دامپروری حاج کهوا جنوبی,814091,6
75247,3548,مجتمع گاوداری شهرکرد,814092,6
75248,3548,شهرک صنعتی سامان 1,814093,6
75249,3549,بهرام آباد,213355,6
75250,3549,سیرک,213366,6
75251,3549,شمس آباد,213369,6
75252,3549,نوآباد,213394,6
75253,3549,شهرک صنعتی بهرام آباد,440569,6
75254,3549,کارخانه قند,814014,6
75255,3549,شهرک صنعتی هفشجان,814096,6
75256,3550,اسدآباد,212239,6
75257,3550,اقبلاغ,212241,6
75258,3550,خوی,212266,6
75259,3550,فتح آباد,212291,6
75260,3550,کتک,212299,6
75261,3550,محمدآباد,212312,6
75262,3550,مصطفی آباد,212328,6
75263,3550,وانان,212335,6
75264,3550,امیر آباد بیدکان,814063,6
75265,3550,سهرآب آباد,814067,6
75266,3551,اوچ بغاز,212025,6
75267,3551,مرغملک,212101,6
75268,3551,خلیل آبادخاکی,213932,6
75269,3551,دولت آبادخاکی,213939,6
75270,3551,کریم آبادخاکی,213983,6
75271,3551,احمد آباد,814043,6
75272,3551,قلعه خاکی,814044,6
75273,3551,قلعه سوخته,814047,6
75274,3551,قلعه اولاد علیجان,814065,6
75275,3552,بید کل,214386,6
75276,3552,چشمه دره,214388,6
75277,3552,چوبین,214390,6
75278,3552,ده چشمه,214392,6
75279,3553,امیدآباد,213899,6
75280,3553,دره بیدینه,213937,6
75281,3553,ویس آباد,213940,6
75282,3553,سپیدانه,213944,6
75283,3553,عباس آباد,213954,6
75284,3553,قلعه اقبال,213961,6
75285,3553,قلعه امیدآباد,213962,6
75286,3553,قلعه حاج جهانقلی,213964,6
75287,3553,شریف آباد,213969,6
75288,3553,کوانک,213991,6
75289,3553,نصیرآباد هیرگان,214015,6
75290,3553,حاجی آباد,440707,6
75291,3553,خاورآباد,440709,6
75292,3553,نصیرآباد گله,441087,6
75293,3554,عیسی آباد,214395,6
75294,3555,چغاهست,214335,6
75295,3555,راستآب,214338,6
75296,3555,گوشه,214346,6
75297,3555,شهرک صنعتی جونقان,441080,6
75298,3556,کران,214345,6
75299,3557,امیری سفلی,214845,6
75300,3557,امیری علیا,214846,6
75301,3557,چله گاه,214928,6
75302,3557,چمن بید,214929,6
75303,3557,چنارمحمودی,214930,6
75304,3557,دهنو محمد حسین خلیل آباد,214941,6
75305,3557,دوله سیب,214974,6
75306,3557,ده نوگرک اله,214983,6
75307,3557,دهنواله مراد,214986,6
75308,3557,دهنومحمدقلی,214987,6
75309,3557,دهنوشمسعلی,214988,6
75310,3557,دهنوعباسعلی,214989,6
75311,3557,دهنوگودرز,214990,6
75312,3557,ساختمان رحیمی,215000,6
75313,3557,قطعه,215039,6
75314,3557,کلارسفلی,215052,6
75315,3557,کلارعلیا,215053,6
75316,3557,دهنوعلی بآبا,215055,6
75317,3557,کهیان,215057,6
75318,3557,منجرمویی,215101,6
75319,3557,میج قاپان علیا,215108,6
75320,3557,میچ قاپان سفلی,440769,6
75321,3557,قلعه شاه ولی شهیدرجایی,814009,6
75322,3558,آب تلک,214821,6
75323,3558,احمدخواجه,214834,6
75324,3558,اسلام آباد,214837,6
75325,3558,انجو,214847,6
75326,3558,باغ انار میلاس,214856,6
75327,3558,برافتآب میلاس,214863,6
75328,3558,بردکارخانه,214866,6
75329,3558,پاتوه,214873,6
75330,3558,تل ماران,214887,6
75331,3558,چاهگاه میلاس,214919,6
75332,3558,چرکن,214920,6
75333,3558,حسین آباد,214937,6
75334,3558,دارجونه,214943,6
75335,3558,دره چنار,214956,6
75336,3558,دره روآب,214958,6
75337,3558,دره شور,214960,6
75338,3558,دره شورخنگ,214961,6
75339,3558,دره شورمهدی,214962,6
75340,3558,دره مرغی,214965,6
75341,3558,دهنو میلاس سفلی,214992,6
75342,3558,قلعه چه,214997,6
75343,3558,سرقلعه,215014,6
75344,3558,شاه حسینی,215018,6
75345,3558,شش بهره میانه,215020,6
75346,3558,شش بهره سفلی,215021,6
75347,3558,شش بهره علیا,215022,6
75348,3558,شملک,215024,6
75349,3558,کرف سفلی,215045,6
75350,3558,کرف علیا,215046,6
75351,3558,کل گچی,215047,6
75352,3558,گرگر,215063,6
75353,3558,گوشه,215074,6
75354,3558,لیرآبی,215075,6
75355,3558,له دراز,215080,6
75356,3558,میلاس,215111,6
75357,3558,ناغان سفلی,215112,6
75358,3558,ناغان علیا,215113,6
75359,3558,نساکوه,215117,6
75360,3558,لیرشملک,215121,6
75361,3558,مجتمع کارگاههای تولیدی,440792,6
75362,3558,علی آباد,440796,6
75363,3558,شیدان,440797,6
75364,3558,پیران,440798,6
75365,3558,چالبتان,440799,6
75366,3558,برافتآب شیدان,440803,6
75367,3558,خلیل آباد,440884,6
75368,3558,کل آبچنار,440889,6
75369,3558,سلطانی,440963,6
75370,3558,سرپوت,440965,6
75371,3558,شهرک صنعتی لردگان,441078,6
75372,3558,فجر بر آفتآب,441079,6
75373,3558,دهنو میلاس علیا,814020,6
75374,3558,ملا تلخآب,814086,6
75375,3559,آب چنار علیا,214823,6
75376,3559,آب چنار سفلی,214824,6
75377,3559,امیری,214844,6
75378,3559,بادامستان اقاجون,214851,6
75379,3559,بادامستان امیدعلی,214852,6
75380,3559,بادامستان مشهدی امیر,214853,6
75381,3559,باغ انار,214855,6
75382,3559,برافتآب مرده شور,214862,6
75383,3559,بندون علیا,214868,6
75384,3559,بنگرد,214870,6
75385,3559,پل بارز,214879,6
75386,3559,پل ملاعباس,214881,6
75387,3559,پل میر,214882,6
75388,3559,تیرزمین,214892,6
75389,3559,جرجیس,214896,6
75390,3559,چال چندار,214905,6
75391,3559,چال درازاسفندیار,214907,6
75392,3559,چال درازغلامعلی,214908,6
75393,3559,چال درازنعمت اله,214909,6
75394,3559,چال درازهادی,214910,6
75395,3559,چال درازیداله,214911,6
75396,3559,چالدرازبیت اله,214914,6
75397,3559,چشمه خانی,214923,6
75398,3559,چلن,214927,6
75399,3559,حاتم آباد,214934,6
75400,3559,خانه علی بخش,214940,6
75401,3559,دم دره,214945,6
75402,3559,دره آب ساحل,214950,6
75403,3559,دره اشگفت,214951,6
75404,3559,دره تنگی علیا,214952,6
75405,3559,دره تنگی سفلی,214953,6
75406,3559,دره سور,214959,6
75407,3559,دره قواطی,214963,6
75408,3559,ده بارز,214975,6
75409,3559,ده تل,214977,6
75410,3559,ده چل,214978,6
75411,3559,ده نوبارز,214982,6
75412,3559,رمرون,214995,6
75413,3559,زیتون,214998,6
75414,3559,زیتی1,214999,6
75415,3559,سربیشه,215002,6
75416,3559,سرچول,215006,6
75417,3559,سرخآب,215007,6
75418,3559,سردره,215009,6
75419,3559,سرکمر,215015,6
75420,3559,شکرته,215023,6
75421,3559,شوار,215025,6
75422,3559,عاقل,215034,6
75423,3559,قلعه بارز,215040,6
75424,3559,کته,215044,6
75425,3559,گاوراه,215061,6
75426,3559,گلستان,215065,6
75427,3559,گودبنوشیر,215069,6
75428,3559,گودسر,215070,6
75429,3559,گورزردعلیا,215072,6
75430,3559,لیران,215076,6
75431,3559,لیرود,215077,6
75432,3559,لیروک,215078,6
75433,3559,قلعه مدرسه,215083,6
75434,3559,میان مالان,215106,6
75435,3559,میانجو,215107,6
75436,3559,میش خوس,215109,6
75437,3559,دهنوگودسر,440758,6
75438,3559,گچ اهن,440759,6
75439,3559,زیتی2,440762,6
75440,3559,زیتی3,440763,6
75441,3559,نصیرآباد,440764,6
75442,3559,ده چال بید,440765,6
75443,3559,میلشا,441296,6
75444,3559,بندون سفلی,814072,6
75445,3560,آب بیدک,214831,6
75446,3560,آسمان نیر,214838,6
75447,3560,البرزآباد,214842,6
75448,3560,برآفتاب چیگو,214858,6
75449,3560,بیدله,214872,6
75450,3560,پاگچ,214875,6
75451,3560,پل بریده,214880,6
75452,3560,تیرسامان,214893,6
75453,3560,چیگو,214932,6
75454,3560,خارستون,214939,6
75455,3560,دره گرم,214964,6
75456,3560,دوله خرگوش,214973,6
75457,3560,ده سوخته,214980,6
75458,3560,سردار,215008,6
75459,3560,سرقلعه,215013,6
75460,3560,سیدمحمد,215017,6
75461,3560,شهسوار,215028,6
75462,3560,قلعه سمه,215041,6
75463,3560,کلگه,215048,6
75464,3560,کلواری,215051,6
75465,3560,گاودانه,215060,6
75466,3560,لاچنار,215079,6
75467,3560,مشگدوزان,215094,6
75468,3560,ورکهله,215119,6
75469,3560,سورمنده,440826,6
75470,3560,شهرک مشک دوزان,441276,6
75471,3561,آبزیر,214827,6
75472,3561,آتشگاه,214833,6
75473,3561,امام آباد,214843,6
75474,3561,اینکک,214848,6
75475,3561,جاجوفاج,214894,6
75476,3561,چال خزینه,214906,6
75477,3561,چال شیرین,214912,6
75478,3561,دشت دراز,214966,6
75479,3561,دورک,214971,6
75480,3561,دلی,214993,6
75481,3561,شوش,215026,6
75482,3561,فاج,215036,6
75483,3561,کلگه سردشت,215049,6
75484,3561,گلمتین,215066,6
75485,3561,مونوم,215104,6
75486,3561,ده تل,215116,6
75487,3561,ورکآب,215118,6
75488,3561,طلایه,226271,6
75489,3561,ده گاه,270868,6
75490,3561,علی آباد,440806,6
75491,3561,گاه کده,440807,6
75492,3561,نربلند,440810,6
75493,3561,نخودکار,440812,6
75494,3561,اسلام آباد,440813,6
75495,3561,هزارجریب,440887,6
75496,3561,له ماری1,440888,6
75497,3561,شهرک مامور,441111,6
75498,3561,ده باغ,441154,6
75499,3561,له ماری2,441273,6
75500,3562,آبزادودرا,214825,6
75501,3562,آبکلایه 1,214828,6
75502,3562,آبکلایه 2,214829,6
75503,3562,آبلاران,214830,6
75504,3562,اینکک دودراء,214849,6
75505,3562,تنگ گهرآب,214890,6
75506,3562,چاهگاه,214918,6
75507,3562,چل بردی,214924,6
75508,3562,چلمانگاسیون سفلی,214925,6
75509,3562,چیلته دودرا,214933,6
75510,3562,حاجی آباد,214936,6
75511,3562,ده زیردودرای,214979,6
75512,3562,ده کهنه امامزاده,214981,6
75513,3562,سرتنگ گهرآب,215005,6
75514,3562,سرزاگاه,215012,6
75515,3562,طلینه دودرا,215032,6
75516,3562,عدوک,215035,6
75517,3562,گندم زاردودرا,215068,6
75518,3562,گورون,215073,6
75519,3562,مامور,215082,6
75520,3562,مل سفید,215096,6
75521,3562,میان قلعه,215105,6
75522,3562,نجیلدون بالا,215115,6
75523,3562,باغ قلندر,440808,6
75524,3562,غربا,440809,6
75525,3562,احمدآباد,440886,6
75526,3563,الیکوه,210815,6
75527,3563,بالد,210819,6
75528,3563,بهشت آباد,210824,6
75529,3563,حسین آباد,210840,6
75530,3563,دره شور,210845,6
75531,3563,دوازده امام قدیم,210850,6
75532,3563,ده کهنه روگر,210855,6
75533,3563,دهنونده,210858,6
75534,3563,رستم آباد,210860,6
75535,3563,ریگک,210862,6
75536,3563,زرمیتان,210864,6
75537,3563,سرپیر,210866,6
75538,3563,سرچاه,210868,6
75539,3563,سنگ بیل,210873,6
75540,3563,شکرآباد,210875,6
75541,3563,شیخ محمود,210879,6
75542,3563,قلعه درویش,210883,6
75543,3563,قلعه رشید,210884,6
75544,3563,کریم آباد,210890,6
75545,3563,نیسیاق,210909,6
75546,3563,هفت پیران,210910,6
75547,3563,یوسف آباد,270857,6
75548,3563,کوران آباد,441155,6
75549,3563,شهرک 12امام,441250,6
75550,3564,آبسرده,210811,6
75551,3564,ارجل,210813,6
75552,3564,سرمور,210872,6
75553,3564,شوران,210876,6
75554,3564,شهرک ممسنی,210877,6
75555,3564,لیرآبی(شهرک شهید منتظری),210878,6
75556,3564,کاونددرویشان,210886,6
75557,3564,کری چهاربنیچه,210891,6
75558,3564,شهرک نوترکی,210908,6
75559,3564,چویلان,211012,6
75560,3564,عزیزآبادعلیا,211015,6
75561,3564,چشمه خواجو,211017,6
75562,3564,چشمه دیزو,211018,6
75563,3564,چشمه سلیمان,211019,6
75564,3564,چهارموران,211021,6
75565,3564,روپینه,211022,6
75566,3564,عباس آباد,211024,6
75567,3564,عزیزآبادسفلی,211025,6
75568,3564,کیواردان,211027,6
75569,3564,گردپینه,211028,6
75570,3564,لشترگورویی,211029,6
75571,3564,لشترکی سعید,211030,6
75572,3564,لاخشک,211031,6
75573,3564,مرادآباد,211032,6
75574,3564,نجف آباد,211033,6
75575,3564,بادره سمی یاگردوا,211064,6
75576,3564,به لپ,211069,6
75577,3564,دمآب,211095,6
75578,3564,ده دلی,211100,6
75579,3564,زردلیمه,211105,6
75580,3564,سرتنگ,211109,6
75581,3564,شهرک شهیدامامی,440862,6
75582,3564,شهرک چلو,440966,6
75583,3564,چم بلا,441282,6
75584,3564,جوب سیب,441283,6
75585,3564,شهرک قرآب,814004,6
75586,3564,چم زرد,814022,6
75587,3564,قرآب,814034,6
75588,3564,سرقلعه,814064,6
75589,3564,لشتر,814068,6
75590,3565,تولدان,211075,6
75591,3565,چوله دان,211082,6
75592,3565,دالگیررفن,211089,6
75593,3565,دره دون,211092,6
75594,3565,ده خلیلی,211098,6
75595,3565,ده کهنه هلو سعد,211103,6
75596,3565,رفن,211106,6
75597,3565,سربنه,211108,6
75598,3565,سر زرد,211113,6
75599,3565,سرقلعه,211115,6
75600,3565,سرمازه,211118,6
75601,3565,طولدان عوضی,211127,6
75602,3565,قاییدان,211129,6
75603,3565,کاهیدان,211132,6
75604,3565,کنمی,211140,6
75605,3565,گل شور,211143,6
75606,3565,گندمکارسفلی,211145,6
75607,3565,گندمکارعلیا,211146,6
75608,3565,ملکشیر,211154,6
75609,3565,ورزرد,211157,6
75610,3565,تلمبه خانه نفت گندمکار,440858,6
75611,3565,شهرک شیاسی,440859,6
75612,3565,ده عزیزی گندمکاروسطی,440881,6
75613,3565,تلتاک,441073,6
75614,3565,اسلام آباد,441284,6
75615,3565,آب تلخک,814002,6
75616,3565,کاظمیه,814003,6
75617,3565,مور,814032,6
75618,3565,سر کنه,814033,6
75619,3565,دره قحطی,814037,6
75620,3565,چشمه بنیو,814073,6
75621,3565,قلعه مدرسه,814075,6
75622,3566,امامزاده اسماعیل,211061,6
75623,3566,پاتوف,211070,6
75624,3566,پوهلک,211071,6
75625,3566,بهلول آباد,211072,6
75626,3566,تیریز,211076,6
75627,3566,دره شور,211093,6
75628,3566,دورک قنبری,211097,6
75629,3566,ده خلیلی,211099,6
75630,3566,شکرآب,211122,6
75631,3566,شکرآباد,211123,6
75632,3566,شلیل سفلی,211124,6
75633,3566,شلیل علیا,211125,6
75634,3566,کاروانسرای شلیل,211131,6
75635,3566,گوزلک,211147,6
75636,3566,لندی,211149,6
75637,3566,عزت آباد,440864,6
75638,3566,کوروش آباد,440865,6
75639,3566,کول میشان,441285,6
75640,3566,مروارید,814000,6
75641,3566,گینه,814001,6
75642,3566,دره شور,814024,6
75643,3566,محمدیه,814038,6
75644,3566,سرکنه,814042,6
75645,3566,چنده,814069,6
75646,3566,علی آباد تلخآب,814085,6
75647,3567,آب دره,213596,6
75648,3567,استربها,213600,6
75649,3567,الگی سفلی,213601,6
75650,3567,الگی علیا,213602,6
75651,3567,انجرتون,213604,6
75652,3567,ایمره,213605,6
75653,3567,باغکاری,213606,6
75654,3567,بردگپ,213609,6
75655,3567,بزک آباد,213610,6
75656,3567,تپاسفلی,213615,6
75657,3567,تپاعلیا,213616,6
75658,3567,ترکی,213617,6
75659,3567,تشنوی,213618,6
75660,3567,تنگ هونی,213621,6
75661,3567,تیک,213623,6
75662,3567,جیران,213624,6
75663,3567,چشمه قاسم,213628,6
75664,3567,دره باغ,213635,6
75665,3567,دره بوران,213636,6
75666,3567,دره سور,213638,6
75667,3567,دره گاومیش,213639,6
75668,3567,دره وزگا,213641,6
75669,3567,دره هندو,213642,6
75670,3567,دهناش,213648,6
75671,3567,رباطک,213649,6
75672,3567,گله سه گاو,213653,6
75673,3567,شرمک,213656,6
75674,3567,شرنگ دورنگ,213657,6
75675,3567,شنگی,213658,6
75676,3567,شیخ عالی,213659,6
75677,3567,کسری,213664,6
75678,3567,کیارس علیا,213669,6
75679,3567,کیکاوس,213670,6
75680,3567,گرآب,213672,6
75681,3567,موچان,213681,6
75682,3567,مهدی آباد,213683,6
75683,3567,هل گلآبی,213691,6
75684,3567,هل نصیر,213692,6
75685,3567,هوشوت,213693,6
75686,3567,چبد(شهرک),440732,6
75687,3567,لبدعلیا,440734,6
75688,3567,لبدسفلی,440735,6
75689,3567,دره بالا,440736,6
75690,3567,کارکن علیا,440738,6
75691,3567,کارکن سفلی,440739,6
75692,3567,مزان,440740,6
75693,3567,شوله,440741,6
75694,3567,آبیکار,441035,6
75695,3567,راکی,441036,6
75696,3567,کوشکا,441307,6
75697,3567,مور هره,814011,6
75698,3567,مازه فرامرزی,814012,6
75699,3567,سربیشه,814013,6
75700,3567,مازه سوخته(شهرک),814016,6
75701,3567,لیرو,814053,6
75702,3568,ارته,213599,6
75703,3568,الورک,213603,6
75704,3568,بادام شیرین,213607,6
75705,3568,باغ چنار,213608,6
75706,3568,تبرک سفلی,213613,6
75707,3568,تبرک علیا,213614,6
75708,3568,تلخه دان,213619,6
75709,3568,چاهک,213625,6
75710,3568,چم عباسعلی,213626,6
75711,3568,چم قلعه,213627,6
75712,3568,حرمو,213630,6
75713,3568,حسین آباد,213631,6
75714,3568,خیارکار,213633,6
75715,3568,دره مولا,213640,6
75716,3568,دورک سفلی,213643,6
75717,3568,دورک علیا,213644,6
75718,3568,رباطکوه,213650,6
75719,3568,سرتنگ بادام شیرین,213651,6
75720,3568,سه جوی,213654,6
75721,3568,سروه پایین,213655,6
75722,3568,طارم,213660,6
75723,3568,فریک,213661,6
75724,3568,قلعه کشگی,213662,6
75725,3568,کچوز,213663,6
75726,3568,کول سرخ,213667,6
75727,3568,گاوشیر,213671,6
75728,3568,گزستان,213673,6
75729,3568,محمودآباد,213677,6
75730,3568,مورز,213682,6
75731,3568,میان دوهان علیا,213684,6
75732,3568,میاندوهان سفلی,213685,6
75733,3568,نازی,213686,6
75734,3568,وزگا,213688,6
75735,3568,وزگاگنگرستان,213689,6
75736,3568,هردان,213690,6
75737,3568,گنگرستان,213694,6
75738,3568,قلعه تبرک,440728,6
75739,3568,راهداری گردنه چری,440757,6
75740,3568,بنآب,441310,6
75741,3568,ده بزرگ,814025,6
75742,3568,ده کوچک,814026,6
75743,3568,لا باریک,814031,6
75744,3568,تنه زنی,814048,6
75745,3568,چم غریب,814049,6
75746,3568,دم تنگ,814050,6
75747,3568,نالبندان,814081,6
75748,3568,قلعه کشکی,814082,6
75749,3568,دورک قاسمعلی وند,814083,6
75750,3569,چشمه رو,213800,6
75751,3569,آبحره,213890,6
75752,3569,آبکاسه,213893,6
75753,3569,برافتآب راک,213902,6
75754,3569,بنواستکی,213903,6
75755,3569,تلخ دان,213905,6
75756,3569,توف سفید,213906,6
75757,3569,تیشتردون بنواستکی,213907,6
75758,3569,تیشتردون حموله,213908,6
75759,3569,غلام اقا,213911,6
75760,3569,چشمه دره,213917,6
75761,3569,حاتم,213924,6
75762,3569,حاجی آباد,213925,6
75763,3569,حاجی مراد,213926,6
75764,3569,دیمه,213941,6
75765,3569,شهریارگرگانک,213952,6
75766,3569,قلعه خونکار,213965,6
75767,3569,قلعه سبزی,213967,6
75768,3569,قلعه مرغ حموله,213976,6
75769,3569,قیقاج,213981,6
75770,3569,کوچک علی,213984,6
75771,3569,گاوپیسه,213986,6
75772,3569,موردراز,214005,6
75773,3569,مهدی آباد1,214010,6
75774,3569,نظرآباد,214013,6
75775,3569,علی آباد,214017,6
75776,3569,آب باریک 1,214228,6
75777,3569,احمدآباد,214229,6
75778,3569,چشمه چولک,214232,6
75779,3569,خسروآباد,214235,6
75780,3569,ده نوسفلی,214237,6
75781,3569,ده نوعلیا,214238,6
75782,3569,شیخ علی خان,214242,6
75783,3569,فانی آباد,214244,6
75784,3569,قاسم آباد,214245,6
75785,3569,رضی آباد,214246,6
75786,3569,قلعه تک,214247,6
75787,3569,کوی شهیدبهشتی,214250,6
75788,3569,گاوخفت,214251,6
75789,3569,محمد آباد1,214252,6
75790,3569,گلچین,214254,6
75791,3569,ملک آباد,214256,6
75792,3569,میانرودان1,214258,6
75793,3569,نیاکان,214259,6
75794,3569,قلعه کوشکک,441279,6
75795,3569,دره در,814046,6
75796,3569,بنو بهرام,814059,6
75797,3569,قلعه راکی,814060,6
75798,3569,ضرآب آباد,814074,6
75799,3569,چشمه اسد,814078,6
75800,3569,مهدی آباد میانرودان,814079,6
75801,3569,مهدی آباد چمدر,814080,6
75802,3569,شهرک تخصصی بسته بندی آب کوهرنگ,814109,6
75803,3569,تونل اول,814117,6
75804,3569,دارکان,814118,6
75805,3570,مهدی آباد,213834,6
75806,3570,نصیرآباد,213837,6
75807,3570,آبدال آباد,213892,6
75808,3570,اسمی آباد,213898,6
75809,3570,بخش آباد,213901,6
75810,3570,غلام آباد,213909,6
75811,3570,غلام آباد,213910,6
75812,3570,غلام شاآباد,213912,6
75813,3570,غلامرضاآباد,213913,6
75814,3570,چشمه چلی,213915,6
75815,3570,چوبین رحمان,213922,6
75816,3570,چهارموران,213923,6
75817,3570,حمزه آباد,213927,6
75818,3570,حمیدآباد,213928,6
75819,3570,حیدرآباد,213929,6
75820,3570,حیدرآبادمیهه,213930,6
75821,3570,خونکار,213933,6
75822,3570,دره بید,213936,6
75823,3570,دره پیر,213938,6
75824,3570,زمان آباد,213942,6
75825,3570,سردارآباد,213947,6
75826,3570,سیدمراد,213949,6
75827,3570,سیل گاه,213950,6
75828,3570,صالح آبادزری,213953,6
75829,3570,علیشاه آباد,213957,6
75830,3570,فاضل آباد,213958,6
75831,3570,قبادآباد,213959,6
75832,3570,قلعه اخوند,213960,6
75833,3570,قلعه بختیار,213963,6
75834,3570,قلعه سنگی,213968,6
75835,3570,قلعه علی آباد,213971,6
75836,3570,قلعه علی حسین سلجوقی,213972,6
75837,3570,قلعه فریدون,213973,6
75838,3570,قلعه مرغ,213975,6
75839,3570,نعل اشکنان سفلی,213978,6
75840,3570,نوروزعلی,213979,6
75841,3570,قلعه سینی,213980,6
75842,3570,تکثیربذردشت زری,213982,6
75843,3570,کیکاوس,213985,6
75844,3570,دره گرم علیا,213987,6
75845,3570,گردوسفلی,213988,6
75846,3570,گردوعلیا,213989,6
75847,3570,مردخانه,213994,6
75848,3570,مزرعه سیف اله,213999,6
75849,3570,مزرعه محمدعلی,214001,6
75850,3570,مصطفی آباد,214003,6
75851,3570,موسیری,214007,6
75852,3570,موسی آباد,214008,6
75853,3570,میهه,214011,6
75854,3570,نادرآباد,214012,6
75855,3570,نعل اشکنان علیا,214016,6
75856,3570,ابوالقاسم آباد,440745,6
75857,3570,عباسعلی آباد,440750,6
75858,3570,دره گرم سفلی,440751,6
75859,3570,چل آباد,441088,6
75860,3570,شهرک میهه,441090,6
75861,3570,شهرک صنعتی دشت زرین,441278,6
75862,3570,دامداری شجاعی,441308,6
75863,3570,قریب آباد,814018,6
75864,3570,کارگاه تونل سوم,814019,6
75865,3570,امیر آباد,814035,6
75866,3570,اسد آباد,814045,6
75867,3570,قباد آباد سفلی,814054,6
75868,3570,گل دره,814056,6
75869,3570,چهارموران سفلی,814057,6
75870,3570,محمد علی,814058,6
75871,3570,منصور آباد,814071,6
75872,3570,موسی آباد روشن,814114,6
75873,3571,بیراهگان,177363,6
75874,3571,تلو,177369,6
75875,3571,چین,177374,6
75876,3571,خویه,177378,6
75877,3571,دره زرگه,177386,6
75878,3571,رزگ,177394,6
75879,3571,سراقاسید,177397,6
75880,3571,سرصالح کوتاه,177399,6
75881,3571,سوه,177400,6
75882,3571,لاوه,177422,6
75883,3571,روستا,440722,6
75884,3571,دره توت,440725,6
75885,3571,پاتاگاه,440942,6
75886,3571,ای ناز,440943,6
75887,3571,بی آبه,441159,6
75888,3571,پیر عالی,814007,6
75889,3572,افسرآباد,214145,6
75890,3572,امیرآباد,214146,6
75891,3572,باغ الگی,214147,6
75892,3572,بهمن آباد,214149,6
75893,3572,تیرک احمدآباد,214150,6
75894,3572,جمال آباد,214151,6
75895,3572,چری,214153,6
75896,3572,دره بید,214157,6
75897,3572,دزک سفلی,214158,6
75898,3572,دزک علیا,214159,6
75899,3572,ده گه شامنصوری,214161,6
75900,3572,رزگه,214162,6
75901,3572,ریزک روزعلی,214163,6
75902,3572,زمنک,214164,6
75903,3572,سیاوش آبادچندار,214165,6
75904,3572,سیاوش آبادعلی خان,214166,6
75905,3572,سیف آباد,214167,6
75906,3572,سیف آبادالهیار,214168,6
75907,3572,صفاآباد,214171,6
75908,3572,علی آباد,214173,6
75909,3572,فخرآباد,214174,6
75910,3572,فرخ آباد,214175,6
75911,3572,کریم آباد,214176,6
75912,3572,کوفی,214177,6
75913,3572,گل سرخ,214179,6
75914,3572,مالک آباد,214183,6
75915,3572,ولی آباد,214185,6
75916,3572,دزک سرچشمه,440752,6
75917,3572,سیاوش آبادگردو,440753,6
75918,3572,دم تنگ,440756,6
75919,3572,حاجی آباد,441309,6
75920,3572,حیدر آباد,814051,6
75921,3572,دزک وسطی,814055,6
75922,3572,صافدان,814061,6
75923,3572,آب بید,814084,6
75924,3572,هرمو,814119,6
75925,3573,بردگپ,213793,6
75926,3573,بیدامین,213794,6
75927,3573,پاچه گاو,213795,6
75928,3573,پرجفت,213796,6
75929,3573,چم آباد,213799,6
75930,3573,چغاخرگوش,213801,6
75931,3573,چگاله,213802,6
75932,3573,حاجی جلیل,213804,6
75933,3573,دره اشگفت,213805,6
75934,3573,دوروزن آباد,213808,6
75935,3573,ذکرا,213810,6
75936,3573,ذوذو,213811,6
75937,3573,سفیدار,213813,6
75938,3573,شاه عبدالعظیم,213814,6
75939,3573,شهریاری,213815,6
75940,3573,علی نقی آباد,213817,6
75941,3573,قدرت آباد,213818,6
75942,3573,کلگیان,213819,6
75943,3573,کلونچی,213820,6
75944,3573,کوچری,213821,6
75945,3573,گشدل,213824,6
75946,3573,گل آباد,213825,6
75947,3573,گیلاس,213826,6
75948,3573,محمدآباد,213829,6
75949,3573,ملک آباد1,213832,6
75950,3573,موردل,213833,6
75951,3573,هربکول,213839,6
75952,3573,یاورآباد,213840,6
75953,3573,درک آباد,214236,6
75954,3573,مهدی آباد,214257,6
75955,3573,لاغرک,440711,6
75956,3573,گردوی جمالو,440712,6
75957,3573,چشمه استهل,440713,6
75958,3573,جوب سرد,440715,6
75959,3573,نصیرآباد,440890,6
75960,3573,ماربر,440892,6
75961,3573,سرتنگ,814052,6
75962,3573,دهگه,814062,6
75963,3573,تقی آباد,814076,6
75964,3573,چندار,814077,6
75965,3574,حاجی آباد,211306,6
75966,3574,شهرک زوردگان,211319,6
75967,3574,قلعه ممکا,211324,6
75968,3574,جعفرآباد,211920,6
75969,3574,دره بید,211927,6
75970,3574,سلم,211931,6
75971,3574,همایی,211953,6
75972,3574,شهرک صنعتی شلمزار,814103,6
75973,3575,امیرآباد,211914,6
75974,3575,تشنیز,211919,6
75975,3575,خراجی,211926,6
75976,3575,اسلام آباد,211932,6
75977,3575,قلعه تک,211938,6
75978,3576,باجگیران,210816,6
75979,3576,بردبردان,210820,6
75980,3576,جغدان,210827,6
75981,3576,جهمان,210828,6
75982,3576,چهارطاق,210834,6
75983,3576,چهراز,210835,6
75984,3576,چهرازگون,210836,6
75985,3576,دم آب,210842,6
75986,3576,ده نوسفلی,210856,6
75987,3576,ده نوعلیا,210857,6
75988,3576,رودارود,210861,6
75989,3576,عادل آباد,210880,6
75990,3576,فرخور,210881,6
75991,3576,کرچ علیا,210888,6
75992,3576,کردان,210889,6
75993,3576,کهن دژ,210894,6
75994,3576,گوشه,210896,6
75995,3576,معدن گل سفید,210904,6
75996,3576,مهریک,210906,6
75997,3576,انجیرچک,211385,6
75998,3576,بطه وند,211389,6
75999,3576,جنده بلاغ,211394,6
76000,3576,له درازعلیاوسفلی,211452,6
76001,3576,کرچ سفلی,441288,6
76002,3577,آب سفید,210810,6
76003,3577,آبگلور,210812,6
76004,3577,برنجگان,210821,6
76005,3577,پوراز,210825,6
76006,3577,پیرنسا,210826,6
76007,3577,جوزستان,210829,6
76008,3577,دره بید,210843,6
76009,3577,دره عشق,210846,6
76010,3577,دره یاس,210848,6
76011,3577,دوپلان,210851,6
76012,3577,دورک شاپوری,210853,6
76013,3577,رحیم آباد,210859,6
76014,3577,آبشاران سفلی,210870,6
76015,3577,آبشاران علیا,210871,6
76016,3577,فیروزآباد,210882,6
76017,3577,تخته چوب,210898,6
76018,3577,مزرعه موسی محمدتقی,210899,6
76019,3577,معدن,210903,6
76020,3577,سررک,211112,6
76021,3577,کل کله,211137,6
76022,3577,ده کهنه,440846,6
76023,3577,شهرک دورک,440847,6
76024,3577,شهرک گل سفید,440849,6
76025,3577,اسلام آباد,440850,6
76026,3577,شهرک بره مرده,440882,6
76027,3577,شهرک بلوط سبز دورک اناری,441289,6
76028,3577,سرتنگ محمود,814008,6
76029,3578,دزک,211853,6
76030,3578,قلعه سلیم,211862,6
76031,3579,سرتشنیز,211857,6
76032,3579,گشینرجان,211865,6
76033,3579,موسی آباد,211871,6
76034,3580,چلوان,212558,6
76035,3580,شرکت کشت حنیف,212672,6
76036,3580,شورآب صغیر,212673,6
76037,3580,شورآب کبیر,212674,6
76038,3580,کاهکش,212756,6
76039,3580,محمدآبادطباطبایی,212796,6
76040,3580,چم خرم,440409,6
76041,3580,چم نار,440410,6
76042,3580,شهرک صنعتی سامان,814098,6
76043,3580,شهرک صنعتی شورآب,814099,6
76044,3581,ایلبگی,212496,6
76045,3581,چم جنگل,212545,6
76046,3581,چم چنگ,212546,6
76047,3581,چم خلیفه,212547,6
76048,3581,چمزین,212559,6
76049,3581,چمعالی,212560,6
76050,3581,مجتمع توریستی زاگرس,814108,6
76051,3582,دشتی,212637,6
76052,3582,سوادجان,212657,6
76053,3582,صادق آباد,212683,6
76054,3582,چم کاکا,440426,6
76055,3582,یاسه چا,440513,6
76056,3583,قرا قوش,212744,6
76057,3583,قوچان,212752,6
76058,3583,گرمدره,212773,6
76059,3583,مارکده,212787,6
76060,3584,شیخ شبان,212070,6
76061,3584,لارک,212098,6
76062,3584,شهرک صنعتی بن,814107,6
76063,3585,بارده,212028,6
76064,3585,تومانک,212037,6
76065,3585,کرسنگ,212094,6
76066,3585,ورعبداله,212117,6
76067,3585,شهرک صنعتی وردنجان,814100,6
76068,3586,تمک,176566,6
76069,3586,حیدری,176603,6
76070,3587,ازادگان,176530,6
76071,3587,پهنا,176562,6
76072,3587,جمالوی جدید,176574,6
76073,3588,امامزاده عباسعلی,214473,6
76074,3588,برجویی,214477,6
76075,3588,دومکان,214500,6
76076,3588,سفیلان,214501,6
76077,3588,ده چنارسفلی,214504,6
76078,3588,ده چنارعلیا,214505,6
76079,3588,ده صحرا,214507,6
76080,3588,ده علی,214509,6
76081,3588,ده رشید,214511,6
76082,3588,مرادون,214523,6
76083,3588,صفی آباد,214528,6
76084,3588,علی آبادپشته,214529,6
76085,3588,فیض آباد,214530,6
76086,3588,کرتگل سفلی,214535,6
76087,3588,کلامویی,214537,6
76088,3588,گوشکی,214541,6
76089,3588,سرتنگ دینارعالی,214557,6
76090,3588,برافتآب,214857,6
76091,3588,بردبر,214865,6
76092,3588,درکه,214946,6
76093,3588,دهنو هوشنگ خان,214984,6
76094,3588,زرین درخت,214996,6
76095,3588,صالحات,215030,6
76096,3588,هرمو,215120,6
76097,3589,بآبا منصور,214475,6
76098,3589,باغ بهزاد,214476,6
76099,3589,ده ترکان,214479,6
76100,3589,جوانمردی,214486,6
76101,3589,حسن هندو,214493,6
76102,3589,خسروآباد,214496,6
76103,3589,ده نو,214510,6
76104,3589,سلح چین,214515,6
76105,3589,سیله,214521,6
76106,3589,قلعه افغان,214531,6
76107,3589,قلعه چه,214532,6
76108,3589,قلعه مزعل,214533,6
76109,3589,کرتگل,214540,6
76110,3590,آب چنار,214822,6
76111,3590,ارمند سفلی,214835,6
76112,3590,ارمند,214836,6
76113,3590,برافتآب خنک,214859,6
76114,3590,تنگ کلوره,214889,6
76115,3590,جغد,214895,6
76116,3590,جوب نسا,214900,6
76117,3590,چاه گاه,214917,6
76118,3590,امام آباد,214957,6
76119,3590,دشتینه,214970,6
76120,3590,رحیم آباد,214972,6
76121,3590,فارسون,215037,6
76122,3590,کینک,215058,6
76123,3590,مزرعه ارمندبالا,215084,6
76124,3591,بوگر,211068,6
76125,3591,تنگارک,211074,6
76126,3591,سرتنگ مسن,211110,6
76127,3591,مسن,211153,6
76128,3591,نازک,211156,6
76129,3591,دادا,440778,6
76130,3591,شهرک سونک,441152,6
76131,3592,آب گرمک,214640,6
76132,3592,ابواسحق سفلی,214641,6
76133,3592,ابواسحق علیا,214642,6
76134,3592,یوردسوخته,214653,6
76135,3592,تل اشگفتی,214659,6
76136,3592,دشت پاگرد,214678,6
76137,3592,ده چناردالورا,214679,6
76138,3592,ده سوخته,214680,6
76139,3592,ده گلآبی علیا,214682,6
76140,3592,رستم بیگ,214684,6
76141,3592,سلمانک سفلی,214687,6
76142,3592,سلمانک علیا,214688,6
76143,3592,سندگان سفلی,214689,6
76144,3592,سندگان علیا,214690,6
76145,3592,سهل آباد,214691,6
76146,3592,قرح,214699,6
76147,3592,کلواری سفلی,214702,6
76148,3592,کلواری علیا,214703,6
76149,3592,گردآب سفلی,214707,6
76150,3592,گلآبی سفلی,214709,6
76151,3592,میان آب,214718,6
76152,3592,میشان سفلی,214722,6
76153,3592,میشان علیا,214723,6
76154,3592,میلان بآبااحمدی,214724,6
76155,3592,یونکی,214729,6
76156,3592,شهرک امام خمینی,441267,6
76157,3592,مجتمع پترو شیمی,814105,6
76158,3592,شهرک صنعتی سندگان,814106,6
76159,3593,امیران سفلی,214646,6
76160,3593,امیران علیا,214647,6
76161,3593,چهارده,214665,6
76162,3593,شهریار,214695,6
76163,3593,شیرمرد,214696,6
76164,3593,کندر,214704,6
76165,3593,گردآب علیا,214708,6
76166,3593,گنج,214710,6
76167,3593,میانطلان,214720,6
76168,3594,امامزاده حسن,214645,6
76169,3594,بازنگی,214648,6
76170,3594,باغ کاج,214650,6
76171,3594,باغ محمدعلی,214651,6
76172,3594,پروز,214656,6
76173,3594,امام آباد,214666,6
76174,3594,اسلام آباد نارمه,214671,6
76175,3594,دره بید,214672,6
76176,3594,دره شیر,214673,6
76177,3594,دره نیک,214676,6
76178,3594,دستگرد,214677,6
76179,3594,ده کهنه,214681,6
76180,3594,شورآب,214693,6
76181,3594,قلعه سوخته,214701,6
76182,3594,کوه نارمه,214705,6
76183,3594,گیساران,214712,6
76184,3594,لیر,214713,6
76185,3594,منارجان,214717,6
76186,3594,نارگیلی,214725,6
76187,3594,نارمه سفلی,214726,6
76188,3594,نارمه علیا,440779,6
76189,3594,علی آباد,441074,6
76190,3594,نورآباد,441075,6
76191,3594,کلات,441297,6
76192,3595,اسلام آباد,214643,6
76193,3595,اکبرآباد,214644,6
76194,3595,بیژگن,214657,6
76195,3595,دم آب,214669,6
76196,3595,دره نامداری,214675,6
76197,3595,سفیدار,214685,6
76198,3595,شاه نجف,214692,6
76199,3595,دهنو,214694,6
76200,3595,چناران,214711,6
76201,3596,خیرآباد,211850,6
76202,3596,عفان,213297,6
76203,3596,شهرک صنعتی فرخشهر,814094,6
76204,3596,کارخانه سیمان,814095,6
76205,3596,مجتمع دامپروری شورآبچه,814112,6
76206,3596,مجتمع دامپروری دهک,814113,6
76207,3597,دستگردامامزاده,211854,6
76208,3597,شهرک صنعتی دستگرد,441136,6
76209,3598,ایرانچه,211837,6
76210,3598,سورک,211858,6
76211,3599,اب گرمگ,216006,6
76212,3599,اذروند,216010,6
76213,3599,بن تنگ,216017,6
76214,3599,بنگ,216018,6
76215,3599,بهارکار,216021,6
76216,3599,پرپیش,216022,6
76217,3599,پیرامام,216024,6
76218,3599,تاوبر,216026,6
76219,3599,تیرنان,216029,6
76220,3599,جله,216032,6
76221,3599,چال اشکوه,216033,6
76222,3599,چال گرد,216034,6
76223,3599,چالگردکشت ورزه,216035,6
76224,3599,چکان حسین آباد,216038,6
76225,3599,خیرآباد,216048,6
76226,3599,دره چه,216051,6
76227,3599,دره تاریک,216054,6
76228,3599,دستگرد,216058,6
76229,3599,دشت خانی,216059,6
76230,3599,ده پره کشت ورزه جعفرقلی,216062,6
76231,3599,ده سیدکشت ورزه,216063,6
76232,3599,ده صیدال کشت ورزه,216064,6
76233,3599,ده محمدحسین,216065,6
76234,3599,دهقادی,216067,6
76235,3599,رشیداباد,216068,6
76236,3599,رضودر,216069,6
76237,3599,زیبا,216070,6
76238,3599,سربیشه,216072,6
76239,3599,سرقلعه,216076,6
76240,3599,سرمیدان,216079,6
76241,3599,سری کوه,216080,6
76242,3599,سه سوک,216081,6
76243,3599,سیرزار,216082,6
76244,3599,سیلاو,216083,6
76245,3599,شاه مکان پایین,216084,6
76246,3599,شاهرود,216085,6
76247,3599,شیخان‌داودخانی,216088,6
76248,3599,علی آباد کشت ورزه,216090,6
76249,3599,فیروزآباد,216092,6
76250,3599,قادیان,216093,6
76251,3599,کاداود,216095,6
76252,3599,کدیور,216097,6
76253,3599,کانکره,216099,6
76254,3599,کیگوران,216100,6
76255,3599,گاوسر,216101,6
76256,3599,گل سفید,216103,6
76257,3599,گله یار,216104,6
76258,3599,گلی چاس,216105,6
76259,3599,لیرحسین چلی,216106,6
76260,3599,مادیان مرده,216108,6
76261,3599,مواره,216109,6
76262,3599,موس,216110,6
76263,3599,می کوش کان,216112,6
76264,3599,نجف آباد,216113,6
76265,3599,نصراباد,216116,6
76266,3599,وزمستان نمک کشت ورزه,216118,6
76267,3599,سرکول,216304,6
76268,3599,گوشه چال بزرگ,216326,6
76269,3599,رشکان,450076,6
76270,3599,سری کوه امید علی,450084,6
76271,3599,شاه مکان بالا,450086,6
76272,3599,شیخان پایین,451668,6
76273,3599,آب رحمت,451669,6
76274,3599,دیگه,451673,6
76275,3599,ابسرده,451699,6
76276,3599,ورگ,815020,6
76277,3599,گلال زراع,815162,6
76278,3599,احمدآباد,815393,6
76279,3599,نمک چال,815394,6
76280,3599,گوکان,815395,6
76281,3599,مزرعه پاطاف,815472,6
76282,3599,ورونده,815497,6
76283,3600,احمدابادزیرراه,216009,6
76284,3600,اردسی,216011,6
76285,3600,اسلام آبادمحمدحسین,216012,6
76286,3600,بردفاتح,216015,6
76287,3600,برزه,216016,6
76288,3600,بنه واریعقوب,216019,6
76289,3600,تونا,216028,6
76290,3600,چل غرو,216039,6
76291,3600,حیه,216044,6
76292,3600,درازی,216049,6
76293,3600,درچه/دره چه,216050,6
76294,3600,دره دنگ,216056,6
76295,3600,ده اسفندیار,216061,6
76296,3600,ده یارعلی,216066,6
76297,3600,سرتنگ برزه,216073,6
76298,3600,سرتنگ لشکریه,216074,6
76299,3600,سرقلعه,216077,6
76300,3600,قلعه نر,216094,6
76301,3600,کمرگپ,216098,6
76302,3600,لانه شاهی,216107,6
76303,3600,میسون,216111,6
76304,3600,نریمان,216114,6
76305,3600,نسارابراهیم,216115,6
76306,3600,وزمستان,216117,6
76307,3600,تزره,815022,6
76308,3600,گلدشت جمالیان,815023,6
76309,3600,آب اناری,815161,6
76310,3601,آب‌گرمک‌پایین,216239,6
76311,3601,آب‌گرمک‌بالا,216240,6
76312,3601,بربرمرگسر,216245,6
76313,3601,پاسفیدانه,216249,6
76314,3601,پنبه کار دره باغ /حسین آباد,216255,6
76315,3601,پوچکک,216256,6
76316,3601,تل چوله,216257,6
76317,3601,تنگ‌چنار,216258,6
76318,3601,جاگیرآباد,216263,6
76319,3601,چال اسماعیل کول چنگر,216265,6
76320,3601,چال آسیاب کول چنگر,216266,6
76321,3601,چال نامدارکول چنگر,216267,6
76322,3601,چل گاپون,216271,6
76323,3601,حاجی آباد,216274,6
76324,3601,دپه,216280,6
76325,3601,درج,216283,6
76326,3601,درکول,216285,6
76327,3601,دره لیرتلاب,216286,6
76328,3601,دمرکول چنگر,216288,6
76329,3601,دورک,216289,6
76330,3601,ردوه,216291,6
76331,3601,ریزی کول چنگر,216294,6
76332,3601,زیرراه امیرقلی,216295,6
76333,3601,سرتنگ ماهی,216299,6
76334,3601,سرد,216300,6
76335,3601,سرقلعه,216301,6
76336,3601,سرکونه تلاب,216303,6
76337,3601,سه ران بالا,216305,6
76338,3601,سه ران پایین,216306,6
76339,3601,شیخ ویر,216308,6
76340,3601,فرنگه,216310,6
76341,3601,کادوه,216311,6
76342,3601,کرک زارکول چنگر,216313,6
76343,3601,کیگه‌بالا,216319,6
76344,3601,گرم تلاب,216324,6
76345,3601,ماهی,216330,6
76346,3601,مرگسر,216331,6
76347,3601,مورت,216335,6
76348,3601,مولیش,216337,6
76349,3601,نیگه,216340,6
76350,3601,وره زردکول چنگر,216341,6
76351,3601,کاول ره,216342,6
76352,3601,سنگرماهرو,450106,6
76353,3601,درپیرعباس,450107,6
76354,3601,پای تاف,451599,6
76355,3601,صفراباد,451615,6
76356,3601,شیون,451618,6
76357,3601,علی آباد,451670,6
76358,3601,پنیکستان,451674,6
76359,3601,مزرعه دیگه,815169,6
76360,3601,باجولی,815172,6
76361,3601,پای سرد,815174,6
76362,3601,جوکار,815176,6
76363,3602,باوکی,216480,6
76364,3602,ده سفیدکانسرخ,216516,6
76365,3602,سنج,216528,6
76366,3602,عالی محمود,216539,6
76367,3602,قلعه بردی,216552,6
76368,3602,کشکک,216558,6
76369,3602,ملک آیاد,216582,6
76370,3602,چقاطرم,216714,6
76371,3602,حاجی آباد,216716,6
76372,3602,ده نصیر,216724,6
76373,3602,دهنوعبدالوند,216725,6
76374,3602,سور,216727,6
76375,3602,شهرک شرکت زراعی الیگودرز,216732,6
76376,3602,شریف آباد,216733,6
76377,3602,شهرک برن آباد,216735,6
76378,3602,تاسهل,216736,6
76379,3602,کان سرخ,216740,6
76380,3602,کلک عزیز آباد,216741,6
76381,3602,مال آشور,216744,6
76382,3602,برن آباد,450201,6
76383,3602,اردودر,450217,6
76384,3602,شهرک صنعتی الیگودرز,451619,6
76385,3602,فیض اله آباد,451620,6
76386,3602,معادن سنگ گنجه,451697,6
76387,3602,مزرعه رحمان آباد,815095,6
76388,3602,کندرچه,815391,6
76389,3603,خمه پایین,215768,6
76390,3603,خمه بالا,215769,6
76391,3603,خورهه,215771,6
76392,3603,دره حیدر,215774,6
76393,3603,سفیدقبا,215787,6
76394,3603,عباس آباد,215796,6
76395,3603,کندر,215819,6
76396,3603,گل زرد,215826,6
76397,3603,کوره چی,215831,6
76398,3603,محمودابادشهاب,215836,6
76399,3603,مزرعه آباد,215839,6
76400,3603,موشله,215844,6
76401,3603,میرونده,215845,6
76402,3603,حاجی آباددرویش,216498,6
76403,3603,خاک آباد,216500,6
76404,3603,ده سفیددرویش,216515,6
76405,3603,کزنار,216557,6
76406,3603,مزرعه غلامحسین,216579,6
76407,3603,مزرعه گنجی,815384,6
76408,3604,ارجنک,216471,6
76409,3604,چال چنار,216489,6
76410,3604,حاج اسماعیل,216496,6
76411,3604,دره دایی,216508,6
76412,3604,آب گرمک‌پایین,216798,6
76413,3604,آب گرمک بالا,216799,6
76414,3604,باغ لطفیان,216806,6
76415,3604,بدرآباد,216807,6
76416,3604,بیشه خزان,216811,6
76417,3604,چال قلعه,216840,6
76418,3604,چغاوقفی,216844,6
76419,3604,خاک بیته,216847,6
76420,3604,خرسیون,216848,6
76421,3604,درکول,216853,6
76422,3604,دره بیدنورعلی,216854,6
76423,3604,دره‌ماهی پایین,216859,6
76424,3604,دره‌ماهی بالا,216860,6
76425,3604,ده برزو,216864,6
76426,3604,دهگاه,216867,6
76427,3604,سرکول,216880,6
76428,3604,سکانه,216881,6
76429,3604,سیبک,216885,6
76430,3604,اسلام آباد,216888,6
76431,3604,عباس برفی,216889,6
76432,3604,قلعه پاچه,216894,6
76433,3604,قلیان,216895,6
76434,3604,کاگلستان‌نسار,216896,6
76435,3604,کاگلستان برافتاب,216897,6
76436,3604,کیزان دره,216905,6
76437,3604,گشان,216911,6
76438,3604,گله بردر,216912,6
76439,3604,جوزیر,216918,6
76440,3604,گیلان,216920,6
76441,3604,مسگری,216927,6
76442,3604,ملک الوس,216930,6
76443,3604,ناصرابادکرکبود,216935,6
76444,3604,نخودکاردرمنی,216936,6
76445,3604,حرآبادپایین,216939,6
76446,3604,حرآبادبالا,216940,6
76447,3604,هندیله,216943,6
76448,3604,حسن آباددرمنی,450149,6
76449,3604,ده سید,451622,6
76450,3604,دورک,815019,6
76451,3604,شیر عالی,815036,6
76452,3604,ده قنبر,815500,6
76453,3605,ایرمان,216804,6
76454,3605,بردشمشیر,216808,6
76455,3605,بیشه,216810,6
76456,3605,پاخیمه گاه,216813,6
76457,3605,پنبه کار,216821,6
76458,3605,تبره,216822,6
76459,3605,تلون گرد,216823,6
76460,3605,تنگ‌کوره پایین,216825,6
76461,3605,تنگ‌کوره‌بالا,216826,6
76462,3605,توت روداب,216827,6
76463,3605,توت رهگانی,216828,6
76464,3605,تیندر,216831,6
76465,3605,جیرگاه,216834,6
76466,3605,چالگز,216843,6
76467,3605,دراشگفت,216852,6
76468,3605,دره تاریک,216855,6
76469,3605,دره لیر,216858,6
76470,3605,دستگرد,216861,6
76471,3605,دورک بالا,216862,6
76472,3605,دورک قلندران,216863,6
76473,3605,ده شاهی,216865,6
76474,3605,دهنو,216866,6
76475,3605,دیزاباد,216868,6
76476,3605,سارآباد برآفتاب,216873,6
76477,3605,سارآبادنسار,216874,6
76478,3605,سرچات,216876,6
76479,3605,سرقلعه‌پایین,216878,6
76480,3605,سرقلعه بالا,216879,6
76481,3605,شاروند,216887,6
76482,3605,بزنوید,216893,6
76483,3605,کیش‌بزنوید,216906,6
76484,3605,کیش گله بید,216907,6
76485,3605,گرداب,216908,6
76486,3605,گله موه,216914,6
76487,3605,گنداب,216916,6
76488,3605,مبارک آباد,216923,6
76489,3605,محسنی,216924,6
76490,3605,محمد آباد,216925,6
76491,3605,مره,216926,6
76492,3605,ملیا,216931,6
76493,3605,موچرلا,216932,6
76494,3605,وارک,216937,6
76495,3605,هستک,216941,6
76496,3605,هفتخوانی,216942,6
76497,3605,پندکی,216944,6
76498,3605,چاله پره,450146,6
76499,3605,چارکی,450147,6
76500,3605,مزرعه امیر آباد,815032,6
76501,3606,اب کاسه,216796,6
76502,3606,اب کلاه,216797,6
76503,3606,اب گزگ,216800,6
76504,3606,الون عباسی,216801,6
76505,3606,ایلرد,216805,6
76506,3606,پرچل,216814,6
76507,3606,پروازه,216815,6
76508,3606,پزپایین,216816,6
76509,3606,پز بالا,216817,6
76510,3606,پزوسطی,216818,6
76511,3606,پس دز,216819,6
76512,3606,پشت بیشه,216820,6
76513,3606,تنگ تاف,216824,6
76514,3606,جنگل بلند,216832,6
76515,3606,چال طلا,216839,6
76516,3606,چال شیر,216842,6
76517,3606,چلان,216845,6
76518,3606,چیتی,216846,6
76519,3606,خورخفت,216849,6
76520,3606,داودک,216850,6
76521,3606,دم دم,216851,6
76522,3606,دره چین,216857,6
76523,3606,رادز,216869,6
76524,3606,رزگه,216870,6
76525,3606,رضایی,216871,6
76526,3606,سراستانه,216875,6
76527,3606,سرچات داودک,216877,6
76528,3606,سوزر,216882,6
76529,3606,سوی,216883,6
76530,3606,سه پلان,216884,6
76531,3606,سیدحسن,216886,6
76532,3606,عباسی,216890,6
76533,3606,فیل بوستان,216891,6
76534,3606,فیلا,216892,6
76535,3606,کرت,216898,6
76536,3606,کل گاه,216899,6
76537,3606,گله گه,216900,6
76538,3606,گلی کرت,216901,6
76539,3606,گله کور,216902,6
76540,3606,کولیرمه,216904,6
76541,3606,گزستان,216910,6
76542,3606,لیرپیری,216921,6
76543,3606,لیروک,216922,6
76544,3606,مودل,216933,6
76545,3606,میان روبه,216934,6
76546,3606,تله رزه,450112,6
76547,3606,احمدحسن,450113,6
76548,3606,نی بدر,450114,6
76549,3606,ده مورت,450115,6
76550,3606,پل چی,450116,6
76551,3606,امامزاده محمدحسن,451598,6
76552,3606,گوشه,451667,6
76553,3606,جلکان,815392,6
76554,3607,انوج بالا,216476,6
76555,3607,ایونده,216478,6
76556,3607,برم,216481,6
76557,3607,تیران,216485,6
76558,3607,جوشان,216487,6
76559,3607,چهارچشمه,216495,6
76560,3607,حاجی آبادبسحاق,216497,6
76561,3607,حوزیان,216499,6
76562,3607,داریچه,216505,6
76563,3607,ده سلمان,216517,6
76564,3607,ده نوخواجه شکراله,216520,6
76565,3607,دهله,216521,6
76566,3607,دهله صوفیان,216522,6
76567,3607,ززم,216526,6
76568,3607,صالح صغیر,216527,6
76569,3607,سنگ سفید بسحاق,216529,6
76570,3607,شریف آباد,216535,6
76571,3607,شمس آباد,216536,6
76572,3607,شهریار,216538,6
76573,3607,علی آباد,216543,6
76574,3607,فیروزاباد,216546,6
76575,3607,فیقان,216547,6
76576,3607,قاسم آباد,216548,6
76577,3607,قشلاق بالا,216551,6
76578,3607,قلعه پیری,216553,6
76579,3607,کهریزسرخ,216562,6
76580,3607,کیچه,216563,6
76581,3607,کیورزجلوگیر,216564,6
76582,3607,کیورز بالا,216565,6
76583,3607,کیورز پایین,216566,6
76584,3607,گله وند,216573,6
76585,3607,گوران,216575,6
76586,3607,مشکک,216581,6
76587,3607,همایی,216585,6
76588,3607,چشمه مروارید,216587,6
76589,3607,اسلام آباد / حاجی آباد بالا,451560,6
76590,3607,کیورز امیرآباد,451621,6
76591,3607,انوج پایین,815025,6
76592,3607,ده میرزا قلی,815026,6
76593,3607,علی آباد دره مشک,815139,6
76594,3607,مزرعه نورآباد,815239,6
76595,3607,محمدآباد,815495,6
76596,3608,اب باریک,216470,6
76597,3608,پیردزگاه,216484,6
76598,3608,جهانخوش,216488,6
76599,3608,چغاگرگ,216491,6
76600,3608,چرباس,216492,6
76601,3608,چشمه پر,216493,6
76602,3608,خان آباد,216501,6
76603,3608,خلیل آباد,216502,6
76604,3608,خمستان,216503,6
76605,3608,خیرآباد,216504,6
76606,3608,دم کمر,216511,6
76607,3608,ده جانی,216514,6
76608,3608,ده نوالیگر,216519,6
76609,3608,گلبهارپایین,216532,6
76610,3608,گلبهاربالا,216533,6
76611,3608,کاظم آباد,216556,6
76612,3608,گل بهاراتابکی,216568,6
76613,3608,گل بهاراحمداباد,216569,6
76614,3608,گل بهارمحمدباقری,216571,6
76615,3608,گل بهارشیخ میری,216590,6
76616,3608,گل بهاریوسف آباد,450197,6
76617,3608,عباس آباد,450198,6
76618,3608,مزرعه مرادآباد,815238,6
76619,3608,حسین آباد پرمیشان,815490,6
76620,3609,آب‌باریک‌پایین,216468,6
76621,3609,آب‌باریک بالا,216469,6
76622,3609,ازنامهلمک,216473,6
76623,3609,اسماهورپایین,216474,6
76624,3609,اسماهوربالا,216475,6
76625,3609,بادباد,216479,6
76626,3609,بهرام آباد,216483,6
76627,3609,جوز,216486,6
76628,3609,دربند,216506,6
76629,3609,دوزان,216513,6
76630,3609,رکن آباد,216524,6
76631,3609,سنگ سفید,216530,6
76632,3609,باقرآباد,216537,6
76633,3609,عزیزآباد,216540,6
76634,3609,عسگران,216541,6
76635,3609,قلعه خلیله,216554,6
76636,3609,قلعه عبدالرضا,216555,6
76637,3609,گایکان,216567,6
76638,3609,گندمینه,216574,6
76639,3609,مغانک پایین,216576,6
76640,3609,مغانک بالا,216577,6
76641,3610,ایوج,216477,6
76642,3610,ده گاه دارسفید,216518,6
76643,3610,زرشک دارسفید,216525,6
76644,3610,فرسش,216544,6
76645,3610,فهره,216545,6
76646,3610,قره خان,216549,6
76647,3610,کمری دارسفید,216560,6
76648,3610,گل گله,216572,6
76649,3610,هما,216584,6
76650,3610,هوه,216586,6
76651,3610,چاله,815170,6
76652,3610,دلال,815173,6
76653,3611,بیاتان,217242,6
76654,3611,بیدکلمه,217243,6
76655,3611,دره گرم,217249,6
76656,3611,شهرک شهید محمد بروجردی (دره گرگ),217250,6
76657,3611,ده ترکان,217254,6
76658,3611,ده یوسفعلی,217256,6
76659,3611,ده نو شاه قلی,217257,6
76660,3611,قلعه کاظم,217266,6
76661,3611,کمره پایین,217270,6
76662,3611,کمره بالا,217271,6
76663,3611,کوشکی پایین,217273,6
76664,3611,کوشکی بالا,217274,6
76665,3611,گل زرد,217276,6
76666,3611,گنداب,217277,6
76667,3611,گندل گیلان,217278,6
76668,3611,لیقناب,217280,6
76669,3611,پایگاه امدادی هلال احمر,815003,6
76670,3611,راهدارخانه اشترینان,815004,6
76671,3611,ماشین سازی زاگرس خودرو,815005,6
76672,3611,قرنطینه دامی و پست دامپزشکی,815006,6
76673,3612,اصغراباد,217190,6
76674,3612,انگشته,217192,6
76675,3612,برده سره,217193,6
76676,3612,جعفرآباد,217197,6
76677,3612,جوجه حیدر,217198,6
76678,3612,چقابل,217199,6
76679,3612,دهریز,217202,6
76680,3612,رضااباد,217203,6
76681,3612,شب ماه,217204,6
76682,3612,علی آباد,217205,6
76683,3612,کمره گودرزی,217208,6
76684,3612,مگسان پایین,217212,6
76685,3612,نبی آباد,217214,6
76686,3612,فتح آباد,450305,6
76687,3612,مگسان بالا,451632,6
76688,3612,کارخانه آسفالت,815007,6
76689,3613,امیرآباد,217191,6
76690,3613,برکت آباد,217194,6
76691,3613,بندیزه,217195,6
76692,3613,توده زن,217196,6
76693,3613,چهاربره,217200,6
76694,3613,خشتیانک,217201,6
76695,3613,قایدطاهر,217206,6
76696,3613,کفشگران,217207,6
76697,3613,گلچهران,217209,6
76698,3613,مجیدآباد,217210,6
76699,3613,ملمیجان,217213,6
76700,3613,کرکیخان,217796,6
76701,3613,تکدرخت,450325,6
76702,3614,تپه مولا,208306,6
76703,3614,دره مراد,208321,6
76704,3614,اقایی,217240,6
76705,3614,بلوط بیگ,217241,6
76706,3614,جنبلاق,217244,6
76707,3614,چپدر,217245,6
76708,3614,حاجی آباد,217246,6
76709,3614,درودگران,217247,6
76710,3614,دره صیدی,217248,6
76711,3614,دره نقدی,217251,6
76712,3614,دره ویره,217252,6
76713,3614,دودانگه,217253,6
76714,3614,ده گاه,217255,6
76715,3614,زواری جان,217258,6
76716,3614,سردره سرنجه,217259,6
76717,3614,سرنجه,217260,6
76718,3614,سنگ سفید,217261,6
76719,3614,فخرآباد پایین,217262,6
76720,3614,فخر آباد بالا,217263,6
76721,3614,قپانوری,217264,6
76722,3614,قلعه جلایر,217265,6
76723,3614,قلعه محمدضیا,217267,6
76724,3614,کله,217268,6
76725,3614,کلان,217269,6
76726,3614,کوشک,217272,6
76727,3614,کهریز,217275,6
76728,3614,لتستان,217279,6
76729,3614,مرو,217281,6
76730,3614,ملک آباد,217282,6
76731,3614,سرچغا,451558,6
76732,3614,ده توشمال,451559,6
76733,3615,اقبلاغ,217689,6
76734,3615,بردبل,217690,6
76735,3615,بیچون پایین,217691,6
76736,3615,بیچون بالا,217692,6
76737,3615,چشمه,217694,6
76738,3615,دره زاغه پایین,217698,6
76739,3615,دره زاغه بالا,217699,6
76740,3615,دره ویله,217700,6
76741,3615,ده شیخان,217701,6
76742,3615,دهنو مقدسی,217702,6
76743,3615,ده کرد,217703,6
76744,3615,زینعلی,217705,6
76745,3615,زیوه,217706,6
76746,3615,سرمستی,217708,6
76747,3615,قشلاق,217712,6
76748,3615,قلعه ثمورخان,217713,6
76749,3615,قلعه میرزاعلی,217714,6
76750,3615,کبوترلان,217715,6
76751,3615,کریم آباد,217716,6
76752,3615,کشت باغ,217717,6
76753,3615,گیجالی پایین,217722,6
76754,3615,گیجالی بالا,217723,6
76755,3615,والانجرد,217726,6
76756,3615,هزارجریب,217728,6
76757,3615,هیراب,217729,6
76758,3615,سرچشمه,815463,6
76759,3616,بوریاباف,217579,6
76760,3616,کیوره,217620,6
76761,3616,وزیرآباد,217627,6
76762,3616,چنارستان,217774,6
76763,3616,حاجی آباد,217775,6
76764,3616,رضا آباد قلعه تازه,217776,6
76765,3616,زرشگه,217777,6
76766,3616,سرابپنبه,217778,6
76767,3616,شاه ویران پایین,217779,6
76768,3616,شاه ویران بالا,217780,6
76769,3616,شمس آباد,217781,6
76770,3616,شیخ میری سادات,217782,6
76771,3616,شیخ میری کلهر,217783,6
76772,3616,آییله,217786,6
76773,3616,فلک الدین,217787,6
76774,3616,فیال,217788,6
76775,3616,قلعه امیراباد,217789,6
76776,3616,قلعه حاتم,217790,6
76777,3616,قلعه نوحکیمی,217791,6
76778,3616,قلعه نوفلک الدین,217792,6
76779,3616,کارخانه حکیمی,217793,6
76780,3616,کپرگاه,217794,6
76781,3616,کرت آباد,217795,6
76782,3616,کولی در,217798,6
76783,3616,نصیرآباد,217799,6
76784,3616,والاشان,217801,6
76785,3616,ابسرده الایی,218829,6
76786,3616,بزهل,218830,6
76787,3616,پلکان پایین,218831,6
76788,3616,پلکان بالا,218832,6
76789,3616,تنگ لره,218833,6
76790,3616,چم صیدی بالا,218834,6
76791,3616,دره چپی,218835,6
76792,3616,دوران دره,218836,6
76793,3616,ده سرخه,218837,6
76794,3616,راه بند پایین,218838,6
76795,3616,راه بند بالا,218839,6
76796,3616,سواران دره پایین,218840,6
76797,3616,قلعه ابسرده,218842,6
76798,3616,مله کبود,218843,6
76799,3616,میان دره,218844,6
76800,3616,قلعه حاجی عبداله,450351,6
76801,3616,قلعه نظام آباد,450352,6
76802,3616,هنرستان فنی اسماعیل چرخکار,450353,6
76803,3616,کریم آباد,450357,6
76804,3616,دره احمد,450796,6
76805,3616,کلاته ابسرده,450797,6
76806,3616,بازگیر,450798,6
76807,3616,چم صیدی پایین,450799,6
76808,3616,داربلیه,450800,6
76809,3616,قلعه شمسی,815010,6
76810,3616,سواران دره بالا,815012,6
76811,3616,چم صیدی وسطی,815017,6
76812,3616,دانشگاه آزاد اسلامی بروجرد,815163,6
76813,3616,چنار کولیدر,815249,6
76814,3616,بهمن آباد,815511,6
76815,3616,شهرک بهاران,815512,6
76816,3617,اسدخانی,217574,6
76817,3617,رحیم آباد,217599,6
76818,3617,طبریجان,217608,6
76819,3617,تنجور,217609,6
76820,3617,قره سو,217611,6
76821,3617,قلعه نوشوکتی,217614,6
76822,3617,کاروانه,217617,6
76823,3617,کپرجودکی,217618,6
76824,3617,کیدان/چغاکری,217619,6
76825,3617,مرکز آموزش کشاورزی,217623,6
76826,3617,خایان,217696,6
76827,3617,زارم,217704,6
76828,3617,سراب زارم,217707,6
76829,3617,عباس آباد,217710,6
76830,3617,قرق,217711,6
76831,3617,کهریز,217718,6
76832,3617,گاومیرپایین,217719,6
76833,3617,گاومیربالا,217720,6
76834,3617,گوشه محسن ابن علی,217721,6
76835,3617,نلخاص پایین,217724,6
76836,3617,نلخاص بالا,217725,6
76837,3617,ولیان,217727,6
76838,3617,باده,217772,6
76839,3617,شیشه,217784,6
76840,3617,همت آباد,217803,6
76841,3617,شهرک صنعتی بروجرد,450436,6
76842,3617,پادگان مرکز مهندسی بروجرد,451600,6
76843,3617,دانشگاه آیت اله بروجردی,815397,6
76844,3617,مزرعه سبزآباد,815415,6
76845,3618,آبدر,217571,6
76846,3618,الک آباد,217575,6
76847,3618,بزازنا,217577,6
76848,3618,بسری/ بصری,217578,6
76849,3618,پاپولک,217582,6
76850,3618,تنگ محمدحاجی,217587,6
76851,3618,چگنی کش,217589,6
76852,3618,درب استانه خالدبن علی,217593,6
76853,3618,خواباد,217594,6
76854,3618,دلی آباد,217595,6
76855,3618,دیناراباد,217598,6
76856,3618,سرتپه,217603,6
76857,3618,سین آباد,217604,6
76858,3618,قلعه شکار,217613,6
76859,3618,گنجینه,217622,6
76860,3618,وجیه آباد,217626,6
76861,3618,بردبل,218968,6
76862,3618,پیرشریف,218969,6
76863,3618,خان امیر,218970,6
76864,3618,دارتوت,218971,6
76865,3618,دربند,218972,6
76866,3618,دره بیداد بالا,218973,6
76867,3618,دره بیداد پایین,218974,6
76868,3618,دره حسین,218975,6
76869,3618,دره کبود,218976,6
76870,3618,ده سرخه,218977,6
76871,3618,ده سفید,218978,6
76872,3618,سرتپه پایین,218979,6
76873,3618,سرتپه بالا,218980,6
76874,3618,عودمولا,218981,6
76875,3618,کناروند,218982,6
76876,3618,تاری آباد,450404,6
76877,3618,اسلام آباد,451010,6
76878,3618,کرکر,451011,6
76879,3618,شیروان,451570,6
76880,3618,چشمه کبود,815008,6
76881,3618,ابر اهیم آباد,815009,6
76882,3618,شهرک امام زمان (ع),815028,6
76883,3618,مزرعه کل امیر,815185,6
76884,3618,ده عباس,815268,6
76885,3619,ابریزک,216238,6
76886,3619,برآفتاب رهرو,216242,6
76887,3619,برافتاب علی عسگر,216243,6
76888,3619,برافتاب حومه,216244,6
76889,3619,بردلوسه,216246,6
76890,3619,چم اقامرده,216272,6
76891,3619,جوکارابراهیم,216273,6
76892,3619,خاجالی,216275,6
76893,3619,خرپشت‌پایین,216276,6
76894,3619,خرپشت‌بالا,216277,6
76895,3619,داروزه,216279,6
76896,3619,دره باغ گدا,216282,6
76897,3619,دره هندیان,216287,6
76898,3619,ده پر,216290,6
76899,3619,کربوستان,216312,6
76900,3619,کله‌نی‌پایین,216314,6
76901,3619,کله‌نی‌بالا,216315,6
76902,3619,کول بچان,216316,6
76903,3619,گاورسله,216322,6
76904,3619,مورازغلام,216332,6
76905,3619,مورازمحمد,216333,6
76906,3619,مورازموسی,216334,6
76907,3619,مهره نارمحمد,216336,6
76908,3619,نسار رهرو,216339,6
76909,3619,آلیربالا,218485,6
76910,3619,توت در,218508,6
76911,3619,دوسنگ,218525,6
76912,3619,سردزله,218535,6
76913,3619,گده پوک,218556,6
76914,3619,پشت کره,218676,6
76915,3619,ایستگاه چم سنگر,218679,6
76916,3619,خانگاه,218686,6
76917,3619,دره گرم,218691,6
76918,3619,روزگیره,218693,6
76919,3619,ریدر,218694,6
76920,3619,شعبان,218700,6
76921,3619,کوله خر,218703,6
76922,3619,میربهاالدین,218709,6
76923,3619,پل مامون,451029,6
76924,3619,مهربان,451033,6
76925,3619,سرکیو,451037,6
76926,3619,کولوی,451692,6
76927,3619,میدان,451715,6
76928,3619,ری رو,815081,6
76929,3619,تلاسدر,815455,6
76930,3620,اقاولی,216013,6
76931,3620,بوکدر,216020,6
76932,3620,پرت پیل,216023,6
76933,3620,پینافت,216025,6
76934,3620,سماقها,216027,6
76935,3620,جرجر,216031,6
76936,3620,چشمه پریان,216036,6
76937,3620,چشمه دره,216037,6
76938,3620,چلقادی,216040,6
76939,3620,چنار,216043,6
76940,3620,خان آباد,216045,6
76941,3620,درسون,216053,6
76942,3620,گرانه مهدی فولادوند,216102,6
76943,3620,هلاکدرابوالقاسم,216119,6
76944,3620,هلاکدرغلامرضا,216120,6
76945,3620,هلاک درخدارحم,216121,6
76946,3620,پاکبود,216250,6
76947,3620,سربندلارکه,216296,6
76948,3620,لارکه,216329,6
76949,3620,آب‌شباندر,218668,6
76950,3620,اسپی رزیل,218669,6
76951,3620,ایروه,218673,6
76952,3620,ایستگاه بیشه,218674,6
76953,3620,پسیل,218675,6
76954,3620,چل ریز,218680,6
76955,3620,چم شکر,218681,6
76956,3620,خشکی,218687,6
76957,3620,دراشگفت,218689,6
76958,3620,دره اناران,218690,6
76959,3620,ده نسار,218692,6
76960,3620,شباندر,218698,6
76961,3620,شبانکش,218699,6
76962,3620,کسمت,218702,6
76963,3620,گازه,218704,6
76964,3620,لازگیره,218706,6
76965,3620,ده سفید,450105,6
76966,3620,بازاباد,451556,6
76967,3620,تلکستان,451617,6
76968,3620,ابسرده,451626,6
76969,3620,زاغه,451633,6
76970,3621,ایستگاه کشور,218486,6
76971,3621,باغ وناب,218487,6
76972,3621,بردگر یک وارک,218491,6
76973,3621,پاپادیندارپایین,218493,6
76974,3621,پاپادینداربالا,218494,6
76975,3621,پاریاب سیدمحمد,218495,6
76976,3621,پشت پر,218497,6
76977,3621,پیراسد,218499,6
76978,3621,پیلگاه,218502,6
76979,3621,پیوست,218503,6
76980,3621,تازان,218505,6
76981,3621,تیک,218509,6
76982,3621,جازستان,218510,6
76983,3621,چنار,218511,6
76984,3621,چول,218512,6
76985,3621,خرمالگه,218517,6
76986,3621,خلکانه یک,218519,6
76987,3621,دارخاتون,218520,6
76988,3621,درکاید,218521,6
76989,3621,درویش آباد,218523,6
76990,3621,دفکاندر,218524,6
76991,3621,دوش سرخ,218526,6
76992,3621,دول کله,218527,6
76993,3621,دهگاه,218528,6
76994,3621,دیم‌رضاقلی,218530,6
76995,3621,زرده ایستگاه,218531,6
76996,3621,زرده پایین,218532,6
76997,3621,زرده دارتی,218533,6
76998,3621,سراب گر,218534,6
76999,3621,سرریگ,218536,6
77000,3621,سرکول خانی,218537,6
77001,3621,سنگتراشان,218540,6
77002,3621,سوخته زاری,218541,6
77003,3621,سوکه,218542,6
77004,3621,سیاوله,218544,6
77005,3621,شاه بزرگ,218548,6
77006,3621,تیان,218550,6
77007,3621,کل پله,218552,6
77008,3621,کلنگسر,218553,6
77009,3621,گاره,218554,6
77010,3621,لم دریش,218560,6
77011,3621,مرگ دسر,218563,6
77012,3621,مکینه حکومتی,218564,6
77013,3621,مهوک 1,218565,6
77014,3621,مینو بالا,218568,6
77015,3621,مینوپایین,218569,6
77016,3621,هلاکدر,218572,6
77017,3621,هیان,218573,6
77018,3621,یالان رز,218574,6
77019,3621,دره‌نسب,222541,6
77020,3621,کله نی,451047,6
77021,3621,پای تاف,451048,6
77022,3621,بردگرمهوک,451052,6
77023,3621,بردگرد دو وارک,451053,6
77024,3621,خانه چوبی,451056,6
77025,3621,اوشه,451693,6
77026,3621,ده ور,815099,6
77027,3621,میان‌شط,815180,6
77028,3621,پای کبود,815365,6
77029,3621,پرک,815366,6
77030,3621,تیوه بالا,815451,6
77031,3621,تیوه پایین,815452,6
77032,3621,مزرعه انارستان,815480,6
77033,3622,استربها,218670,6
77034,3622,چاله,218678,6
77035,3622,چنارشوره,218682,6
77036,3622,داودختر,218688,6
77037,3622,زنگولوار,218695,6
77038,3622,صیدنر,218701,6
77039,3622,گلسیر,218705,6
77040,3622,مالک ماری,218707,6
77041,3622,مهره زار,218708,6
77042,3622,نوده,218710,6
77043,3622,نجف آباد,218758,6
77044,3622,بنگ پیله,218759,6
77045,3622,پاریاب گز,218760,6
77046,3622,پاسور,218761,6
77047,3622,پری مرده بالا,218763,6
77048,3622,ترس,218765,6
77049,3622,چشمه کره,218766,6
77050,3622,چنارگریت,218767,6
77051,3622,چوب ارجنه,218768,6
77052,3622,درخت سفید(دارهوا),218770,6
77053,3622,رج آباد,218771,6
77054,3622,زالیاب,218772,6
77055,3622,سراب‌جلدان,218773,6
77056,3622,سرکانه عباس آباد,218774,6
77057,3622,شهباز,218775,6
77058,3622,عالیخان,218776,6
77059,3622,قلعه خانجان,218777,6
77060,3622,قلعه میرعلی,218778,6
77061,3622,مونک,218780,6
77062,3622,نای انگیز,218781,6
77063,3622,هنام,218783,6
77064,3622,چشمه نصیر,451025,6
77065,3622,مزرعه چشمه عیسی,815134,6
77066,3622,مزرعه یعقوب پور,815387,6
77067,3622,مزرعه ناصری,815454,6
77068,3622,مزرعه سراب سنگی,815458,6
77069,3622,شوره,815501,6
77070,3622,هنام2,815504,6
77071,3623,اوسه امیدعلی,216241,6
77072,3623,پاره اله,216247,6
77073,3623,پشت مورت,216252,6
77074,3623,پلنگ کوه,216253,6
77075,3623,پلنک کوه سلطان محمد,216254,6
77076,3623,توت چهره,216259,6
77077,3623,جوکار,216264,6
77078,3623,چل دوگونه,216269,6
77079,3623,سرتنگ لیشن,216270,6
77080,3623,دراشگفت لیشن,216281,6
77081,3623,دره باغ,216284,6
77082,3623,روبات,216292,6
77083,3623,روزمیانکی,216293,6
77084,3623,سرکوه,216302,6
77085,3623,سه گرده,216307,6
77086,3623,زیرکول,216317,6
77087,3623,کیگه لیشن,216320,6
77088,3623,لات کوهی,216328,6
77089,3623,مهتر,216338,6
77090,3623,باویز,218488,6
77091,3623,بردستمال,218489,6
77092,3623,پشت قلا,218498,6
77093,3623,تروه,218506,6
77094,3623,ایستگاه تنگ هفت,218507,6
77095,3623,خارستان,218516,6
77096,3623,درکول,218522,6
77097,3623,سرور,218539,6
77098,3623,سه کلاه,218543,6
77099,3623,سیرم,218545,6
77100,3623,سیرم‌پایین,218546,6
77101,3623,سیرم بالا,218547,6
77102,3623,صالح حمید,218549,6
77103,3623,کل اب تی,218551,6
77104,3623,گاورزکار,218555,6
77105,3623,گره,218557,6
77106,3623,للری دو,218558,6
77107,3623,للری یک,218559,6
77108,3623,لون,218561,6
77109,3623,محمدکل,218562,6
77110,3623,ناوه پایین,218570,6
77111,3623,ویدر,218571,6
77112,3623,گواب,280053,6
77113,3623,پیل بردی,451038,6
77114,3623,سرکول,451039,6
77115,3623,ایلر,451040,6
77116,3623,کول گل,451041,6
77117,3623,ناوه بالا,451043,6
77118,3623,کول پیر,451044,6
77119,3623,مریژلان,451045,6
77120,3623,دیم,451046,6
77121,3623,تنگ پنج,815367,6
77122,3624,باقلاکوه,218900,6
77123,3624,بن زرده,218901,6
77124,3624,پاراپونه,218902,6
77125,3624,پشت مله,218903,6
77126,3624,چاسونی,218904,6
77127,3624,چرخستانه,218905,6
77128,3624,چغابل,218906,6
77129,3624,خسروخانی,218907,6
77130,3624,خمسیانه بالا,218908,6
77131,3624,دره‌بسرپایین,218909,6
77132,3624,دره‌بسربالا,218910,6
77133,3624,دره بیژن پایین,218911,6
77134,3624,دره‌بیژن‌بالا,218912,6
77135,3624,دره ساکی,218913,6
77136,3624,دهنو نجف قلی,218914,6
77137,3624,زرین جو,218915,6
77138,3624,سراب سبز,218916,6
77139,3624,سراب‌علینقی,218917,6
77140,3624,سرابگنجعلی,218918,6
77141,3624,سیاه گل,218919,6
77142,3624,سیاه‌گل‌شاه‌عباس,218920,6
77143,3624,سیل گرگی,218921,6
77144,3624,شاهرضا,218922,6
77145,3624,شرفبگ,218923,6
77146,3624,قلعه رحیم,218924,6
77147,3624,قلعه قنبر,218925,6
77148,3624,قلعه منصور,218926,6
77149,3624,قنات کاسیان,218927,6
77150,3624,کاسیان‌رستم‌خانی,218928,6
77151,3624,قلعه کاسیان,218929,6
77152,3624,کله‌جو,218930,6
77153,3624,گرزکل,218931,6
77154,3624,کله‌جوماهرخی,218932,6
77155,3624,هرکوه,218933,6
77156,3624,حاجی آباد,219010,6
77157,3624,سراب الیاس,219014,6
77158,3624,سراب داراب,219015,6
77159,3624,سراب دارایی,219016,6
77160,3624,سراب ملاقربانی,219017,6
77161,3624,سیاه چل,219019,6
77162,3624,سیل ملاقربانی,219020,6
77163,3624,سیل نظر,219021,6
77164,3624,کله‌جوب‌جاجیعلی,219023,6
77165,3624,گولاب وسطی,219026,6
77166,3624,گولاب پایین,219027,6
77167,3624,گولاب بالا,219028,6
77168,3624,مختوایی,219029,6
77169,3624,ملاقربانی,219030,6
77170,3624,موسیوند,219031,6
77171,3624,وروندی بزرگ,219032,6
77172,3624,وروندی کوچک,219033,6
77173,3624,سرگول نمک,220657,6
77174,3624,نمکلان پایین,220681,6
77175,3624,نمکلان بالا,220682,6
77176,3624,طهماسبی,450807,6
77177,3624,بندجوب یک,450811,6
77178,3624,بندجوب دو,450812,6
77179,3624,ایاز آباد,450815,6
77180,3624,ماهرخی,450817,6
77181,3624,خمسیانه ریش سفید,450818,6
77182,3624,شیرزاداباد,450819,6
77183,3624,خمسیانه‌موسیآباد,450822,6
77184,3624,خمسیانه پایین,450823,6
77185,3624,سوکی بالا,450824,6
77186,3624,سراب‌شیخ‌موسی,450825,6
77187,3624,دره بیژن وسطی,451733,6
77188,3624,محمود آباد,815083,6
77189,3624,سراب موسی,815085,6
77190,3624,مزرعه بهادر آباد,815230,6
77191,3624,چشمه کهزاد,815270,6
77192,3624,رستم آباد جمشیدی,815363,6
77193,3624,اسلام آباد برگ بیدی,815364,6
77194,3624,دهنو سوکی,815389,6
77195,3625,تپه شیرخان,218865,6
77196,3625,توییشکه,218866,6
77197,3625,خراشگفت,218867,6
77198,3625,ده رکسان,218868,6
77199,3625,خشکه رود,218869,6
77200,3625,سراب میربگ,218870,6
77201,3625,سراب‌کمره,218871,6
77202,3625,سراب نرم,218872,6
77203,3625,سراب نورکه,218873,6
77204,3625,شاه جمشیدی,218874,6
77205,3625,کاروانسرای پایین,218875,6
77206,3625,کاروانسرایبالا,218876,6
77207,3625,کبوده حسن آباد,218877,6
77208,3625,کلک,218878,6
77209,3625,مله تخت,218879,6
77210,3625,گردکانه,218880,6
77211,3625,بیدهل,219003,6
77212,3625,پیرماهی,219004,6
77213,3625,پیرمراد,219005,6
77214,3625,تپه گجی,219006,6
77215,3625,چغابل,219008,6
77216,3625,جولاکمر,219009,6
77217,3625,داربلوط پایین,219011,6
77218,3625,داربلوط‌بالا,219012,6
77219,3625,سراب ملکی,219018,6
77220,3625,کرنوکر,219022,6
77221,3625,گلم کبود,219024,6
77222,3625,گل زرد,219025,6
77223,3625,ملکه,450793,6
77224,3625,صیدعباس گل زرد,450802,6
77225,3625,چناررازباشی,450804,6
77226,3625,بوگنه رازباشی,450805,6
77227,3625,داربررازباشی,450806,6
77228,3625,حیدر آباد,815014,6
77229,3625,صمد آباد,815164,6
77230,3626,رنگرزان پایین,219664,6
77231,3626,صفرآباد,219674,6
77232,3626,آب کت,219747,6
77233,3626,رازان,219749,6
77234,3626,سرگرفته پایین,219750,6
77235,3626,سرگرفته بالا,219751,6
77236,3626,عسگرآباد,219752,6
77237,3626,قلعه آب کت,219753,6
77238,3626,کریم‌آباد,219754,6
77239,3626,مله سرخه,219755,6
77240,3626,میراحمدی,219756,6
77241,3626,باغ پشم,219780,6
77242,3626,عیوشان سیل,219793,6
77243,3626,یارعلی,219802,6
77244,3626,راهدارخانه رازان,451625,6
77245,3626,میرکه بالا,815486,6
77246,3627,امیرآباد,219513,6
77247,3627,باده,219517,6
77248,3627,بردکر,219518,6
77249,3627,برد کرپایین,219519,6
77250,3627,تقی آباد,219521,6
77251,3627,جمشیدابادحیدر,219523,6
77252,3627,جمشیدابادمیرزا,219524,6
77253,3627,خره سیاه,219531,6
77254,3627,طالقان,219533,6
77255,3627,ده سفید پایین,219534,6
77256,3627,ده‌سفید بالا,219536,6
77257,3627,ده سفیدوسطی,219537,6
77258,3627,ریگ سفید,219541,6
77259,3627,زردآباد,219542,6
77260,3627,سراب کیان,219544,6
77261,3627,سیرک,219548,6
77262,3627,شیرخانی,219550,6
77263,3627,فتح آباد,219553,6
77264,3627,کوه مینه,219557,6
77265,3627,کولاگه,219558,6
77266,3627,کیان بر آفتاب,219559,6
77267,3627,کیان‌نسار,219561,6
77268,3627,گرمابله پایین,219563,6
77269,3627,گرمابله بالا,219564,6
77270,3627,گیرچان,219565,6
77271,3627,محمدآباد,219569,6
77272,3627,ملک آباد,219570,6
77273,3627,میان گران,219571,6
77274,3627,میل میلک,219572,6
77275,3627,هادی آباد,219574,6
77276,3627,تاجوی‌پایین,219644,6
77277,3627,تاجویبالا,219645,6
77278,3627,تاجوی وسطی,219646,6
77279,3627,جونو,219649,6
77280,3627,قلعه جهانبخش,219650,6
77281,3627,دره بهزادخان,219657,6
77282,3627,دره زرین عباس آباد,219659,6
77283,3627,دهنو,219663,6
77284,3627,سیل کبود,219672,6
77285,3627,شاه قلی,219673,6
77286,3627,علی آبادپرسانه,219675,6
77287,3627,فره کش‌پایین,219676,6
77288,3627,فره کش سیدجواد,219677,6
77289,3627,فره کش بالا سادات,219678,6
77290,3627,قلعه حاجی رحمت اله,219679,6
77291,3627,قلعه علی,219681,6
77292,3627,کبودلر,219683,6
77293,3627,قلعه آسا,219688,6
77294,3627,میراحمدی,219689,6
77295,3627,چشمه علی,280074,6
77296,3627,سراب مستان,280075,6
77297,3627,گاورسله,280076,6
77298,3627,راهدارخانه اداره راه لرستان,450991,6
77299,3627,غیبی,451589,6
77300,3627,مزرعه شمس,815128,6
77301,3627,پمپ بنزین ومجتمع خدمات رفاهی,815165,6
77302,3627,مزرعه حسین جان,815414,6
77303,3627,مزرعه سراب بردین حیدر,815453,6
77304,3627,مزرعه داربلوط بیرانوند,815456,6
77305,3627,قلی آباد,815470,6
77306,3627,تاجوی چشمه سفلی,815487,6
77307,3627,قلعه خارا,815508,6
77308,3628,اسلام آباد پایین,219640,6
77309,3628,ایوانی,219641,6
77310,3628,بید گیجه‌یک,219642,6
77311,3628,چغلوندرودبالا,219651,6
77312,3628,خرسدر,219652,6
77313,3628,خرسدردره دیمه,219653,6
77314,3628,خلج دره,219654,6
77315,3628,خلیلان‌پایین,219655,6
77316,3628,خلیلان بالا,219656,6
77317,3628,دره عباس,219658,6
77318,3628,دولیسکان پایین,219660,6
77319,3628,دولیسکان‌بالا,219661,6
77320,3628,دهنو,219662,6
77321,3628,رنگرزان بالا,219665,6
77322,3628,رنگرزان وسطی,219666,6
77323,3628,زرین آباد,219668,6
77324,3628,سرتنگ بیدگیجه,219669,6
77325,3628,پل هرو / سیاه گوشی,219670,6
77326,3628,سیل رضا,219671,6
77327,3628,قلعه هادی چکمه سیاه,219682,6
77328,3628,کله‌جوب‌پایین,219684,6
77329,3628,کله جوب,219685,6
77330,3628,کی کمدر,219686,6
77331,3628,گاومیر,219687,6
77332,3628,نورآباد ایوانی,219690,6
77333,3628,نوماله,219691,6
77334,3628,هفت‌چشمه,219692,6
77335,3628,ایناتان,219778,6
77336,3628,باغ,219779,6
77337,3628,تنگ غوره,219781,6
77338,3628,حاجتان,219784,6
77339,3628,سراب بردین,219788,6
77340,3628,سیدعلی محمد,219790,6
77341,3628,علی آباد,219791,6
77342,3628,بگ رضا,219792,6
77343,3628,ایوشان گلستان,219794,6
77344,3628,قبررمضان,219795,6
77345,3628,گل دره,219798,6
77346,3628,گلم سبز,219799,6
77347,3628,ورکمره,219801,6
77348,3628,بیدگیجه دو,280077,6
77349,3628,اسلام‌آبادبالا,451000,6
77350,3628,چغلوندرودپایین,451003,6
77351,3628,چشمه لیلی,451004,6
77352,3628,تلمبه خانه رازان,451565,6
77353,3628,قلعه دوستی,451627,6
77354,3628,سیل کریم,451712,6
77355,3628,چشمه دره,451713,6
77356,3628,یک برجی,451714,6
77357,3628,نوماله پایین,815091,6
77358,3628,پاتپه ایوانی,815242,6
77359,3628,جهانگیرآباد,815269,6
77360,3628,دولیسکان وسطی,815361,6
77361,3628,رنگرزان شرکت نفت,815424,6
77362,3629,احمدآباد,219510,6
77363,3629,ایمان آباد,219511,6
77364,3629,اکبرآباد,219512,6
77365,3629,پیره آباد,219520,6
77366,3629,جعفرآباد,219522,6
77367,3629,جهان آباد,219525,6
77368,3629,جهانگیرآباد,219526,6
77369,3629,حسن آباد,219528,6
77370,3629,حسن آبادگیلاوند,219529,6
77371,3629,حیدرآباد,219530,6
77372,3629,دهنو,219538,6
77373,3629,گسه آباد,219539,6
77374,3629,رضااباد,219540,6
77375,3629,سردارآباد,219545,6
77376,3629,سیدحسن,219546,6
77377,3629,سیدزیبامحمد,219547,6
77378,3629,سیف آباد,219549,6
77379,3629,علی آباد,219551,6
77380,3629,علی آبادپیامنی,219552,6
77381,3629,قلعه شیخ,219554,6
77382,3629,کریم آباد,219555,6
77383,3629,کنگرزرد,219556,6
77384,3629,گیلاوند,219566,6
77385,3629,ابول آبادگیلاوند,219567,6
77386,3629,دره دراز,220638,6
77387,3629,سراب سوری,220652,6
77388,3629,علی آباد,220660,6
77389,3629,گندابه,220674,6
77390,3629,درویش آباد,450988,6
77391,3629,حیدرکر,451578,6
77392,3629,سادات آباد,815015,6
77393,3629,مغلان,815382,6
77394,3629,وزله,815383,6
77395,3629,مزرعه سراب بردین,815432,6
77396,3629,مزرعه نیکزاد,815479,6
77397,3630,بابامحمودپایین,219514,6
77398,3630,بابامحمودبالا,219515,6
77399,3630,بابامحمودوسطی,219516,6
77400,3630,بنه سره,220623,6
77401,3630,چاله کمالوند,220629,6
77402,3630,حسن آبادکمالوند,220633,6
77403,3630,دربند کمالوند,220635,6
77404,3630,دولتشاهی,220645,6
77405,3630,دهنو,220647,6
77406,3630,زاهدشیر,220649,6
77407,3630,سراب پرده,220650,6
77408,3630,سراب پرده چاهی,220651,6
77409,3630,شکراباد,220658,6
77410,3630,علی آبادچاهی,220661,6
77411,3630,قنات آباد,220662,6
77412,3630,کرگانه,220663,6
77413,3630,هفت چشمه کمالوند,220664,6
77414,3630,کمالوندغلامعلی,220666,6
77415,3630,کمالوند محمد حسن پروانه,220669,6
77416,3630,کهریزجدید,220671,6
77417,3630,کهریز,220672,6
77418,3630,گیرچان,220675,6
77419,3630,مدبه,220676,6
77420,3630,ملک آباد,220677,6
77421,3630,مهدی آباد,220678,6
77422,3630,ارامگاه سربازگمنام,450961,6
77423,3630,مزرعه قاضی,450964,6
77424,3630,سرچشمه کمالوند,451687,6
77425,3630,محمد آباد کمالوند,451691,6
77426,3630,مجتمع تجاری امام رضا وپمپ بنزین,815166,6
77427,3630,شهرک خدماتی زاگرس,815171,6
77428,3630,پاسگاه انتظامی شهیدما سور ی,815181,6
77429,3630,شهرک صنوف قاضی,815261,6
77430,3630,کاسیت,815271,6
77431,3630,دانشگاه لرستان,815399,6
77432,3630,دانشگاه علوم پزشکی,815400,6
77433,3630,مزرعه رشید آباد,815417,6
77434,3631,اسکین پایین,220618,6
77435,3631,اسکین بالا,220619,6
77436,3631,بادیه دو,220620,6
77437,3631,بادیه سه,220621,6
77438,3631,بادیه یک,220622,6
77439,3631,تجره سراب سادات,220624,6
77440,3631,تجره سادات,220625,6
77441,3631,تجره گله دار,220626,6
77442,3631,تکانه,220627,6
77443,3631,تنگ نمک,220628,6
77444,3631,چشمه پاپی,220630,6
77445,3631,چشمه نقره,220632,6
77446,3631,خانجان خانی,220634,6
77447,3631,دراشکفت,220637,6
77448,3631,دره دزدان,220639,6
77449,3631,دره‌ساکی‌پایین,220640,6
77450,3631,دره‌ساکیبالا,220641,6
77451,3631,دره قاسمعلی,220642,6
77452,3631,دلی زالبگ,220643,6
77453,3631,دمگر,220644,6
77454,3631,ده نوروز,220646,6
77455,3631,ریگ سفید,220648,6
77456,3631,سر آستان یک,220656,6
77457,3631,شیخ حیدر,220659,6
77458,3631,کمره,220670,6
77459,3631,گراب,220673,6
77460,3631,مهرعلی خانی,220679,6
77461,3631,میرآباد,220680,6
77462,3631,وره زردی,220683,6
77463,3631,هوکی,220684,6
77464,3631,هولاندشت,220685,6
77465,3631,مزرعه رشنو,450966,6
77466,3631,محمودوند,451624,6
77467,3631,محمد آباد,815265,6
77468,3632,هسکوهان,217924,6
77469,3632,ازادخانی,220754,6
77470,3632,انجیررشه,220756,6
77471,3632,باغ‌دایی پایین,220757,6
77472,3632,باغ‌دایی بالا,220758,6
77473,3632,برآفتاب‌چنار,220759,6
77474,3632,بهرام جو,220760,6
77475,3632,پاپیخالدارپایین,220761,6
77476,3632,پاپیخالداربالا,220762,6
77477,3632,پل هوا,220763,6
77478,3632,پیرحیاتی,220764,6
77479,3632,پینه کوه,220765,6
77480,3632,تنگ حسن,220766,6
77481,3632,پیرجد,220767,6
77482,3632,تنگ‌شبیخون,220768,6
77483,3632,چم چقال پایین,220769,6
77484,3632,چم چقال بالا,220770,6
77485,3632,چشمه چراغعلی,220771,6
77486,3632,چنارحمام,220772,6
77487,3632,دارحوض,220773,6
77488,3632,دولت آباد,220776,6
77489,3632,رباط نمکی,220778,6
77490,3632,رحمان آباد,220779,6
77491,3632,زرین چغاپایین,220780,6
77492,3632,زرین‌چغابالا,220781,6
77493,3632,سراببردین,220782,6
77494,3632,سراب تلخ,220783,6
77495,3632,سراب رباط,220784,6
77496,3632,سرمرغ پایین,220785,6
77497,3632,سرمرغ‌بالا,220786,6
77498,3632,شبیخون‌مله‌سرخه,220787,6
77499,3632,شجاع‌آباد,220788,6
77500,3632,قاسم‌آباد,220790,6
77501,3632,قلعه جغد,220791,6
77502,3632,قلعه سنگی,220792,6
77503,3632,کله جو,220793,6
77504,3632,گزله,220794,6
77505,3632,گندابه,220795,6
77506,3632,مریدآباد,220796,6
77507,3632,آبتاف,220840,6
77508,3632,برالیکه,220841,6
77509,3632,پشت مله,220842,6
77510,3632,چشمه بید,220843,6
77511,3632,خلیل آباد,220844,6
77512,3632,ریگ سفید,220845,6
77513,3632,سیل‌میش‌پایین,220846,6
77514,3632,سیل‌میش بالا,220847,6
77515,3632,ریمله,220848,6
77516,3632,قلعه نو,220849,6
77517,3632,زرین‌چغاشهید جابری,450884,6
77518,3632,بردبل,450889,6
77519,3632,نیله,450891,6
77520,3632,باستانه,815189,6
77521,3632,مزرعه محمدی,815233,6
77522,3632,مزرعه پشت باغ رباط,815246,6
77523,3632,پادگان حمزه,815360,6
77524,3632,سعید آباد,815376,6
77525,3632,مزرعه دره باغ ریمله,815419,6
77526,3632,فرهمند,815467,6
77527,3633,عسگر آباد,219392,6
77528,3633,چغاخندق,219401,6
77529,3633,چغاهروشی,219402,6
77530,3633,سراب چنگایی,219406,6
77531,3633,دارتی,219407,6
77532,3633,سرزنگوله,219416,6
77533,3633,سرخه لیزه,219422,6
77534,3633,سرهلت,219423,6
77535,3633,شهرک باباعباس/شهرک شهید بهشتی,219425,6
77536,3633,شهرک شرکت سهامی زراعی,219426,6
77537,3633,کاوه کالی,219432,6
77538,3633,گیلوران بالا,219433,6
77539,3633,گیلوران پایین,219434,6
77540,3633,اناردربالا,222505,6
77541,3633,اناردرپایین,222506,6
77542,3633,بدرآباد پایین,222508,6
77543,3633,بهرامی,222509,6
77544,3633,تلوریپایین,222522,6
77545,3633,تلوریبالا,222523,6
77546,3633,تیربازار,222525,6
77547,3633,پشته جزایری,222528,6
77548,3633,چم انجیر,222529,6
77549,3633,چم قرق,222530,6
77550,3633,چناربگالی,222534,6
77551,3633,حسن آباد,222538,6
77552,3633,دستبزانو,222542,6
77553,3633,ده محسن,222546,6
77554,3633,سرابیاس,222553,6
77555,3633,سرطاق,222558,6
77556,3633,سهیل بیگی,222560,6
77557,3633,گوشه شهنشاه/گوشه طالقانی,222563,6
77558,3633,صبور,222564,6
77559,3633,عربان,222566,6
77560,3633,علی محمدبیگی,222567,6
77561,3633,گریسان,222571,6
77562,3633,میان گلال,222574,6
77563,3633,وره ده,222577,6
77564,3633,پادگان بدراباد,222581,6
77565,3633,قلعه علی مراد خان,222672,6
77566,3633,گره بید,222675,6
77567,3633,سرچک داداباد,222681,6
77568,3633,مشهدی جوزی,222694,6
77569,3633,ملیم دول,222695,6
77570,3633,شهرک صنعتی یک,450916,6
77571,3633,پمپ بنزین و تاسیسات شرکت نفت,450917,6
77572,3633,دانشکده کشاورزی,450927,6
77573,3633,هلکان,450935,6
77574,3633,توه تنگه/ میر کوچکعلی داد آباد,451061,6
77575,3633,خانه های سازمانی باباعباس,451595,6
77576,3633,چشمه برد/نورآباد,451683,6
77577,3633,ندامتگاه پارسیلون,451684,6
77578,3633,فرودگاه خرم آباد,451685,6
77579,3633,حاج خدیجه,451688,6
77580,3633,مجتمع مسکونی تیپ 57 حضرت ابوالفضل,451695,6
77581,3633,تصفیه خانه فاضلاب خرم آباد,815175,6
77582,3633,باغ زیتون ارتش,815178,6
77583,3633,مجتمع پتروشیمی لرستان,815179,6
77584,3633,شهرک صنعتی 2,815182,6
77585,3633,کارخانه یخچال سازی بوژان,815183,6
77586,3633,باغ نو,815187,6
77587,3633,مزرعه آزادی,815231,6
77588,3633,آب بید,815468,6
77589,3634,دراشگفت,218450,6
77590,3634,پیرجدپایین,218501,6
77591,3634,انگزروستای شهیدرحیمی,222507,6
77592,3634,بلیلوند,222510,6
77593,3634,بهرام کش میرزا,222511,6
77594,3634,پله باباحسین,222516,6
77595,3634,تنگ بهرام کش,222524,6
77596,3634,چشمه سرخه,222531,6
77597,3634,چنارخیری,222535,6
77598,3634,چوب تراش,222536,6
77599,3634,چهزال,222537,6
77600,3634,خارزارابی,222539,6
77601,3634,دارایی,222540,6
77602,3634,ده باقر,222543,6
77603,3634,دیناروندپایین,222549,6
77604,3634,دیناروندبالا,222550,6
77605,3634,سالی بزرگ,222551,6
77606,3634,سالی کوچک,222552,6
77607,3634,سرپله باباحسین,222554,6
77608,3634,سرپله نودار,222555,6
77609,3634,سرخه‌ده‌پایین,222556,6
77610,3634,سرخه‌ده بالا,222557,6
77611,3634,کال والی خانی,222569,6
77612,3634,گیرج گرده,222572,6
77613,3634,ناصروند,222575,6
77614,3634,ونایی پایین,222578,6
77615,3634,ونایی بالا,222579,6
77616,3634,خانه های سازمانی شرکت پارسیلون,450936,6
77617,3634,خارزاردیم,450946,6
77618,3634,تلمبه خانه پل باباحسین,451579,6
77619,3634,شهرک سنگ,451694,6
77620,3634,شرکت پارسیلون,815167,6
77621,3634,ندامتگاه مرکزی خرم آباد,815449,6
77622,3634,پادگان شهید بهشتی,815450,6
77623,3635,آب چنار,218435,6
77624,3635,بنارکبود,218438,6
77625,3635,پاتخت دو,218439,6
77626,3635,پاتخت یک,218440,6
77627,3635,پاقلعه,218441,6
77628,3635,پنک آباد,218442,6
77629,3635,تپه دار,218443,6
77630,3635,چاه رضا,218444,6
77631,3635,چشمه طلا,218445,6
77632,3635,چشمه علی,218446,6
77633,3635,چم باغ,218447,6
77634,3635,چنارخشکه,218448,6
77635,3635,چنارکل,218449,6
77636,3635,ده سفیدکریم,218451,6
77637,3635,ده نو,218452,6
77638,3635,قلی آباد,218453,6
77639,3635,کن کبود,218454,6
77640,3635,کورابه,218455,6
77641,3635,گری سراب,218456,6
77642,3635,نجف آباد,218457,6
77643,3635,نوش آباد,218458,6
77644,3635,مزرعه اب بید,218483,6
77645,3635,ابدیفه,218484,6
77646,3635,پیرجد,218500,6
77647,3635,مزرعه چهارشاخ,218513,6
77648,3635,دهنوپیرجد,218529,6
77649,3635,سرنجه,218538,6
77650,3635,پشت تپه,222512,6
77651,3635,پیرمحمدباباحسین,222517,6
77652,3635,پیرمحمدسیداسداله,222518,6
77653,3635,پیرمحمدشاه مهدی,222519,6
77654,3635,پیرمحمدمیرحسین,222520,6
77655,3635,چشمه گل,222533,6
77656,3635,قلعه گل,222568,6
77657,3635,گاراژ,222570,6
77658,3635,پاتخت سه,451058,6
77659,3635,پرین گلاکو,451638,6
77660,3635,نصیرآباد,815092,6
77661,3635,پاسگاه انتظامی کاکاشرف,815428,6
77662,3635,هزارگری,815499,6
77663,3636,اسداباد,221751,6
77664,3636,آقامیر,221752,6
77665,3636,پایین آب بالا,221764,6
77666,3636,پایین آب پایین,221765,6
77667,3636,پشت‌مله‌یکشنبه,221766,6
77668,3636,پارچه بلوط,221771,6
77669,3636,گل زرد / تازه آباد بهرام,221772,6
77670,3636,ترازک‌بالا,221773,6
77671,3636,ترازک‌پایین,221774,6
77672,3636,تلیاب,221776,6
77673,3636,جعفرآباد بالا,221779,6
77674,3636,جمشیدآباد,221781,6
77675,3636,چشمه حاجی محمد,221789,6
77676,3636,چشمه‌سفید پایین,221791,6
77677,3636,چشمه‌سفید بالا,221792,6
77678,3636,چشمه شفیع,221793,6
77679,3636,چشمه کوه حسین آباد,221795,6
77680,3636,چفته دره پایین,221799,6
77681,3636,چفته دره بالا,221800,6
77682,3636,چفته دره وسطی,221801,6
77683,3636,چمن زرسکه,221804,6
77684,3636,چمن بوله,221805,6
77685,3636,چمن جافربیگ,221806,6
77686,3636,جوجار,221807,6
77687,3636,چهارافشارپایین,221808,6
77688,3636,چهارافشار بالا,221809,6
77689,3636,حاجی آباد,221813,6
77690,3636,حسین آباد,221814,6
77691,3636,حسین آباد بالا,221816,6
77692,3636,حسین آباد پایین,221817,6
77693,3636,حسین خان,221819,6
77694,3636,حشمت آباد,221820,6
77695,3636,دار امرود,221828,6
77696,3636,پشت تنگ دروزنه,221832,6
77697,3636,دم چک,221836,6
77698,3636,دوداره,221837,6
77699,3636,دهوند,221839,6
77700,3636,رضاآباد,221840,6
77701,3636,رضاخان,221841,6
77702,3636,زرده سوار,221844,6
77703,3636,زرسکه چمن آباد,221845,6
77704,3636,زرگران,221846,6
77705,3636,سلطان آباد,221853,6
77706,3636,سنگ سیاه,221854,6
77707,3636,سیرکانه,221855,6
77708,3636,سیل‌چشمه‌پایین,221856,6
77709,3636,شاه ولی,221858,6
77710,3636,عشق آباد,221864,6
77711,3636,فرخ آباد بالا,221867,6
77712,3636,فرضا,221868,6
77713,3636,قاضی خانی,221869,6
77714,3636,کاوه بالا,221872,6
77715,3636,کاوه پایین,221873,6
77716,3636,کاوه بالا / ده سفید,221874,6
77717,3636,کاوه وسطی,221875,6
77718,3636,کاهریز,221876,6
77719,3636,کلاش گران,221878,6
77720,3636,گرچکه,221889,6
77721,3636,گرگه,221890,6
77722,3636,گشور امید آباد,221893,6
77723,3636,گشورعلی آباد,221894,6
77724,3636,گشورامیراباد,221895,6
77725,3636,گلستانه,221896,6
77726,3636,گلگین,221897,6
77727,3636,گله ویس,221898,6
77728,3636,مرده شور پشت تنگ,221906,6
77729,3636,مله‌کبودپایین,221907,6
77730,3636,مله‌کبود بالا,221908,6
77731,3636,معموله,221910,6
77732,3636,مومن آباد,221911,6
77733,3636,مهدی آباد,221912,6
77734,3636,مهر آباد,221913,6
77735,3636,میان‌تنگ‌پایین,221914,6
77736,3636,میان‌تنگ‌بالا,221915,6
77737,3636,میان چقا,221916,6
77738,3636,میرمالگه,221918,6
77739,3636,ورمله,221921,6
77740,3636,هزارخانی,221922,6
77741,3636,هفت چشمه غلام آباد,221924,6
77742,3636,یارآباد,221925,6
77743,3636,علی آباد یه رزگی,221927,6
77744,3636,چشمه کبود,451219,6
77745,3636,ونو / جعفرآباد,451221,6
77746,3636,علی آباد پشته وار,451222,6
77747,3636,سیل‌چشمه بالا,451223,6
77748,3636,گشورقلعه محمد,451224,6
77749,3636,حسین علی آباد,451225,6
77750,3636,فرخ آباد پایین,451603,6
77751,3636,سنجدان,815111,6
77752,3636,حاجی آباد جدید,815112,6
77753,3636,پاسگاه انتظامی کاکاوند غربی,815115,6
77754,3636,گشور بالا,815236,6
77755,3636,کاوه پایین,815353,6
77756,3636,گل بسر,815357,6
77757,3636,برآفتاب کرمی,815435,6
77758,3636,مزرعه ابراهیم خانی,815494,6
77759,3636,جعفر آباد پایین,815513,6
77760,3637,گلدره,221512,6
77761,3637,اسدآباد,221750,6
77762,3637,الماس آباد,221753,6
77763,3637,ایرانشاه,221756,6
77764,3637,باغ کره,221757,6
77765,3637,خاکی برانازار,221758,6
77766,3637,بن جوفیضی,221759,6
77767,3637,بوربور پایین,221760,6
77768,3637,بوربوربالا,221761,6
77769,3637,بوربوروسطی,221762,6
77770,3637,پاروزن,221763,6
77771,3637,بشته وار,221767,6
77772,3637,ترک آویز,221775,6
77773,3637,تودار,221777,6
77774,3637,جاروسان,221778,6
77775,3637,چالاب,221784,6
77776,3637,چم انجیر,221785,6
77777,3637,چم قلاته,221786,6
77778,3637,چراغ آباد چم‌نوس,221788,6
77779,3637,چشمه خانی,221790,6
77780,3637,چشمه کیزاب بالا,221797,6
77781,3637,چشمه کیزاب پایین,221798,6
77782,3637,چیاملک,221810,6
77783,3637,چینه وار,221811,6
77784,3637,خاکی پایین,221823,6
77785,3637,خاکی بالا,221824,6
77786,3637,خاکی وسطی,221825,6
77787,3637,کنک سرخ داراب پیر,221827,6
77788,3637,دانه میسی,221830,6
77789,3637,درکه نورمراد,221831,6
77790,3637,دره حیشه,221833,6
77791,3637,دره خانگه,221834,6
77792,3637,دره خدامراد,221835,6
77793,3637,ده گرزه,221838,6
77794,3637,زچ,221843,6
77795,3637,زیرکمره,221848,6
77796,3637,سردشت,221849,6
77797,3637,سرکمره,221850,6
77798,3637,سرگیجه,221851,6
77799,3637,سرمه,221852,6
77800,3637,سیل خانعلی,221857,6
77801,3637,شرف آبادبالا,221859,6
77802,3637,شرف آبادپایین,221860,6
77803,3637,شورزه,221862,6
77804,3637,طارم,221863,6
77805,3637,کره گه بالا,221877,6
77806,3637,کنک سرخ عظیم خان,221884,6
77807,3637,کنوله بالا,221885,6
77808,3637,کنوله پایین,221886,6
77809,3637,گاو میر بالا,221888,6
77810,3637,گرمابه محمدعلی,221891,6
77811,3637,گرهیمگه,221892,6
77812,3637,گور محمد ولی,221899,6
77813,3637,گویژه بالا,221900,6
77814,3637,گویژه پایین,221901,6
77815,3637,مامو,221903,6
77816,3637,ماموبالا,221904,6
77817,3637,مجشتی,221905,6
77818,3637,مل هوعظیم خان,221909,6
77819,3637,میشه کشه,221919,6
77820,3637,سیالیا,451226,6
77821,3637,خاکیپیزول‌مالگه,451227,6
77822,3637,گرمابه مکاییل,451230,6
77823,3637,چنارهیل,451231,6
77824,3637,سه گر,451232,6
77825,3637,سرچال,451233,6
77826,3637,امامزاده باولین,451707,6
77827,3637,هویان,451728,6
77828,3637,سرگویژه,815135,6
77829,3637,کره گه پایین,815136,6
77830,3638,خاتون آباد,221456,6
77831,3638,خان آباد,221457,6
77832,3638,خیرآباد,221462,6
77833,3638,دوستعلی آباد,221465,6
77834,3638,زردآلو بالا,221469,6
77835,3638,سنگ کربالا,221479,6
77836,3638,شش نرم,221485,6
77837,3638,کول مرز پایین,221505,6
77838,3638,کول مرز بالا,221506,6
77839,3638,ماسی مرده,221514,6
77840,3638,رضا آباد,221515,6
77841,3638,مختارآباد,221516,6
77842,3638,وناب,221524,6
77843,3638,حسین آباد,221527,6
77844,3638,اشرف آباد,222109,6
77845,3638,باباجان,222112,6
77846,3638,چال سیل,222120,6
77847,3638,چشمه رشنو,222123,6
77848,3638,چشمه مورینه,222125,6
77849,3638,مرادآباد نورعلی,222131,6
77850,3638,امامزاده حسن گاویار,222134,6
77851,3638,سبزه خانی,222153,6
77852,3638,قیصورآباد,222187,6
77853,3638,کمره حشمت آباد,222190,6
77854,3638,گرمه خانی,222194,6
77855,3638,گل باغی,222195,6
77856,3638,اسماعیل آباد,222350,6
77857,3638,اکبرآباد,222351,6
77858,3638,چشمه خانی,222354,6
77859,3638,حاجی آباد,222356,6
77860,3638,حسین آباد,222359,6
77861,3638,خلیفه آباد,222362,6
77862,3638,رستم آباد,222373,6
77863,3638,سراب احمدوند,222374,6
77864,3638,شکرآباد,222376,6
77865,3638,ظفرآباد,222379,6
77866,3638,کاظم آباد,222385,6
77867,3638,کرم آباد,222386,6
77868,3638,کریم آباد قدیم,222387,6
77869,3638,مرادآباد,222391,6
77870,3638,هاشم آباد,222395,6
77871,3638,پاچال,451254,6
77872,3638,چشمه کمره,451256,6
77873,3638,سنگ کرپایین,815118,6
77874,3638,زردآلود پایین,815121,6
77875,3638,چشمه گشه,815122,6
77876,3638,کریم آباد نورعلی,815123,6
77877,3638,کاظم آباد قدیم,815235,6
77878,3638,حسین آباد چال سیل,815252,6
77879,3638,مزرعه کول مرز مرتیا,815418,6
77880,3638,سادات آباد,815485,6
77881,3639,ایمان آباد بالا,221420,6
77882,3639,ایمان آباد پایین,221421,6
77883,3639,بابا محمد سنجابی,221424,6
77884,3639,دره ده پهلوان,221463,6
77885,3639,نوروزآباد,221522,6
77886,3639,اسدآبادبالا,222347,6
77887,3639,اسدآبادپایین,222348,6
77888,3639,اسدآباد وسطی,222349,6
77889,3639,جشینوند,222353,6
77890,3639,چشمه کوره,222355,6
77891,3639,حسن آباد سنجابی,222357,6
77892,3639,حسن بیگی,222358,6
77893,3639,خاکی,222360,6
77894,3639,خدارحم دهنو,222361,6
77895,3639,دره میرزا,222364,6
77896,3639,ده فروزوند بالا,222365,6
77897,3639,ده فروزوند پایین,222366,6
77898,3639,ده فروزوند وسطی,222367,6
77899,3639,دوآب زالی,222368,6
77900,3639,ده کبودچواری,222369,6
77901,3639,دهنو,222370,6
77902,3639,رحمت آباد,222371,6
77903,3639,گردکانه سنجابی,222372,6
77904,3639,سیکوندچواری,222375,6
77905,3639,شهبازآباد,222377,6
77906,3639,صیدعلی,222378,6
77907,3639,عزیزآباد بالا,222381,6
77908,3639,عزیزآباد پایین,222382,6
77909,3639,قاسم آباد,222384,6
77910,3639,کریموند,222388,6
77911,3639,کورانی,222389,6
77912,3639,محمدقلی آباد,222390,6
77913,3639,مرادجان,222392,6
77914,3639,گلام بهری,222393,6
77915,3639,نورمراد آباد,222394,6
77916,3639,هفت چشمه زنگیوند,222396,6
77917,3639,یارعلی‌پایین,222397,6
77918,3639,یارعلی بالا,222398,6
77919,3639,حیدرآباد مرالی,451258,6
77920,3639,تیمورگلام بهری,451259,6
77921,3639,نبی وند,451260,6
77922,3639,چقا سلمان‌پایین,451263,6
77923,3639,چقا سلمان بالا,451264,6
77924,3639,علی آباد جدید,451718,6
77925,3639,حیدرآباد نورعلی,815124,6
77926,3639,طرح پرواربندی حاج غلامرضا قبادی,815125,6
77927,3639,دره دیمه,815193,6
77928,3640,علی آباد چراغ,218077,6
77929,3640,گاوکش‌پایین,218081,6
77930,3640,گاوکش‌بالا,218082,6
77931,3640,گاوکش وسطی,218083,6
77932,3640,الفسانه,221636,6
77933,3640,برهما,221639,6
77934,3640,بگ وردی پایین,221640,6
77935,3640,بگ وردی بالا,221641,6
77936,3640,تاج امیر,221642,6
77937,3640,جان محمدخسروبیگی,221643,6
77938,3640,چراغ,221644,6
77939,3640,چشمه‌خانیپایین,221645,6
77940,3640,گندم بان حبیب وند,221646,6
77941,3640,حسن آباد گاماسیاب,221647,6
77942,3640,حیدرآباد,221649,6
77943,3640,خسروبیگی بالا,221650,6
77944,3640,سرخه کوه چراغ,221663,6
77945,3640,اسلام آباد گاماسیاب پایین,221664,6
77946,3640,اسلام آباد گاماسیاب بالا,221665,6
77947,3640,شیخ‌آباد,221668,6
77948,3640,عبدالحسینی,221669,6
77949,3640,عزیزابادخسروبیگی,221671,6
77950,3640,علی آباد گاوکش,221673,6
77951,3640,علی آبادخسروبیگی,221674,6
77952,3640,علیمیرزاییبالا,221675,6
77953,3640,علی میرزایی وسطی,221676,6
77954,3640,علیمیرزایی پایین,221677,6
77955,3640,قلندر,221679,6
77956,3640,محمدآباد,221686,6
77957,3640,محمدجان فلک الدین,221687,6
77958,3640,محمدمیرزایی,221688,6
77959,3640,مرادآباد,221689,6
77960,3640,یادگار,221690,6
77961,3640,علی آباد,221692,6
77962,3640,جافربیگی پایین,221694,6
77963,3640,ولی آباد خسروبیگی,451273,6
77964,3640,جافربیگی بالا,451680,6
77965,3640,چشمه خانیبالا,451681,6
77966,3640,علی آباد گاماسیاب,815018,6
77967,3640,بگوردی وسطی,815129,6
77968,3640,شهرک صنعتی / ناحیه صنعتی علی میرزایی,815130,6
77969,3641,اسدآباد,221635,6
77970,3641,ایرانشاهی,221637,6
77971,3641,حسین طلایی,221648,6
77972,3641,دهنوکرمعلی,221652,6
77973,3641,زلیوار,221653,6
77974,3641,سالیانه,221655,6
77975,3641,سراب غضنفر,221656,6
77976,3641,سراب‌داود,221657,6
77977,3641,سرخانجوب‌بساط‌علی,221658,6
77978,3641,سرخانجوب اسدبیگی,221659,6
77979,3641,نورمحمدی زمانه,221660,6
77980,3641,سرخانجوب‌پایین,221661,6
77981,3641,سرخانجوب‌بالا,221662,6
77982,3641,شترخفت,221666,6
77983,3641,شریف,221667,6
77984,3641,عزیزآباد,221670,6
77985,3641,کرم الهی,221680,6
77986,3641,کفراج,221681,6
77987,3641,کله جوب,221682,6
77988,3641,گاوبازه,221684,6
77989,3641,گهواره,221685,6
77990,3641,یورقلی,221691,6
77991,3641,رحمت آباد,815351,6
77992,3641,یوسف آباد,815430,6
77993,3642,انبارته بالا/ کنی سرده,221418,6
77994,3642,حاجی مراد,221452,6
77995,3642,خداوردی,221458,6
77996,3642,سرمرنگ,221473,6
77997,3642,گردکانه,221510,6
77998,3642,انبارته پایین,222111,6
77999,3642,باویله شاه علی,222113,6
78000,3642,چم ظل شاه علی / نظرآباد,222121,6
78001,3642,چراغ آباد,222122,6
78002,3642,حاجی آباد / حاجی اصغر,222130,6
78003,3642,دم باغ یوسف آباد,222139,6
78004,3642,دول بید,222142,6
78005,3642,ده یوسفان بالا / ترکله,222143,6
78006,3642,ده‌یوسفان‌پایین,222144,6
78007,3642,ده یوسفان وسطی,222145,6
78008,3642,رضاابادرضاویس,222148,6
78009,3642,شاه قلی آباد,222160,6
78010,3642,عباس آباد,222167,6
78011,3642,عبدل آباد / چم زکریا,222169,6
78012,3642,عزیز کشته / عزیزآباد,222173,6
78013,3642,علی آباد,222176,6
78014,3642,فاضل آباد,222181,6
78015,3642,کاظمی / کاظم آباد,222188,6
78016,3642,کریم آباد,222189,6
78017,3642,کن خان معصوم,222191,6
78018,3642,کن خان یعقوب,222192,6
78019,3642,گورمحمد/تیزاب,222198,6
78020,3642,مرمرنگ,222205,6
78021,3642,ملک آباد,222208,6
78022,3642,مله خان,222209,6
78023,3642,میرزا آباد,222211,6
78024,3642,میرعلی / تیتان سر,222212,6
78025,3642,نعمت‌آباد,222218,6
78026,3642,هدایت اله / گچ بندی,222222,6
78027,3642,یوسف آباد عبدالمنی,222226,6
78028,3642,یوسف‌آبادچم‌چال,451286,6
78029,3642,یارآباد,451289,6
78030,3642,گنج دره پایین,815131,6
78031,3642,گنج دره بالا,815132,6
78032,3642,کریم آباد,815151,6
78033,3642,تیمور آباد,815255,6
78034,3642,زیور بالا,815372,6
78035,3642,زیور پایین,815373,6
78036,3642,نجف آباد,815473,6
78037,3643,احمدوند,222107,6
78038,3643,جعفرآباد بالا,222117,6
78039,3643,مزرعه جهانگیر لاغری,222119,6
78040,3643,حاتم آباد,222129,6
78041,3643,حسن آباد,222132,6
78042,3643,حسن آباد بی بابا,222133,6
78043,3643,دیماندول,222146,6
78044,3643,رمضان آباد,222149,6
78045,3643,زالی آباد,222151,6
78046,3643,زالی دم بره,222152,6
78047,3643,عباس آباد کانی کبود,222154,6
78048,3643,سردارآباد,222155,6
78049,3643,سرناوه,222156,6
78050,3643,شهرک امام خمینی,222161,6
78051,3643,شیخ آباد شیخه,222163,6
78052,3643,صحبت آباد,222165,6
78053,3643,عبدل آبادکانی کبود,222170,6
78054,3643,علی آبادکانی کبود,222178,6
78055,3643,فتاح آباد,222182,6
78056,3643,فتیآبادچاله‌چاله,222183,6
78057,3643,میربگ,222184,6
78058,3643,قنبراباد,222186,6
78059,3643,گرگعلی نوروز,222193,6
78060,3643,گوهرگوش,222199,6
78061,3643,محمدشاه آباد/عزیز آباد,222201,6
78062,3643,ورمله/ محمدمراد,222202,6
78063,3643,مرادابادکل کل,222203,6
78064,3643,مرادابادمیراخور,222204,6
78065,3643,معصوم آباد,222206,6
78066,3643,نصرت‌آبادپایین,222214,6
78067,3643,نصرت‌آبادبالا,222215,6
78068,3643,نظراباد,222216,6
78069,3643,نوروزآباد,222219,6
78070,3643,همت آباد,222223,6
78071,3643,یارابادمیربیگ,222224,6
78072,3643,یارحسین آباد,222225,6
78073,3643,اسدآباد چنار,222227,6
78074,3643,گرگعلی آباد,451290,6
78075,3643,چشمه کبود,451292,6
78076,3643,کرم آباد,451294,6
78077,3643,داربیدزنگیوند,451295,6
78078,3643,سهراب آباد,451297,6
78079,3643,کاظم آباد,451298,6
78080,3643,زالی آباد یارنظر,451552,6
78081,3643,پیر کرم,451726,6
78082,3643,جعفرآبادپایین,451727,6
78083,3643,زالی لاغری,815037,6
78084,3643,مزرعه احمدآباد,815119,6
78085,3644,الماس آباد/ الماس خان,221417,6
78086,3644,بابابزرگ / امامزاده ابراهیم,221422,6
78087,3644,باباجولان,221423,6
78088,3644,بادام شیرین,221425,6
78089,3644,بساط آباد,221426,6
78090,3644,بلوط بازه,221427,6
78091,3644,بن جوب کالگه,221428,6
78092,3644,تاریکه رنگرزان,221430,6
78093,3644,تازه آباد / دارامرود,221431,6
78094,3644,ترک امیر,221432,6
78095,3644,تنگ‌پری پایین,221434,6
78096,3644,تنگ‌پری بالا,221435,6
78097,3644,تنگله ورانه,221436,6
78098,3644,توت ها,221437,6
78099,3644,جعفرآباد,221439,6
78100,3644,جعفرخان /رضا آباد,221440,6
78101,3644,جوادآباد,221441,6
78102,3644,چم کریم,221442,6
78103,3644,چروش ایتیوند,221444,6
78104,3644,چشمه کلان,221445,6
78105,3644,چشمه کره,221446,6
78106,3644,چم حصار,221447,6
78107,3644,چم مختار,221449,6
78108,3644,چنار,221450,6
78109,3644,چیه,221451,6
78110,3644,خلیل آباد,221460,6
78111,3644,خوشنام,221461,6
78112,3644,ریسه وند,221467,6
78113,3644,ریواسان,221468,6
78114,3644,زرده‌سوار,221470,6
78115,3644,سالاردول,221471,6
78116,3644,سفیدخانی,221476,6
78117,3644,سفیدخانی احمدوند,221477,6
78118,3644,سفیدخانی کوچک,221478,6
78119,3644,سیدعلی /چم سید علی,221480,6
78120,3644,سیل,221481,6
78121,3644,شاه پرورمرده,221484,6
78122,3644,عباس خان,221486,6
78123,3644,علیرضا,221488,6
78124,3644,علیمرادخان,221489,6
78125,3644,قشلاق پشت قلا,221493,6
78126,3644,قشلاق ته سران,221494,6
78127,3644,سراب قمش,221495,6
78128,3644,قورن,221496,6
78129,3644,کل کشته داودخان,221500,6
78130,3644,کلوار,221501,6
78131,3644,کول بند,221504,6
78132,3644,کهریزوروشت,221507,6
78133,3644,گاودانه پا,221508,6
78134,3644,گرمه خانی,221509,6
78135,3644,گلستانک,221513,6
78136,3644,مزرعه شوکه,221518,6
78137,3644,حیدر آباد/ ملاهاربیگ,221519,6
78138,3644,نظرآباد / نظرخان,221521,6
78139,3644,یارعالی,221525,6
78140,3644,سیدحشمت,222157,6
78141,3644,ظفراباد,222166,6
78142,3644,جای حاتم,451235,6
78143,3644,نجف آباد,451236,6
78144,3644,چشمه زلیخا,451238,6
78145,3644,سیاه چشمه,451239,6
78146,3644,رزله,451240,6
78147,3644,کوله ناب,451241,6
78148,3644,تلیه,451242,6
78149,3644,سید عباس / ورکوه,451243,6
78150,3644,حیدریک,451244,6
78151,3644,زمگه زچ,451246,6
78152,3644,توناب,451604,6
78153,3644,پشت مله سنگر,451721,6
78154,3644,گل زرد/سرآور,815126,6
78155,3644,چشمه کلان جدید,815127,6
78156,3644,تازه آباد گلستانه,815133,6
78157,3644,حسن بگ مرده,815155,6
78158,3644,الله بیگی,815352,6
78159,3644,دارنومه,815355,6
78160,3644,حسین آباد باباجولان,815437,6
78161,3644,نبی آباد,815438,6
78162,3644,احمد آباد سرکشتی,815477,6
78163,3644,باغ میربگ,815478,6
78164,3644,چم حصار پایین,815492,6
78165,3644,کوله ناب علی احمد,815496,6
78166,3645,پشت‌تنگ‌دوستعلی,221429,6
78167,3645,تقی آباد کن کت,221433,6
78168,3645,چراغ‌آبادپایین,221443,6
78169,3645,حیدرآباد,221455,6
78170,3645,خسروخانی,221459,6
78171,3645,دره یادگار,221464,6
78172,3645,دولتمند / دره دولتمند,221466,6
78173,3645,سراب پیردوستی,221472,6
78174,3645,سرزن,221474,6
78175,3645,اسلام آباد,221482,6
78176,3645,اسلام آباد دولیسکان,221483,6
78177,3645,عزیزآباد,221487,6
78178,3645,علی آباد,221490,6
78179,3645,علی آبادپیردوستی,221491,6
78180,3645,قتل یوم,221492,6
78181,3645,گرکان پایین,221498,6
78182,3645,گرکان بالا,221499,6
78183,3645,کله کله پایین,221502,6
78184,3645,کله‌کله‌بالا,221503,6
78185,3645,مرادآباد پیردوستی,221517,6
78186,3645,نظراباد,221520,6
78187,3645,آهنگران پایین,221754,6
78188,3645,آهنگران‌بالا,221755,6
78189,3645,چال صیدعلی,221783,6
78190,3645,چشمه کبود,221794,6
78191,3645,زرین جو,221847,6
78192,3645,شلال علی,221861,6
78193,3645,کمانه الفت آباد,221882,6
78194,3645,کمانه میرزابگ,221883,6
78195,3645,یارامیری,221926,6
78196,3645,یارولی آباد,222399,6
78197,3645,آزادآباد پیر دوستی,451249,6
78198,3645,چم بور,451250,6
78199,3645,سرچغابالا,451251,6
78200,3645,سرچقاپایین,451252,6
78201,3645,دارکوبی,451253,6
78202,3645,کرم آباد,451257,6
78203,3645,ولی آبادخسروخانی,451719,6
78204,3645,باقرابادپیردوستی,451720,6
78205,3645,مزرعه نعمت آباد,815114,6
78206,3645,دره ده,815117,6
78207,3645,چراغ آباد پیردوستی,815120,6
78208,3645,مزرعه علی بابا,815481,6
78209,3645,سراب چشمه زنگی,815491,6
78210,3646,افراونده,217444,6
78211,3646,بیاتان,217454,6
78212,3646,حشمت آباد,217467,6
78213,3646,احمدآباد,217572,6
78214,3646,باباپشمان,217576,6
78215,3646,بهزاداباد,217580,6
78216,3646,پشته پایین,217583,6
78217,3646,پشته بالا,217584,6
78218,3646,پهلوان کل,217585,6
78219,3646,حاجی آباد یاراحمدی,217590,6
78220,3646,حشوید,217591,6
78221,3646,حیدرآباد,217592,6
78222,3646,دوسر,217596,6
78223,3646,ده حاجی,217597,6
78224,3646,زرین خانی,217600,6
78225,3646,زیوه دار,217601,6
78226,3646,عربان,217610,6
78227,3646,قلعه بهاالدین,217612,6
78228,3646,کارخانه سفیدکن,217616,6
78229,3646,گاراژ,217621,6
78230,3646,میدان,217624,6
78231,3646,نیله سفید,217625,6
78232,3646,یکدانگ,217629,6
78233,3646,زرگران بالا,451350,6
78234,3646,زرگران پایین,451351,6
78235,3646,حسین آباد یوسفی,815464,6
78236,3647,دواریجان,004941,6
78237,3647,گوشه,005006,6
78238,3647,مروک,005015,6
78239,3647,ازنا,217443,6
78240,3647,پوش کشان,217457,6
78241,3647,جهان آباد,217460,6
78242,3647,دایی چی,217471,6
78243,3647,دره تنگ/دهکله,217472,6
78244,3647,دوخواهران,217473,6
78245,3647,عالم آباد,217485,6
78246,3647,عزیزآباد,217486,6
78247,3647,علی آباد,217487,6
78248,3647,قاضی آباد,217489,6
78249,3647,کاغه,217491,6
78250,3647,کلنگانه,217492,6
78251,3647,کول آباد,217493,6
78252,3647,لبان پایین,217495,6
78253,3647,لبان بالا,217496,6
78254,3647,همیانه,217498,6
78255,3647,یزدگرد,217499,6
78256,3647,پایگاه امداد جاده ای هلال احمر,815027,6
78257,3648,اکبرآباد,217378,6
78258,3648,برزان,217379,6
78259,3648,بنک آباد,217380,6
78260,3648,بودینه,217381,6
78261,3648,ترشاب,217383,6
78262,3648,تی دار / توت دار,217384,6
78263,3648,چغادون,217385,6
78264,3648,چمنار,217386,6
78265,3648,حشمت آباد,217387,6
78266,3648,امام آباد,217388,6
78267,3648,خرگوش خانی,217389,6
78268,3648,درب آستانه,217390,6
78269,3648,دره اسبر,217392,6
78270,3648,رضور,217393,6
78271,3648,سراوند,217396,6
78272,3648,سرنجه,217397,6
78273,3648,سیره پایین,217399,6
78274,3648,سیره بالا,217400,6
78275,3648,سیزان,217401,6
78276,3648,گاوکشته,217406,6
78277,3648,گنداب,217407,6
78278,3648,ایستگاه راه اهن رودک,451404,6
78279,3648,خانه های صنایع دفاع/صنایع زرهی بنی هاشم,451601,6
78280,3649,برآفتاب,216014,6
78281,3649,تی / تپه تی,216030,6
78282,3649,جله,216041,6
78283,3649,چم چیت,216042,6
78284,3649,چنار,216055,6
78285,3649,عمارت,216091,6
78286,3649,آب بید,217442,6
78287,3649,امیرآباد,217445,6
78288,3649,اندیکان,217446,6
78289,3649,باباخانی,217449,6
78290,3649,پشت قلعه,217456,6
78291,3649,چشمه سرنجه,217461,6
78292,3649,چغابدار,217462,6
78293,3649,چنارخاتون,217464,6
78294,3649,حسین آباد,217466,6
78295,3649,خسرو آباد,217469,6
78296,3649,داریاب,217470,6
78297,3649,راکن پایین,217474,6
78298,3649,راکن بالا,217475,6
78299,3649,سراب بیشه,217478,6
78300,3649,سندرکان,217479,6
78301,3649,سیاه کله,217482,6
78302,3649,شکرآباد,217484,6
78303,3649,فرمان آباد,217488,6
78304,3649,گوشه پل,217494,6
78305,3649,لنج آباد,217497,6
78306,3649,یوسف آباد,217500,6
78307,3649,امیرآبادگورکش,219777,6
78308,3649,توت,219783,6
78309,3649,زیرتنگ,219787,6
78310,3649,ماسورابی,219800,6
78311,3649,حمزه علی,451602,6
78312,3649,مزرعه ابدالی,815244,6
78313,3649,مزرعه خویشاوند,815459,6
78314,3649,حاجی آباد,815469,6
78315,3649,شریف آباد,815488,6
78316,3649,اسد آباد,815502,6
78317,3650,باغ جمال,004902,6
78318,3650,بام سر,004904,6
78319,3650,چوبدر بالا,004921,6
78320,3650,چوبدرپایین,004922,6
78321,3650,ژان,217332,6
78322,3650,باغ‌علی پایین,217333,6
78323,3650,باغ علی بالا,217334,6
78324,3650,برآفتاب دراز,217335,6
78325,3650,پاپیون,217336,6
78326,3650,پیرآباد,217337,6
78327,3650,خانوردی,217339,6
78328,3650,دره هداوند,217340,6
78329,3650,دریژان پایین,217341,6
78330,3650,دریژان بالا,217342,6
78331,3650,ده نو,217343,6
78332,3650,زاغه,217344,6
78333,3650,شرشره,217345,6
78334,3650,قلعه جهانگیر,217346,6
78335,3650,کوشک,217347,6
78336,3650,گل گورچک,217348,6
78337,3650,لطیف آباد,217350,6
78338,3650,میدانک,217351,6
78339,3650,ینگه حسین,217354,6
78340,3650,درمیان,217391,6
78341,3650,سابندان,217394,6
78342,3650,سوران,217398,6
78343,3650,بابامحمد,217450,6
78344,3650,بهرام آباد پایین,217452,6
78345,3650,بهرام آبادبالا,217453,6
78346,3650,تقی آباد,217458,6
78347,3650,تنوردر,217459,6
78348,3650,چقابهرام,217463,6
78349,3650,سنگر,217480,6
78350,3650,سیاول,217481,6
78351,3650,قلعه کامحمدرضا,217490,6
78352,3650,هاویلان,451356,6
78353,3650,مزرعه علی بخش,815493,6
78354,3651,اسداباد,220116,6
78355,3651,اولاد نقی آباد,220117,6
78356,3651,پشت تنگ وسطی باپیرولی اله,220119,6
78357,3651,باویله,220121,6
78358,3651,دم روستان,220138,6
78359,3651,پشت تنگ پایین رحیم خان,220139,6
78360,3651,رییس وند,220140,6
78361,3651,پشت تنگ پایین صیدرضا,220143,6
78362,3651,گراب کوچک,220166,6
78363,3651,مراد خان / پشت تنگ وسطی,220174,6
78364,3651,پشت تنگ پایین ملک علی,220177,6
78365,3651,میره‌و احمد,220178,6
78366,3651,کل سرخ عیدی,451520,6
78367,3652,چغاپیت‌پایین,220127,6
78368,3652,چغاپیت بالا,220128,6
78369,3652,چاه خیره,220129,6
78370,3652,چاه درازرضا,220130,6
78371,3652,چشمه سفید,220131,6
78372,3652,چم چل,220133,6
78373,3652,چه کرمخان,220134,6
78374,3652,خانگه,220136,6
78375,3652,زوله,220141,6
78376,3652,شیره / کلک,220147,6
78377,3652,چاه شوره بالا/ صید حسین کوشکی,220149,6
78378,3652,صیدکریم کوشکی,220150,6
78379,3652,طاهربیک,220151,6
78380,3652,قلندر,220154,6
78381,3652,قبله,220155,6
78382,3652,تنگ کبود,220157,6
78383,3652,حیدرعلی فاضلی,220160,6
78384,3652,کول بادام نورمراد,220162,6
78385,3652,کول بادام یاور,220163,6
78386,3652,گل نظر / میدان,220167,6
78387,3652,لطیف احمدی,220169,6
78388,3652,چاه شوره پایین/ محمد زکی کوشکی,220171,6
78389,3652,محمدکریم کوشکی,220173,6
78390,3652,درمره,220176,6
78391,3652,وزم,220179,6
78392,3652,محمدعلی کوشکی/چاه شوره وسطی,280078,6
78393,3652,حسین آبادسرطرهان,815021,6
78394,3652,گلابی,815116,6
78395,3652,کپرنشین قشلاق پیرعالی,815474,6
78396,3653,آب باریکی,220246,6
78397,3653,آزاد بخت‌کره‌پا پایین,220249,6
78398,3653,آزاد بخت‌کره‌پا بالا,220250,6
78399,3653,انبار,220255,6
78400,3653,باباقلی,220258,6
78401,3653,برافتاب سیدمحمد,220261,6
78402,3653,بوگلان عبدولی,220265,6
78403,3653,پاپل مادیان رود,220268,6
78404,3653,تنگقلعه,220274,6
78405,3653,چشمه بارانی/پشت باغ ضرونی,220285,6
78406,3653,چشمه میرزاحسین,220286,6
78407,3653,چغا پوکه,220287,6
78408,3653,چم چقا,220288,6
78409,3653,چم‌کبودپایین,220289,6
78410,3653,چم‌کبودبالا,220290,6
78411,3653,چم کبودوسطی,220291,6
78412,3653,قرعلیوند,220292,6
78413,3653,چنارپایین آزاد بخت,220293,6
78414,3653,چنار بالا آزاد بخت,220294,6
78415,3653,چهارقلعه بارانی,220296,6
78416,3653,چهارقلعه سادات,220297,6
78417,3653,چهارقلعه‌پایین,220298,6
78418,3653,چهارقلعه‌بالا,220299,6
78419,3653,حاجی مراد,220302,6
78420,3653,حسن بگی ریکا,220304,6
78421,3653,داودرشید,220312,6
78422,3653,خوشناموند,220314,6
78423,3653,ده خسرو,220318,6
78424,3653,ذالیاب,220320,6
78425,3653,ذق,220321,6
78426,3653,تنگ گراز / رشید,220322,6
78427,3653,تنگ داراب ریکا,220323,6
78428,3653,ساری کوچکه,220330,6
78429,3653,سه اسیاب,220331,6
78430,3653,سرچشمه ضرونی,220332,6
78431,3653,ساری میری,220342,6
78432,3653,چیاسوره شیخ احمد,220345,6
78433,3653,عبدولی ذالیاب,220354,6
78434,3653,قبرموسی,220368,6
78435,3653,کره ضرونی,220374,6
78436,3653,کل گاوراه,220375,6
78437,3653,کیله,220389,6
78438,3653,گل زردبالا,220393,6
78439,3653,گل زردپایین,220394,6
78440,3653,گنجینه ضرونی,220396,6
78441,3653,میانرودضرونی,220401,6
78442,3653,شاه نظر میریان,220402,6
78443,3653,باغ زال,451456,6
78444,3653,سیمرغ طلایی / مرغداری 2000 قطعه ای,451463,6
78445,3653,چهارقلعه وسطی,451562,6
78446,3653,شهرک امام خمینی,451704,6
78447,3653,شهرک صنعتی کوهدشت,451705,6
78448,3653,شرکت پنیر زردلان,815048,6
78449,3653,اداره غله کوهدشت,815049,6
78450,3653,شرکت طلوع گاز,815050,6
78451,3653,شرکت تولیدفرش ماشینی شباهنگ صحرا,815051,6
78452,3653,مزرعه کلک زالیاب,815237,6
78453,3653,باقرآباد,815259,6
78454,3653,مزرعه محمد حسین میرزایی,815431,6
78455,3653,بوگلان 2,815476,6
78456,3653,ذالیاب طالقانی,815503,6
78457,3654,سید احمد شاه / چشمه کبود,220247,6
78458,3654,اکبرآباد,220254,6
78459,3654,جعفرآباد,220276,6
78460,3654,قلعه دوستان,220277,6
78461,3654,جعفر خان زیتون,220278,6
78462,3654,چم آستان,220281,6
78463,3654,حاجی نورمحمد,220303,6
78464,3654,سیردرپایین,220305,6
78465,3654,خاص علی / باغ بالا,220306,6
78466,3654,دارابی,220308,6
78467,3654,داراب‌بالا,220310,6
78468,3654,تکیه اولاد قباد,220319,6
78469,3654,سرخ دم لکی,220333,6
78470,3654,سرکوره‌نورخدا,220334,6
78471,3654,سررگ / سید احمدبگ,220340,6
78472,3654,چشمه دارا / شرفعلی,220343,6
78473,3654,شیخ عالی,220346,6
78474,3654,سی گر عظیم,220355,6
78475,3654,دارسیدگل / علی حسین آباد,220359,6
78476,3654,خاص مراد,220360,6
78477,3654,علی داد قاسم بیگی,220361,6
78478,3654,علی عبدال,220362,6
78479,3654,قاسم‌بیگی,220367,6
78480,3654,کروزم صفی اله,220373,6
78481,3654,کوره دشت‌پایین,220386,6
78482,3654,گردلمهر,220391,6
78483,3654,گل اغه مرده,220392,6
78484,3654,سفید قله ضرون,220400,6
78485,3654,میرزا رحیم,220403,6
78486,3654,نامجو,220405,6
78487,3654,سیدصالح,220406,6
78488,3654,هرین خلیفه,220411,6
78489,3654,دم دره هومیان,220413,6
78490,3654,مزرعه چیازرگر,451471,6
78491,3654,میان مله عباس آباد,451486,6
78492,3654,قلعه‌شه ماش,451487,6
78493,3654,کنی سرده/ کوره دشت بالا,451488,6
78494,3654,دم قلعه,451489,6
78495,3654,اب چی,451491,6
78496,3654,خدارحم زیتون,451492,6
78497,3654,چنارمدوی پایین,451495,6
78498,3654,نیله,451496,6
78499,3654,چم سیل / سرخ مهر,451497,6
78500,3654,پیره بر,451498,6
78501,3654,ورپل,451500,6
78502,3654,علی آباد بن دوزخ,451501,6
78503,3654,غلام علی,451502,6
78504,3654,علی اشرف,451503,6
78505,3654,پشت کیوبادام,451504,6
78506,3654,باباعلی,451505,6
78507,3654,گلمراد,451507,6
78508,3654,چال اب مرادعلی,451509,6
78509,3654,دره خوشی,451510,6
78510,3654,چیابله بالا,451511,6
78511,3654,سراب هومیان,451512,6
78512,3654,چیابله پایین,451513,6
78513,3654,دارابک,451642,6
78514,3654,فتح اله آباد,451701,6
78515,3654,علی محمد زیتون,451702,6
78516,3654,درگه سید علیرضا,451703,6
78517,3654,سرسورن,451729,6
78518,3654,چشمه کبود,451730,6
78519,3654,گدارپهن کوهنانی,596117,6
78520,3654,آب گرمه,815052,6
78521,3654,پروژه آبرسانی کوهدشت,815053,6
78522,3654,طرح پرواربندی گوساله,815054,6
78523,3654,پرواربندی 400 راس گوساله,815055,6
78524,3654,پرورش گوسفند پرواری حیدربگ شهبازی,815056,6
78525,3654,مرغداری شاه عباس کوهنانی,815057,6
78526,3654,سیردربالا,815058,6
78527,3654,بانه محمد علی,815059,6
78528,3654,بادره بالا,815060,6
78529,3654,علی بگ آباد,815061,6
78530,3654,سلنجه ضرونی / علی حسین,815062,6
78531,3654,سیروله ضرون,815063,6
78532,3654,درزمستانی گدارکه,815065,6
78533,3654,چنارمدوی بالا,815066,6
78534,3654,حاجی علی داد,815067,6
78535,3654,پشت کیو,815068,6
78536,3654,حسن آباد سرکوه ضرون,815191,6
78537,3654,مزرعه احمد آباد,815197,6
78538,3654,مزرعه یوسف آباد,815198,6
78539,3654,دشت بهشت,815257,6
78540,3654,گدار پهن بالا,815258,6
78541,3654,گدارپهن پایین,815263,6
78542,3654,داربیدگدارپهن,815498,6
78543,3654,مراد آباد سرگیز,815507,6
78544,3655,ابوالوفا,219844,6
78545,3655,کبوده ابوالوفا,219869,6
78546,3655,اشتره گل گل,220252,6
78547,3655,اکبرآباد,220253,6
78548,3655,آواره,220257,6
78549,3655,بن سرده,220263,6
78550,3655,ضرونی همت بیگ,220269,6
78551,3655,پشت‌تنگ پریان,220270,6
78552,3655,پشته ساری,220271,6
78553,3655,چال بردین,220295,6
78554,3655,چیاسی / گاوداری امرایی,220300,6
78555,3655,دالاب‌پایین,220311,6
78556,3655,پمپ‌بنزین‌زانوگه,220324,6
78557,3655,زرده سوار,220325,6
78558,3655,سفیدخانی,220337,6
78559,3655,شیراوند,220347,6
78560,3655,شیراوندگندابه,220348,6
78561,3655,شیراوندناوه,220349,6
78562,3655,فرخ‌آبادبالا,220364,6
78563,3655,فرخ‌آبادپایین,220365,6
78564,3655,قلاچک,220369,6
78565,3655,کمره میشنان,220380,6
78566,3655,کمره هاشم بگ,220381,6
78567,3655,کوتوله باباکرم,220382,6
78568,3655,پریان اله مراد,220383,6
78569,3655,کوتوله عزیزخان,220384,6
78570,3655,کمیر مالمیر,220388,6
78571,3655,سپیده گل گل,220395,6
78572,3655,میناپریان,220404,6
78573,3655,هاشم بگ,220409,6
78574,3655,هفت‌چشمه,220412,6
78575,3655,کمربله,220414,6
78576,3655,مزرعه نعمتی,451479,6
78577,3655,کوتوله حسن,451549,6
78578,3655,مرغداری و نهالستان ملکشاهی,451700,6
78579,3655,هزار منی,815069,6
78580,3655,تلمبه خانه نفت برداسبی,815070,6
78581,3655,کارخانه ذرت خشک کنی نعمتی,815072,6
78582,3655,شرکت ماکارونی زرین ره,815073,6
78583,3655,کارخانه آرد,815074,6
78584,3655,کارخانه یخ کوهدشت,815075,6
78585,3655,باغ میوه محمد قلندر,815076,6
78586,3655,مزرعه آناهیتا,815077,6
78587,3655,کارخانه,815078,6
78588,3655,باغ شیروان نادری,815079,6
78589,3655,شرکت قطعه گستر عادل,815080,6
78590,3655,چیاسی,815260,6
78591,3655,ارجنه,815390,6
78592,3655,سعادت آباد,815401,6
78593,3656,احمدخان / دم تنگ,219912,6
78594,3656,ده برادر,219916,6
78595,3656,پرچه سرخه,219924,6
78596,3656,پیرمکاییل,219925,6
78597,3656,چم برزو,219931,6
78598,3656,چم لتور,219934,6
78599,3656,چم میربیگ,219936,6
78600,3656,چشمه حیدر,219937,6
78601,3656,چقاسبزنقدعلی,219939,6
78602,3656,چله بان,219940,6
78603,3656,چاه قاصی / حاجی علی,219941,6
78604,3656,تازه آباد,219944,6
78605,3656,اولاد دربندکبود,219947,6
78606,3656,یک رزگی / رحیم بیگ,219951,6
78607,3656,رماوندی بساط بیگی / بردقباله,219953,6
78608,3656,رودبارحسین بیگ,219957,6
78609,3656,سرگنداب سفلی,219959,6
78610,3656,سرگنداب‌بالا,219960,6
78611,3656,سیاه کمره زالی,219964,6
78612,3656,شاهیوند علی مراد,219967,6
78613,3656,عادل / کله گاوراه,219973,6
78614,3656,نام کول / عبدالعلی کریمی,219976,6
78615,3656,گری اسلام آباد,219981,6
78616,3656,ده علی قلی,219982,6
78617,3656,قبرمحمدمراد,219984,6
78618,3656,کاکاوند,219985,6
78619,3656,سرخه لیژه کرمعلی / ده کرمعلی,219987,6
78620,3656,کلک,219989,6
78621,3656,کلارچه شوره,219992,6
78622,3656,گرخوشاب,219995,6
78623,3656,مله چه شوره,220003,6
78624,3656,ده منتعلی,220004,6
78625,3656,چغاسبز بساط بیگی,220018,6
78626,3656,کول نبی صحرا,451528,6
78627,3656,آب باریک / میر,451529,6
78628,3656,عالین آباد,451532,6
78629,3656,رماوند پیروز علی / چم چراغ,451537,6
78630,3656,درویشان سربیشه,451732,6
78631,3656,مزرعه بلیلا,815177,6
78632,3656,جهانگیر,815370,6
78633,3656,علی جان,815475,6
78634,3656,صید محمد,815506,6
78635,3657,بگاله گراوند,219917,6
78636,3657,توه خشکه,219926,6
78637,3657,شکرگراوند,219968,6
78638,3657,عبدالمحمد,219977,6
78639,3657,باباگردعلی,220118,6
78640,3657,باغ پای استان,220120,6
78641,3657,شورابه بهرام بیگ,220123,6
78642,3657,پای استان,220124,6
78643,3657,پشم,220125,6
78644,3657,خسرواباد,220126,6
78645,3657,چشمه میرزا,220132,6
78646,3657,شورابه پایین دو,220145,6
78647,3657,علی عسگر / منار,220152,6
78648,3657,کارخانه گچ لرستان,220156,6
78649,3657,کت کن,220158,6
78650,3657,یوسف آباد,220180,6
78651,3657,شورابه وسطی,451524,6
78652,3657,خیاران/خانی,451526,6
78653,3657,صفراباد,451527,6
78654,3657,شورابه کریم خان,451706,6
78655,3657,شورابه پایین یک,815045,6
78656,3657,شورابه وسطی شاهمراد,815046,6
78657,3657,باغ تیمور,815195,6
78658,3658,بره انار,219848,6
78659,3658,بره ترک,219849,6
78660,3658,بره جولا,219850,6
78661,3658,بره خیره,219851,6
78662,3658,بره سیداحمد,219852,6
78663,3658,بره شیخ عالی,219853,6
78664,3658,بره کاظم,219854,6
78665,3658,بره کلک,219855,6
78666,3658,بلوران,219856,6
78667,3658,گنج علی پایین /بلین,219857,6
78668,3658,گنج علی,219875,6
78669,3658,سرناوه چنگیزی/ رشنو,219876,6
78670,3658,خیران بره,220307,6
78671,3658,سیاه چشمه,220339,6
78672,3658,کاظم آباد / چنارگره,451613,6
78673,3658,سرناوه چنگیزی / گل کرم,815041,6
78674,3658,چشمه سفید,815042,6
78675,3659,اسیاوله,219845,6
78676,3659,آقاباباشیراوند / شیراوند بالا,219846,6
78677,3659,باغله بالا,219847,6
78678,3659,چم زرشک,219858,6
78679,3659,چم قلعه,219859,6
78680,3659,چم کوشک طولابی,219860,6
78681,3659,چروگره,219861,6
78682,3659,چمدیلاوند پایین,219862,6
78683,3659,چم دیلاوندبالا,219863,6
78684,3659,باوینه,219864,6
78685,3659,چم سنگر / سرسنگر,219867,6
78686,3659,شرشره,219868,6
78687,3659,کلالی / باغ کلایی,219871,6
78688,3659,کوچکه شیراوند / شیراوند پایین,219872,6
78689,3659,گرمه خانی,219873,6
78690,3659,گمبله / گومله,219874,6
78691,3659,سیاه پله بالا,220142,6
78692,3659,باغله پایین,451515,6
78693,3659,سیاه پله پایین,451517,6
78694,3659,سیاه پله امید علی / سه نی,451518,6
78695,3660,اقبلاغ,215735,6
78696,3660,اکبرآباد,215737,6
78697,3660,امامزاده قاسم,215738,6
78698,3660,ایونده,215741,6
78699,3660,پیربداق,215752,6
78700,3660,تازه ران,215754,6
78701,3660,خروسان,215767,6
78702,3660,دره باغ,215773,6
78703,3660,رشیدی,215783,6
78704,3660,سیدآباد,215788,6
78705,3660,شاطر,215790,6
78706,3660,شورچه,215795,6
78707,3660,فرزیان,215801,6
78708,3660,فین,215802,6
78709,3660,قره ملک,215807,6
78710,3660,قشلاق گنجه,215808,6
78711,3660,کرتیلان,215816,6
78712,3660,گاوبار پایین,215822,6
78713,3660,گاوبار بالا,215823,6
78714,3660,گلیجرد,215827,6
78715,3660,گمبه,215828,6
78716,3660,گوگده,215832,6
78717,3660,مداباد,215837,6
78718,3660,مرزیان,215838,6
78719,3660,ملاطالب,215843,6
78720,3660,مبارک آباد,450242,6
78721,3660,گنجه,450247,6
78722,3660,یادگار,451623,6
78723,3661,اشوراباد,215733,6
78724,3661,اقایی,215734,6
78725,3661,اقبلاغ محمدولی,215736,6
78726,3661,بزداش,215746,6
78727,3661,بیدستان,215748,6
78728,3661,پرچستان,215749,6
78729,3661,پنج زوج,215751,6
78730,3661,پیری جان,215753,6
78731,3661,چرخستان,215760,6
78732,3661,چشمه درگاه,215761,6
78733,3661,چقاموشان,215762,6
78734,3661,چهارچشمه ناظم,215764,6
78735,3661,داودپیغمبر,215772,6
78736,3661,دره زوله,215775,6
78737,3661,ده حاجی,215779,6
78738,3661,ده موسی,215780,6
78739,3661,سیردر,215789,6
78740,3661,شاه پهنه,215791,6
78741,3661,شاهوله,215792,6
78742,3661,عباس آبادپشته,215797,6
78743,3661,قطعات,215809,6
78744,3661,قلعه خلیفه,215810,6
78745,3661,کامیان بالا,215813,6
78746,3661,کامیان پایین,215814,6
78747,3661,کلبر,215817,6
78748,3661,کهریز,215820,6
78749,3661,کهریزسفید,215821,6
78750,3661,مالیچه,215833,6
78751,3661,هوش,215847,6
78752,3661,گله,450000,6
78753,3662,بابادینه,215742,6
78754,3662,باغ موری,215743,6
78755,3662,تمبک,215756,6
78756,3662,دلیان,215777,6
78757,3662,ذوالقدر,215782,6
78758,3662,قره دین,215805,6
78759,3662,کمری,215818,6
78760,3662,گرجی,215824,6
78761,3662,احمدآباد,216706,6
78762,3662,اشرف آباد,216707,6
78763,3662,برجله,216708,6
78764,3662,جوی اسیاب,216709,6
78765,3662,چرخستانه,216710,6
78766,3662,چشمه سلطان,216711,6
78767,3662,چقازال,216713,6
78768,3662,چم زمان,216715,6
78769,3662,هشوید,216717,6
78770,3662,خسرومیره,216718,6
78771,3662,دره تخت,216719,6
78772,3662,ده درویشان,216720,6
78773,3662,دوبلوکان,216721,6
78774,3662,دودهک,216722,6
78775,3662,دولت آباد,216723,6
78776,3662,سلطان آباد,216726,6
78777,3662,سیاوش آباد,216728,6
78778,3662,سیوله,216729,6
78779,3662,شاه پسند,216730,6
78780,3662,شنگان,216734,6
78781,3662,عزیزابادقطاسوند,216737,6
78782,3662,علی آباد,216738,6
78783,3662,قاضی آباد,216739,6
78784,3662,کمندان,216742,6
78785,3662,نصرتاباد,216747,6
78786,3662,وزمدر,216749,6
78787,3662,هندر,216750,6
78788,3662,لمیس,450035,6
78789,3662,قاسم آباد,450039,6
78790,3662,نوروز آباد,815047,6
78791,3662,پاسگاه انتظامی دولت آباد,815448,6
78792,3662,سد وتاسیسات,815505,6
78793,3663,باوکی امیربختیار,215744,6
78794,3663,زرنان,215785,6
78795,3663,منطقه حفاظت شده اشترانکوه,215794,6
78796,3663,مسعودآباد,215841,6
78797,3663,پازردالو,215966,6
78798,3663,دربند,215968,6
78799,3663,کرچیان,215969,6
78800,3663,کلکله,215970,6
78801,3663,تیان,450014,6
78802,3663,بیدستانه,450015,6
78803,3663,قلعه رستم,450016,6
78804,3663,میان رودان,450017,6
78805,3663,محمودآباد,450018,6
78806,3663,کارخانه شن ماسه شفیعی,451644,6
78807,3663,کارخانه گاز مایع لرستان,815001,6
78808,3663,منطقه ویژه اقتصادی,815002,6
78809,3663,مجتمع فولاد وذوب آهن ازنا,815444,6
78810,3663,اردوگاه مهاجرین اباذر,815445,6
78811,3663,امامزاده شاه غیب,815446,6
78812,3663,ایستگاه فشار شکن گاز,815447,6
78813,3664,چم رستمیان,219935,6
78814,3664,رنگین دول پایی مراد,219956,6
78815,3664,سه پل,219963,6
78816,3664,طاق ملک حسین / بن زارع,219972,6
78817,3664,میدان بزرگ,220009,6
78818,3664,میدان کوچک,220010,6
78819,3664,بابا خوارزم‌کریم,220882,6
78820,3664,باباخوارزم مجیر,220883,6
78821,3664,باغ‌پایین,220887,6
78822,3664,باغ بالا,220888,6
78823,3664,چم غلامعلی,220894,6
78824,3664,چم قلعه,220895,6
78825,3664,چم‌چالگه,220897,6
78826,3664,چم‌گردله‌پایین,220898,6
78827,3664,چم‌گردله‌بالا,220899,6
78828,3664,چم گردله وسطی,220900,6
78829,3664,چم‌مهربالا,220901,6
78830,3664,چم‌مهرپایین,220902,6
78831,3664,دوکوهه رشنو,220909,6
78832,3664,رحیم‌آباد/ اسلام آباد پایین,220910,6
78833,3664,سرابجهانگیر,220911,6
78834,3664,اسلام آباد بالا,220917,6
78835,3664,قصردول,220918,6
78836,3664,قصردول باغ,220919,6
78837,3664,کلک بوره,220920,6
78838,3664,هلوش,220929,6
78839,3664,چم کنیزک,451095,6
78840,3664,باباخوارزم بالا,815096,6
78841,3665,تیمورآباد,219927,6
78842,3665,سید صالح الدین,219965,6
78843,3665,کولیوند,219991,6
78844,3665,لیلان چم,220399,6
78845,3665,بابازید,220884,6
78846,3665,باغ گل گل,220889,6
78847,3665,وره زرد,220904,6
78848,3665,خرسدرکاکامراد,220905,6
78849,3665,خرسدرپایین,220906,6
78850,3665,خرسدر بالا,220907,6
78851,3665,گل‌گل پایین,220923,6
78852,3665,گل‌گل‌بالا,220924,6
78853,3665,گل گل وسطی,220925,6
78854,3665,ملاوی,220927,6
78855,3665,مورانی,220928,6
78856,3665,بابابهرام,221100,6
78857,3665,جلگه‌خلج‌پایین,221111,6
78858,3665,جلگه‌خلج‌بالا,221113,6
78859,3665,دراشگفت بابابهرام,221126,6
78860,3665,داودرش,221228,6
78861,3665,دم زلاب,221252,6
78862,3665,کلک بیشه قهرمانی,221256,6
78863,3665,قیصور,221257,6
78864,3665,کلک‌بیشه‌حسین‌آباد,221260,6
78865,3665,کلک‌بیشه‌سیدمحمد,221261,6
78866,3665,کلک‌بیشه‌صادق,221262,6
78867,3665,کلک بیشه اسد,221263,6
78868,3665,کلک بیشه دولابی,451109,6
78869,3665,روبندجلگه خلج,451121,6
78870,3665,قهوه خانه میرزاعلی,451125,6
78871,3665,پران پرویز,451596,6
78872,3665,مزرعه نفت,815229,6
78873,3665,مزرعه گوه مهدی,815484,6
78874,3666,سه‌داران‌پایین,220915,6
78875,3666,اب زهره پیرمار,221035,6
78876,3666,کره دشت مار,221039,6
78877,3666,هلد,221043,6
78878,3666,دول میشان,221051,6
78879,3666,هولد,221065,6
78880,3666,باغ پیش بادامک,221194,6
78881,3666,بن کره ایمانقلی,221196,6
78882,3666,بنه لشه,221198,6
78883,3666,پشت تنگ خوشاب,221202,6
78884,3666,پشت‌زرین‌چغا,221204,6
78885,3666,تخت‌آب,221207,6
78886,3666,تلمبه خانه بادمک,221208,6
78887,3666,تنگ خوشاب,221209,6
78888,3666,غلامعلی,221210,6
78889,3666,واشیان چشمه شیرین,221212,6
78890,3666,چشمه گش لطیف,221213,6
78891,3666,چغادرمیان,221214,6
78892,3666,چغادرمیان دوان شیر,221215,6
78893,3666,چناره,221219,6
78894,3666,دالاب,221227,6
78895,3666,دولابی بادامک,221231,6
78896,3666,زیرزرین‌چغا,221240,6
78897,3666,مزرعه سادات,221241,6
78898,3666,سراب دوان شیر,221243,6
78899,3666,سیدعلی پناه,221249,6
78900,3666,شیخ مراد,221251,6
78901,3666,قلعه جوق,221253,6
78902,3666,قلعه میشوند,221254,6
78903,3666,کیوچمر پایین,221258,6
78904,3666,کمچه کلا,221264,6
78905,3666,کیوچمر بالا,221268,6
78906,3666,گردنگاه شاعلی,221270,6
78907,3666,گرگلان,221271,6
78908,3666,گری سبز,221272,6
78909,3666,اصلانی محمدرضا,221274,6
78910,3666,مکینه نصیری,221277,6
78911,3666,مهم,221278,6
78912,3666,میشاب,221283,6
78913,3666,واشیان تخت شیر,221284,6
78914,3666,واشیان چاه شیرین,221285,6
78915,3666,واشیان نصیرتپه,221286,6
78916,3666,هرسکه,221288,6
78917,3666,هرشیرایمانی,221289,6
78918,3666,هرشیرعباسی,221290,6
78919,3666,شاه کرم خدادادی,451104,6
78920,3666,چمشکیها,451106,6
78921,3666,گوری سبزباباخان,451107,6
78922,3666,باباجهانشاه,451110,6
78923,3666,تخت اب گردکانه,451111,6
78924,3666,آب بید گردکانه,451112,6
78925,3666,شکرالله,451113,6
78926,3666,فلک الدین,451114,6
78927,3666,اصلانی بگمراد,451708,6
78928,3666,واشیان کرم حسین,451709,6
78929,3666,واشیان نصرتی,451710,6
78930,3666,خاک سیاه,451711,6
78931,3666,بن کره کهزادوند,451724,6
78932,3666,دال پری,815038,6
78933,3666,پشت تنگ میشوند,815102,6
78934,3666,سلمان شیخا,815103,6
78935,3666,زورآزما (داربلوط),815104,6
78936,3666,کرا,815105,6
78937,3666,مالگه کرم,815138,6
78938,3666,سرقبرستان پایین,815140,6
78939,3666,سرقبرستان بالا,815141,6
78940,3666,چهار دولان,815142,6
78941,3666,مال گشه,815149,6
78942,3666,مزرعه کلک بیشه پین آباد,815234,6
78943,3666,دارکلنگ,815398,6
78944,3666,مزرعه لرپا,815425,6
78945,3666,مزرعه شیوکاهدان,815426,6
78946,3666,مهرگان,815441,6
78947,3667,چال‌کل‌پایین,220891,6
78948,3667,چاله,220893,6
78949,3667,چوتاش یکشنبه,220903,6
78950,3667,گروزیر,220922,6
78951,3667,زعفران,220992,6
78952,3667,سراب رجب,220994,6
78953,3667,کناربلوط,220999,6
78954,3667,گری باباخان,221001,6
78955,3667,گری بلمک,221002,6
78956,3667,هفت‌چشمه,221005,6
78957,3667,پس گلم,221038,6
78958,3667,تنگ‌سیستان,221041,6
78959,3667,داربرگی,221045,6
78960,3667,دارتیل,221046,6
78961,3667,دارخرما,221047,6
78962,3667,دره باغ,221048,6
78963,3667,دره شوره,221050,6
78964,3667,سرامد,221055,6
78965,3667,قلعه زنجیر,221058,6
78966,3667,هوتاوند,221064,6
78967,3667,سرخ مال نازنین,221244,6
78968,3667,ولیعصر(عج),221281,6
78969,3667,ده بزرگ,451074,6
78970,3667,بادامستان,451076,6
78971,3667,الم آباد,451077,6
78972,3667,قهوه خانه عزیز آباد,451084,6
78973,3667,دارخرما,451093,6
78974,3667,تلمبه خانه تنگ فنی,451597,6
78975,3667,چال کل بالا,815011,6
78976,3667,سرنمک,815097,6
78977,3667,سرخ مال شرقی,815143,6
78978,3667,سرخ مال غربی,815144,6
78979,3667,بره کان,815145,6
78980,3667,گرشیر,815150,6
78981,3667,مزرعه سرگل,815153,6
78982,3667,گرچان,815154,6
78983,3667,نسارآبکره,815160,6
78984,3667,کرسر,815192,6
78985,3667,نازنین پایین,815200,6
78986,3667,گلال جیلو,815201,6
78987,3667,شهر میدار,815202,6
78988,3667,دول تاک,815204,6
78989,3668,آخور رخش,220978,6
78990,3668,برج کبود,220979,6
78991,3668,پا علم,220981,6
78992,3668,تنگ لیلم,220983,6
78993,3668,جلوگیر,220984,6
78994,3668,چم گرداب,220985,6
78995,3668,چم گز,220986,6
78996,3668,چین زال,220988,6
78997,3668,دره باباعلی,220989,6
78998,3668,دره خزینه,220990,6
78999,3668,رنگین بان,220991,6
79000,3668,سرگرفته طالقانی,220995,6
79001,3668,سیاه گلال,220996,6
79002,3668,شترخفت,220997,6
79003,3668,کول چپ,221059,6
79004,3668,چهارطاق/ چار تا,451078,6
79005,3668,شرکت صنایع آهکی و هیدراته لرستان,451082,6
79006,3668,دره نقی,451085,6
79007,3668,مله چک ها / صید کریم کهزادوند,815098,6
79008,3668,سد مخزنی و نیروگاه پاعلم,815156,6
79009,3668,طالقان,815157,6
79010,3668,گره نظرگه,815203,6
79011,3668,کلک,815205,6
79012,3668,مزرعه وارون ماهور,815243,6
79013,3668,دره کی ماهور,815247,6
79014,3669,چشمه علی اکبر,217977,6
79015,3669,آب باریک پایین,218053,6
79016,3669,آب باریک بالا,218054,6
79017,3669,اصلان شاهی,218055,6
79018,3669,بتکی,218056,6
79019,3669,پشت تنگ فیروزاباد,218057,6
79020,3669,پشت تنگ گل گل,218058,6
79021,3669,پیرمحمدشاه,218059,6
79022,3669,تملیه,218060,6
79023,3669,تیمور سوریپایین,218061,6
79024,3669,تیمورسوری بالا,218062,6
79025,3669,جهان آباد,218063,6
79026,3669,چاله چاله,218064,6
79027,3669,حاتم آباد,218065,6
79028,3669,حسین آبادخیاط,218067,6
79029,3669,غلام آباد خیاط,218069,6
79030,3669,درویش آباد,218070,6
79031,3669,ده اقا,218071,6
79032,3669,رستم آباداب باریک,218072,6
79033,3669,رومشته,218073,6
79034,3669,سراب شیخ عالی,218074,6
79035,3669,سیل هابیل,218075,6
79036,3669,کرکر,218079,6
79037,3669,کهریز,218080,6
79038,3669,محمدآباد,218084,6
79039,3669,رومشته مؤمن آباد,218086,6
79040,3669,هره باغ خیاط,218088,6
79041,3669,بهاراباد,222114,6
79042,3669,ربیع آباد,222147,6
79043,3669,شیخ آباد زنگیوند,222164,6
79044,3669,علم آباد,222174,6
79045,3669,لشگری,222200,6
79046,3669,عزیز آباد,222210,6
79047,3669,ده حسنعلی,450516,6
79048,3669,زیر تنگ خیاط,450528,6
79049,3669,ژیریان,450735,6
79050,3669,سیف آباد,451573,6
79051,3669,اسداباد,451574,6
79052,3669,جعفرآباد,451575,6
79053,3669,امیرآباد,815029,6
79054,3669,کارخانه آسفالت فیروزآباد,815030,6
79055,3669,اسد آباد وسطی,815146,6
79056,3669,اسد آباد بالا,815147,6
79057,3669,گلستان,815158,6
79058,3669,رضا آباد,815256,6
79059,3669,میرزا آباد خیاط,815358,6
79060,3669,مرادآباد,815368,6
79061,3669,امیدآباد رشنو,815380,6
79062,3670,اسحاق آباد,218211,6
79063,3670,تودار,218214,6
79064,3670,چم قبرستان,218215,6
79065,3670,چم گرگعلی,218216,6
79066,3670,چشمه طلا,218217,6
79067,3670,چم شاهی,218218,6
79068,3670,چم شته پایین,218219,6
79069,3670,چوک,218220,6
79070,3670,داردیده بان,218221,6
79071,3670,درشت دار,218222,6
79072,3670,عدل آباد,218223,6
79073,3670,سرناب بهرامی,218225,6
79074,3670,سرنجه قلایی,218226,6
79075,3670,شینه پایین,218227,6
79076,3670,شینه بالا,218228,6
79077,3670,قنبر علی پایین,218230,6
79078,3670,قنبرعلی بالا,218231,6
79079,3670,کلکستان,218232,6
79080,3670,لعل آباد,218233,6
79081,3670,وزم,218234,6
79082,3670,امیراباددرکه,222110,6
79083,3670,تک تکه,222115,6
79084,3670,داربید پایین,222135,6
79085,3670,داربید بالا,222137,6
79086,3670,ورنمه,222220,6
79087,3670,یه رزگی,450470,6
79088,3670,چال سوز,450483,6
79089,3670,شاییله,450493,6
79090,3670,علی آباد میرآخور,451571,6
79091,3670,علی آباد برانازار/کاظم آباد,451572,6
79092,3670,ورناب,451646,6
79093,3670,چم سرخه,451655,6
79094,3670,چم شته بالا,451657,6
79095,3670,داربید وسطی,815031,6
79096,3670,شینه وسطی,815093,6
79097,3670,بردبل,815471,6
79098,3671,ازادخانی,217972,6
79099,3671,اهنگران,217973,6
79100,3671,اهنگری,217974,6
79101,3671,تترآباد,217976,6
79102,3671,چم کاشی,217978,6
79103,3671,چیالکان,217979,6
79104,3671,حسین آباد,217980,6
79105,3671,دارمرو,217981,6
79106,3671,دره باغ پایین,217982,6
79107,3671,دره باغ بالا,217983,6
79108,3671,دواب علیشاهی,217985,6
79109,3671,ده سرخه,217986,6
79110,3671,ده کدخدا,217987,6
79111,3671,ریگ سفید,217988,6
79112,3671,زوراباد,217989,6
79113,3671,زیرطاق دوآب,217990,6
79114,3671,سالیانه,217991,6
79115,3671,سراب سیدعلی,217992,6
79116,3671,سرنجه,217993,6
79117,3671,شیخ آباد,217996,6
79118,3671,عزیزآباد,217997,6
79119,3671,فیض آباد,217999,6
79120,3671,کبودبان,218000,6
79121,3671,محمدتیپ,218001,6
79122,3671,مرشداباد,218002,6
79123,3671,موسی آباد,218003,6
79124,3671,مومن آباد,218005,6
79125,3671,میوله بالا,218006,6
79126,3671,میوله پایین,218007,6
79127,3671,میان ولان پایین,218008,6
79128,3671,نجف قلی,218010,6
79129,3671,نظراباد,218011,6
79130,3671,علم آباد,218076,6
79131,3671,نیازاباد,218087,6
79132,3671,میان‌ولان‌بالا,218162,6
79133,3671,علی آباد پایین,218229,6
79134,3671,احمدآباد,218309,6
79135,3671,چقابل,218317,6
79136,3671,علی آباد,218321,6
79137,3671,دهنو,218328,6
79138,3671,عالم آباد پایین,218335,6
79139,3671,عالم آبادبالا,218336,6
79140,3671,کاظم آباد,218339,6
79141,3671,هندی,218358,6
79142,3671,ده سفیدسالیانه,450673,6
79143,3671,ابراهیم آباد,450674,6
79144,3671,میرزایی اهنگری,450677,6
79145,3671,کرم آباد,450697,6
79146,3671,علیآبادبالا,450717,6
79147,3671,مرکز ترویج و خدمات کشاورزی,450720,6
79148,3671,رضااباد,451584,6
79149,3671,موسی آباد,451588,6
79150,3671,باباخانی,451594,6
79151,3671,میان ولان وسطی,451649,6
79152,3671,رضاابادمیان ولان,451650,6
79153,3671,کرم جان آباد,451653,6
79154,3671,حیدرآباد,451689,6
79155,3671,مرشداباد,451690,6
79156,3671,دوآب دره زغال,815113,6
79157,3671,مزرعه بهارستان,815412,6
79158,3671,مزرعه عیسی آباد,815416,6
79159,3671,مزرعه جوادخانی,815421,6
79160,3672,القاس آباد,218125,6
79161,3672,امام قلی,218126,6
79162,3672,امیرآباد ندر,218127,6
79163,3672,امیر پایین,218128,6
79164,3672,امیر بالا,218129,6
79165,3672,بادام شیرین,218130,6
79166,3672,پیرکه بالا,218134,6
79167,3672,حاجی آباد,218135,6
79168,3672,حسن آباد,218136,6
79169,3672,حیدرابادساکی,218137,6
79170,3672,درویش آباد,218138,6
79171,3672,رضی آباد جوانمرد,218140,6
79172,3672,زیرگرپایین,218141,6
79173,3672,سالاری,218143,6
79174,3672,سراب پاپی,218144,6
79175,3672,سراب سرخه احمداباد,218145,6
79176,3672,سراب سرخه صادق آباد,218146,6
79177,3672,سیاهدول بالا,218148,6
79178,3672,شاه آباد,218149,6
79179,3672,عباس آباد,218151,6
79180,3672,علی آبادجوانمرد,218152,6
79181,3672,علی آبادچشمه برقی,218153,6
79182,3672,فرهاداباد,218154,6
79183,3672,قادراباد,218155,6
79184,3672,قاسم آبادچشمه برقی,218156,6
79185,3672,ملک آباد,218161,6
79186,3672,نقی آبادندر,218164,6
79187,3672,نورابادچشمه برقی,218165,6
79188,3672,نورابادندر,218166,6
79189,3672,ولی آباد,218167,6
79190,3672,حیدرآباد چشمه برقی,218168,6
79191,3672,فتح آباد,451585,6
79192,3672,جمشیدآباد,815033,6
79193,3672,صادق آباد,815034,6
79194,3672,پابرج,815035,6
79195,3672,کرم آباد,815044,6
79196,3672,پیرکه پایین,815064,6
79197,3672,طرهانی پایین,815071,6
79198,3672,مراد آباد چشمه برقی,815137,6
79199,3672,مزرعه نصرآباد,815251,6
79200,3672,دانشگاه پیام نور,815429,6
79201,3673,ایوان در,217882,6
79202,3673,بید قطار پایین,217883,6
79203,3673,بید قطاربالا,217884,6
79204,3673,چشمه بید,217885,6
79205,3673,چشمه سرده پایین,217886,6
79206,3673,چشمه سرده بالا,217887,6
79207,3673,چشمه سرده وسطی,217888,6
79208,3673,چشمه شاه قلی,217889,6
79209,3673,چشمه صالح,217890,6
79210,3673,چم تکله پایین,217891,6
79211,3673,چم تکله بالا,217892,6
79212,3673,حسن آباد,217896,6
79213,3673,حیدرآباد,217897,6
79214,3673,دارماهی,217898,6
79215,3673,دارونه,217899,6
79216,3673,سراب‌چنارپایین,217902,6
79217,3673,سراب چناربالا,217903,6
79218,3673,سراب سقا,217905,6
79219,3673,سراب صندل,217906,6
79220,3673,سول مرجان,217908,6
79221,3673,شترمل‌بالا,217909,6
79222,3673,شترمل پایین,217910,6
79223,3673,کاکارضاامیدعلی,217911,6
79224,3673,کاکارضا پایین,217912,6
79225,3673,کاکارضا بالا,217913,6
79226,3673,کاکارضاوسطی,217914,6
79227,3673,کرمانجوب,217915,6
79228,3673,کشورزه بالا,217918,6
79229,3673,گاپت,217919,6
79230,3673,مراداباد,217920,6
79231,3673,ورنمد,217922,6
79232,3673,هزارمنی,217923,6
79233,3673,هموارکولیوند,217925,6
79234,3673,سراب سیاه پوش,217995,6
79235,3673,عادل آباد,218150,6
79236,3673,کمرسیاه,218159,6
79237,3673,اسپژ,218259,6
79238,3673,بردبل,218260,6
79239,3673,نورالهی,218261,6
79240,3673,پرسک,218262,6
79241,3673,جعفرآباد,218263,6
79242,3673,جهان آباد,218264,6
79243,3673,چهارتخته,218265,6
79244,3673,حاج محمدعلی,218267,6
79245,3673,حسین آباد,218268,6
79246,3673,خسرواباد,218269,6
79247,3673,سراب هنام,218271,6
79248,3673,سیدعالی,218272,6
79249,3673,شیر آباد,218273,6
79250,3673,فرج الهی,218274,6
79251,3673,کرم الهی,218275,6
79252,3673,کلاه هیل,218276,6
79253,3673,کل دولتشاهی,218277,6
79254,3673,لمدر,218278,6
79255,3673,محمدحسنوند,218279,6
79256,3673,مشهدی حسین,218280,6
79257,3673,مشهدی قاسم,218281,6
79258,3673,یاری آباد,218283,6
79259,3673,ازناوله گنجی,280063,6
79260,3673,چولان ابی,280064,6
79261,3673,چولان دیم,280065,6
79262,3673,چهارشاخ,280066,6
79263,3673,سراب شهباز,280067,6
79264,3673,سلاحورزی,280068,6
79265,3673,شبسی (چهاردولان ),450784,6
79266,3673,کشورزه پایین,450801,6
79267,3673,خسرو آباد پرسک,451593,6
79268,3673,پاسگاه راهنمایی و رانندگی,451678,6
79269,3673,اسداباد,451734,6
79270,3673,شاه رضااباد,451735,6
79271,3673,دره جنی,815168,6
79272,3673,مزرعه حاج علی,815245,6
79273,3674,محمدعلی آباد,218085,6
79274,3674,الماس آباد,218311,6
79275,3674,امیرابادحق ندر,218312,6
79276,3674,بساط آباد,218313,6
79277,3674,جواداباد,218314,6
79278,3674,چراغ آبادبالا,218315,6
79279,3674,چراغ آبادپایین,218316,6
79280,3674,چناره پایین,218318,6
79281,3674,چناره بالا,218319,6
79282,3674,حسین آبادامیری,218320,6
79283,3674,حیدرابادچناره,218322,6
79284,3674,در تنگ پایین,218323,6
79285,3674,در تنگ بالا,218324,6
79286,3674,دکاموند پایین,218325,6
79287,3674,دکاموند بالا,218326,6
79288,3674,ده رحیم,218327,6
79289,3674,رحمت آباد,218329,6
79290,3674,رضااباد,218330,6
79291,3674,شاهپوراباد,218331,6
79292,3674,شکراباد,218332,6
79293,3674,صالح آباد,218333,6
79294,3674,صالح آبادامیدعلی,218334,6
79295,3674,عباس آباد,218337,6
79296,3674,عبدل آباد,218338,6
79297,3674,کرم آباد حق ندر,218341,6
79298,3674,کره جان,218342,6
79299,3674,کریم آباد,218343,6
79300,3674,کلاه کج,218344,6
79301,3674,گرکان پایین,218345,6
79302,3674,گرکان بالا,218346,6
79303,3674,گریران پایین,218347,6
79304,3674,گریران بالا,218348,6
79305,3674,گل زرد,218349,6
79306,3674,مصدق آباد,218350,6
79307,3674,مقصوداباد,218351,6
79308,3674,میان خران,218353,6
79309,3674,ناصروند,218355,6
79310,3674,ناصروندرحیمی,218356,6
79311,3674,نامدار,218357,6
79312,3674,جمشیداباد,218359,6
79313,3674,ملک آباد,450578,6
79314,3674,بمارشه,450604,6
79315,3674,کرد آباد پایین,450613,6
79316,3674,کرد آباد بالا,450614,6
79317,3674,اکبر آباد,451580,6
79318,3674,حسین آباد هندی بالا,451586,6
79319,3674,تیمور آباد,451682,6
79320,3674,میرآباد,815184,6
79321,3674,مزرعه حسین آباد گرکان,815483,6
79322,3675,آزادخان,219078,6
79323,3675,بن مزرعه,219086,6
79324,3675,پانسارتشکن,219092,6
79325,3675,سادات تشکن,219098,6
79326,3675,چاه ذوالفقار,219099,6
79327,3675,خیر آباد پایین,219120,6
79328,3675,خیر آباد بالا,219121,6
79329,3675,دره‌زیرگر/ زوران چم,219128,6
79330,3675,سراب‌رفتخان,219136,6
79331,3675,سرانبارکلانتری,219137,6
79332,3675,اسلام آباد,219145,6
79333,3675,پیر شمس الدین,219147,6
79334,3675,تاف تافینه شمس علی,219148,6
79335,3675,کریه یک /خداداد,219150,6
79336,3675,طولابیبرآفتاب,219153,6
79337,3675,کریه دو/ عباس آباد,219154,6
79338,3675,کریه سه /عبداله شیراوند,219157,6
79339,3675,قاسمعلی برافتاب,219163,6
79340,3675,قلعه بهادر,219164,6
79341,3675,امیر آباد,219167,6
79342,3675,کی برافتاب,219171,6
79343,3675,مراداباد,219177,6
79344,3675,سرانبار سادات و نصرتی,219186,6
79345,3675,نورمحمدخان,219187,6
79346,3675,هزارمنی,219192,6
79347,3675,پاپل کشکان,219196,6
79348,3675,مزرعه پاپی آباد,815084,6
79349,3675,یارآباد,815466,6
79350,3676,چم چره یک,219105,6
79351,3676,زرین چغا,219134,6
79352,3676,محمدنظری,219176,6
79353,3676,بداق,219316,6
79354,3676,برکه,219317,6
79355,3676,بزاب,219318,6
79356,3676,چاه چراغ,219323,6
79357,3676,چنارمیشاخور,219324,6
79358,3676,چهارمله گل سرخه,219325,6
79359,3676,حسیوند,219326,6
79360,3676,درب‌چاه,219327,6
79361,3676,دره بادام,219328,6
79362,3676,ریخان,219330,6
79363,3676,سراب چگه,219333,6
79364,3676,سفیداب,219335,6
79365,3676,سه کره,219336,6
79366,3676,سه کره بالا,219337,6
79367,3676,پاکدشت,219342,6
79368,3676,کله نی,219343,6
79369,3676,گل زار,219344,6
79370,3676,گندابه,219345,6
79371,3676,لره سبزی,219346,6
79372,3676,مله امیری,219349,6
79373,3676,مله بلوط,219350,6
79374,3676,میشکر,219351,6
79375,3676,نرگسه,219352,6
79376,3676,هرفته,219353,6
79377,3676,چاه موری,219400,6
79378,3676,رحیم آباددو,219409,6
79379,3676,رحیم آبادسه,219410,6
79380,3676,سراب کی گر شیخان دو,219412,6
79381,3676,سراب کی گر شیخان یک,219414,6
79382,3676,رحیم‌آباد یک/ چنارخسرو,219415,6
79383,3676,سراب کی میرزاوند یک,219418,6
79384,3676,سراب کی میرزاوند دو,219420,6
79385,3676,سراب ناوه کش,219421,6
79386,3676,شورآباد,219424,6
79387,3676,مله شبانان,219437,6
79388,3676,مله شبانان یک,219439,6
79389,3676,سراب کی حاتم,280059,6
79390,3676,دره ساکی,451196,6
79391,3676,بن زوره,451205,6
79392,3676,چم چره دو,451208,6
79393,3676,چم چره سه,451209,6
79394,3676,شهرک دامپروری,815024,6
79395,3676,پادگان شهید رستمی,815194,6
79396,3676,تاسیسات و پمپ بنزین,815241,6
79397,3676,سراب کی میرزاوند3,815433,6
79398,3676,مزرعه حسن آباد,815482,6
79399,3677,ژریژبان,219076,6
79400,3677,انارستان,219081,6
79401,3677,هودر بساط علی,219084,6
79402,3677,چشمه کوره / بهرام,219090,6
79403,3677,بیگ میرزا شاهی وند,219091,6
79404,3677,پیر صمدین / پیر سید احمد,219093,6
79405,3677,ریخته کوه ورپل,219094,6
79406,3677,چناران / حسین خان,219095,6
79407,3677,پیری رضا / پیری سوخته زار,219096,6
79408,3677,چم خوشه شیر کش,219103,6
79409,3677,چهاراب,219113,6
79410,3677,خانه سرخ,219118,6
79411,3677,درمره,219122,6
79412,3677,طالقان2,219124,6
79413,3677,زنگی بان/شترمل,219135,6
79414,3677,کرگز,219142,6
79415,3677,گردکانه / شاه کرم,219146,6
79416,3677,شیخ گل,219151,6
79417,3677,عباس خان / مله گاو,219155,6
79418,3677,طالقان یک,219161,6
79419,3677,گاوگیرچمدانه,219172,6
79420,3677,گرمورت میرزاخانی,219173,6
79421,3677,گرمورت نصرتی,219174,6
79422,3677,گوران چم شاهیوند,219175,6
79423,3677,بلوط بان / مراد علی,219178,6
79424,3677,سیاه چم,219182,6
79425,3677,ورپل,219189,6
79426,3677,کرم / میان کنان,219191,6
79427,3677,هفت‌چشمه,219193,6
79428,3677,ملک میرزاچم دشتی,451215,6
79429,3677,کرم آباد,815040,6
79430,3677,گلم کبود,815043,6
79431,3677,ولدکش,815088,6
79432,3677,کتل,815089,6
79433,3677,تازه آباد,815090,6
79434,3677,چرغ آباد,815266,6
79435,3677,زوران چم بالا,815423,6
79436,3677,گاو شمار,815465,6
79437,3678,بنارکبوددو,219087,6
79438,3678,بنارکبودسه,219088,6
79439,3678,بنارکبودیک,219089,6
79440,3678,چم پونه,219101,6
79441,3678,چم خوشه صفرعلی,219102,6
79442,3678,چمداود,219106,6
79443,3678,چنار بالا/چنار کالیاب,219110,6
79444,3678,خاطره,219117,6
79445,3678,کرم بگ,219126,6
79446,3678,دره رحمانه,219127,6
79447,3678,چشمه سرده/ دره نورمراد,219131,6
79448,3678,سرزمان,219138,6
79449,3678,سیاه دره 1 فرهادی,219139,6
79450,3678,سیاه دره 2,219140,6
79451,3678,سیاه دره 3 کوسه,219141,6
79452,3678,شهبازبک,219149,6
79453,3678,صیدحسن کلاه فتحعلی,219152,6
79454,3678,چرخستانه,219158,6
79455,3678,چشمه زمزم,219165,6
79456,3678,کچکان,219166,6
79457,3678,کله هو,219169,6
79458,3678,کله بان / کله بان 2,219170,6
79459,3678,ملک آباد سماق,219180,6
79460,3678,ولی آباد شیری,219190,6
79461,3678,یارحسین,219195,6
79462,3678,چشمه جومیله,451211,6
79463,3678,چنار پایین باباخانی,451592,6
79464,3678,حسین آباد شاهیوند / میرحسین,815087,6
79465,3678,دول گاو میشان,815369,6
79466,3678,چم عزیز,815489,6
79467,3679,بستان رود شرف,219394,6
79468,3679,تایاب,219395,6
79469,3679,جعفرآباد,219397,6
79470,3679,پل شورآ ب پایین,219399,6
79471,3679,چم‌وزیر,219404,6
79472,3679,دره محمدقلی,219408,6
79473,3679,زیرچشمه,219417,6
79474,3679,شیران بیشه,219427,6
79475,3679,قلعه ناوه کش,219429,6
79476,3679,کرفله,219430,6
79477,3679,کرفله ایمان آباد,219431,6
79478,3679,لجام‌گیر,219435,6
79479,3679,نقاره,219440,6
79480,3679,غلامان‌پایین,222526,6
79481,3679,غلامان‌بالا,222527,6
79482,3679,سفیددشت,222559,6
79483,3679,بن روتله,222656,6
79484,3679,پشت‌تنگ‌چنار,222657,6
79485,3679,پل شوراب بالا,222659,6
79486,3679,تل امان اله,222660,6
79487,3679,تل محمدمیرزا,222661,6
79488,3679,تل مراد خانی,222662,6
79489,3679,تل رفیع,222663,6
79490,3679,تل سالار,222664,6
79491,3679,تل عجم,222665,6
79492,3679,تل محمد یوسف,222666,6
79493,3679,تل نعمت,222667,6
79494,3679,چهارگوش,222674,6
79495,3679,زهراکارنساردله,222680,6
79496,3679,سرکانه,222682,6
79497,3679,شوراب نجم سهیلی,222685,6
79498,3679,شوراب معدن گچ,222686,6
79499,3679,شوراب محمودوند,222687,6
79500,3679,قلعه نشین شاهی,222690,6
79501,3679,کوماس,222692,6
79502,3679,مینه,222697,6
79503,3679,چم کبود,451170,6
79504,3679,راهدارخانه شوراب,451173,6
79505,3679,کرفله لاون,451180,6
79506,3679,شرکت نفت چنار,451581,6
79507,3679,مجتمع کشت وصنعت ودامپروری,451629,6
79508,3679,شرف احمدآباد,815196,6
79509,3679,نیروگاه برق 400 ولت,815402,6
79510,3679,مزرعه جودول دول,815434,6
79511,3680,چنار گل آبان دو,219111,6
79512,3680,حیات الغیب,219115,6
79513,3680,گلزار,219116,6
79514,3680,رستم خان جودکی,219133,6
79515,3680,چنار گل آبان سه,219156,6
79516,3680,علی حسین,219162,6
79517,3680,موله,219183,6
79518,3680,پاهلت,219320,6
79519,3680,تنگ موسی,219321,6
79520,3680,جوان آباد,219322,6
79521,3680,دلبر رکرک,219329,6
79522,3680,دواب,219331,6
79523,3680,سبزوار,219332,6
79524,3680,فرضالی,219338,6
79525,3680,دلبر سادات پایین,219339,6
79526,3680,دلبرسادات بالا,219340,6
79527,3680,دلبر سادات وسطی,219341,6
79528,3680,توه چاه فلاوند,222668,6
79529,3680,چم‌باغ‌بالا,222669,6
79530,3680,چم دیوان,222670,6
79531,3680,چشمه‌برجعلی,222671,6
79532,3680,تنگ دوگر,222676,6
79533,3680,زوراندول,222678,6
79534,3680,زهراکار,222679,6
79535,3680,عباس آباد,222689,6
79536,3680,کوشکی,222691,6
79537,3680,قالبیپایین,222761,6
79538,3680,قالبی بالا,222762,6
79539,3680,چم‌باغ‌پایین,451187,6
79540,3680,اثرزمین کالیاب,451193,6
79541,3680,باریکه,451194,6
79542,3680,چنار گل آبان یک,451639,6
79543,3680,چم حسین,815094,6
79544,3680,ابوذر,815359,6
79545,3681,اسداباد,219913,6
79546,3681,چم کبودسوخته صیدمحمد,219932,6
79547,3681,مراد آباد,219933,6
79548,3681,رماوندی پایین,219954,6
79549,3681,سفیدخانی جدید,219962,6
79550,3681,شیراوند,219969,6
79551,3681,عزیزآباد,219980,6
79552,3681,مهکی ملکشاهی,220008,6
79553,3681,نسارخاصی آباد,220012,6
79554,3681,توحیدسوری,451544,6
79555,3681,پولادکش,451545,6
79556,3681,مزرعه محمد,451605,6
79557,3681,چغاسبزخدانظر,451671,6
79558,3681,مزرعه بن هر,451731,6
79559,3681,دولتی شمالی,815186,6
79560,3681,چالگه شمالی,815188,6
79561,3681,چالگه جنوبی,815190,6
79562,3681,تاسیسات سد سیمره,815254,6
79563,3681,شیخه آباد,815377,6
79564,3682,پاپی آبادکلیوند,219919,6
79565,3682,پادروندپایین,219920,6
79566,3682,پادروندوسطی,219921,6
79567,3682,پادروندبالا,219922,6
79568,3682,حسین آباد,219943,6
79569,3682,رومیانی,219958,6
79570,3682,صیدنظراباد,219971,6
79571,3682,نظرعلیوند,219975,6
79572,3682,مراداباد,220001,6
79573,3682,موسیآبادپایین,220005,6
79574,3682,موسیآبادبالا,220006,6
79575,3682,چم امیر,815199,6
79576,3683,اقاجان,219914,6
79577,3683,چغاپور,219942,6
79578,3683,رشنوده,219952,6
79579,3683,لالوند,219998,6
79580,3683,مهکی,220007,6
79581,3683,محمدابادگراوند,451542,6
79582,3683,رحمن آباد زاغه لالوند,451543,6
79583,3683,کرم ره,815159,6
79584,3684,بازوندی,219915,6
79585,3684,خیردرار,219946,6
79586,3684,رنگین بان,219955,6
79587,3684,کهریز,219993,6
79588,3684,گلستانه,219997,6
79589,3684,عبدل بیگی محمدی,451591,6
79590,3685,هیگه باغ پیروز,219079,6
79591,3685,اقامحمد,219080,6
79592,3685,برفی,219083,6
79593,3685,بن تومان یک,219085,6
79594,3685,ماهیلان,219104,6
79595,3685,چم‌قلندر,219107,6
79596,3685,بن تومان دو/ چم قهرمان,219108,6
79597,3685,چنارپایین,219109,6
79598,3685,دروزنو,219123,6
79599,3685,دوست‌محمد,219132,6
79600,3685,مشهدی براگجر,219179,6
79601,3685,چال اب نادعلی,219185,6
79602,3685,کورشوراب علیشاه,219194,6
79603,3685,امیران کوشکی,220256,6
79604,3685,بن پهنه,220266,6
79605,3685,چم شهران,220282,6
79606,3685,زرین بن,220326,6
79607,3685,سیاه منصور,220327,6
79608,3685,طیارامیران,220352,6
79609,3685,گاوزرده دول,220390,6
79610,3685,هپلانه,220410,6
79611,3685,بن عباس لطیف,221104,6
79612,3685,چم کبود,221117,6
79613,3685,صحرایی,221133,6
79614,3685,بن کشکه,222740,6
79615,3685,تخت بان,222741,6
79616,3685,تودارشاه کرمی,222742,6
79617,3685,چغاسلیمان,222743,6
79618,3685,چم مورت,222744,6
79619,3685,چشمه‌کبودپایین,222745,6
79620,3685,چک سبز علی,222747,6
79621,3685,چم حیدر,222748,6
79622,3685,چوب‌بر,222749,6
79623,3685,دم‌رودپایین,222750,6
79624,3685,دم‌رودبالا,222751,6
79625,3685,دول گپ,222754,6
79626,3685,سر فراش‌پایین,222755,6
79627,3685,شنگه دول,222757,6
79628,3685,طاق پل,222758,6
79629,3685,برافتاب علی حیدر,222759,6
79630,3685,علی مهدی,222760,6
79631,3685,گلدره,222763,6
79632,3685,بن‌تومان سه,451165,6
79633,3685,هیگه کالیاب,451166,6
79634,3685,مورت مومن,815253,6
79635,3685,علیزاده,815264,6
79636,3685,مله کبود,815267,6
79637,3685,مزرعه بن عباس سپندیانی,815413,6
79638,3686,باغله اقارضا,220259,6
79639,3686,برافتاب,220260,6
79640,3686,برگلان سوخته,220262,6
79641,3686,بن لار,220267,6
79642,3686,تروه مرتضی,220272,6
79643,3686,دم رودامیروسطی,220313,6
79644,3686,درمرصیدمهدی,220315,6
79645,3686,دمرود امیر پایین,220316,6
79646,3686,دمرود امیر بالا,220317,6
79647,3686,زوران تل,220328,6
79648,3686,زیرانبارزیودار,220329,6
79649,3686,سرمر,220335,6
79650,3686,سرنجه زیودار,220336,6
79651,3686,طاق عباسعلی,220351,6
79652,3686,کلک زورانتل,220377,6
79653,3686,کلات,220378,6
79654,3686,گرگوری,220397,6
79655,3686,چم حیدر,451150,6
79656,3686,لوار,451157,6
79657,3686,کلک رحمه,451158,6
79658,3686,سنگ سفیدعبدالحسین,451159,6
79659,3686,زورانتل زیودار,451582,6
79660,3686,تلمبه خانه افرینه,451583,6
79661,3686,لیت برزیودار,451722,6
79662,3686,دواب زیودار,451723,6
79663,3687,اسمان دول,221098,6
79664,3687,افرینه,221099,6
79665,3687,بن عباس صیدرضا,221102,6
79666,3687,بن عباس مهدی,221105,6
79667,3687,بردمیل,221108,6
79668,3687,چغادرمیان اله رحم,221114,6
79669,3687,چم قبرستان,221115,6
79670,3687,چم قمر,221116,6
79671,3687,چم مورت,221118,6
79672,3687,چشمه سرخه محمدی,221119,6
79673,3687,چم بره,221120,6
79674,3687,داردمل حسینعلی,221123,6
79675,3687,دارگل خیرعلی,221124,6
79676,3687,دراغل بگیرلطیف,221125,6
79677,3687,دره باغ محمدحسین,221127,6
79678,3687,دولگزرجبعلی,221128,6
79679,3687,اسد کشته,221129,6
79680,3687,سرتخت قدم خیر,221131,6
79681,3687,طاق رزاله محمداقا,221134,6
79682,3687,کپرگه اقاحسین,221136,6
79683,3687,کپرگه علیرضا,221137,6
79684,3687,مله پشت سرتخت,221140,6
79685,3687,نوزی شهسواروند,221141,6
79686,3687,وره زردی,221143,6
79687,3687,باغ پیشی/ باغ بیشه,221193,6
79688,3687,پشت تنگ کردعلی,221201,6
79689,3687,پل اشکنه,221205,6
79690,3687,پنبه کار,221206,6
79691,3687,خلیل اکبر/ خلیل آباد,221222,6
79692,3687,داداگلاب,221223,6
79693,3687,دارصافه,221225,6
79694,3687,دهلیچ,221233,6
79695,3687,رحمت آباد,221234,6
79696,3687,سراب عبدالعلی,221242,6
79697,3687,قلعه نصیر,221255,6
79698,3687,کهزادوند,221266,6
79699,3687,گچ کیخواه,221269,6
79700,3687,لتوندبرافتاب,221273,6
79701,3687,مهدی خان,221279,6
79702,3687,میرزاجان,221282,6
79703,3687,برافتاب غزال,451067,6
79704,3687,احمدآباد,451070,6
79705,3687,میران مرد,451072,6
79706,3687,اناررودبزرگ,451073,6
79707,3687,چشمه سرخه صیدرضا,451127,6
79708,3687,کلک درمیان علی اقانظری,451131,6
79709,3687,چم باریکه,451135,6
79710,3687,کیوارکوه,451142,6
79711,3687,بیشه زرده,451143,6
79712,3687,نظر آباد,815016,6
79713,3687,نورعلی ونکار,815106,6
79714,3687,پاپی احمد,815107,6
79715,3687,بن عباس گل بگ میر / گل بگ میر,815108,6
79716,3687,علیشاه,815110,6
79717,3687,بخشیوند,815148,6
79718,3687,چاه علی رضا,815427,6
79719,3687,چناره یک,815439,6
79720,3688,بلوان,221195,6
79721,3688,بن‌جو,221197,6
79722,3688,پاچک,221199,6
79723,3688,پشت جو,221203,6
79724,3688,جادواب,221211,6
79725,3688,پشت تنگ چمشک,221216,6
79726,3688,زیرتنگ چمشک,221217,6
79727,3688,خرگلو,221221,6
79728,3688,دارباغه,221224,6
79729,3688,دهگاه دره سید,221229,6
79730,3688,دره‌گیره,221230,6
79731,3688,ده بزرگ,221232,6
79732,3688,ریخان دو,221236,6
79733,3688,ریخان سه,221237,6
79734,3688,ریخان یک,221238,6
79735,3688,کوگان برافتاب,221265,6
79736,3688,مرغ محسن طایی,221276,6
79737,3688,میان‌تاکان,221280,6
79738,3688,کوگان نسار,451064,6
79739,3688,دره سید,451066,6
79740,3688,گچی,815152,6
79741,3688,میر,815248,6
79742,3688,سرسنگ مروه,815510,6
79743,3689,بوالحسن,223588,6
79744,3689,چمسارد,223605,6
79745,3689,متلوان,223634,6
79746,3689,پاسگاه نی خضر,223640,6
79747,3689,ایستگاه مخابراتی مانشت,223715,6
79748,3689,بانقلان,223716,6
79749,3689,مرکز آموزشی شهیدفرجیانزاده,223719,6
79750,3689,چال سرا,223728,6
79751,3689,شهرک قدس,223734,6
79752,3689,فاطمیه,223735,6
79753,3689,هفت چشمه,223743,6
79754,3689,پادگان امام خمینی /تیپ امیرالمومنین (ع),223745,6
79755,3689,بیمارستان شهیدسلیمی,460034,6
79756,3689,پاسگاه مرزی میمک,460375,6
79757,3689,سرپرستی منطقه حفاظت شده مانشت وقلارنگ,816052,6
79758,3689,سنگ شکن میمک,816077,6
79759,3689,ر اهدارخانه تونل آزادی,816181,6
79760,3690,شهیدکشوری,223714,6
79761,3690,بلیین,223717,6
79762,3690,جوزانوند,223727,6
79763,3690,چشمه بید,223730,6
79764,3690,چشمه کبود,223731,6
79765,3690,کیلس,223737,6
79766,3690,مهدی آباد,223740,6
79767,3690,وریز,223741,6
79768,3690,کمالوند,816157,6
79769,3690,محل دفن زباله شهر ایلام,816182,6
79770,3691,حسین آباد,223780,6
79771,3691,حیدرآباد,223781,6
79772,3691,داروند,223782,6
79773,3691,زردآلوآباد,223783,6
79774,3691,میدان,223791,6
79775,3691,خرگ آب,224080,6
79776,3692,چاویز,223729,6
79777,3692,تانیشه,223774,6
79778,3692,چپه سورگه,223776,6
79779,3692,چشمه داوی,223777,6
79780,3692,چنگینه قجر,223778,6
79781,3692,چهارراه,223779,6
79782,3692,سربیشه,223784,6
79783,3692,شان کبود,223785,6
79784,3692,طولاب,223786,6
79785,3692,کله کبود,223787,6
79786,3692,محمودآباد,223788,6
79787,3692,گاوز,223789,6
79788,3692,مله گل زرد,223790,6
79789,3692,سایت مخابراتی گچان,816184,6
79790,3693,اسدآبادسفلی,224197,6
79791,3693,اسدآبادوسطی,224198,6
79792,3693,جهادآباد,224202,6
79793,3693,چم ژاب,224204,6
79794,3693,دارکنار,224206,6
79795,3693,شیخ مکان,224209,6
79796,3693,کله جوب علیا,224212,6
79797,3693,گربیداب شور,224213,6
79798,3693,زندان دره شهر,224214,6
79799,3693,مزرعه ورزد,224216,6
79800,3693,ارمو,224275,6
79801,3693,بن باباجان,224280,6
79802,3693,کل سفید,224297,6
79803,3693,مرادآباد,224306,6
79804,3693,مزرعه بزاب,224307,6
79805,3693,مهتابی,224309,6
79806,3693,ماربره,460284,6
79807,3693,شرکت انبار نفت استان ایلام,816034,6
79808,3693,شهرک صنعتی,816035,6
79809,3693,پاسگاه انتظامی پل گاومیشان,816036,6
79810,3693,تنگه بهرام چوبین,816061,6
79811,3693,کارخانه آسفالت شهرداری دره شهر,816062,6
79812,3693,کارگاه تونل کبیر کوه,816124,6
79813,3693,پل تاریخی گاومیشان,816150,6
79814,3693,بیسکویت سازی زینی وند,816244,6
79815,3693,سایت زباله دره شهر,816295,6
79816,3693,اداره هواشناسی سینوپتیک دره شهر,816315,6
79817,3694,اسلام آبادسفلی,224166,6
79818,3694,اسلام آبادعلیا,224167,6
79819,3694,پلنگ آباد,224168,6
79820,3694,وحدت آباد,224169,6
79821,3694,فاضل آباد,224171,6
79822,3694,قلعه تسمه,224172,6
79823,3694,کله شیره,224173,6
79824,3694,مزرعه چم سبزعلی,224174,6
79825,3694,یارآبادسفلی,224175,6
79826,3694,یارآبادعلیا,224176,6
79827,3694,بهمن آباد علیا(رشنو آباد),224200,6
79828,3694,جهانگیرآباد,224203,6
79829,3694,چم نمشت,224205,6
79830,3694,دستگردسفلی,224207,6
79831,3694,دستگردعلیا,224208,6
79832,3694,عباس آباد,224210,6
79833,3694,چقا پوکه,224237,6
79834,3694,الیاس آباد,224238,6
79835,3694,لاله زار (غارت مالگه ),224240,6
79836,3694,غلام آباد,224241,6
79837,3694,جعفرآباد,224242,6
79838,3694,چاله سیاه,224243,6
79839,3694,دشت آبادسفلی,224244,6
79840,3694,دشت آبادعلیا,224245,6
79841,3694,دلفان آباد,224246,6
79842,3694,سرورآباد,224247,6
79843,3694,فرهادآباد,224248,6
79844,3694,کش پلان,224249,6
79845,3694,مزرعه غلامحسینی,224250,6
79846,3694,وزیرآباد,224251,6
79847,3694,هاشم آباد,224252,6
79848,3694,پادگان اموزشی قدس,460198,6
79849,3694,فرودگاه دره شهر,816037,6
79850,3694,شرکت آرد دره شهر,816063,6
79851,3694,عباسی آباد اصل مرز,816098,6
79852,3694,پارک تفریحی سراب دره شهر,816179,6
79853,3695,آبکره,224273,6
79854,3695,بان زرکه,224278,6
79855,3695,دره دول,224288,6
79856,3695,شهیدباهنر,224292,6
79857,3695,کولکنی,224298,6
79858,3695,گدارنمک,224301,6
79859,3695,گرزلنگر,224303,6
79860,3695,نصراله آباد شهیدبهشتی,224312,6
79861,3696,احمدآباد,224274,6
79862,3696,باقرآباد,224277,6
79863,3696,پشته ماژین,224281,6
79864,3696,تخت نرم,224282,6
79865,3696,غلام آباد,224283,6
79866,3696,جان میرزا,224284,6
79867,3696,جوادآباد,224285,6
79868,3696,چناره,224286,6
79869,3696,دمرود,224289,6
79870,3696,دواب,224290,6
79871,3696,شوره,224291,6
79872,3696,شهیدرجایی,224293,6
79873,3696,علی آباد,224294,6
79874,3696,کولکی,224299,6
79875,3696,کوه نشین,224300,6
79876,3696,گرم آباد,224302,6
79877,3696,گرمیشان,224304,6
79878,3696,لودر,224305,6
79879,3696,مه واز,224308,6
79880,3696,میدان خلف,224310,6
79881,3696,ورکمره,224313,6
79882,3696,هوادول,224315,6
79883,3696,کله باد,816053,6
79884,3697,چمسرخ,224004,6
79885,3697,بانه موله,224392,6
79886,3697,بردی,224393,6
79887,3697,بوستانه,224394,6
79888,3697,بهار آب,224395,6
79889,3697,چماچم,224399,6
79890,3697,خربزان بالا,224402,6
79891,3697,خربزان پایین,224403,6
79892,3697,سرکمر,224404,6
79893,3697,قولک,224405,6
79894,3697,پاگه,224456,6
79895,3697,سربیشه,224527,6
79896,3697,قلعه تاریخی شیاخ,816170,6
79897,3698,پشت اسیاب,224426,6
79898,3698,زرآب,224427,6
79899,3698,هفتکده,224431,6
79900,3698,احمدآباد,224452,6
79901,3698,اهنگران,224453,6
79902,3698,برزه,224454,6
79903,3698,بهرام آباد,224455,6
79904,3698,دنه,224458,6
79905,3698,زار,224459,6
79906,3698,زالو آب,224460,6
79907,3698,فاریاب بالا,224461,6
79908,3698,کله کله,224463,6
79909,3698,گلوزه مشهد,224464,6
79910,3698,مزیه,224465,6
79911,3698,ورمیل,224466,6
79912,3698,چم لوان,224487,6
79913,3698,حیله,224488,6
79914,3698,زعفرانی,224489,6
79915,3698,زیتون تیمه,224490,6
79916,3698,علی آبادبزرگ,224491,6
79917,3698,علی آبادکوچک,224492,6
79918,3698,یزدغار,224493,6
79919,3698,امامزاده سید ناصرالدین,816169,6
79920,3699,اشکم گاو,224518,6
79921,3699,امامزاده اکبر,224519,6
79922,3699,مقر ارتش,224520,6
79923,3699,تم تم آب,224522,6
79924,3699,حاضر میل,224523,6
79925,3699,دول منیری,224525,6
79926,3699,سنگرنادر,224528,6
79927,3699,گلسیری,224532,6
79928,3699,مزرعه طه,224534,6
79929,3699,شهرک هجرت,224537,6
79930,3699,فرخ آباد,224539,6
79931,3699,آب مکان,224556,6
79932,3699,بیشه دراز,224557,6
79933,3699,پاسگاه چلات,224558,6
79934,3699,امامزاده ابراهیم قتال,224564,6
79935,3699,کاوروتوه طاق,224566,6
79936,3699,میوشان,224568,6
79937,3699,نصریان,224569,6
79938,3699,ویله,224570,6
79939,3699,هاویان,224571,6
79940,3699,هور,224572,6
79941,3699,شهرک وحدت,460074,6
79942,3699,مزرعه صادق کاوری زاده,460189,6
79943,3699,مرغداری دهلران,460190,6
79944,3699,مازعبدعلی پایین,460191,6
79945,3699,شهرک قیراب,460192,6
79946,3699,مازعبدلی بالا,460210,6
79947,3699,فرودگاه موقت,460211,6
79948,3699,پاسگاه نصریان,460240,6
79949,3699,چاه شماره 10 شاه محمدی,460334,6
79950,3699,چاه شماره 6,460335,6
79951,3699,طرح زراعت سنبل,460338,6
79952,3699,چاه اسداله محمدی شماره 9,460341,6
79953,3699,مزرعه تنگه زعفرانی,460363,6
79954,3699,شهرک کاورتوه طاق,460364,6
79955,3699,شهرک صنعتی دهلران,460365,6
79956,3699,پاسگاه ابوفلو,460390,6
79957,3699,پاسگاه زعفرانیه,460393,6
79958,3699,پاسگاه قافله جا,460394,6
79959,3699,کارخانه گچ جواهر جنوب,460409,6
79960,3699,مجتمع آبگرم دهلران,460410,6
79961,3699,دره گچ,460445,6
79962,3699,شور ماهی,816048,6
79963,3699,بند انحرافی انتقال آب میمه,816049,6
79964,3699,فرخ آباد (جدید),816119,6
79965,3699,کارگاه سد میمه,816121,6
79966,3699,پاسگاه عین منصور,816152,6
79967,3699,پاسگاه سه گلال,816153,6
79968,3699,پاسگاه قره تپه,816154,6
79969,3699,بازارچه مرزی چیلات دهلران,816165,6
79970,3699,کارخانه سیمان دهلران,816171,6
79971,3699,پمپ بنزین,816172,6
79972,3699,پاسگاه مرزی نصریان,816307,6
79973,3700,بره بیجه,224818,6
79974,3700,بیات غران,224819,6
79975,3700,پتک دیناروند,224820,6
79976,3700,مرزآباد,224822,6
79977,3700,نهرعنبر,224855,6
79978,3700,پتک اعراب,224856,6
79979,3700,سددویرج,460111,6
79980,3700,پاسگاه دوبرج,460112,6
79981,3700,سیدحبیب نجات,460121,6
79982,3700,سیدیوسف,460122,6
79983,3700,پاسگاه بیات 1,460218,6
79984,3700,مرکزبی سیم شرکت نفت,460219,6
79985,3700,پردیسان دوویرج,460221,6
79986,3700,پاسگاه نهرعنبر1,460223,6
79987,3700,سدانحرافی نهرعنبر/دویریج /3,460224,6
79988,3700,پاسگاه بیات 2,460229,6
79989,3700,واوی,460257,6
79990,3700,شهرک دشت اکبر,460408,6
79991,3700,پلیس راه دهلران - اندیمشک,816047,6
79992,3700,نهر عنبر (جدید),816096,6
79993,3700,مرزداران,816099,6
79994,3700,تپه علی کش,816161,6
79995,3700,یادمان شهدای شرهانی,816163,6
79996,3700,تاسیسات نفت پایدار,816308,6
79997,3700,پتروشیمی دهلران,816311,6
79998,3701,پاسگاه ربوط,224781,6
79999,3701,دال پری,224821,6
80000,3701,غور,224843,6
80001,3701,چم فاضل,224846,6
80002,3701,چشمه شیرین,224848,6
80003,3701,جلیزی بالا,224850,6
80004,3701,جلیزی پایین,224851,6
80005,3701,سادات دالپری,460228,6
80006,3701,پاسگاه نهرعنبر2,460254,6
80007,3701,پاسگاه چم صریم,460255,6
80008,3701,چم صریم,816054,6
80009,3701,علی نعیر,816085,6
80010,3702,اگره بید,224390,6
80011,3702,تختان,224396,6
80012,3703,گوراب علیا/بالا/,224429,6
80013,3703,گوراب سفلی /پایین /,224430,6
80014,3703,فرخ آباد,460411,6
80015,3703,مجتمع پرورش ماهی سراب مورت میمه,816112,6
80016,3703,گلخانه منصوری,816113,6
80017,3703,مرغداری حسن بیگی,816114,6
80018,3703,بهرام آباد,816174,6
80019,3703,کشتارگاه,816267,6
80020,3704,برم پایین,224603,6
80021,3704,بلتا,224605,6
80022,3704,خیبر شهرک خیبر,224606,6
80023,3704,چاه 52سیدزایرارج,224610,6
80024,3704,چاه 66غلامرضاخاکرنگ,224612,6
80025,3704,شهرک فجر,224613,6
80026,3704,شهرک حمزه,224615,6
80027,3704,شهرک ذوالفقاری,224619,6
80028,3704,فتح,224621,6
80029,3704,عین خوش,224622,6
80030,3704,عین صوله,224623,6
80031,3704,ثاراله,224626,6
80032,3704,شهرک نصر 1,224630,6
80033,3704,چاه 61مهدی جلیلیان جمشیدی نژاد,224635,6
80034,3704,چاه چنگیزرستمی 2,224637,6
80035,3704,مزرعه حاج رضاپرتوی چاه 62,224640,6
80036,3704,چاه 11مزرعه حاجی حسنوند,224641,6
80037,3704,چاه 39مزرعه حسین خان رحیم خانی,224643,6
80038,3704,حیدر چگنی,224648,6
80039,3704,چاه 40خسروشرفیان,224649,6
80040,3704,چاه 41خطیب درتاج,224650,6
80041,3704,چاه 50خطیب درتاج بالا,224651,6
80042,3704,چاه 68سعیدرحیم خانی شماره2,224652,6
80043,3704,مزرعه شکراله حاجی زاده,224654,6
80044,3704,ذهیب سرنامه چاه 17,224655,6
80045,3704,صالح سرخه چاه 18,224656,6
80046,3704,صاحب فیله 1چاه 16,224659,6
80047,3704,صاحب فیله 2چاه 15,224660,6
80048,3704,چاه 20 عبدالحسین یسانی,224661,6
80049,3704,چاه 65عبدالرضاحیدری,224662,6
80050,3704,چاه 59علیرضاخاکرنگ,224663,6
80051,3704,چاه 67کریم داود,224664,6
80052,3704,چاه 28کریم جمشیدی,224665,6
80053,3704,چاه 33کسعلی حسین پور,224666,6
80054,3704,چاه 30لهراسبی 1,224667,6
80055,3704,چاه سپاه پاسداران شماره 27,224669,6
80056,3704,چاه 60محمدخان حیدری,224670,6
80057,3704,محمدخان حیدری نیا,224671,6
80058,3704,محمدخان حیدری نیا,224672,6
80059,3704,شهرک استقلال,224673,6
80060,3704,چاه مزرعه مفتن رخشماه,224675,6
80061,3704,چاه 64کریم رحیم خانی,224680,6
80062,3704,چاه 63نظرعلی رحیم خانی,224681,6
80063,3704,چاه 32لطفعلی رحیم خانی,224682,6
80064,3704,مملح رویشله,224685,6
80065,3704,نوروزچنانه چاه14,280353,6
80066,3704,شهرک سپتون,460082,6
80067,3704,شهرک بدر,460083,6
80068,3704,شهرک ولی عصر,460084,6
80069,3704,چاه 12 حسن دچی,460090,6
80070,3704,چاه 13کاظم رویین,460091,6
